episode,reward,loss,steps,success
1,-15,0.0,6,0
2,3,0.0,8,1
3,-7,1.3063380718231201,18,1
4,-22,1.0635482302078834,13,0
5,-32,0.7956695090169492,23,0
6,-32,0.49876812068016635,23,0
7,-22,0.5335600421978877,13,0
8,-32,0.45072305180825467,43,1
9,7,0.40481573017314076,4,1
10,4,0.6003673821687698,7,1
11,-4,0.7735794804990291,15,1
12,-22,0.5768837751104281,13,0
13,-22,0.4807073571361028,13,0
14,-8,0.46333451892592403,19,1
15,-17,0.6577734984457493,8,0
16,-41,0.5023406075197272,32,0
17,4,0.705961494573525,7,1
18,-11,0.830314964056015,2,0
19,8,0.6079356670379639,3,1
20,0,0.550969183106314,11,1
21,10,0.32139796018600464,1,1
22,-24,0.7701056282967329,15,0
23,-52,0.58728890658118,43,0
24,-27,0.4870732244518068,18,0
25,3,0.6025850474834442,8,1
26,-32,0.4179435186088085,23,0
27,-19,0.5308873608708382,10,0
28,-10,0.5461153388023376,1,0
29,-11,0.44210802018642426,2,0
30,4,0.3604298287204334,7,1
31,-19,0.540436689555645,10,0
32,-50,0.4986819513142109,50,0
33,-11,0.23697904497385025,2,0
34,5,0.36335058448215324,6,1
35,-26,0.4968845970271265,17,0
36,-31,0.43954982573077794,42,1
37,7,0.5027105994522572,4,1
38,-20,0.4393858950246464,11,0
39,7,0.35081567615270615,4,1
40,-50,0.5214588172733784,50,0
41,-13,0.3525684252381325,4,0
42,-24,0.5512190292278926,15,0
43,-51,0.3737709221119682,42,0
44,-50,0.38198347836732865,50,0
45,-3,0.1919265551758664,14,1
46,-14,0.242671999335289,5,0
47,-6,0.4278201809262528,17,1
48,-16,0.3997388323424039,27,1
49,-35,0.3749899189346112,26,0
50,-13,0.4805176799806456,24,1
51,-20,0.47975966198877856,11,0
52,-37,0.38721102468358976,48,1
53,6,0.32403911277651787,5,1
54,6,0.5123439729213715,5,1
55,-26,0.5313365864841377,17,0
56,-21,0.5396026613889262,32,1
57,-50,0.2646914852783084,50,0
58,-21,0.5783742617350072,32,1
59,-12,0.4016451413432757,3,0
60,7,0.389373354613781,4,1
61,10,0.044849466532468796,1,1
62,-12,0.4602128934601079,23,1
63,1,0.4530459225177765,10,1
64,-45,0.5167003180831671,36,0
65,-10,1.2155961990356445,1,0
66,-10,0.5055143478370848,21,1
67,-10,0.2013011872768402,1,0
68,10,0.061845727264881134,1,1
69,-21,0.439692051615566,12,0
70,7,0.5557191409170628,4,1
71,-58,0.5070746266188062,49,0
72,-13,0.7411572597920895,4,0
73,3,0.5378264831379056,8,1
74,-4,0.49124711913367114,15,1
75,-34,0.5126808686554432,25,0
76,-37,0.43953760041456136,28,0
77,-22,0.4081920472761759,13,0
78,-26,0.5211113487534663,17,0
79,-14,0.480682872235775,5,0
80,-30,0.49444660026489234,41,1
81,-12,0.4505175401767095,3,0
82,10,0.7425655126571655,1,1
83,-15,0.2830822455386321,6,0
84,-23,0.4491676195688984,34,1
85,3,0.5935893980786204,8,1
86,-13,0.29117016308009624,4,0
87,-37,0.4790983815411372,28,0
88,10,0.21710464358329773,1,1
89,-4,0.5969943563143413,15,1
90,-23,0.4070330655335316,14,0
91,-37,0.574498612433672,48,1
92,3,0.39890928100794554,8,1
93,-50,0.5961144770309329,50,0
94,8,0.6776711829006672,3,1
95,-50,0.5726311273127794,50,0
96,-9,0.44337089620530606,20,1
97,-1,0.6654562633484602,12,1
98,-6,0.7829696711371926,17,1
99,8,0.46449994916717213,3,1
100,-12,0.574602807669536,23,1
101,-18,0.5553600147751898,29,1
102,-10,0.19315771758556366,1,0
103,-10,0.04606518894433975,1,0
104,10,0.0590028241276741,1,1
105,-23,0.6888071697737489,14,0
106,-11,0.3368535190820694,2,0
107,-12,0.5647416111567746,23,1
108,-1,0.7474809139966965,12,1
109,-2,0.6982017213908526,13,1
110,-10,1.187705159187317,1,0
111,6,0.7132510244846344,5,1
112,-5,0.403530350420624,16,1
113,-50,0.5675587647035718,50,0
114,-10,0.2568305432796478,1,0
115,-50,0.5865871410816907,50,0
116,-11,0.10466224700212479,2,0
117,-10,0.0647951140999794,1,0
118,-50,0.5396608931198716,50,0
119,10,0.46547645330429077,1,1
120,-50,0.4967567722499371,50,0
121,10,0.0582384392619133,1,1
122,5,0.665367150058349,6,1
123,0,0.7575544652275064,11,1
124,5,0.5966259688138962,6,1
125,-9,0.6610332453623414,20,1
126,4,0.3658956065773964,7,1
127,-50,0.6469917626306415,50,0
128,-33,0.5759611499185363,24,0
129,9,1.0298823118209839,2,1
130,-10,1.4346818923950195,1,0
131,8,0.7429731537898382,3,1
132,-50,0.5761255554109812,50,0
133,-10,0.8295286297798157,1,0
134,-10,0.6802184581756592,1,0
135,-30,0.5589917586525766,41,1
136,-18,0.49017185383829576,29,1
137,-50,0.5798409315943718,50,0
138,-10,0.6501346826553345,1,0
139,10,0.2633448839187622,1,1
140,-12,0.6620177825291952,3,0
141,10,1.0153064727783203,1,1
142,-12,0.35375358164310455,3,0
143,10,0.9633931517601013,1,1
144,3,0.38882789947092533,8,1
145,6,0.42745087295770645,5,1
146,-10,0.5209224820137024,1,0
147,-15,0.303686626876394,6,0
148,-31,0.7822455430314654,42,1
149,9,0.641462929546833,2,1
150,-50,0.6915104708075523,50,0
151,-2,0.63485310283991,13,1
152,-30,0.8286231781045595,21,0
153,8,0.32073448101679486,3,1
154,4,0.9043351912072727,7,1
155,-10,0.6192349791526794,1,0
156,-50,0.6023259903490543,50,0
157,-2,0.6037342353509023,13,1
158,-50,0.5624159322679043,50,0
159,-7,0.5996508333418105,18,1
160,-12,0.8664947946866354,3,0
161,7,0.81816765666008,4,1
162,-8,0.43886587337443705,19,1
163,6,1.0387472271919251,5,1
164,-21,0.8490228013445934,12,0
165,7,0.8831013478338718,4,1
166,-17,0.4902567286044359,28,1
167,-29,0.7761039910838008,20,0
168,-50,0.6214005808532238,50,0
169,3,0.40939493058249354,8,1
170,9,0.7216097116470337,2,1
171,8,0.29561590900023776,3,1
172,-39,0.5329026860495408,30,0
173,-27,0.7248418618821435,18,0
174,8,0.5733435948689779,3,1
175,-50,0.5786176815629005,50,0
176,-50,0.5703504711389542,50,0
177,-50,0.4541404651105404,50,0
178,3,0.669907433912158,8,1
179,-1,0.6596150050560633,12,1
180,9,0.6229436993598938,2,1
181,9,1.0677344799041748,2,1
182,-50,0.5237086614966393,50,0
183,-50,0.6766642989218234,50,0
184,2,0.5141581354869736,9,1
185,10,0.2890085279941559,1,1
186,-50,0.672505678087473,50,0
187,-1,0.5331922645370165,12,1
188,-28,0.39344034540025813,19,0
189,-50,0.6722004520148039,50,0
190,-10,2.1973965167999268,1,0
191,5,1.0893813371658325,6,1
192,-14,0.5583462506532669,5,0
193,4,0.8451114211763654,7,1
194,-50,0.5146414344994034,41,0
195,6,0.3782323971390724,5,1
196,2,0.5739162754681375,9,1
197,-15,0.3001236778994401,6,0
198,1,0.7453693822026253,10,1
199,-12,0.6101995060841242,3,0
200,-7,0.4129371020115084,18,1
201,-31,0.49464702340109007,42,1
202,-30,0.5822281837463379,21,0
203,-25,0.578001601388678,16,0
204,-37,0.7393673009771321,28,0
205,5,0.5525952590008577,6,1
206,-37,0.6070711873471737,28,0
207,7,0.39230580255389214,4,1
208,-27,0.5621376334640541,38,1
209,4,0.5995165577956608,7,1
210,-31,0.5635556003877095,42,1
211,-50,0.48131519664078953,50,0
212,2,0.5235224444833066,9,1
213,-50,0.6079616210609674,50,0
214,-10,0.16955560445785522,1,0
215,-11,0.5534810047935356,22,1
216,-28,0.6186923604262503,19,0
217,-10,0.6060102581977844,1,0
218,7,0.6240918412804604,4,1
219,-14,0.37269173562526703,5,0
220,3,0.3361994866281748,8,1
221,0,0.5388144457882101,11,1
222,-2,0.4613548987186872,13,1
223,-50,0.4564445852488279,50,0
224,-14,0.3202276095747948,5,0
225,-50,0.5306494861096144,50,0
226,-11,0.4742376357316971,2,0
227,9,1.1756105571985245,2,1
228,-11,0.2504921033978462,2,0
229,-11,0.08401896059513092,2,0
230,-1,0.4311326391374071,12,1
231,8,0.47305862605571747,3,1
232,4,0.29368547988789423,7,1
233,10,0.47901540994644165,1,1
234,-22,0.4713515719542137,13,0
235,-1,0.5210892129689455,12,1
236,9,0.5478052273392677,2,1
237,-5,0.5656443331390619,16,1
238,5,0.6632552730540434,6,1
239,-12,1.0089182381828625,3,0
240,-50,0.4735559361428022,50,0
241,-13,0.5601205807179213,4,0
242,10,0.6753928661346436,1,1
243,-10,0.05092687904834747,1,0
244,-14,0.5286092236638069,5,0
245,-4,0.41274375692009924,15,1
246,2,0.5337445152302583,9,1
247,-30,0.43908045378824073,21,0
248,-19,0.74738282635808,10,0
249,-19,0.3778510205447674,10,0
250,7,0.8760786913335323,4,1
251,-35,0.49280473246024203,26,0
252,-50,0.46937085658311845,50,0
253,-6,0.6569640049163032,17,1
254,-34,0.5359562428295612,25,0
255,-50,0.6071250119060277,50,0
256,5,0.46694357444842655,6,1
257,5,0.8314567804336548,6,1
258,-15,0.5584330707788467,6,0
259,-37,0.5247250489358392,28,0
260,10,0.05361855775117874,1,1
261,3,0.33335565496236086,8,1
262,-13,0.6951740570366383,4,0
263,1,0.7775395169854165,10,1
264,-23,0.38627752837012796,34,1
265,-50,0.5730540981888771,50,0
266,10,0.07112272828817368,1,1
267,-27,0.4386568603416284,18,0
268,8,0.3420805409550667,3,1
269,-50,0.5061473436653614,50,0
270,7,0.547493351623416,4,1
271,10,0.9716229438781738,1,1
272,7,0.37724339216947556,4,1
273,-18,0.6298363982089634,29,1
274,7,0.2066089678555727,4,1
275,9,1.145315945148468,2,1
276,-50,0.5096100099384785,50,0
277,-37,0.41812538425438106,48,1
278,-25,0.4118834766559303,16,0
279,-10,0.49264276027679443,1,0
280,10,0.08075518906116486,1,1
281,-7,0.6243687917788824,18,1
282,9,1.0303221642971039,2,1
283,-50,0.5002717687934637,50,0
284,3,0.5134302601218224,8,1
285,4,0.42027744597622324,7,1
286,10,0.08596764504909515,1,1
287,10,0.9443245530128479,1,1
288,-27,0.6070318795326684,18,0
289,6,0.727194843441248,5,1
290,-50,0.49353268060833216,50,0
291,-12,0.7586265603701273,3,0
292,-42,0.6030735248756228,33,0
293,-28,0.5798383407098683,19,0
294,-50,0.4919252222031355,50,0
295,10,0.6776570677757263,1,1
296,-12,0.5265008956193924,3,0
297,7,0.7483700215816498,4,1
298,-27,0.41738202099345234,38,1
299,-20,0.8113107884472067,11,0
300,-23,0.48767653772873537,14,0
301,-23,0.5698927624949387,14,0
302,10,1.4203308820724487,1,1
303,-25,0.44153117667883635,16,0
304,-50,0.4812328447401524,50,0
305,-1,0.4124292948593696,12,1
306,8,0.47963904837767285,3,1
307,-13,0.8050494492053986,4,0
308,-8,0.6295785052995932,19,1
309,-38,0.5855544279424512,49,1
310,-50,0.5790056006610393,50,0
311,8,0.21091081202030182,3,1
312,-3,0.5867974220642022,14,1
313,-50,0.568133825212717,50,0
314,-11,0.5585443099791353,22,1
315,-50,0.5867719501256943,50,0
316,9,0.5299478769302368,2,1
317,-23,0.707933206643377,14,0
318,-50,0.46933879543095824,50,0
319,-50,0.49171952217817305,50,0
320,6,0.3571947947144508,5,1
321,-10,0.5480444431304932,1,0
322,-13,0.8300928324460983,4,0
323,-10,0.36749717593193054,1,0
324,-50,0.4759237854927778,50,0
325,-59,0.4390610857307911,50,0
326,-50,0.4647409091889858,50,0
327,8,0.10570916781822841,3,1
328,-11,0.12384998425841331,2,0
329,-33,0.4314231846171121,24,0
330,-50,0.38863371483981607,50,0
331,-16,0.5842878712075097,7,0
332,7,0.6132972128689289,4,1
333,9,0.3624187037348747,2,1
334,8,0.4690086046854655,3,1
335,-50,0.3437535469979048,50,0
336,-34,0.5980981422960758,25,0
337,-3,0.6286789327859879,14,1
338,-50,0.39934565976262093,50,0
339,7,0.42454230412840843,4,1
340,-50,0.42473422043025494,50,0
341,-50,0.4334897445142269,50,0
342,5,0.360833128914237,6,1
343,-7,0.441320263263252,18,1
344,-17,0.5162164391949773,8,0
345,2,0.3350537204080158,9,1
346,5,0.541939397652944,6,1
347,6,0.5120096668601036,5,1
348,9,0.35682372748851776,2,1
349,8,0.7504025300343832,3,1
350,9,0.13358452916145325,2,1
351,-31,0.47008308333655197,42,1
352,-15,0.4605778172039069,26,1
353,7,0.44083254411816597,4,1
354,9,0.8313128352165222,2,1
355,7,0.5094843078404665,4,1
356,-50,0.49024223566055297,50,0
357,8,0.27367406835158664,3,1
358,-14,0.4501578365266323,25,1
359,7,0.19361879024654627,4,1
360,-50,0.48117948926985266,50,0
361,-12,0.6032587687174479,3,0
362,-5,0.25212404411286116,16,1
363,-50,0.4717289628088474,50,0
364,7,0.6055364161729813,4,1
365,-10,0.36964181065559387,1,0
366,-28,0.34238997925268977,19,0
367,-25,0.43503082398739124,36,1
368,-50,0.36582735538482664,50,0
369,-11,0.07519684545695782,2,0
370,-6,0.40789268888971386,17,1
371,10,0.31509098410606384,1,1
372,10,0.6188658475875854,1,1
373,7,0.424618199467659,4,1
374,8,0.07112233713269234,3,1
375,8,0.3515709638595581,3,1
376,-14,0.4177541047334671,5,0
377,7,0.29803042858839035,4,1
378,-50,0.3881242433935404,50,0
379,10,0.10385379195213318,1,1
380,6,0.4154975965619087,5,1
381,-50,0.41927006870508193,50,0
382,10,0.09637931734323502,1,1
383,9,0.33139848709106445,2,1
384,-5,0.3000030592083931,16,1
385,2,0.29829203047686154,9,1
386,8,1.0272427201271057,3,1
387,-17,0.3893453771514552,28,1
388,-10,0.6191630959510803,1,0
389,-50,0.3680602400377393,50,0
390,9,0.2945326641201973,2,1
391,6,0.3809200771152973,5,1
392,-45,0.3621789244417515,36,0
393,7,0.21470896899700165,4,1
394,7,0.534627734683454,4,1
395,6,0.291123229265213,5,1
396,9,0.7076273560523987,2,1
397,8,0.46627214550971985,3,1
398,-11,0.6428395807743073,2,0
399,-46,0.42897234308357174,37,0
400,7,0.6303752474486828,4,1
401,-22,0.39932059157978406,33,1
402,-10,0.22958225011825562,1,0
403,6,0.4740831032395363,5,1
404,9,0.43599531054496765,2,1
405,-36,0.510658771213558,27,0
406,8,0.3623066842556,3,1
407,-10,0.2864389419555664,1,0
408,-30,0.5188963563613048,41,1
409,-50,0.4913285867124796,50,0
410,-6,0.4730169117888984,17,1
411,-10,0.10319900512695312,1,0
412,-50,0.46790523022413255,50,0
413,-12,0.4074304799238841,3,0
414,8,0.5421626071135203,3,1
415,-50,0.38098079767078163,50,0
416,9,0.2392454445362091,2,1
417,-1,0.3800395578145981,12,1
418,-15,0.41602235784133273,6,0
419,6,0.3795517884194851,5,1
420,-3,0.5229202487639019,14,1
421,-50,0.5100371860712767,50,0
422,8,1.0521445075670879,3,1
423,-10,0.21073639392852783,1,0
424,-10,0.7645965814590454,1,0
425,-50,0.44948687314987185,50,0
426,10,0.7309485077857971,1,1
427,-36,0.5588795617619093,47,1
428,-12,0.5708518822987875,3,0
429,8,0.2986107145746549,3,1
430,5,0.21177178559203944,6,1
431,-32,0.5937460720712362,43,1
432,-16,0.5083136026348386,7,0
433,8,0.3912208030621211,3,1
434,8,0.5494739860296249,3,1
435,10,0.17307522892951965,1,1
436,10,0.0714477002620697,1,1
437,7,0.5443196967244148,4,1
438,-10,0.5142013430595398,1,0
439,-50,0.5011710649728776,50,0
440,5,0.7750213419397672,6,1
441,-21,0.535152877040673,32,1
442,-50,0.5298073617741466,50,0
443,10,0.09638655185699463,1,1
444,-13,0.2079862360842526,4,0
445,-19,0.3799386745939652,30,1
446,2,0.4333055052492354,9,1
447,4,0.2075414423431669,7,1
448,-50,0.5267824932932854,50,0
449,-14,0.9770567789673805,5,0
450,-8,0.44827916571184206,19,1
451,-48,0.6665311339191902,39,0
452,-22,0.46535006165504456,13,0
453,8,0.976519246896108,3,1
454,-10,0.2473161369562149,1,0
455,7,0.17818636167794466,4,1
456,9,0.3768661320209503,2,1
457,-11,0.1741727739572525,2,0
458,-50,0.501078638061881,50,0
459,-1,0.6235963354508082,12,1
460,-21,0.3610706441104412,12,0
461,10,0.12355397641658783,1,1
462,9,0.921529546380043,2,1
463,10,0.9148473739624023,1,1
464,6,0.3259145826101303,5,1
465,-23,0.17194918835801737,14,0
466,8,0.5756748219331106,3,1
467,6,0.7778350353240967,5,1
468,8,0.5308544337749481,3,1
469,-21,0.4600391803542152,32,1
470,-50,0.38483883544802666,50,0
471,8,0.37714983771244687,3,1
472,-21,0.5930483459960669,32,1
473,9,0.28369302302598953,2,1
474,7,0.23186697252094746,4,1
475,9,0.43920621275901794,2,1
476,9,0.39429136738181114,2,1
477,8,0.6220497588316599,3,1
478,-2,0.3743394143306292,13,1
479,-10,0.419826865196228,1,0
480,-55,0.5600700464261614,46,0
481,-11,0.4317028820514679,2,0
482,-50,0.48381310686469076,50,0
483,-50,0.4050004780292511,50,0
484,10,0.6227709054946899,1,1
485,9,0.4317089915275574,2,1
486,9,0.7601004838943481,2,1
487,-50,0.5204582287371159,50,0
488,3,0.1655453583225608,8,1
489,-33,0.32949321003009874,24,0
490,9,0.3953578919172287,2,1
491,7,0.215860890224576,4,1
492,-12,0.40794765107009723,23,1
493,-6,0.2996627204120159,17,1
494,-50,0.42033309414982795,50,0
495,7,0.452338021248579,4,1
496,9,0.29056650400161743,2,1
497,-3,0.2657307008547442,14,1
498,-10,0.13715368509292603,1,0
499,7,0.6216863468289375,4,1
500,-50,0.42601175799965857,50,0
501,-12,0.43447446952695434,23,1
502,10,0.6651820540428162,1,1
503,5,0.35646088669697445,6,1
504,9,0.10498683899641037,2,1
505,9,0.3807920813560486,2,1
506,-50,0.37655062139034273,50,0
507,9,0.23279207199811935,2,1
508,10,0.08382344245910645,1,1
509,-10,0.06074679642915726,1,0
510,-50,0.35249669767916203,50,0
511,-10,0.08924500644207001,1,0
512,-50,0.35287184853106734,50,0
513,-27,0.28978965162403053,18,0
514,-10,0.4126458466053009,1,0
515,9,0.2841658592224121,2,1
516,-50,0.36324541091918944,50,0
517,-13,0.27755143865942955,4,0
518,7,0.324905663728714,4,1
519,10,0.27566826343536377,1,1
520,9,0.4141021594405174,2,1
521,-50,0.3142299903929234,50,0
522,-50,0.2811714763939381,50,0
523,-12,0.522026057044665,3,0
524,10,0.2986735999584198,1,1
525,10,0.03771740943193436,1,1
526,8,0.26443704466025036,3,1
527,6,0.21754595935344695,5,1
528,7,0.4887469485402107,4,1
529,8,0.36471626659234363,3,1
530,-48,0.3341277795246778,39,0
531,-50,0.26007118821144104,50,0
532,8,0.28582412252823514,3,1
533,-50,0.24558374807238578,50,0
534,-11,0.16931967437267303,2,0
535,-50,0.298539024554193,50,0
536,-50,0.20477965384721755,50,0
537,-10,0.06233760714530945,1,0
538,-13,0.15031485119834542,4,0
539,-13,0.1459250058978796,4,0
540,-53,0.25683882722461765,44,0
541,9,0.27954792976379395,2,1
542,7,0.16826989129185677,4,1
543,10,0.18645064532756805,1,1
544,7,0.16890348587185144,4,1
545,9,0.34880995750427246,2,1
546,10,0.5131585597991943,1,1
547,-50,0.24777742687612772,50,0
548,10,0.06853295862674713,1,1
549,-17,0.3094785866726722,28,1
550,9,0.24303280003368855,2,1
551,10,0.14488372206687927,1,1
552,-50,0.3292442139238119,50,0
553,-12,0.23321432868639627,3,0
554,7,0.23328080959618092,4,1
555,-50,0.26840123333036897,50,0
556,-10,0.22370266914367676,1,0
557,-50,0.29314740166068076,50,0
558,-50,0.2962466610223055,50,0
559,10,0.6269003748893738,1,1
560,9,0.3905274569988251,2,1
561,-50,0.29347888484597207,50,0
562,-33,0.2672363433309577,44,1
563,-17,0.42290966864675283,8,0
564,-52,0.220056154873482,43,0
565,5,0.25947636800507706,6,1
566,-31,0.2962211472066966,22,0
567,-38,0.2652236995648365,49,1
568,4,0.2727112429482596,7,1
569,-13,0.21907034516334534,4,0
570,-50,0.28969821870326995,50,0
571,7,0.22828635852783918,4,1
572,8,0.08826186259587605,3,1
573,-50,0.24062556721270084,50,0
574,-50,0.21241743430495263,50,0
575,-31,0.2924670704047788,22,0
576,-49,0.27639468796551225,40,0
577,9,0.19919928908348083,2,1
578,-50,0.24409523751586676,50,0
579,-50,0.19743484392762184,50,0
580,-12,0.21027811308917793,23,1
581,6,0.24883096367120744,5,1
582,10,0.1243341714143753,1,1
583,9,0.4923367202281952,2,1
584,-50,0.2241707694530487,50,0
585,10,0.048198819160461426,1,1
586,-24,0.289618573586146,15,0
587,-1,0.3040128791083892,12,1
588,8,0.12375093996524811,3,1
589,8,0.298888735473156,3,1
590,-50,0.27121049508452416,50,0
591,-18,0.18358256154019256,29,1
592,-50,0.2416576734930277,50,0
593,6,0.14918699339032174,5,1
594,6,0.3024038165807724,5,1
595,-11,0.1684994362294674,2,0
596,-12,0.18438350160916647,3,0
597,10,0.45390784740448,1,1
598,-3,0.11229147841887814,14,1
599,-10,0.42934438586235046,1,0
600,6,0.19635070562362672,5,1
601,-50,0.2141025437787175,50,0
602,5,0.2996460509796937,6,1
603,-29,0.23378332816064357,20,0
604,-30,0.223931744517315,21,0
605,7,0.1009219503030181,4,1
606,6,0.41645790338516236,5,1
607,7,0.18091978505253792,4,1
608,-50,0.22265128642320633,50,0
609,-11,0.19366813451051712,2,0
610,-50,0.22756214518100024,50,0
611,10,0.09932419657707214,1,1
612,10,0.11938008666038513,1,1
613,10,0.09913988411426544,1,1
614,9,0.5122292563319206,2,1
615,10,0.06561199575662613,1,1
616,-10,0.1162370890378952,1,0
617,8,0.13443799316883087,3,1
618,-10,0.6698004007339478,1,0
619,7,0.04966877866536379,4,1
620,-50,0.27912976577877996,50,0
621,-8,0.31986841333932,19,1
622,6,0.13715248927474022,5,1
623,-50,0.21572434730827808,50,0
624,8,0.15233624602357546,3,1
625,-10,0.04489327222108841,1,0
626,-14,0.24357022166252137,25,1
627,9,0.12231625989079475,2,1
628,8,0.444662485892574,3,1
629,-30,0.18981276329879354,41,1
630,-12,0.40929775436719257,3,0
631,9,0.08853764832019806,2,1
632,-15,0.2772834745164101,26,1
633,10,0.10645219683647156,1,1
634,10,0.223294198513031,1,1
635,-12,0.368596696605285,3,0
636,-3,0.19759798422455788,14,1
637,5,0.19948597624897957,6,1
638,-12,0.25477068622907,3,0
639,4,0.22163645550608635,7,1
640,8,0.050655034060279526,3,1
641,-33,0.24210727804650864,24,0
642,-50,0.2602762611582875,50,0
643,-14,0.24605583138763903,25,1
644,-10,0.12410609424114227,1,0
645,-31,0.28321324430760886,42,1
646,-50,0.27155665788799527,50,0
647,7,0.3683086531236768,4,1
648,-57,0.3201742477734418,48,0
649,-18,0.20940281161003643,9,0
650,-5,0.3329137524124235,16,1
651,-50,0.26262907359749077,50,0
652,8,0.21025328462322554,3,1
653,4,0.18029157923800604,7,1
654,-12,0.10889913948873679,3,0
655,10,0.35231146216392517,1,1
656,-10,0.6746934652328491,1,0
657,7,0.2962944470345974,4,1
658,9,0.12453841045498848,2,1
659,9,0.2687039226293564,2,1
660,-10,0.28655627369880676,1,0
661,5,0.1296458188444376,6,1
662,-50,0.25363196548074485,50,0
663,-11,0.19859864562749863,2,0
664,8,0.052762653678655624,3,1
665,6,0.29733663648366926,5,1
666,9,0.3106898106634617,2,1
667,10,0.3596991002559662,1,1
668,-50,0.2667888180259615,50,0
669,10,0.07424675673246384,1,1
670,-12,0.2914319932460785,3,0
671,-50,0.2235739630833268,50,0
672,-50,0.3150628000497818,50,0
673,-50,0.2788572209328413,50,0
674,-28,0.3333222703673901,39,1
675,8,0.32728977749745053,3,1
676,-50,0.30460541527718304,50,0
677,8,0.22850768268108368,3,1
678,9,0.22356490045785904,2,1
679,7,0.3204194735735655,4,1
680,-24,0.2494197193000998,35,1
681,-4,0.19977352768182755,15,1
682,9,0.24807828664779663,2,1
683,-11,0.07481526583433151,2,0
684,-14,0.25982318818569183,5,0
685,-50,0.27851211950182914,50,0
686,-13,0.23870932310819626,4,0
687,-38,0.32915112678090047,29,0
688,8,0.3160910407702128,3,1
689,7,0.2871048618108034,4,1
690,9,0.25696706771850586,2,1
691,-38,0.354441457139007,29,0
692,10,0.06848210841417313,1,1
693,7,0.3845425471663475,4,1
694,-50,0.3588089796155691,50,0
695,7,0.23937045130878687,4,1
696,4,0.24905653723648616,7,1
697,-10,0.05407623201608658,1,0
698,10,0.6440895795822144,1,1
699,9,0.22328132390975952,2,1
700,-12,0.2357435623804728,3,0
701,1,0.473606126755476,10,1
702,-21,0.3680358027922921,32,1
703,-38,0.3924872551341446,49,1
704,10,0.30502787232398987,1,1
705,-10,0.36008986334005993,21,1
706,-32,0.42252710639782576,23,0
707,-11,0.3327786773443222,2,0
708,-28,0.37618615315892756,39,1
709,9,0.19562756270170212,2,1
710,4,0.3188934964793069,7,1
711,-23,0.36602386963718075,34,1
712,9,0.4393770210444927,2,1
713,-50,0.37739662289619447,50,0
714,-50,0.3405359729379416,50,0
715,10,0.20278021693229675,1,1
716,9,0.5918026119470596,2,1
717,-30,0.31305777899375775,41,1
718,9,0.6224543154239655,2,1
719,-50,0.46374966472387313,50,0
720,-11,0.31524551659822464,2,0
721,8,0.4517892102400462,3,1
722,-50,0.30156106542795896,50,0
723,5,0.18344530587395033,6,1
724,-10,0.32595691084861755,1,0
725,-27,0.33843784489565426,18,0
726,10,0.4180741310119629,1,1
727,-50,0.3424906123429537,50,0
728,-5,0.2553011095151305,16,1
729,-10,0.41228777170181274,1,0
730,-22,0.18249735866601652,13,0
731,7,0.35327982529997826,4,1
732,9,0.1455366387963295,2,1
733,-10,0.04889431968331337,1,0
734,-10,0.6735475063323975,1,0
735,-2,0.3351905322991885,13,1
736,10,0.7847257852554321,1,1
737,6,0.370759816467762,5,1
738,-50,0.29408410988748074,50,0
739,10,0.088492751121521,1,1
740,-10,0.17332112789154053,1,0
741,-50,0.3503136245906353,50,0
742,-14,0.2905345046520233,25,1
743,8,0.3196191688378652,3,1
744,-50,0.2762751331180334,50,0
745,5,0.1387273728226622,6,1
746,-50,0.22490626599639654,50,0
747,-13,0.19402201566845179,4,0
748,-11,0.18527176976203918,2,0
749,10,0.28637266159057617,1,1
750,-50,0.2285111466422677,50,0
751,-50,0.23349020287394523,50,0
752,9,0.1343524008989334,2,1
753,9,0.07264188677072525,2,1
754,7,0.3038829080760479,4,1
755,-7,0.27644900294641656,18,1
756,-50,0.1977535206079483,50,0
757,-50,0.1823676298186183,50,0
758,9,0.12746292352676392,2,1
759,-9,0.22314856378361583,20,1
760,-50,0.1842621660977602,50,0
761,10,0.2887566387653351,1,1
762,-50,0.2501513221114874,50,0
763,-21,0.21598509699106216,12,0
764,6,0.2327562492340803,5,1
765,10,0.08866570144891739,1,1
766,-28,0.11466746125370264,39,1
767,9,0.3207041844725609,2,1
768,-12,0.20539956291516623,3,0
769,1,0.257689942419529,10,1
770,-50,0.22812314305454492,50,0
771,10,0.38818812370300293,1,1
772,-50,0.25256387518718837,50,0
773,-31,0.18644325843673537,22,0
774,9,0.051242755725979805,2,1
775,-3,0.2509946084049131,14,1
776,7,0.15721791703253984,4,1
777,8,0.13708004790047804,3,1
778,8,0.36879713088274,3,1
779,-10,0.008932515978813171,1,0
780,10,0.2984647750854492,1,1
781,10,0.08028820157051086,1,1
782,-24,0.25329986502017293,35,1
783,-50,0.2628993145748973,50,0
784,-30,0.2789789728547742,41,1
785,7,0.27301134914159775,4,1
786,-50,0.2622082115709782,50,0
787,-50,0.2792912269756198,50,0
788,-50,0.3134186962246895,50,0
789,-50,0.27303323581814765,50,0
790,9,0.2563183605670929,2,1
791,-19,0.24790657139383257,30,1
792,-11,0.13619612157344818,2,0
793,9,0.3917543366551399,2,1
794,-30,0.22336719859214055,21,0
795,-50,0.22207744825631381,50,0
796,-17,0.4246952741273812,28,1
797,-10,0.25374844670295715,1,0
798,6,0.1320776291191578,5,1
799,8,0.5487396816412607,3,1
800,10,0.49592989683151245,1,1
801,-50,0.22172777716070413,50,0
802,-5,0.25384962232783437,16,1
803,10,0.26921534538269043,1,1
804,-50,0.2666796934604645,50,0
805,-50,0.19893014434725045,50,0
806,7,0.1506242249161005,4,1
807,7,0.1501164622604847,4,1
808,10,0.35953962802886963,1,1
809,3,0.20879098866134882,8,1
810,-50,0.2647225815802813,50,0
811,9,0.2881786525249481,2,1
812,9,0.18143347278237343,2,1
813,9,0.09417200088500977,2,1
814,10,0.09095935523509979,1,1
815,7,0.14275887981057167,4,1
816,0,0.23185550878671082,11,1
817,-10,0.3833043575286865,1,0
818,-12,0.2851487435400486,3,0
819,7,0.17730399034917355,4,1
820,9,0.35038603097200394,2,1
821,-50,0.22515250816941262,50,0
822,-50,0.22591847680509092,50,0
823,-11,0.3991605341434479,2,0
824,-50,0.21607688922435045,50,0
825,7,0.22247736155986786,4,1
826,-50,0.24483013536781073,50,0
827,-10,0.38252589106559753,1,0
828,6,0.08336714431643485,5,1
829,-53,0.24235886792567643,44,0
830,8,0.14079208423693976,3,1
831,9,0.16363196820020676,2,1
832,9,0.1455811858177185,2,1
833,-50,0.262506457939744,50,0
834,-50,0.2013143754005432,50,0
835,10,0.22121562063694,1,1
836,10,0.7377873659133911,1,1
837,9,0.14053289592266083,2,1
838,10,0.07999370247125626,1,1
839,10,0.04293539747595787,1,1
840,9,0.14701434969902039,2,1
841,7,0.19775006361305714,4,1
842,6,0.13646563813090323,5,1
843,8,0.21418915192286173,3,1
844,8,0.2562684218088786,3,1
845,9,0.11896974220871925,2,1
846,-18,0.2586750317493389,29,1
847,9,0.09681029617786407,2,1
848,-50,0.25184211522340777,50,0
849,-4,0.18303632214665413,15,1
850,-50,0.2184833413362503,50,0
851,-50,0.15161468304693698,50,0
852,7,0.17083314806222916,4,1
853,-50,0.16804512053728105,50,0
854,-10,0.08342137932777405,1,0
855,-39,0.17439406365156174,30,0
856,9,0.11796926707029343,2,1
857,-50,0.16805561078712344,50,0
858,7,0.18302659131586552,4,1
859,-7,0.13436327419347233,18,1
860,-10,0.048659831285476685,1,0
861,8,0.09400513519843419,3,1
862,-12,0.25674307718873024,3,0
863,8,0.07669808094700177,3,1
864,-50,0.15649503771215678,50,0
865,7,0.168889369815588,4,1
866,1,0.09957261905074119,10,1
867,-50,0.16975201530382036,50,0
868,-13,0.09415964782238007,4,0
869,10,0.21123158931732178,1,1
870,-50,0.2233593848347664,50,0
871,-10,0.08976721453169982,21,1
872,-12,0.11267820994059245,3,0
873,-50,0.11740320291370153,50,0
874,-11,0.14332923293113708,2,0
875,6,0.11507868841290474,5,1
876,8,0.06480970233678818,3,1
877,10,0.5648180246353149,1,1
878,7,0.23939451575279236,4,1
879,-50,0.18198264335282147,50,0
880,-50,0.1517969192005694,50,0
881,9,0.11432511731982231,2,1
882,-50,0.19296153888106346,50,0
883,9,0.21671553514897823,2,1
884,9,0.1047593979164958,2,1
885,-26,0.2162850577308721,37,1
886,10,0.017450448125600815,1,1
887,9,0.24983683228492737,2,1
888,-27,0.2386753588087029,18,0
889,-25,0.23752832719280073,36,1
890,-10,0.15139029920101166,1,0
891,9,0.16405724734067917,2,1
892,-50,0.2424898948147893,50,0
893,7,0.18700033938512206,4,1
894,7,0.41641080379486084,4,1
895,-8,0.2336293709905524,19,1
896,8,0.2634381701548894,3,1
897,-50,0.2296924502402544,50,0
898,-11,0.1760173738002777,2,0
899,-11,0.2021561563014984,2,0
900,-22,0.35108933225274086,13,0
901,-50,0.22488195799291133,50,0
902,-28,0.23360461502885208,39,1
903,9,0.3764675334095955,2,1
904,-50,0.25312264868989587,50,0
905,9,0.2751581706106663,2,1
906,-50,0.20782225109636784,50,0
907,9,0.21975222416222095,2,1
908,-50,0.19405873268842697,50,0
909,-50,0.17836028220131994,50,0
910,1,0.15793395563960075,10,1
911,10,0.205446258187294,1,1
912,-50,0.17873305931687355,50,0
913,-5,0.12812962988391519,16,1
914,9,0.3552447222173214,2,1
915,4,0.2886934301682881,7,1
916,-50,0.2628022360987961,50,0
917,-37,0.24400787272801003,48,1
918,7,0.10145467706024647,4,1
919,-19,0.20665406323969365,30,1
920,-10,0.014546862803399563,1,0
921,8,0.158015010257562,3,1
922,-50,0.250013551749289,50,0
923,7,0.21166270971298218,4,1
924,-35,0.1885786224966464,46,1
925,-17,0.29458786733448505,8,0
926,10,0.5332900285720825,1,1
927,-51,0.22541535557025955,42,0
928,-12,0.26439605329347693,23,1
929,0,0.248624364760789,11,1
930,8,0.18416168789068857,3,1
931,-50,0.23017797514796257,50,0
932,9,0.15995067358016968,2,1
933,7,0.09581360779702663,4,1
934,7,0.13733851164579391,4,1
935,4,0.20921776017972402,7,1
936,-12,0.11290979385375977,3,0
937,-36,0.23235013906625993,47,1
938,4,0.3292484389884131,7,1
939,-9,0.2243897806853056,20,1
940,-11,0.2621580638330091,22,1
941,10,0.14801473915576935,1,1
942,-50,0.27058110252022743,50,0
943,10,0.34102362394332886,1,1
944,10,0.18909399211406708,1,1
945,-28,0.25790131502808666,39,1
946,-26,0.2327078365393587,37,1
947,-21,0.20177845346430937,12,0
948,-28,0.2550766173845682,39,1
949,8,0.10381171355644862,3,1
950,6,0.20819187983870507,5,1
951,-19,0.21835827281077702,30,1
952,-50,0.20652012579143048,50,0
953,-14,0.24397714629769326,25,1
954,8,0.12244086960951488,3,1
955,7,0.16859209816902876,4,1
956,-13,0.17292377158689,24,1
957,6,0.1819705493748188,5,1
958,7,0.13478549383580685,4,1
959,9,0.2981225624680519,2,1
960,-23,0.26419077826929943,14,0
961,-12,0.36739849175016087,3,0
962,2,0.2175968794359101,9,1
963,10,0.2797495722770691,1,1
964,2,0.24244415014982224,9,1
965,-12,0.20611323416233063,3,0
966,10,0.37610429525375366,1,1
967,-10,0.2422788292169571,1,0
968,-50,0.24898583993315695,50,0
969,-50,0.18210981532931328,50,0
970,-10,0.3561304807662964,1,0
971,10,0.3923787474632263,1,1
972,-50,0.23080711260437967,50,0
973,6,0.1941803961992264,5,1
974,-50,0.2132126912660897,50,0
975,-50,0.17548149399459362,50,0
976,8,0.2795951912800471,3,1
977,10,0.22538726031780243,1,1
978,9,0.2847316078841686,2,1
979,-13,0.18518050177954137,24,1
980,10,0.06293639540672302,1,1
981,7,0.2540490594692528,4,1
982,9,0.22140853852033615,2,1
983,6,0.11900277398526668,5,1
984,-12,0.13417789340019226,3,0
985,-2,0.16558203631295607,13,1
986,-50,0.19616552416235208,50,0
987,-1,0.19655952043831348,12,1
988,-3,0.16230066945510252,14,1
989,-12,0.12507815659046173,3,0
990,-50,0.23298883400857448,50,0
991,10,0.5392451286315918,1,1
992,-10,0.10064683854579926,1,0
993,9,0.14357654750347137,2,1
994,7,0.25787219777703285,4,1
995,-35,0.24592553480001894,46,1
996,-11,0.17443198710680008,2,0
997,8,0.1137106108168761,3,1
998,-50,0.2310050255805254,50,0
999,-50,0.2019216806255281,50,0
1000,-50,0.19319837141782045,50,0
1,-9,0.22340367501601577,20,1
2,7,0.34711707942187786,4,1
3,7,0.17059802263975143,4,1
4,-12,0.1399718498190244,3,0
5,9,0.06233823858201504,2,1
6,9,0.7037091553211212,2,1
7,-17,0.415200503077358,8,0
8,-50,0.24197653325274587,50,0
9,9,0.13355064019560814,2,1
10,-50,0.3082421948760748,50,0
11,-10,0.10375861078500748,1,0
12,9,0.09962138719856739,2,1
13,-50,0.3133863472938538,50,0
14,-50,0.29869075685739516,50,0
15,10,0.05821371078491211,1,1
16,9,0.34498700499534607,2,1
17,8,0.2124407316247622,3,1
18,10,0.2629639804363251,1,1
19,-12,0.19645305820133374,23,1
20,10,0.07020033150911331,1,1
21,8,0.36443444589773816,3,1
22,-22,0.4240001872755014,13,0
23,9,0.06730223074555397,2,1
24,-11,0.18055905401706696,2,0
25,-6,0.22155590026694186,17,1
26,9,0.15692581236362457,2,1
27,10,0.12697087228298187,1,1
28,-50,0.27253502298146487,50,0
29,9,0.5720467120409012,2,1
30,-50,0.215712371096015,50,0
31,-50,0.2734844870865345,50,0
32,9,0.31632019579410553,2,1
33,4,0.2844724655151367,7,1
34,9,0.5909509249031544,2,1
35,7,0.14441567659378052,4,1
36,-15,0.2621911082130212,26,1
37,10,0.47036123275756836,1,1
38,10,0.055123619735240936,1,1
39,8,0.2885390520095825,3,1
40,-57,0.28663033798026544,48,0
41,-50,0.27707274559885264,50,0
42,9,0.3614274114370346,2,1
43,-28,0.24405394590053803,39,1
44,-27,0.209859810671524,38,1
45,3,0.192740086466074,8,1
46,10,0.09990294277667999,1,1
47,-37,0.3208069757092744,48,1
48,9,0.3482147306203842,2,1
49,-38,0.3365326011363341,49,1
50,-10,0.49420061707496643,1,0
51,-19,0.23596513215452433,30,1
52,-20,0.23799644482712592,31,1
53,-50,0.2705494652688503,50,0
54,-50,0.20521650336682795,50,0
55,8,0.3037056028842926,3,1
56,7,0.2759293429553509,4,1
57,9,0.17798811197280884,2,1
58,9,0.15951483324170113,2,1
59,-18,0.26047419666730126,29,1
60,10,0.061787206679582596,1,1
61,-10,0.3599805235862732,1,0
62,7,0.2710178941488266,4,1
63,-15,0.25957799129761183,26,1
64,-10,0.05620338395237923,1,0
65,7,0.2391396053135395,4,1
66,8,0.23929468045632044,3,1
67,10,0.742876410484314,1,1
68,8,0.14654363443454108,3,1
69,10,0.5380762219429016,1,1
70,-12,0.24003120884299278,3,0
71,9,0.180910874158144,2,1
72,-10,0.18225204944610596,1,0
73,6,0.2601128861308098,5,1
74,9,0.2262665331363678,2,1
75,3,0.17202267982065678,8,1
76,9,0.20469453930854797,2,1
77,8,0.29406339923540753,3,1
78,-10,0.21025890111923218,1,0
79,10,0.30436456203460693,1,1
80,8,0.2182431916395823,3,1
81,-21,0.26734186219982803,32,1
82,8,0.4924146930376689,3,1
83,-1,0.27453167736530304,12,1
84,8,0.15527194490035376,3,1
85,-20,0.49981770461255853,11,0
86,-10,0.061592452228069305,1,0
87,-50,0.24454063296318054,50,0
88,-11,0.2191978320479393,2,0
89,9,0.40798257291316986,2,1
90,7,0.1335136042907834,4,1
91,10,0.07868190109729767,1,1
92,-50,0.26143733512610196,50,0
93,-56,0.22277173344442186,47,0
94,1,0.23020630925893784,10,1
95,10,0.7874798774719238,1,1
96,8,0.12339924772580464,3,1
97,-50,0.21025269739329816,50,0
98,8,0.3047826687494914,3,1
99,5,0.166216054931283,6,1
100,10,0.2701493203639984,1,1
101,-50,0.16243344616144895,50,0
102,-30,0.2168409407320546,41,1
103,10,0.09980368614196777,1,1
104,10,0.28218597173690796,1,1
105,7,0.18907266948372126,4,1
106,9,0.26568174362182617,2,1
107,-50,0.1772379743680358,50,0
108,-10,0.20502401888370514,1,0
109,-36,0.22208302483913747,47,1
110,6,0.2077656090259552,5,1
111,10,0.138580784201622,1,1
112,10,0.330313116312027,1,1
113,8,0.173323392868042,3,1
114,10,0.048853062093257904,1,1
115,-20,0.21571464403983084,31,1
116,-10,0.8191238045692444,1,0
117,-50,0.29181184887886047,50,0
118,-13,0.19876067053216198,24,1
119,7,0.1642290037125349,4,1
120,7,0.25195483211427927,4,1
121,7,0.25261968933045864,4,1
122,8,0.32471443216005963,3,1
123,-10,0.07735925167798996,1,0
124,9,0.16201843321323395,2,1
125,6,0.10357029624283313,5,1
126,-4,0.2442207553734382,15,1
127,9,0.12255997210741043,2,1
128,8,0.152363250652949,3,1
129,8,0.2388978824019432,3,1
130,-50,0.24623757358640433,50,0
131,10,0.08950449526309967,1,1
132,8,0.5422042558590571,3,1
133,5,0.16353786240021387,6,1
134,8,0.2580355952183406,3,1
135,-7,0.264040257781744,18,1
136,10,0.46019724011421204,1,1
137,-50,0.28506557442247865,50,0
138,-50,0.23818218257278204,50,0
139,9,0.34650416672229767,2,1
140,-50,0.2804123305156827,50,0
141,-10,0.23281294107437134,1,0
142,9,0.34956244379282,2,1
143,-34,0.34605944812297823,25,0
144,7,0.24254507198929787,4,1
145,-50,0.30706855561584234,50,0
146,-19,0.1867157761628429,30,1
147,-11,0.3757469318807125,2,0
148,-38,0.3185747993387738,49,1
149,8,0.3025788863499959,3,1
150,-12,0.17450221876303354,3,0
151,7,0.3063288126140833,4,1
152,9,0.25009967386722565,2,1
153,-10,0.13479244709014893,1,0
154,9,0.2744259685277939,2,1
155,7,0.5518952496349812,4,1
156,-10,0.39949271082878113,1,0
157,10,0.23695236444473267,1,1
158,-50,0.32406302385032176,50,0
159,-50,0.3606908617913723,50,0
160,-10,0.1972895860671997,1,0
161,9,0.6411510854959488,2,1
162,-50,0.27827393490821123,50,0
163,8,0.21779859066009521,3,1
164,-10,0.1126689463853836,1,0
165,-50,0.37305673990398647,50,0
166,7,0.292218005284667,4,1
167,10,0.3615724444389343,1,1
168,-12,0.21082975715398788,3,0
169,-12,0.4649438410997391,3,0
170,7,0.2901810836046934,4,1
171,-50,0.34386542953550814,50,0
172,7,0.3250124417245388,4,1
173,6,0.30889865309000014,5,1
174,8,0.55699755748113,3,1
175,-50,0.32096018850803376,50,0
176,-50,0.30749126359820367,50,0
177,-50,0.24522367224097252,50,0
178,7,0.27127161994576454,4,1
179,-50,0.29507111057639124,50,0
180,-50,0.2674001681804657,50,0
181,9,0.22566478699445724,2,1
182,9,0.12035330384969711,2,1
183,-50,0.23120814330875875,50,0
184,10,0.140620619058609,1,1
185,6,0.24533580243587494,5,1
186,9,0.2798740193247795,2,1
187,-10,0.168585866689682,1,0
188,10,0.3351861238479614,1,1
189,9,0.5737182945013046,2,1
190,10,0.16397753357887268,1,1
191,10,0.37994691729545593,1,1
192,3,0.37951381877064705,8,1
193,8,0.3254089603821437,3,1
194,10,0.11985450983047485,1,1
195,10,0.22927045822143555,1,1
196,-21,0.31562630902044475,32,1
197,-11,0.11419016122817993,2,0
198,9,0.44311004877090454,2,1
199,10,0.3583049774169922,1,1
200,6,0.2154684066772461,5,1
201,10,0.15485504269599915,1,1
202,10,0.587562084197998,1,1
203,-14,0.3465690702199936,25,1
204,-20,0.34224952420880717,31,1
205,-50,0.27766523480415345,50,0
206,10,0.20274624228477478,1,1
207,0,0.2670699520544572,11,1
208,-50,0.2911241975426674,50,0
209,-50,0.26190194562077523,50,0
210,5,0.2560180214544137,6,1
211,-50,0.18474619440734386,50,0
212,10,0.17018896341323853,1,1
213,1,0.19528894051909446,10,1
214,10,0.26181697845458984,1,1
215,-36,0.20827002902614308,47,1
216,10,0.4084790349006653,1,1
217,-10,0.030194785445928574,1,0
218,-46,0.20296375433335434,37,0
219,-18,0.20009424216274557,29,1
220,-13,0.19153180066496134,24,1
221,-11,0.5001789331436157,2,0
222,-17,0.12850958042378938,28,1
223,-15,0.16047613322734833,26,1
224,9,0.10520265623927116,2,1
225,10,0.34351998567581177,1,1
226,7,0.08219041023403406,4,1
227,-38,0.17035856037115565,49,1
228,7,0.1568586640059948,4,1
229,-33,0.13907704536210408,44,1
230,10,0.16060611605644226,1,1
231,-50,0.12811798986047507,50,0
232,-50,0.17484267886728047,50,0
233,-10,0.2744155526161194,1,0
234,-50,0.13941153202205897,50,0
235,-22,0.1682304862435117,33,1
236,-50,0.1518866716697812,50,0
237,9,0.10893189534544945,2,1
238,-50,0.14151247819885612,50,0
239,10,0.05146171897649765,1,1
240,10,0.031120261177420616,1,1
241,9,0.06039270758628845,2,1
242,8,0.2484046071767807,3,1
243,-10,0.06820819526910782,1,0
244,9,0.09027326107025146,2,1
245,9,0.1015908420085907,2,1
246,-10,0.295014351606369,1,0
247,6,0.0975032016634941,5,1
248,7,0.16476244409568608,4,1
249,-50,0.13792912972159685,50,0
250,-11,0.04809088818728924,2,0
251,9,0.41005362570285797,2,1
252,9,0.22760608419775963,2,1
253,-50,0.13531190034002066,50,0
254,8,0.07232333005716403,3,1
255,-11,0.053904734551906586,2,0
256,10,0.423857718706131,1,1
257,9,0.024911031126976013,2,1
258,-28,0.12376383734413256,39,1
259,7,0.09105317341163754,4,1
260,-11,0.0713273473083973,2,0
261,-10,0.13884881138801575,1,0
262,10,0.05881615728139877,1,1
263,4,0.23325995675155095,7,1
264,-50,0.21559923462569713,50,0
265,9,0.27360499650239944,2,1
266,-13,0.30500266421586275,24,1
267,-25,0.19178323998736838,36,1
268,9,0.09748858213424683,2,1
269,-14,0.28347878403961657,25,1
270,8,0.36096539596716565,3,1
271,-3,0.3329295433525528,14,1
272,-26,0.30554680173864235,37,1
273,10,0.4384036660194397,1,1
274,-11,0.2705642689358104,22,1
275,10,0.7028204798698425,1,1
276,6,0.135326536744833,5,1
277,10,0.16047640144824982,1,1
278,10,0.44728556275367737,1,1
279,10,0.694503128528595,1,1
280,8,0.3060108944773674,3,1
281,9,0.15577150508761406,2,1
282,8,0.06194941823681196,3,1
283,-36,0.3009676316634138,47,1
284,-50,0.32982744939625264,50,0
285,9,0.2546311765909195,2,1
286,7,0.08599252486601472,4,1
287,9,0.5856949388980865,2,1
288,8,0.26899905999501544,3,1
289,7,0.2646358422935009,4,1
290,9,0.31539902091026306,2,1
291,-12,0.40249432375033695,3,0
292,8,0.3516380041837692,3,1
293,-50,0.2736287599056959,50,0
294,10,0.9232781529426575,1,1
295,10,0.2983725070953369,1,1
296,10,0.04874769598245621,1,1
297,8,0.24694385131200156,3,1
298,8,0.18799678422510624,3,1
299,9,0.4751668721437454,2,1
300,9,0.17137865722179413,2,1
301,-50,0.2685906539857388,50,0
302,-50,0.28178557969629764,50,0
303,-6,0.37929630849291296,17,1
304,7,0.5577239543199539,4,1
305,-39,0.32803453542292116,30,0
306,-50,0.35919115170836446,50,0
307,-3,0.3071866562323911,14,1
308,9,0.282758142799139,2,1
309,8,0.43901224434375763,3,1
310,-10,0.3785395324230194,1,0
311,-8,0.26864429426036385,19,1
312,9,0.22771023213863373,2,1
313,-18,0.22010060316986507,9,0
314,9,0.1965477503836155,2,1
315,10,0.07273124158382416,1,1
316,-10,0.22918584942817688,1,0
317,-47,0.2764690424266614,38,0
318,-38,0.28778643700845385,49,1
319,7,0.16646600514650345,4,1
320,-50,0.288247736915946,50,0
321,6,0.1833260551095009,5,1
322,8,0.1648928945263227,3,1
323,10,0.21655845642089844,1,1
324,6,0.3017658948898315,5,1
325,9,0.45865191519260406,2,1
326,-55,0.26320026669165364,46,0
327,8,0.1905467907587687,3,1
328,-3,0.26593080748404774,14,1
329,10,0.09842212498188019,1,1
330,-50,0.24716906167566777,50,0
331,-10,0.5873404741287231,1,0
332,-50,0.24542674466967582,50,0
333,-4,0.2732567424575488,15,1
334,-36,0.21755680758902368,47,1
335,-12,0.24679322864698328,23,1
336,7,0.20421123132109642,4,1
337,9,0.27754563093185425,2,1
338,-50,0.20545867085456848,50,0
339,10,0.31365618109703064,1,1
340,-50,0.20592251390218735,50,0
341,0,0.2473227327520197,11,1
342,7,0.331586591899395,4,1
343,7,0.24035660363733768,4,1
344,9,0.11118225008249283,2,1
345,-16,0.21886499438967025,7,0
346,8,0.2088154728213946,3,1
347,2,0.18368460734685263,9,1
348,9,0.18792115151882172,2,1
349,9,0.18662329763174057,2,1
350,-50,0.19091116428375243,50,0
351,7,0.07951206807047129,4,1
352,6,0.15980783402919768,5,1
353,10,0.24533887207508087,1,1
354,9,0.3502441942691803,2,1
355,-50,0.16341848034411668,50,0
356,7,0.20122132450342178,4,1
357,-10,0.04579118639230728,1,0
358,9,0.0898912101984024,2,1
359,-50,0.20890245765447615,50,0
360,10,0.3145644962787628,1,1
361,-32,0.19014750845557035,43,1
362,9,0.16349560022354126,2,1
363,-10,0.14299516379833221,1,0
364,-10,0.18742482364177704,1,0
365,-50,0.15792941387742757,50,0
366,-17,0.24122632960123674,28,1
367,9,0.3094314821064472,2,1
368,-50,0.1920924577116966,50,0
369,-50,0.15678836725652218,50,0
370,-50,0.165815885476768,50,0
371,8,0.09143987794717152,3,1
372,9,0.15609159227460623,2,1
373,-20,0.16046051260444424,31,1
374,8,0.16100584715604782,3,1
375,9,0.16078508272767067,2,1
376,8,0.22340709964434305,3,1
377,9,0.05259745754301548,2,1
378,10,0.04772912710905075,1,1
379,-50,0.15398471266031266,50,0
380,7,0.26229690574109554,4,1
381,-10,0.051626548171043396,1,0
382,9,0.04037379287183285,2,1
383,-12,0.03476222852865855,3,0
384,-37,0.194618600686746,28,0
385,10,0.11535248160362244,1,1
386,9,0.35629335045814514,2,1
387,5,0.17740209307521582,6,1
388,7,0.0706943180412054,4,1
389,-18,0.15388710093167093,9,0
390,9,0.12975787371397018,2,1
391,10,0.09611846506595612,1,1
392,-25,0.21292723078901568,36,1
393,-6,0.19086438811877193,17,1
394,9,0.1766102984547615,2,1
395,4,0.2551767421620233,7,1
396,8,0.3110115130742391,3,1
397,10,0.4688391089439392,1,1
398,8,0.09984080493450165,3,1
399,-10,0.13669714331626892,1,0
400,7,0.36841770075261593,4,1
401,-30,0.2043159709471028,41,1
402,-50,0.24985970064997673,50,0
403,10,0.09464733302593231,1,1
404,10,0.1856057047843933,1,1
405,10,0.5872049331665039,1,1
406,8,0.1937768136461576,3,1
407,9,0.20101342350244522,2,1
408,10,0.041460778564214706,1,1
409,-33,0.31012139397419314,44,1
410,-33,0.23292633658275008,24,0
411,-50,0.24155148282647132,50,0
412,9,0.14993593841791153,2,1
413,-7,0.27591898985621,18,1
414,8,0.10660742223262787,3,1
415,5,0.33618229627609253,6,1
416,10,0.02028428018093109,1,1
417,9,0.10829162783920765,2,1
418,9,0.5018545687198639,2,1
419,7,0.4326548418030143,4,1
420,10,0.04635234177112579,1,1
421,10,0.3061330318450928,1,1
422,-19,0.26100605813165506,30,1
423,-10,0.239027738571167,1,0
424,9,0.11123725399374962,2,1
425,-50,0.29831876065582036,50,0
426,7,0.4421478137373924,4,1
427,8,0.2534640356898308,3,1
428,8,0.33280041813850403,3,1
429,6,0.3307238042354584,5,1
430,7,0.3322865962982178,4,1
431,8,0.36152639985084534,3,1
432,-50,0.3148356827348471,50,0
433,9,0.32996904850006104,2,1
434,-33,0.31507475284690206,44,1
435,3,0.2443123795092106,8,1
436,9,0.2322947233915329,2,1
437,10,0.33322352170944214,1,1
438,7,0.2382100448012352,4,1
439,10,0.23894086480140686,1,1
440,9,0.38026823103427887,2,1
441,6,0.33671687841415404,5,1
442,-50,0.30806299909949303,50,0
443,-11,0.266320412131873,22,1
444,6,0.28010277152061464,5,1
445,-31,0.3388212825215998,42,1
446,7,0.327572800219059,4,1
447,-10,0.3523932695388794,1,0
448,-50,0.27525064777582886,50,0
449,5,0.19613451200226942,6,1
450,9,0.1369505301117897,2,1
451,7,0.152981074526906,4,1
452,-50,0.22852935004979372,50,0
453,-50,0.1961850406229496,50,0
454,10,0.09213727712631226,1,1
455,-50,0.21305588476359844,50,0
456,7,0.20247576758265495,4,1
457,5,0.17541073635220528,6,1
458,-10,0.3563861846923828,1,0
459,-17,0.2033742843195796,28,1
460,10,0.19997194409370422,1,1
461,-10,0.5399539470672607,1,0
462,-11,0.32290807366371155,2,0
463,10,0.09928800910711288,1,1
464,10,0.1711561381816864,1,1
465,-50,0.23266840253025292,50,0
466,8,0.20620125532150269,3,1
467,9,0.15139706246554852,2,1
468,5,0.19779734561840692,6,1
469,10,0.1011766567826271,1,1
470,10,0.5651999711990356,1,1
471,-7,0.2523418135113186,18,1
472,10,0.160991832613945,1,1
473,8,0.21506217867136002,3,1
474,8,0.1666268433133761,3,1
475,-19,0.22396027222275733,10,0
476,-11,0.17651267197321763,22,1
477,7,0.23992166481912136,4,1
478,8,0.15224447349707285,3,1
479,8,0.12722667555014291,3,1
480,10,0.3768600821495056,1,1
481,9,0.24177106842398643,2,1
482,5,0.3906059463818868,6,1
483,9,0.18049438297748566,2,1
484,9,0.5465657114982605,2,1
485,9,0.33182547986507416,2,1
486,-11,0.18019796162843704,2,0
487,10,0.17484503984451294,1,1
488,9,0.1711452193558216,2,1
489,9,0.30063478648662567,2,1
490,5,0.2345884790023168,6,1
491,-11,0.3378218114376068,2,0
492,9,0.12981797382235527,2,1
493,8,0.18010237564643225,3,1
494,-50,0.2258840351551771,50,0
495,-20,0.277130902534531,31,1
496,7,0.22320394590497017,4,1
497,9,0.2196802794933319,2,1
498,9,0.42988309264183044,2,1
499,5,0.2341616190969944,6,1
500,9,0.6728931814432144,2,1
501,3,0.27961384132504463,8,1
502,9,0.21305174380540848,2,1
503,10,0.17014563083648682,1,1
504,-11,0.20896663889288902,2,0
505,3,0.29032531194388866,8,1
506,8,0.2308062935868899,3,1
507,9,0.40867801755666733,2,1
508,9,0.2635212689638138,2,1
509,7,0.2475339937955141,4,1
510,9,0.1156550869345665,2,1
511,-50,0.2812300680577755,50,0
512,9,0.43167394399642944,2,1
513,-29,0.25764043498784306,40,1
514,6,0.40238494277000425,5,1
515,7,0.20053645968437195,4,1
516,-10,0.15512552857398987,1,0
517,8,0.3482246200243632,3,1
518,7,0.423737108707428,4,1
519,8,0.2675126890341441,3,1
520,10,0.09175179153680801,1,1
521,-10,0.09679965674877167,1,0
522,-13,0.27970537170767784,4,0
523,-6,0.2341844069168848,17,1
524,-50,0.21031008772552012,50,0
525,8,0.21174115935961405,3,1
526,9,0.13620245829224586,2,1
527,7,0.2533959709107876,4,1
528,0,0.22996316782452844,11,1
529,10,0.12432834506034851,1,1
530,0,0.23002632165497,11,1
531,-50,0.23277501679956913,50,0
532,8,0.1160690834124883,3,1
533,6,0.3278944671154022,5,1
534,10,0.0852258950471878,1,1
535,-12,0.1498264620701472,3,0
536,8,0.24258107940355936,3,1
537,9,0.13732347264885902,2,1
538,9,0.2742231413722038,2,1
539,-50,0.2119192089140415,50,0
540,10,0.1592165231704712,1,1
541,-31,0.2123539841600827,42,1
542,-18,0.2106793836272996,29,1
543,8,0.17664322008689246,3,1
544,-9,0.19885718412697315,20,1
545,-50,0.1905661392211914,50,0
546,10,0.19131611287593842,1,1
547,7,0.15333746932446957,4,1
548,6,0.13941437155008315,5,1
549,3,0.1170888408087194,8,1
550,0,0.2404461997476491,11,1
551,9,0.1257496029138565,2,1
552,8,0.12376278142134349,3,1
553,10,0.15957918763160706,1,1
554,9,0.15848559886217117,2,1
555,8,0.08201295509934425,3,1
556,-36,0.1942258502046267,27,0
557,10,0.15752774477005005,1,1
558,9,0.1980687528848648,2,1
559,-25,0.17984608164988458,16,0
560,10,0.07001864165067673,1,1
561,8,0.18200192352135977,3,1
562,-10,0.3134641647338867,1,0
563,9,0.17787421867251396,2,1
564,6,0.12907181009650232,5,1
565,-6,0.21419465980109045,17,1
566,9,0.18186674267053604,2,1
567,-50,0.2216618174314499,50,0
568,9,0.10626745969057083,2,1
569,-11,0.21064694970846176,2,0
570,-10,0.1814476102590561,1,0
571,-50,0.15287551756948234,50,0
572,9,0.064820546656847,2,1
573,9,0.15279310569167137,2,1
574,-50,0.2132141460850835,50,0
575,6,0.17163169085979463,5,1
576,-10,0.12209038436412811,1,0
577,10,0.04175984859466553,1,1
578,9,0.10095958411693573,2,1
579,9,0.0194502305239439,2,1
580,9,0.1998269036412239,2,1
581,-18,0.3256544723849872,29,1
582,10,0.11179649829864502,1,1
583,8,0.3545776655276616,3,1
584,9,0.2584949806332588,2,1
585,10,0.11849656701087952,1,1
586,9,0.2625495083630085,2,1
587,-50,0.3467666386440396,50,0
588,7,0.21321403793990612,4,1
589,6,0.4209496691823006,5,1
590,9,0.19810638576745987,2,1
591,8,0.6960455179214478,3,1
592,10,0.9131581783294678,1,1
593,10,0.22557978332042694,1,1
594,9,0.06192474812269211,2,1
595,-50,0.3282854911312461,50,0
596,-35,0.34620221704244614,26,0
597,9,0.2582940310239792,2,1
598,-50,0.2626106372475624,50,0
599,9,0.28383393585681915,2,1
600,-21,0.23434717685449868,32,1
601,-5,0.2286216695792973,16,1
602,8,0.1594454993804296,3,1
603,8,0.3501618504524231,3,1
604,9,0.22653452306985855,2,1
605,-50,0.27324326407164334,50,0
606,-16,0.29932104902608053,7,0
607,-50,0.275924718901515,50,0
608,10,0.1657790094614029,1,1
609,9,0.2611587271094322,2,1
610,-12,0.13921276231606802,3,0
611,8,0.373731126387914,3,1
612,7,0.4978759288787842,4,1
613,-10,0.4144035279750824,1,0
614,-23,0.268078519798377,34,1
615,-50,0.25089015111327173,50,0
616,9,0.3827693462371826,2,1
617,-12,0.24694437409440675,3,0
618,-10,0.31981428819043295,21,1
619,7,0.27861060108989477,4,1
620,9,0.1240045577287674,2,1
621,10,0.06598096340894699,1,1
622,10,0.34508299827575684,1,1
623,-45,0.31855715894036823,36,0
624,-50,0.2721979811415076,50,0
625,9,0.37953265756368637,2,1
626,10,0.30730098485946655,1,1
627,7,0.20578480511903763,4,1
628,10,0.12171781063079834,1,1
629,-3,0.20706396496721677,14,1
630,9,0.3714500702917576,2,1
631,6,0.219683875143528,5,1
632,8,0.2807019551595052,3,1
633,9,0.5081368982791901,2,1
634,-12,0.2852417478958766,3,0
635,-13,0.24918849874908724,24,1
636,-50,0.19560473151504992,50,0
637,-10,0.0771072506904602,1,0
638,-15,0.19233708255566084,26,1
639,8,0.6519075632095337,3,1
640,7,0.22137051075696945,4,1
641,9,0.10643919929862022,2,1
642,-50,0.3025190156698227,50,0
643,8,0.25468142330646515,3,1
644,-50,0.2675116728246212,50,0
645,-29,0.21412155721336604,40,1
646,8,0.24631894628206888,3,1
647,9,0.3645167499780655,2,1
648,1,0.33348186165094373,10,1
649,10,0.043843574821949005,1,1
650,7,0.11522209830582142,4,1
651,6,0.18460720628499985,5,1
652,-21,0.2634961536775033,12,0
653,-18,0.32872223378769283,29,1
654,7,0.4526870511472225,4,1
655,9,0.2216343879699707,2,1
656,10,0.09519439935684204,1,1
657,-13,0.3555047996342182,4,0
658,-50,0.2704691378772259,50,0
659,9,0.18108686059713364,2,1
660,7,0.2336750403046608,4,1
661,7,0.19942281767725945,4,1
662,10,0.419147789478302,1,1
663,9,0.2219000905752182,2,1
664,10,0.52279132604599,1,1
665,-50,0.2860810126364231,50,0
666,6,0.1340082496404648,5,1
667,10,0.26585012674331665,1,1
668,8,0.22618359327316284,3,1
669,-50,0.28723588548600676,50,0
670,8,0.36485369006792706,3,1
671,10,0.24658164381980896,1,1
672,10,0.3717309236526489,1,1
673,-7,0.28973466033736867,18,1
674,9,0.2406778335571289,2,1
675,10,0.3466930389404297,1,1
676,-4,0.3059634293119113,15,1
677,-11,0.22901805490255356,2,0
678,6,0.10995963588356972,5,1
679,-28,0.2420818952745513,19,0
680,8,0.11964837213357289,3,1
681,8,0.1369046395023664,3,1
682,-50,0.23829385608434678,50,0
683,-35,0.19151243667763013,26,0
684,6,0.2539666123688221,5,1
685,6,0.1577945113182068,5,1
686,-50,0.22253308162093163,50,0
687,-38,0.20354620055580624,49,1
688,10,0.19620844721794128,1,1
689,-10,0.4016360342502594,1,0
690,5,0.1418367736041546,6,1
691,7,0.1556561291217804,4,1
692,10,0.10792138427495956,1,1
693,10,0.8124863505363464,1,1
694,-32,0.20233516308457353,43,1
695,9,0.13030846416950226,2,1
696,4,0.23030428162642888,7,1
697,8,0.19877497355143228,3,1
698,8,0.1171702320377032,3,1
699,-11,0.09663429111242294,2,0
700,-20,0.24239440646863752,31,1
701,10,0.1939367949962616,1,1
702,6,0.24511979818344115,5,1
703,-11,0.287331473082304,2,0
704,10,0.03734953701496124,1,1
705,-50,0.20351313605904578,50,0
706,-10,0.09745959937572479,1,0
707,8,0.10460542514920235,3,1
708,5,0.29025569682319957,6,1
709,8,0.1622545470794042,3,1
710,5,0.1610437606771787,6,1
711,8,0.14412507663170496,3,1
712,8,0.1757152279218038,3,1
713,8,0.2570391322175662,3,1
714,10,0.15051651000976562,1,1
715,-50,0.19171612486243247,50,0
716,7,0.27576983347535133,4,1
717,3,0.17864459240809083,8,1
718,8,0.238333726922671,3,1
719,8,0.22215483585993448,3,1
720,-10,0.11079804599285126,1,0
721,9,0.43596847355365753,2,1
722,8,0.17157335579395294,3,1
723,10,0.02707173116505146,1,1
724,-24,0.15816384058977875,35,1
725,7,0.1582839246839285,4,1
726,-50,0.19195303231477737,50,0
727,9,0.142757847905159,2,1
728,-50,0.1819098476693034,50,0
729,-23,0.13067996392355247,34,1
730,9,0.44854824244976044,2,1
731,6,0.257437989115715,5,1
732,-50,0.15188798818737267,50,0
733,8,0.28047257103025913,3,1
734,10,0.06582224369049072,1,1
735,8,0.30160362521807355,3,1
736,-21,0.12093206867575645,32,1
737,-50,0.15303569465875624,50,0
738,-16,0.14656029641628265,7,0
739,8,0.23066846777995428,3,1
740,9,0.16505789384245872,2,1
741,9,0.3208261579275131,2,1
742,6,0.08430189304053784,5,1
743,-10,0.04244221746921539,1,0
744,-11,0.10666471719741821,2,0
745,5,0.08074236350754897,6,1
746,9,0.1357543058693409,2,1
747,-50,0.1887885800562799,50,0
748,9,0.14066274464130402,2,1
749,10,0.3025001585483551,1,1
750,-13,0.20924616511911154,4,0
751,8,0.2657848472396533,3,1
752,-6,0.1926127101897317,17,1
753,8,0.1738347386320432,3,1
754,8,0.07620484195649624,3,1
755,9,0.3050330989062786,2,1
756,-50,0.229552980363369,50,0
757,-11,0.2793909050524235,2,0
758,7,0.21533617563545704,4,1
759,9,0.17146313190460205,2,1
760,9,0.20699631795287132,2,1
761,9,0.24856314808130264,2,1
762,-33,0.2513263345780698,44,1
763,7,0.30901772156357765,4,1
764,6,0.16766200810670853,5,1
765,-29,0.24851894164457916,40,1
766,-50,0.2926241693645716,50,0
767,7,0.29145974665880203,4,1
768,9,0.3111637234687805,2,1
769,9,0.21875633299350739,2,1
770,8,0.42475344737370807,3,1
771,8,0.37401511271794635,3,1
772,10,0.4293021559715271,1,1
773,-12,0.40715768933296204,3,0
774,9,0.29677945375442505,2,1
775,6,0.17652315273880959,5,1
776,10,0.2347007840871811,1,1
777,10,0.11778894066810608,1,1
778,9,0.2624836713075638,2,1
779,-18,0.28299402792392103,29,1
780,-50,0.26940577395260334,50,0
781,-14,0.10175742134451866,5,0
782,9,0.06862664222717285,2,1
783,10,0.17303524911403656,1,1
784,9,0.2944227457046509,2,1
785,7,0.34770233929157257,4,1
786,7,0.19253426603972912,4,1
787,1,0.18690073043107985,10,1
788,-12,0.22036793331305185,3,0
789,7,0.38142532855272293,4,1
790,-50,0.23190351992845534,50,0
791,-1,0.28495764794449013,12,1
792,9,0.23944143950939178,2,1
793,-50,0.2528200739622116,50,0
794,-50,0.27901826225221155,50,0
795,7,0.2569340281188488,4,1
796,8,0.25089048097531,3,1
797,8,0.12128446002801259,3,1
798,9,0.21438779681921005,2,1
799,-58,0.2170628912898959,49,0
800,8,0.2285583813985189,3,1
801,-12,0.23698440939188004,3,0
802,8,0.19149546325206757,3,1
803,9,0.6438984274864197,2,1
804,8,0.3072126507759094,3,1
805,-26,0.22511458054587646,37,1
806,7,0.27489782497286797,4,1
807,9,0.17775024473667145,2,1
808,8,0.11297423020005226,3,1
809,9,0.07486555259674788,2,1
810,10,0.27406153082847595,1,1
811,9,0.3000550866127014,2,1
812,-50,0.20509966157376766,50,0
813,7,0.28505538776516914,4,1
814,7,0.20919578149914742,4,1
815,7,0.3968760762363672,4,1
816,-10,0.3214695453643799,1,0
817,10,0.17081581056118011,1,1
818,-3,0.3041159279112305,14,1
819,8,0.27876333395640057,3,1
820,-10,0.14538520574569702,1,0
821,-23,0.33354996429646716,34,1
822,9,0.43940238654613495,2,1
823,9,0.356698215007782,2,1
824,4,0.20020744417394912,7,1
825,10,0.2200573980808258,1,1
826,-10,0.6348615884780884,1,0
827,10,0.24048124253749847,1,1
828,8,0.5117082099119822,3,1
829,10,0.06666132807731628,1,1
830,-34,0.3271705442667007,25,0
831,8,0.3027668396631877,3,1
832,8,0.19051638742287955,3,1
833,7,0.13783420622348785,4,1
834,9,0.37631335854530334,2,1
835,9,0.3445265665650368,2,1
836,-22,0.28851710775723827,13,0
837,8,0.42311693727970123,3,1
838,-10,0.21799087524414062,1,0
839,10,0.19626609981060028,1,1
840,8,0.06185028205315272,3,1
841,8,0.17484263330698013,3,1
842,10,0.14956670999526978,1,1
843,-1,0.3087203639249007,12,1
844,-11,0.18234188109636307,2,0
845,10,0.4645814299583435,1,1
846,10,0.15916889905929565,1,1
847,-50,0.2649240180850029,50,0
848,-10,0.18118998408317566,1,0
849,8,0.615388552347819,3,1
850,10,0.15568779408931732,1,1
851,7,0.1516359429806471,4,1
852,-12,0.2515691761737284,23,1
853,8,0.1764882206916809,3,1
854,9,0.1633199378848076,2,1
855,7,0.5203336551785469,4,1
856,6,0.3802787005901337,5,1
857,-23,0.2551938933985574,14,0
858,7,0.24301224201917648,4,1
859,9,0.12846627086400986,2,1
860,9,0.4519207701086998,2,1
861,9,0.23599328100681305,2,1
862,8,0.17028158158063889,3,1
863,-10,0.35631126165390015,1,0
864,9,0.19450636208057404,2,1
865,-50,0.280380746498704,50,0
866,7,0.14532889425754547,4,1
867,7,0.16903691366314888,4,1
868,9,0.592646449804306,2,1
869,9,0.16204450279474258,2,1
870,-11,0.3344025334173983,22,1
871,-50,0.2799004127085209,50,0
872,-10,0.268015593290329,1,0
873,10,0.11952852457761765,1,1
874,10,0.24076513946056366,1,1
875,7,0.1894874908030033,4,1
876,9,0.49678538739681244,2,1
877,6,0.12689336240291596,5,1
878,8,0.19829953461885452,3,1
879,8,0.10169618700941403,3,1
880,-50,0.24359961971640587,50,0
881,-11,0.08897973597049713,2,0
882,8,0.15606201067566872,3,1
883,9,0.19675517082214355,2,1
884,10,0.26406437158584595,1,1
885,-14,0.23614220798015595,25,1
886,7,0.11504643596708775,4,1
887,8,0.2807507812976837,3,1
888,9,0.17463620379567146,2,1
889,8,0.12137807905673981,3,1
890,8,0.11447381476561229,3,1
891,-13,0.21048901230096817,4,0
892,-11,0.03833337314426899,2,0
893,-10,0.10370877385139465,1,0
894,9,0.41522225737571716,2,1
895,7,0.3038480766117573,4,1
896,-11,0.1791761429472403,22,1
897,8,0.12123206506172816,3,1
898,-11,0.20206143707036972,2,0
899,9,0.17656850069761276,2,1
900,9,0.11162693053483963,2,1
901,-10,0.05949864536523819,1,0
902,10,0.5676725506782532,1,1
903,-11,0.15774459764361382,2,0
904,-50,0.2717233358323574,50,0
905,-50,0.28321588136255743,50,0
906,10,0.07394754886627197,1,1
907,8,0.12398208181063335,3,1
908,10,0.09555082023143768,1,1
909,3,0.2541793994605541,8,1
910,-10,0.11625480651855469,1,0
911,9,0.14889423921704292,2,1
912,7,0.16920671239495277,4,1
913,10,0.21560946106910706,1,1
914,6,0.41852574944496157,5,1
915,9,0.357332319021225,2,1
916,10,0.1468612253665924,1,1
917,9,0.20236629992723465,2,1
918,9,0.17615652084350586,2,1
919,9,0.2691560313105583,2,1
920,9,0.492135614156723,2,1
921,10,0.045250676572322845,1,1
922,8,0.240004430214564,3,1
923,9,0.411857008934021,2,1
924,8,0.3070247371991475,3,1
925,7,0.23477255180478096,4,1
926,8,0.13187230875094733,3,1
927,10,0.10809201747179031,1,1
928,10,0.10945658385753632,1,1
929,6,0.23047108054161072,5,1
930,5,0.22718939060966173,6,1
931,5,0.2709308862686157,6,1
932,10,0.14236679673194885,1,1
933,9,0.42741161584854126,2,1
934,8,0.15290046979983649,3,1
935,-7,0.17506582765943474,18,1
936,9,0.10201774537563324,2,1
937,6,0.10295667573809623,5,1
938,-14,0.13218901455402374,5,0
939,9,0.13699273765087128,2,1
940,8,0.2664939636985461,3,1
941,9,0.27326254546642303,2,1
942,-11,0.11019692942500114,2,0
943,-50,0.22941021433100103,50,0
944,-10,0.073895663022995,1,0
945,9,0.48166562616825104,2,1
946,-20,0.22957016804045247,31,1
947,10,0.4080960750579834,1,1
948,8,0.14900281031926474,3,1
949,9,0.3779386430978775,2,1
950,-11,0.1818533590571447,22,1
951,8,0.10095840692520142,3,1
952,10,0.03683759272098541,1,1
953,6,0.2524472653865814,5,1
954,-15,0.21858422415187725,26,1
955,9,0.08613363653421402,2,1
956,-10,0.34265702962875366,1,0
957,6,0.16048109605908395,5,1
958,-50,0.2779815271496773,50,0
959,-30,0.1787692981703979,41,1
960,9,0.23642234317958355,2,1
961,6,0.4275342345237732,5,1
962,10,0.22310307621955872,1,1
963,10,0.2730658948421478,1,1
964,8,0.18381335586309433,3,1
965,7,0.1050414377823472,4,1
966,-50,0.19292777974158526,50,0
967,9,0.2057373896241188,2,1
968,7,0.2424440523609519,4,1
969,8,0.15245780845483145,3,1
970,9,0.1744069755077362,2,1
971,-4,0.2272084377706051,15,1
972,-50,0.19978159241378307,50,0
973,-11,0.5984328836202621,2,0
974,-50,0.18642187532037496,50,0
975,10,0.04128552973270416,1,1
976,8,0.1984562873840332,3,1
977,9,0.08672377839684486,2,1
978,10,0.0678691416978836,1,1
979,10,0.05948258191347122,1,1
980,8,0.21226217846075693,3,1
981,8,0.38518011818329495,3,1
982,-50,0.18253597147762776,50,0
983,7,0.20504688378423452,4,1
984,10,0.03701770305633545,1,1
985,7,0.39252281840890646,4,1
986,9,0.20145294070243835,2,1
987,-13,0.099066280759871,4,0
988,7,0.3032807200215757,4,1
989,9,0.28056651540100574,2,1
990,9,0.5389963984489441,2,1
991,-49,0.2646019998472184,40,0
992,9,0.12051364779472351,2,1
993,9,0.4037451818585396,2,1
994,8,0.15472782154877981,3,1
995,10,0.020025214180350304,1,1
996,10,0.28079333901405334,1,1
997,9,0.1512122806161642,2,1
998,8,0.04674914292991161,3,1
999,7,0.3221511170268059,4,1
1000,10,0.0626886859536171,1,1
1,5,0.18093134245524803,6,1
2,-50,0.19174445860087871,50,0
3,9,0.4017089754343033,2,1
4,8,0.26355576515197754,3,1
5,9,0.30378513783216476,2,1
6,7,0.13795881532132626,4,1
7,-50,0.23691140253096818,50,0
8,7,0.20399073651060462,4,1
9,9,0.5416641160845757,2,1
10,9,0.16280507296323776,2,1
11,-10,0.0954359769821167,1,0
12,8,0.6964526548981667,3,1
13,4,0.16583753749728203,7,1
14,-12,0.4980848530928294,3,0
15,6,0.2498731404542923,5,1
16,10,0.5017216205596924,1,1
17,-11,0.2267015278339386,2,0
18,-14,0.27726313799619673,25,1
19,-50,0.281516490355134,50,0
20,10,0.22788886725902557,1,1
21,10,0.8113629817962646,1,1
22,10,0.45172232389450073,1,1
23,-20,0.3348046955201895,31,1
24,-50,0.26029567144811155,50,0
25,7,0.3329103998839855,4,1
26,10,0.5129955410957336,1,1
27,-50,0.24496583677828312,50,0
28,8,0.4299993763367335,3,1
29,-10,0.5065594911575317,1,0
30,9,0.5309124290943146,2,1
31,7,0.3796369507908821,4,1
32,-50,0.27743822045624256,50,0
33,-51,0.2367030992394402,42,0
34,9,0.2779938131570816,2,1
35,10,0.21757392585277557,1,1
36,9,0.07194053381681442,2,1
37,-30,0.14692422800830432,21,0
38,7,0.14661133475601673,4,1
39,-50,0.22230738904327155,50,0
40,9,0.08169812709093094,2,1
41,4,0.4179876574448177,7,1
42,9,0.1678978130221367,2,1
43,8,0.10096345096826553,3,1
44,10,0.6239992380142212,1,1
45,10,0.7607837915420532,1,1
46,8,0.3149858315785726,3,1
47,9,0.30236878246068954,2,1
48,-11,0.367382250726223,2,0
49,7,0.11246846988797188,4,1
50,7,0.4146476313471794,4,1
51,-50,0.25229718871414664,50,0
52,10,0.2784891426563263,1,1
53,-3,0.1861783637266074,14,1
54,9,0.30249602161347866,2,1
55,10,0.24266807734966278,1,1
56,9,0.491592213511467,2,1
57,8,0.4699130157629649,3,1
58,9,0.12013807147741318,2,1
59,-12,0.29290176701286563,23,1
60,9,0.08346201479434967,2,1
61,9,0.38536518812179565,2,1
62,5,0.15379543416202068,6,1
63,-28,0.2444200475150958,39,1
64,-28,0.28242908378964976,19,0
65,8,0.12063430498043697,3,1
66,8,0.15845920890569687,3,1
67,10,0.08788163959980011,1,1
68,10,0.09588320553302765,1,1
69,7,0.3032393790781498,4,1
70,10,0.05813481658697128,1,1
71,-13,0.26954265404492617,24,1
72,10,0.6721934080123901,1,1
73,10,0.11316262185573578,1,1
74,-8,0.2191624551227218,19,1
75,8,0.13088332240780196,3,1
76,-14,0.2548856544494629,25,1
77,3,0.14336758200079203,8,1
78,-50,0.20403564140200614,50,0
79,-11,0.12735070660710335,2,0
80,-27,0.29098498644797427,38,1
81,-11,0.17905228585004807,2,0
82,10,0.5662381649017334,1,1
83,9,0.32490915060043335,2,1
84,-10,0.0662384182214737,1,0
85,-23,0.283404128954691,34,1
86,7,0.19699867442250252,4,1
87,5,0.20525394876797995,6,1
88,10,0.17013433575630188,1,1
89,7,0.323708213865757,4,1
90,5,0.2959538499514262,6,1
91,7,0.17004630714654922,4,1
92,8,0.2412270506223043,3,1
93,9,0.08991026878356934,2,1
94,8,0.3511432359615962,3,1
95,9,0.24865079671144485,2,1
96,-4,0.4009635716676712,15,1
97,10,0.14864958822727203,1,1
98,10,0.27494966983795166,1,1
99,-11,0.2624150172553279,22,1
100,10,0.15175797045230865,1,1
101,9,0.13015484064817429,2,1
102,-50,0.261104094684124,50,0
103,8,0.3531881372133891,3,1
104,7,0.11506843380630016,4,1
105,-10,0.1302356719970703,1,0
106,-10,0.11799575388431549,1,0
107,-50,0.29812956884503367,50,0
108,-50,0.1862939152866602,50,0
109,-48,0.18370942771434784,39,0
110,10,0.04993924871087074,1,1
111,10,0.16870102286338806,1,1
112,-29,0.26189528848044574,40,1
113,8,0.3490632623434067,3,1
114,-10,0.31290382146835327,1,0
115,8,0.28781654437383014,3,1
116,-50,0.26253906220197676,50,0
117,10,0.07023223489522934,1,1
118,10,0.05820409208536148,1,1
119,10,0.6169289946556091,1,1
120,-14,0.1571188597381115,25,1
121,8,0.24727122113108635,3,1
122,6,0.19143208265304565,5,1
123,8,0.1303576653202375,3,1
124,9,0.2903502434492111,2,1
125,6,0.1954183578491211,5,1
126,9,0.21268418431282043,2,1
127,-50,0.18480821836739778,50,0
128,10,0.42832598090171814,1,1
129,-50,0.15524200029671192,50,0
130,7,0.12863144651055336,4,1
131,10,0.08660582453012466,1,1
132,-50,0.15463925195857883,50,0
133,7,0.07036535535007715,4,1
134,8,0.09347631161411603,3,1
135,7,0.08601495204493403,4,1
136,6,0.0741250243037939,5,1
137,9,0.24735631793737411,2,1
138,9,0.19275769591331482,2,1
139,-19,0.14651345321908593,30,1
140,8,0.18904481828212738,3,1
141,9,0.029667542316019535,2,1
142,-10,0.18978617748334295,21,1
143,-10,0.08666282892227173,1,0
144,4,0.18362538090773992,7,1
145,-30,0.13641158970338957,21,0
146,10,0.12370685487985611,1,1
147,-36,0.11382082447488891,47,1
148,-16,0.17164876777678728,27,1
149,8,0.13963184133172035,3,1
150,8,0.08315470690528552,3,1
151,8,0.1774053250749906,3,1
152,8,0.2885064333677292,3,1
153,9,0.03190398309379816,2,1
154,8,0.1535155214369297,3,1
155,10,0.07043115049600601,1,1
156,8,0.02936724293977022,3,1
157,-34,0.11794147931246293,45,1
158,-50,0.1518223693408072,50,0
159,8,0.19321580107013384,3,1
160,9,0.08307694271206856,2,1
161,-50,0.1333435472473502,50,0
162,9,0.10893549304455519,2,1
163,-50,0.12254683314822615,50,0
164,7,0.051892366260290146,4,1
165,8,0.051400210708379745,3,1
166,9,0.08010182529687881,2,1
167,-10,0.09653858840465546,1,0
168,9,0.13160348683595657,2,1
169,10,0.14398911595344543,1,1
170,-30,0.1105338844993129,41,1
171,8,0.147965669631958,3,1
172,-26,0.17019610081774159,37,1
173,8,0.10653807719548543,3,1
174,8,0.25052783886591595,3,1
175,-50,0.14046181216835976,50,0
176,10,0.05983554944396019,1,1
177,9,0.06641236692667007,2,1
178,7,0.223206483758986,4,1
179,7,0.19771126424893737,4,1
180,7,0.13298186846077442,4,1
181,-50,0.15035345647484064,50,0
182,-12,0.2725025986631711,3,0
183,7,0.19811755325645208,4,1
184,5,0.1380485954384009,6,1
185,8,0.10305247207482655,3,1
186,10,0.026094088330864906,1,1
187,7,0.0704015102237463,4,1
188,-50,0.13301049647852778,50,0
189,9,0.08748660795390606,2,1
190,9,0.045175882056355476,2,1
191,10,0.12424100935459137,1,1
192,10,0.05334682762622833,1,1
193,8,0.3190966745217641,3,1
194,-50,0.1341834681853652,50,0
195,7,0.1642821729183197,4,1
196,-22,0.14906794385928096,33,1
197,8,0.16857659568389258,3,1
198,-50,0.11366953233256936,50,0
199,10,0.21816343069076538,1,1
200,-50,0.14132937114685773,50,0
201,-50,0.13550344692543148,50,0
202,8,0.22267164289951324,3,1
203,6,0.2407698690891266,5,1
204,8,0.17839750150839487,3,1
205,9,0.09566821530461311,2,1
206,-26,0.17872476376391747,37,1
207,7,0.21755325980484486,4,1
208,-10,0.13426846265792847,1,0
209,9,0.15851353108882904,2,1
210,9,0.23007455468177795,2,1
211,10,0.1960795819759369,1,1
212,-3,0.15030118490436248,14,1
213,8,0.07374896605809529,3,1
214,5,0.14191134025653204,6,1
215,10,0.21626178920269012,1,1
216,10,0.32245248556137085,1,1
217,9,0.22635772824287415,2,1
218,6,0.13423941154032945,5,1
219,9,0.1122741773724556,2,1
220,10,0.7544271349906921,1,1
221,7,0.1679107677191496,4,1
222,-50,0.1681671868264675,50,0
223,1,0.08901235572993756,10,1
224,-19,0.19167027703175943,30,1
225,9,0.21039798855781555,2,1
226,10,0.34334394335746765,1,1
227,-34,0.1711679515739282,45,1
228,7,0.13960577361285686,4,1
229,9,0.11698370426893234,2,1
230,7,0.08650213945657015,4,1
231,10,0.08528958261013031,1,1
232,9,0.10042331367731094,2,1
233,7,0.07904563937336206,4,1
234,9,0.31142184138298035,2,1
235,10,0.24571609497070312,1,1
236,-7,0.09092934802174568,18,1
237,9,0.15922781452536583,2,1
238,10,0.14471222460269928,1,1
239,8,0.2832780157526334,3,1
240,10,0.14544786512851715,1,1
241,8,0.3277362436056137,3,1
242,8,0.15901477138201395,3,1
243,8,0.16099229454994202,3,1
244,10,0.05875086411833763,1,1
245,10,0.06978463381528854,1,1
246,10,0.2090981900691986,1,1
247,10,0.05741496384143829,1,1
248,9,0.19896000623703003,2,1
249,8,0.13495294749736786,3,1
250,7,0.17804176732897758,4,1
251,10,0.15843993425369263,1,1
252,10,0.0956251472234726,1,1
253,-21,0.16442126594483852,12,0
254,-10,0.10938313603401184,1,0
255,10,0.10661041736602783,1,1
256,8,0.16712504252791405,3,1
257,8,0.09452200929323833,3,1
258,5,0.19575254370768866,6,1
259,-50,0.22518254652619363,50,0
260,9,0.18806865066289902,2,1
261,8,0.1864999234676361,3,1
262,8,0.1539668863018354,3,1
263,7,0.15893657878041267,4,1
264,4,0.19839730805584363,7,1
265,-12,0.11033972849448521,3,0
266,8,0.17610392471154532,3,1
267,9,0.09145186841487885,2,1
268,-3,0.21571083100778715,14,1
269,-50,0.212874908298254,50,0
270,5,0.323819858332475,6,1
271,8,0.23170645534992218,3,1
272,9,0.08318571746349335,2,1
273,10,0.3775402307510376,1,1
274,8,0.17075985670089722,3,1
275,7,0.1106283888220787,4,1
276,7,0.2407764159142971,4,1
277,10,0.10132388770580292,1,1
278,10,0.26415055990219116,1,1
279,7,0.18601548671722412,4,1
280,-10,0.22488996386528015,1,0
281,-1,0.23123271483927965,12,1
282,8,0.10971480856339137,3,1
283,9,0.12638500146567822,2,1
284,10,0.15887272357940674,1,1
285,10,0.34823617339134216,1,1
286,9,0.14406266063451767,2,1
287,8,0.1870859314997991,3,1
288,8,0.18192710975805917,3,1
289,-50,0.19300102084875106,50,0
290,4,0.19530283766133444,7,1
291,-50,0.19185047827661036,50,0
292,8,0.18490237494309744,3,1
293,-2,0.1347702515239899,13,1
294,10,0.11230631917715073,1,1
295,9,0.16291509568691254,2,1
296,-40,0.14166295612531324,31,0
297,7,0.23492557369172573,4,1
298,7,0.1940177083015442,4,1
299,-37,0.19243569672107697,48,1
300,8,0.20647248129049936,3,1
301,-10,0.13698160648345947,1,0
302,5,0.22297979642947516,6,1
303,7,0.16767630353569984,4,1
304,9,0.21250047534704208,2,1
305,9,0.19890548288822174,2,1
306,7,0.2771798837929964,4,1
307,-50,0.177638937830925,50,0
308,8,0.09414192785819371,3,1
309,8,0.10194163396954536,3,1
310,8,0.1275116428732872,3,1
311,9,0.12088820897042751,2,1
312,7,0.26875371113419533,4,1
313,-34,0.19462060958147048,25,0
314,7,0.15786459855735302,4,1
315,5,0.12509581757088503,6,1
316,10,0.09105455875396729,1,1
317,10,0.04377949237823486,1,1
318,9,0.09391562640666962,2,1
319,9,0.279456552118063,2,1
320,-19,0.13896091530720392,30,1
321,8,0.1474785457054774,3,1
322,-7,0.17552699252135223,18,1
323,5,0.18861026192704836,6,1
324,4,0.23202544344323023,7,1
325,9,0.1352706328034401,2,1
326,8,0.25970274209976196,3,1
327,10,0.1728687584400177,1,1
328,9,0.11350822821259499,2,1
329,-50,0.1807308579236269,50,0
330,8,0.07709882594645023,3,1
331,9,0.08386664092540741,2,1
332,-4,0.1338786227007707,15,1
333,8,0.07560404017567635,3,1
334,10,0.028340604156255722,1,1
335,-6,0.26596286684712944,17,1
336,10,0.15171858668327332,1,1
337,8,0.1841226083536943,3,1
338,9,0.05080166272819042,2,1
339,8,0.1459734911719958,3,1
340,7,0.15091338381171227,4,1
341,6,0.1287253864109516,5,1
342,-18,0.15847863558808278,29,1
343,10,0.3174203634262085,1,1
344,9,0.19791902229189873,2,1
345,-52,0.13531931559013766,43,0
346,7,0.1502604689449072,4,1
347,-8,0.17448461408677854,19,1
348,-11,0.2176106870174408,2,0
349,9,0.07608966156840324,2,1
350,-39,0.11184765752404928,30,0
351,9,0.2690544053912163,2,1
352,-50,0.16035668540745973,50,0
353,8,0.05834612995386124,3,1
354,9,0.10762070491909981,2,1
355,7,0.27359792217612267,4,1
356,8,0.3173605551322301,3,1
357,7,0.19727211259305477,4,1
358,8,0.17240730300545692,3,1
359,8,0.11448722674200933,3,1
360,9,0.14787495881319046,2,1
361,4,0.2016727083495685,7,1
362,-50,0.16217859756201505,50,0
363,10,0.05278759449720383,1,1
364,9,0.03664835914969444,2,1
365,8,0.12391398598750432,3,1
366,5,0.14629296896358332,6,1
367,-3,0.12825635075569153,14,1
368,-30,0.15554279061715778,41,1
369,9,0.20192629843950272,2,1
370,-50,0.13014324691146612,50,0
371,8,0.13854322830835977,3,1
372,8,0.1148627648750941,3,1
373,-20,0.1812623627183418,31,1
374,-50,0.12110362829640507,50,0
375,10,0.09417153894901276,1,1
376,7,0.09723373129963875,4,1
377,10,0.15743541717529297,1,1
378,-42,0.1746191182597117,33,0
379,-30,0.24187581740864894,41,1
380,7,0.27386658638715744,4,1
381,10,0.44865334033966064,1,1
382,10,0.09420712292194366,1,1
383,10,0.01225521694868803,1,1
384,10,0.6032108068466187,1,1
385,9,0.27280138432979584,2,1
386,9,0.20541782677173615,2,1
387,8,0.24026276667912802,3,1
388,-12,0.16606339688102403,3,0
389,10,0.3838347792625427,1,1
390,9,0.3074208274483681,2,1
391,9,0.3738037198781967,2,1
392,-10,0.34424370527267456,1,0
393,8,0.17667638758818308,3,1
394,-10,0.26144689321517944,1,0
395,10,0.09422104060649872,1,1
396,-10,0.02476918324828148,1,0
397,10,0.16652992367744446,1,1
398,-50,0.22228224847465752,50,0
399,9,0.27181170880794525,2,1
400,10,0.5367982983589172,1,1
401,-50,0.24507323630154132,50,0
402,9,0.30691344290971756,2,1
403,-37,0.20193396198252836,48,1
404,8,0.095918503900369,3,1
405,8,0.12418436010678609,3,1
406,8,0.18293015658855438,3,1
407,8,0.29964332779248554,3,1
408,10,0.22902636229991913,1,1
409,9,0.12353938445448875,2,1
410,-4,0.21708923528591792,15,1
411,9,0.21217255294322968,2,1
412,9,0.21276778727769852,2,1
413,-34,0.19026914735635123,45,1
414,3,0.2629714300855994,8,1
415,10,0.11678463220596313,1,1
416,7,0.30724553763866425,4,1
417,10,0.18642649054527283,1,1
418,-10,0.33245572447776794,1,0
419,7,0.131397670134902,4,1
420,7,0.12110538594424725,4,1
421,7,0.21740473806858063,4,1
422,10,0.3777076005935669,1,1
423,9,0.18177689611911774,2,1
424,10,0.24877718091011047,1,1
425,9,0.14724880456924438,2,1
426,8,0.13727884739637375,3,1
427,9,0.13399096578359604,2,1
428,2,0.19293057835764355,9,1
429,-50,0.2623702359199524,50,0
430,9,0.19361963868141174,2,1
431,6,0.30185430496931076,5,1
432,10,0.249746173620224,1,1
433,4,0.23578425177506038,7,1
434,9,0.10081112571060658,2,1
435,-10,0.28602585196495056,1,0
436,9,0.10076609626412392,2,1
437,7,0.2690250426530838,4,1
438,9,0.09545943140983582,2,1
439,10,0.23970986902713776,1,1
440,10,0.06453501433134079,1,1
441,10,0.18301627039909363,1,1
442,-10,0.17257948219776154,1,0
443,8,0.21039502819379172,3,1
444,-38,0.29091533812983283,29,0
445,7,0.1025186674669385,4,1
446,9,0.11465148627758026,2,1
447,-14,0.1818693235516548,5,0
448,9,0.400724321603775,2,1
449,-50,0.2626212168857455,50,0
450,-13,0.3565657176077366,4,0
451,10,0.1381951868534088,1,1
452,2,0.2802404678530163,9,1
453,-10,0.4487011432647705,1,0
454,-32,0.16857915744185448,43,1
455,-38,0.23073168664143004,29,0
456,8,0.33891885975996655,3,1
457,-50,0.19607197046279906,50,0
458,9,0.25873810052871704,2,1
459,10,0.6085986495018005,1,1
460,7,0.25240665674209595,4,1
461,-12,0.31726762652397156,3,0
462,9,0.3593980371952057,2,1
463,10,0.6478769779205322,1,1
464,-50,0.33446103177964687,50,0
465,8,0.09632956857482593,3,1
466,-18,0.19509544185009495,29,1
467,10,0.15421408414840698,1,1
468,10,0.0902535691857338,1,1
469,-11,0.10016100108623505,2,0
470,10,0.06582621484994888,1,1
471,9,0.11273109912872314,2,1
472,-10,0.1044059693813324,1,0
473,7,0.18024824373424053,4,1
474,5,0.28853213662902516,6,1
475,8,0.2968101849158605,3,1
476,9,0.4677671194076538,2,1
477,7,0.24023497104644775,4,1
478,10,0.04142262786626816,1,1
479,8,0.15154852469762167,3,1
480,9,0.4644281268119812,2,1
481,9,0.12167669832706451,2,1
482,8,0.40593108783165616,3,1
483,8,0.31827084223429364,3,1
484,-50,0.2528312726318836,50,0
485,9,0.34390878677368164,2,1
486,-50,0.20785597421228885,50,0
487,-15,0.17993364253869423,26,1
488,9,0.17228175699710846,2,1
489,6,0.13915530294179917,5,1
490,-11,0.3517913222312927,2,0
491,-11,0.08661585301160812,2,0
492,9,0.16325096786022186,2,1
493,8,0.1239398221174876,3,1
494,-12,0.10464830572406451,3,0
495,9,0.10194137319922447,2,1
496,9,0.1361587680876255,2,1
497,-10,0.05713146924972534,1,0
498,-11,0.25598207116127014,2,0
499,1,0.36196701750159266,10,1
500,-47,0.2255142238971434,38,0
501,-10,0.05273967981338501,1,0
502,10,0.9548697471618652,1,1
503,9,0.08149025589227676,2,1
504,9,0.20539451763033867,2,1
505,8,0.21822858105103174,3,1
506,8,0.2214654510219892,3,1
507,7,0.145514952018857,4,1
508,-50,0.2207703919708729,50,0
509,-50,0.29024760477244854,50,0
510,7,0.2300243079662323,4,1
511,7,0.2676521399989724,4,1
512,10,0.3719053864479065,1,1
513,9,0.14587663859128952,2,1
514,8,0.3454844305912654,3,1
515,-50,0.22567136432975532,50,0
516,8,0.49850762883822125,3,1
517,2,0.14194626588788298,9,1
518,6,0.2514506194740534,5,1
519,-10,0.11735139787197113,1,0
520,10,0.0285014808177948,1,1
521,7,0.21160032227635384,4,1
522,2,0.28286488395598197,9,1
523,8,0.12332204232613246,3,1
524,-11,0.7003395557403564,2,0
525,4,0.1840330639055797,7,1
526,6,0.31450911462306974,5,1
527,9,0.847499817609787,2,1
528,9,0.42041831463575363,2,1
529,-20,0.17350521683692932,11,0
530,9,0.36659928783774376,2,1
531,-25,0.22037452831864357,36,1
532,-15,0.21184322116180107,26,1
533,9,0.13445037603378296,2,1
534,7,0.35343829169869423,4,1
535,9,0.16114962846040726,2,1
536,-28,0.28319453977440534,19,0
537,10,0.2265528291463852,1,1
538,-50,0.1711563927680254,50,0
539,8,0.4380204379558563,3,1
540,10,0.04486047476530075,1,1
541,-3,0.23832898626902274,14,1
542,8,0.06290412694215775,3,1
543,-11,0.27621590346097946,2,0
544,10,0.0501919686794281,1,1
545,8,0.2184905099372069,3,1
546,8,0.2926449378331502,3,1
547,7,0.30521165765821934,4,1
548,-50,0.17831063343212009,50,0
549,8,0.24157744149367014,3,1
550,10,0.150700643658638,1,1
551,8,0.1162316898504893,3,1
552,7,0.12156462483108044,4,1
553,6,0.2831633612513542,5,1
554,-12,0.12700154880682626,3,0
555,-10,0.07322397083044052,1,0
556,9,0.24757281690835953,2,1
557,-15,0.18324217945337296,26,1
558,10,0.1700117141008377,1,1
559,9,0.27657458931207657,2,1
560,6,0.1561032623052597,5,1
561,8,0.0395750068128109,3,1
562,-50,0.1968508991971612,50,0
563,-1,0.278325615140299,12,1
564,-19,0.2163389464840293,30,1
565,8,0.1177078274389108,3,1
566,9,0.3066386915743351,2,1
567,6,0.13837020844221115,5,1
568,10,0.04851306974887848,1,1
569,9,0.10610344633460045,2,1
570,10,0.029148124158382416,1,1
571,7,0.12251159828156233,4,1
572,-50,0.19300418894737958,50,0
573,-25,0.16494979488197714,16,0
574,9,0.3728727400302887,2,1
575,-50,0.22119189569726586,50,0
576,4,0.2451271340250969,7,1
577,-50,0.16175262747332453,50,0
578,7,0.19457907229661942,4,1
579,7,0.3009410835802555,4,1
580,8,0.46530404686927795,3,1
581,8,0.11162714163462321,3,1
582,8,0.09070890210568905,3,1
583,10,0.11943498253822327,1,1
584,-50,0.18490067159757018,50,0
585,10,0.4058000445365906,1,1
586,10,0.25111478567123413,1,1
587,8,0.3732365034520626,3,1
588,10,0.11178432404994965,1,1
589,8,0.05624175754686197,3,1
590,6,0.2919583529233932,5,1
591,8,0.14095029731591543,3,1
592,-50,0.20805629739537834,50,0
593,8,0.23404221857587496,3,1
594,10,0.8383172750473022,1,1
595,10,0.02885112352669239,1,1
596,10,0.04452301189303398,1,1
597,7,0.1764357816427946,4,1
598,8,0.297664575278759,3,1
599,-50,0.2526046650856733,50,0
600,-51,0.20601383658746877,42,0
601,8,0.059626360734303795,3,1
602,10,0.05311789736151695,1,1
603,9,0.11846252903342247,2,1
604,-10,0.1313493698835373,1,0
605,9,0.162990003824234,2,1
606,10,0.08534285426139832,1,1
607,8,0.376476248105367,3,1
608,7,0.24901517666876316,4,1
609,7,0.0885718697682023,4,1
610,9,0.09475448913872242,2,1
611,10,0.044421661645174026,1,1
612,7,0.3878584951162338,4,1
613,6,0.12470227256417274,5,1
614,-14,0.18867921829223633,25,1
615,8,0.48818808794021606,3,1
616,-10,0.25164422392845154,1,0
617,9,0.21432136744260788,2,1
618,10,0.08244335651397705,1,1
619,-50,0.22777844477444886,50,0
620,10,0.1632494330406189,1,1
621,9,0.23322713375091553,2,1
622,-10,0.02900063246488571,1,0
623,7,0.1524451095610857,4,1
624,5,0.4290290102362633,6,1
625,-31,0.25899947257268996,42,1
626,9,0.25350504368543625,2,1
627,10,0.06461264938116074,1,1
628,-4,0.2286185834556818,15,1
629,10,0.4317145347595215,1,1
630,-50,0.27647287253290415,50,0
631,10,0.2970501780509949,1,1
632,7,0.09944073483347893,4,1
633,9,0.07953034341335297,2,1
634,6,0.2831425666809082,5,1
635,7,0.16040053125470877,4,1
636,9,0.13445604220032692,2,1
637,6,0.3645977586507797,5,1
638,8,0.18758620818456015,3,1
639,-35,0.20903555449584257,46,1
640,10,0.41375890374183655,1,1
641,10,0.11867007613182068,1,1
642,5,0.1307106427848339,6,1
643,8,0.13567431767781576,3,1
644,-50,0.27753845700994134,50,0
645,-26,0.23845269344747066,37,1
646,6,0.21293868720531464,5,1
647,7,0.2975890766829252,4,1
648,9,0.4008898362517357,2,1
649,-11,0.26892051845788956,2,0
650,6,0.17966721653938295,5,1
651,9,0.14037984795868397,2,1
652,-40,0.24485140798553343,31,0
653,8,0.1293349638581276,3,1
654,-35,0.25296747426574046,26,0
655,8,0.4055333932240804,3,1
656,9,0.482485756278038,2,1
657,10,0.16761085391044617,1,1
658,9,0.16605883091688156,2,1
659,9,0.47779248654842377,2,1
660,-50,0.29707126747816803,50,0
661,-13,0.13189882598817348,4,0
662,10,0.2327350378036499,1,1
663,-50,0.23138938210904597,50,0
664,10,0.20322975516319275,1,1
665,-17,0.298186413012445,8,0
666,8,0.18761038283507028,3,1
667,10,0.9682321548461914,1,1
668,10,0.30773597955703735,1,1
669,7,0.13598708249628544,4,1
670,8,0.21581865350405374,3,1
671,-50,0.3045463575422764,50,0
672,8,0.11280057082573573,3,1
673,9,0.08605079725384712,2,1
674,8,0.2756972958644231,3,1
675,10,0.0702841654419899,1,1
676,10,0.03854195773601532,1,1
677,9,0.32337046414613724,2,1
678,-12,0.20550556356708208,3,0
679,7,0.3039256650954485,4,1
680,9,0.20929114148020744,2,1
681,10,0.13002905249595642,1,1
682,8,0.2568324953317642,3,1
683,-11,0.24867684495719997,22,1
684,9,0.15949027985334396,2,1
685,9,0.2774045355618,2,1
686,5,0.3834187909960747,6,1
687,9,0.1307307630777359,2,1
688,6,0.2986844599246979,5,1
689,7,0.3041923940181732,4,1
690,6,0.20364616215229034,5,1
691,8,0.12592048943042755,3,1
692,-10,0.22122175991535187,1,0
693,3,0.28824115451425314,8,1
694,-14,0.18339308619499206,25,1
695,10,0.3076692223548889,1,1
696,6,0.06849340572953225,5,1
697,8,0.15943348159392676,3,1
698,10,0.41784197092056274,1,1
699,-11,0.1542811170220375,2,0
700,9,0.14240910112857819,2,1
701,6,0.44151880145072936,5,1
702,10,0.4306771159172058,1,1
703,9,0.3423979692161083,2,1
704,10,0.3166780173778534,1,1
705,9,0.22364969551563263,2,1
706,6,0.16029068380594252,5,1
707,8,0.33203061918417615,3,1
708,9,0.18770784884691238,2,1
709,10,0.08522084355354309,1,1
710,10,0.572637677192688,1,1
711,8,0.3010910004377365,3,1
712,7,0.11743832100182772,4,1
713,9,0.29078951478004456,2,1
714,7,0.11424077674746513,4,1
715,-21,0.2612647863570601,32,1
716,7,0.26769546791911125,4,1
717,10,0.29997897148132324,1,1
718,-50,0.2802694144099951,50,0
719,9,0.6440480351448059,2,1
720,-50,0.20357457902282478,50,0
721,9,0.2980441376566887,2,1
722,8,0.3832022398710251,3,1
723,-6,0.13682805286610827,17,1
724,7,0.09363454580307007,4,1
725,10,0.06762906908988953,1,1
726,10,0.1429254114627838,1,1
727,10,0.0478675439953804,1,1
728,-50,0.13676238749176264,50,0
729,8,0.15190299848715463,3,1
730,9,0.09596635401248932,2,1
731,8,0.24314633260170618,3,1
732,8,0.2878234659632047,3,1
733,10,0.1047104150056839,1,1
734,9,0.12647747248411179,2,1
735,10,0.08298122137784958,1,1
736,8,0.11583562816182773,3,1
737,-50,0.2603679732233286,50,0
738,10,0.04626787453889847,1,1
739,6,0.2501767560839653,5,1
740,7,0.16667962446808815,4,1
741,-10,0.03944841027259827,1,0
742,-44,0.17991832159459592,35,0
743,9,0.5048020333051682,2,1
744,9,0.16598185896873474,2,1
745,9,0.14184145629405975,2,1
746,7,0.1753513365983963,4,1
747,8,0.08124388630191486,3,1
748,10,0.03498785197734833,1,1
749,-36,0.2022976870549486,47,1
750,7,0.18876365199685097,4,1
751,10,0.26649025082588196,1,1
752,8,0.1385483182966709,3,1
753,9,0.1953982412815094,2,1
754,-11,0.04378759302198887,2,0
755,9,0.15413442626595497,2,1
756,8,0.14490287005901337,3,1
757,7,0.2364041619002819,4,1
758,-8,0.16797007120361454,19,1
759,9,0.4645802602171898,2,1
760,-24,0.17557621200879414,15,0
761,8,0.10252689321835835,3,1
762,-45,0.15881876233551237,36,0
763,-11,0.06922736763954163,2,0
764,-50,0.16108617387712001,50,0
765,10,0.07548242807388306,1,1
766,10,0.35163167119026184,1,1
767,-50,0.1749336536973715,50,0
768,7,0.12939674872905016,4,1
769,9,0.054019711911678314,2,1
770,8,0.06302230680982272,3,1
771,9,0.04337821248918772,2,1
772,-50,0.11102255955338478,50,0
773,9,0.05174573138356209,2,1
774,-4,0.06375231432418028,15,1
775,-50,0.09908040538430214,50,0
776,-28,0.1085015092140589,39,1
777,9,0.11772993206977844,2,1
778,-10,0.06955414491572551,21,1
779,-13,0.20511016296222806,4,0
780,9,0.07644720748066902,2,1
781,-50,0.11260928751900792,50,0
782,10,0.05376916378736496,1,1
783,8,0.053262499471505485,3,1
784,10,0.029606524854898453,1,1
785,10,0.034251511096954346,1,1
786,7,0.102939173579216,4,1
787,9,0.036107956897467375,2,1
788,8,0.14316468623777232,3,1
789,6,0.10395414233207703,5,1
790,10,0.2619498372077942,1,1
791,-38,0.147222405451597,49,1
792,8,0.03533339872956276,3,1
793,-11,0.02570665441453457,2,0
794,9,0.23016376048326492,2,1
795,-10,0.08063655346632004,1,0
796,10,0.11608658730983734,1,1
797,9,0.1392304114997387,2,1
798,9,0.21736333519220352,2,1
799,10,0.06411237269639969,1,1
800,9,0.09096383675932884,2,1
801,-10,0.21247738599777222,1,0
802,9,0.17807280831038952,2,1
803,-18,0.13743379339575768,29,1
804,-50,0.17484057884663343,50,0
805,9,0.08875235915184021,2,1
806,9,0.08026283979415894,2,1
807,-50,0.13288954191841185,50,0
808,6,0.08500798679888248,5,1
809,9,0.07454654388129711,2,1
810,-11,0.20880599319934845,2,0
811,9,0.1433722861111164,2,1
812,-47,0.16125611274650223,38,0
813,10,0.09509049355983734,1,1
814,10,0.028167560696601868,1,1
815,9,0.09792366437613964,2,1
816,7,0.16748723946511745,4,1
817,-11,0.25536512210965157,2,0
818,-11,0.20948868989944458,2,0
819,8,0.18278183043003082,3,1
820,-10,0.1806945502758026,1,0
821,-50,0.16089653372764587,50,0
822,8,0.23335799823204675,3,1
823,10,0.13256916403770447,1,1
824,10,0.2222965657711029,1,1
825,9,0.27630262076854706,2,1
826,10,0.44792795181274414,1,1
827,8,0.24651475499073663,3,1
828,8,0.19912394136190414,3,1
829,9,0.239456444978714,2,1
830,7,0.16123656928539276,4,1
831,7,0.1820822600275278,4,1
832,9,0.2831791490316391,2,1
833,9,0.07139642350375652,2,1
834,-50,0.16984781164675952,50,0
835,-10,0.23032116889953613,1,0
836,9,0.09211638011038303,2,1
837,9,0.18798294104635715,2,1
838,-12,0.24425048132737479,3,0
839,-50,0.20440208688378333,50,0
840,10,0.25501275062561035,1,1
841,6,0.20260554924607277,5,1
842,-11,0.37459851056337357,2,0
843,8,0.15089877943197885,3,1
844,5,0.17882298305630684,6,1
845,-13,0.3455037362873554,4,0
846,10,0.17477452754974365,1,1
847,8,0.19333627074956894,3,1
848,-50,0.2107745562121272,50,0
849,9,0.2481546327471733,2,1
850,9,0.14681177586317062,2,1
851,-50,0.20533013500273228,50,0
852,9,0.06518715433776379,2,1
853,7,0.19378332793712616,4,1
854,9,0.17152024433016777,2,1
855,9,0.21660305559635162,2,1
856,5,0.13496372910837331,6,1
857,9,0.26236383989453316,2,1
858,10,0.3356936275959015,1,1
859,-50,0.25532638158649207,50,0
860,10,0.13315188884735107,1,1
861,-50,0.20676412800326943,50,0
862,-14,0.07468093894422054,5,0
863,8,0.33901461213827133,3,1
864,7,0.08906345907598734,4,1
865,10,0.11084180325269699,1,1
866,7,0.14337066933512688,4,1
867,10,0.5549002885818481,1,1
868,-28,0.19027165896617448,39,1
869,8,0.2051945502559344,3,1
870,10,0.10551518946886063,1,1
871,8,0.1013079322874546,3,1
872,9,0.08643832057714462,2,1
873,-50,0.18880722600966693,50,0
874,9,0.24615900218486786,2,1
875,-50,0.18707417748868466,50,0
876,8,0.18257891138394675,3,1
877,6,0.06177214756608009,5,1
878,10,0.10858422517776489,1,1
879,7,0.0922496635466814,4,1
880,-11,0.11209481734443795,22,1
881,6,0.15183692723512648,5,1
882,9,0.06815033033490181,2,1
883,9,0.08523711562156677,2,1
884,6,0.37075612843036654,5,1
885,-8,0.19677169287675306,19,1
886,10,0.042899612337350845,1,1
887,8,0.1918406436840693,3,1
888,9,0.07342633605003357,2,1
889,7,0.11092525627464056,4,1
890,7,0.13565215468406677,4,1
891,7,0.201381154358387,4,1
892,-34,0.1891246816350354,45,1
893,-10,0.2434059977531433,1,0
894,-10,0.03748375177383423,1,0
895,-12,0.2550167168180148,3,0
896,10,0.04829978197813034,1,1
897,9,0.08858509361743927,2,1
898,6,0.1379263386130333,5,1
899,-19,0.22658639773726463,10,0
900,-10,0.46852195262908936,1,0
901,7,0.15754816681146622,4,1
902,8,0.15276681880156198,3,1
903,10,0.315187007188797,1,1
904,9,0.16786476224660873,2,1
905,-10,0.08849939703941345,1,0
906,-34,0.17043028010262384,45,1
907,6,0.23161290735006332,5,1
908,8,0.1861132284005483,3,1
909,7,0.16579896863549948,4,1
910,-50,0.22132604725658894,50,0
911,-16,0.3494821015213217,7,0
912,10,0.06366053223609924,1,1
913,10,0.07138001918792725,1,1
914,9,0.08937971293926239,2,1
915,9,0.2975645214319229,2,1
916,0,0.23563510755246336,11,1
917,0,0.14037219299511475,11,1
918,9,0.4074215069413185,2,1
919,9,0.24175343662500381,2,1
920,9,0.17036935687065125,2,1
921,8,0.171637162566185,3,1
922,5,0.2563695528854926,6,1
923,9,0.30771197378635406,2,1
924,7,0.17054379545152187,4,1
925,8,0.20245256274938583,3,1
926,6,0.1652022622525692,5,1
927,-50,0.17082365039736033,50,0
928,-50,0.14966145902872086,50,0
929,-10,0.07787302881479263,1,0
930,-11,0.3633388541638851,2,0
931,3,0.2657892247661948,8,1
932,7,0.1288973856717348,4,1
933,5,0.23077034453550974,6,1
934,7,0.09582764841616154,4,1
935,-12,0.14655819535255432,23,1
936,10,0.212344691157341,1,1
937,10,0.04439486190676689,1,1
938,-50,0.18889512047171592,50,0
939,7,0.1457014735788107,4,1
940,7,0.14818190969526768,4,1
941,-21,0.14049596060067415,32,1
942,5,0.12651521526277065,6,1
943,8,0.12641083697477976,3,1
944,9,0.1192052885890007,2,1
945,9,0.14196674898266792,2,1
946,10,0.0607326403260231,1,1
947,-27,0.16075855961657667,38,1
948,-12,0.1393086090683937,3,0
949,8,0.08637667074799538,3,1
950,9,0.11018159240484238,2,1
951,8,0.0773938571413358,3,1
952,10,0.18103069067001343,1,1
953,10,0.2683168649673462,1,1
954,-50,0.14574873074889183,50,0
955,8,0.16915698597828546,3,1
956,7,0.16192668303847313,4,1
957,10,0.1726740449666977,1,1
958,9,0.15348750352859497,2,1
959,10,0.21595817804336548,1,1
960,-50,0.16586158715188504,50,0
961,9,0.10866443812847137,2,1
962,7,0.22398103214800358,4,1
963,7,0.13181891478598118,4,1
964,7,0.08287928998470306,4,1
965,5,0.14232084434479475,6,1
966,7,0.17427563946694136,4,1
967,9,0.17378343641757965,2,1
968,-11,0.22223709523677826,2,0
969,9,0.0810968205332756,2,1
970,3,0.08724201330915093,8,1
971,-35,0.1640863446113856,46,1
972,-21,0.12102332507492974,32,1
973,9,0.2517061233520508,2,1
974,-50,0.13098153293132783,50,0
975,6,0.16856265552341937,5,1
976,-11,0.12899655103683472,2,0
977,9,0.10308597423136234,2,1
978,-50,0.1297647887468338,50,0
979,8,0.14215731372435889,3,1
980,8,0.07939329246679942,3,1
981,7,0.02494173520244658,4,1
982,-10,0.06711811572313309,1,0
983,7,0.1369112990796566,4,1
984,8,0.04628128930926323,3,1
985,-16,0.10970574084462391,27,1
986,-30,0.11543929474655448,41,1
987,10,0.02611331269145012,1,1
988,10,0.017586398869752884,1,1
989,8,0.07427783620854218,3,1
990,-14,0.1545944532006979,25,1
991,-50,0.1292141754180193,50,0
992,10,0.09480611234903336,1,1
993,9,0.06896556727588177,2,1
994,3,0.10030056536197662,8,1
995,9,0.04607172403484583,2,1
996,7,0.1387524213641882,4,1
997,9,0.12181603908538818,2,1
998,7,0.23247123789042234,4,1
999,9,0.14117657765746117,2,1
1000,9,0.06250583566725254,2,1
1,9,0.04095333442091942,2,1
2,10,0.14152204990386963,1,1
3,8,0.10646213016783197,3,1
4,7,0.1766901481896639,4,1
5,-50,0.17702667459845542,50,0
6,8,0.1445726758490006,3,1
7,10,0.24437564611434937,1,1
8,8,0.0800166055560112,3,1
9,8,0.06250168817738692,3,1
10,-50,0.13892918836325407,50,0
11,9,0.13565116003155708,2,1
12,-10,0.17377886176109314,1,0
13,10,0.12722888588905334,1,1
14,9,0.1408025324344635,2,1
15,8,0.1897475322087606,3,1
16,9,0.059516821056604385,2,1
17,7,0.22722578793764114,4,1
18,9,0.15908923745155334,2,1
19,9,0.2066464200615883,2,1
20,-50,0.16997986927628517,50,0
21,-50,0.16123460933566094,50,0
22,-50,0.16423946961760522,50,0
23,-3,0.19520035545740808,14,1
24,-50,0.16466067660599948,50,0
25,-10,0.019975285977125168,1,0
26,9,0.0974188819527626,2,1
27,7,0.18503977730870247,4,1
28,8,0.32067836572726566,3,1
29,10,0.05285704880952835,1,1
30,7,0.10636815056204796,4,1
31,7,0.17137164063751698,4,1
32,9,0.21672281622886658,2,1
33,8,0.1908941032985846,3,1
34,9,0.3151648938655853,2,1
35,10,0.07256688177585602,1,1
36,7,0.16400414612144232,4,1
37,9,0.09138855338096619,2,1
38,8,0.13495091473062834,3,1
39,-42,0.19570491096061288,33,0
40,-9,0.1538398596458137,20,1
41,10,0.08364138007164001,1,1
42,8,0.09932858248551686,3,1
43,9,0.02921613398939371,2,1
44,9,0.09304146282374859,2,1
45,-10,0.2314017117023468,1,0
46,8,0.21036148071289062,3,1
47,8,0.26837823291619617,3,1
48,-50,0.1916528210416436,50,0
49,8,0.3848126431306203,3,1
50,10,0.14987300336360931,1,1
51,8,0.31431270639101666,3,1
52,8,0.26404451578855515,3,1
53,8,0.071187029282252,3,1
54,-10,0.03201233968138695,1,0
55,3,0.15855917055159807,8,1
56,-18,0.13210799131128523,9,0
57,9,0.06788064911961555,2,1
58,-58,0.15799935462371428,49,0
59,-27,0.14711159604944682,38,1
60,9,0.35403039678931236,2,1
61,10,0.5140549540519714,1,1
62,-10,0.1908959448337555,1,0
63,9,0.3447977751493454,2,1
64,8,0.16342424601316452,3,1
65,9,0.23138979449868202,2,1
66,-10,0.044911906123161316,1,0
67,7,0.19112595357000828,4,1
68,8,0.13371223956346512,3,1
69,-31,0.16728860929253556,42,1
70,-11,0.1485755458812822,22,1
71,8,0.1485441674788793,3,1
72,-11,0.3249750602990389,2,0
73,9,0.10792655125260353,2,1
74,-11,0.11814124137163162,2,0
75,10,0.22859732806682587,1,1
76,-31,0.13990214480353252,42,1
77,9,0.6549927294254303,2,1
78,9,0.13576934859156609,2,1
79,9,0.32991892099380493,2,1
80,9,0.2178196683526039,2,1
81,-10,0.10249070078134537,1,0
82,10,0.2957947254180908,1,1
83,5,0.1867049920062224,6,1
84,8,0.12191404650608699,3,1
85,10,0.13497622311115265,1,1
86,9,0.22970037162303925,2,1
87,8,0.26124850412209827,3,1
88,9,0.4026082009077072,2,1
89,8,0.13810418546199799,3,1
90,9,0.10512509942054749,2,1
91,7,0.18139181658625603,4,1
92,-50,0.23965833635955322,41,0
93,8,0.19505066672960916,3,1
94,6,0.18496491014957428,5,1
95,9,0.18819143623113632,2,1
96,-50,0.19518936976790427,50,0
97,9,0.10165956616401672,2,1
98,7,0.2199916560202837,4,1
99,8,0.16195525725682577,3,1
100,9,0.14662276953458786,2,1
101,9,0.36315879225730896,2,1
102,6,0.10578328967094422,5,1
103,10,0.10454688966274261,1,1
104,8,0.21721936762332916,3,1
105,10,0.175674706697464,1,1
106,10,0.06243285909295082,1,1
107,-11,0.19021672755479813,2,0
108,9,0.12919684126973152,2,1
109,8,0.08380359535415967,3,1
110,9,0.06473220512270927,2,1
111,-15,0.1684274896979332,6,0
112,-10,0.18753223990400633,21,1
113,-11,0.10202789679169655,2,0
114,7,0.11287734284996986,4,1
115,8,0.32720624407132465,3,1
116,-54,0.2508232892387443,45,0
117,8,0.19348866492509842,3,1
118,5,0.3776238759358724,6,1
119,10,0.10591129958629608,1,1
120,-18,0.22719227770964304,9,0
121,9,0.1027701161801815,2,1
122,9,0.10001204907894135,2,1
123,9,0.19890209287405014,2,1
124,-17,0.14965971745550632,8,0
125,10,0.09201495349407196,1,1
126,9,0.17866754159331322,2,1
127,9,0.23455335944890976,2,1
128,9,0.2048187553882599,2,1
129,-50,0.22063593477010726,50,0
130,-8,0.20690988474770597,19,1
131,10,0.14262890815734863,1,1
132,9,0.21232658624649048,2,1
133,-5,0.2142132930457592,16,1
134,4,0.15975871682167053,7,1
135,-50,0.18915900185704232,50,0
136,9,0.23553717136383057,2,1
137,-50,0.21770043760538102,50,0
138,-11,0.09100452065467834,2,0
139,-50,0.16308958627283573,50,0
140,-50,0.18668839532881976,50,0
141,10,0.12221919000148773,1,1
142,1,0.21611998081207276,10,1
143,8,0.09640612949927647,3,1
144,8,0.23761391143004099,3,1
145,10,0.22736035287380219,1,1
146,9,0.35595637559890747,2,1
147,10,0.5370211005210876,1,1
148,8,0.27257040143013,3,1
149,-11,0.09964605793356895,2,0
150,-16,0.1591841791652971,27,1
151,10,0.06969119608402252,1,1
152,9,0.06624137982726097,2,1
153,9,0.07162662595510483,2,1
154,8,0.20664022862911224,3,1
155,9,0.10197733715176582,2,1
156,8,0.09068245689074199,3,1
157,9,0.15222105756402016,2,1
158,9,0.11240877583622932,2,1
159,7,0.17227917164564133,4,1
160,7,0.10032524168491364,4,1
161,8,0.07179940243562062,3,1
162,8,0.07862377911806107,3,1
163,7,0.13274168968200684,4,1
164,8,0.11211303373177846,3,1
165,8,0.18871494755148888,3,1
166,8,0.23847692708174387,3,1
167,-50,0.14908931005746126,50,0
168,6,0.2137547940015793,5,1
169,9,0.1485573872923851,2,1
170,5,0.12044224018851916,6,1
171,-10,0.16582802257367543,21,1
172,-12,0.08998822420835495,3,0
173,-10,0.05221889540553093,1,0
174,9,0.3513103574514389,2,1
175,10,0.4471960663795471,1,1
176,8,0.23650660614172617,3,1
177,-20,0.11731850355863571,11,0
178,4,0.16136110733662332,7,1
179,9,0.10731463879346848,2,1
180,9,0.16144291311502457,2,1
181,7,0.0968798827379942,4,1
182,10,0.1513509303331375,1,1
183,10,0.2693776786327362,1,1
184,10,0.09342052042484283,1,1
185,10,0.2271834909915924,1,1
186,-50,0.21510683171451092,50,0
187,-10,0.16495299339294434,1,0
188,8,0.6506424148877462,3,1
189,9,0.07204293832182884,2,1
190,10,0.11346686631441116,1,1
191,-11,0.31638506054878235,2,0
192,10,0.20133844017982483,1,1
193,9,0.08002876490354538,2,1
194,-50,0.1535626243427396,50,0
195,8,0.1454924816886584,3,1
196,8,0.0898827351629734,3,1
197,10,0.13786526024341583,1,1
198,8,0.06245312156776587,3,1
199,-50,0.15311961472034455,50,0
200,7,0.20493704359978437,4,1
201,9,0.15234890580177307,2,1
202,-6,0.12174450890982852,17,1
203,8,0.13470800717671713,3,1
204,-1,0.08868278004229069,12,1
205,-11,0.119155652821064,2,0
206,10,0.14549610018730164,1,1
207,9,0.10435832105576992,2,1
208,8,0.16094791144132614,3,1
209,10,0.033660851418972015,1,1
210,8,0.1865648776292801,3,1
211,4,0.13804762384721211,7,1
212,10,0.15019872784614563,1,1
213,7,0.19990007393062115,4,1
214,9,0.3330538272857666,2,1
215,9,0.2501721456646919,2,1
216,8,0.1523509273926417,3,1
217,9,0.024035614915192127,2,1
218,9,0.04955344647169113,2,1
219,10,0.13518506288528442,1,1
220,9,0.28747546672821045,2,1
221,-50,0.15253038223832846,50,0
222,-24,0.19732398688793182,35,1
223,6,0.13446494340896606,5,1
224,6,0.12483846545219421,5,1
225,8,0.1364640270670255,3,1
226,7,0.20983094722032547,4,1
227,10,0.2293964922428131,1,1
228,10,0.05999281629920006,1,1
229,4,0.2798877294574465,7,1
230,9,0.18630709499120712,2,1
231,10,0.05753609910607338,1,1
232,4,0.22161380308015005,7,1
233,6,0.3123214431107044,5,1
234,-50,0.19307174649089576,50,0
235,8,0.1426135872801145,3,1
236,-50,0.16696840811520816,50,0
237,-10,0.22572751343250275,1,0
238,10,0.0706394836306572,1,1
239,6,0.033250704407691956,5,1
240,-11,0.18318273262544113,22,1
241,9,0.09332732483744621,2,1
242,9,0.25969690829515457,2,1
243,-50,0.20044604796916246,50,0
244,8,0.304841011762619,3,1
245,9,0.31148939579725266,2,1
246,6,0.3009460002183914,5,1
247,10,0.11822337657213211,1,1
248,-48,0.23091720636838522,39,0
249,10,0.1193993017077446,1,1
250,9,0.27795157209038734,2,1
251,8,0.24454026420911154,3,1
252,-28,0.18258691497911245,39,1
253,8,0.34042083223660785,3,1
254,-11,0.09989892691373825,2,0
255,7,0.1839982531964779,4,1
256,10,0.03396996483206749,1,1
257,-50,0.20622991845011712,50,0
258,9,0.2760225683450699,2,1
259,7,0.1867420393973589,4,1
260,9,0.07573690265417099,2,1
261,9,0.06804132461547852,2,1
262,7,0.22793661430478096,4,1
263,-10,0.4428930878639221,1,0
264,10,0.21976393461227417,1,1
265,5,0.18332670132319132,6,1
266,10,0.33356228470802307,1,1
267,-11,0.06718549504876137,2,0
268,-49,0.23138744467869402,40,0
269,-27,0.25523373308150393,38,1
270,8,0.3814687281847,3,1
271,9,0.41602857038378716,2,1
272,-28,0.213486165047074,39,1
273,9,0.20240595564246178,2,1
274,9,0.1569120530039072,2,1
275,-50,0.2417192305624485,50,0
276,8,0.09126768137017886,3,1
277,8,0.24005290741721788,3,1
278,9,0.22668899223208427,2,1
279,7,0.5523840375244617,4,1
280,10,0.28038302063941956,1,1
281,9,0.39836015552282333,2,1
282,-1,0.19559239456430078,12,1
283,-28,0.2760386883448332,39,1
284,6,0.13716289177536964,5,1
285,-38,0.2637867291210865,49,1
286,9,0.2094082087278366,2,1
287,8,0.20319590469201407,3,1
288,-11,0.16830048710107803,2,0
289,8,0.33307308455308277,3,1
290,8,0.121516818801562,3,1
291,-17,0.25334895129448604,28,1
292,8,0.2319427231947581,3,1
293,9,0.24168922007083893,2,1
294,8,0.29526960849761963,3,1
295,-50,0.22859749361872672,50,0
296,-50,0.20271766006946565,50,0
297,8,0.11345575625697772,3,1
298,10,0.20974841713905334,1,1
299,9,0.05385974049568176,2,1
300,-10,0.20317402482032776,1,0
301,8,0.1563953161239624,3,1
302,7,0.2477523759007454,4,1
303,7,0.12982533685863018,4,1
304,-18,0.27263643772437657,29,1
305,6,0.18547561913728713,5,1
306,8,0.22999680787324905,3,1
307,-19,0.228078609953324,30,1
308,-12,0.07894135390718778,3,0
309,-50,0.2552362971007824,50,0
310,8,0.1600687876343727,3,1
311,9,0.2155056595802307,2,1
312,9,0.16592800244688988,2,1
313,7,0.337863614782691,4,1
314,8,0.1726414809624354,3,1
315,8,0.12547800441582999,3,1
316,7,0.24958616122603416,4,1
317,-50,0.1834896933287382,50,0
318,9,0.293467253446579,2,1
319,-19,0.2273621787627538,30,1
320,9,0.10695240274071693,2,1
321,8,0.16706054906050363,3,1
322,6,0.25959696918725966,5,1
323,-11,0.0717273410409689,2,0
324,8,0.2534671947360039,3,1
325,8,0.128571555018425,3,1
326,8,0.22093470146258673,3,1
327,-10,0.2120599001646042,1,0
328,10,0.684135913848877,1,1
329,-50,0.171176445633173,50,0
330,10,0.6751402020454407,1,1
331,6,0.24672505855560303,5,1
332,6,0.3159021645784378,5,1
333,10,0.26086387038230896,1,1
334,8,0.1426414797703425,3,1
335,8,0.1496526151895523,3,1
336,8,0.22289463132619858,3,1
337,10,0.074090875685215,1,1
338,6,0.29813835918903353,5,1
339,10,0.08192873001098633,1,1
340,4,0.17084280028939247,7,1
341,8,0.2386371890703837,3,1
342,-15,0.21177947263305003,26,1
343,8,0.1359304909904798,3,1
344,10,0.10784625262022018,1,1
345,8,0.17395641406377158,3,1
346,7,0.12353416159749031,4,1
347,9,0.08406481519341469,2,1
348,10,0.10984300076961517,1,1
349,-13,0.341333769261837,4,0
350,-44,0.22636205085686276,35,0
351,8,0.12817459801832834,3,1
352,10,0.21635673940181732,1,1
353,9,0.22026782482862473,2,1
354,7,0.49825284257531166,4,1
355,8,0.3182324593265851,3,1
356,10,0.6196566224098206,1,1
357,9,0.07602991163730621,2,1
358,9,0.09345630183815956,2,1
359,8,0.20869200428326926,3,1
360,9,0.08266420662403107,2,1
361,10,0.06733645498752594,1,1
362,-50,0.2355243344604969,50,0
363,6,0.09282525926828385,5,1
364,6,0.17752650678157805,5,1
365,10,0.23135119676589966,1,1
366,8,0.1655311038096746,3,1
367,10,0.20021173357963562,1,1
368,8,0.13930036624272665,3,1
369,7,0.2954755984246731,4,1
370,7,0.16196884121745825,4,1
371,10,0.08090856671333313,1,1
372,8,0.13822866355379423,3,1
373,-5,0.15044442098587751,16,1
374,-10,0.11330865323543549,1,0
375,9,0.12004649639129639,2,1
376,8,0.13417709122101465,3,1
377,9,0.07559598237276077,2,1
378,9,0.19457467272877693,2,1
379,10,0.12997210025787354,1,1
380,-50,0.19858442328870296,50,0
381,9,0.21385028213262558,2,1
382,10,0.3213821053504944,1,1
383,8,0.14717507859071097,3,1
384,-12,0.15307864795128504,3,0
385,-10,0.15520226955413818,1,0
386,5,0.1411469168961048,6,1
387,7,0.30023707263171673,4,1
388,7,0.22364582680165768,4,1
389,10,0.24070364236831665,1,1
390,9,0.2657869905233383,2,1
391,-11,0.15893640369176865,2,0
392,-50,0.19035816080868245,50,0
393,1,0.11781681356951594,10,1
394,0,0.1621082519943064,11,1
395,-50,0.1238433512300253,50,0
396,-50,0.13629586309194563,50,0
397,9,0.1522149071097374,2,1
398,8,0.08865346759557724,3,1
399,-50,0.10076698020100594,50,0
400,8,0.134899007777373,3,1
401,-30,0.11489711270281454,41,1
402,10,0.11916324496269226,1,1
403,8,0.13044421126445135,3,1
404,8,0.07504367580016454,3,1
405,10,0.07592175900936127,1,1
406,10,0.047745928168296814,1,1
407,8,0.10542017718156178,3,1
408,-11,0.2763429908081889,2,0
409,-10,0.0718674436211586,1,0
410,8,0.16927292943000793,3,1
411,9,0.06498467549681664,2,1
412,10,0.04840069264173508,1,1
413,10,0.0927479937672615,1,1
414,9,0.06259412877261639,2,1
415,8,0.0838113563756148,3,1
416,-50,0.08236513778567314,50,0
417,9,0.018254825845360756,2,1
418,5,0.06671358707050483,6,1
419,-15,0.17580024521941176,26,1
420,-37,0.14342214566810677,48,1
421,5,0.14027443962792555,6,1
422,-10,0.028286898508667946,1,0
423,8,0.18520285685857138,3,1
424,7,0.1460922695696354,4,1
425,-11,0.2801512870937586,2,0
426,7,0.18318199180066586,4,1
427,-39,0.14442362083122134,50,1
428,-18,0.1587255672583806,29,1
429,8,0.22384423514207205,3,1
430,-50,0.11818808930494436,41,0
431,9,0.11670765653252602,2,1
432,9,0.15332553535699844,2,1
433,8,0.05963649476567904,3,1
434,-50,0.15510940993204714,50,0
435,9,0.18597356975078583,2,1
436,8,0.08117947727441788,3,1
437,10,0.05314647778868675,1,1
438,7,0.13668462564237416,4,1
439,9,0.035954080522060394,2,1
440,10,0.7975541949272156,1,1
441,5,0.18591008490572372,6,1
442,8,0.19889544043689966,3,1
443,-12,0.11697553346554439,3,0
444,6,0.1459217756986618,5,1
445,7,0.18245931761339307,4,1
446,9,0.042075298726558685,2,1
447,10,0.18416427075862885,1,1
448,-11,0.18188996240496635,2,0
449,9,0.1050586961209774,2,1
450,9,0.03978628106415272,2,1
451,-50,0.18992367900907994,50,0
452,9,0.3222714066505432,2,1
453,8,0.10847062865893047,3,1
454,6,0.06502552777528763,5,1
455,5,0.16979726093510786,6,1
456,9,0.3313237279653549,2,1
457,-15,0.14325750762453446,26,1
458,9,0.18942941911518574,2,1
459,6,0.07270694971084594,5,1
460,10,0.16688981652259827,1,1
461,-50,0.15383910726755856,50,0
462,9,0.13419819250702858,2,1
463,-30,0.19973134284927732,21,0
464,6,0.06829598657786846,5,1
465,9,0.08469116315245628,2,1
466,10,0.1215403825044632,1,1
467,9,0.1074364110827446,2,1
468,-10,0.026134395971894264,1,0
469,4,0.2753320655652455,7,1
470,9,0.18649499490857124,2,1
471,9,0.07269915752112865,2,1
472,7,0.22715750336647034,4,1
473,-18,0.2836342488640341,29,1
474,5,0.17607795478155217,6,1
475,9,0.47079893946647644,2,1
476,10,0.02497600018978119,1,1
477,5,0.08604577121635278,6,1
478,10,0.019288770854473114,1,1
479,9,0.06537799164652824,2,1
480,4,0.2112981230020523,7,1
481,9,0.47284844517707825,2,1
482,-50,0.18172995664179326,50,0
483,7,0.13603475131094456,4,1
484,-50,0.1944495619740337,50,0
485,8,0.4388672510782878,3,1
486,-50,0.18712826907634736,50,0
487,7,0.08531703986227512,4,1
488,7,0.2559965392574668,4,1
489,10,0.08670252561569214,1,1
490,9,0.15554168168455362,2,1
491,9,0.15163582563400269,2,1
492,8,0.2676899929841359,3,1
493,7,0.20611372590065002,4,1
494,10,0.030664900317788124,1,1
495,8,0.042375192046165466,3,1
496,10,0.7692016363143921,1,1
497,8,0.13380150745312372,3,1
498,9,0.16014666110277176,2,1
499,9,0.6158261299133301,2,1
500,8,0.07594039849936962,3,1
501,8,0.09976314753293991,3,1
502,8,0.14776872843503952,3,1
503,8,0.2685830444097519,3,1
504,8,0.22160001595815024,3,1
505,9,0.15087101189419627,2,1
506,10,0.04633532837033272,1,1
507,9,0.3445166200399399,2,1
508,9,0.04373665899038315,2,1
509,-10,0.03141125664114952,1,0
510,7,0.12235764414072037,4,1
511,9,0.126115083694458,2,1
512,9,0.30353885516524315,2,1
513,8,0.26936302582422894,3,1
514,-50,0.2223014912009239,50,0
515,10,0.16413947939872742,1,1
516,-50,0.2203579966723919,50,0
517,9,0.3775942176580429,2,1
518,-18,0.11932517010076292,29,1
519,9,0.21197996474802494,2,1
520,8,0.23247822001576424,3,1
521,9,0.2756541147828102,2,1
522,9,0.07981863245368004,2,1
523,10,0.03528178855776787,1,1
524,9,0.2739376677200198,2,1
525,8,0.14332186679045358,3,1
526,10,0.1544467806816101,1,1
527,10,0.05714155733585358,1,1
528,-11,0.32472626492381096,2,0
529,10,0.12464200705289841,1,1
530,9,0.1644190549850464,2,1
531,9,0.12550169974565506,2,1
532,8,0.11469818154970805,3,1
533,9,0.12538929283618927,2,1
534,-28,0.20628981330455878,39,1
535,7,0.4202094851061702,4,1
536,-11,0.2295569535344839,2,0
537,8,0.3860683838526408,3,1
538,7,0.20124991331249475,4,1
539,7,0.2239594217389822,4,1
540,9,0.2143600806593895,2,1
541,10,0.1536562442779541,1,1
542,8,0.40909173091252643,3,1
543,9,0.20857280492782593,2,1
544,-7,0.17556938735975158,18,1
545,10,0.0915939062833786,1,1
546,7,0.17432333901524544,4,1
547,10,0.06450922787189484,1,1
548,-14,0.19713712975382805,25,1
549,9,0.10846354812383652,2,1
550,9,0.18590937554836273,2,1
551,-32,0.22176751407772996,43,1
552,-27,0.17184875219276077,38,1
553,7,0.13872159272432327,4,1
554,9,0.04891123250126839,2,1
555,9,0.3106783926486969,2,1
556,-50,0.16492777414619922,50,0
557,8,0.2837793007493019,3,1
558,-12,0.3432404547929764,3,0
559,7,0.17848706804215908,4,1
560,10,0.09444161504507065,1,1
561,8,0.2591433897614479,3,1
562,-11,0.15330043231899088,22,1
563,-24,0.16428923362067768,35,1
564,10,0.13079114258289337,1,1
565,9,0.45556700602173805,2,1
566,9,0.2849205285310745,2,1
567,9,0.14088260382413864,2,1
568,-10,0.08807714283466339,1,0
569,8,0.388730230430762,3,1
570,9,0.08970146253705025,2,1
571,9,0.10317818447947502,2,1
572,9,0.23382241278886795,2,1
573,9,0.4482576251029968,2,1
574,10,0.6669774651527405,1,1
575,7,0.07523125689476728,4,1
576,-50,0.24352475084364414,50,0
577,8,0.1242833212018013,3,1
578,10,0.16855460405349731,1,1
579,10,0.1545887142419815,1,1
580,9,0.12802785634994507,2,1
581,3,0.19489986635744572,8,1
582,-2,0.23939869251961893,13,1
583,10,0.17667396366596222,1,1
584,9,0.09108437970280647,2,1
585,8,0.11532056331634521,3,1
586,8,0.09118319302797318,3,1
587,8,0.20841936270395914,3,1
588,-50,0.14696590520441533,50,0
589,10,0.08500368893146515,1,1
590,10,0.07246075570583344,1,1
591,9,0.15873029828071594,2,1
592,8,0.13263948261737823,3,1
593,7,0.5542688081040978,4,1
594,9,0.0723683275282383,2,1
595,-13,0.19520876153061786,24,1
596,8,0.11932778855164845,3,1
597,-17,0.16018611006438732,8,0
598,7,0.1340851578861475,4,1
599,-50,0.19953681871294976,50,0
600,10,0.13299983739852905,1,1
601,7,0.22141327103599906,4,1
602,-12,0.22658195594946542,3,0
603,0,0.16264389556917278,11,1
604,10,0.16093537211418152,1,1
605,10,0.15396246314048767,1,1
606,9,0.08283256180584431,2,1
607,9,0.08849542587995529,2,1
608,9,0.24483627080917358,2,1
609,8,0.18411828577518463,3,1
610,8,0.10907613734404246,3,1
611,9,0.15282970294356346,2,1
612,8,0.0946262776851654,3,1
613,-13,0.19931563921272755,4,0
614,8,0.17091171567638716,3,1
615,8,0.2885013942917188,3,1
616,9,0.4273635894060135,2,1
617,7,0.29616314731538296,4,1
618,10,0.21049807965755463,1,1
619,8,0.05968248223265012,3,1
620,10,0.04999341070652008,1,1
621,-52,0.14336794073325257,43,0
622,5,0.14512622356414795,6,1
623,9,0.19361696392297745,2,1
624,-50,0.16975378043949604,50,0
625,-1,0.13683366123586893,12,1
626,-50,0.13569846779108047,50,0
627,9,0.07235492393374443,2,1
628,10,0.12519994378089905,1,1
629,3,0.16910700127482414,8,1
630,-8,0.15291046762936994,19,1
631,-14,0.15658084496855737,25,1
632,9,0.03122683335095644,2,1
633,-22,0.0976342438635501,33,1
634,-39,0.1148931024223566,50,1
635,5,0.05879372203101715,6,1
636,-10,0.006727042607963085,1,0
637,8,0.14550419400135675,3,1
638,4,0.12200406486434597,7,1
639,-50,0.09857118766754866,50,0
640,9,0.06586229428648949,2,1
641,9,0.06542947329580784,2,1
642,-11,0.09655842117287895,22,1
643,10,0.061902664601802826,1,1
644,8,0.1636942451198896,3,1
645,10,0.07722334563732147,1,1
646,-50,0.09169231127947569,50,0
647,-50,0.10174223925918341,50,0
648,-10,0.03251957893371582,1,0
649,-10,0.02312309294939041,1,0
650,7,0.06183718331158161,4,1
651,7,0.1176396831870079,4,1
652,5,0.07410749948273103,6,1
653,-2,0.05053163885783691,13,1
654,10,0.025131091475486755,1,1
655,9,0.039925459772348404,2,1
656,-3,0.13256340713373252,14,1
657,10,0.022380279377102852,1,1
658,7,0.1446419998537749,4,1
659,9,0.17829767614603043,2,1
660,9,0.12275027856230736,2,1
661,0,0.09374537217346104,11,1
662,8,0.07399372508128484,3,1
663,10,0.030507316812872887,1,1
664,10,0.08516806364059448,1,1
665,6,0.09735446125268936,5,1
666,6,0.1336231328547001,5,1
667,9,0.27141132950782776,2,1
668,10,0.14555925130844116,1,1
669,8,0.08648299177487691,3,1
670,7,0.06451864121481776,4,1
671,10,0.05373694747686386,1,1
672,7,0.1273584496229887,4,1
673,8,0.24680000295241675,3,1
674,-35,0.15371188778511208,46,1
675,-12,0.2090918024381002,3,0
676,8,0.05517409617702166,3,1
677,10,0.1368260383605957,1,1
678,-18,0.1545877411704639,29,1
679,8,0.10453816254933675,3,1
680,9,0.341923326253891,2,1
681,5,0.15977380611002445,6,1
682,8,0.08461304505666097,3,1
683,7,0.04410731187090278,4,1
684,10,0.13112865388393402,1,1
685,9,0.03279422968626022,2,1
686,10,0.0652787834405899,1,1
687,9,0.14455311745405197,2,1
688,7,0.07857710774987936,4,1
689,9,0.23965775687247515,2,1
690,7,0.08606931753456593,4,1
691,-18,0.18121921386698198,29,1
692,5,0.1584837483242154,6,1
693,-50,0.20902677357196808,50,0
694,8,0.09785809988776843,3,1
695,8,0.11574145903189977,3,1
696,8,0.13448242098093033,3,1
697,8,0.12227570017178853,3,1
698,6,0.12474462240934373,5,1
699,-50,0.13149711910635234,50,0
700,7,0.12201318517327309,4,1
701,-50,0.17141255002468825,50,0
702,6,0.25657549127936363,5,1
703,-10,0.06270439922809601,1,0
704,9,0.2393806204199791,2,1
705,9,0.20907322317361832,2,1
706,10,0.13612118363380432,1,1
707,7,0.26718776393681765,4,1
708,-10,0.10027633607387543,1,0
709,10,0.2665714621543884,1,1
710,2,0.2809576234883732,9,1
711,9,0.5177001357078552,2,1
712,10,0.16183987259864807,1,1
713,9,0.3125712275505066,2,1
714,9,0.3504243493080139,2,1
715,10,0.10778266191482544,1,1
716,10,0.05951697379350662,1,1
717,9,0.08336317539215088,2,1
718,10,0.41087576746940613,1,1
719,-13,0.12311274372041225,4,0
720,-50,0.17013672687113285,50,0
721,10,0.07479690760374069,1,1
722,10,0.1482846587896347,1,1
723,9,0.2866198234260082,2,1
724,8,0.11779261877139409,3,1
725,10,0.33399564027786255,1,1
726,8,0.18464751293261847,3,1
727,8,0.04454508672157923,3,1
728,9,0.1387948878109455,2,1
729,9,0.25527720153331757,2,1
730,10,0.04388865828514099,1,1
731,9,0.2056792788207531,2,1
732,10,0.08495597541332245,1,1
733,10,0.4162786602973938,1,1
734,-37,0.16591944297154745,48,1
735,9,0.11841509118676186,2,1
736,8,0.08478926867246628,3,1
737,8,0.2530439893404643,3,1
738,10,0.03877701237797737,1,1
739,-50,0.15686832200735806,50,0
740,-12,0.0693554977575938,3,0
741,7,0.11279624328017235,4,1
742,9,0.10910533741116524,2,1
743,9,0.1298680603504181,2,1
744,7,0.03822694672271609,4,1
745,-33,0.13862934194251217,44,1
746,8,0.0761212899039189,3,1
747,-50,0.16107610734179617,50,0
748,10,0.1898389756679535,1,1
749,10,0.09134428203105927,1,1
750,7,0.329806050285697,4,1
751,7,0.3088007979094982,4,1
752,10,0.15044677257537842,1,1
753,9,0.11497160419821739,2,1
754,8,0.10478093599279721,3,1
755,10,0.28910213708877563,1,1
756,9,0.36379333958029747,2,1
757,10,0.06648366153240204,1,1
758,-12,0.14647813886404037,3,0
759,6,0.32408905774354935,5,1
760,8,0.12099200611313184,3,1
761,10,0.14835287630558014,1,1
762,6,0.11816456615924835,5,1
763,-50,0.1765465336292982,50,0
764,6,0.11472075283527375,5,1
765,10,0.05771264806389809,1,1
766,10,0.021428223699331284,1,1
767,9,0.13877451419830322,2,1
768,9,0.12911032512784004,2,1
769,8,0.22339966893196106,3,1
770,7,0.3056297767907381,4,1
771,9,0.3676106296479702,2,1
772,10,0.07972119748592377,1,1
773,10,0.05945105105638504,1,1
774,10,0.06756871938705444,1,1
775,10,0.12481454014778137,1,1
776,8,0.11616380016009013,3,1
777,10,0.043868809938430786,1,1
778,10,0.3304624855518341,1,1
779,6,0.19252779632806777,5,1
780,9,0.13771187141537666,2,1
781,10,0.09879326820373535,1,1
782,6,0.08316203132271767,5,1
783,8,0.29121515651543933,3,1
784,2,0.10940515995025635,9,1
785,6,0.11656520366668702,5,1
786,7,0.2268650159239769,4,1
787,10,0.07783518731594086,1,1
788,8,0.282526674369971,3,1
789,7,0.10481494478881359,4,1
790,10,0.11992006003856659,1,1
791,9,0.0663544200360775,2,1
792,10,0.09306216239929199,1,1
793,9,0.10927480086684227,2,1
794,8,0.35389717171589535,3,1
795,-11,0.1240745522081852,2,0
796,-28,0.16214184682720748,39,1
797,10,0.4763324558734894,1,1
798,8,0.11749502643942833,3,1
799,7,0.1704792808741331,4,1
800,5,0.1828564666211605,6,1
801,10,0.5307502150535583,1,1
802,-10,0.16232134401798248,1,0
803,-10,0.12874384224414825,1,0
804,8,0.1843272385497888,3,1
805,-4,0.18389953225851058,15,1
806,6,0.09990009963512421,5,1
807,9,0.22517310827970505,2,1
808,-50,0.22178728509694337,50,0
809,10,0.7393140196800232,1,1
810,8,0.18311206748088202,3,1
811,7,0.24913013726472855,4,1
812,-12,0.22859297692775726,3,0
813,8,0.2976349766055743,3,1
814,10,0.25533467531204224,1,1
815,8,0.3800568568209807,3,1
816,9,0.26477065682411194,2,1
817,8,0.10165952766935031,3,1
818,9,0.2833902984857559,2,1
819,9,0.09267815202474594,2,1
820,9,0.12253883481025696,2,1
821,7,0.18538456037640572,4,1
822,-50,0.17144912280142308,50,0
823,-12,0.05234425639112791,3,0
824,5,0.14005568126837412,6,1
825,7,0.24024200718849897,4,1
826,9,0.28376299142837524,2,1
827,10,0.33064693212509155,1,1
828,10,0.5635124444961548,1,1
829,9,0.1214856505393982,2,1
830,-1,0.24044573120772839,12,1
831,-7,0.18843111789060962,18,1
832,7,0.09271701984107494,4,1
833,7,0.20379825495183468,4,1
834,6,0.1865864098072052,5,1
835,-12,0.10719999670982361,3,0
836,10,0.2705364525318146,1,1
837,9,0.1968342363834381,2,1
838,9,0.3639872930943966,2,1
839,10,0.0917508527636528,1,1
840,9,0.20647143945097923,2,1
841,10,0.08247311413288116,1,1
842,8,0.24587376415729523,3,1
843,7,0.2373927030712366,4,1
844,9,0.09017816372215748,2,1
845,-10,0.06186012178659439,1,0
846,3,0.22175193671137094,8,1
847,8,0.14563795054952303,3,1
848,10,0.11170731484889984,1,1
849,9,0.1551547423005104,2,1
850,10,0.16883859038352966,1,1
851,0,0.2313849533146078,11,1
852,8,0.254565271238486,3,1
853,10,0.0692661702632904,1,1
854,-5,0.1616779239848256,16,1
855,8,0.18489054714639983,3,1
856,9,0.04102466534823179,2,1
857,9,0.09053172171115875,2,1
858,-12,0.1758196862495464,23,1
859,6,0.09316903501749038,5,1
860,10,0.16505742073059082,1,1
861,6,0.1756652921438217,5,1
862,7,0.21033522114157677,4,1
863,-3,0.13881656021944114,14,1
864,8,0.17363562931617102,3,1
865,7,0.06560007389634848,4,1
866,10,0.05830049514770508,1,1
867,-11,0.40091076493263245,2,0
868,8,0.3029157519340515,3,1
869,10,0.14047636091709137,1,1
870,8,0.0915619358420372,3,1
871,-31,0.15976436170084135,42,1
872,-8,0.1538760991472947,19,1
873,-10,0.048012472689151764,1,0
874,8,0.10237084825833638,3,1
875,8,0.3760037074486415,3,1
876,8,0.1559079090754191,3,1
877,8,0.2620292703310649,3,1
878,10,0.3098048269748688,1,1
879,10,0.6048369407653809,1,1
880,-10,0.10730193555355072,1,0
881,4,0.14372427122933523,7,1
882,-50,0.22160028502345086,50,0
883,4,0.1731203943490982,7,1
884,-3,0.1324608400464058,14,1
885,8,0.3266831077635288,3,1
886,10,0.26180538535118103,1,1
887,-14,0.1706418849527836,25,1
888,8,0.14677203198273978,3,1
889,-10,0.029490310698747635,1,0
890,10,0.06472061574459076,1,1
891,4,0.19375591246145113,7,1
892,9,0.08498249389231205,2,1
893,6,0.19388594552874566,5,1
894,10,0.572190523147583,1,1
895,9,0.19121092557907104,2,1
896,-50,0.13535865541547537,50,0
897,10,0.030171513557434082,1,1
898,-10,0.039842456579208374,1,0
899,9,0.18656723201274872,2,1
900,10,0.18444526195526123,1,1
901,8,0.09256840993960698,3,1
902,5,0.20013118162751198,6,1
903,8,0.257061834136645,3,1
904,8,0.22941706081231436,3,1
905,8,0.0645117958386739,3,1
906,9,0.05747808888554573,2,1
907,7,0.16161455679684877,4,1
908,10,0.0578070767223835,1,1
909,9,0.06614382192492485,2,1
910,7,0.07818775251507759,4,1
911,9,0.15060216188430786,2,1
912,7,0.22671637684106827,4,1
913,9,0.17708037607371807,2,1
914,-12,0.5378940006097158,3,0
915,8,0.16100741922855377,3,1
916,5,0.15564307353148857,6,1
917,8,0.08169884979724884,3,1
918,-50,0.26941515766084195,50,0
919,4,0.15231414777891977,7,1
920,9,0.045554401353001595,2,1
921,8,0.06874901180466016,3,1
922,6,0.2229496270418167,5,1
923,9,0.07175145298242569,2,1
924,9,0.18562453985214233,2,1
925,8,0.18233318130175272,3,1
926,-13,0.2507476417037348,24,1
927,-35,0.24406226376152557,46,1
928,7,0.2048588483594358,4,1
929,9,0.05629872903227806,2,1
930,10,0.17937394976615906,1,1
931,-11,0.33816157281398773,2,0
932,9,0.6360103189945221,2,1
933,-11,0.27921489626169205,2,0
934,9,0.08563519641757011,2,1
935,9,0.0989559143781662,2,1
936,-9,0.16481340853497387,20,1
937,-19,0.2049100740502278,30,1
938,10,0.09569534659385681,1,1
939,-10,0.11397188901901245,1,0
940,10,0.16153046488761902,1,1
941,8,0.2682359168926875,3,1
942,-35,0.14037460185911343,46,1
943,8,0.2079376975695292,3,1
944,7,0.1454523466527462,4,1
945,10,0.2282380610704422,1,1
946,-50,0.17506859950721265,50,0
947,9,0.06685880199074745,2,1
948,8,0.2973308836420377,3,1
949,8,0.08736056089401245,3,1
950,7,0.23002728633582592,4,1
951,-50,0.17067518146708607,50,0
952,8,0.39191774527231854,3,1
953,6,0.20860411673784257,5,1
954,10,0.09678483009338379,1,1
955,10,0.8143682479858398,1,1
956,10,0.04465802386403084,1,1
957,-13,0.06129556056112051,4,0
958,9,0.04731464525684714,2,1
959,9,0.07365790102630854,2,1
960,10,0.035586871206760406,1,1
961,-10,0.017023980617523193,1,0
962,9,0.08449427969753742,2,1
963,9,0.11338874697685242,2,1
964,-50,0.1547034551203251,50,0
965,10,0.09713725745677948,1,1
966,7,0.35884918458759785,4,1
967,10,0.13375823199748993,1,1
968,9,0.645549863576889,2,1
969,10,0.6003910303115845,1,1
970,9,0.0707942433655262,2,1
971,-50,0.18880934361368418,50,0
972,10,0.5029171705245972,1,1
973,10,0.15371525287628174,1,1
974,7,0.24918531067669392,4,1
975,7,0.20242910739034414,4,1
976,-11,0.06774023175239563,2,0
977,8,0.13726760695377985,3,1
978,-11,0.16444514446299185,22,1
979,8,0.44172681868076324,3,1
980,-26,0.17223807182666417,37,1
981,7,0.08597363531589508,4,1
982,8,0.5589346686999003,3,1
983,10,0.3868546187877655,1,1
984,10,0.1310502588748932,1,1
985,10,0.684330403804779,1,1
986,-11,0.37859026715159416,2,0
987,9,0.3060687370598316,2,1
988,-10,0.058657098561525345,1,0
989,10,0.530247151851654,1,1
990,10,0.5904313325881958,1,1
991,8,0.30550087491671246,3,1
992,9,0.051508378237485886,2,1
993,7,0.08665362745523453,4,1
994,9,0.41569531336426735,2,1
995,5,0.40861462118724984,6,1
996,8,0.07558223108450572,3,1
997,10,0.11399731785058975,1,1
998,-57,0.1978538987071564,48,0
999,-50,0.16291577700525522,50,0
1000,9,0.23906822130084038,2,1
1,7,0.18953707348555326,4,1
2,9,0.0811443068087101,2,1
3,7,0.509261635132134,4,1
4,10,0.1373775452375412,1,1
5,7,0.17148988135159016,4,1
6,8,0.21703001856803894,3,1
7,-50,0.2076444172859192,50,0
8,10,0.0916566401720047,1,1
9,-37,0.22197983014242104,48,1
10,4,0.2670143001845905,7,1
11,10,0.456218957901001,1,1
12,7,0.24210650473833084,4,1
13,10,0.11340450495481491,1,1
14,-16,0.21899944054031814,27,1
15,-50,0.20149096585810183,50,0
16,9,0.22188976407051086,2,1
17,9,0.2570902109146118,2,1
18,7,0.1327405907213688,4,1
19,-50,0.19692318078130483,50,0
20,8,0.35669147595763206,3,1
21,7,0.11919268686324358,4,1
22,-59,0.21620296701788902,50,0
23,7,0.17817281000316143,4,1
24,9,0.17522942647337914,2,1
25,9,0.06469608098268509,2,1
26,9,0.2011370100080967,2,1
27,7,0.3805603440850973,4,1
28,6,0.038556701689958575,5,1
29,-10,0.4448826014995575,1,0
30,10,0.04823049157857895,1,1
31,8,0.2683679250379403,3,1
32,9,0.10194683074951172,2,1
33,7,0.19458826258778572,4,1
34,7,0.15619149152189493,4,1
35,10,0.029498443007469177,1,1
36,-50,0.1919966297596693,50,0
37,10,0.1016613095998764,1,1
38,9,0.3204640168696642,2,1
39,-19,0.2101890022555987,30,1
40,0,0.17455285084857183,11,1
41,8,0.0641941453019778,3,1
42,7,0.1712454166263342,4,1
43,9,0.10196836665272713,2,1
44,9,0.1191718690097332,2,1
45,-31,0.1933820904010818,42,1
46,10,0.6044070720672607,1,1
47,9,0.3391362130641937,2,1
48,10,0.17824804782867432,1,1
49,10,0.07010052353143692,1,1
50,10,0.1133086085319519,1,1
51,9,0.10712122172117233,2,1
52,8,0.12858881056308746,3,1
53,7,0.1135680628940463,4,1
54,8,0.1336694061756134,3,1
55,10,0.0735684186220169,1,1
56,7,0.1263506286777556,4,1
57,9,0.0501719880849123,2,1
58,10,0.13643966615200043,1,1
59,10,0.8276031613349915,1,1
60,9,0.08120675943791866,2,1
61,8,0.22551968693733215,3,1
62,-13,0.07860602624714375,4,0
63,10,0.5219783186912537,1,1
64,8,0.19379755730430284,3,1
65,10,0.026852119714021683,1,1
66,8,0.0642447496453921,3,1
67,10,0.22692008316516876,1,1
68,-44,0.14366814004523412,35,0
69,8,0.0736725963652134,3,1
70,10,0.23848488926887512,1,1
71,-12,0.6449497578044733,3,0
72,8,0.19320899123946825,3,1
73,9,0.41677551716566086,2,1
74,10,0.257411390542984,1,1
75,8,0.16255103051662445,3,1
76,7,0.32522484846413136,4,1
77,8,0.30258311331272125,3,1
78,-10,0.061092909425497055,1,0
79,10,0.15483158826828003,1,1
80,8,0.1847631831963857,3,1
81,-16,0.15698621449647127,27,1
82,9,0.15967290848493576,2,1
83,8,0.06034522627790769,3,1
84,-6,0.1779589014237418,17,1
85,9,0.16273589432239532,2,1
86,-7,0.26840773721536,18,1
87,9,0.1339799463748932,2,1
88,9,0.36953598260879517,2,1
89,7,0.20165622979402542,4,1
90,7,0.087102928198874,4,1
91,8,0.06745965716739495,3,1
92,9,0.2138790339231491,2,1
93,10,0.11926437169313431,1,1
94,7,0.3134483387693763,4,1
95,8,0.15707221627235413,3,1
96,-10,0.07035762816667557,1,0
97,-10,0.1148504912853241,1,0
98,-50,0.21955344200134277,50,0
99,9,0.08048662170767784,2,1
100,6,0.2659168645739555,5,1
101,8,0.16775674124558768,3,1
102,10,0.2521665692329407,1,1
103,9,0.06114043667912483,2,1
104,-28,0.19546811760236055,39,1
105,-13,0.10544516146183014,4,0
106,10,0.03719944879412651,1,1
107,5,0.09965612490971883,6,1
108,8,0.2232158755262693,3,1
109,9,0.16844527423381805,2,1
110,8,0.1158854067325592,3,1
111,-10,0.18698974273034505,21,1
112,10,0.42447662353515625,1,1
113,9,0.06981483846902847,2,1
114,9,0.29912441968917847,2,1
115,7,0.13273084722459316,4,1
116,9,0.31927499175071716,2,1
117,9,0.2039385735988617,2,1
118,9,0.10302732326090336,2,1
119,10,0.03977946564555168,1,1
120,7,0.12237327545881271,4,1
121,8,0.03231170338888963,3,1
122,10,0.42402517795562744,1,1
123,10,0.06860575824975967,1,1
124,9,0.11935095675289631,2,1
125,7,0.106581493280828,4,1
126,6,0.11886501461267471,5,1
127,7,0.14286780916154385,4,1
128,7,0.352864146232605,4,1
129,10,0.1743512749671936,1,1
130,-15,0.1732992886637266,26,1
131,5,0.17193439106146494,6,1
132,9,0.36318497359752655,2,1
133,-26,0.17689039981043017,37,1
134,9,0.43163472786545753,2,1
135,9,0.41099224239587784,2,1
136,-11,0.14359934187748216,22,1
137,-4,0.08047144785523415,15,1
138,8,0.23136226336161295,3,1
139,7,0.09048750810325146,4,1
140,-25,0.18842796846810314,36,1
141,-21,0.16045274736825377,32,1
142,9,0.0658482275903225,2,1
143,8,0.379699910680453,3,1
144,10,0.08343048393726349,1,1
145,-11,0.30775880813598633,2,0
146,8,0.09387562423944473,3,1
147,-50,0.14733487740159035,50,0
148,7,0.0713970810174942,4,1
149,5,0.1008430477231741,6,1
150,6,0.09595797136425972,5,1
151,8,0.19007481137911478,3,1
152,8,0.25468458731969196,3,1
153,-8,0.16259873834879776,19,1
154,4,0.1324260447706495,7,1
155,-50,0.13480942599475385,50,0
156,5,0.07562876089165609,6,1
157,8,0.10203282783428828,3,1
158,10,0.04952936992049217,1,1
159,-10,0.037547316402196884,1,0
160,9,0.1771799921989441,2,1
161,6,0.06864837054163217,5,1
162,-10,0.07048219442367554,1,0
163,-11,0.04467545263469219,2,0
164,5,0.05303970196594795,6,1
165,9,0.07645348738878965,2,1
166,-7,0.09755742508504125,18,1
167,9,0.05276564648374915,2,1
168,-50,0.14463932178914546,50,0
169,7,0.20630231127142906,4,1
170,-10,0.028073687106370926,1,0
171,6,0.055025387182831766,5,1
172,8,0.06404208391904831,3,1
173,-50,0.19110497619956732,50,0
174,6,0.3167980223894119,5,1
175,9,0.17487187683582306,2,1
176,9,0.21874424815177917,2,1
177,8,0.1641184395800034,3,1
178,10,0.008534595370292664,1,1
179,-14,0.15925815537571908,25,1
180,7,0.12605409743264318,4,1
181,10,0.12180513143539429,1,1
182,-5,0.11382553295698017,16,1
183,8,0.24557442466417947,3,1
184,9,0.2715875133872032,2,1
185,9,0.31902341544628143,2,1
186,10,0.13420534133911133,1,1
187,6,0.21119486838579177,5,1
188,9,0.304953895509243,2,1
189,6,0.13764566481113433,5,1
190,-12,0.20713627090056738,3,0
191,10,0.049552083015441895,1,1
192,-31,0.14373775673183528,22,0
193,8,0.18076067169507345,3,1
194,7,0.28075695503503084,4,1
195,7,0.13870305847376585,4,1
196,7,0.12193377781659365,4,1
197,4,0.1131151228078774,7,1
198,8,0.05836906284093857,3,1
199,6,0.20535267144441605,5,1
200,10,0.04719242826104164,1,1
201,-10,0.03743746131658554,1,0
202,10,0.5230964422225952,1,1
203,10,0.11900351941585541,1,1
204,5,0.09347430368264516,6,1
205,10,0.07201282680034637,1,1
206,7,0.1835272517055273,4,1
207,9,0.06342572532594204,2,1
208,10,0.2868247330188751,1,1
209,-50,0.1602655073814094,50,0
210,8,0.15686398185789585,3,1
211,7,0.0941151063889265,4,1
212,8,0.1615679506212473,3,1
213,10,0.09005038440227509,1,1
214,-13,0.15228339090632895,24,1
215,10,0.02981952577829361,1,1
216,10,0.09451252967119217,1,1
217,9,0.04717643745243549,2,1
218,7,0.06937713548541069,4,1
219,10,0.015797924250364304,1,1
220,10,0.1182975247502327,1,1
221,10,0.05773039162158966,1,1
222,9,0.041060781106352806,2,1
223,8,0.24637632568677267,3,1
224,10,0.1336277276277542,1,1
225,-1,0.2757626416472097,12,1
226,9,0.10287273675203323,2,1
227,-50,0.13361930321902038,50,0
228,8,0.0688917792091767,3,1
229,9,0.24606095999479294,2,1
230,8,0.2998742548127969,3,1
231,9,0.10444509238004684,2,1
232,8,0.07184960196415584,3,1
233,-10,0.032492753118276596,1,0
234,10,0.14368093013763428,1,1
235,10,0.1275816708803177,1,1
236,10,0.019742555916309357,1,1
237,-23,0.13917353541097222,34,1
238,10,0.048471733927726746,1,1
239,6,0.12738733142614364,5,1
240,-10,0.05556264519691467,1,0
241,10,0.0475766696035862,1,1
242,9,0.11731518432497978,2,1
243,9,0.25318925455212593,2,1
244,8,0.08440454304218292,3,1
245,9,0.28289009630680084,2,1
246,10,0.5597329139709473,1,1
247,-17,0.12123871089092322,28,1
248,9,0.0922413170337677,2,1
249,10,0.2114221304655075,1,1
250,8,0.0910995068649451,3,1
251,8,0.1166258156299591,3,1
252,9,0.2267882004380226,2,1
253,-39,0.15510318540036677,50,1
254,5,0.22215806196133295,6,1
255,10,0.16694991290569305,1,1
256,-50,0.12391250271350146,50,0
257,8,0.07609075183669727,3,1
258,9,0.15934063866734505,2,1
259,9,0.031814394518733025,2,1
260,10,0.04350690916180611,1,1
261,7,0.17499013990163803,4,1
262,9,0.09922347962856293,2,1
263,-50,0.14264026291668416,50,0
264,9,0.24719037860631943,2,1
265,10,0.10538281500339508,1,1
266,7,0.26780775282531977,4,1
267,10,0.018795637413859367,1,1
268,-10,0.02173471264541149,1,0
269,7,0.13211526535451412,4,1
270,7,0.12098213471472263,4,1
271,-50,0.14882945824414492,50,0
272,10,0.18692311644554138,1,1
273,-10,0.08644627034664154,1,0
274,9,0.11006816476583481,2,1
275,-5,0.17559106065891683,16,1
276,9,0.10410148650407791,2,1
277,8,0.09472277512152989,3,1
278,9,0.06554183922708035,2,1
279,8,0.29623666033148766,3,1
280,9,0.04445301927626133,2,1
281,10,0.06305304169654846,1,1
282,8,0.09654798358678818,3,1
283,6,0.1505688324570656,5,1
284,-11,0.24564043432474136,2,0
285,8,0.09271898120641708,3,1
286,8,0.1217668205499649,3,1
287,5,0.1606065733358264,6,1
288,6,0.1401555985212326,5,1
289,10,0.11769001185894012,1,1
290,9,0.3451326787471771,2,1
291,-50,0.1742648845538497,50,0
292,10,0.11430671811103821,1,1
293,8,0.1145344227552414,3,1
294,8,0.17864524200558662,3,1
295,9,0.09431109949946404,2,1
296,-36,0.14699731532622268,27,0
297,-30,0.14684362873071577,41,1
298,9,0.06349669769406319,2,1
299,-9,0.27921894416213033,20,1
300,9,0.1778036579489708,2,1
301,10,0.5085712671279907,1,1
302,9,0.09242676943540573,2,1
303,8,0.1884866257508596,3,1
304,4,0.3330079514001097,7,1
305,-10,0.10282788425683975,1,0
306,8,0.26086850961049396,3,1
307,10,0.05237947404384613,1,1
308,10,0.04343671351671219,1,1
309,7,0.1955220103263855,4,1
310,6,0.23101929984986783,5,1
311,9,0.15282627940177917,2,1
312,9,0.05689762346446514,2,1
313,7,0.21476630121469498,4,1
314,10,0.0351090282201767,1,1
315,5,0.220926932990551,6,1
316,9,0.0924992635846138,2,1
317,8,0.2318530691166719,3,1
318,8,0.2834513559937477,3,1
319,8,0.23460913076996803,3,1
320,7,0.1640932261943817,4,1
321,-50,0.16791052963584663,50,0
322,8,0.21243099123239517,3,1
323,8,0.10570825512210529,3,1
324,-50,0.17098129864782094,50,0
325,-30,0.20646833682932506,41,1
326,10,0.08510959148406982,1,1
327,8,0.16368444512287775,3,1
328,-10,0.0841648280620575,1,0
329,9,0.07628248073160648,2,1
330,8,0.2231522686779499,3,1
331,9,0.12147923558950424,2,1
332,4,0.13600886879222734,7,1
333,7,0.11096383351832628,4,1
334,8,0.27103465298811596,3,1
335,7,0.09160134755074978,4,1
336,9,0.1724027656018734,2,1
337,9,0.06283821538090706,2,1
338,10,0.2615305185317993,1,1
339,9,0.18564046174287796,2,1
340,7,0.11234524566680193,4,1
341,6,0.21727422028779983,5,1
342,-18,0.13821627578601756,29,1
343,1,0.12641535475850105,10,1
344,10,0.15278206765651703,1,1
345,-50,0.1592804330587387,50,0
346,4,0.14388426233615195,7,1
347,-50,0.12849038891494274,50,0
348,9,0.3118676245212555,2,1
349,-22,0.15714471459840285,33,1
350,9,0.08280165866017342,2,1
351,3,0.10898803826421499,8,1
352,10,0.2798658013343811,1,1
353,8,0.10026371230681737,3,1
354,10,0.1656734049320221,1,1
355,7,0.09677797928452492,4,1
356,9,0.1382853165268898,2,1
357,9,0.5728448331356049,2,1
358,10,0.10440199077129364,1,1
359,7,0.07663169503211975,4,1
360,9,0.09675628691911697,2,1
361,8,0.2433414633075396,3,1
362,10,0.13808754086494446,1,1
363,9,0.10466568544507027,2,1
364,10,0.04774702712893486,1,1
365,9,0.14958196878433228,2,1
366,6,0.11697161197662354,5,1
367,10,0.11950252950191498,1,1
368,9,0.12892478331923485,2,1
369,7,0.09682166017591953,4,1
370,9,0.06404060125350952,2,1
371,10,0.1408054083585739,1,1
372,-12,0.10027532198506853,23,1
373,3,0.23932728171348572,8,1
374,9,0.14771490916609764,2,1
375,10,0.17600640654563904,1,1
376,7,0.11425592564046383,4,1
377,10,0.1636141687631607,1,1
378,-50,0.13751020438969136,50,0
379,-23,0.12824470670345953,34,1
380,10,0.09666036069393158,1,1
381,-10,0.07762658596038818,1,0
382,-10,0.3179558515548706,1,0
383,7,0.1799304448068142,4,1
384,7,0.086219672113657,4,1
385,7,0.2675975412130356,4,1
386,10,0.14605571329593658,1,1
387,-10,0.15417376160621643,1,0
388,9,0.08580908179283142,2,1
389,7,0.10713929124176502,4,1
390,-10,0.11175041645765305,1,0
391,10,0.16225562989711761,1,1
392,9,0.08730223029851913,2,1
393,8,0.11892317732175191,3,1
394,8,0.10487121343612671,3,1
395,8,0.14567991842826208,3,1
396,8,0.08260578662157059,3,1
397,9,0.08953673020005226,2,1
398,10,0.12000545114278793,1,1
399,8,0.1359806607166926,3,1
400,9,0.16749561578035355,2,1
401,6,0.06363543570041656,5,1
402,8,0.08466984207431476,3,1
403,7,0.11857384629547596,4,1
404,10,0.11135467886924744,1,1
405,8,0.05241008847951889,3,1
406,-9,0.16159749664366246,20,1
407,-22,0.14401728315561108,33,1
408,9,0.12668007612228394,2,1
409,5,0.18315649032592773,6,1
410,9,0.15066419541835785,2,1
411,10,0.11038561165332794,1,1
412,8,0.11579557880759239,3,1
413,9,0.07171604037284851,2,1
414,9,0.05933730490505695,2,1
415,9,0.11324082687497139,2,1
416,6,0.20699241161346435,5,1
417,7,0.1165545042604208,4,1
418,-9,0.11682009669020772,20,1
419,6,0.2394137740135193,5,1
420,8,0.27477406958738965,3,1
421,7,0.24589961767196655,4,1
422,7,0.07162310928106308,4,1
423,10,0.09477410465478897,1,1
424,7,0.17093778029084206,4,1
425,-10,0.07195694744586945,1,0
426,10,0.14315339922904968,1,1
427,8,0.26336418588956195,3,1
428,8,0.12107067555189133,3,1
429,-12,0.08310959488153458,3,0
430,10,0.1029142290353775,1,1
431,10,0.1163392886519432,1,1
432,8,0.16844533135493597,3,1
433,7,0.13101660646498203,4,1
434,4,0.10816740776811327,7,1
435,8,0.1721414066851139,3,1
436,8,0.5331372221310934,3,1
437,9,0.15831762552261353,2,1
438,10,0.07193179428577423,1,1
439,10,0.1927272379398346,1,1
440,10,0.5631998181343079,1,1
441,7,0.15258462354540825,4,1
442,10,0.15615209937095642,1,1
443,9,0.13259657099843025,2,1
444,9,0.2035190910100937,2,1
445,-4,0.17947903449336688,15,1
446,9,0.10023270174860954,2,1
447,10,0.1730179786682129,1,1
448,-11,0.15030087530612946,2,0
449,8,0.09021001309156418,3,1
450,9,0.05875124968588352,2,1
451,8,0.0601312629878521,3,1
452,-50,0.1685584706068039,50,0
453,9,0.07754997909069061,2,1
454,8,0.15165619179606438,3,1
455,-13,0.0770596144720912,4,0
456,9,0.5193948149681091,2,1
457,-10,0.1554301679134369,1,0
458,9,0.12330254167318344,2,1
459,9,0.35849156975746155,2,1
460,-10,0.07416395843029022,1,0
461,7,0.1759717259556055,4,1
462,7,0.1697568278759718,4,1
463,10,0.03978423774242401,1,1
464,10,0.25639697909355164,1,1
465,8,0.17199213057756424,3,1
466,9,0.054749904200434685,2,1
467,9,0.13734688609838486,2,1
468,7,0.1718684220686555,4,1
469,3,0.14736178098246455,8,1
470,7,0.2616295740008354,4,1
471,7,0.07638038415461779,4,1
472,10,0.14635860919952393,1,1
473,7,0.114944017957896,4,1
474,9,0.13547057658433914,2,1
475,-10,0.12474675476551056,1,0
476,9,0.10160873085260391,2,1
477,7,0.15909667313098907,4,1
478,5,0.13049551285803318,6,1
479,10,0.0718955248594284,1,1
480,-50,0.16584960747510194,50,0
481,10,0.059917137026786804,1,1
482,5,0.05811261416723331,6,1
483,9,0.4127817749977112,2,1
484,7,0.19183429516851902,4,1
485,9,0.2101668119430542,2,1
486,10,0.19904708862304688,1,1
487,6,0.2856499895453453,5,1
488,9,0.2925703153014183,2,1
489,-10,0.04544324800372124,1,0
490,-50,0.17868842102587223,50,0
491,9,0.26532589830458164,2,1
492,7,0.19096791185438633,4,1
493,9,0.07299486920237541,2,1
494,10,0.04576800763607025,1,1
495,8,0.054181755830844246,3,1
496,9,0.3466586172580719,2,1
497,10,0.04845882207155228,1,1
498,5,0.12301628726224105,6,1
499,-36,0.10414193988718251,47,1
500,-21,0.16587266822655997,12,0
501,7,0.03706951206550002,4,1
502,10,0.05168086290359497,1,1
503,9,0.02534942887723446,2,1
504,8,0.08352272709210713,3,1
505,8,0.6381998062133789,3,1
506,-50,0.15611468981951476,50,0
507,10,0.07925821095705032,1,1
508,10,0.5122228264808655,1,1
509,8,0.1206955003241698,3,1
510,10,0.12072771042585373,1,1
511,9,0.10626070946455002,2,1
512,9,0.2846296448260546,2,1
513,-39,0.11386532255758842,30,0
514,8,0.08842565243442853,3,1
515,5,0.2996649897346894,6,1
516,6,0.09543260037899018,5,1
517,9,0.35589878261089325,2,1
518,8,0.07854535880809028,3,1
519,10,0.09456204622983932,1,1
520,9,0.04916174151003361,2,1
521,9,0.05124358832836151,2,1
522,-3,0.0984476086284433,14,1
523,-1,0.09895759696761768,12,1
524,7,0.13665000721812248,4,1
525,9,0.21606856398284435,2,1
526,-30,0.12355758926672179,41,1
527,9,0.3210334815084934,2,1
528,5,0.17989759674916664,6,1
529,7,0.2745074909180403,4,1
530,10,0.12177255749702454,1,1
531,7,0.2670844253152609,4,1
532,6,0.24843943119049072,5,1
533,-50,0.15593529310077428,50,0
534,-52,0.13531008200330097,43,0
535,10,0.07205912470817566,1,1
536,-50,0.15893706722185016,50,0
537,9,0.33220839500427246,2,1
538,10,0.019479025155305862,1,1
539,10,0.07569209486246109,1,1
540,10,0.12482093274593353,1,1
541,9,0.16991785541176796,2,1
542,10,0.24582421779632568,1,1
543,10,0.4400423765182495,1,1
544,6,0.1992915891110897,5,1
545,9,0.06186444312334061,2,1
546,6,0.20159450471401213,5,1
547,9,0.28687841445207596,2,1
548,7,0.29166002571582794,4,1
549,3,0.11290683783590794,8,1
550,9,0.40428829193115234,2,1
551,9,0.34411564469337463,2,1
552,8,0.16644328584273657,3,1
553,5,0.1109111038967967,6,1
554,9,0.13481053337454796,2,1
555,8,0.12279780767858028,3,1
556,9,0.37320375442504883,2,1
557,8,0.17401584486166635,3,1
558,7,0.31070583406835794,4,1
559,10,0.09190380573272705,1,1
560,8,0.22868335992097855,3,1
561,9,0.06773691438138485,2,1
562,-10,0.6106992363929749,1,0
563,9,0.3300429987721145,2,1
564,10,0.030285019427537918,1,1
565,9,0.18214703910052776,2,1
566,7,0.14197952300310135,4,1
567,8,0.06376129730294149,3,1
568,9,0.14261922612786293,2,1
569,7,0.29534674901515245,4,1
570,-10,0.1294880509376526,1,0
571,-50,0.1866704517044127,50,0
572,10,0.025354251265525818,1,1
573,8,0.1791662536561489,3,1
574,-50,0.2349615104869008,50,0
575,9,0.12673964630812407,2,1
576,9,0.05187453981488943,2,1
577,9,0.529498815536499,2,1
578,8,0.10451056808233261,3,1
579,8,0.4147021596630414,3,1
580,9,0.19137683883309364,2,1
581,10,0.0282849483191967,1,1
582,6,0.15573110654950142,5,1
583,9,0.06527427583932877,2,1
584,-11,0.24413323402404785,2,0
585,-50,0.18177588848397136,50,0
586,9,0.13173510879278183,2,1
587,9,0.06282518990337849,2,1
588,8,0.2046033317844073,3,1
589,9,0.235110804438591,2,1
590,9,0.4219715856015682,2,1
591,7,0.24553089682012796,4,1
592,10,0.21862590312957764,1,1
593,8,0.12766775488853455,3,1
594,8,0.09128336235880852,3,1
595,8,0.3389229029417038,3,1
596,7,0.11100699938833714,4,1
597,9,0.0375972930341959,2,1
598,10,0.07297463715076447,1,1
599,7,0.20791716128587723,4,1
600,9,0.30350059270858765,2,1
601,8,0.11281477908293407,3,1
602,-50,0.17027597837150096,50,0
603,-38,0.22322570004177336,49,1
604,8,0.17859246830145517,3,1
605,9,0.2859800159931183,2,1
606,9,0.3395456075668335,2,1
607,8,0.23957959562540054,3,1
608,0,0.12142909521406348,11,1
609,-10,0.06600729376077652,1,0
610,8,0.300929918885231,3,1
611,10,0.2621610164642334,1,1
612,-11,0.19225766882300377,2,0
613,8,0.11765678226947784,3,1
614,9,0.11278892308473587,2,1
615,7,0.09830714575946331,4,1
616,9,0.19464879482984543,2,1
617,9,0.08081301301717758,2,1
618,9,0.137689758092165,2,1
619,7,0.11186155490577221,4,1
620,8,0.07851594934860866,3,1
621,7,0.08988854102790356,4,1
622,8,0.1448699658115705,3,1
623,8,0.2165568321943283,3,1
624,-10,0.2270653396844864,1,0
625,7,0.3820303902029991,4,1
626,10,0.06989467144012451,1,1
627,-25,0.1889149989001453,16,0
628,-50,0.22391821175813675,50,0
629,8,0.31259704132874805,3,1
630,6,0.2773868449032307,5,1
631,9,0.4405239075422287,2,1
632,-11,0.16666066646575928,2,0
633,10,0.5646157264709473,1,1
634,10,0.10239226371049881,1,1
635,8,0.3633315886060397,3,1
636,10,0.30334073305130005,1,1
637,6,0.3154766634106636,5,1
638,8,0.15400735288858414,3,1
639,6,0.19092641472816468,5,1
640,8,0.2457029273112615,3,1
641,9,0.19524148851633072,2,1
642,8,0.40103129545847577,3,1
643,8,0.09820382545391719,3,1
644,-40,0.24326690989396266,31,0
645,-10,0.2040584683418274,1,0
646,8,0.21100221574306488,3,1
647,-10,0.2720935344696045,1,0
648,9,0.3056723326444626,2,1
649,7,0.34524695202708244,4,1
650,9,0.12633975967764854,2,1
651,8,0.13581311702728271,3,1
652,10,0.2670340836048126,1,1
653,8,0.12418849393725395,3,1
654,10,0.12546342611312866,1,1
655,-10,0.089196115732193,1,0
656,9,0.0524970218539238,2,1
657,7,0.1915473360568285,4,1
658,9,0.11880574002861977,2,1
659,7,0.1164293922483921,4,1
660,10,0.15106526017189026,1,1
661,8,0.28114856282869977,3,1
662,5,0.22867715762307247,6,1
663,10,0.16679823398590088,1,1
664,8,0.1893161485592524,3,1
665,-13,0.20262359625970325,24,1
666,-11,0.6455565392971039,2,0
667,9,0.253114752471447,2,1
668,8,0.40009887764851254,3,1
669,7,0.3540646368637681,4,1
670,9,0.1325039565563202,2,1
671,-10,0.08321797847747803,1,0
672,8,0.2664845834175746,3,1
673,7,0.1746368110179901,4,1
674,6,0.15209449529647828,5,1
675,8,0.08484666546185811,3,1
676,6,0.18507476300001144,5,1
677,9,0.21511965990066528,2,1
678,10,0.11303679645061493,1,1
679,-11,0.43026743829250336,2,0
680,9,0.9586195051670074,2,1
681,9,0.23001499474048615,2,1
682,7,0.13010027538985014,4,1
683,7,0.11438851058483124,4,1
684,7,0.08542133122682571,4,1
685,7,0.14364711940288544,4,1
686,7,0.4345567896962166,4,1
687,-27,0.23585087100141927,38,1
688,8,0.3284134566783905,3,1
689,9,0.13978561758995056,2,1
690,9,0.25326529890298843,2,1
691,10,0.12048463523387909,1,1
692,10,0.5371516346931458,1,1
693,-50,0.22800286382436752,50,0
694,9,0.3181064147502184,2,1
695,7,0.06107847671955824,4,1
696,7,0.21659781783819199,4,1
697,-23,0.1703407161814325,34,1
698,8,0.2972050632039706,3,1
699,8,0.10413702080647151,3,1
700,7,0.22464794293045998,4,1
701,10,0.03471008688211441,1,1
702,8,0.23545447985331217,3,1
703,10,0.4965638220310211,1,1
704,-10,0.03690800815820694,1,0
705,8,0.07622247189283371,3,1
706,-50,0.22524722315371037,50,0
707,9,0.2619253545999527,2,1
708,6,0.1740698240697384,5,1
709,9,0.5089668333530426,2,1
710,-10,0.12128446251153946,1,0
711,10,0.16189417243003845,1,1
712,8,0.35633501907189685,3,1
713,9,0.06580070778727531,2,1
714,10,0.06905192881822586,1,1
715,-50,0.23277626492083073,50,0
716,-35,0.25154776539167634,46,1
717,-20,0.2214779933133433,31,1
718,9,0.08238635957241058,2,1
719,6,0.21076639741659164,5,1
720,-10,0.08758792281150818,1,0
721,10,0.06156521290540695,1,1
722,-38,0.21981818164337655,49,1
723,-10,0.1539621651172638,1,0
724,9,0.17236804217100143,2,1
725,8,0.5855748802423477,3,1
726,8,0.17886132995287576,3,1
727,-10,0.7645071744918823,1,0
728,9,0.08869428932666779,2,1
729,9,0.0955401062965393,2,1
730,5,0.19028731373449168,6,1
731,9,0.0593287069350481,2,1
732,8,0.14207467436790466,3,1
733,10,0.06980603188276291,1,1
734,8,0.08802065253257751,3,1
735,10,0.04799126461148262,1,1
736,7,0.18569722678512335,4,1
737,9,0.19722388684749603,2,1
738,9,0.07658937759697437,2,1
739,10,0.8770304918289185,1,1
740,10,0.3206670880317688,1,1
741,8,0.14955094953378043,3,1
742,8,0.0862582524617513,3,1
743,7,0.10106076300144196,4,1
744,8,0.06615800658861797,3,1
745,10,0.08215717226266861,1,1
746,10,0.18955464661121368,1,1
747,-50,0.17224159337580203,50,0
748,-50,0.19477325968444348,50,0
749,-17,0.12190398933099848,28,1
750,10,0.571674108505249,1,1
751,9,0.11591543070971966,2,1
752,8,0.2819460444152355,3,1
753,10,0.03639662265777588,1,1
754,-50,0.15683365624397994,50,0
755,6,0.09111453741788864,5,1
756,10,0.0514354445040226,1,1
757,1,0.15383464395999907,10,1
758,8,0.09023364633321762,3,1
759,10,0.09156224131584167,1,1
760,9,0.1175653487443924,2,1
761,-50,0.15939707558602095,50,0
762,8,0.11268609017133713,3,1
763,-23,0.10753017992657773,34,1
764,8,0.1360758120814959,3,1
765,10,0.09583704173564911,1,1
766,8,0.150557371477286,3,1
767,-50,0.13567864187061787,50,0
768,10,0.320891797542572,1,1
769,8,0.14431566993395487,3,1
770,8,0.09304424623648326,3,1
771,10,0.07799728214740753,1,1
772,4,0.08801098008240972,7,1
773,-50,0.14165041524916888,50,0
774,9,0.2253960706293583,2,1
775,7,0.06480850046500564,4,1
776,-10,0.1825832575559616,1,0
777,9,0.03616313636302948,2,1
778,10,0.6265079975128174,1,1
779,10,0.0342031754553318,1,1
780,-23,0.1246529794024194,34,1
781,10,0.06562710553407669,1,1
782,10,0.056084971874952316,1,1
783,10,0.5384770631790161,1,1
784,10,0.31015485525131226,1,1
785,7,0.057636390905827284,4,1
786,-10,0.06114161014556885,1,0
787,9,0.07388618402183056,2,1
788,7,0.08770462218672037,4,1
789,10,0.020416468381881714,1,1
790,4,0.06626258258308683,7,1
791,10,0.018696721643209457,1,1
792,10,0.023034293204545975,1,1
793,8,0.16249753534793854,3,1
794,9,0.1364624910056591,2,1
795,8,0.10108257768054803,3,1
796,10,0.023234190419316292,1,1
797,6,0.19808529429137706,5,1
798,9,0.18449467420578003,2,1
799,8,0.12166265646616618,3,1
800,9,0.19638072326779366,2,1
801,9,0.12913928180933,2,1
802,8,0.25174397478501004,3,1
803,10,0.059202782809734344,1,1
804,10,0.11706997454166412,1,1
805,9,0.14300973154604435,2,1
806,10,0.05233556777238846,1,1
807,9,0.06493758596479893,2,1
808,6,0.207038664072752,5,1
809,9,0.11021843645721674,2,1
810,8,0.09889045854409535,3,1
811,-11,0.08579755574464798,2,0
812,-11,0.15079338509928097,22,1
813,7,0.25858374685049057,4,1
814,0,0.07272314957597038,11,1
815,10,0.08919912576675415,1,1
816,7,0.2777831759303808,4,1
817,7,0.06018950650468469,4,1
818,-50,0.1063451812416315,50,0
819,9,0.16107388958334923,2,1
820,7,0.07951212860643864,4,1
821,9,0.21013886481523514,2,1
822,7,0.11519669741392136,4,1
823,-7,0.10142502064506213,18,1
824,-12,0.11233741665879886,3,0
825,10,0.1006181389093399,1,1
826,9,0.03763076476752758,2,1
827,8,0.42448244492212933,3,1
828,7,0.1874882779084146,4,1
829,8,0.045894176388780274,3,1
830,6,0.12183555513620377,5,1
831,-14,0.06873263344168663,5,0
832,10,0.2033398151397705,1,1
833,-10,0.34876367449760437,1,0
834,10,0.20853042602539062,1,1
835,9,0.24254067614674568,2,1
836,8,0.06882976119716962,3,1
837,7,0.10489085409790277,4,1
838,10,0.024514663964509964,1,1
839,8,0.1300486152370771,3,1
840,9,0.07709451392292976,2,1
841,-29,0.12963378161657602,40,1
842,10,0.5268217921257019,1,1
843,10,0.5550217628479004,1,1
844,10,0.07448211312294006,1,1
845,7,0.145735964179039,4,1
846,7,0.2368134893476963,4,1
847,9,0.16405204683542252,2,1
848,8,0.3417145137985547,3,1
849,9,0.2294706292450428,2,1
850,8,0.08410353710254033,3,1
851,-50,0.15262588448822498,50,0
852,8,0.26006053884824115,3,1
853,9,0.5148309767246246,2,1
854,9,0.11564072407782078,2,1
855,7,0.3243290623649955,4,1
856,-10,0.1395636349916458,1,0
857,9,0.4191139489412308,2,1
858,10,0.16216278076171875,1,1
859,8,0.1266779104868571,3,1
860,10,0.05030277371406555,1,1
861,7,0.21315185446292162,4,1
862,6,0.484231723845005,5,1
863,7,0.09172301273792982,4,1
864,9,0.10106894373893738,2,1
865,10,0.0780395120382309,1,1
866,-10,0.4040408432483673,1,0
867,8,0.15576338022947311,3,1
868,-27,0.19924338742796527,38,1
869,7,0.06872479384765029,4,1
870,-50,0.22243437126278878,50,0
871,-50,0.2066478768736124,50,0
872,9,0.46808356046676636,2,1
873,7,0.12287119450047612,4,1
874,9,0.06546912901103497,2,1
875,9,0.4009571447968483,2,1
876,9,0.6493461057543755,2,1
877,-11,0.1899438127875328,2,0
878,9,0.09096662700176239,2,1
879,10,0.09150941669940948,1,1
880,6,0.2988466717302799,5,1
881,8,0.12661083477238813,3,1
882,-10,0.05005044490098953,1,0
883,10,0.2019204944372177,1,1
884,7,0.14371873252093792,4,1
885,6,0.2405390053987503,5,1
886,8,0.13281447688738504,3,1
887,-10,0.05743075907230377,1,0
888,7,0.1901592267677188,4,1
889,9,0.16266866214573383,2,1
890,8,0.08071054269870122,3,1
891,8,0.21073352793852487,3,1
892,9,0.11993727646768093,2,1
893,9,0.0810495913028717,2,1
894,10,0.03225679695606232,1,1
895,-50,0.17969136454164983,50,0
896,9,0.30181071162223816,2,1
897,9,0.25655609369277954,2,1
898,10,0.6449296474456787,1,1
899,7,0.1362901423126459,4,1
900,8,0.23177141944567362,3,1
901,-50,0.21076646614819766,50,0
902,-5,0.20963033323641866,16,1
903,9,0.07031570747494698,2,1
904,9,0.07825993141159415,2,1
905,9,0.430950328707695,2,1
906,-39,0.17904542319476605,50,1
907,8,0.1958154266079267,3,1
908,-10,0.4350835084915161,1,0
909,7,0.1855050791054964,4,1
910,5,0.11474025746186574,6,1
911,9,0.1851336881518364,2,1
912,8,0.4816112319628398,3,1
913,7,0.25507207959890366,4,1
914,10,0.14478234946727753,1,1
915,-53,0.2660908217711205,44,0
916,7,0.08646754454821348,4,1
917,-50,0.14523980567231776,50,0
918,9,0.1070743277668953,2,1
919,8,0.09355647737781207,3,1
920,9,0.10749883204698563,2,1
921,10,0.1156964972615242,1,1
922,8,0.13185087343056998,3,1
923,6,0.1918163053691387,5,1
924,-10,0.5433272123336792,1,0
925,-50,0.2356770945340395,50,0
926,-12,0.24227072795232138,3,0
927,-50,0.20255594443529845,50,0
928,8,0.05558651561538378,3,1
929,10,0.5698593854904175,1,1
930,10,0.07437014579772949,1,1
931,10,0.17091116309165955,1,1
932,7,0.14283137302845716,4,1
933,9,0.054837666451931,2,1
934,9,0.0819549411535263,2,1
935,-3,0.20855512150696345,14,1
936,10,0.5580906271934509,1,1
937,-20,0.18478549668385136,31,1
938,8,0.056087897469600044,3,1
939,8,0.18550274024407068,3,1
940,-12,0.23911658053596815,3,0
941,10,0.04179155081510544,1,1
942,-10,0.10506610572338104,1,0
943,9,0.21108000725507736,2,1
944,8,0.21941083172957102,3,1
945,10,0.49216118454933167,1,1
946,-42,0.1607056236402555,33,0
947,-50,0.19555236525833608,50,0
948,-10,0.19527003098101842,21,1
949,10,0.08942870795726776,1,1
950,9,0.060937426052987576,2,1
951,8,0.09072016924619675,3,1
952,7,0.2857858622446656,4,1
953,-10,0.0605526864528656,1,0
954,10,0.14155934751033783,1,1
955,10,0.28236937522888184,1,1
956,9,0.2838911637663841,2,1
957,-1,0.18998651416040957,12,1
958,4,0.17834614323718206,7,1
959,-50,0.2161739945039153,50,0
960,-8,0.11658963345383343,19,1
961,7,0.16413698345422745,4,1
962,8,0.08526348322629929,3,1
963,8,0.10473969827095668,3,1
964,10,0.10246992111206055,1,1
965,10,0.11615826189517975,1,1
966,8,0.11483459174633026,3,1
967,10,0.05018595606088638,1,1
968,7,0.07371732592582703,4,1
969,-50,0.2516202450916171,50,0
970,8,0.11138855914274852,3,1
971,9,0.11243978515267372,2,1
972,9,0.15867435559630394,2,1
973,5,0.15806419029831886,6,1
974,10,0.4462395906448364,1,1
975,10,0.09068113565444946,1,1
976,8,0.18326000248392424,3,1
977,8,0.1936938464641571,3,1
978,-32,0.17982998412362364,43,1
979,-50,0.17108252264559268,50,0
980,8,0.09323585778474808,3,1
981,7,0.22560874000191689,4,1
982,5,0.13787160068750381,6,1
983,8,0.10115099946657817,3,1
984,9,0.16295023635029793,2,1
985,9,0.179160475730896,2,1
986,-10,0.17179176211357117,1,0
987,10,0.5630835294723511,1,1
988,10,0.2771798372268677,1,1
989,-7,0.137070679002338,18,1
990,-10,0.01491506677120924,1,0
991,-50,0.12119728002697229,50,0
992,8,0.21223555381099382,3,1
993,-9,0.10929048638790846,20,1
994,-11,0.10396125540137291,2,0
995,8,0.10747878005107243,3,1
996,10,0.057751674205064774,1,1
997,6,0.15085082352161408,5,1
998,6,0.14467691779136657,5,1
999,9,0.07462062686681747,2,1
1000,-10,0.05607009679079056,1,0
1,8,0.07856582601865132,3,1
2,9,0.14573336765170097,2,1
3,-11,0.06613753736019135,2,0
4,9,0.05301348306238651,2,1
5,10,0.01305745355784893,1,1
6,6,0.1652521550655365,5,1
7,8,0.19950521985689798,3,1
8,-50,0.1767513707652688,50,0
9,9,0.20982470456510782,2,1
10,7,0.14096725173294544,4,1
11,10,0.1330677568912506,1,1
12,10,0.07676766812801361,1,1
13,7,0.09399005211889744,4,1
14,10,0.3821146786212921,1,1
15,10,0.08805211633443832,1,1
16,6,0.11036835610866547,5,1
17,9,0.237038254737854,2,1
18,9,0.11119050532579422,2,1
19,5,0.16814933096369108,6,1
20,4,0.13645124807953835,7,1
21,-10,0.109233558177948,1,0
22,10,0.03805238753557205,1,1
23,9,0.08165938034653664,2,1
24,-23,0.13158396078164086,34,1
25,10,0.047146692872047424,1,1
26,-10,0.03107665479183197,1,0
27,10,0.04441794008016586,1,1
28,7,0.16641361732035875,4,1
29,9,0.08823937177658081,2,1
30,8,0.15081165358424187,3,1
31,-32,0.14811390057899232,43,1
32,10,0.0863959863781929,1,1
33,-26,0.13467942389684753,37,1
34,10,0.18660405278205872,1,1
35,8,0.07630616674820583,3,1
36,8,0.05499947195251783,3,1
37,9,0.4038790762424469,2,1
38,-13,0.07724196254275739,24,1
39,6,0.14254395365715028,5,1
40,9,0.36515431478619576,2,1
41,7,0.11151332780718803,4,1
42,7,0.15314061660319567,4,1
43,8,0.044578478982051216,3,1
44,9,0.363512858748436,2,1
45,10,0.05927613750100136,1,1
46,-50,0.14446326659992337,50,0
47,8,0.2038428634405136,3,1
48,7,0.20149109326303005,4,1
49,9,0.04608708992600441,2,1
50,9,0.38060806691646576,2,1
51,-19,0.14954989527662596,30,1
52,10,0.1381980925798416,1,1
53,9,0.06291194073855877,2,1
54,10,0.4781772494316101,1,1
55,9,0.5071280151605606,2,1
56,-19,0.13129709760348002,30,1
57,-12,0.08029582537710667,3,0
58,9,0.3574984222650528,2,1
59,8,0.17770866056283316,3,1
60,10,0.014556163921952248,1,1
61,-11,0.07254407554864883,2,0
62,9,0.15114466100931168,2,1
63,10,0.15403388440608978,1,1
64,8,0.11216586455702782,3,1
65,10,0.07168614119291306,1,1
66,9,0.16873271763324738,2,1
67,9,0.12109243869781494,2,1
68,8,0.12693895772099495,3,1
69,-20,0.08256314535655322,31,1
70,9,0.13358795642852783,2,1
71,7,0.1167325172573328,4,1
72,-50,0.10461056780070066,50,0
73,-8,0.12965621524735502,19,1
74,9,0.38089700043201447,2,1
75,10,0.2594548165798187,1,1
76,8,0.19004892061154047,3,1
77,7,0.11187404207885265,4,1
78,10,0.02405373752117157,1,1
79,7,0.25019581615924835,4,1
80,-50,0.15152176517993213,50,0
81,10,0.01767493598163128,1,1
82,-11,0.12576356051828375,22,1
83,7,0.06810688879340887,4,1
84,7,0.19857014436274767,4,1
85,8,0.07608344281713168,3,1
86,10,0.07166023552417755,1,1
87,6,0.1702917441725731,5,1
88,8,0.0643790140748024,3,1
89,8,0.1341053806245327,3,1
90,7,0.12640435993671417,4,1
91,6,0.049348439648747446,5,1
92,10,0.030234050005674362,1,1
93,8,0.03136261769880851,3,1
94,8,0.0638773279885451,3,1
95,9,0.10177870094776154,2,1
96,9,0.09180103801190853,2,1
97,9,0.09554923325777054,2,1
98,4,0.0856710382338081,7,1
99,8,0.18363055338462195,3,1
100,10,0.017302636057138443,1,1
101,-17,0.12006824190861412,28,1
102,10,0.058696869760751724,1,1
103,6,0.1573389794677496,5,1
104,10,0.13746649026870728,1,1
105,10,0.09331384301185608,1,1
106,-50,0.15787457790225745,50,0
107,9,0.14934711903333664,2,1
108,-7,0.15163317260642847,18,1
109,8,0.07113151003917058,3,1
110,-19,0.22752414885908365,30,1
111,6,0.1979529455304146,5,1
112,10,0.10753108561038971,1,1
113,9,0.23244623839855194,2,1
114,9,0.10118360444903374,2,1
115,-11,0.13045314513146877,2,0
116,-12,0.11314889291922252,3,0
117,9,0.14652744680643082,2,1
118,8,0.12661155809958777,3,1
119,5,0.13628548569977283,6,1
120,9,0.12981167435646057,2,1
121,9,0.08343783393502235,2,1
122,8,0.2505025813976924,3,1
123,10,0.1354023516178131,1,1
124,10,0.16209663450717926,1,1
125,9,0.14394693076610565,2,1
126,-10,0.07261680066585541,1,0
127,10,0.2744567394256592,1,1
128,7,0.27834244817495346,4,1
129,-50,0.18469464186578988,50,0
130,-50,0.15774176871404053,50,0
131,8,0.12070171535015106,3,1
132,8,0.12823636333147684,3,1
133,9,0.15359149500727654,2,1
134,7,0.1656094565987587,4,1
135,9,0.0996822938323021,2,1
136,7,0.11766578443348408,4,1
137,-10,0.09106065332889557,1,0
138,7,0.29717213474214077,4,1
139,9,0.07141157984733582,2,1
140,9,0.09553108736872673,2,1
141,7,0.12631569150835276,4,1
142,9,0.31493066251277924,2,1
143,10,0.0759904682636261,1,1
144,-18,0.1188012452589141,9,0
145,-26,0.2024583308135762,17,0
146,9,0.20081443339586258,2,1
147,9,0.15827199071645737,2,1
148,8,0.31586477905511856,3,1
149,7,0.12794228922575712,4,1
150,6,0.1388695254921913,5,1
151,8,0.19071918229262033,3,1
152,10,0.045177385210990906,1,1
153,8,0.2646234855055809,3,1
154,8,0.11459725971023242,3,1
155,-12,0.14084871485829353,3,0
156,10,0.07839445769786835,1,1
157,6,0.12725122421979904,5,1
158,9,0.15640415623784065,2,1
159,10,0.06054656580090523,1,1
160,8,0.21036879221598306,3,1
161,8,0.21536563088496527,3,1
162,8,0.37286057074864704,3,1
163,8,0.279438021282355,3,1
164,9,0.15325356647372246,2,1
165,6,0.27725392691791056,5,1
166,9,0.09872997552156448,2,1
167,-7,0.17309852197973263,18,1
168,10,0.10813962668180466,1,1
169,8,0.26116908465822536,3,1
170,5,0.2576485796986769,6,1
171,8,0.17148004472255707,3,1
172,10,0.1466129720211029,1,1
173,8,0.47197089592615765,3,1
174,7,0.14510884881019592,4,1
175,-50,0.20763135999441146,50,0
176,10,0.17782190442085266,1,1
177,9,0.4324215352535248,2,1
178,7,0.11460583191365004,4,1
179,7,0.2362706232815981,4,1
180,8,0.0910043033460776,3,1
181,5,0.19282347584764162,6,1
182,6,0.1557273492217064,5,1
183,10,0.07607872784137726,1,1
184,7,0.2070224154740572,4,1
185,9,0.31076931953430176,2,1
186,-12,0.42003461718559265,3,0
187,9,0.1469275988638401,2,1
188,9,0.3660586550831795,2,1
189,9,0.11979264672845602,2,1
190,9,0.3640155680477619,2,1
191,3,0.1366350210737437,8,1
192,7,0.07861848175525665,4,1
193,9,0.04828276205807924,2,1
194,-32,0.18303141647646592,43,1
195,10,0.035886313766241074,1,1
196,9,0.11744840815663338,2,1
197,10,0.05414721369743347,1,1
198,-50,0.17617662370204926,50,0
199,-11,0.30241816118359566,2,0
200,10,0.14954614639282227,1,1
201,8,0.27864313622315723,3,1
202,9,0.17144663631916046,2,1
203,-20,0.1329365967502517,31,1
204,9,0.10233097895979881,2,1
205,10,0.07932969927787781,1,1
206,8,0.10940808057785034,3,1
207,9,0.1315404176712036,2,1
208,7,0.2982743363827467,4,1
209,-10,0.04770192876458168,1,0
210,9,0.14130670577287674,2,1
211,8,0.22588548560937247,3,1
212,6,0.25416281074285507,5,1
213,-5,0.2307898006401956,16,1
214,4,0.10842980870178767,7,1
215,8,0.13555080195267996,3,1
216,5,0.25626128539443016,6,1
217,9,0.05545109696686268,2,1
218,9,0.3625216633081436,2,1
219,9,0.18608471006155014,2,1
220,7,0.23606327828019857,4,1
221,-2,0.142646520326917,13,1
222,10,0.07841374725103378,1,1
223,-27,0.17159671032507168,38,1
224,7,0.14774580858647823,4,1
225,10,0.0930267721414566,1,1
226,8,0.10277533282836278,3,1
227,7,0.08467400074005127,4,1
228,5,0.09789461766680081,6,1
229,8,0.19296024243036905,3,1
230,-12,0.15839592756136603,23,1
231,-21,0.1787516971429189,12,0
232,8,0.1079719215631485,3,1
233,9,0.07847901061177254,2,1
234,8,0.054031153519948326,3,1
235,-22,0.17170246261538882,33,1
236,10,0.05201667919754982,1,1
237,9,0.2595731317996979,2,1
238,7,0.16075722686946392,4,1
239,9,0.393878698348999,2,1
240,8,0.1252692205210527,3,1
241,-12,0.20030913253625235,3,0
242,9,0.11856202036142349,2,1
243,8,0.2937581539154053,3,1
244,-10,0.11567950248718262,1,0
245,8,0.26331812143325806,3,1
246,9,0.12263879179954529,2,1
247,7,0.5670128092169762,4,1
248,8,0.3036070615053177,3,1
249,8,0.22319821019967398,3,1
250,-10,0.16798976063728333,1,0
251,9,0.0844782218337059,2,1
252,10,0.07378828525543213,1,1
253,-11,0.15286171436309814,2,0
254,8,0.18430363138516745,3,1
255,7,0.2976751811802387,4,1
256,8,0.20844518765807152,3,1
257,9,0.19308345764875412,2,1
258,8,0.3339241643746694,3,1
259,10,0.08133408427238464,1,1
260,-7,0.1789417825639248,18,1
261,10,0.16511470079421997,1,1
262,7,0.16145072877407074,4,1
263,7,0.1524682305753231,4,1
264,10,0.31189078092575073,1,1
265,7,0.17968720942735672,4,1
266,7,0.1916828341782093,4,1
267,9,0.6630815416574478,2,1
268,1,0.15798757448792458,10,1
269,8,0.1408908317486445,3,1
270,7,0.30596576258540154,4,1
271,-12,0.30727651715278625,3,0
272,8,0.1576575512687365,3,1
273,7,0.23127903696149588,4,1
274,9,0.21643487364053726,2,1
275,6,0.25617646276950834,5,1
276,-11,0.1289806291460991,2,0
277,9,0.15067025274038315,2,1
278,6,0.22601666897535325,5,1
279,10,0.16054897010326385,1,1
280,4,0.1883710218327386,7,1
281,10,0.11865776032209396,1,1
282,9,0.1784784495830536,2,1
283,9,0.16511405631899834,2,1
284,8,0.17406777292490005,3,1
285,7,0.19872396439313889,4,1
286,8,0.13727629681428274,3,1
287,6,0.18547964245080947,5,1
288,-10,0.09400751441717148,1,0
289,7,0.23396830633282661,4,1
290,8,0.3012584000825882,3,1
291,8,0.12482949097951253,3,1
292,7,0.06533633265644312,4,1
293,8,0.20519118010997772,3,1
294,5,0.3473578045765559,6,1
295,-11,0.2672545090317726,2,0
296,7,0.255937909707427,4,1
297,10,0.16552236676216125,1,1
298,9,0.17252351343631744,2,1
299,9,0.10503300279378891,2,1
300,5,0.1811387911438942,6,1
301,10,0.08315238356590271,1,1
302,9,0.12355399504303932,2,1
303,8,0.09018289670348167,3,1
304,10,0.11076781153678894,1,1
305,9,0.07862621266394854,2,1
306,8,0.27577270567417145,3,1
307,10,0.2012309432029724,1,1
308,5,0.1154690341403087,6,1
309,8,0.12270070239901543,3,1
310,9,0.1414400264620781,2,1
311,6,0.585350513458252,5,1
312,9,0.5289785265922546,2,1
313,-34,0.23891188593374357,45,1
314,9,0.3534897714853287,2,1
315,8,0.12201096614201863,3,1
316,10,0.08942718803882599,1,1
317,9,0.19669709354639053,2,1
318,10,0.5387271046638489,1,1
319,7,0.2388889640569687,4,1
320,10,0.3286312222480774,1,1
321,9,0.38630027137696743,2,1
322,10,0.11752575635910034,1,1
323,9,0.34850864112377167,2,1
324,9,0.11460025608539581,2,1
325,8,0.20032421002785364,3,1
326,-10,0.06611042469739914,1,0
327,10,0.26089319586753845,1,1
328,8,0.4382350742816925,3,1
329,7,0.1097400514408946,4,1
330,6,0.29479099214077,5,1
331,9,0.09880467504262924,2,1
332,8,0.12395121653874715,3,1
333,-7,0.22818141016695234,18,1
334,10,0.24542289972305298,1,1
335,6,0.2413295865058899,5,1
336,9,0.2371661588549614,2,1
337,-31,0.24183332228234836,42,1
338,9,0.08124595880508423,2,1
339,9,0.1382313221693039,2,1
340,10,0.24004240334033966,1,1
341,8,0.0889924814303716,3,1
342,9,0.2477642372250557,2,1
343,9,0.13583512790501118,2,1
344,-10,0.09080442786216736,1,0
345,-50,0.1956788871437311,50,0
346,8,0.10955922057231267,3,1
347,9,0.0779150240123272,2,1
348,-51,0.1814630509664615,42,0
349,9,0.22310413420200348,2,1
350,8,0.1174349735180537,3,1
351,8,0.3050321986277898,3,1
352,-33,0.21261612372472882,24,0
353,10,0.06177658587694168,1,1
354,9,0.2607700377702713,2,1
355,8,0.15709609041611353,3,1
356,9,0.14423010777682066,2,1
357,10,0.08529465645551682,1,1
358,9,0.20709054917097092,2,1
359,8,0.2244929571946462,3,1
360,5,0.09923031739890575,6,1
361,8,0.07907354831695557,3,1
362,9,0.392454132437706,2,1
363,-50,0.13364750023931266,50,0
364,9,0.11574489623308182,2,1
365,9,0.07434447295963764,2,1
366,9,0.11441214382648468,2,1
367,8,0.17277178168296814,3,1
368,-50,0.17770365491509438,50,0
369,8,0.1076590766509374,3,1
370,8,0.2064488629500071,3,1
371,7,0.24604929611086845,4,1
372,-10,0.017805838957428932,1,0
373,8,0.15540814151366553,3,1
374,10,0.1702069193124771,1,1
375,-50,0.12046406958252191,50,0
376,8,0.06230138738950094,3,1
377,8,0.08943209797143936,3,1
378,8,0.06307452917098999,3,1
379,10,0.19662216305732727,1,1
380,10,0.06032901629805565,1,1
381,10,0.22268760204315186,1,1
382,8,0.19450336880981922,3,1
383,9,0.19386116974055767,2,1
384,10,0.07603703439235687,1,1
385,7,0.1647691186517477,4,1
386,-50,0.15534402664750815,50,0
387,7,0.06953531363978982,4,1
388,-11,0.3247323725372553,2,0
389,8,0.05612832804520925,3,1
390,9,0.04937092028558254,2,1
391,10,0.41661834716796875,1,1
392,9,0.04167585913091898,2,1
393,9,0.04366195388138294,2,1
394,7,0.17923924326896667,4,1
395,-38,0.1737009970737355,49,1
396,7,0.1808223146945238,4,1
397,7,0.15397997293621302,4,1
398,-6,0.17492075812290697,17,1
399,-50,0.14492618411779404,50,0
400,-50,0.1598716474696994,50,0
401,9,0.05729763209819794,2,1
402,-14,0.15066670924425124,25,1
403,9,0.08086661249399185,2,1
404,9,0.2318180352449417,2,1
405,5,0.2113367042814692,6,1
406,10,0.12046977132558823,1,1
407,8,0.0905855546394984,3,1
408,8,0.10463087260723114,3,1
409,8,0.04920313134789467,3,1
410,8,0.0891035074989001,3,1
411,10,0.17299795150756836,1,1
412,-10,0.0909079983830452,1,0
413,8,0.04303346574306488,3,1
414,-4,0.12696389444172382,15,1
415,6,0.08778869360685349,5,1
416,5,0.044480809631446995,6,1
417,10,0.054399073123931885,1,1
418,10,0.21498394012451172,1,1
419,10,0.01315140537917614,1,1
420,10,0.03216003626585007,1,1
421,6,0.27724376171827314,5,1
422,6,0.07340896092355251,5,1
423,8,0.04279815902312597,3,1
424,8,0.1021454284588496,3,1
425,10,0.17710351943969727,1,1
426,9,0.14753270894289017,2,1
427,7,0.07378100790083408,4,1
428,9,0.07760472316294909,2,1
429,9,0.020481730112805963,2,1
430,9,0.0835384838283062,2,1
431,8,0.1798853756239017,3,1
432,10,0.042715221643447876,1,1
433,8,0.10225214312473933,3,1
434,10,0.08563874661922455,1,1
435,-10,0.15029217302799225,1,0
436,9,0.06129264645278454,2,1
437,7,0.0532634686678648,4,1
438,8,0.05738239362835884,3,1
439,7,0.09096383769065142,4,1
440,8,0.10675761351982753,3,1
441,10,0.06449296325445175,1,1
442,8,0.10512327154477437,3,1
443,6,0.14900284260511398,5,1
444,9,0.20518470369279385,2,1
445,7,0.07109684776514769,4,1
446,9,0.04132486507296562,2,1
447,7,0.11578362807631493,4,1
448,8,0.24379532411694527,3,1
449,8,0.16473473298052946,3,1
450,8,0.2799368239939213,3,1
451,8,0.06696037451426189,3,1
452,8,0.1247215283413728,3,1
453,7,0.16421741154044867,4,1
454,10,0.10284420102834702,1,1
455,9,0.05794498324394226,2,1
456,8,0.13348286847273508,3,1
457,7,0.11966118030250072,4,1
458,9,0.17598692327737808,2,1
459,8,0.11750444024801254,3,1
460,10,0.062192514538764954,1,1
461,10,0.1231125220656395,1,1
462,7,0.10469577834010124,4,1
463,8,0.09716321279605229,3,1
464,9,0.142844058573246,2,1
465,5,0.1332791509727637,6,1
466,7,0.19929034635424614,4,1
467,9,0.12549996376037598,2,1
468,9,0.3318733870983124,2,1
469,9,0.28648532554507256,2,1
470,9,0.2961568124592304,2,1
471,8,0.14666850492358208,3,1
472,8,0.10339279845356941,3,1
473,10,0.11355578154325485,1,1
474,-47,0.21816794387996197,38,0
475,9,0.03855363838374615,2,1
476,9,0.11181309074163437,2,1
477,9,0.06254982948303223,2,1
478,7,0.12998596858233213,4,1
479,8,0.10198540737231572,3,1
480,9,0.05233910772949457,2,1
481,-19,0.22845902238041163,10,0
482,2,0.2586003512971931,9,1
483,-50,0.22108355786651374,50,0
484,6,0.16652627289295197,5,1
485,7,0.18306242674589157,4,1
486,10,0.03694596514105797,1,1
487,7,0.29580822214484215,4,1
488,-50,0.26704655192792415,50,0
489,9,0.475382499396801,2,1
490,-10,0.11052069067955017,1,0
491,10,0.12586888670921326,1,1
492,8,0.17717074292401472,3,1
493,8,0.13807020957271257,3,1
494,8,0.11495123927791913,3,1
495,3,0.2832454373128712,8,1
496,-17,0.3484942903742194,8,0
497,7,0.1485926490277052,4,1
498,-26,0.21380254847777858,37,1
499,9,0.19251027703285217,2,1
500,9,0.28475311398506165,2,1
501,7,0.13080267794430256,4,1
502,7,0.1106024943292141,4,1
503,8,0.43569252888361615,3,1
504,6,0.20679444670677186,5,1
505,7,0.23442309349775314,4,1
506,8,0.15068743377923965,3,1
507,9,0.2691485695540905,2,1
508,10,0.07368054986000061,1,1
509,-11,0.18050947785377502,2,0
510,8,0.14097495625416437,3,1
511,9,0.3391968682408333,2,1
512,10,0.08888041973114014,1,1
513,7,0.11287318170070648,4,1
514,10,0.07910311222076416,1,1
515,6,0.22613291293382645,5,1
516,10,0.295098215341568,1,1
517,5,0.22934649077554545,6,1
518,-12,0.23603678246339163,3,0
519,10,0.13787317276000977,1,1
520,6,0.16269325017929076,5,1
521,5,0.16676299025615057,6,1
522,9,0.11135154962539673,2,1
523,7,0.15528621710836887,4,1
524,10,0.03759053349494934,1,1
525,8,0.14774498591820398,3,1
526,9,0.18467837572097778,2,1
527,10,0.3581964671611786,1,1
528,9,0.0697137750685215,2,1
529,8,0.1016588918864727,3,1
530,10,0.44192248582839966,1,1
531,9,0.15114553831517696,2,1
532,5,0.23981065675616264,6,1
533,-11,0.10036929696798325,2,0
534,9,0.18812209367752075,2,1
535,8,0.29579612612724304,3,1
536,9,0.24613534286618233,2,1
537,8,0.15656344095865884,3,1
538,-45,0.2342290516114897,36,0
539,2,0.16992766451504496,9,1
540,10,0.19063225388526917,1,1
541,9,0.3381798416376114,2,1
542,8,0.11998502537608147,3,1
543,10,0.12008576095104218,1,1
544,-50,0.304466669857502,50,0
545,8,0.3341950923204422,3,1
546,-50,0.2356398840993643,50,0
547,7,0.38685486000031233,4,1
548,8,0.2568459262450536,3,1
549,9,0.35163216292858124,2,1
550,10,0.11330568790435791,1,1
551,-19,0.2511882276584705,30,1
552,-38,0.21234095917672527,49,1
553,8,0.2776000176866849,3,1
554,10,0.4359121024608612,1,1
555,10,0.6097496747970581,1,1
556,8,0.17640401919682822,3,1
557,10,0.3415137529373169,1,1
558,9,0.09258588030934334,2,1
559,9,0.13005920499563217,2,1
560,6,0.18602499067783357,5,1
561,9,0.09136585146188736,2,1
562,5,0.10739864160617192,6,1
563,10,0.4741910696029663,1,1
564,7,0.3423222303390503,4,1
565,-12,0.1359399159749349,3,0
566,7,0.10687151504680514,4,1
567,9,0.22777113690972328,2,1
568,7,0.13564899377524853,4,1
569,7,0.37792934477329254,4,1
570,-12,0.16370546321074167,3,0
571,10,0.0854124128818512,1,1
572,9,0.14541121572256088,2,1
573,8,0.23828897873560587,3,1
574,7,0.24286725744605064,4,1
575,10,0.10758538544178009,1,1
576,6,0.2101864591240883,5,1
577,-10,0.7878210544586182,1,0
578,6,0.2268865928053856,5,1
579,8,0.07673399647076924,3,1
580,9,0.12241517752408981,2,1
581,-23,0.19129763383950507,14,0
582,-34,0.2198253720998764,25,0
583,10,0.08496041595935822,1,1
584,9,0.45379169285297394,2,1
585,-4,0.27723486026128136,15,1
586,10,0.13803742825984955,1,1
587,9,0.18183328956365585,2,1
588,-28,0.16452960727306512,39,1
589,6,0.1691780984401703,5,1
590,-20,0.24163442579182712,11,0
591,7,0.16319647058844566,4,1
592,9,0.13087771460413933,2,1
593,-26,0.23941450586190094,37,1
594,7,0.2895551957190037,4,1
595,-8,0.2469623900557819,19,1
596,9,0.13171634078025818,2,1
597,10,0.20853348076343536,1,1
598,6,0.11893559843301774,5,1
599,9,0.193052738904953,2,1
600,-50,0.16676989249885082,50,0
601,9,0.08207061886787415,2,1
602,-31,0.1315749382430857,22,0
603,9,0.16081012785434723,2,1
604,6,0.10161249786615371,5,1
605,7,0.25782362185418606,4,1
606,10,0.3164551854133606,1,1
607,9,0.11537795513868332,2,1
608,8,0.18414473036924997,3,1
609,8,0.115102785329024,3,1
610,9,0.057896677404642105,2,1
611,9,0.15262731164693832,2,1
612,8,0.053163837641477585,3,1
613,10,0.08362890034914017,1,1
614,10,0.07150246202945709,1,1
615,9,0.10142292082309723,2,1
616,5,0.1270005963742733,6,1
617,10,0.2513446807861328,1,1
618,10,0.03541788458824158,1,1
619,8,0.226364736755689,3,1
620,9,0.14850885048508644,2,1
621,9,0.18977708369493484,2,1
622,9,0.10179838351905346,2,1
623,10,0.1430838406085968,1,1
624,-3,0.23899154790810176,14,1
625,3,0.09600130096077919,8,1
626,10,0.13550199568271637,1,1
627,9,0.11477681994438171,2,1
628,7,0.11102711223065853,4,1
629,8,0.3743908405303955,3,1
630,9,0.11821961402893066,2,1
631,9,0.16039465926587582,2,1
632,9,0.14369014278054237,2,1
633,8,0.15510508914788565,3,1
634,9,0.16635864973068237,2,1
635,8,0.23312298953533173,3,1
636,6,0.1491871252655983,5,1
637,9,0.11090746521949768,2,1
638,-6,0.16339119173148098,17,1
639,10,0.10963653773069382,1,1
640,-50,0.13707161329686643,50,0
641,9,0.1207306981086731,2,1
642,10,0.11617812514305115,1,1
643,9,0.28824396431446075,2,1
644,-50,0.16798017803579568,50,0
645,8,0.09199853738149007,3,1
646,10,0.12072613835334778,1,1
647,10,0.08810453116893768,1,1
648,7,0.0722979037091136,4,1
649,10,0.09618430584669113,1,1
650,9,0.47388163208961487,2,1
651,10,0.10385775566101074,1,1
652,9,0.23299100250005722,2,1
653,10,0.10115423798561096,1,1
654,6,0.2185979351401329,5,1
655,5,0.11340004826585452,6,1
656,10,0.08992878347635269,1,1
657,10,0.17088595032691956,1,1
658,9,0.1861131489276886,2,1
659,10,0.07290814816951752,1,1
660,7,0.17108447663486004,4,1
661,10,0.0996144711971283,1,1
662,9,0.20630083978176117,2,1
663,7,0.12317393906414509,4,1
664,8,0.1457416166861852,3,1
665,8,0.12982326249281564,3,1
666,-10,0.32721397280693054,1,0
667,9,0.031464092433452606,2,1
668,-10,0.045838821679353714,1,0
669,6,0.04854123517870903,5,1
670,-16,0.1574412083460225,27,1
671,7,0.09467551298439503,4,1
672,7,0.08678831811994314,4,1
673,9,0.2961825430393219,2,1
674,-50,0.15242707677185535,50,0
675,-16,0.10477278160828131,27,1
676,7,0.09529200475662947,4,1
677,8,0.10330561051766078,3,1
678,10,0.0825067088007927,1,1
679,9,0.12078947573900223,2,1
680,9,0.06083303689956665,2,1
681,7,0.07171754166483879,4,1
682,-28,0.1206756646816547,39,1
683,8,0.05591152235865593,3,1
684,-16,0.1477562247051133,27,1
685,10,0.028853118419647217,1,1
686,4,0.06835745807204928,7,1
687,-50,0.10452130891382694,50,0
688,-50,0.1054396396316588,50,0
689,9,0.03460962697863579,2,1
690,-38,0.08269121874199838,49,1
691,9,0.0708810705691576,2,1
692,7,0.04382337676361203,4,1
693,8,0.12850670454402766,3,1
694,10,0.045936644077301025,1,1
695,10,0.06175911799073219,1,1
696,6,0.06447901278734207,5,1
697,9,0.17273622751235962,2,1
698,7,0.040443780831992626,4,1
699,7,0.16668174508959055,4,1
700,10,0.04429037496447563,1,1
701,9,0.05254948139190674,2,1
702,9,0.09726033359766006,2,1
703,9,0.05266565456986427,2,1
704,8,0.08667139088114102,3,1
705,-50,0.12271016573533416,50,0
706,6,0.15486052632331848,5,1
707,10,0.03268120437860489,1,1
708,9,0.01947323139756918,2,1
709,10,0.02681867405772209,1,1
710,10,0.013064696453511715,1,1
711,7,0.35651640221476555,4,1
712,8,0.05660750654836496,3,1
713,10,0.020786171779036522,1,1
714,9,0.039855366572737694,2,1
715,8,0.0591051218410333,3,1
716,10,0.10748228430747986,1,1
717,-7,0.0689742270236214,18,1
718,4,0.04785307816096714,7,1
719,-50,0.08878826510161161,50,0
720,6,0.0780549731105566,5,1
721,10,0.5106090307235718,1,1
722,6,0.08301465027034283,5,1
723,10,0.03583132103085518,1,1
724,9,0.043590521439909935,2,1
725,6,0.09227181747555732,5,1
726,7,0.16402650345116854,4,1
727,8,0.10016436874866486,3,1
728,8,0.0425890696545442,3,1
729,6,0.05401741378009319,5,1
730,7,0.08558383956551552,4,1
731,6,0.04426487721502781,5,1
732,10,0.08902761340141296,1,1
733,7,0.07019717455841601,4,1
734,8,0.028723474591970444,3,1
735,6,0.12095997296273708,5,1
736,8,0.055494606494903564,3,1
737,10,0.03275357931852341,1,1
738,9,0.11790251359343529,2,1
739,10,0.023705264553427696,1,1
740,10,0.04302011430263519,1,1
741,9,0.09507567808032036,2,1
742,9,0.10548797436058521,2,1
743,-11,0.12154709183695642,22,1
744,-50,0.10764847971498966,50,0
745,10,0.020359717309474945,1,1
746,-4,0.12420007611314456,15,1
747,8,0.1770246308296919,3,1
748,6,0.15056522637605668,5,1
749,6,0.10106599852442741,5,1
750,9,0.1903134472668171,2,1
751,8,0.10050502667824428,3,1
752,9,0.08294417709112167,2,1
753,8,0.22011732744673887,3,1
754,10,0.18843799829483032,1,1
755,8,0.10087370127439499,3,1
756,8,0.10294964661200841,3,1
757,9,0.034578907303512096,2,1
758,-50,0.13545096864923833,50,0
759,10,0.28588956594467163,1,1
760,9,0.0592184504494071,2,1
761,8,0.06824239964286487,3,1
762,7,0.1879815412685275,4,1
763,7,0.3029080741107464,4,1
764,-50,0.16101936131715774,50,0
765,8,0.17887030045191446,3,1
766,8,0.14658294369777045,3,1
767,7,0.14643363002687693,4,1
768,6,0.1393333151936531,5,1
769,9,0.11846555769443512,2,1
770,10,0.21129970252513885,1,1
771,9,0.02848347555845976,2,1
772,8,0.17128309855858484,3,1
773,-10,0.1058490201830864,1,0
774,8,0.20294949412345886,3,1
775,8,0.36202039817969006,3,1
776,6,0.17172782719135285,5,1
777,8,0.18610416849454245,3,1
778,10,0.0394476093351841,1,1
779,3,0.13780448050238192,8,1
780,8,0.23052679498990378,3,1
781,10,0.05683856084942818,1,1
782,9,0.12666382640600204,2,1
783,10,0.07876693457365036,1,1
784,5,0.07651083233455817,6,1
785,-50,0.1380140440352261,50,0
786,10,0.036987584084272385,1,1
787,10,0.036580029875040054,1,1
788,-50,0.15221495181322098,50,0
789,10,0.04344139248132706,1,1
790,-34,0.14949793000188139,45,1
791,7,0.11233868077397346,4,1
792,-10,0.15244153745117642,21,1
793,7,0.11638802476227283,4,1
794,8,0.13422896713018417,3,1
795,8,0.1805885173380375,3,1
796,9,0.2046790812164545,2,1
797,10,0.07675067335367203,1,1
798,9,0.11490076780319214,2,1
799,7,0.077361099421978,4,1
800,6,0.4776613235473633,5,1
801,10,0.11985354125499725,1,1
802,9,0.09374971687793732,2,1
803,10,0.04348769783973694,1,1
804,7,0.15312602184712887,4,1
805,10,0.15516716241836548,1,1
806,6,0.16670432835817336,5,1
807,7,0.19958444498479366,4,1
808,7,0.10363365989178419,4,1
809,10,0.18616728484630585,1,1
810,10,0.039337046444416046,1,1
811,5,0.15316438550750414,6,1
812,-50,0.18023157849907875,50,0
813,6,0.3382063344120979,5,1
814,10,0.2992406189441681,1,1
815,-35,0.18093875803701256,46,1
816,5,0.144237927471598,6,1
817,9,0.09608694911003113,2,1
818,9,0.05458995886147022,2,1
819,-11,0.13135901466012,2,0
820,7,0.07488006353378296,4,1
821,8,0.07904487972458203,3,1
822,10,0.22640050947666168,1,1
823,9,0.04306766390800476,2,1
824,-21,0.1539293495588936,32,1
825,8,0.07532598823308945,3,1
826,8,0.16751250873009363,3,1
827,-10,0.07475318014621735,1,0
828,-3,0.1164409653948886,14,1
829,9,0.07617803663015366,2,1
830,9,0.3021984323859215,2,1
831,-50,0.14874900780618192,50,0
832,10,0.11595988273620605,1,1
833,9,0.1518834289163351,2,1
834,8,0.3532785164813201,3,1
835,8,0.04875850801666578,3,1
836,10,0.11068861931562424,1,1
837,9,0.05228470638394356,2,1
838,-22,0.11646301519464362,33,1
839,10,0.027528472244739532,1,1
840,10,0.1238493025302887,1,1
841,7,0.10974683333188295,4,1
842,9,0.19480249285697937,2,1
843,10,0.09929614514112473,1,1
844,10,0.03621556609869003,1,1
845,-21,0.10320421546930447,32,1
846,7,0.1544793974608183,4,1
847,7,0.05587195698171854,4,1
848,8,0.0760326807697614,3,1
849,-14,0.14082721382379532,25,1
850,10,0.06577833741903305,1,1
851,9,0.09894038736820221,2,1
852,-12,0.19541819393634796,3,0
853,-9,0.16308418475091457,20,1
854,10,0.08339181542396545,1,1
855,7,0.13852366991341114,4,1
856,9,0.12560424208641052,2,1
857,10,0.11661507189273834,1,1
858,9,0.2187105268239975,2,1
859,7,0.14486277755349874,4,1
860,-4,0.10250143532951674,15,1
861,10,0.10804519057273865,1,1
862,1,0.11997653692960739,10,1
863,8,0.10895797113577525,3,1
864,10,0.20650352537631989,1,1
865,7,0.1337845828384161,4,1
866,-15,0.13853980385913298,26,1
867,7,0.14482995308935642,4,1
868,-19,0.14351746439933777,10,0
869,10,0.21342799067497253,1,1
870,8,0.06335156659285228,3,1
871,10,0.09545177221298218,1,1
872,10,0.05016879737377167,1,1
873,9,0.08323767967522144,2,1
874,9,0.05517037957906723,2,1
875,9,0.31062839552760124,2,1
876,10,0.1757500022649765,1,1
877,8,0.08945819735527039,3,1
878,6,0.0795578271150589,5,1
879,7,0.15234844759106636,4,1
880,-50,0.1581191761046648,50,0
881,9,0.07411865890026093,2,1
882,-50,0.1352607373148203,50,0
883,10,0.08277440071105957,1,1
884,5,0.07726009127994378,6,1
885,7,0.06886454485356808,4,1
886,9,0.13813737221062183,2,1
887,10,0.1936456859111786,1,1
888,8,0.13490399221579233,3,1
889,-50,0.15579711094498636,50,0
890,9,0.08477453514933586,2,1
891,-50,0.14763436008244754,50,0
892,8,0.045056652277708054,3,1
893,7,0.18431058153510094,4,1
894,8,0.04495652516682943,3,1
895,10,0.029749594628810883,1,1
896,10,0.058884989470243454,1,1
897,10,0.07223519682884216,1,1
898,8,0.07730519523223241,3,1
899,3,0.120822889264673,8,1
900,8,0.08745717753966649,3,1
901,9,0.09042631834745407,2,1
902,8,0.213412473599116,3,1
903,9,0.06645646318793297,2,1
904,-50,0.060712055042386054,50,0
905,-1,0.09992356815685828,12,1
906,6,0.05976482629776001,5,1
907,9,0.04674795642495155,2,1
908,7,0.04892206657677889,4,1
909,10,0.11357546597719193,1,1
910,5,0.06853758233288924,6,1
911,7,0.035385049413889647,4,1
912,6,0.08810022547841072,5,1
913,-11,0.05277949199080467,2,0
914,-14,0.10689724273979664,25,1
915,10,0.029091201722621918,1,1
916,-10,0.17731641232967377,1,0
917,10,0.1852344572544098,1,1
918,8,0.21518236522873244,3,1
919,-50,0.0835425349138677,50,0
920,8,0.023927025496959686,3,1
921,10,0.023841731250286102,1,1
922,9,0.03872504271566868,2,1
923,7,0.1679152874276042,4,1
924,9,0.023083163425326347,2,1
925,8,0.04946366076668104,3,1
926,10,0.10842632502317429,1,1
927,9,0.04764704219996929,2,1
928,7,0.07317350246012211,4,1
929,10,0.05490773916244507,1,1
930,8,0.05448997144897779,3,1
931,-21,0.12230554185225628,32,1
932,8,0.04663191301127275,3,1
933,10,0.042683254927396774,1,1
934,9,0.028577757067978382,2,1
935,9,0.020874651614576578,2,1
936,8,0.025144465267658234,3,1
937,10,0.08492084592580795,1,1
938,7,0.03024362027645111,4,1
939,8,0.0642319843173027,3,1
940,-11,0.06540675833821297,2,0
941,6,0.022412365674972533,5,1
942,8,0.1922528830667337,3,1
943,9,0.17356298677623272,2,1
944,-28,0.06836636383564045,39,1
945,10,0.038730841130018234,1,1
946,8,0.15655312687158585,3,1
947,10,0.02752191573381424,1,1
948,8,0.09595753066241741,3,1
949,8,0.026728359361489613,3,1
950,7,0.09236330026760697,4,1
951,10,0.014812281355261803,1,1
952,10,0.03412014991044998,1,1
953,-12,0.041096244007349014,3,0
954,9,0.02634305227547884,2,1
955,7,0.16087845154106617,4,1
956,9,0.26585478335618973,2,1
957,8,0.34727535272638005,3,1
958,9,0.28533285669982433,2,1
959,10,0.034187041223049164,1,1
960,-12,0.029356185346841812,3,0
961,10,0.14964088797569275,1,1
962,7,0.07570343464612961,4,1
963,10,0.06812028586864471,1,1
964,8,0.20384215687712035,3,1
965,10,0.08412443101406097,1,1
966,7,0.049566878005862236,4,1
967,9,0.03432898875325918,2,1
968,-13,0.08794128336012363,4,0
969,-50,0.09956683481112122,50,0
970,-11,0.2846447564661503,2,0
971,10,0.024070389568805695,1,1
972,-20,0.1315422576040991,31,1
973,8,0.0673809287448724,3,1
974,8,0.10204736019174258,3,1
975,9,0.16264744848012924,2,1
976,10,0.21747243404388428,1,1
977,8,0.05004993329445521,3,1
978,9,0.05594390071928501,2,1
979,8,0.23112137615680695,3,1
980,5,0.12913763895630836,6,1
981,-2,0.06786555696565372,13,1
982,7,0.033343580551445484,4,1
983,10,0.045910149812698364,1,1
984,9,0.031693329103291035,2,1
985,6,0.15481523647904397,5,1
986,-10,0.049686454236507416,1,0
987,5,0.04157353130479654,6,1
988,7,0.05174333555623889,4,1
989,8,0.029784061014652252,3,1
990,10,0.023981651291251183,1,1
991,9,0.05413774773478508,2,1
992,-18,0.09829731895748911,29,1
993,8,0.08379946524898212,3,1
994,6,0.1001874901354313,5,1
995,-10,0.14518572935568436,21,1
996,7,0.07088992651551962,4,1
997,9,0.06110699102282524,2,1
998,10,0.030092276632785797,1,1
999,10,0.03268110007047653,1,1
1000,8,0.1970256669446826,3,1
1,9,0.5473586022853851,2,1
2,10,0.09188438206911087,1,1
3,10,0.03840304911136627,1,1
4,10,0.5015445351600647,1,1
5,10,0.056697189807891846,1,1
6,9,0.09799860790371895,2,1
7,7,0.14811926009133458,4,1
8,9,0.061606645584106445,2,1
9,-10,0.07397136837244034,1,0
10,8,0.1408306509256363,3,1
11,6,0.09526600092649459,5,1
12,8,0.3421504972502589,3,1
13,8,0.044199977070093155,3,1
14,8,0.11619927237431209,3,1
15,7,0.021140687633305788,4,1
16,10,0.047981202602386475,1,1
17,-50,0.09350961524061858,50,0
18,7,0.059431773610413074,4,1
19,8,0.21406374499201775,3,1
20,8,0.20086345821619034,3,1
21,9,0.10242783091962337,2,1
22,8,0.03011157860358556,3,1
23,7,0.172800108557567,4,1
24,0,0.10489961301738565,11,1
25,10,0.03641265630722046,1,1
26,8,0.08261295966804028,3,1
27,8,0.055767628053824105,3,1
28,10,0.03187162056565285,1,1
29,9,0.05501776374876499,2,1
30,8,0.06139200180768967,3,1
31,9,0.06304788868874311,2,1
32,9,0.09538038074970245,2,1
33,10,0.024066008627414703,1,1
34,-11,0.3081035688519478,2,0
35,9,0.18234314396977425,2,1
36,10,0.030188459903001785,1,1
37,10,0.027835140004754066,1,1
38,-50,0.1689591547474265,50,0
39,-50,0.16865739677567035,50,0
40,6,0.27649610340595243,5,1
41,8,0.16637489758431911,3,1
42,-44,0.16505016900066818,35,0
43,8,0.12614002730697393,3,1
44,8,0.12006696748236816,3,1
45,6,0.35256499946117403,5,1
46,7,0.069102818146348,4,1
47,8,0.03235714075465997,3,1
48,10,0.4853571951389313,1,1
49,10,0.060573235154151917,1,1
50,10,0.06020309403538704,1,1
51,8,0.08233817107975483,3,1
52,6,0.07378167062997817,5,1
53,10,0.2035398632287979,1,1
54,7,0.1727949995547533,4,1
55,10,0.12265853583812714,1,1
56,8,0.12566479047139487,3,1
57,-14,0.15212414994835854,25,1
58,7,0.05520497856196016,4,1
59,-10,0.0694005936384201,1,0
60,10,0.017308896407485008,1,1
61,10,0.0338561125099659,1,1
62,10,0.09948620945215225,1,1
63,10,0.2657981514930725,1,1
64,10,0.0778399258852005,1,1
65,-12,0.0688116376598676,3,0
66,9,0.2761916909366846,2,1
67,6,0.23755587488412858,5,1
68,9,0.15832039713859558,2,1
69,9,0.16418667882680893,2,1
70,8,0.23625732709964117,3,1
71,-50,0.19878704126924276,50,0
72,8,0.07150350138545036,3,1
73,5,0.15000432233015695,6,1
74,-46,0.1679942413560442,37,0
75,10,0.06130164861679077,1,1
76,9,0.13588563352823257,2,1
77,-50,0.23093591254204512,50,0
78,10,0.2570245862007141,1,1
79,9,0.10635604336857796,2,1
80,0,0.313789500431581,11,1
81,8,0.13541786869366965,3,1
82,10,0.07601836323738098,1,1
83,8,0.1600563327471415,3,1
84,8,0.15866327782471976,3,1
85,8,0.13598792751630148,3,1
86,-25,0.15555715990356273,36,1
87,9,0.08420664258301258,2,1
88,10,0.05025404691696167,1,1
89,9,0.04437707178294659,2,1
90,10,0.060442812740802765,1,1
91,8,0.0995970827837785,3,1
92,9,0.5316807106137276,2,1
93,4,0.1420441142150334,7,1
94,-50,0.20852461494505406,50,0
95,8,0.20719468593597412,3,1
96,-10,0.06261242181062698,1,0
97,10,0.030463797971606255,1,1
98,10,0.12734410166740417,1,1
99,9,0.5398682653903961,2,1
100,9,0.1800990030169487,2,1
101,9,0.39278804510831833,2,1
102,-50,0.20107593521475792,50,0
103,9,0.11529805511236191,2,1
104,-27,0.17335550658600896,38,1
105,9,0.6566497385501862,2,1
106,8,0.2570653110742569,3,1
107,9,0.14140792191028595,2,1
108,5,0.14610052977999052,6,1
109,8,0.31829559803009033,3,1
110,10,0.08054276555776596,1,1
111,8,0.28797722111145657,3,1
112,8,0.1048648189753294,3,1
113,8,0.3126063471039136,3,1
114,10,0.014126699417829514,1,1
115,-11,0.0511988140642643,2,0
116,9,0.5477893352508545,2,1
117,9,0.14037452638149261,2,1
118,10,0.09242318570613861,1,1
119,7,0.07632960006594658,4,1
120,-11,0.2752598598599434,2,0
121,9,0.2811332978308201,2,1
122,8,0.10713753725091617,3,1
123,9,0.06616391241550446,2,1
124,-39,0.2529322908570369,30,0
125,7,0.23927530739456415,4,1
126,9,0.6852457523345947,2,1
127,10,0.5047745704650879,1,1
128,9,0.12589720636606216,2,1
129,8,0.2065514624118805,3,1
130,7,0.07956238090991974,4,1
131,7,0.19212051387876272,4,1
132,-14,0.21748252347111702,25,1
133,9,0.29601895809173584,2,1
134,7,0.18423343263566494,4,1
135,5,0.352751512080431,6,1
136,6,0.15126957297325133,5,1
137,-10,0.06968265771865845,1,0
138,7,0.22464228048920631,4,1
139,8,0.19114437947670618,3,1
140,8,0.16660605122645697,3,1
141,-13,0.6458663791418076,4,0
142,9,0.30266687273979187,2,1
143,9,0.32488059625029564,2,1
144,10,0.08777779340744019,1,1
145,-10,0.16711163520812988,1,0
146,10,0.08788247406482697,1,1
147,9,0.1488282009959221,2,1
148,9,0.5437965393066406,2,1
149,10,0.12332480400800705,1,1
150,4,0.32724357715674807,7,1
151,8,0.22400063276290894,3,1
152,10,0.8064833879470825,1,1
153,8,0.3228223497668902,3,1
154,9,0.07747159898281097,2,1
155,7,0.3232286795973778,4,1
156,7,0.48312106914818287,4,1
157,9,0.29105929285287857,2,1
158,10,0.533003568649292,1,1
159,10,0.04717479646205902,1,1
160,-47,0.21286087424347275,38,0
161,10,0.05854593589901924,1,1
162,8,0.4348382850488027,3,1
163,8,0.1801942636569341,3,1
164,8,0.2647113228837649,3,1
165,9,0.3216463178396225,2,1
166,8,0.39048326512177783,3,1
167,-20,0.1428033099933104,11,0
168,7,0.41802312806248665,4,1
169,10,0.05618320778012276,1,1
170,9,0.10920871049165726,2,1
171,8,0.4011484930912654,3,1
172,10,0.0898263230919838,1,1
173,4,0.18600529645170485,7,1
174,-9,0.1898708488792181,20,1
175,-6,0.32981475705609603,17,1
176,-6,0.2763310442952549,17,1
177,-3,0.18975542898156814,14,1
178,-50,0.2952001620084047,50,0
179,10,0.4805164337158203,1,1
180,8,0.24842909971872965,3,1
181,9,0.39242490008473396,2,1
182,9,0.07484162785112858,2,1
183,8,0.13244046767552695,3,1
184,9,0.2539546675980091,2,1
185,9,0.0774836391210556,2,1
186,-50,0.1464910738170147,50,0
187,9,0.1633792221546173,2,1
188,9,0.11547812819480896,2,1
189,8,0.12209706505139668,3,1
190,4,0.08175105016146388,7,1
191,8,0.12357299029827118,3,1
192,10,0.14512619376182556,1,1
193,10,0.1006065309047699,1,1
194,-16,0.18789808659089935,27,1
195,8,0.3359953947365284,3,1
196,9,0.322879359126091,2,1
197,7,0.10087087377905846,4,1
198,8,0.410380981862545,3,1
199,8,0.0916085032125314,3,1
200,7,0.12405289988964796,4,1
201,7,0.24929263070225716,4,1
202,8,0.05436608319481214,3,1
203,9,0.07333590276539326,2,1
204,9,0.20336146652698517,2,1
205,6,0.18378424569964408,5,1
206,-50,0.23215504981577395,50,0
207,-8,0.1856269543304255,19,1
208,9,0.1801140084862709,2,1
209,10,0.6214264631271362,1,1
210,9,0.20493724942207336,2,1
211,8,0.12682644029458365,3,1
212,7,0.4137946590781212,4,1
213,7,0.11681021377444267,4,1
214,10,0.26265111565589905,1,1
215,-50,0.1887768118828535,50,0
216,7,0.12236999347805977,4,1
217,-12,0.07073642313480377,3,0
218,9,0.18017195910215378,2,1
219,10,0.4873765707015991,1,1
220,9,0.08571846783161163,2,1
221,7,0.10975320730358362,4,1
222,9,0.3797707110643387,2,1
223,6,0.14592489637434483,5,1
224,1,0.1647857416421175,10,1
225,8,0.32914430151383084,3,1
226,-50,0.18817028686404227,50,0
227,7,0.19573332741856575,4,1
228,8,0.1439644694328308,3,1
229,7,0.16007251106202602,4,1
230,7,0.24014435894787312,4,1
231,9,0.29359080642461777,2,1
232,7,0.20146323088556528,4,1
233,6,0.14085910469293594,5,1
234,-33,0.1962605269315342,24,0
235,5,0.25475411241253215,6,1
236,9,0.23986975476145744,2,1
237,6,0.09353468716144561,5,1
238,7,0.10275075491517782,4,1
239,8,0.08675858626763026,3,1
240,10,0.04623464494943619,1,1
241,8,0.08789973209301631,3,1
242,6,0.08239834383130074,5,1
243,10,0.07731044292449951,1,1
244,8,0.25406494239966076,3,1
245,8,0.11725365618864696,3,1
246,9,0.8319588303565979,2,1
247,-15,0.366263469060262,6,0
248,9,0.3762843906879425,2,1
249,8,0.2119163672129313,3,1
250,7,0.1955990269780159,4,1
251,-50,0.18629213497042657,50,0
252,-26,0.09375747293233871,17,0
253,8,0.17992708583672842,3,1
254,10,0.3539913296699524,1,1
255,-50,0.14779610841012583,41,0
256,10,0.03838120400905609,1,1
257,7,0.3276091255247593,4,1
258,7,0.10211514867842197,4,1
259,6,0.20166127160191535,5,1
260,8,0.1351762873431047,3,1
261,-16,0.14730020564187457,27,1
262,9,0.14272812008857727,2,1
263,-15,0.12895072910648125,26,1
264,4,0.10334816468613488,7,1
265,9,0.36277875304222107,2,1
266,9,0.2818354908376932,2,1
267,9,0.07331987842917442,2,1
268,8,0.2697650045156479,3,1
269,7,0.16837692633271217,4,1
270,-13,0.24747568927705288,4,0
271,7,0.1785566359758377,4,1
272,-12,0.09212375680605571,3,0
273,7,0.23922410607337952,4,1
274,10,0.10550068318843842,1,1
275,6,0.16234146505594255,5,1
276,-42,0.1767327091233297,33,0
277,7,0.2991487421095371,4,1
278,-11,0.23726897288791157,22,1
279,5,0.18872175924479961,6,1
280,10,0.1977103352546692,1,1
281,-50,0.1434998995065689,50,0
282,-35,0.17080193834946208,46,1
283,8,0.06932048623760541,3,1
284,6,0.18941916152834892,5,1
285,5,0.08479074326654275,6,1
286,10,0.03257390856742859,1,1
287,-10,0.03238635137677193,1,0
288,8,0.15927760303020477,3,1
289,8,0.08851156197488308,3,1
290,7,0.14083860628306866,4,1
291,10,0.03531760722398758,1,1
292,-4,0.11458684811368584,15,1
293,8,0.07974908252557118,3,1
294,8,0.08140966668725014,3,1
295,-50,0.1631051167845726,50,0
296,8,0.08143587782979012,3,1
297,10,0.03132990375161171,1,1
298,9,0.3570545166730881,2,1
299,4,0.29265968395130976,7,1
300,9,0.28976529091596603,2,1
301,9,0.12294957786798477,2,1
302,7,0.17796647641807795,4,1
303,10,0.4370154142379761,1,1
304,8,0.08884021018942197,3,1
305,6,0.33679749965667727,5,1
306,8,0.1860991989572843,3,1
307,8,0.23676428943872452,3,1
308,9,0.08617332577705383,2,1
309,10,0.018132129684090614,1,1
310,5,0.13395831982294717,6,1
311,8,0.12228145822882652,3,1
312,-11,0.21844330988824368,2,0
313,7,0.05575085082091391,4,1
314,10,0.10792269557714462,1,1
315,7,0.05409986898303032,4,1
316,9,0.2455967403948307,2,1
317,7,0.48993587866425514,4,1
318,8,0.1430975186328093,3,1
319,8,0.05315525333086649,3,1
320,7,0.038511992897838354,4,1
321,8,0.07378064841032028,3,1
322,7,0.04681288357824087,4,1
323,8,0.1364838443696499,3,1
324,-10,0.1930282860994339,1,0
325,8,0.30440356209874153,3,1
326,7,0.12116259709000587,4,1
327,8,0.0237355325371027,3,1
328,5,0.24931982532143593,6,1
329,8,0.06468929102023442,3,1
330,-24,0.17642652219427482,35,1
331,6,0.1710420735180378,5,1
332,7,0.3094015019014478,4,1
333,7,0.3858168350998312,4,1
334,6,0.19152279198169708,5,1
335,7,0.21278328262269497,4,1
336,7,0.13270170986652374,4,1
337,10,0.2674696147441864,1,1
338,8,0.09987230102221172,3,1
339,9,0.19339719414710999,2,1
340,9,0.1730414181947708,2,1
341,10,0.09494061768054962,1,1
342,7,0.286593422293663,4,1
343,7,0.1334518608637154,4,1
344,9,0.5570360720157623,2,1
345,7,0.1743952315300703,4,1
346,10,0.0384318083524704,1,1
347,10,0.4576382637023926,1,1
348,8,0.19220702722668648,3,1
349,9,0.035112664103507996,2,1
350,6,0.1520472213625908,5,1
351,7,0.13477929402142763,4,1
352,8,0.16435432061553001,3,1
353,-34,0.3090582700073719,25,0
354,8,0.19683960576852164,3,1
355,-8,0.15969423949718475,19,1
356,8,0.2793800433476766,3,1
357,9,0.308386892080307,2,1
358,7,0.27277522906661034,4,1
359,-50,0.23541073240339755,50,0
360,4,0.3334625224981989,7,1
361,7,0.1522614136338234,4,1
362,7,0.2009209468960762,4,1
363,6,0.26298347264528277,5,1
364,10,0.06117396056652069,1,1
365,9,0.04259428754448891,2,1
366,8,0.11208012203375499,3,1
367,6,0.16984903439879417,5,1
368,10,0.07653426378965378,1,1
369,10,0.5654615759849548,1,1
370,5,0.09918281684319179,6,1
371,7,0.164945712313056,4,1
372,-36,0.19613190423300925,47,1
373,8,0.6158003757397333,3,1
374,9,0.2944951802492142,2,1
375,8,0.30389972031116486,3,1
376,-11,0.20245577378029173,22,1
377,9,0.31860072165727615,2,1
378,9,0.0859660841524601,2,1
379,8,0.18692695101102194,3,1
380,6,0.26203481033444403,5,1
381,8,0.22309338798125586,3,1
382,7,0.31488512828946114,4,1
383,8,0.07782427221536636,3,1
384,6,0.25259535387158394,5,1
385,8,0.09182078391313553,3,1
386,-6,0.23784663813079104,17,1
387,10,0.2139822244644165,1,1
388,-10,0.051058635115623474,1,0
389,-51,0.14188050789137682,42,0
390,8,0.14848511666059494,3,1
391,8,0.09356129666169484,3,1
392,9,0.15347011759877205,2,1
393,7,0.21277590095996857,4,1
394,8,0.2477527136603991,3,1
395,8,0.10242051258683205,3,1
396,7,0.10572036262601614,4,1
397,9,0.10392534360289574,2,1
398,10,0.05564062297344208,1,1
399,8,0.08206576853990555,3,1
400,9,0.15798118710517883,2,1
401,7,0.18214437551796436,4,1
402,-50,0.16105519443750382,50,0
403,10,0.22500139474868774,1,1
404,8,0.4999655783176422,3,1
405,9,0.09343859180808067,2,1
406,9,0.3581175282597542,2,1
407,9,0.09134222194552422,2,1
408,8,0.22931589310367903,3,1
409,10,0.05858822911977768,1,1
410,8,0.10792715847492218,3,1
411,10,0.05236763879656792,1,1
412,8,0.054659893115361534,3,1
413,8,0.12034059440096219,3,1
414,-1,0.14166707607607046,12,1
415,6,0.14605174511671065,5,1
416,9,0.149953693151474,2,1
417,4,0.09817522498113769,7,1
418,9,0.16445298492908478,2,1
419,9,0.11085382848978043,2,1
420,6,0.12710135728120803,5,1
421,-22,0.13335275051720213,33,1
422,9,0.02703837677836418,2,1
423,-10,0.03797909617424011,1,0
424,9,0.07429488003253937,2,1
425,-11,0.4466862827539444,2,0
426,9,0.26558392122387886,2,1
427,7,0.13268250785768032,4,1
428,8,0.09213259071111679,3,1
429,10,0.5719815492630005,1,1
430,10,0.09576631337404251,1,1
431,10,0.42297857999801636,1,1
432,10,0.09240841865539551,1,1
433,10,0.21399448812007904,1,1
434,10,0.04959142208099365,1,1
435,8,0.23333494861920676,3,1
436,7,0.10108519159257412,4,1
437,9,0.07099779695272446,2,1
438,-26,0.17526037950773496,37,1
439,7,0.05751282535493374,4,1
440,8,0.1536288633942604,3,1
441,-44,0.13509056538875613,35,0
442,7,0.06746266968548298,4,1
443,7,0.10689029283821583,4,1
444,6,0.2274926483631134,5,1
445,10,0.02906683459877968,1,1
446,7,0.09030673652887344,4,1
447,-6,0.09596188870422981,17,1
448,9,0.09849490970373154,2,1
449,9,0.08535316959023476,2,1
450,7,0.07464541774243116,4,1
451,10,0.24579481780529022,1,1
452,8,0.1074136421084404,3,1
453,9,0.11619913205504417,2,1
454,7,0.07215936575084925,4,1
455,9,0.06108849495649338,2,1
456,7,0.1075169313699007,4,1
457,-50,0.16679746441543103,50,0
458,10,0.11128488928079605,1,1
459,9,0.35963311791419983,2,1
460,5,0.0956272470454375,6,1
461,10,0.18367433547973633,1,1
462,9,0.27267080172896385,2,1
463,6,0.12836697548627854,5,1
464,9,0.07450398430228233,2,1
465,5,0.1407208712771535,6,1
466,-26,0.14492566098232526,37,1
467,8,0.0829554833471775,3,1
468,6,0.216320264339447,5,1
469,10,0.09370116889476776,1,1
470,-50,0.1663680573552847,50,0
471,10,0.04098377749323845,1,1
472,7,0.08104534260928631,4,1
473,6,0.17676797062158583,5,1
474,9,0.48139072954654694,2,1
475,-50,0.18539034731686116,50,0
476,-10,0.04309125244617462,1,0
477,9,0.07120103761553764,2,1
478,-50,0.1979787090420723,50,0
479,5,0.1302033985654513,6,1
480,7,0.14658028446137905,4,1
481,10,0.08985777199268341,1,1
482,7,0.06322914827615023,4,1
483,8,0.18641340732574463,3,1
484,6,0.1886928655207157,5,1
485,10,0.0876837819814682,1,1
486,9,0.10030266270041466,2,1
487,10,0.09121942520141602,1,1
488,7,0.04693683376535773,4,1
489,8,0.07796944739917915,3,1
490,8,0.258774866660436,3,1
491,5,0.05764320679008961,6,1
492,8,0.27744391560554504,3,1
493,10,0.04262436181306839,1,1
494,10,0.12583373486995697,1,1
495,8,0.16276354591051737,3,1
496,9,0.12502852827310562,2,1
497,10,0.05062120035290718,1,1
498,8,0.14382876952489218,3,1
499,-10,0.04142043739557266,1,0
500,7,0.11228928342461586,4,1
501,8,0.2735965500275294,3,1
502,7,0.10259461030364037,4,1
503,9,0.12339219078421593,2,1
504,7,0.16118658240884542,4,1
505,10,0.5642294883728027,1,1
506,8,0.07595500101645787,3,1
507,10,0.0663963258266449,1,1
508,8,0.25796546538670856,3,1
509,10,0.044358860701322556,1,1
510,6,0.10165458545088768,5,1
511,10,0.25169751048088074,1,1
512,7,0.2591709140688181,4,1
513,8,0.08402127027511597,3,1
514,9,0.3766927346587181,2,1
515,8,0.08989017208417256,3,1
516,8,0.09096087018648784,3,1
517,10,0.23435260355472565,1,1
518,6,0.2304893910884857,5,1
519,-15,0.13201356741289297,6,0
520,10,0.052526477724313736,1,1
521,6,0.11796895563602447,5,1
522,7,0.11222095228731632,4,1
523,8,0.1712263027826945,3,1
524,8,0.11549252271652222,3,1
525,9,0.13415680825710297,2,1
526,8,0.07333474978804588,3,1
527,8,0.0946603740255038,3,1
528,7,0.19809875451028347,4,1
529,10,0.09579204767942429,1,1
530,9,0.0824626199901104,2,1
531,9,0.12813591212034225,2,1
532,-6,0.19098565267289386,17,1
533,6,0.2546678900718689,5,1
534,10,0.05475436896085739,1,1
535,9,0.11529529839754105,2,1
536,8,0.25580570722619694,3,1
537,10,0.05356734246015549,1,1
538,10,0.07026715576648712,1,1
539,6,0.1052053764462471,5,1
540,8,0.07202774037917455,3,1
541,9,0.13351891189813614,2,1
542,6,0.07500249147415161,5,1
543,8,0.24864832063515982,3,1
544,6,0.17561862021684646,5,1
545,-8,0.18126591598909153,19,1
546,9,0.04901028051972389,2,1
547,-12,0.10715177493250888,23,1
548,9,0.07692145928740501,2,1
549,10,0.20121394097805023,1,1
550,-10,0.10230434685945511,1,0
551,9,0.12237562984228134,2,1
552,10,0.0604172945022583,1,1
553,10,0.07670798152685165,1,1
554,8,0.27896102766195935,3,1
555,6,0.1005923569202423,5,1
556,10,0.09100043028593063,1,1
557,7,0.17821283102966845,4,1
558,8,0.1970933253566424,3,1
559,7,0.12197957746684551,4,1
560,10,0.6055036187171936,1,1
561,8,0.1300145387649536,3,1
562,10,0.19294798374176025,1,1
563,8,0.1552546831468741,3,1
564,7,0.1692816149443388,4,1
565,7,0.0810536090284586,4,1
566,-50,0.12839325100183488,50,0
567,10,0.022626027464866638,1,1
568,9,0.08952645026147366,2,1
569,8,0.3130885536472003,3,1
570,6,0.16106767505407332,5,1
571,7,0.09176710993051529,4,1
572,7,0.13266163505613804,4,1
573,9,0.07078602537512779,2,1
574,-11,0.05438712611794472,2,0
575,8,0.19161157310009003,3,1
576,-11,0.36178814619779587,2,0
577,10,0.062400009483098984,1,1
578,10,0.0829877033829689,1,1
579,9,0.19470514729619026,2,1
580,8,0.023915745317935944,3,1
581,8,0.20999078949292502,3,1
582,-13,0.1641729506663978,24,1
583,10,0.130127415060997,1,1
584,7,0.11895813047885895,4,1
585,5,0.10291315863529842,6,1
586,-3,0.12852004835648195,14,1
587,8,0.08814563602209091,3,1
588,7,0.22610355913639069,4,1
589,8,0.2026362381875515,3,1
590,10,0.050735101103782654,1,1
591,7,0.1668655863031745,4,1
592,7,0.11204755119979382,4,1
593,7,0.14008572744205594,4,1
594,8,0.08691531295577686,3,1
595,7,0.12010722886770964,4,1
596,7,0.12541025783866644,4,1
597,10,0.9734793901443481,1,1
598,7,0.22284666635096073,4,1
599,9,0.09400437958538532,2,1
600,-9,0.0843039931729436,20,1
601,5,0.21055548079311848,6,1
602,-10,0.08960143476724625,1,0
603,9,0.06989942863583565,2,1
604,7,0.10241587646305561,4,1
605,-9,0.1172530303709209,20,1
606,-11,0.0816938579082489,2,0
607,8,0.055906799932320915,3,1
608,-50,0.13121614631265402,50,0
609,-50,0.11066933047026396,50,0
610,-1,0.09264031611382961,12,1
611,7,0.050111131742596626,4,1
612,9,0.08024117350578308,2,1
613,8,0.056684320171674095,3,1
614,-56,0.11714097486927788,47,0
615,8,0.026680644291142624,3,1
616,8,0.11253140990932782,3,1
617,10,0.07330797612667084,1,1
618,-10,0.08686374127864838,1,0
619,9,0.09072837978601456,2,1
620,10,0.020188644528388977,1,1
621,10,0.24556413292884827,1,1
622,10,0.046486809849739075,1,1
623,9,0.07401166763156652,2,1
624,9,0.03976300731301308,2,1
625,8,0.10833425944050153,3,1
626,-3,0.22494289997432912,14,1
627,8,0.16006831328074136,3,1
628,9,0.3239970728754997,2,1
629,9,0.10307233780622482,2,1
630,9,0.19823680073022842,2,1
631,10,0.14803023636341095,1,1
632,-39,0.13658857166767122,50,1
633,8,0.0510840912659963,3,1
634,8,0.18472694853941599,3,1
635,6,0.167995448410511,5,1
636,7,0.10573044419288635,4,1
637,9,0.08176138997077942,2,1
638,9,0.24270328506827354,2,1
639,10,0.05590366572141647,1,1
640,6,0.1812278527766466,5,1
641,9,0.09530073776841164,2,1
642,6,0.0365135008469224,5,1
643,7,0.035765272565186024,4,1
644,8,0.2925802866617839,3,1
645,-50,0.09075472624972462,50,0
646,8,0.01658076575646798,3,1
647,10,0.050836365669965744,1,1
648,7,0.05792329553514719,4,1
649,10,0.02948671206831932,1,1
650,8,0.030470097437500954,3,1
651,8,0.07040120164553325,3,1
652,10,0.07912761718034744,1,1
653,10,0.010692670941352844,1,1
654,9,0.06615778710693121,2,1
655,10,0.1313471496105194,1,1
656,8,0.1552467110256354,3,1
657,9,0.38088592886924744,2,1
658,10,0.20795974135398865,1,1
659,8,0.10141134386261304,3,1
660,9,0.07064598985016346,2,1
661,9,0.042791073210537434,2,1
662,9,0.043325237929821014,2,1
663,-19,0.10887141594042381,30,1
664,5,0.06586652807891369,6,1
665,6,0.06894997209310531,5,1
666,-20,0.09370602517118377,31,1
667,1,0.05379010085016489,10,1
668,7,0.053964599035680294,4,1
669,10,0.058094706386327744,1,1
670,-28,0.1599644478649283,39,1
671,9,0.4885014295578003,2,1
672,-50,0.1448399518802762,50,0
673,7,0.3336486555635929,4,1
674,8,0.23439501971006393,3,1
675,-35,0.11425971519201994,26,0
676,-50,0.1518936827033758,50,0
677,10,0.10631351172924042,1,1
678,9,0.03453521244227886,2,1
679,-50,0.13185067616403104,50,0
680,9,0.0806422047317028,2,1
681,-10,0.023081105202436447,1,0
682,9,0.08214843273162842,2,1
683,9,0.2670128047466278,2,1
684,9,0.31341923028230667,2,1
685,-50,0.12811110500246287,50,0
686,8,0.0592403511206309,3,1
687,8,0.08358065287272136,3,1
688,-11,0.30440853629261255,2,0
689,7,0.16427852399647236,4,1
690,-50,0.12562602274119855,50,0
691,-22,0.17361870825742232,33,1
692,7,0.23236969020217657,4,1
693,4,0.1041196808218956,7,1
694,10,0.0677414983510971,1,1
695,9,0.021348862908780575,2,1
696,8,0.08519479880730312,3,1
697,8,0.07313662519057591,3,1
698,9,0.1323191188275814,2,1
699,7,0.0968853309750557,4,1
700,9,0.09885850548744202,2,1
701,8,0.15193544328212738,3,1
702,9,0.5574169903993607,2,1
703,8,0.4318942402799924,3,1
704,10,0.2122155874967575,1,1
705,5,0.17988798705240092,6,1
706,9,0.07238218747079372,2,1
707,9,0.03814309276640415,2,1
708,10,0.06315338611602783,1,1
709,6,0.13850105032324792,5,1
710,-38,0.2049016865084366,49,1
711,9,0.15635231137275696,2,1
712,10,0.10661396384239197,1,1
713,7,0.16878617182374,4,1
714,9,0.14944618195295334,2,1
715,9,0.14827266335487366,2,1
716,7,0.16404412128031254,4,1
717,9,0.308812053874135,2,1
718,7,0.25512007251381874,4,1
719,10,0.10889600217342377,1,1
720,8,0.16363495339949927,3,1
721,9,0.38220611959695816,2,1
722,9,0.10895425826311111,2,1
723,9,0.10894663631916046,2,1
724,8,0.06329506138960521,3,1
725,9,0.20344048738479614,2,1
726,6,0.26006155386567115,5,1
727,-10,0.09383489191532135,1,0
728,8,0.20613757272561392,3,1
729,-10,0.03362418711185455,1,0
730,9,0.10986070707440376,2,1
731,10,0.0700017660856247,1,1
732,8,0.3072728291153908,3,1
733,7,0.19748578779399395,4,1
734,7,0.08840998075902462,4,1
735,8,0.05398267010847727,3,1
736,7,0.14444226026535034,4,1
737,9,0.11781001091003418,2,1
738,8,0.3856164564689,3,1
739,9,0.06184939295053482,2,1
740,9,0.09564901143312454,2,1
741,10,0.06211933121085167,1,1
742,7,0.060199600644409657,4,1
743,10,0.05611622706055641,1,1
744,8,0.15103811770677567,3,1
745,8,0.07645238439242046,3,1
746,7,0.22403621207922697,4,1
747,9,0.24634595215320587,2,1
748,8,0.11332529038190842,3,1
749,8,0.36187659204006195,3,1
750,-30,0.20211128372608161,41,1
751,7,0.07471589744091034,4,1
752,10,0.26488909125328064,1,1
753,9,0.14383239299058914,2,1
754,-15,0.13957722571033698,26,1
755,9,0.1445581279695034,2,1
756,8,0.27424652874469757,3,1
757,7,0.1915455237030983,4,1
758,7,0.09595193900167942,4,1
759,8,0.13194493452707926,3,1
760,-1,0.20186279248446226,12,1
761,8,0.1037568747997284,3,1
762,7,0.1353330770507455,4,1
763,4,0.14258554843919619,7,1
764,8,0.1985277614245812,3,1
765,10,0.15573276579380035,1,1
766,8,0.4065646380186081,3,1
767,5,0.20123451637725034,6,1
768,9,0.09504316002130508,2,1
769,8,0.11821349710226059,3,1
770,8,0.1662405033906301,3,1
771,-23,0.15893401402760954,34,1
772,10,0.0681598111987114,1,1
773,-38,0.22359212089715333,29,0
774,9,0.548359602689743,2,1
775,8,0.0670794111986955,3,1
776,7,0.08773033879697323,4,1
777,10,0.0562409907579422,1,1
778,-4,0.3213939239581426,15,1
779,9,0.19076256453990936,2,1
780,8,0.17886659502983093,3,1
781,7,0.2593122608959675,4,1
782,10,0.386532187461853,1,1
783,7,0.08530028024688363,4,1
784,8,0.11299945662419002,3,1
785,7,0.11071086581796408,4,1
786,6,0.15369157791137694,5,1
787,7,0.10091646388173103,4,1
788,9,0.2013782262802124,2,1
789,10,0.11242558062076569,1,1
790,5,0.15179752248028913,6,1
791,6,0.2493419051170349,5,1
792,2,0.12166584779818852,9,1
793,-15,0.16792901705663937,26,1
794,7,0.3094204571098089,4,1
795,8,0.12965744733810425,3,1
796,8,0.1168623020251592,3,1
797,9,0.30410223454236984,2,1
798,8,0.11757497241099675,3,1
799,9,0.2588665261864662,2,1
800,8,0.24197281897068024,3,1
801,9,0.34151239693164825,2,1
802,9,0.07980940490961075,2,1
803,-1,0.17887535753349462,12,1
804,-11,0.06310177780687809,2,0
805,8,0.12360464533170064,3,1
806,10,0.05195174366235733,1,1
807,7,0.06945473607629538,4,1
808,9,0.20884234458208084,2,1
809,9,0.268891304731369,2,1
810,9,0.22654521465301514,2,1
811,8,0.07281642034649849,3,1
812,10,0.06592240929603577,1,1
813,9,0.2887401282787323,2,1
814,5,0.41644494483868283,6,1
815,9,0.15704793110489845,2,1
816,9,0.1271129585802555,2,1
817,8,0.08934288720289867,3,1
818,10,0.059409819543361664,1,1
819,9,0.24454044550657272,2,1
820,8,0.07033076509833336,3,1
821,7,0.2948103863745928,4,1
822,9,0.17025893181562424,2,1
823,8,0.11264714101950328,3,1
824,-10,0.19797174632549286,1,0
825,10,0.19245067238807678,1,1
826,6,0.13257642090320587,5,1
827,7,0.13209931552410126,4,1
828,7,0.19052833132445812,4,1
829,9,0.12266883626580238,2,1
830,9,0.3576165456324816,2,1
831,9,0.0360330268740654,2,1
832,8,0.23716574100156626,3,1
833,8,0.29569101830323535,3,1
834,9,0.11300268396735191,2,1
835,8,0.24908105532328287,3,1
836,-50,0.22580815091729164,50,0
837,7,0.20002436265349388,4,1
838,8,0.13236641138792038,3,1
839,9,0.39662685990333557,2,1
840,8,0.43345075845718384,3,1
841,10,0.0635060966014862,1,1
842,9,0.21057729423046112,2,1
843,9,0.10790757089853287,2,1
844,8,0.2283558746178945,3,1
845,9,0.08979012444615364,2,1
846,-10,0.14481483399868011,1,0
847,8,0.13270054260889688,3,1
848,10,0.5833866596221924,1,1
849,10,0.06713880598545074,1,1
850,6,0.19160090908408164,5,1
851,7,0.055588973220437765,4,1
852,10,0.08370424062013626,1,1
853,1,0.17084111217409373,10,1
854,9,0.1177002564072609,2,1
855,-50,0.17585013940930366,50,0
856,8,0.2815302237868309,3,1
857,8,0.12709085643291473,3,1
858,-50,0.16344289660453795,50,0
859,-42,0.1120202454992316,33,0
860,10,0.10179711878299713,1,1
861,10,0.05531363934278488,1,1
862,8,0.06380713606874149,3,1
863,-10,0.11777672952129728,21,1
864,10,0.05462377890944481,1,1
865,8,0.05282776181896528,3,1
866,9,0.08989344164729118,2,1
867,9,0.06334010884165764,2,1
868,8,0.045554179698228836,3,1
869,6,0.049138078838586806,5,1
870,9,0.03406397998332977,2,1
871,9,0.0649743303656578,2,1
872,-39,0.1581417263795932,30,0
873,9,0.07936406880617142,2,1
874,9,0.08128875121474266,2,1
875,10,0.08427644520998001,1,1
876,9,0.08849793672561646,2,1
877,9,0.07968880236148834,2,1
878,7,0.06588880531489849,4,1
879,8,0.03797245087722937,3,1
880,8,0.07950226838390033,3,1
881,7,0.054481225088238716,4,1
882,-10,0.0435016043484211,1,0
883,7,0.049757703207433224,4,1
884,-50,0.08719659805297851,50,0
885,8,0.11788866420586903,3,1
886,7,0.21562819555401802,4,1
887,-26,0.15256339048638062,17,0
888,10,0.058785419911146164,1,1
889,9,0.09827865287661552,2,1
890,8,0.19527978201707205,3,1
891,9,0.05053592845797539,2,1
892,8,0.0439619372288386,3,1
893,10,0.3041611909866333,1,1
894,8,0.06936241934696834,3,1
895,6,0.22605285048484802,5,1
896,8,0.46684091289838153,3,1
897,-50,0.1501491255313158,50,0
898,-10,0.019220475107431412,1,0
899,9,0.059142742305994034,2,1
900,8,0.059638566027084984,3,1
901,8,0.024324997638662655,3,1
902,10,0.013180985115468502,1,1
903,10,0.0796239972114563,1,1
904,6,0.035816139355301854,5,1
905,8,0.18863613965610662,3,1
906,9,0.02249724790453911,2,1
907,6,0.05456870272755623,5,1
908,9,0.29942116886377335,2,1
909,10,0.018181540071964264,1,1
910,10,0.10134821385145187,1,1
911,8,0.021316994602481525,3,1
912,-10,0.861552894115448,1,0
913,8,0.22637952864170074,3,1
914,10,0.07919664680957794,1,1
915,5,0.09485910056779782,6,1
916,9,0.014069577679038048,2,1
917,8,0.08398703734079997,3,1
918,9,0.22966061253100634,2,1
919,6,0.22662622928619386,5,1
920,9,0.11512308567762375,2,1
921,8,0.05853429064154625,3,1
922,9,0.311514999717474,2,1
923,5,0.06482869728157918,6,1
924,9,0.08009962737560272,2,1
925,8,0.05637166649103165,3,1
926,8,0.1867989699045817,3,1
927,8,0.10962793913980325,3,1
928,9,0.27868612110614777,2,1
929,7,0.05486240377649665,4,1
930,10,0.10539950430393219,1,1
931,8,0.061549010376135506,3,1
932,-10,0.020735392346978188,1,0
933,-5,0.16109993995632976,16,1
934,-20,0.18934379758373385,31,1
935,6,0.2460651330649853,5,1
936,8,0.03802180662751198,3,1
937,9,0.05329901725053787,2,1
938,8,0.049595072865486145,3,1
939,9,0.08032577112317085,2,1
940,7,0.032149596605449915,4,1
941,8,0.12911526362101236,3,1
942,7,0.1655771192163229,4,1
943,10,0.17461444437503815,1,1
944,8,0.20176307732860246,3,1
945,7,0.043193585239350796,4,1
946,9,0.04529011249542236,2,1
947,10,0.040441952645778656,1,1
948,-10,0.014838479459285736,1,0
949,7,0.1739345989190042,4,1
950,10,0.03786858916282654,1,1
951,9,0.23205446265637875,2,1
952,5,0.11775309840838115,6,1
953,9,0.04887591302394867,2,1
954,9,0.026317414827644825,2,1
955,8,0.21126324186722437,3,1
956,0,0.1750073449855501,11,1
957,9,0.27957944944500923,2,1
958,8,0.4652794649203618,3,1
959,10,0.08084113150835037,1,1
960,-50,0.13492962066084146,50,0
961,-50,0.12233245383948088,50,0
962,9,0.06063104048371315,2,1
963,9,0.042641716077923775,2,1
964,9,0.076956357806921,2,1
965,4,0.0434241747217519,7,1
966,9,0.0871638935059309,2,1
967,9,0.038623660802841187,2,1
968,-27,0.1405269656526415,38,1
969,10,0.5148158073425293,1,1
970,9,0.0889342911541462,2,1
971,9,0.4679660499095917,2,1
972,9,0.06342875212430954,2,1
973,7,0.039561927318573,4,1
974,9,0.0379562433809042,2,1
975,7,0.047108944272622466,4,1
976,7,0.08756991568952799,4,1
977,7,0.20082619972527027,4,1
978,9,0.053066836670041084,2,1
979,10,0.042010366916656494,1,1
980,9,0.04019235260784626,2,1
981,8,0.028164517134428024,3,1
982,10,0.04299706965684891,1,1
983,10,0.06336526572704315,1,1
984,9,0.022237414494156837,2,1
985,10,0.05065310746431351,1,1
986,9,0.03200312610715628,2,1
987,10,0.15074144303798676,1,1
988,7,0.029000483453273773,4,1
989,7,0.03305879794061184,4,1
990,-30,0.10501318965994176,21,0
991,-10,0.5462408661842346,1,0
992,9,0.0744030736386776,2,1
993,-50,0.20631147583946585,50,0
994,9,0.044176751747727394,2,1
995,9,0.05688681825995445,2,1
996,9,0.3059869781136513,2,1
997,7,0.19151658937335014,4,1
998,8,0.060634209463993706,3,1
999,10,0.09059654176235199,1,1
1000,9,0.07457850873470306,2,1
1,10,0.08671149611473083,1,1
2,-11,0.27671926096081734,2,0
3,7,0.3939417889341712,4,1
4,8,0.08941724399725597,3,1
5,7,0.10499233659356833,4,1
6,9,0.31212305277585983,2,1
7,5,0.15294378250837326,6,1
8,10,0.34050923585891724,1,1
9,8,0.0694276678065459,3,1
10,6,0.18509903810918332,5,1
11,9,0.14090655744075775,2,1
12,9,0.3666114956140518,2,1
13,-10,0.06537102162837982,1,0
14,9,0.2810051925480366,2,1
15,9,0.3397751897573471,2,1
16,8,0.04853810928761959,3,1
17,-30,0.10478385517419112,41,1
18,9,0.0933383870869875,2,1
19,9,0.5469062924385071,2,1
20,10,0.05575292557477951,1,1
21,9,0.05509414151310921,2,1
22,7,0.1162806898355484,4,1
23,9,0.07974882051348686,2,1
24,7,0.07447617687284946,4,1
25,6,0.3075078912079334,5,1
26,9,0.3712066411972046,2,1
27,8,0.2391812950372696,3,1
28,8,0.2120749627550443,3,1
29,10,0.07091065496206284,1,1
30,8,0.09084628025690715,3,1
31,10,0.04635442793369293,1,1
32,-11,0.36713314428925514,2,0
33,-12,0.07145568231741588,3,0
34,7,0.1703747007995844,4,1
35,8,0.4510773817698161,3,1
36,9,0.08347290381789207,2,1
37,8,0.05927012239893278,3,1
38,8,0.13135071843862534,3,1
39,10,0.5075262188911438,1,1
40,6,0.48630803674459455,5,1
41,7,0.35054235346615314,4,1
42,7,0.05353445000946522,4,1
43,7,0.21989299356937408,4,1
44,8,0.09986759846409161,3,1
45,8,0.2890019218126933,3,1
46,9,0.05446411296725273,2,1
47,7,0.18293815618380904,4,1
48,9,0.09034841880202293,2,1
49,9,0.11323395371437073,2,1
50,10,0.1101607158780098,1,1
51,9,0.11141378805041313,2,1
52,-12,0.2469934249917666,3,0
53,8,0.07748342677950859,3,1
54,10,0.10488632321357727,1,1
55,9,0.24746457301080227,2,1
56,10,0.09273102134466171,1,1
57,6,0.24668752551078796,5,1
58,7,0.05618670582771301,4,1
59,9,0.3147675134241581,2,1
60,8,0.08801015838980675,3,1
61,-13,0.20881669394051036,24,1
62,8,0.22587302327156067,3,1
63,9,0.0895826444029808,2,1
64,7,0.09944052435457706,4,1
65,8,0.20662204548716545,3,1
66,10,0.05659693479537964,1,1
67,7,0.053044337313622236,4,1
68,8,0.15409194429715475,3,1
69,7,0.05128398723900318,4,1
70,7,0.09596484061330557,4,1
71,6,0.3529160112142563,5,1
72,8,0.08691028505563736,3,1
73,8,0.050059319784243904,3,1
74,8,0.2891632840037346,3,1
75,8,0.07634420568744342,3,1
76,-50,0.17160965718328952,50,0
77,9,0.06205425597727299,2,1
78,10,0.07249647378921509,1,1
79,9,0.2789119817316532,2,1
80,10,0.49508413672447205,1,1
81,10,0.5211543440818787,1,1
82,-10,0.03217066079378128,1,0
83,9,0.05377550981938839,2,1
84,8,0.299861619869868,3,1
85,8,0.11587756127119064,3,1
86,9,0.09261789917945862,2,1
87,6,0.07114173397421837,5,1
88,10,0.0613388828933239,1,1
89,-39,0.19987924347321193,30,0
90,8,0.20089684426784515,3,1
91,9,0.5029623880982399,2,1
92,9,0.09154853597283363,2,1
93,8,0.10323132015764713,3,1
94,7,0.2402913379482925,4,1
95,8,0.046671461313962936,3,1
96,7,0.20348770171403885,4,1
97,6,0.11728292182087899,5,1
98,8,0.05836762115359306,3,1
99,8,0.04707284520069758,3,1
100,8,0.353268526494503,3,1
101,8,0.18530882025758424,3,1
102,10,0.2861223816871643,1,1
103,7,0.06713031139224768,4,1
104,10,0.05219317972660065,1,1
105,10,0.029073797166347504,1,1
106,-9,0.1416442888788879,20,1
107,4,0.16953037892069137,7,1
108,10,0.033788181841373444,1,1
109,9,0.0844169557094574,2,1
110,10,0.06765978783369064,1,1
111,8,0.1646148587266604,3,1
112,-16,0.21601856851743328,27,1
113,10,0.0614444762468338,1,1
114,-13,0.05894343461841345,4,0
115,10,0.7495830655097961,1,1
116,8,0.22092761347691217,3,1
117,7,0.2130215959623456,4,1
118,7,0.0674444236792624,4,1
119,9,0.04987516440451145,2,1
120,-11,0.0872967280447483,2,0
121,10,0.08478805422782898,1,1
122,10,0.06719977408647537,1,1
123,10,0.8619457483291626,1,1
124,7,0.33545422134920955,4,1
125,8,0.2123948074877262,3,1
126,8,0.139560267329216,3,1
127,10,0.1235993504524231,1,1
128,8,0.2506112791597843,3,1
129,6,0.07494115978479385,5,1
130,8,0.19576357553402582,3,1
131,-50,0.19581607203930618,50,0
132,7,0.2031914982944727,4,1
133,-29,0.23225738778710364,20,0
134,5,0.33575756413241226,6,1
135,9,0.08265771716833115,2,1
136,8,0.24791220078865686,3,1
137,8,0.036001951744159065,3,1
138,7,0.12335807830095291,4,1
139,-18,0.20468386108505315,29,1
140,6,0.058169254660606386,5,1
141,9,0.11442726477980614,2,1
142,8,0.059877983604868255,3,1
143,9,0.2780186180025339,2,1
144,9,0.05219158437103033,2,1
145,8,0.3020607406894366,3,1
146,6,0.17328748106956482,5,1
147,10,0.098408542573452,1,1
148,-10,0.31752365827560425,1,0
149,-11,0.07240176200866699,2,0
150,-10,0.051664937287569046,1,0
151,10,0.08312356472015381,1,1
152,7,0.16273998655378819,4,1
153,9,0.051516273990273476,2,1
154,10,0.0691828802227974,1,1
155,8,0.2882516259948413,3,1
156,6,0.19389746487140655,5,1
157,8,0.3046051561832428,3,1
158,-12,0.4158513943354289,3,0
159,8,0.2765826533238093,3,1
160,9,0.38192326575517654,2,1
161,6,0.20807404518127443,5,1
162,9,0.14482468366622925,2,1
163,9,0.2990715689957142,2,1
164,7,0.30831585079431534,4,1
165,8,0.14981851975123087,3,1
166,10,0.2752681374549866,1,1
167,8,0.07085780178507169,3,1
168,8,0.3480297823746999,3,1
169,5,0.19638108586271605,6,1
170,8,0.11762796590725581,3,1
171,10,0.1250944286584854,1,1
172,10,0.08323566615581512,1,1
173,10,0.09059883654117584,1,1
174,-8,0.2309592987753843,19,1
175,5,0.1445950244863828,6,1
176,5,0.30294693758090335,6,1
177,-9,0.20568462535738946,20,1
178,9,0.0589671041816473,2,1
179,10,0.13430149853229523,1,1
180,-11,0.13249586522579193,2,0
181,9,0.10162714496254921,2,1
182,9,0.36471685767173767,2,1
183,10,0.11633507907390594,1,1
184,8,0.2163649300734202,3,1
185,9,0.08318455517292023,2,1
186,-8,0.19015797590346714,19,1
187,8,0.0941314548254013,3,1
188,8,0.2079648102323214,3,1
189,8,0.2995644708474477,3,1
190,10,0.06154903769493103,1,1
191,10,0.07469524443149567,1,1
192,8,0.2179904617369175,3,1
193,9,0.12469767965376377,2,1
194,8,0.1155298724770546,3,1
195,8,0.17482333878676096,3,1
196,8,0.19515622779726982,3,1
197,8,0.362820806602637,3,1
198,7,0.18829806335270405,4,1
199,10,0.11556394398212433,1,1
200,10,0.527148425579071,1,1
201,6,0.3337803840637207,5,1
202,8,0.4984592894713084,3,1
203,7,0.12052530702203512,4,1
204,8,0.12918368726968765,3,1
205,6,0.274277763068676,5,1
206,9,0.22224928066134453,2,1
207,10,0.19231900572776794,1,1
208,0,0.2106222449378534,11,1
209,8,0.08464215199152629,3,1
210,8,0.19243181869387627,3,1
211,-10,0.14700016379356384,1,0
212,8,0.33112843086322147,3,1
213,10,0.14994274079799652,1,1
214,-50,0.19401510745286943,50,0
215,-10,0.16469489676611765,21,1
216,9,0.2846662439405918,2,1
217,8,0.09351687381664912,3,1
218,10,0.09726061671972275,1,1
219,-11,0.3024548124521971,2,0
220,10,0.6081116795539856,1,1
221,-14,0.23384359151124953,25,1
222,7,0.23549365624785423,4,1
223,8,0.22566363339622816,3,1
224,7,0.4300709627568722,4,1
225,9,0.04530826210975647,2,1
226,-24,0.15125451708833376,15,0
227,7,0.3678453452885151,4,1
228,-10,0.46887946128845215,1,0
229,10,0.921005129814148,1,1
230,10,0.09164318442344666,1,1
231,8,0.20747547348340353,3,1
232,3,0.1020374447107315,8,1
233,8,0.15108469128608704,3,1
234,8,0.376306876540184,3,1
235,6,0.2800887830555439,5,1
236,9,0.4404164869338274,2,1
237,7,0.21717522107064724,4,1
238,8,0.2701797236998876,3,1
239,10,0.11656764149665833,1,1
240,6,0.14653046280145646,5,1
241,8,0.24184148634473482,3,1
242,7,0.18829283490777016,4,1
243,9,0.2692962475121021,2,1
244,9,0.05486350879073143,2,1
245,9,0.26216188073158264,2,1
246,9,0.26484600454568863,2,1
247,7,0.3651748485863209,4,1
248,10,0.0456569567322731,1,1
249,6,0.11595437079668044,5,1
250,9,0.08338118903338909,2,1
251,7,0.22964941523969173,4,1
252,10,0.036884188652038574,1,1
253,4,0.07534716491188322,7,1
254,8,0.20775127162535986,3,1
255,10,0.05622711032629013,1,1
256,6,0.05799588114023209,5,1
257,9,0.07959683984518051,2,1
258,-2,0.157497544414722,13,1
259,-50,0.1868915284052491,50,0
260,9,0.15953215584158897,2,1
261,9,0.09560143575072289,2,1
262,4,0.20596600749662944,7,1
263,10,0.08285250514745712,1,1
264,7,0.07287219446152449,4,1
265,8,0.16102319210767746,3,1
266,9,0.056164235807955265,2,1
267,8,0.0920381173491478,3,1
268,10,0.031914517283439636,1,1
269,9,0.05942564830183983,2,1
270,7,0.13965959381312132,4,1
271,10,0.4481399655342102,1,1
272,9,0.08402494341135025,2,1
273,7,0.15470262430608273,4,1
274,10,0.058499373495578766,1,1
275,8,0.05067395667235056,3,1
276,8,0.06471141800284386,3,1
277,9,0.09453936293721199,2,1
278,-15,0.14077660212149987,26,1
279,10,0.05134488642215729,1,1
280,8,0.21330231179793677,3,1
281,7,0.16361249331384897,4,1
282,9,0.04570049047470093,2,1
283,10,0.2243601381778717,1,1
284,9,0.3484692722558975,2,1
285,9,0.05032511614263058,2,1
286,-52,0.12170198386491732,43,0
287,10,0.5131407976150513,1,1
288,-13,0.11546742202093203,24,1
289,9,0.09494453482329845,2,1
290,10,0.11567170172929764,1,1
291,6,0.23697285056114198,5,1
292,8,0.10419967025518417,3,1
293,-50,0.1095946504175663,50,0
294,10,0.03875770419836044,1,1
295,9,0.07263867929577827,2,1
296,9,0.2771658655256033,2,1
297,10,0.08929577469825745,1,1
298,8,0.22243012115359306,3,1
299,7,0.1798260174691677,4,1
300,9,0.06303670257329941,2,1
301,9,0.057056933641433716,2,1
302,9,0.04486626014113426,2,1
303,0,0.12377996878190474,11,1
304,6,0.10968663096427918,5,1
305,9,0.06233406811952591,2,1
306,9,0.11367102339863777,2,1
307,8,0.20431105544169745,3,1
308,10,0.4262421131134033,1,1
309,9,0.031324658542871475,2,1
310,10,0.40052714943885803,1,1
311,-22,0.08058818079756969,33,1
312,9,0.08684875071048737,2,1
313,-50,0.14453427955508233,50,0
314,7,0.06389448884874582,4,1
315,9,0.037715302780270576,2,1
316,-21,0.13769556861370802,12,0
317,4,0.13555490810956275,7,1
318,-16,0.07989820886265349,27,1
319,7,0.12399353878572583,4,1
320,9,0.024051757529377937,2,1
321,10,0.011867552995681763,1,1
322,7,0.046426381915807724,4,1
323,9,0.040771087165921926,2,1
324,-22,0.12068537600112683,33,1
325,7,0.2269758814945817,4,1
326,10,0.12944109737873077,1,1
327,8,0.04128959681838751,3,1
328,10,0.0642690360546112,1,1
329,8,0.0840808500846227,3,1
330,8,0.23740619917710623,3,1
331,4,0.282816292984145,7,1
332,10,0.0655846893787384,1,1
333,7,0.17222281685099006,4,1
334,7,0.05989612452685833,4,1
335,5,0.1121921610708038,6,1
336,10,0.15831376612186432,1,1
337,10,0.05594077706336975,1,1
338,6,0.1289442278444767,5,1
339,9,0.04302034340798855,2,1
340,7,0.03594697033986449,4,1
341,-50,0.13893635131418705,50,0
342,-50,0.12970965154469014,50,0
343,8,0.04384300298988819,3,1
344,6,0.16118564046919345,5,1
345,8,0.2133717934290568,3,1
346,8,0.17245175130665302,3,1
347,7,0.10502330772578716,4,1
348,7,0.059303045738488436,4,1
349,-10,0.1609543114900589,1,0
350,9,0.20717604272067547,2,1
351,9,0.03478923346847296,2,1
352,-50,0.11781777346097841,41,0
353,8,0.18004400034745535,3,1
354,10,0.04892369359731674,1,1
355,5,0.17982091754674911,6,1
356,7,0.08390945848077536,4,1
357,5,0.128744937479496,6,1
358,9,0.17603067308664322,2,1
359,8,0.1655464724948009,3,1
360,6,0.07589412480592728,5,1
361,10,0.05092557147145271,1,1
362,8,0.06731842768688996,3,1
363,10,0.039960891008377075,1,1
364,6,0.24504451006650924,5,1
365,-18,0.13188798847640382,29,1
366,9,0.354976624250412,2,1
367,7,0.20290518272668123,4,1
368,8,0.24640445659557977,3,1
369,8,0.06777057175834973,3,1
370,8,0.04173660712937514,3,1
371,7,0.11015381291508675,4,1
372,9,0.04040922783315182,2,1
373,7,0.2635385300964117,4,1
374,5,0.09239877512057622,6,1
375,7,0.15167773980647326,4,1
376,10,0.39825400710105896,1,1
377,7,0.16289883852005005,4,1
378,6,0.10560615286231041,5,1
379,-50,0.1250612884387374,50,0
380,-18,0.21723766772654549,29,1
381,-23,0.13673227965174353,34,1
382,7,0.06861471990123391,4,1
383,9,0.08720740675926208,2,1
384,9,0.1321888230741024,2,1
385,7,0.09154623933136463,4,1
386,8,0.07415224487582843,3,1
387,-11,0.07514427602291107,2,0
388,8,0.1339424525698026,3,1
389,6,0.16757238954305648,5,1
390,7,0.2864615563303232,4,1
391,8,0.3700295587380727,3,1
392,7,0.17326598893851042,4,1
393,10,0.038711439818143845,1,1
394,9,0.0696563832461834,2,1
395,-22,0.16842043127578038,13,0
396,9,0.0697875302284956,2,1
397,8,0.19387196004390717,3,1
398,8,0.1271280994017919,3,1
399,8,0.04529668856412172,3,1
400,10,0.07930260896682739,1,1
401,5,0.1682773878177007,6,1
402,10,0.08236287534236908,1,1
403,8,0.08767430732647578,3,1
404,8,0.050376021613677345,3,1
405,8,0.11882630766679843,3,1
406,10,0.13113656640052795,1,1
407,8,0.09473852192362149,3,1
408,-6,0.1510078558588729,17,1
409,8,0.05182058364152908,3,1
410,8,0.0651937685906887,3,1
411,-50,0.12409723468124867,50,0
412,-50,0.1356558471173048,50,0
413,8,0.157085490723451,3,1
414,10,0.019611991941928864,1,1
415,9,0.043245935812592506,2,1
416,10,0.12097160518169403,1,1
417,8,0.28724023203055066,3,1
418,8,0.23700091491142908,3,1
419,10,0.06712383776903152,1,1
420,9,0.16693536564707756,2,1
421,8,0.17434061070283255,3,1
422,6,0.09754869341850281,5,1
423,10,0.06511978805065155,1,1
424,9,0.0727742351591587,2,1
425,9,0.03466448374092579,2,1
426,-50,0.12915546962991356,50,0
427,10,0.09284783899784088,1,1
428,9,0.07004096731543541,2,1
429,9,0.21863529086112976,2,1
430,6,0.1059528648853302,5,1
431,8,0.16373205681641897,3,1
432,10,0.06105604022741318,1,1
433,8,0.07991165791948636,3,1
434,7,0.06317227892577648,4,1
435,-10,0.255858838558197,1,0
436,6,0.09423615857958793,5,1
437,8,0.08929074555635452,3,1
438,8,0.07401151458422343,3,1
439,10,0.19160592555999756,1,1
440,8,0.20498853425184885,3,1
441,10,0.030744299292564392,1,1
442,7,0.21777654811739922,4,1
443,9,0.058646440505981445,2,1
444,-13,0.1276789375115186,24,1
445,9,0.055570077151060104,2,1
446,10,0.13345909118652344,1,1
447,8,0.07580552312235038,3,1
448,6,0.09378663450479507,5,1
449,10,0.014959046617150307,1,1
450,8,0.1990660640100638,3,1
451,8,0.05809004791080952,3,1
452,9,0.08115104958415031,2,1
453,8,0.04798074687520663,3,1
454,7,0.4048586059361696,4,1
455,9,0.08563146740198135,2,1
456,-15,0.12514331822211927,26,1
457,9,0.3023383505642414,2,1
458,9,0.1075332835316658,2,1
459,9,0.22703704051673412,2,1
460,8,0.12220147500435512,3,1
461,10,0.1311536431312561,1,1
462,10,0.07195833325386047,1,1
463,-50,0.11833817392587662,50,0
464,10,0.054243844002485275,1,1
465,9,0.06633266434073448,2,1
466,-14,0.12148607537150383,25,1
467,7,0.20481443777680397,4,1
468,10,0.04268832504749298,1,1
469,4,0.19677987907614028,7,1
470,6,0.14497932717204093,5,1
471,8,0.07860589399933815,3,1
472,-10,0.03237897902727127,1,0
473,8,0.12915545205275217,3,1
474,10,0.43916547298431396,1,1
475,9,0.10836657602339983,2,1
476,8,0.10458002984523773,3,1
477,10,0.7905155420303345,1,1
478,6,0.2218853835016489,5,1
479,9,0.12363464757800102,2,1
480,8,0.037205000718434654,3,1
481,10,0.15846790373325348,1,1
482,10,0.10716606676578522,1,1
483,-50,0.1186621592193842,50,0
484,10,0.16552315652370453,1,1
485,8,0.06550202146172523,3,1
486,10,0.018365472555160522,1,1
487,10,0.384581059217453,1,1
488,8,0.05542310948173205,3,1
489,7,0.04935045354068279,4,1
490,7,0.1550117889419198,4,1
491,10,0.016374515369534492,1,1
492,9,0.06271501630544662,2,1
493,7,0.05161225330084562,4,1
494,6,0.1626729652285576,5,1
495,7,0.12930581159889698,4,1
496,7,0.13619915023446083,4,1
497,6,0.10715602189302445,5,1
498,-16,0.09889734039704005,27,1
499,9,0.07453976757824421,2,1
500,9,0.07165009900927544,2,1
501,10,0.4465796947479248,1,1
502,7,0.20307644084095955,4,1
503,-5,0.14490738487802446,16,1
504,5,0.127214252948761,6,1
505,7,0.09124781657010317,4,1
506,8,0.049804508686065674,3,1
507,8,0.05746228744586309,3,1
508,7,0.03916510078124702,4,1
509,8,0.07236537834008534,3,1
510,-19,0.11648982626696427,30,1
511,10,0.09270372986793518,1,1
512,-21,0.09479476831620559,32,1
513,8,0.09203637888034184,3,1
514,9,0.05674896202981472,2,1
515,10,0.043274544179439545,1,1
516,9,0.06334169767796993,2,1
517,10,0.39675289392471313,1,1
518,6,0.1331821158528328,5,1
519,7,0.05672355741262436,4,1
520,-5,0.1892631039954722,16,1
521,8,0.08186393479506175,3,1
522,5,0.0493564959615469,6,1
523,-13,0.1588504770770669,4,0
524,10,0.0788826271891594,1,1
525,4,0.0941496794777257,7,1
526,10,0.040608081966638565,1,1
527,3,0.09915180876851082,8,1
528,7,0.14312407560646534,4,1
529,9,0.12536543980240822,2,1
530,9,0.05810495838522911,2,1
531,9,0.03860263619571924,2,1
532,8,0.07285059491793315,3,1
533,10,0.04553268104791641,1,1
534,10,0.04799434915184975,1,1
535,8,0.04970513532559077,3,1
536,10,0.044849008321762085,1,1
537,7,0.16167114861309528,4,1
538,9,0.10177749209105968,2,1
539,-3,0.1131788289972714,14,1
540,8,0.07678612073262532,3,1
541,10,0.0764034241437912,1,1
542,10,0.10631713271141052,1,1
543,-50,0.0998615512996912,50,0
544,9,0.08669877424836159,2,1
545,8,0.05458683520555496,3,1
546,10,0.7929133772850037,1,1
547,8,0.13994849597414336,3,1
548,7,0.14940513484179974,4,1
549,7,0.08750788494944572,4,1
550,9,0.15157923847436905,2,1
551,-11,0.11890257894992828,2,0
552,-11,0.0653920266777277,2,0
553,8,0.05906442180275917,3,1
554,7,0.12940642517060041,4,1
555,-17,0.11470530800787467,28,1
556,8,0.171269029378891,3,1
557,-58,0.09535628842303948,49,0
558,9,0.06647789478302002,2,1
559,-10,0.18846282362937927,1,0
560,8,0.1764186571041743,3,1
561,10,0.016462212428450584,1,1
562,-24,0.07031673944244782,15,0
563,8,0.0522128256658713,3,1
564,8,0.1559323805073897,3,1
565,-12,0.16598321994145712,3,0
566,8,0.19830721616744995,3,1
567,-36,0.11829996295273304,47,1
568,7,0.15119032375514507,4,1
569,8,0.08190127462148666,3,1
570,7,0.11515212431550026,4,1
571,10,0.0356326550245285,1,1
572,-10,0.03748839721083641,1,0
573,8,0.06476729301114877,3,1
574,8,0.12603008871277174,3,1
575,10,0.03220062702894211,1,1
576,10,0.051616571843624115,1,1
577,6,0.11227563098073005,5,1
578,8,0.2469107365856568,3,1
579,7,0.07927929610013962,4,1
580,9,0.032133784145116806,2,1
581,7,0.04279628023505211,4,1
582,9,0.10109265521168709,2,1
583,8,0.030213177825013798,3,1
584,-17,0.10294210844274078,28,1
585,9,0.0888783298432827,2,1
586,-3,0.0712033301325781,14,1
587,7,0.04591659759171307,4,1
588,8,0.06961019585529964,3,1
589,6,0.21936045289039613,5,1
590,10,0.14911335706710815,1,1
591,10,0.04876549914479256,1,1
592,10,0.4791818857192993,1,1
593,7,0.05269765201956034,4,1
594,7,0.046651153825223446,4,1
595,7,0.048255705274641514,4,1
596,8,0.09895587464173634,3,1
597,10,0.1092359870672226,1,1
598,8,0.0447119635840257,3,1
599,-39,0.13790287656709552,50,1
600,8,0.06482345859209697,3,1
601,7,0.12240210175514221,4,1
602,-6,0.1808789148926735,17,1
603,9,0.055441588163375854,2,1
604,-50,0.10710536830127239,50,0
605,9,0.21707503497600555,2,1
606,9,0.07498153671622276,2,1
607,9,0.20490038581192493,2,1
608,9,0.07049223966896534,2,1
609,8,0.247581347823143,3,1
610,8,0.17365315556526184,3,1
611,8,0.18878580381472906,3,1
612,9,0.09501129388809204,2,1
613,10,0.0446968600153923,1,1
614,9,0.2576465364545584,2,1
615,-50,0.10246235836297274,50,0
616,7,0.10655926167964935,4,1
617,10,0.057905711233615875,1,1
618,10,0.18537062406539917,1,1
619,9,0.13450174778699875,2,1
620,10,0.10313589870929718,1,1
621,10,0.12115408480167389,1,1
622,-50,0.10202091695740818,50,0
623,-12,0.07634506722831208,23,1
624,8,0.2175962527592977,3,1
625,7,0.15926132258027792,4,1
626,-50,0.09354756837710738,50,0
627,9,0.04486585780978203,2,1
628,8,0.026437348686158657,3,1
629,8,0.08009986703594525,3,1
630,8,0.032930279771486916,3,1
631,7,0.09036474348977208,4,1
632,10,0.019702134653925896,1,1
633,5,0.06373969248185556,6,1
634,-50,0.060250941663980484,50,0
635,6,0.09423927813768387,5,1
636,9,0.20872782170772552,2,1
637,7,0.1434977489989251,4,1
638,8,0.16721796244382858,3,1
639,10,0.007643958553671837,1,1
640,9,0.1296101175248623,2,1
641,9,0.09693555906414986,2,1
642,5,0.12848200742155313,6,1
643,7,0.15402478352189064,4,1
644,8,0.051979265796641506,3,1
645,10,0.04310912638902664,1,1
646,7,0.06989498669281602,4,1
647,-11,0.11693022031845017,22,1
648,9,0.05449004843831062,2,1
649,9,0.04980759508907795,2,1
650,-50,0.08270788095891475,50,0
651,8,0.060543944438298546,3,1
652,-10,0.158683642745018,1,0
653,10,0.45110082626342773,1,1
654,10,0.16920246183872223,1,1
655,9,0.09748758748173714,2,1
656,10,0.023859769105911255,1,1
657,10,0.3381781280040741,1,1
658,10,0.0960502177476883,1,1
659,9,0.20348705351352692,2,1
660,8,0.20477726807196936,3,1
661,8,0.04072260670363903,3,1
662,7,0.10526628792285919,4,1
663,10,0.015088461339473724,1,1
664,8,0.057698871940374374,3,1
665,10,0.08061279356479645,1,1
666,7,0.09097812604159117,4,1
667,7,0.04839382227510214,4,1
668,8,0.16324952120582262,3,1
669,7,0.06979960249736905,4,1
670,10,0.012846594676375389,1,1
671,9,0.1682719923555851,2,1
672,8,0.05120673589408398,3,1
673,9,0.036534007638692856,2,1
674,8,0.06719162563482921,3,1
675,8,0.01686334020147721,3,1
676,10,0.012105550616979599,1,1
677,10,0.006164398044347763,1,1
678,10,0.03951665386557579,1,1
679,7,0.11367090907879174,4,1
680,10,0.09287285804748535,1,1
681,8,0.039356437201301255,3,1
682,8,0.0383605370298028,3,1
683,10,0.20595204830169678,1,1
684,-10,0.37667977809906006,1,0
685,7,0.041627551428973675,4,1
686,10,0.1529371738433838,1,1
687,8,0.09893726433316867,3,1
688,10,0.40263840556144714,1,1
689,8,0.28160695048669976,3,1
690,5,0.03439287624011437,6,1
691,8,0.07632586732506752,3,1
692,8,0.16806214985748133,3,1
693,9,0.08589589595794678,2,1
694,9,0.055868662893772125,2,1
695,6,0.20504898615181447,5,1
696,9,0.2611236348748207,2,1
697,8,0.0982532948255539,3,1
698,7,0.032111598178744316,4,1
699,9,0.04728253185749054,2,1
700,-41,0.09360031498363242,32,0
701,9,0.04684080649167299,2,1
702,9,0.20199609734117985,2,1
703,10,0.051609329879283905,1,1
704,10,0.09975562989711761,1,1
705,7,0.039754822850227356,4,1
706,10,0.018606044352054596,1,1
707,8,0.16095357201993465,3,1
708,6,0.12707233428955078,5,1
709,8,0.09585663924614589,3,1
710,8,0.08171683177351952,3,1
711,10,0.03024173341691494,1,1
712,-50,0.09090405230410398,50,0
713,8,0.1410790247221788,3,1
714,9,0.0790204145014286,2,1
715,10,0.011846932582557201,1,1
716,7,0.12182175740599632,4,1
717,7,0.12118617072701454,4,1
718,10,0.06764566153287888,1,1
719,9,0.09820450842380524,2,1
720,9,0.03165187127888203,2,1
721,9,0.22366143763065338,2,1
722,7,0.22890896070748568,4,1
723,-20,0.0953240872270638,31,1
724,6,0.0885948995128274,5,1
725,10,0.061682283878326416,1,1
726,9,0.22584928572177887,2,1
727,8,0.10707008590300877,3,1
728,10,0.04711780697107315,1,1
729,8,0.04033495485782623,3,1
730,8,0.21088522051771483,3,1
731,8,0.053654748325546585,3,1
732,9,0.13693764433264732,2,1
733,8,0.11455183724562328,3,1
734,7,0.09086929354816675,4,1
735,7,0.07824421301484108,4,1
736,7,0.10167389083653688,4,1
737,9,0.06639540381729603,2,1
738,-50,0.1064120464399457,50,0
739,10,0.10394438356161118,1,1
740,-50,0.12696212224662304,50,0
741,5,0.08904110733419657,6,1
742,8,0.24972965071598688,3,1
743,6,0.11972047314047814,5,1
744,8,0.09754462602237861,3,1
745,7,0.10837241914123297,4,1
746,10,0.12497536092996597,1,1
747,9,0.08147598057985306,2,1
748,9,0.08244342356920242,2,1
749,9,0.13629695400595665,2,1
750,7,0.09321306459605694,4,1
751,0,0.12207262014800851,11,1
752,9,0.07079596817493439,2,1
753,4,0.07447933618511472,7,1
754,4,0.09301283077469893,7,1
755,7,0.11041915789246559,4,1
756,9,0.0321304015815258,2,1
757,7,0.1032743901014328,4,1
758,7,0.16245854273438454,4,1
759,5,0.046204707895716034,6,1
760,10,0.1888405978679657,1,1
761,9,0.04527208022773266,2,1
762,-10,0.07573787805934747,21,1
763,8,0.06268824264407158,3,1
764,9,0.05715441331267357,2,1
765,-10,0.04518727958202362,1,0
766,7,0.1501377858221531,4,1
767,10,0.07875240594148636,1,1
768,9,0.04045420605689287,2,1
769,9,0.058807577937841415,2,1
770,-20,0.083486446602778,11,0
771,8,0.07195891439914703,3,1
772,9,0.06172030791640282,2,1
773,8,0.04304347435633341,3,1
774,10,0.25220516324043274,1,1
775,9,0.1346069537103176,2,1
776,10,0.04873983561992645,1,1
777,8,0.15739516417185465,3,1
778,10,0.046419426798820496,1,1
779,5,0.041366674937307835,6,1
780,-50,0.11171165637671948,50,0
781,9,0.1277882680296898,2,1
782,4,0.12321347264306885,7,1
783,9,0.07705716416239738,2,1
784,9,0.15400136448442936,2,1
785,8,0.06998003274202347,3,1
786,7,0.09798790351487696,4,1
787,9,0.2085740864276886,2,1
788,5,0.12190914278229077,6,1
789,10,0.032504722476005554,1,1
790,9,0.15154502168297768,2,1
791,7,0.1484114658087492,4,1
792,9,0.041220782324671745,2,1
793,-4,0.10325164025028546,15,1
794,7,0.07966113882139325,4,1
795,9,0.041640084236860275,2,1
796,8,0.052111839254697166,3,1
797,-50,0.10469021812081337,50,0
798,9,0.11612638831138611,2,1
799,9,0.07580150663852692,2,1
800,7,0.05681486148387194,4,1
801,10,0.058842822909355164,1,1
802,9,0.14882429875433445,2,1
803,9,0.038739134557545185,2,1
804,9,0.03229096811264753,2,1
805,-11,0.04760487377643585,2,0
806,7,0.08927763905376196,4,1
807,9,0.08298299834132195,2,1
808,9,0.0890363585203886,2,1
809,8,0.05070325235525767,3,1
810,9,0.05215139128267765,2,1
811,10,0.06721147149801254,1,1
812,-5,0.11510552512481809,16,1
813,10,0.030996937304735184,1,1
814,-13,0.09361343551427126,4,0
815,9,0.04757881164550781,2,1
816,10,0.05918904021382332,1,1
817,10,0.033816538751125336,1,1
818,7,0.1285198973491788,4,1
819,8,0.05155745521187782,3,1
820,8,0.2037476028005282,3,1
821,-31,0.1152936200655642,42,1
822,10,0.032840974628925323,1,1
823,9,0.1644290555268526,2,1
824,10,0.026803772896528244,1,1
825,10,0.058083198964595795,1,1
826,-10,0.03765376657247543,1,0
827,8,0.05308220783869425,3,1
828,7,0.19397401064634323,4,1
829,-50,0.09647643029689788,50,0
830,10,0.08655237406492233,1,1
831,8,0.11940306176741917,3,1
832,9,0.26208576187491417,2,1
833,8,0.050154039015372597,3,1
834,10,0.12443162500858307,1,1
835,4,0.06254659007702555,7,1
836,9,0.4295898526906967,2,1
837,-50,0.10827101327478886,50,0
838,-50,0.08402325477451086,50,0
839,8,0.07254909475644429,3,1
840,7,0.11186846252530813,4,1
841,8,0.12204437206188838,3,1
842,-10,0.09935525494317214,21,1
843,7,0.08892497420310974,4,1
844,7,0.1303765969350934,4,1
845,7,0.06417970918118954,4,1
846,-50,0.1363920060172677,50,0
847,8,0.11229862521092097,3,1
848,10,0.0787859708070755,1,1
849,5,0.10089229916532834,6,1
850,9,0.08694035932421684,2,1
851,9,0.05963990464806557,2,1
852,9,0.06201883405447006,2,1
853,4,0.07828725501894951,7,1
854,7,0.05925320368260145,4,1
855,7,0.052425580099225044,4,1
856,-11,0.15712304413318634,2,0
857,-50,0.08407090608030558,50,0
858,2,0.06993391654557651,9,1
859,7,0.168603147380054,4,1
860,10,0.5203419327735901,1,1
861,10,0.07155292481184006,1,1
862,10,0.04245607554912567,1,1
863,-50,0.12258378040045499,50,0
864,10,0.05655805021524429,1,1
865,7,0.028614964336156845,4,1
866,9,0.04081211984157562,2,1
867,-13,0.07341752472954492,24,1
868,9,0.2831845320761204,2,1
869,7,0.08512859232723713,4,1
870,7,0.05107545852661133,4,1
871,7,0.0556034566834569,4,1
872,9,0.07582232356071472,2,1
873,9,0.04872927442193031,2,1
874,5,0.05575434056421121,6,1
875,10,0.03961658850312233,1,1
876,10,0.05930675193667412,1,1
877,-50,0.11289017669856548,50,0
878,8,0.06349803941945235,3,1
879,7,0.08086110278964043,4,1
880,6,0.08099751397967339,5,1
881,10,0.0833020806312561,1,1
882,-13,0.07238074857741594,24,1
883,6,0.08589365519583225,5,1
884,10,0.08007040619850159,1,1
885,9,0.04664750304073095,2,1
886,10,0.04686532914638519,1,1
887,9,0.061396704986691475,2,1
888,8,0.1824700211485227,3,1
889,9,0.047154116444289684,2,1
890,6,0.09636511877179146,5,1
891,8,0.05106819669405619,3,1
892,10,0.03265499696135521,1,1
893,9,0.3110297657549381,2,1
894,10,0.026829253882169724,1,1
895,8,0.04820111393928528,3,1
896,-1,0.13211374559129277,12,1
897,-13,0.1226859912276268,4,0
898,10,0.466073602437973,1,1
899,10,0.046543121337890625,1,1
900,8,0.07919720560312271,3,1
901,10,0.05676804482936859,1,1
902,9,0.10827728733420372,2,1
903,10,0.07773217558860779,1,1
904,-21,0.09999074942121904,12,0
905,9,0.04886338859796524,2,1
906,9,0.04669308662414551,2,1
907,8,0.03498008412619432,3,1
908,7,0.05195871461182833,4,1
909,10,0.08911117911338806,1,1
910,9,0.059176068753004074,2,1
911,9,0.07024253159761429,2,1
912,6,0.04450915567576885,5,1
913,10,0.041767291724681854,1,1
914,9,0.06237061880528927,2,1
915,7,0.20914998836815357,4,1
916,6,0.05499943122267723,5,1
917,9,0.147084578871727,2,1
918,9,0.045732129365205765,2,1
919,7,0.05066124256700277,4,1
920,8,0.03549828939139843,3,1
921,9,0.08670689444988966,2,1
922,9,0.4218122214078903,2,1
923,7,0.04790679132565856,4,1
924,10,0.049297936260700226,1,1
925,9,0.034943876788020134,2,1
926,-38,0.08001726987410565,49,1
927,-3,0.08931692210691315,14,1
928,9,0.03229762800037861,2,1
929,-50,0.09445617116987705,50,0
930,-10,0.10219231992959976,1,0
931,7,0.044217667542397976,4,1
932,5,0.08510733209550381,6,1
933,-50,0.06904364347457886,50,0
934,8,0.016942604755361874,3,1
935,9,0.04881360102444887,2,1
936,-11,0.07651094431904229,22,1
937,9,0.04857674427330494,2,1
938,10,0.10081475973129272,1,1
939,8,0.1826655784000953,3,1
940,9,0.046149455942213535,2,1
941,8,0.21354694105684757,3,1
942,-50,0.06614257229492068,50,0
943,8,0.21631520862380663,3,1
944,10,0.0322660394012928,1,1
945,10,0.167769655585289,1,1
946,6,0.03696049377322197,5,1
947,8,0.1642033470173677,3,1
948,6,0.05111948363482952,5,1
949,9,0.23650817945599556,2,1
950,10,0.026378709822893143,1,1
951,9,0.04044733941555023,2,1
952,7,0.03383681469131261,4,1
953,9,0.04327281378209591,2,1
954,9,0.061836324632167816,2,1
955,8,0.05338265188038349,3,1
956,9,0.058785153552889824,2,1
957,9,0.01581824803724885,2,1
958,9,0.01490304246544838,2,1
959,8,0.03713453693004946,3,1
960,-10,0.06943551450967789,1,0
961,9,0.018488612957298756,2,1
962,7,0.3110594227910042,4,1
963,9,0.03873339854180813,2,1
964,7,0.17923428816720843,4,1
965,10,0.052574560046195984,1,1
966,7,0.04162750951945782,4,1
967,9,0.05578709952533245,2,1
968,9,0.2470248118042946,2,1
969,7,0.05094643868505955,4,1
970,9,0.06881334166973829,2,1
971,9,0.03196140564978123,2,1
972,-50,0.09850361114367842,50,0
973,6,0.03267503492534161,5,1
974,9,0.052168965339660645,2,1
975,9,0.027791860047727823,2,1
976,10,0.04804766923189163,1,1
977,9,0.02654373738914728,2,1
978,9,0.3066030777990818,2,1
979,10,0.04961317032575607,1,1
980,9,0.06426806934177876,2,1
981,6,0.05248778983950615,5,1
982,7,0.04146293783560395,4,1
983,9,0.04043786600232124,2,1
984,9,0.016909340396523476,2,1
985,9,0.3136949986219406,2,1
986,9,0.11669586598873138,2,1
987,8,0.21755733527243137,3,1
988,8,0.044007821629444756,3,1
989,9,0.09927627071738243,2,1
990,8,0.08834486951430638,3,1
991,9,0.06194347143173218,2,1
992,9,0.0520661287009716,2,1
993,9,0.05032278224825859,2,1
994,8,0.050849780440330505,3,1
995,3,0.05319942464120686,8,1
996,9,0.02534626144915819,2,1
997,10,0.04570016637444496,1,1
998,6,0.15566903799772264,5,1
999,8,0.042942197372516,3,1
1000,7,0.05638385936617851,4,1
1,-28,0.11653167926348172,39,1
2,10,0.15491823852062225,1,1
3,9,0.02184172160923481,2,1
4,9,0.07831376418471336,2,1
5,8,0.09826283653577168,3,1
6,9,0.15526560693979263,2,1
7,-10,0.04609018191695213,1,0
8,-13,0.042485049460083246,4,0
9,-26,0.10350749559481354,17,0
10,9,0.13642358034849167,2,1
11,7,0.09400715306401253,4,1
12,8,0.020099254014591377,3,1
13,10,0.04399116337299347,1,1
14,9,0.1951852086931467,2,1
15,5,0.22879203828051686,6,1
16,10,0.030241340398788452,1,1
17,8,0.017452094083031017,3,1
18,10,0.49186891317367554,1,1
19,-27,0.11387370523114346,38,1
20,8,0.23213040580352148,3,1
21,7,0.22680341452360153,4,1
22,10,0.0364004448056221,1,1
23,-50,0.16222629806026817,50,0
24,9,0.06586638651788235,2,1
25,9,0.052276626229286194,2,1
26,8,0.097448888545235,3,1
27,8,0.03517498013873895,3,1
28,-41,0.11802144401008263,32,0
29,7,0.1737895766273141,4,1
30,7,0.07172080222517252,4,1
31,9,0.04957023821771145,2,1
32,8,0.04478061447540919,3,1
33,10,0.13973666727542877,1,1
34,9,0.05098451627418399,2,1
35,8,0.14483391617735228,3,1
36,-14,0.15833592176437378,25,1
37,7,0.06131335161626339,4,1
38,9,0.30344610940665007,2,1
39,10,0.06709429621696472,1,1
40,7,0.2321679424494505,4,1
41,8,0.10457239548365276,3,1
42,10,0.02137201465666294,1,1
43,10,0.017806584015488625,1,1
44,-50,0.17339051216840745,50,0
45,9,0.17469978984445333,2,1
46,10,0.019253484904766083,1,1
47,7,0.10511206276714802,4,1
48,-50,0.11678202256560326,50,0
49,-50,0.15229704547673464,50,0
50,6,0.09814678877592087,5,1
51,9,0.047741204500198364,2,1
52,7,0.06092913809698075,4,1
53,-37,0.1254881180745239,48,1
54,10,0.04606678709387779,1,1
55,9,0.044760312885046005,2,1
56,9,0.08940558508038521,2,1
57,9,0.08988096565008163,2,1
58,8,0.1155487559735775,3,1
59,10,0.03299456834793091,1,1
60,-11,0.12566299736499786,2,0
61,8,0.11564788905282815,3,1
62,8,0.1547646832962831,3,1
63,-15,0.16132683518271035,26,1
64,9,0.24535873346030712,2,1
65,7,0.23157166689634323,4,1
66,9,0.047846246510744095,2,1
67,7,0.10009518079459667,4,1
68,10,0.04486694186925888,1,1
69,10,0.13863390684127808,1,1
70,8,0.07710398485263188,3,1
71,6,0.20861392542719842,5,1
72,5,0.18788840901106596,6,1
73,7,0.30717109329998493,4,1
74,7,0.23393729468807578,4,1
75,8,0.05542020375529925,3,1
76,10,0.26715099811553955,1,1
77,6,0.25240948498249055,5,1
78,9,0.0351293571293354,2,1
79,10,0.04925374686717987,1,1
80,9,0.3672676533460617,2,1
81,8,0.24968724449475607,3,1
82,8,0.083086213717858,3,1
83,9,0.09817598387598991,2,1
84,8,0.1479103478292624,3,1
85,8,0.03033270314335823,3,1
86,8,0.13788157453139624,3,1
87,8,0.23564545313517252,3,1
88,9,0.08934897743165493,2,1
89,8,0.15960959593454996,3,1
90,10,0.2997208833694458,1,1
91,-50,0.15373441372066737,50,0
92,8,0.05387931317090988,3,1
93,9,0.38813069462776184,2,1
94,9,0.28303465247154236,2,1
95,-50,0.1685043193027377,50,0
96,9,0.05291169881820679,2,1
97,-36,0.10850997469215481,27,0
98,8,0.06616032868623734,3,1
99,8,0.12358331928650539,3,1
100,3,0.16850085370242596,8,1
101,9,0.060915855690836906,2,1
102,9,0.27118346840143204,2,1
103,10,0.5779329538345337,1,1
104,7,0.3897450864315033,4,1
105,10,0.036181628704071045,1,1
106,9,0.06671781465411186,2,1
107,7,0.0829036608338356,4,1
108,10,0.06552392244338989,1,1
109,8,0.05702426036198934,3,1
110,10,0.4861907958984375,1,1
111,7,0.20965359034016728,4,1
112,9,0.03927048668265343,2,1
113,10,0.49393782019615173,1,1
114,8,0.17347903549671173,3,1
115,10,0.5355468988418579,1,1
116,9,0.10140473023056984,2,1
117,9,0.056982988491654396,2,1
118,8,0.17545887331167856,3,1
119,5,0.14609050564467907,6,1
120,9,0.08384948968887329,2,1
121,9,0.10394485294818878,2,1
122,8,0.21896915510296822,3,1
123,9,0.03864535875618458,2,1
124,9,0.3293857267126441,2,1
125,6,0.16902202889323234,5,1
126,7,0.26849493756890297,4,1
127,4,0.13074526696332864,7,1
128,10,0.0429411455988884,1,1
129,8,0.09991485998034477,3,1
130,7,0.12080348841845989,4,1
131,10,0.1984831690788269,1,1
132,8,0.11826108147700627,3,1
133,8,0.12115030363202095,3,1
134,7,0.18343782518059015,4,1
135,8,0.12864872316519418,3,1
136,4,0.08276019458259855,7,1
137,8,0.0987721358736356,3,1
138,-3,0.10133769589343242,14,1
139,9,0.04301564209163189,2,1
140,7,0.21101036202162504,4,1
141,8,0.10387788712978363,3,1
142,9,0.3254726231098175,2,1
143,8,0.1175127923488617,3,1
144,7,0.16171983629465103,4,1
145,7,0.10941891930997372,4,1
146,7,0.14070531260222197,4,1
147,9,0.08573051914572716,2,1
148,-9,0.13872778993099927,20,1
149,8,0.13541408131519952,3,1
150,9,0.04065701924264431,2,1
151,-10,0.05273573473095894,1,0
152,10,0.06848154217004776,1,1
153,10,0.10841347277164459,1,1
154,9,0.18755099922418594,2,1
155,8,0.13370343297719955,3,1
156,10,0.1321571171283722,1,1
157,-10,0.44956347346305847,1,0
158,9,0.09817686304450035,2,1
159,6,0.10692245960235595,5,1
160,10,0.05251394957304001,1,1
161,-9,0.27717882189899684,20,1
162,10,0.13156044483184814,1,1
163,9,0.04667413420975208,2,1
164,8,0.04445347376167774,3,1
165,7,0.20841658487915993,4,1
166,9,0.0883212573826313,2,1
167,10,0.0623956173658371,1,1
168,10,0.08907650411128998,1,1
169,8,0.08332941681146622,3,1
170,10,0.1758103370666504,1,1
171,8,0.29458702355623245,3,1
172,5,0.17776980126897493,6,1
173,8,0.04530652364095052,3,1
174,6,0.13422003388404846,5,1
175,8,0.15416905035575232,3,1
176,8,0.213455302019914,3,1
177,8,0.06956472744544347,3,1
178,10,0.08850832283496857,1,1
179,10,0.04751070961356163,1,1
180,9,0.14972519874572754,2,1
181,9,0.043552689254283905,2,1
182,7,0.2158427434042096,4,1
183,9,0.6592890620231628,2,1
184,10,0.13935185968875885,1,1
185,10,0.07302226126194,1,1
186,10,0.28636619448661804,1,1
187,7,0.11502496898174286,4,1
188,9,0.0595366396009922,2,1
189,9,0.11088184267282486,2,1
190,9,0.0701136663556099,2,1
191,8,0.12607469658056894,3,1
192,6,0.10630059391260147,5,1
193,8,0.07043737669785817,3,1
194,8,0.06628907596071561,3,1
195,9,0.08542045205831528,2,1
196,10,0.09611472487449646,1,1
197,9,0.07789239287376404,2,1
198,7,0.31226533371955156,4,1
199,8,0.17248055711388588,3,1
200,5,0.07094474695622921,6,1
201,-16,0.12459676602372417,27,1
202,9,0.04388938657939434,2,1
203,10,0.07141876220703125,1,1
204,9,0.08150388300418854,2,1
205,5,0.20922028894225755,6,1
206,10,0.06318667531013489,1,1
207,8,0.06689464052518208,3,1
208,8,0.06715245793263118,3,1
209,9,0.05740346759557724,2,1
210,8,0.06041149546702703,3,1
211,-50,0.11551864042878152,50,0
212,-7,0.15011126775708464,18,1
213,-4,0.1900644540786743,15,1
214,9,0.4104880951344967,2,1
215,6,0.08218189477920532,5,1
216,9,0.06470486707985401,2,1
217,9,0.06057578697800636,2,1
218,9,0.15332075580954552,2,1
219,8,0.10459680606921513,3,1
220,9,0.038425229489803314,2,1
221,-13,0.06505187973380089,4,0
222,10,0.060633160173892975,1,1
223,9,0.06804295629262924,2,1
224,9,0.16779459454119205,2,1
225,8,0.08139450599749883,3,1
226,8,0.22136002779006958,3,1
227,8,0.21396748473246893,3,1
228,7,0.0627500731498003,4,1
229,8,0.08515194058418274,3,1
230,-11,0.11579027771949768,2,0
231,9,0.18913969676941633,2,1
232,9,0.11710790172219276,2,1
233,7,0.14064033888280392,4,1
234,7,0.05868726037442684,4,1
235,-10,0.022159844636917114,1,0
236,8,0.18400162706772485,3,1
237,8,0.2763674060503642,3,1
238,10,0.20106250047683716,1,1
239,6,0.25936981439590456,5,1
240,-50,0.14018701516091825,50,0
241,-7,0.14071535815795264,18,1
242,-50,0.11239193316549062,50,0
243,-11,0.3584276810288429,2,0
244,9,0.07793065905570984,2,1
245,7,0.07418281864374876,4,1
246,7,0.19447772949934006,4,1
247,7,0.07830959837883711,4,1
248,-26,0.13189606111798738,37,1
249,5,0.14777256175875664,6,1
250,6,0.07711483314633369,5,1
251,-19,0.08094210972388585,30,1
252,5,0.18505779405434927,6,1
253,9,0.03409353271126747,2,1
254,-10,0.02988116256892681,1,0
255,8,0.16189821064472198,3,1
256,10,0.44038283824920654,1,1
257,10,0.027819782495498657,1,1
258,9,0.02535945875570178,2,1
259,9,0.045327357947826385,2,1
260,9,0.23876454681158066,2,1
261,-19,0.1108632318675518,30,1
262,-6,0.1411954739733654,17,1
263,8,0.05188708255688349,3,1
264,10,0.05357339233160019,1,1
265,9,0.10672033578157425,2,1
266,8,0.1682102301468452,3,1
267,-25,0.10078333447583848,36,1
268,10,0.03626884147524834,1,1
269,9,0.04367583058774471,2,1
270,-28,0.08091961153042622,39,1
271,9,0.08334110677242279,2,1
272,8,0.06705944985151291,3,1
273,-10,0.10867540538311005,1,0
274,0,0.10017748617313126,11,1
275,8,0.0629379153251648,3,1
276,-50,0.14458012260496617,50,0
277,9,0.05103708617389202,2,1
278,10,0.5315249562263489,1,1
279,7,0.07996381400153041,4,1
280,6,0.03380625769495964,5,1
281,9,0.20752041414380074,2,1
282,10,0.034563541412353516,1,1
283,9,0.21881170570850372,2,1
284,8,0.24598356957236925,3,1
285,7,0.07282929960638285,4,1
286,9,0.04977385140955448,2,1
287,4,0.03569780210299151,7,1
288,7,0.12729875184595585,4,1
289,6,0.1961843639612198,5,1
290,8,0.03226262331008911,3,1
291,8,0.03351434258123239,3,1
292,-17,0.0863115396018007,28,1
293,9,0.014802264980971813,2,1
294,8,0.1573163941502571,3,1
295,9,0.04580141417682171,2,1
296,9,0.02984520373865962,2,1
297,10,0.022242536768317223,1,1
298,8,0.01562457966307799,3,1
299,-13,0.07786265007841091,24,1
300,9,0.0348159521818161,2,1
301,9,0.04603266203776002,2,1
302,10,0.0465988963842392,1,1
303,6,0.03567996509373188,5,1
304,7,0.11032068263739347,4,1
305,8,0.11215707411368687,3,1
306,8,0.10565873483816783,3,1
307,10,0.12169899046421051,1,1
308,-50,0.08465840857475997,50,0
309,8,0.04979933053255081,3,1
310,8,0.05240401315192381,3,1
311,5,0.04841509399314722,6,1
312,10,0.030709778890013695,1,1
313,10,0.03379179909825325,1,1
314,9,0.07373611442744732,2,1
315,8,0.12826917444666228,3,1
316,9,0.07130742445588112,2,1
317,8,0.1917453563461701,3,1
318,10,0.04815666377544403,1,1
319,10,0.044259075075387955,1,1
320,-16,0.07485484897538468,27,1
321,8,0.054601301749547325,3,1
322,10,0.05113904923200607,1,1
323,9,0.0319230267778039,2,1
324,-23,0.08178207234424703,34,1
325,8,0.14135290682315826,3,1
326,5,0.154772836714983,6,1
327,8,0.026242051894466083,3,1
328,6,0.09559509083628655,5,1
329,8,0.029860985775788624,3,1
330,-50,0.09690215656533838,50,0
331,10,0.012443270534276962,1,1
332,9,0.046148278983309865,2,1
333,9,0.06865137256681919,2,1
334,-4,0.05178672907253106,15,1
335,10,0.031102806329727173,1,1
336,9,0.1352723464369774,2,1
337,10,0.48113685846328735,1,1
338,-10,0.11157395823725633,21,1
339,7,0.06712272949516773,4,1
340,-13,0.049853005446493626,4,0
341,5,0.05769184480110804,6,1
342,7,0.07641544286161661,4,1
343,8,0.20089628299077353,3,1
344,6,0.08014025464653969,5,1
345,9,0.10345698893070221,2,1
346,7,0.035175438737496734,4,1
347,7,0.13515462819486856,4,1
348,8,0.0870672520250082,3,1
349,10,0.12491246312856674,1,1
350,6,0.07937143519520759,5,1
351,-50,0.10726443581283092,50,0
352,7,0.11113401781767607,4,1
353,10,0.13928136229515076,1,1
354,5,0.1354319155216217,6,1
355,-50,0.12158706195652486,50,0
356,7,0.08278466481715441,4,1
357,-14,0.11905155479907989,5,0
358,-6,0.11351569128387115,17,1
359,6,0.09897423237562179,5,1
360,7,0.0824456149712205,4,1
361,9,0.14751390926539898,2,1
362,6,0.08751583844423294,5,1
363,-25,0.16421145433560014,36,1
364,10,0.3118641674518585,1,1
365,-13,0.053077506832778454,4,0
366,6,0.22798028513789176,5,1
367,9,0.052093518897891045,2,1
368,8,0.0996868684887886,3,1
369,8,0.05516400933265686,3,1
370,9,0.04244195111095905,2,1
371,10,0.12714162468910217,1,1
372,7,0.08241277933120728,4,1
373,7,0.07926969975233078,4,1
374,8,0.13695164024829865,3,1
375,8,0.07531138385335605,3,1
376,9,0.12481198832392693,2,1
377,-44,0.13566266516489642,35,0
378,10,0.04344768822193146,1,1
379,10,0.039539627730846405,1,1
380,9,0.0456167571246624,2,1
381,7,0.06289966311305761,4,1
382,8,0.047239667425553,3,1
383,8,0.05535212469597658,3,1
384,7,0.1344992034137249,4,1
385,9,0.2930860184133053,2,1
386,6,0.10802580174058676,5,1
387,8,0.06123055641849836,3,1
388,7,0.20707639446482062,4,1
389,9,0.27538755536079407,2,1
390,9,0.3235470652580261,2,1
391,8,0.19042064746220908,3,1
392,9,0.2823044992983341,2,1
393,10,0.04194535315036774,1,1
394,10,0.04289880394935608,1,1
395,9,0.27167538553476334,2,1
396,10,0.06437422335147858,1,1
397,8,0.08642716457446416,3,1
398,6,0.05719196647405624,5,1
399,-12,0.09499425068497658,3,0
400,9,0.04592265747487545,2,1
401,7,0.06609694333747029,4,1
402,8,0.05028655380010605,3,1
403,0,0.11152743006294424,11,1
404,9,0.05118090100586414,2,1
405,8,0.07708543539047241,3,1
406,8,0.1231525329252084,3,1
407,7,0.09856378473341465,4,1
408,-50,0.14139014318585397,50,0
409,7,0.1838345117866993,4,1
410,8,0.21924982406198978,3,1
411,8,0.3201215962568919,3,1
412,8,0.10640955219666164,3,1
413,8,0.31215593715508777,3,1
414,4,0.17689434518771513,7,1
415,-10,0.04221290349960327,1,0
416,9,0.04701831005513668,2,1
417,4,0.09319083765149117,7,1
418,8,0.06178688878814379,3,1
419,8,0.2517334421475728,3,1
420,10,0.20390915870666504,1,1
421,-10,0.025148168206214905,1,0
422,9,0.062481582164764404,2,1
423,10,0.04650839418172836,1,1
424,10,0.10694301128387451,1,1
425,-12,0.05639649120469888,3,0
426,7,0.0625910977832973,4,1
427,8,0.11820244540770848,3,1
428,9,0.11724558845162392,2,1
429,9,0.12258103303611279,2,1
430,-11,0.2767724022269249,2,0
431,-10,0.15584935247898102,1,0
432,7,0.1604436244815588,4,1
433,7,0.1795198768377304,4,1
434,6,0.26440352350473406,5,1
435,10,0.040357641875743866,1,1
436,8,0.346158966422081,3,1
437,9,0.08952466957271099,2,1
438,9,0.10504346713423729,2,1
439,9,0.07389569096267223,2,1
440,8,0.23347417699793974,3,1
441,7,0.09031092375516891,4,1
442,8,0.1316238691409429,3,1
443,8,0.07922598471244176,3,1
444,7,0.31040072068572044,4,1
445,6,0.12168156504631042,5,1
446,10,0.4772772789001465,1,1
447,8,0.07817798604567845,3,1
448,-31,0.1535701777108691,22,0
449,8,0.1338751477499803,3,1
450,7,0.10208446718752384,4,1
451,9,0.3135709799826145,2,1
452,9,0.08170822635293007,2,1
453,-18,0.13450830609634004,29,1
454,9,0.040894280187785625,2,1
455,9,0.29658274352550507,2,1
456,9,0.3444899916648865,2,1
457,9,0.08080065250396729,2,1
458,-29,0.17074566576629877,40,1
459,9,0.12828509882092476,2,1
460,8,0.06635826205213864,3,1
461,9,0.2949751615524292,2,1
462,7,0.0675838552415371,4,1
463,10,0.042645163834095,1,1
464,9,0.22177907824516296,2,1
465,9,0.08480482175946236,2,1
466,10,0.1007557064294815,1,1
467,7,0.4445571806281805,4,1
468,6,0.19865240156650543,5,1
469,6,0.11197110265493393,5,1
470,7,0.15027005039155483,4,1
471,7,0.05980641394853592,4,1
472,6,0.15120300501585007,5,1
473,7,0.15441080648452044,4,1
474,9,0.2953207641839981,2,1
475,7,0.16004724614322186,4,1
476,8,0.2290347491701444,3,1
477,7,0.170670373365283,4,1
478,7,0.08096678648144007,4,1
479,10,0.060926444828510284,1,1
480,8,0.0928639645377795,3,1
481,10,0.5926452279090881,1,1
482,9,0.29478854313492775,2,1
483,10,0.1769457757472992,1,1
484,-5,0.11907033552415669,16,1
485,8,0.05687175318598747,3,1
486,8,0.05401218496263027,3,1
487,10,0.05418260768055916,1,1
488,10,0.5716174244880676,1,1
489,8,0.1419375315308571,3,1
490,9,0.14943458512425423,2,1
491,8,0.06251823157072067,3,1
492,7,0.08798994682729244,4,1
493,6,0.11596115231513977,5,1
494,8,0.10284294933080673,3,1
495,8,0.28311457112431526,3,1
496,9,0.0808282159268856,2,1
497,8,0.17846511801083884,3,1
498,6,0.12007886394858361,5,1
499,8,0.23350207259257635,3,1
500,-45,0.22433757378409305,36,0
501,7,0.2262269500643015,4,1
502,9,0.060391321778297424,2,1
503,7,0.1281563714146614,4,1
504,9,0.11343619227409363,2,1
505,8,0.11622597028811772,3,1
506,8,0.08095742513736089,3,1
507,10,0.3058416545391083,1,1
508,9,0.11527227982878685,2,1
509,0,0.0883186102252115,11,1
510,9,0.08519738167524338,2,1
511,9,0.04912002757191658,2,1
512,-50,0.16927875213325025,50,0
513,9,0.11256537772715092,2,1
514,6,0.1574285037815571,5,1
515,8,0.10469846862057845,3,1
516,10,0.4023702144622803,1,1
517,7,0.08046778291463852,4,1
518,9,0.0693940594792366,2,1
519,10,0.08600910007953644,1,1
520,5,0.1120517725745837,6,1
521,10,0.08280530571937561,1,1
522,10,0.10943476855754852,1,1
523,7,0.17782487347722054,4,1
524,8,0.07861211150884628,3,1
525,8,0.09905098378658295,3,1
526,8,0.10291454941034317,3,1
527,9,0.07276860624551773,2,1
528,8,0.1261469175418218,3,1
529,9,0.15329845994710922,2,1
530,9,0.29988980293273926,2,1
531,-11,0.2827745294198394,2,0
532,5,0.08455402590334415,6,1
533,10,0.04689975455403328,1,1
534,9,0.07305741310119629,2,1
535,-29,0.13372776205651463,40,1
536,9,0.054720984771847725,2,1
537,-22,0.16672727217276892,33,1
538,10,0.1855892837047577,1,1
539,10,0.06050020083785057,1,1
540,9,0.08208322897553444,2,1
541,8,0.41241734847426414,3,1
542,9,0.1965310387313366,2,1
543,-10,0.05289769917726517,1,0
544,8,0.18328095227479935,3,1
545,-8,0.15870198715282113,19,1
546,-28,0.15347853259971508,39,1
547,8,0.06370226417978604,3,1
548,7,0.12822885531932116,4,1
549,10,0.020002171397209167,1,1
550,8,0.13673786322275797,3,1
551,3,0.06911901128478348,8,1
552,8,0.1699266880750656,3,1
553,7,0.13425023294985294,4,1
554,8,0.3379221359888713,3,1
555,8,0.1630789153277874,3,1
556,6,0.11657405830919743,5,1
557,7,0.07499026507139206,4,1
558,8,0.05575557860235373,3,1
559,9,0.35151615738868713,2,1
560,5,0.20122197767098746,6,1
561,9,0.09483151696622372,2,1
562,7,0.19703449681401253,4,1
563,9,0.21031885221600533,2,1
564,10,0.49995332956314087,1,1
565,10,0.08790647983551025,1,1
566,10,0.06051662564277649,1,1
567,5,0.07339205779135227,6,1
568,10,0.14273032546043396,1,1
569,8,0.058987549195686974,3,1
570,10,0.033568792045116425,1,1
571,9,0.18825336173176765,2,1
572,8,0.05887774626413981,3,1
573,5,0.04062775832911333,6,1
574,-10,0.044756848365068436,1,0
575,10,0.013756773434579372,1,1
576,10,0.015868643298745155,1,1
577,9,0.14944127574563026,2,1
578,8,0.14480036993821463,3,1
579,8,0.0844426304101944,3,1
580,8,0.16227456678946814,3,1
581,6,0.05797140970826149,5,1
582,8,0.09199131280183792,3,1
583,9,0.24114147201180458,2,1
584,9,0.19211376830935478,2,1
585,7,0.18389514461159706,4,1
586,-11,0.21070325374603271,2,0
587,9,0.31187256425619125,2,1
588,8,0.4996868818998337,3,1
589,8,0.0448439164708058,3,1
590,3,0.16028093500062823,8,1
591,10,0.0511600561439991,1,1
592,9,0.08643873780965805,2,1
593,8,0.11446358015139897,3,1
594,9,0.07432049699127674,2,1
595,9,0.273539861664176,2,1
596,10,0.04753068834543228,1,1
597,8,0.07593332355221112,3,1
598,3,0.2772186961956322,8,1
599,7,0.22710733488202095,4,1
600,-27,0.13809355348348618,38,1
601,9,0.07117532938718796,2,1
602,10,0.036578744649887085,1,1
603,8,0.060889718433221184,3,1
604,6,0.03712413273751736,5,1
605,6,0.11353741511702538,5,1
606,5,0.14747747033834457,6,1
607,8,0.07950858523448308,3,1
608,5,0.052047696275015674,6,1
609,-5,0.12700596661306918,16,1
610,10,0.01714959554374218,1,1
611,8,0.07634601990381877,3,1
612,8,0.03080679972966512,3,1
613,8,0.10476334889729817,3,1
614,10,0.04210374504327774,1,1
615,-50,0.11808965120464564,50,0
616,6,0.12431057766079903,5,1
617,9,0.09308478981256485,2,1
618,8,0.21678304175535837,3,1
619,-50,0.13843750707805158,50,0
620,7,0.16153045743703842,4,1
621,9,0.10379166901111603,2,1
622,-7,0.11164154133035077,18,1
623,7,0.06296343123540282,4,1
624,5,0.0640353299677372,6,1
625,7,0.0938581875525415,4,1
626,-21,0.10928701993543655,32,1
627,6,0.0429309856146574,5,1
628,7,0.08561492897570133,4,1
629,9,0.0335693727247417,2,1
630,6,0.10915527045726776,5,1
631,9,0.060025811195373535,2,1
632,8,0.0668666884303093,3,1
633,-13,0.16683550512728593,24,1
634,10,0.06881202012300491,1,1
635,-7,0.09704537875950336,18,1
636,8,0.07419231534004211,3,1
637,-10,0.009372956119477749,1,0
638,9,0.07731658406555653,2,1
639,9,0.0581577867269516,2,1
640,8,0.06310476114352544,3,1
641,8,0.10839581241210301,3,1
642,9,0.08525710552930832,2,1
643,8,0.08166085556149483,3,1
644,8,0.24209291922549406,3,1
645,10,0.07576557248830795,1,1
646,10,0.0515788234770298,1,1
647,9,0.10340975224971771,2,1
648,9,0.10011537745594978,2,1
649,10,1.0053701400756836,1,1
650,8,0.19986527413129807,3,1
651,8,0.14964776734511057,3,1
652,-10,0.07784496992826462,1,0
653,7,0.12130488269031048,4,1
654,8,0.07590045283238094,3,1
655,9,0.09113096818327904,2,1
656,6,0.16498411297798157,5,1
657,8,0.03316150357325872,3,1
658,9,0.025650840252637863,2,1
659,9,0.311478141695261,2,1
660,9,0.2510813158005476,2,1
661,8,0.03143497804800669,3,1
662,7,0.05646225064992905,4,1
663,7,0.10342661757022142,4,1
664,9,0.1709243394434452,2,1
665,9,0.2721385583281517,2,1
666,8,0.058443053315083184,3,1
667,9,0.014435524120926857,2,1
668,8,0.23615432778994241,3,1
669,8,0.06296991805235545,3,1
670,-25,0.13318468022367191,36,1
671,9,0.05156705901026726,2,1
672,8,0.3729816476504008,3,1
673,9,0.0994382742792368,2,1
674,9,0.04130363464355469,2,1
675,7,0.07813878636807203,4,1
676,10,0.02880280278623104,1,1
677,9,0.045894624665379524,2,1
678,-50,0.10087624223902822,50,0
679,9,0.04737837240099907,2,1
680,10,0.025020768865942955,1,1
681,8,0.07428890094161034,3,1
682,9,0.016168897971510887,2,1
683,9,0.0902530625462532,2,1
684,-11,0.10714143142104149,2,0
685,9,0.07890287414193153,2,1
686,9,0.047717539593577385,2,1
687,6,0.05404016599059105,5,1
688,8,0.08432091275850932,3,1
689,9,0.36721012741327286,2,1
690,9,0.08356520906090736,2,1
691,10,0.054065555334091187,1,1
692,6,0.07157341800630093,5,1
693,9,0.05614813230931759,2,1
694,10,0.021932220086455345,1,1
695,8,0.08496012290318807,3,1
696,7,0.26513476110994816,4,1
697,6,0.21730946637690068,5,1
698,8,0.18749436363577843,3,1
699,9,0.29573679715394974,2,1
700,7,0.030454058200120926,4,1
701,10,0.045676738023757935,1,1
702,8,0.21589137613773346,3,1
703,10,0.023349450901150703,1,1
704,7,0.055081652477383614,4,1
705,9,0.01626079808920622,2,1
706,6,0.12374158129096031,5,1
707,9,0.07195498794317245,2,1
708,7,0.27113698376342654,4,1
709,10,0.12293487787246704,1,1
710,9,0.056928787380456924,2,1
711,6,0.06932191923260689,5,1
712,9,0.05508250929415226,2,1
713,9,0.07875457406044006,2,1
714,9,0.0462050661444664,2,1
715,8,0.20732679901023707,3,1
716,10,0.04268087446689606,1,1
717,10,0.07524248957633972,1,1
718,-50,0.11883089728653431,50,0
719,9,0.034983668476343155,2,1
720,7,0.1300192936323583,4,1
721,7,0.10658129770308733,4,1
722,6,0.1602865856140852,5,1
723,8,0.04009651889403661,3,1
724,9,0.03617333807051182,2,1
725,5,0.1297756638377905,6,1
726,9,0.06484876945614815,2,1
727,9,0.19560294598340988,2,1
728,10,0.025843437761068344,1,1
729,8,0.047952799747387566,3,1
730,9,0.12351118214428425,2,1
731,10,0.0655493438243866,1,1
732,9,0.06745398603379726,2,1
733,8,0.22726769372820854,3,1
734,-50,0.1713825005479157,50,0
735,10,0.015475374646484852,1,1
736,8,0.22674510379632315,3,1
737,10,0.01779117062687874,1,1
738,10,0.09010826796293259,1,1
739,6,0.08206692561507226,5,1
740,-50,0.12067291110754014,50,0
741,9,0.167925663292408,2,1
742,-36,0.10495393433504635,27,0
743,8,0.2691108137369156,3,1
744,5,0.16538263702144226,6,1
745,7,0.21541135385632515,4,1
746,8,0.0657863902548949,3,1
747,9,0.32994451373815536,2,1
748,8,0.3498338895539443,3,1
749,10,0.037161484360694885,1,1
750,8,0.2768577001988888,3,1
751,8,0.21122021476427713,3,1
752,6,0.05856096372008324,5,1
753,7,0.06908014044165611,4,1
754,9,0.2549763657152653,2,1
755,7,0.35470746690407395,4,1
756,9,0.07420667260885239,2,1
757,8,0.13481810440619788,3,1
758,6,0.08867386654019356,5,1
759,7,0.16105762496590614,4,1
760,9,0.11939381808042526,2,1
761,6,0.19306416511535646,5,1
762,9,0.31069236248731613,2,1
763,8,0.19988552294671535,3,1
764,10,0.1024835929274559,1,1
765,9,0.042905181646347046,2,1
766,9,0.11552578955888748,2,1
767,9,0.06079002842307091,2,1
768,9,0.052216350100934505,2,1
769,8,0.21472838893532753,3,1
770,9,0.1907612830400467,2,1
771,8,0.06699257840712865,3,1
772,10,0.05687398463487625,1,1
773,9,0.13152364362031221,2,1
774,10,0.07280758023262024,1,1
775,8,0.2779189919432004,3,1
776,10,0.071745865046978,1,1
777,10,0.07843419164419174,1,1
778,9,0.10104933753609657,2,1
779,10,0.1575382500886917,1,1
780,8,0.35695810119311017,3,1
781,5,0.1284155367563168,6,1
782,-50,0.22541015308350323,50,0
783,8,0.08413820589582126,3,1
784,7,0.0907543832436204,4,1
785,9,0.04893679730594158,2,1
786,9,0.07017365843057632,2,1
787,10,0.05584653466939926,1,1
788,9,0.06721431761980057,2,1
789,7,0.1996111012995243,4,1
790,8,0.23578127970298132,3,1
791,-50,0.13328742779791355,50,0
792,-50,0.1478413351997733,50,0
793,8,0.1502051278948784,3,1
794,-50,0.12697420310229063,50,0
795,8,0.11318817734718323,3,1
796,7,0.1013267319649458,4,1
797,4,0.23066370614937373,7,1
798,9,0.09070755168795586,2,1
799,7,0.08683915622532368,4,1
800,4,0.2638547234237194,7,1
801,9,0.0831236019730568,2,1
802,8,0.19227702418963113,3,1
803,9,0.08595829829573631,2,1
804,9,0.08464036881923676,2,1
805,9,0.06649887934327126,2,1
806,9,0.08846476301550865,2,1
807,10,0.04903416708111763,1,1
808,10,0.19352367520332336,1,1
809,-24,0.1480465160150613,35,1
810,10,0.09361211955547333,1,1
811,5,0.13151924343158802,6,1
812,7,0.1338906604796648,4,1
813,10,0.145891010761261,1,1
814,10,0.06981763243675232,1,1
815,9,0.32744892314076424,2,1
816,9,0.029631681740283966,2,1
817,9,0.04713062755763531,2,1
818,6,0.09806470759212971,5,1
819,4,0.09979042410850525,7,1
820,6,0.17039763256907464,5,1
821,9,0.10057380795478821,2,1
822,7,0.09571191854774952,4,1
823,9,0.05075613595545292,2,1
824,-34,0.11072164554562834,45,1
825,9,0.04949943348765373,2,1
826,6,0.17269106805324555,5,1
827,8,0.20663640399773917,3,1
828,9,0.07505789026618004,2,1
829,9,0.06827880069613457,2,1
830,9,0.0726542891934514,2,1
831,7,0.28518721647560596,4,1
832,7,0.13686693273484707,4,1
833,5,0.06943895295262337,6,1
834,7,0.20216092746704817,4,1
835,9,0.08542216941714287,2,1
836,9,0.09623377397656441,2,1
837,10,0.23732364177703857,1,1
838,8,0.150584543744723,3,1
839,3,0.14660940505564213,8,1
840,10,0.08766454458236694,1,1
841,7,0.17080299090594053,4,1
842,7,0.12641050573438406,4,1
843,8,0.08169147248069446,3,1
844,7,0.042062127497047186,4,1
845,10,0.13669052720069885,1,1
846,7,0.08798937872052193,4,1
847,9,0.05906615033745766,2,1
848,6,0.08181933164596558,5,1
849,7,0.07992339413613081,4,1
850,9,0.04896337538957596,2,1
851,9,0.1177145428955555,2,1
852,9,0.053046729415655136,2,1
853,6,0.0741388440132141,5,1
854,7,0.13755563274025917,4,1
855,7,0.1272255890071392,4,1
856,10,0.07561171054840088,1,1
857,5,0.09695775993168354,6,1
858,10,0.049598678946495056,1,1
859,8,0.09559885660807292,3,1
860,9,0.06650949455797672,2,1
861,8,0.07938192660609882,3,1
862,6,0.14195517972111701,5,1
863,9,0.2424837276339531,2,1
864,10,0.03866264596581459,1,1
865,9,0.16119566932320595,2,1
866,8,0.25185273587703705,3,1
867,-14,0.10901283472776413,25,1
868,9,0.2796414792537689,2,1
869,7,0.12288196571171284,4,1
870,-5,0.07760613621212542,16,1
871,8,0.10608170181512833,3,1
872,10,0.03742077201604843,1,1
873,10,0.1009601280093193,1,1
874,10,0.09643160551786423,1,1
875,10,0.15024882555007935,1,1
876,10,0.038603607565164566,1,1
877,7,0.13480247231200337,4,1
878,10,0.3774585425853729,1,1
879,4,0.1479849929788283,7,1
880,9,0.2346748560667038,2,1
881,5,0.1397710038969914,6,1
882,7,0.05838911700993776,4,1
883,-50,0.13434708014130592,50,0
884,10,0.061425238847732544,1,1
885,4,0.13488546439579555,7,1
886,8,0.13854107012351355,3,1
887,8,0.17827710260947546,3,1
888,10,0.02804858610033989,1,1
889,10,0.22413641214370728,1,1
890,8,0.08736482262611389,3,1
891,6,0.11196380630135536,5,1
892,6,0.15760512501001359,5,1
893,-5,0.09347834635991603,16,1
894,7,0.06830325536429882,4,1
895,10,0.08450596779584885,1,1
896,-30,0.10258912272387888,41,1
897,-50,0.11401367910206318,50,0
898,-50,0.09948015943169594,50,0
899,7,0.0796126127243042,4,1
900,9,0.05289271101355553,2,1
901,-50,0.07945888541638851,50,0
902,-50,0.0785151332989335,50,0
903,9,0.04450998455286026,2,1
904,8,0.060683311273654304,3,1
905,7,0.035849233623594046,4,1
906,-37,0.0656894357331718,48,1
907,6,0.06234637051820755,5,1
908,9,0.05469507351517677,2,1
909,9,0.03961589187383652,2,1
910,10,0.1939612776041031,1,1
911,-17,0.06504092119368059,28,1
912,7,0.05927025759592652,4,1
913,6,0.06696651205420494,5,1
914,7,0.04464927315711975,4,1
915,9,0.03253155201673508,2,1
916,10,0.017822138965129852,1,1
917,9,0.0273056011646986,2,1
918,8,0.03782596749564012,3,1
919,6,0.07752849236130714,5,1
920,8,0.030442450816432636,3,1
921,-17,0.07951903423028332,28,1
922,10,0.037120454013347626,1,1
923,8,0.036518845707178116,3,1
924,8,0.054786939173936844,3,1
925,9,0.430057130753994,2,1
926,10,0.03373076766729355,1,1
927,9,0.06827636621892452,2,1
928,8,0.09511397406458855,3,1
929,-55,0.05547733262748174,46,0
930,-4,0.0580056872839729,15,1
931,-10,0.01210768148303032,1,0
932,9,0.06985978595912457,2,1
933,10,0.01618587039411068,1,1
934,6,0.018458899483084677,5,1
935,8,0.05057839366296927,3,1
936,9,0.07188123092055321,2,1
937,10,0.03463815897703171,1,1
938,9,0.061377350240945816,2,1
939,7,0.03454419760964811,4,1
940,10,0.0507332943379879,1,1
941,8,0.05430058638254801,3,1
942,9,0.028079076670110226,2,1
943,6,0.03781124614179134,5,1
944,8,0.021379393835862476,3,1
945,7,0.05579893430694938,4,1
946,10,0.0353274866938591,1,1
947,9,0.019435083493590355,2,1
948,-6,0.055027854300158864,17,1
949,10,0.26164594292640686,1,1
950,7,0.017717924900352955,4,1
951,9,0.02159200608730316,2,1
952,10,0.02968091145157814,1,1
953,9,0.053527671843767166,2,1
954,9,0.017405974678695202,2,1
955,10,0.0615881010890007,1,1
956,6,0.10052364319562912,5,1
957,9,0.12967072241008282,2,1
958,9,0.05885474942624569,2,1
959,7,0.12743033678270876,4,1
960,8,0.20102084055542946,3,1
961,-12,0.1103733517229557,3,0
962,9,0.09707937017083168,2,1
963,10,0.027911296114325523,1,1
964,7,0.2610594918951392,4,1
965,9,0.08137347921729088,2,1
966,10,0.07633805274963379,1,1
967,8,0.06862693962951501,3,1
968,9,0.04593031853437424,2,1
969,7,0.04352151323109865,4,1
970,6,0.06598568484187126,5,1
971,8,0.042318678150574364,3,1
972,7,0.05319838039577007,4,1
973,9,0.03530450724065304,2,1
974,7,0.06862988043576479,4,1
975,7,0.07010220922529697,4,1
976,10,0.011586516164243221,1,1
977,-19,0.05448908318455021,30,1
978,10,0.02946421504020691,1,1
979,9,0.13018169812858105,2,1
980,6,0.04608744420111179,5,1
981,6,0.1359478935599327,5,1
982,-12,0.05363322546084722,3,0
983,8,0.08156429479519527,3,1
984,8,0.025720487038294475,3,1
985,10,0.033941395580768585,1,1
986,7,0.051423137076199055,4,1
987,6,0.05061487630009651,5,1
988,9,0.0589089710265398,2,1
989,-15,0.05951941776304291,26,1
990,9,0.015947542153298855,2,1
991,10,0.07730177044868469,1,1
992,9,0.04169898480176926,2,1
993,9,0.027061921544373035,2,1
994,8,0.05079779960215092,3,1
995,7,0.043544163927435875,4,1
996,9,0.03107978217303753,2,1
997,10,0.02860186994075775,1,1
998,10,0.014079070650041103,1,1
999,8,0.05340425173441569,3,1
1000,8,0.025805034985144932,3,1
1,10,0.03994814306497574,1,1
2,10,0.09656164050102234,1,1
3,10,0.17766161262989044,1,1
4,9,0.08015941269695759,2,1
5,8,0.02389494702219963,3,1
6,9,0.02124590054154396,2,1
7,9,0.035643523558974266,2,1
8,10,0.007851393893361092,1,1
9,8,0.04638785434265932,3,1
10,10,0.1441422998905182,1,1
11,8,0.041565305242935814,3,1
12,3,0.11164327221922576,8,1
13,8,0.08393250467876594,3,1
14,8,0.03150114789605141,3,1
15,9,0.02428770251572132,2,1
16,-50,0.08383252337574959,50,0
17,5,0.13337764826913676,6,1
18,10,0.037978336215019226,1,1
19,8,0.03181393320361773,3,1
20,8,0.11381824252506097,3,1
21,10,0.01942502334713936,1,1
22,9,0.02977879624813795,2,1
23,8,0.03280530124902725,3,1
24,8,0.06248521928985914,3,1
25,6,0.06438573002815247,5,1
26,9,0.09697424247860909,2,1
27,10,0.0191936194896698,1,1
28,10,0.02757354825735092,1,1
29,9,0.06045789085328579,2,1
30,5,0.03098242466027538,6,1
31,8,0.022734592358271282,3,1
32,9,0.04359801672399044,2,1
33,9,0.022711666766554117,2,1
34,8,0.1890694946050644,3,1
35,9,0.21512082312256098,2,1
36,8,0.08126858373483022,3,1
37,7,0.042209346836898476,4,1
38,8,0.11421556087831657,3,1
39,7,0.04238881263881922,4,1
40,8,0.06500352111955483,3,1
41,9,0.044960495084524155,2,1
42,6,0.08475953191518784,5,1
43,10,0.07071049511432648,1,1
44,9,0.0602568332105875,2,1
45,8,0.13886809597412744,3,1
46,-12,0.07012447986103919,23,1
47,9,0.3215930350124836,2,1
48,9,0.049038365483284,2,1
49,8,0.033474055118858814,3,1
50,7,0.16351756500080228,4,1
51,6,0.13786815106868744,5,1
52,6,0.05661919489502907,5,1
53,10,0.05559442192316055,1,1
54,7,0.09073697868734598,4,1
55,9,0.06508166715502739,2,1
56,7,0.057086664251983166,4,1
57,3,0.08540761237964034,8,1
58,2,0.1460112447126044,9,1
59,8,0.27017607788244885,3,1
60,8,0.052929130072395005,3,1
61,9,0.03658873029053211,2,1
62,7,0.04538751393556595,4,1
63,7,0.04619052167981863,4,1
64,10,0.01616005040705204,1,1
65,9,0.05487589258700609,2,1
66,8,0.19818352659543356,3,1
67,10,0.031923286616802216,1,1
68,9,0.10949726775288582,2,1
69,7,0.06431247619912028,4,1
70,10,0.05421587452292442,1,1
71,9,0.10940762609243393,2,1
72,10,0.0735451951622963,1,1
73,-50,0.10907802909612656,50,0
74,10,0.16855454444885254,1,1
75,-17,0.07305911965002972,28,1
76,7,0.06798215582966805,4,1
77,6,0.15768412463366985,5,1
78,8,0.053127762551108994,3,1
79,10,0.4623030126094818,1,1
80,8,0.07373445729414622,3,1
81,5,0.037845539239545666,6,1
82,7,0.07239964697510004,4,1
83,10,0.026878561824560165,1,1
84,9,0.053498633205890656,2,1
85,7,0.031423821579664946,4,1
86,9,0.06487493962049484,2,1
87,-15,0.0785577785796844,26,1
88,8,0.12300154070059459,3,1
89,2,0.1166480320195357,9,1
90,9,0.09659251943230629,2,1
91,9,0.08398324623703957,2,1
92,-49,0.1417265829630196,40,0
93,10,0.04559405893087387,1,1
94,8,0.09956648573279381,3,1
95,9,0.11900949478149414,2,1
96,9,0.27241233736276627,2,1
97,8,0.06720683723688126,3,1
98,7,0.12163981050252914,4,1
99,8,0.3035209501783053,3,1
100,10,0.03471352159976959,1,1
101,-50,0.14133669685572386,50,0
102,9,0.0545517448335886,2,1
103,5,0.07229213106135528,6,1
104,9,0.28029775619506836,2,1
105,-7,0.13098152664800486,18,1
106,8,0.11893940592805545,3,1
107,6,0.1049575760960579,5,1
108,7,0.21202520187944174,4,1
109,10,0.043836161494255066,1,1
110,5,0.11117951696117719,6,1
111,8,0.25274616852402687,3,1
112,-5,0.12088908918667585,16,1
113,6,0.12981096133589745,5,1
114,8,0.27779796719551086,3,1
115,8,0.08302945892016093,3,1
116,6,0.2089540660381317,5,1
117,9,0.10173733159899712,2,1
118,7,0.08471338637173176,4,1
119,10,0.25012657046318054,1,1
120,7,0.2004168899729848,4,1
121,9,0.0747661367058754,2,1
122,5,0.11251563765108585,6,1
123,8,0.1495950718720754,3,1
124,-12,0.15778978023192156,23,1
125,6,0.12903538048267366,5,1
126,8,0.2735377103090286,3,1
127,10,0.08434662222862244,1,1
128,10,0.09782201796770096,1,1
129,7,0.10802415199577808,4,1
130,8,0.12134624396761258,3,1
131,8,0.16182327394684157,3,1
132,9,0.1590912789106369,2,1
133,9,0.09700768440961838,2,1
134,7,0.05746915750205517,4,1
135,10,0.0791374146938324,1,1
136,6,0.16344117596745492,5,1
137,9,0.10022395849227905,2,1
138,10,0.4419606029987335,1,1
139,10,0.06128295138478279,1,1
140,9,0.08322937041521072,2,1
141,10,0.04768313467502594,1,1
142,-11,0.10735202953219414,2,0
143,-34,0.19825715839862823,25,0
144,7,0.3175166854634881,4,1
145,9,0.11489185690879822,2,1
146,10,0.13549970090389252,1,1
147,10,0.05631479248404503,1,1
148,10,0.042679451406002045,1,1
149,8,0.21230207135279974,3,1
150,7,0.054680666886270046,4,1
151,9,0.06456250138580799,2,1
152,9,0.1122155487537384,2,1
153,7,0.1597297303378582,4,1
154,8,0.25468120475610095,3,1
155,6,0.046354251354932784,5,1
156,-50,0.10859691388905049,50,0
157,9,0.34877824783325195,2,1
158,6,0.15090512931346894,5,1
159,9,0.061398912221193314,2,1
160,9,0.25233313255012035,2,1
161,8,0.12664365395903587,3,1
162,9,0.0718459002673626,2,1
163,8,0.07059079532821973,3,1
164,10,0.060662709176540375,1,1
165,9,0.09555180743336678,2,1
166,10,0.11010711640119553,1,1
167,10,0.021700479090213776,1,1
168,-2,0.19081372337845656,13,1
169,6,0.0679081603884697,5,1
170,10,0.09570137411355972,1,1
171,9,0.28146237693727016,2,1
172,10,0.04681885242462158,1,1
173,9,0.043106766417622566,2,1
174,10,0.05091739445924759,1,1
175,7,0.06440162425860763,4,1
176,9,0.04858763329684734,2,1
177,-50,0.10187297463417053,50,0
178,9,0.08805951476097107,2,1
179,6,0.1685574073344469,5,1
180,9,0.06419461779296398,2,1
181,7,0.0854099653661251,4,1
182,-12,0.08943177735351998,23,1
183,9,0.05921611376106739,2,1
184,9,0.03820119332522154,2,1
185,8,0.09016795704762141,3,1
186,8,0.058614869912465416,3,1
187,8,0.19258559743563333,3,1
188,-10,0.08476319164037704,1,0
189,9,0.0383981391787529,2,1
190,8,0.05646221339702606,3,1
191,10,0.05945712700486183,1,1
192,9,0.0320649198256433,2,1
193,-10,0.053329773247241974,1,0
194,-11,0.3605648800730705,2,0
195,5,0.16132601164281368,6,1
196,6,0.10685024149715901,5,1
197,10,0.04726644605398178,1,1
198,9,0.33839845657348633,2,1
199,7,0.058756329119205475,4,1
200,8,0.04782459884881973,3,1
201,7,0.20180825050920248,4,1
202,10,0.022593874484300613,1,1
203,10,0.029749199748039246,1,1
204,8,0.029820896685123444,3,1
205,5,0.09447190227607886,6,1
206,9,0.3413596674799919,2,1
207,9,0.06463725119829178,2,1
208,7,0.047072162851691246,4,1
209,8,0.25195572276910144,3,1
210,8,0.07255318636695544,3,1
211,7,0.038135760463774204,4,1
212,9,0.2062460370361805,2,1
213,-50,0.12480106446892023,50,0
214,8,0.1398172751069069,3,1
215,8,0.16948505118489265,3,1
216,10,0.04525408148765564,1,1
217,10,0.08184944093227386,1,1
218,10,0.5737208127975464,1,1
219,10,0.07326404005289078,1,1
220,9,0.16336091049015522,2,1
221,10,0.2829919159412384,1,1
222,8,0.057176596174637474,3,1
223,6,0.061460386216640475,5,1
224,9,0.06200755387544632,2,1
225,9,0.06063384097069502,2,1
226,9,0.5766393058001995,2,1
227,8,0.0664784349501133,3,1
228,8,0.09868975232044856,3,1
229,8,0.10891602064172427,3,1
230,10,0.1026565432548523,1,1
231,5,0.0612743329256773,6,1
232,-10,0.13884784281253815,1,0
233,9,0.053782856091856956,2,1
234,7,0.053263465873897076,4,1
235,9,0.5203498303890228,2,1
236,9,0.05100107006728649,2,1
237,9,0.09061441943049431,2,1
238,9,0.07174882479012012,2,1
239,9,0.07360125705599785,2,1
240,7,0.163990150205791,4,1
241,7,0.09811765141785145,4,1
242,8,0.037066285187999405,3,1
243,6,0.13327374830842018,5,1
244,9,0.07936184108257294,2,1
245,10,0.15837296843528748,1,1
246,-50,0.08001881815129663,41,0
247,10,0.06764689087867737,1,1
248,10,0.1991458237171173,1,1
249,10,0.05483378469944,1,1
250,5,0.0744095587482055,6,1
251,7,0.11168341711163521,4,1
252,9,0.15085847675800323,2,1
253,10,0.030344150960445404,1,1
254,9,0.134775809943676,2,1
255,5,0.07773735746741295,6,1
256,4,0.14390614016779832,7,1
257,9,0.1025655847042799,2,1
258,7,0.17281666677445173,4,1
259,10,0.046904273331165314,1,1
260,10,0.05898350477218628,1,1
261,8,0.09751041978597641,3,1
262,8,0.29339958479007083,3,1
263,6,0.22423386350274085,5,1
264,8,0.04399325574437777,3,1
265,9,0.061901796609163284,2,1
266,8,0.07977804044882457,3,1
267,9,0.08414873480796814,2,1
268,10,0.09427119791507721,1,1
269,8,0.2743847568829854,3,1
270,8,0.09045615295569102,3,1
271,7,0.05388873117044568,4,1
272,9,0.29492797888815403,2,1
273,9,0.10043863207101822,2,1
274,10,0.032943710684776306,1,1
275,9,0.3299359083175659,2,1
276,10,0.06851457804441452,1,1
277,7,0.09682468511164188,4,1
278,-50,0.11901391789317131,50,0
279,7,0.09572068974375725,4,1
280,-50,0.1079135923460126,50,0
281,9,0.03319911751896143,2,1
282,9,0.053873222321271896,2,1
283,7,0.052019573748111725,4,1
284,-50,0.1160948070883751,50,0
285,10,0.08546552062034607,1,1
286,9,0.10958035290241241,2,1
287,-26,0.15763961545684757,17,0
288,3,0.0741699340287596,8,1
289,10,0.055437810719013214,1,1
290,10,0.0603330135345459,1,1
291,9,0.030317760072648525,2,1
292,9,0.042481002397835255,2,1
293,8,0.13644605626662573,3,1
294,-50,0.10826851572841406,50,0
295,10,0.36258360743522644,1,1
296,7,0.09030151274055243,4,1
297,10,0.05187009274959564,1,1
298,4,0.07188750856689044,7,1
299,10,0.38184303045272827,1,1
300,10,0.118565633893013,1,1
301,8,0.071636317918698,3,1
302,8,0.03752836585044861,3,1
303,8,0.2689518928527832,3,1
304,-38,0.07400872809242229,49,1
305,10,0.057084329426288605,1,1
306,7,0.14270601607859135,4,1
307,10,0.09105291962623596,1,1
308,8,0.11801421145598094,3,1
309,8,0.0780756746729215,3,1
310,10,0.05214010924100876,1,1
311,10,0.07140156626701355,1,1
312,8,0.21055625130732855,3,1
313,-10,0.14295005798339844,1,0
314,-10,0.047346822917461395,1,0
315,6,0.0627215713262558,5,1
316,9,0.30848029255867004,2,1
317,6,0.03261811248958111,5,1
318,8,0.03944867166380087,3,1
319,10,0.03028951957821846,1,1
320,7,0.13098080037161708,4,1
321,9,0.04165274277329445,2,1
322,9,0.1722193229943514,2,1
323,-50,0.11694989308714866,50,0
324,10,0.03409544378519058,1,1
325,9,0.03249618597328663,2,1
326,10,0.07352670282125473,1,1
327,6,0.13796631060540676,5,1
328,8,0.024356288835406303,3,1
329,9,0.02989978715777397,2,1
330,10,0.061289574950933456,1,1
331,9,0.255047507584095,2,1
332,8,0.10299112896124522,3,1
333,8,0.04843184227744738,3,1
334,10,0.05588896572589874,1,1
335,6,0.04592883363366127,5,1
336,7,0.0649936874397099,4,1
337,8,0.041295843198895454,3,1
338,10,0.039349835366010666,1,1
339,10,0.055753257125616074,1,1
340,7,0.03174937283620238,4,1
341,7,0.04471901524811983,4,1
342,9,0.023136739619076252,2,1
343,9,0.06404360011219978,2,1
344,10,0.03273415565490723,1,1
345,7,0.047271099872887135,4,1
346,8,0.18365470319986343,3,1
347,5,0.0967634239544471,6,1
348,7,0.09240789990872145,4,1
349,7,0.05287704337388277,4,1
350,-26,0.12227328979989162,37,1
351,9,0.15242721512913704,2,1
352,10,0.02905956283211708,1,1
353,9,0.15855643898248672,2,1
354,8,0.0632854476571083,3,1
355,9,0.0703456811606884,2,1
356,8,0.03625065088272095,3,1
357,8,0.0455288744221131,3,1
358,10,0.00999759417027235,1,1
359,6,0.1362017996609211,5,1
360,9,0.09978450834751129,2,1
361,9,0.22140072286128998,2,1
362,6,0.10258611962199211,5,1
363,8,0.0888645350933075,3,1
364,9,0.07388686016201973,2,1
365,9,0.05188260041177273,2,1
366,10,0.0824025571346283,1,1
367,10,0.044982634484767914,1,1
368,10,0.029622234404087067,1,1
369,10,0.016107097268104553,1,1
370,10,0.06849241256713867,1,1
371,8,0.03236258961260319,3,1
372,7,0.14728302974253893,4,1
373,5,0.04447031952440739,6,1
374,9,0.024656603345647454,2,1
375,9,0.0898720845580101,2,1
376,8,0.04452531598508358,3,1
377,9,0.028134657070040703,2,1
378,6,0.06503662467002869,5,1
379,9,0.03328355960547924,2,1
380,7,0.12826479645445943,4,1
381,8,0.03697940210501353,3,1
382,7,0.07077691983431578,4,1
383,10,0.030525848269462585,1,1
384,10,0.07457467913627625,1,1
385,9,0.17532331123948097,2,1
386,-13,0.06189698167145252,4,0
387,8,0.0233333691333731,3,1
388,7,0.03858576202765107,4,1
389,9,0.043793339282274246,2,1
390,9,0.04356750659644604,2,1
391,9,0.08305762382224202,2,1
392,9,0.021048426628112793,2,1
393,8,0.1296390648931265,3,1
394,10,0.0426955372095108,1,1
395,9,0.048729075118899345,2,1
396,7,0.016279481817036867,4,1
397,7,0.034210573649033904,4,1
398,10,0.38839292526245117,1,1
399,6,0.08925860058516263,5,1
400,7,0.19243546482175589,4,1
401,8,0.022951457959910233,3,1
402,7,0.036028530448675156,4,1
403,6,0.0454932127147913,5,1
404,8,0.05489395931363106,3,1
405,8,0.1484980465223392,3,1
406,10,0.012211083434522152,1,1
407,10,0.46613505482673645,1,1
408,7,0.10459977574646473,4,1
409,-50,0.06250969287008047,50,0
410,7,0.11190839298069477,4,1
411,5,0.06378550951679547,6,1
412,9,0.0721864402294159,2,1
413,9,0.28741270303726196,2,1
414,10,0.046820297837257385,1,1
415,8,0.10713048403461774,3,1
416,7,0.07708777952939272,4,1
417,10,0.09470832347869873,1,1
418,10,0.08702831715345383,1,1
419,10,0.05750647559762001,1,1
420,9,0.20373181626200676,2,1
421,7,0.10185896791517735,4,1
422,7,0.29470227286219597,4,1
423,9,0.0705956257879734,2,1
424,7,0.03840750548988581,4,1
425,7,0.031607537530362606,4,1
426,7,0.06904660817235708,4,1
427,8,0.18846792355179787,3,1
428,8,0.038643758123119674,3,1
429,6,0.04504514187574386,5,1
430,4,0.08488336099045617,7,1
431,10,0.049831803888082504,1,1
432,8,0.05564210067192713,3,1
433,7,0.03146491292864084,4,1
434,8,0.15679101273417473,3,1
435,8,0.09778213252623875,3,1
436,7,0.04387108515948057,4,1
437,6,0.04911163225769997,5,1
438,9,0.10344819352030754,2,1
439,7,0.03397672204300761,4,1
440,8,0.07634769876797994,3,1
441,8,0.13324335465828577,3,1
442,8,0.15113181745012602,3,1
443,10,0.013048805296421051,1,1
444,6,0.08068874552845955,5,1
445,9,0.053715869784355164,2,1
446,10,0.02196761965751648,1,1
447,8,0.1233645627895991,3,1
448,7,0.021798315923660994,4,1
449,6,0.06318621300160884,5,1
450,7,0.05959016922861338,4,1
451,9,0.05045451410114765,2,1
452,7,0.059590984135866165,4,1
453,7,0.04294152557849884,4,1
454,10,0.021524716168642044,1,1
455,10,0.047954969108104706,1,1
456,6,0.04802076742053032,5,1
457,9,0.29637959226965904,2,1
458,8,0.09681635722517967,3,1
459,8,0.04786921478807926,3,1
460,9,0.09575344994664192,2,1
461,10,0.027814950793981552,1,1
462,8,0.06144780976076921,3,1
463,9,0.03709871228784323,2,1
464,7,0.07672015391290188,4,1
465,9,0.02939542382955551,2,1
466,8,0.033956789101163544,3,1
467,-50,0.10149959105998278,50,0
468,6,0.04223533608019352,5,1
469,8,0.03562416757146517,3,1
470,6,0.09212216809391975,5,1
471,9,0.06286779418587685,2,1
472,10,0.3589470684528351,1,1
473,8,0.04596765649815401,3,1
474,10,0.04619452357292175,1,1
475,8,0.051720875004927315,3,1
476,9,0.18796168267726898,2,1
477,9,0.08217179775238037,2,1
478,7,0.11801933497190475,4,1
479,5,0.13412016816437244,6,1
480,9,0.09025613218545914,2,1
481,10,0.039112962782382965,1,1
482,8,0.03859556466341019,3,1
483,8,0.03922413165370623,3,1
484,-4,0.07557605244219304,15,1
485,7,0.08454836742021143,4,1
486,9,0.08131040260195732,2,1
487,10,0.24359948933124542,1,1
488,8,0.029458779220779736,3,1
489,6,0.10644763857126235,5,1
490,-14,0.09580410651862621,25,1
491,6,0.1905189961194992,5,1
492,8,0.1938270777463913,3,1
493,9,0.11994915455579758,2,1
494,7,0.08400316536426544,4,1
495,5,0.08590954138586919,6,1
496,8,0.0585346445441246,3,1
497,9,0.035641079768538475,2,1
498,10,0.05876844748854637,1,1
499,8,0.4539688328901927,3,1
500,-10,0.1108057051897049,1,0
501,7,0.08923468180000782,4,1
502,8,0.06726900363961856,3,1
503,9,0.06445210054516792,2,1
504,-12,0.12567914941388628,23,1
505,8,0.03446225821971893,3,1
506,9,0.27270836383104324,2,1
507,9,0.08720694296061993,2,1
508,8,0.11659408112366994,3,1
509,9,0.05752637982368469,2,1
510,9,0.20567500591278076,2,1
511,9,0.19896777719259262,2,1
512,9,0.06709030270576477,2,1
513,7,0.1450942549854517,4,1
514,10,0.038569316267967224,1,1
515,10,0.08248549699783325,1,1
516,9,0.057020269334316254,2,1
517,10,0.19430990517139435,1,1
518,-10,0.11556006968021393,1,0
519,-50,0.13635011080652476,50,0
520,9,0.2513188570737839,2,1
521,8,0.0909350427488486,3,1
522,9,0.11301744356751442,2,1
523,1,0.20165775828063487,10,1
524,-11,0.05129809305071831,2,0
525,-13,0.09141919575631618,4,0
526,8,0.08729131892323494,3,1
527,6,0.11239392757415771,5,1
528,-11,0.1306104864925146,2,0
529,9,0.06646253727376461,2,1
530,-11,0.08861794881522655,2,0
531,7,0.173201615922153,4,1
532,9,0.15382647514343262,2,1
533,7,0.2250831201672554,4,1
534,10,0.08947582542896271,1,1
535,8,0.09004863103230794,3,1
536,10,0.05199824646115303,1,1
537,7,0.20009020529687405,4,1
538,7,0.08655740320682526,4,1
539,7,0.17610187735408545,4,1
540,8,0.23576251417398453,3,1
541,5,0.0671416415522496,6,1
542,-50,0.18588600505143404,50,0
543,6,0.14969539642333984,5,1
544,8,0.08106919874747594,3,1
545,8,0.3159259557723999,3,1
546,7,0.1485859677195549,4,1
547,10,0.13032223284244537,1,1
548,10,0.2743849754333496,1,1
549,10,0.04871537908911705,1,1
550,-50,0.1478957673534751,50,0
551,9,0.07456236705183983,2,1
552,10,0.09055356681346893,1,1
553,10,0.07155391573905945,1,1
554,6,0.16695528998970985,5,1
555,8,0.08465952922900517,3,1
556,7,0.18867090065032244,4,1
557,7,0.05715102422982454,4,1
558,9,0.07424121536314487,2,1
559,9,0.037615591660141945,2,1
560,-50,0.14166873946785927,50,0
561,8,0.13766517986853918,3,1
562,6,0.2559243530035019,5,1
563,10,0.5271373987197876,1,1
564,9,0.05013011954724789,2,1
565,8,0.10863406397402287,3,1
566,-12,0.18575333803892136,3,0
567,8,0.1028737227121989,3,1
568,7,0.20924072060734034,4,1
569,6,0.2816081166267395,5,1
570,5,0.14822233219941458,6,1
571,6,0.039948654174804685,5,1
572,10,0.04164903610944748,1,1
573,9,0.07142111659049988,2,1
574,10,0.05645003914833069,1,1
575,9,0.04476683773100376,2,1
576,8,0.05664506865044435,3,1
577,10,0.08560817688703537,1,1
578,8,0.16203289727369943,3,1
579,10,0.039815500378608704,1,1
580,9,0.30383554100990295,2,1
581,7,0.079594268463552,4,1
582,9,0.24533476680517197,2,1
583,9,0.3099789433181286,2,1
584,9,0.06928238086402416,2,1
585,7,0.14338893815875053,4,1
586,8,0.08839484552542369,3,1
587,7,0.1481892503798008,4,1
588,8,0.0808560885488987,3,1
589,-10,0.08783933520317078,1,0
590,9,0.26437204144895077,2,1
591,-50,0.21163156762719154,50,0
592,-12,0.22689182044047376,23,1
593,10,0.11111004650592804,1,1
594,10,0.16622477769851685,1,1
595,9,0.13815421611070633,2,1
596,9,0.18207717686891556,2,1
597,8,0.08814844613273938,3,1
598,10,0.07081232219934464,1,1
599,9,0.06668021716177464,2,1
600,10,0.45433732867240906,1,1
601,9,0.06097227334976196,2,1
602,6,0.18088263049721717,5,1
603,10,0.3655471205711365,1,1
604,9,0.19690832868218422,2,1
605,8,0.10073766360680263,3,1
606,8,0.06373131523529689,3,1
607,8,0.0832555318872134,3,1
608,6,0.0994858205318451,5,1
609,9,0.06672251783311367,2,1
610,6,0.1817946221679449,5,1
611,-10,0.06050141528248787,1,0
612,9,0.057570695877075195,2,1
613,7,0.09951047226786613,4,1
614,3,0.15249396720901132,8,1
615,8,0.1840768444041411,3,1
616,8,0.08922573799888293,3,1
617,7,0.17225065594539046,4,1
618,6,0.13328713737428188,5,1
619,10,0.029291020706295967,1,1
620,9,0.08777720853686333,2,1
621,7,0.12856492400169373,4,1
622,10,0.04006136581301689,1,1
623,-15,0.09249397522459428,6,0
624,9,0.12643887661397457,2,1
625,8,0.058720978597799935,3,1
626,1,0.0644891882315278,10,1
627,7,0.15277863293886185,4,1
628,10,0.19987228512763977,1,1
629,8,0.06749238073825836,3,1
630,8,0.1972378691037496,3,1
631,8,0.12666354328393936,3,1
632,7,0.057724907994270325,4,1
633,1,0.2610289592295885,10,1
634,10,0.09831330180168152,1,1
635,8,0.13728567709525427,3,1
636,9,0.08443477004766464,2,1
637,-31,0.10895549302751367,22,0
638,-12,0.12891398750893449,23,1
639,6,0.11736343652009965,5,1
640,9,0.14310713112354279,2,1
641,10,0.15492168068885803,1,1
642,8,0.23839781184991202,3,1
643,10,0.07364614307880402,1,1
644,10,0.05044471099972725,1,1
645,9,0.2367953285574913,2,1
646,6,0.07460872903466224,5,1
647,8,0.1011243686079979,3,1
648,7,0.11531795561313629,4,1
649,10,0.6984511613845825,1,1
650,10,0.09670479595661163,1,1
651,10,0.1416815221309662,1,1
652,8,0.09284823139508565,3,1
653,10,0.056376680731773376,1,1
654,10,0.0908704400062561,1,1
655,10,0.050612010061740875,1,1
656,10,0.018287179991602898,1,1
657,9,0.08357049524784088,2,1
658,7,0.165777038782835,4,1
659,7,0.198075819760561,4,1
660,10,0.1161360889673233,1,1
661,10,0.04855622723698616,1,1
662,8,0.16193874925374985,3,1
663,10,0.02171011082828045,1,1
664,7,0.07515363954007626,4,1
665,9,0.24717396963387728,2,1
666,10,0.15949119627475739,1,1
667,5,0.1261145699148377,6,1
668,6,0.13474636971950532,5,1
669,10,0.12014569342136383,1,1
670,9,0.5611014440655708,2,1
671,6,0.06256270483136177,5,1
672,7,0.37520422227680683,4,1
673,8,0.12788412471612295,3,1
674,-10,0.23183653024690493,21,1
675,-33,0.13251589170911096,44,1
676,10,0.5293751358985901,1,1
677,10,0.0874502956867218,1,1
678,7,0.0787362065166235,4,1
679,9,0.25379519164562225,2,1
680,10,0.05819449573755264,1,1
681,10,0.0550345778465271,1,1
682,-6,0.12877755940837018,17,1
683,8,0.12566535423199335,3,1
684,9,0.1528797447681427,2,1
685,9,0.318162739276886,2,1
686,7,0.2184993401169777,4,1
687,9,0.12371128052473068,2,1
688,9,0.1258467175066471,2,1
689,8,0.2875828643639882,3,1
690,-12,0.13765914738178253,3,0
691,7,0.24909928068518639,4,1
692,8,0.0680203748246034,3,1
693,-24,0.12662542510245528,35,1
694,-20,0.16290598227219147,11,0
695,10,0.08649168908596039,1,1
696,9,0.2982955873012543,2,1
697,4,0.13734788075089455,7,1
698,4,0.28781833180359434,7,1
699,3,0.13807856477797031,8,1
700,7,0.1132270023226738,4,1
701,9,0.08855405077338219,2,1
702,-12,0.3056323031584422,3,0
703,7,0.08054163306951523,4,1
704,10,0.15485331416130066,1,1
705,7,0.2313116379082203,4,1
706,7,0.08066004887223244,4,1
707,-10,0.680048942565918,1,0
708,8,0.13063608606656393,3,1
709,8,0.07307804624239604,3,1
710,-1,0.1829532841220498,12,1
711,7,0.07492002658545971,4,1
712,8,0.07343389838933945,3,1
713,7,0.15062628220766783,4,1
714,8,0.25325463712215424,3,1
715,9,0.10044325329363346,2,1
716,9,0.3728715404868126,2,1
717,-11,0.3207564800977707,2,0
718,5,0.3153702386965354,6,1
719,8,0.08136145894726117,3,1
720,9,0.15273812040686607,2,1
721,9,0.13496391847729683,2,1
722,5,0.117454519495368,6,1
723,9,0.3692099004983902,2,1
724,8,0.09143089006344478,3,1
725,10,0.033200956881046295,1,1
726,9,0.14002782106399536,2,1
727,6,0.11995056048035621,5,1
728,7,0.3485627416521311,4,1
729,-11,0.19801311939954758,2,0
730,9,0.11463673412799835,2,1
731,7,0.12040217407047749,4,1
732,-7,0.1854659335480796,18,1
733,7,0.14352010935544968,4,1
734,7,0.13719803467392921,4,1
735,10,0.14029350876808167,1,1
736,10,0.5257462859153748,1,1
737,8,0.10515340914328893,3,1
738,7,0.05400232970714569,4,1
739,10,0.06326282024383545,1,1
740,7,0.35132790077477694,4,1
741,9,0.0963897854089737,2,1
742,9,0.025478461757302284,2,1
743,4,0.10299715878708023,7,1
744,8,0.24455242107311884,3,1
745,1,0.1511106476187706,10,1
746,8,0.08770810812711716,3,1
747,9,0.5000427812337875,2,1
748,8,0.17716743548711142,3,1
749,-10,0.7488166689872742,1,0
750,9,0.1127384752035141,2,1
751,8,0.22175427277882895,3,1
752,5,0.3532235063612461,6,1
753,1,0.20040284134447575,10,1
754,-11,0.2182424869388342,2,0
755,8,0.1244170218706131,3,1
756,9,0.1814042031764984,2,1
757,7,0.059773982502520084,4,1
758,8,0.0974920503795147,3,1
759,6,0.20375999808311462,5,1
760,9,0.25650960579514503,2,1
761,10,0.3147490620613098,1,1
762,9,0.14254963025450706,2,1
763,8,0.09109556550780933,3,1
764,8,0.10277486592531204,3,1
765,-2,0.15484383329749107,13,1
766,10,0.08454346656799316,1,1
767,8,0.11842188487450282,3,1
768,10,0.02731143683195114,1,1
769,10,0.07667489349842072,1,1
770,9,0.06400161422789097,2,1
771,5,0.10580716157952945,6,1
772,10,0.06427711993455887,1,1
773,10,0.035827334970235825,1,1
774,6,0.12290633395314217,5,1
775,9,0.10032040253281593,2,1
776,9,0.32608779333531857,2,1
777,8,0.11120364690820377,3,1
778,8,0.27122625708580017,3,1
779,10,0.033104341477155685,1,1
780,8,0.07566233103473981,3,1
781,9,0.10890552401542664,2,1
782,7,0.06282270420342684,4,1
783,9,0.04873425140976906,2,1
784,9,0.24773919582366943,2,1
785,7,0.21512903459370136,4,1
786,7,0.09715828206390142,4,1
787,8,0.07249261314670245,3,1
788,10,0.06238158792257309,1,1
789,9,0.06679181195795536,2,1
790,7,0.2803160552866757,4,1
791,9,0.1306178867816925,2,1
792,7,0.14042290672659874,4,1
793,-3,0.12598327813403948,14,1
794,9,0.27570176869630814,2,1
795,9,0.04005075432360172,2,1
796,8,0.06933341051141421,3,1
797,8,0.09078724185625713,3,1
798,10,0.06526598334312439,1,1
799,7,0.18184040859341621,4,1
800,8,0.2833944683273633,3,1
801,10,0.27401673793792725,1,1
802,-13,0.07512739580124617,4,0
803,-29,0.25480421986430885,20,0
804,9,0.050751201808452606,2,1
805,5,0.15363169958194098,6,1
806,-1,0.14660345654313764,12,1
807,6,0.14648758471012116,5,1
808,-18,0.28400755176941556,9,0
809,-50,0.12638142943382263,50,0
810,9,0.27034794352948666,2,1
811,8,0.05113902067144712,3,1
812,8,0.05999674399693807,3,1
813,9,0.04580511059612036,2,1
814,6,0.19440553486347198,5,1
815,10,0.03487717732787132,1,1
816,10,0.04619456082582474,1,1
817,8,0.4054880713423093,3,1
818,9,0.0531027615070343,2,1
819,8,0.08546726405620575,3,1
820,6,0.1071612261235714,5,1
821,9,0.313570536673069,2,1
822,6,0.08903052359819412,5,1
823,7,0.17101848404854536,4,1
824,8,0.04899259967108568,3,1
825,8,0.3405237098534902,3,1
826,9,0.14370208512991667,2,1
827,7,0.06754793878644705,4,1
828,5,0.1252858197937409,6,1
829,9,0.16818086244165897,2,1
830,8,0.1869828812777996,3,1
831,8,0.06071352089444796,3,1
832,10,0.07281885296106339,1,1
833,8,0.07776498918732007,3,1
834,7,0.05208002869039774,4,1
835,-10,0.04881969466805458,1,0
836,9,0.03576295264065266,2,1
837,-2,0.17439997353805944,13,1
838,6,0.041100208461284635,5,1
839,7,0.052312173414975405,4,1
840,10,0.02028820663690567,1,1
841,8,0.10729923099279404,3,1
842,10,0.019968895241618156,1,1
843,-50,0.16017607616260648,50,0
844,5,0.28433049097657204,6,1
845,8,0.11337417364120483,3,1
846,9,0.08951768279075623,2,1
847,5,0.24373241824408373,6,1
848,7,0.05076274275779724,4,1
849,8,0.041084758626917996,3,1
850,8,0.0860188106695811,3,1
851,8,0.03465693692366282,3,1
852,7,0.14722913317382336,4,1
853,8,0.1614943016320467,3,1
854,7,0.22435577400028706,4,1
855,9,0.09442953392863274,2,1
856,10,0.04613448679447174,1,1
857,9,0.06455924548208714,2,1
858,8,0.03657480143010616,3,1
859,9,0.02970740757882595,2,1
860,9,0.0278757493942976,2,1
861,7,0.08069472201168537,4,1
862,10,0.09680327773094177,1,1
863,9,0.03915019705891609,2,1
864,10,0.029138240963220596,1,1
865,9,0.20175674185156822,2,1
866,9,0.08221629448235035,2,1
867,7,0.21194917429238558,4,1
868,-10,0.03411175310611725,1,0
869,9,0.43255211412906647,2,1
870,-11,0.09610226542942903,22,1
871,9,0.03467400372028351,2,1
872,6,0.14132850244641304,5,1
873,10,0.41629669070243835,1,1
874,10,0.021756652742624283,1,1
875,7,0.11719916947185993,4,1
876,9,0.02760464884340763,2,1
877,-50,0.11956513764336706,50,0
878,8,0.12582113469640413,3,1
879,6,0.16661499477922917,5,1
880,7,0.28413272462785244,4,1
881,10,0.03082115203142166,1,1
882,8,0.23312390533586344,3,1
883,6,0.07972356975078583,5,1
884,-50,0.1441638583317399,50,0
885,10,0.023433923721313477,1,1
886,7,0.09106652997434139,4,1
887,8,0.054521133502324425,3,1
888,6,0.13676355332136153,5,1
889,-50,0.12599734015762806,50,0
890,8,0.01778451322267453,3,1
891,-10,0.018209371715784073,1,0
892,10,0.019757665693759918,1,1
893,-10,0.029941685497760773,1,0
894,8,0.07337998102108638,3,1
895,9,0.039590202271938324,2,1
896,8,0.3277268062035243,3,1
897,4,0.18354268079357489,7,1
898,10,0.028525076806545258,1,1
899,7,0.09545054379850626,4,1
900,10,0.05740523338317871,1,1
901,8,0.2333747303734223,3,1
902,6,0.20283221006393432,5,1
903,7,0.20304459519684315,4,1
904,10,0.2968778610229492,1,1
905,10,0.025316517800092697,1,1
906,7,0.055508457124233246,4,1
907,10,0.034959129989147186,1,1
908,8,0.02938248962163925,3,1
909,8,0.11596286296844482,3,1
910,9,0.0836731567978859,2,1
911,10,0.059132181107997894,1,1
912,-29,0.15186354485340417,40,1
913,10,0.03881886228919029,1,1
914,10,0.03368745371699333,1,1
915,9,0.0911415945738554,2,1
916,5,0.07500503631308675,6,1
917,8,0.3663640320301056,3,1
918,9,0.3099302500486374,2,1
919,10,0.20100253820419312,1,1
920,9,0.0619775764644146,2,1
921,8,0.1918959766626358,3,1
922,10,0.08947918564081192,1,1
923,6,0.1766596481204033,5,1
924,2,0.24580934147040048,9,1
925,9,0.047449931502342224,2,1
926,7,0.1634746880736202,4,1
927,-10,0.09822292625904083,1,0
928,6,0.06150636747479439,5,1
929,8,0.05973289782802264,3,1
930,7,0.15829667914658785,4,1
931,8,0.09728196263313293,3,1
932,9,0.08380763232707977,2,1
933,9,0.5317101180553436,2,1
934,9,0.21001727133989334,2,1
935,10,0.569508969783783,1,1
936,-8,0.17297120647210823,19,1
937,9,0.09725160524249077,2,1
938,7,0.1310602817684412,4,1
939,9,0.22757718712091446,2,1
940,9,0.16233492642641068,2,1
941,8,0.2960161864757538,3,1
942,8,0.20117017130057016,3,1
943,5,0.12880806624889374,6,1
944,8,0.06757983441154163,3,1
945,8,0.17554480334122977,3,1
946,6,0.10686100125312806,5,1
947,6,0.20150289312005043,5,1
948,9,0.2713416591286659,2,1
949,10,0.028600363060832024,1,1
950,8,0.1850595846772194,3,1
951,10,0.06137647107243538,1,1
952,7,0.07100371737033129,4,1
953,8,0.1022661825021108,3,1
954,6,0.22979288920760155,5,1
955,8,0.12251708656549454,3,1
956,9,0.16939162276685238,2,1
957,10,0.29088082909584045,1,1
958,9,0.17103354260325432,2,1
959,10,0.029729530215263367,1,1
960,5,0.18079747756322226,6,1
961,10,0.13898965716362,1,1
962,8,0.2905999645590782,3,1
963,7,0.0898341704159975,4,1
964,8,0.05803054943680763,3,1
965,7,0.1668493514880538,4,1
966,10,0.11121875047683716,1,1
967,5,0.09441649665435155,6,1
968,7,0.1743462672457099,4,1
969,8,0.12585416808724403,3,1
970,8,0.2124438857038816,3,1
971,7,0.11111726285889745,4,1
972,9,0.08381849527359009,2,1
973,9,0.27199975214898586,2,1
974,9,0.09139876998960972,2,1
975,8,0.06309192379315694,3,1
976,7,0.10618108045309782,4,1
977,-50,0.147362513653934,50,0
978,8,0.08040255556503932,3,1
979,-45,0.1778422280525168,36,0
980,-10,0.5032201409339905,1,0
981,-50,0.18118230536580085,50,0
982,9,0.16051263362169266,2,1
983,-50,0.15223501197993755,50,0
984,-10,0.021412638947367668,1,0
985,9,0.14786631427705288,2,1
986,8,0.32402796546618146,3,1
987,8,0.06572551280260086,3,1
988,-10,0.04404379799962044,1,0
989,9,0.11677055433392525,2,1
990,6,0.16570386961102485,5,1
991,7,0.17565092630684376,4,1
992,6,0.08244746774435044,5,1
993,9,0.03477541171014309,2,1
994,8,0.038104791194200516,3,1
995,8,0.12363954136768977,3,1
996,10,0.059758491814136505,1,1
997,7,0.22146530076861382,4,1
998,-26,0.1723761474965392,37,1
999,10,0.40912434458732605,1,1
1000,8,0.06541559224327405,3,1
1,6,0.07883389964699745,5,1
2,8,0.06064913421869278,3,1
3,8,0.03588935360312462,3,1
4,10,0.09408684074878693,1,1
5,-11,0.06956586055457592,2,0
6,9,0.20105915889143944,2,1
7,5,0.05827293824404478,6,1
8,8,0.07633055622378986,3,1
9,7,0.045093887485563755,4,1
10,-50,0.16646397724747658,50,0
11,9,0.03726957552134991,2,1
12,7,0.14323899988085032,4,1
13,4,0.1132029156599726,7,1
14,9,0.14633016660809517,2,1
15,10,0.8269665837287903,1,1
16,9,0.044224731624126434,2,1
17,9,0.04205349087715149,2,1
18,10,0.04477999359369278,1,1
19,9,0.2589927827939391,2,1
20,7,0.38047195225954056,4,1
21,9,0.045882388949394226,2,1
22,7,0.050658161751925945,4,1
23,-10,0.049586061388254166,1,0
24,9,0.5136639028787613,2,1
25,9,0.33317744731903076,2,1
26,10,0.11297566443681717,1,1
27,-11,0.17400928248058667,22,1
28,9,0.24413473531603813,2,1
29,6,0.13243718072772026,5,1
30,7,0.13441753387451172,4,1
31,8,0.14323121309280396,3,1
32,10,0.43463197350502014,1,1
33,7,0.13831514306366444,4,1
34,9,0.41769833862781525,2,1
35,10,0.9089064002037048,1,1
36,-10,1.2621091604232788,1,0
37,-10,0.20806657806748435,21,1
38,-35,0.2089915566308343,46,1
39,7,0.4039027504622936,4,1
40,-50,0.20171874012798072,50,0
41,7,0.22744304314255714,4,1
42,7,0.24497231468558311,4,1
43,8,0.08558485905329387,3,1
44,7,0.07968678418546915,4,1
45,10,0.14202967286109924,1,1
46,10,0.16781097650527954,1,1
47,10,0.05965809151530266,1,1
48,8,0.241289292772611,3,1
49,8,0.2760012149810791,3,1
50,5,0.08278357237577438,6,1
51,9,0.1972097922116518,2,1
52,7,0.05447673797607422,4,1
53,8,0.12059902151425679,3,1
54,-10,0.05007309466600418,1,0
55,8,0.0712595023214817,3,1
56,8,0.08428374926249187,3,1
57,9,0.22539997845888138,2,1
58,8,0.2084391936659813,3,1
59,9,0.16133447736501694,2,1
60,9,0.20958630740642548,2,1
61,8,0.14977827171484628,3,1
62,9,0.08155946433544159,2,1
63,7,0.2551934365183115,4,1
64,7,0.22315158881247044,4,1
65,7,0.08594090864062309,4,1
66,8,0.170397420724233,3,1
67,9,0.3296751044690609,2,1
68,9,0.08445506729185581,2,1
69,8,0.08585560570160548,3,1
70,7,0.19471361860632896,4,1
71,7,0.07977982144802809,4,1
72,5,0.04827815915147463,6,1
73,8,0.16176733374595642,3,1
74,6,0.17879271358251572,5,1
75,10,0.09708108007907867,1,1
76,9,0.09015031531453133,2,1
77,7,0.21861063782125711,4,1
78,6,0.13034225776791572,5,1
79,5,0.2049245542536179,6,1
80,9,0.08398709818720818,2,1
81,9,0.14931754767894745,2,1
82,7,0.17439671978354454,4,1
83,5,0.09521590483685334,6,1
84,9,0.08812113106250763,2,1
85,10,0.15900076925754547,1,1
86,8,0.1758109579483668,3,1
87,8,0.059778742492198944,3,1
88,8,0.06770995073020458,3,1
89,7,0.24969853460788727,4,1
90,7,0.2115039099007845,4,1
91,6,0.3394063591957092,5,1
92,7,0.10108369961380959,4,1
93,-50,0.1570038254186511,50,0
94,9,0.06121872551739216,2,1
95,8,0.26845146467288333,3,1
96,9,0.48746655881404877,2,1
97,9,0.07541474886238575,2,1
98,9,0.08537188172340393,2,1
99,9,0.3208156004548073,2,1
100,6,0.0689293771982193,5,1
101,10,0.5004246234893799,1,1
102,10,0.15277498960494995,1,1
103,8,0.05885636806488037,3,1
104,8,0.10227615758776665,3,1
105,10,0.08968818187713623,1,1
106,10,0.09262235462665558,1,1
107,7,0.172268052585423,4,1
108,8,0.06403744717439015,3,1
109,10,0.06460881233215332,1,1
110,8,0.04231766611337662,3,1
111,7,0.04146192502230406,4,1
112,4,0.19304709509015083,7,1
113,10,0.10346272587776184,1,1
114,9,0.11787277087569237,2,1
115,9,0.12135158106684685,2,1
116,8,0.3770215262969335,3,1
117,-15,0.10902706884707396,26,1
118,8,0.08205761884649594,3,1
119,-8,0.11547258849206724,19,1
120,8,0.14367828518152237,3,1
121,-7,0.10463724844157696,18,1
122,7,0.18298272229731083,4,1
123,10,0.06438681483268738,1,1
124,-37,0.11866786191239953,48,1
125,10,0.08960197120904922,1,1
126,9,0.12665437534451485,2,1
127,8,0.249299435565869,3,1
128,-10,0.0942838191986084,1,0
129,8,0.11072890708843867,3,1
130,9,0.05730702541768551,2,1
131,1,0.12028813436627388,10,1
132,9,0.2896662652492523,2,1
133,6,0.04636046700179577,5,1
134,9,0.04305439814925194,2,1
135,10,0.035668499767780304,1,1
136,10,0.01460140012204647,1,1
137,7,0.07372125890105963,4,1
138,7,0.058214944787323475,4,1
139,8,0.21519008775552115,3,1
140,9,0.05016972869634628,2,1
141,7,0.21132666058838367,4,1
142,8,0.05503516147534052,3,1
143,9,0.1421491503715515,2,1
144,10,0.1204075962305069,1,1
145,10,0.05766326189041138,1,1
146,10,0.14263221621513367,1,1
147,8,0.11040449390808742,3,1
148,10,0.08532977104187012,1,1
149,9,0.08284189738333225,2,1
150,10,0.026059772819280624,1,1
151,7,0.1612035594880581,4,1
152,9,0.24454979039728642,2,1
153,10,0.040042467415332794,1,1
154,8,0.19284910211960474,3,1
155,10,0.025901135057210922,1,1
156,-24,0.10606432054191828,35,1
157,6,0.1515533819794655,5,1
158,10,0.04612954705953598,1,1
159,10,0.5048728585243225,1,1
160,7,0.08169051818549633,4,1
161,10,0.03577189892530441,1,1
162,8,0.26154832541942596,3,1
163,10,0.4062774181365967,1,1
164,7,0.1562326280400157,4,1
165,10,0.04978923499584198,1,1
166,8,0.05152022590239843,3,1
167,9,0.04794849455356598,2,1
168,10,0.03409930318593979,1,1
169,10,0.4254116714000702,1,1
170,10,0.05991252139210701,1,1
171,8,0.05101103459795316,3,1
172,4,0.11694662512413093,7,1
173,6,0.09676837213337422,5,1
174,8,0.08456304172674815,3,1
175,10,0.039189066737890244,1,1
176,9,0.14916832372546196,2,1
177,9,0.04985436983406544,2,1
178,-14,0.06404559582471847,25,1
179,10,0.031094614416360855,1,1
180,8,0.04516209661960602,3,1
181,8,0.04509656938413779,3,1
182,10,0.030199268832802773,1,1
183,-10,0.03465860337018967,1,0
184,-26,0.0807209985659403,17,0
185,10,0.026036910712718964,1,1
186,-17,0.10111449465953878,28,1
187,10,0.04834308102726936,1,1
188,-50,0.07708547942340374,50,0
189,9,0.04281708039343357,2,1
190,10,0.06267699599266052,1,1
191,7,0.1618167464621365,4,1
192,10,0.02527526393532753,1,1
193,9,0.05778858531266451,2,1
194,7,0.030958766117691994,4,1
195,10,0.24396643042564392,1,1
196,10,0.021895911544561386,1,1
197,5,0.03022452164441347,6,1
198,7,0.13219666900113225,4,1
199,4,0.13096894776182516,7,1
200,8,0.0422858161230882,3,1
201,8,0.02412684882680575,3,1
202,8,0.02520997015138467,3,1
203,7,0.03951812908053398,4,1
204,-50,0.1041337095014751,50,0
205,8,0.11897716547052066,3,1
206,9,0.059729212895035744,2,1
207,6,0.06816484034061432,5,1
208,9,0.024487308226525784,2,1
209,-50,0.057325566159561275,50,0
210,9,0.08795012906193733,2,1
211,8,0.27841151257356006,3,1
212,8,0.19665232052405676,3,1
213,5,0.04381772130727768,6,1
214,7,0.031408507376909256,4,1
215,10,0.03883139044046402,1,1
216,9,0.05107444152235985,2,1
217,10,0.04817533493041992,1,1
218,-11,0.058496756479144096,2,0
219,7,0.02660588826984167,4,1
220,10,0.04375721141695976,1,1
221,8,0.07160733391841252,3,1
222,7,0.07971015013754368,4,1
223,5,0.026615525285402935,6,1
224,9,0.035089969635009766,2,1
225,10,0.03513270616531372,1,1
226,7,0.04545185249298811,4,1
227,9,0.06781751662492752,2,1
228,9,0.0996178686618805,2,1
229,-10,0.04713886231184006,1,0
230,7,0.1754106404259801,4,1
231,8,0.18956080824136734,3,1
232,9,0.03696817345917225,2,1
233,6,0.17262534350156783,5,1
234,5,0.10055413097143173,6,1
235,6,0.09851737543940545,5,1
236,10,0.016666928306221962,1,1
237,8,0.022405626873175304,3,1
238,3,0.05471210554242134,8,1
239,3,0.023721893783658743,8,1
240,8,0.026405030861496925,3,1
241,10,0.07892319560050964,1,1
242,8,0.0758814016977946,3,1
243,8,0.05330033910771211,3,1
244,10,0.07813064754009247,1,1
245,7,0.05887385876849294,4,1
246,6,0.060992655158042905,5,1
247,-17,0.05799782099867506,28,1
248,9,0.05605265684425831,2,1
249,10,0.020941385999321938,1,1
250,9,0.012963854242116213,2,1
251,-50,0.06443888092413545,50,0
252,6,0.03657457754015923,5,1
253,9,0.04263927135616541,2,1
254,-9,0.12541425451636315,20,1
255,8,0.027061261236667633,3,1
256,7,0.12421820033341646,4,1
257,6,0.04645343944430351,5,1
258,10,0.0066335550509393215,1,1
259,5,0.10228866866479318,6,1
260,7,0.13433146243914962,4,1
261,8,0.09735933194557826,3,1
262,9,0.04446195811033249,2,1
263,8,0.034482828030983605,3,1
264,8,0.24714412043491998,3,1
265,9,0.08786607533693314,2,1
266,10,0.1012253612279892,1,1
267,10,0.018892476335167885,1,1
268,-10,0.015977781265974045,1,0
269,-50,0.08808343902230263,50,0
270,10,0.023477043956518173,1,1
271,9,0.11741644516587257,2,1
272,9,0.04024039767682552,2,1
273,8,0.03232204417387644,3,1
274,8,0.04514053215583166,3,1
275,6,0.03312334604561329,5,1
276,9,0.02812637761235237,2,1
277,10,0.3219427466392517,1,1
278,10,0.04213852062821388,1,1
279,7,0.06056768260896206,4,1
280,0,0.031910291788252915,11,1
281,7,0.04701275657862425,4,1
282,9,0.3596890717744827,2,1
283,10,0.02855965495109558,1,1
284,-10,0.06888312101364136,1,0
285,8,0.1787022997935613,3,1
286,-10,0.025511544197797775,1,0
287,6,0.13493549153208734,5,1
288,10,0.29959505796432495,1,1
289,7,0.19784878101199865,4,1
290,-11,0.041302965953946114,2,0
291,-50,0.14383280272595583,50,0
292,8,0.20465037785470486,3,1
293,7,0.25772019289433956,4,1
294,9,0.2462645210325718,2,1
295,7,0.1990197692066431,4,1
296,10,0.03536466136574745,1,1
297,8,0.2448241269836823,3,1
298,6,0.03338227327913046,5,1
299,10,0.03482114523649216,1,1
300,10,0.036040518432855606,1,1
301,8,0.05885016669829687,3,1
302,8,0.048021379858255386,3,1
303,10,0.048195481300354004,1,1
304,9,0.03605869598686695,2,1
305,9,0.06467615999281406,2,1
306,7,0.09129324462264776,4,1
307,9,0.06131678353995085,2,1
308,10,0.31638801097869873,1,1
309,-50,0.12687612934038042,50,0
310,8,0.07435084134340286,3,1
311,8,0.22536286214987436,3,1
312,7,0.3259222861379385,4,1
313,10,0.12426728755235672,1,1
314,-33,0.10482416567604312,44,1
315,9,0.07072991132736206,2,1
316,9,0.03642802033573389,2,1
317,-11,0.5969798862934113,2,0
318,7,0.03757793456315994,4,1
319,9,0.07321981713175774,2,1
320,-16,0.173569792881608,27,1
321,7,0.05258871894329786,4,1
322,9,0.1344453040510416,2,1
323,-37,0.09081433399114758,28,0
324,8,0.03941904380917549,3,1
325,10,0.04139754921197891,1,1
326,9,0.05098854564130306,2,1
327,7,0.1472505242563784,4,1
328,9,0.026983186602592468,2,1
329,8,0.0984953095515569,3,1
330,9,0.021208958700299263,2,1
331,10,0.027789779007434845,1,1
332,8,0.2072645453736186,3,1
333,7,0.05669620097614825,4,1
334,7,0.13530549220740795,4,1
335,7,0.18850515829399228,4,1
336,6,0.12012068256735801,5,1
337,8,0.0798371812949578,3,1
338,10,0.5650777816772461,1,1
339,7,0.10937296971678734,4,1
340,8,0.07338533364236355,3,1
341,6,0.19428118765354158,5,1
342,9,0.2359042465686798,2,1
343,10,0.09919841587543488,1,1
344,-50,0.18177866574376822,50,0
345,10,0.0688813254237175,1,1
346,9,0.08606008067727089,2,1
347,9,0.21814409643411636,2,1
348,10,0.059649646282196045,1,1
349,10,0.04889044165611267,1,1
350,8,0.05131591856479645,3,1
351,10,0.480779230594635,1,1
352,8,0.035661500257750355,3,1
353,6,0.12542572543025016,5,1
354,10,0.09522916376590729,1,1
355,8,0.09438369609415531,3,1
356,5,0.0690142825866739,6,1
357,9,0.1702478937804699,2,1
358,10,0.030668804422020912,1,1
359,8,0.08042354260881741,3,1
360,-50,0.17279879312962293,50,0
361,8,0.07639748354752858,3,1
362,10,0.17402544617652893,1,1
363,7,0.2018703632056713,4,1
364,9,0.038130464032292366,2,1
365,9,0.33776476234197617,2,1
366,10,0.5420116782188416,1,1
367,1,0.16530436351895333,10,1
368,4,0.13212574619267667,7,1
369,7,0.22537433169782162,4,1
370,9,0.08132320642471313,2,1
371,10,0.5833466053009033,1,1
372,10,0.5049116015434265,1,1
373,10,0.4444555342197418,1,1
374,10,0.03529831022024155,1,1
375,9,0.08242406696081161,2,1
376,8,0.044342891623576484,3,1
377,-22,0.17293379540470513,33,1
378,7,0.06300680991262197,4,1
379,10,0.025954216718673706,1,1
380,10,0.039426952600479126,1,1
381,8,0.05877360701560974,3,1
382,7,0.046930482145398855,4,1
383,7,0.03731005918234587,4,1
384,8,0.23022846008340517,3,1
385,8,0.12286030501127243,3,1
386,10,0.02086355723440647,1,1
387,7,0.15044107660651207,4,1
388,9,0.24278618767857552,2,1
389,10,0.48321110010147095,1,1
390,8,0.16757241481294236,3,1
391,8,0.0964655267695586,3,1
392,5,0.1511405147612095,6,1
393,8,0.16877799481153488,3,1
394,8,0.04674444844325384,3,1
395,8,0.1302898811797301,3,1
396,-35,0.10929569905704778,46,1
397,10,0.03884444013237953,1,1
398,9,0.03550526686012745,2,1
399,7,0.2956531476229429,4,1
400,10,0.04371996596455574,1,1
401,10,0.02425273507833481,1,1
402,7,0.1921260617673397,4,1
403,6,0.06790013685822487,5,1
404,7,0.06028889352455735,4,1
405,5,0.12275794955591361,6,1
406,-49,0.08409836576320232,40,0
407,9,0.16434155404567719,2,1
408,8,0.06339220081766446,3,1
409,8,0.03096494326988856,3,1
410,5,0.2902035104731719,6,1
411,8,0.45011526346206665,3,1
412,7,0.11141384579241276,4,1
413,10,0.020564958453178406,1,1
414,-10,0.016307812184095383,1,0
415,10,0.03241733834147453,1,1
416,8,0.06385700777173042,3,1
417,10,0.5309073328971863,1,1
418,9,0.08043011650443077,2,1
419,-10,0.5173783898353577,1,0
420,9,0.04573092609643936,2,1
421,6,0.1032224528491497,5,1
422,9,0.016551438719034195,2,1
423,9,0.14689020067453384,2,1
424,9,0.28517819941043854,2,1
425,9,0.029043827205896378,2,1
426,10,0.018704688176512718,1,1
427,10,0.012205913662910461,1,1
428,8,0.3050992513696353,3,1
429,-50,0.19879737485200166,50,0
430,7,0.0810746606439352,4,1
431,9,0.2793447319418192,2,1
432,9,0.1770041547715664,2,1
433,8,0.16708933375775814,3,1
434,7,0.07842120714485645,4,1
435,7,0.23032689839601517,4,1
436,10,0.14004471898078918,1,1
437,-11,0.11716121807694435,2,0
438,8,0.075509129712979,3,1
439,9,0.09386525675654411,2,1
440,10,0.03556383401155472,1,1
441,7,0.0814092168584466,4,1
442,7,0.17719757556915283,4,1
443,6,0.06861317977309227,5,1
444,9,0.14984992891550064,2,1
445,10,0.10261926054954529,1,1
446,7,0.16066739335656166,4,1
447,9,0.1385622825473547,2,1
448,10,0.07418417930603027,1,1
449,6,0.07925985753536224,5,1
450,9,0.2615409092977643,2,1
451,10,0.05364687740802765,1,1
452,6,0.0604010708630085,5,1
453,6,0.09871559888124466,5,1
454,10,0.07024446129798889,1,1
455,7,0.10507147945463657,4,1
456,6,0.16360196098685265,5,1
457,5,0.13140699888269106,6,1
458,8,0.20982922613620758,3,1
459,-10,0.0958191454410553,1,0
460,9,0.10663717985153198,2,1
461,9,0.05704922415316105,2,1
462,7,0.0994363958016038,4,1
463,10,0.10274715721607208,1,1
464,4,0.0499904706541981,7,1
465,7,0.13622400630265474,4,1
466,8,0.08271911491950353,3,1
467,7,0.21491287648677826,4,1
468,7,0.07720543723553419,4,1
469,9,0.049026843160390854,2,1
470,8,0.19148192058006921,3,1
471,8,0.10941470662752788,3,1
472,-10,0.09495319426059723,1,0
473,10,0.15793603658676147,1,1
474,10,0.07643510401248932,1,1
475,-50,0.13453378643840552,50,0
476,8,0.21836872150500616,3,1
477,5,0.11468387208878994,6,1
478,10,0.07019060850143433,1,1
479,8,0.05852385237812996,3,1
480,10,0.07444211095571518,1,1
481,-8,0.16741282169364,19,1
482,8,0.4091269796093305,3,1
483,10,0.43490076065063477,1,1
484,10,0.12703490257263184,1,1
485,9,0.30013372749090195,2,1
486,8,0.07043507198492686,3,1
487,-12,0.11293290166751198,23,1
488,8,0.11430824051300685,3,1
489,8,0.11147346099217732,3,1
490,6,0.13872890397906304,5,1
491,8,0.22989880045255026,3,1
492,7,0.13465810706838965,4,1
493,7,0.10021624062210321,4,1
494,10,0.05087457224726677,1,1
495,10,0.0522824302315712,1,1
496,8,0.0688787375887235,3,1
497,10,0.13138382136821747,1,1
498,7,0.16528397891670465,4,1
499,8,0.2953540061910947,3,1
500,10,0.14171844720840454,1,1
501,9,0.11043823137879372,2,1
502,8,0.24103314677874246,3,1
503,8,0.05126279592514038,3,1
504,5,0.1681484216824174,6,1
505,9,0.05416680499911308,2,1
506,10,0.04925360158085823,1,1
507,8,0.0897811030348142,3,1
508,9,0.36885781586170197,2,1
509,7,0.049738441593945026,4,1
510,9,0.20510869473218918,2,1
511,9,0.049896963872015476,2,1
512,9,0.08688109740614891,2,1
513,-50,0.15005635384470226,50,0
514,9,0.09991385415196419,2,1
515,8,0.2419263223807017,3,1
516,7,0.1521135661751032,4,1
517,8,0.08845764398574829,3,1
518,9,0.05380602180957794,2,1
519,8,0.20774202545483908,3,1
520,9,0.09798720479011536,2,1
521,-50,0.09673868233292568,41,0
522,9,0.07803677394986153,2,1
523,9,0.07718159444630146,2,1
524,6,0.16010841354727745,5,1
525,-50,0.1381592869013548,50,0
526,9,0.03428962640464306,2,1
527,10,0.601753294467926,1,1
528,10,0.02904592640697956,1,1
529,7,0.0710673495195806,4,1
530,10,0.07733388245105743,1,1
531,10,0.02591462805867195,1,1
532,4,0.05047108738550118,7,1
533,3,0.12016253359615803,8,1
534,7,0.029553246684372425,4,1
535,-2,0.13949752484376615,13,1
536,9,0.03795505873858929,2,1
537,6,0.07246105521917343,5,1
538,10,0.035193778574466705,1,1
539,9,0.068916080519557,2,1
540,10,0.24567070603370667,1,1
541,8,0.08094616482655208,3,1
542,-11,0.08256215720691464,22,1
543,-50,0.11217358224093914,50,0
544,9,0.03009326010942459,2,1
545,8,0.04115181043744087,3,1
546,8,0.12598239382108053,3,1
547,-9,0.11665167193859816,20,1
548,8,0.10597052921851476,3,1
549,9,0.06482291594147682,2,1
550,9,0.02852222602814436,2,1
551,8,0.07631628463665645,3,1
552,9,0.08640724048018456,2,1
553,9,0.057721443474292755,2,1
554,7,0.04922661930322647,4,1
555,10,0.0240158773958683,1,1
556,10,0.06272583454847336,1,1
557,8,0.05372201340893904,3,1
558,10,0.0730920359492302,1,1
559,8,0.030153388778368633,3,1
560,9,0.06150563806295395,2,1
561,8,0.07933665812015533,3,1
562,7,0.11049829423427582,4,1
563,10,0.08423946052789688,1,1
564,7,0.08760725520551205,4,1
565,9,0.09554569236934185,2,1
566,9,0.2683907300233841,2,1
567,10,0.03318460285663605,1,1
568,7,0.044084157794713974,4,1
569,10,0.027392569929361343,1,1
570,9,0.07677000621333718,2,1
571,9,0.09075516276061535,2,1
572,6,0.15856548994779587,5,1
573,10,0.03628191724419594,1,1
574,8,0.04752242937684059,3,1
575,8,0.04268660396337509,3,1
576,-12,0.07560976160069306,3,0
577,10,0.32565197348594666,1,1
578,8,0.08059900533407927,3,1
579,-1,0.06469887588173151,12,1
580,9,0.04102177545428276,2,1
581,10,0.014972863718867302,1,1
582,7,0.061307477299124,4,1
583,8,0.06131534713009993,3,1
584,9,0.159252118319273,2,1
585,9,0.18719162046909332,2,1
586,4,0.13640965494726384,7,1
587,7,0.06388642266392708,4,1
588,9,0.24975717440247536,2,1
589,9,0.23828202672302723,2,1
590,10,0.027048857882618904,1,1
591,7,0.29106461722403765,4,1
592,6,0.04291224852204323,5,1
593,9,0.07736923731863499,2,1
594,8,0.12769457201162973,3,1
595,8,0.030432763199011486,3,1
596,9,0.29819104447960854,2,1
597,9,0.019276331178843975,2,1
598,-2,0.12929672432633546,13,1
599,7,0.14427105942741036,4,1
600,8,0.04601589341958364,3,1
601,8,0.03868657350540161,3,1
602,9,0.06907520070672035,2,1
603,9,0.01935403887182474,2,1
604,5,0.02132938802242279,6,1
605,1,0.055485117621719836,10,1
606,8,0.026355383296807606,3,1
607,-50,0.10060555558651686,50,0
608,8,0.03980199433863163,3,1
609,10,0.07238243520259857,1,1
610,9,0.030218628235161304,2,1
611,8,0.08909988527496655,3,1
612,8,0.09145097310344379,3,1
613,10,0.05415695905685425,1,1
614,8,0.03878694151838621,3,1
615,8,0.03415116357306639,3,1
616,9,0.10634757205843925,2,1
617,10,0.268905907869339,1,1
618,10,0.19395983219146729,1,1
619,9,0.08852553553879261,2,1
620,10,0.04874104633927345,1,1
621,9,0.015773729421198368,2,1
622,6,0.09642356783151626,5,1
623,6,0.04945508576929569,5,1
624,7,0.040117468452081084,4,1
625,6,0.21044238284230232,5,1
626,10,0.5390519499778748,1,1
627,7,0.1618545213714242,4,1
628,9,0.027244746685028076,2,1
629,7,0.05555274151265621,4,1
630,8,0.040501710027456284,3,1
631,7,0.0265945834107697,4,1
632,9,0.18693863600492477,2,1
633,8,0.1752829197794199,3,1
634,9,0.34336280822753906,2,1
635,10,0.01416301541030407,1,1
636,10,0.02016342431306839,1,1
637,9,0.07507152482867241,2,1
638,9,0.07453693449497223,2,1
639,7,0.06610951712355018,4,1
640,8,0.040355256448189415,3,1
641,8,0.07207493421932061,3,1
642,7,0.20779802836477757,4,1
643,10,0.0773671418428421,1,1
644,8,0.03550822784503301,3,1
645,7,0.02657121396623552,4,1
646,7,0.026036677416414022,4,1
647,10,0.012027166783809662,1,1
648,-20,0.05401675967920211,31,1
649,9,0.10212263092398643,2,1
650,-57,0.07056619248275335,48,0
651,7,0.0765849044546485,4,1
652,9,0.036718470975756645,2,1
653,6,0.05602050982415676,5,1
654,7,0.034727293299511075,4,1
655,10,0.0375848151743412,1,1
656,9,0.23218664526939392,2,1
657,8,0.04673593118786812,3,1
658,9,0.0544563801959157,2,1
659,10,0.14344649016857147,1,1
660,-50,0.07831082098186017,50,0
661,8,0.035227090741197266,3,1
662,7,0.037801735335960984,4,1
663,9,0.032535577192902565,2,1
664,8,0.031191530947883923,3,1
665,9,0.036891158670186996,2,1
666,-50,0.06445769490674139,50,0
667,9,0.03252364881336689,2,1
668,-50,0.07106773601844907,50,0
669,9,0.03064611367881298,2,1
670,10,0.08013764023780823,1,1
671,9,0.0859324624761939,2,1
672,9,0.11779629439115524,2,1
673,10,0.04243720695376396,1,1
674,9,0.051954926922917366,2,1
675,10,0.02104908972978592,1,1
676,7,0.03069182764738798,4,1
677,7,0.06970653124153614,4,1
678,7,0.14190826006233692,4,1
679,6,0.07699204981327057,5,1
680,9,0.056835029274225235,2,1
681,7,0.04645503032952547,4,1
682,8,0.09589585413535436,3,1
683,9,0.06088307872414589,2,1
684,9,0.13019967824220657,2,1
685,7,0.03357175621204078,4,1
686,8,0.1870242034395536,3,1
687,5,0.13710846891626716,6,1
688,10,0.016951046884059906,1,1
689,9,0.02582514751702547,2,1
690,9,0.017951984889805317,2,1
691,-22,0.10915509046930255,33,1
692,5,0.08766673319041729,6,1
693,9,0.19393134862184525,2,1
694,8,0.047509667774041496,3,1
695,8,0.08983644470572472,3,1
696,8,0.038891454537709556,3,1
697,-16,0.050565337451795735,27,1
698,9,0.03017032891511917,2,1
699,10,0.13097378611564636,1,1
700,6,0.027041247114539146,5,1
701,6,0.055213667824864386,5,1
702,8,0.043796331932147346,3,1
703,-50,0.07008951801806688,50,0
704,8,0.03859887210031351,3,1
705,-16,0.048442059462623935,7,0
706,9,0.05917235650122166,2,1
707,8,0.059776228542129196,3,1
708,8,0.04612401872873306,3,1
709,8,0.02367888002966841,3,1
710,10,0.009192872792482376,1,1
711,-52,0.0692274879967404,43,0
712,-11,0.034336719661951065,2,0
713,6,0.02990700602531433,5,1
714,10,0.0687975287437439,1,1
715,9,0.056872330605983734,2,1
716,8,0.03743769663075606,3,1
717,6,0.08727024868130684,5,1
718,9,0.029613280668854713,2,1
719,6,0.13288647308945656,5,1
720,8,0.09763944149017334,3,1
721,8,0.05718511280914148,3,1
722,8,0.05132810523112615,3,1
723,6,0.06288112699985504,5,1
724,9,0.04020228795707226,2,1
725,9,0.0631520263850689,2,1
726,10,0.09067867696285248,1,1
727,-12,0.030330586868027847,3,0
728,-13,0.03192570758983493,4,0
729,9,0.2199404053390026,2,1
730,9,0.4198732525110245,2,1
731,6,0.054188888892531394,5,1
732,8,0.17893662303686142,3,1
733,8,0.164308562874794,3,1
734,10,0.03728558123111725,1,1
735,9,0.30750784650444984,2,1
736,8,0.07511562357346217,3,1
737,8,0.0556690643231074,3,1
738,10,0.05316934734582901,1,1
739,10,0.05004490911960602,1,1
740,10,0.02284001000225544,1,1
741,7,0.1497620027512312,4,1
742,9,0.16477708518505096,2,1
743,8,0.18224893510341644,3,1
744,10,0.036161765456199646,1,1
745,-16,0.10178216008676423,27,1
746,9,0.13153758272528648,2,1
747,9,0.0785535629838705,2,1
748,10,0.18175432085990906,1,1
749,7,0.06659741327166557,4,1
750,10,0.03508219122886658,1,1
751,6,0.03053408898413181,5,1
752,8,0.10652307483057182,3,1
753,8,0.05171211684743563,3,1
754,7,0.08682614704594016,4,1
755,-10,0.04750737547874451,1,0
756,8,0.1790551816423734,3,1
757,-14,0.1902540348470211,5,0
758,8,0.17409482101599374,3,1
759,9,0.06618448719382286,2,1
760,9,0.09007660672068596,2,1
761,8,0.04862533323466778,3,1
762,9,0.05528755486011505,2,1
763,8,0.29046641538540524,3,1
764,9,0.0791388712823391,2,1
765,8,0.0993100181221962,3,1
766,8,0.12121295928955078,3,1
767,8,0.041179692993561424,3,1
768,8,0.06332528280715148,3,1
769,8,0.026348027711113293,3,1
770,9,0.3608011472970247,2,1
771,9,0.0519088339060545,2,1
772,7,0.18996676616370678,4,1
773,9,0.08576589822769165,2,1
774,10,0.03520577773451805,1,1
775,8,0.06971969145039718,3,1
776,-16,0.12144188693276158,27,1
777,7,0.05128589225932956,4,1
778,8,0.06698881089687347,3,1
779,7,0.06536947842687368,4,1
780,6,0.0744195707142353,5,1
781,10,0.029108138754963875,1,1
782,10,0.0742698609828949,1,1
783,9,0.03779547102749348,2,1
784,-16,0.1427334531865738,27,1
785,9,0.05965226888656616,2,1
786,8,0.18742687006791434,3,1
787,7,0.04264246113598347,4,1
788,9,0.21758564561605453,2,1
789,10,0.15294143557548523,1,1
790,-5,0.11246660817414522,16,1
791,9,0.05385320074856281,2,1
792,7,0.0559379318729043,4,1
793,7,0.18419994413852692,4,1
794,8,0.09665587668617566,3,1
795,7,0.08272105734795332,4,1
796,10,0.045327700674533844,1,1
797,8,0.11509737620751063,3,1
798,10,0.057802312076091766,1,1
799,9,0.11687032133340836,2,1
800,-32,0.1418244737483885,23,0
801,10,0.020193539559841156,1,1
802,7,0.2615529764443636,4,1
803,9,0.1880875527858734,2,1
804,6,0.24316250085830687,5,1
805,8,0.18922022978464761,3,1
806,9,0.3263848163187504,2,1
807,9,0.05921204574406147,2,1
808,5,0.18866549183924994,6,1
809,8,0.08458054438233376,3,1
810,8,0.05963154509663582,3,1
811,5,0.10052652098238468,6,1
812,9,0.1126348152756691,2,1
813,6,0.07199354693293572,5,1
814,10,0.03839080408215523,1,1
815,-33,0.11326116691766815,44,1
816,8,0.04061154400308927,3,1
817,10,0.06811840087175369,1,1
818,7,0.10181662999093533,4,1
819,8,0.04670627601444721,3,1
820,9,0.02733093686401844,2,1
821,6,0.06704994179308414,5,1
822,-10,0.05796956270933151,1,0
823,9,0.09045358747243881,2,1
824,8,0.08448736369609833,3,1
825,-34,0.12573314706484476,45,1
826,7,0.10364808328449726,4,1
827,6,0.08363521248102188,5,1
828,-16,0.12692778895574588,27,1
829,10,0.4498896598815918,1,1
830,9,0.0636333804577589,2,1
831,9,0.05746344104409218,2,1
832,10,0.08631453663110733,1,1
833,10,0.4369594156742096,1,1
834,8,0.040604562809069954,3,1
835,7,0.13383025024086237,4,1
836,8,0.12154695391654968,3,1
837,8,0.07174189140399297,3,1
838,8,0.07151850685477257,3,1
839,10,0.13138969242572784,1,1
840,9,0.10585206374526024,2,1
841,8,0.053967662155628204,3,1
842,9,0.08247026056051254,2,1
843,6,0.16473819613456725,5,1
844,8,0.09624856213728587,3,1
845,8,0.09368882824977239,3,1
846,9,0.0477583222091198,2,1
847,9,0.2960074283182621,2,1
848,9,0.07079741358757019,2,1
849,-10,0.07115042209625244,1,0
850,8,0.14143941923975945,3,1
851,6,0.07758348621428013,5,1
852,8,0.06143958121538162,3,1
853,8,0.07810911287864049,3,1
854,7,0.2706073820590973,4,1
855,10,0.06334643065929413,1,1
856,9,0.25028177350759506,2,1
857,9,0.08602795377373695,2,1
858,5,0.09409330723186334,6,1
859,9,0.053800271824002266,2,1
860,8,0.07977286477883656,3,1
861,-50,0.118807821162045,50,0
862,9,0.02513749897480011,2,1
863,9,0.3022509478032589,2,1
864,-10,0.07426057755947113,1,0
865,8,0.035971889893213906,3,1
866,7,0.07179091731086373,4,1
867,7,0.10266095865517855,4,1
868,7,0.08872919529676437,4,1
869,9,0.04526914842426777,2,1
870,6,0.09261497817933559,5,1
871,9,0.18379679322242737,2,1
872,10,0.0928179919719696,1,1
873,8,0.0941491425037384,3,1
874,8,0.1135468694070975,3,1
875,9,0.13816238567233086,2,1
876,8,0.06468400359153748,3,1
877,9,0.11699474975466728,2,1
878,8,0.13043088714281717,3,1
879,-50,0.13158438075333834,50,0
880,9,0.05772582069039345,2,1
881,7,0.050553630106151104,4,1
882,6,0.06040033847093582,5,1
883,6,0.20209160819649696,5,1
884,6,0.20150962173938752,5,1
885,7,0.14464787021279335,4,1
886,-50,0.13475570879876614,50,0
887,8,0.0384704718987147,3,1
888,-50,0.11648177728056908,50,0
889,9,0.3347135856747627,2,1
890,10,0.13551385700702667,1,1
891,7,0.08132262527942657,4,1
892,8,0.2443550924460093,3,1
893,8,0.191685289144516,3,1
894,9,0.33901023492217064,2,1
895,10,0.05425984412431717,1,1
896,7,0.04276280291378498,4,1
897,8,0.08748568842808406,3,1
898,8,0.03924743210275968,3,1
899,10,0.04149419069290161,1,1
900,6,0.2171477112919092,5,1
901,7,0.0521417697891593,4,1
902,7,0.14533338695764542,4,1
903,8,0.1549108624458313,3,1
904,9,0.01888671424239874,2,1
905,10,0.023379551246762276,1,1
906,6,0.12901415526866913,5,1
907,-24,0.13246830659253256,35,1
908,-11,0.14589166184040633,22,1
909,7,0.06367126572877169,4,1
910,-15,0.06480452403999291,26,1
911,9,0.05669926851987839,2,1
912,8,0.05025075748562813,3,1
913,10,0.07351034879684448,1,1
914,7,0.1391330873593688,4,1
915,9,0.08953913953155279,2,1
916,8,0.2793079310407241,3,1
917,-50,0.09416179168969392,50,0
918,9,0.028826570603996515,2,1
919,7,0.04618877870962024,4,1
920,8,0.16523111270119747,3,1
921,8,0.015504427254199982,3,1
922,7,0.05228374619036913,4,1
923,4,0.1906681124653135,7,1
924,9,0.09460750594735146,2,1
925,8,0.07659188657999039,3,1
926,9,0.06455803103744984,2,1
927,6,0.031346161663532254,5,1
928,10,0.027394168078899384,1,1
929,7,0.03409607149660587,4,1
930,9,0.07875202037394047,2,1
931,9,0.021301325410604477,2,1
932,9,0.032092614099383354,2,1
933,9,0.024257115088403225,2,1
934,-11,0.18713347520679235,2,0
935,10,0.036041006445884705,1,1
936,10,0.05445839464664459,1,1
937,6,0.04866950213909149,5,1
938,10,0.036910030990839005,1,1
939,6,0.028930839896202088,5,1
940,10,0.04815677925944328,1,1
941,6,0.03227623775601387,5,1
942,8,0.03578785061836243,3,1
943,-35,0.08682421129196882,46,1
944,7,0.026708350982517004,4,1
945,6,0.03795649521052837,5,1
946,9,0.03534341510385275,2,1
947,9,0.035772464238107204,2,1
948,5,0.035444184516867004,6,1
949,7,0.03972219582647085,4,1
950,8,0.02253831426302592,3,1
951,9,0.2406157460063696,2,1
952,10,0.0098979277536273,1,1
953,9,0.047356994822621346,2,1
954,7,0.03238131571561098,4,1
955,8,0.04458420847853025,3,1
956,-11,0.07523787021636963,2,0
957,7,0.18490684404969215,4,1
958,5,0.05438899931808313,6,1
959,10,0.06004871428012848,1,1
960,9,0.02449760679155588,2,1
961,8,0.07785243913531303,3,1
962,7,0.1388544370420277,4,1
963,-11,0.05366925522685051,2,0
964,6,0.10712097845971584,5,1
965,10,0.08744186162948608,1,1
966,8,0.06021390606959661,3,1
967,9,0.05907408148050308,2,1
968,10,0.016790349036455154,1,1
969,9,0.06499951519072056,2,1
970,10,0.04735526815056801,1,1
971,9,0.08160817623138428,2,1
972,7,0.049254396464675665,4,1
973,8,0.054247492303450905,3,1
974,7,0.1693325052037835,4,1
975,8,0.054047657176852226,3,1
976,7,0.04115130193531513,4,1
977,7,0.08550526946783066,4,1
978,3,0.0834206857252866,8,1
979,6,0.05011952966451645,5,1
980,10,0.03259678930044174,1,1
981,8,0.04417070063451926,3,1
982,10,0.009304226376116276,1,1
983,5,0.19622506542752186,6,1
984,9,0.03171219490468502,2,1
985,9,0.048813221976161,2,1
986,9,0.046569532714784145,2,1
987,8,0.048575502509872116,3,1
988,9,0.04460056032985449,2,1
989,9,0.039127396419644356,2,1
990,9,0.043865691870450974,2,1
991,8,0.09207816421985626,3,1
992,10,0.01178126409649849,1,1
993,9,0.01778495404869318,2,1
994,9,0.06875049229711294,2,1
995,9,0.04415763169527054,2,1
996,10,0.04530402645468712,1,1
997,10,0.1773984134197235,1,1
998,9,0.03024409431964159,2,1
999,8,0.0987352654337883,3,1
1000,9,0.037601910531520844,2,1
1,7,0.04624822549521923,4,1
2,6,0.0371332086622715,5,1
3,8,0.07411711414655049,3,1
4,7,0.035835080314427614,4,1
5,7,0.03549440950155258,4,1
6,8,0.04342856506506602,3,1
7,9,0.03476373013108969,2,1
8,10,0.07044064998626709,1,1
9,9,0.2326280940324068,2,1
10,7,0.1533776419237256,4,1
11,10,0.016318872570991516,1,1
12,9,0.017851403914391994,2,1
13,9,0.03883415274322033,2,1
14,6,0.03544387072324753,5,1
15,10,0.0577806755900383,1,1
16,9,0.10005501401610672,2,1
17,10,0.022645866498351097,1,1
18,8,0.0397664966682593,3,1
19,4,0.12973441369831562,7,1
20,10,0.021654196083545685,1,1
21,8,0.037754837423563004,3,1
22,7,0.04553747130557895,4,1
23,8,0.023425591954340536,3,1
24,9,0.2522129062563181,2,1
25,8,0.04527584618578354,3,1
26,8,0.16398578571776548,3,1
27,10,0.03952635079622269,1,1
28,6,0.028990911319851875,5,1
29,9,0.021651616320014,2,1
30,7,0.21100545907393098,4,1
31,9,0.030300403013825417,2,1
32,7,0.029554061125963926,4,1
33,6,0.04060646053403616,5,1
34,10,0.16447928547859192,1,1
35,9,0.0368246678262949,2,1
36,7,0.08707689633592963,4,1
37,-8,0.13361701217332952,19,1
38,7,0.17440970055758953,4,1
39,8,0.07324962690472603,3,1
40,9,0.07498829066753387,2,1
41,9,0.2773384526371956,2,1
42,5,0.07387067501743634,6,1
43,9,0.057229962199926376,2,1
44,6,0.13314780071377755,5,1
45,6,0.08989509101957083,5,1
46,5,0.20140095613896847,6,1
47,10,0.4319996237754822,1,1
48,7,0.18715015705674887,4,1
49,-50,0.08724675852805376,50,0
50,10,0.12202264368534088,1,1
51,10,0.08770649880170822,1,1
52,10,0.08130106329917908,1,1
53,8,0.12177100653449695,3,1
54,7,0.07563570700585842,4,1
55,7,0.0909366924315691,4,1
56,9,0.08791948482394218,2,1
57,-10,0.1634276658296585,1,0
58,-4,0.10771278652052084,15,1
59,8,0.036564129094282784,3,1
60,9,0.039554535411298275,2,1
61,8,0.0966937504708767,3,1
62,9,0.2956158183515072,2,1
63,-50,0.1547461806423962,50,0
64,8,0.08440444494287173,3,1
65,9,0.04248766228556633,2,1
66,8,0.0607204536596934,3,1
67,8,0.2874646279960871,3,1
68,9,0.2534937411546707,2,1
69,6,0.20636533424258233,5,1
70,7,0.07395791355520487,4,1
71,9,0.051775820553302765,2,1
72,10,0.030800189822912216,1,1
73,-33,0.14001996616240253,44,1
74,10,0.026512999087572098,1,1
75,9,0.20873527228832245,2,1
76,-34,0.10146763587577476,45,1
77,9,0.12155579216778278,2,1
78,8,0.25766391058762866,3,1
79,10,0.54413241147995,1,1
80,8,0.055324586729208626,3,1
81,6,0.14585935920476914,5,1
82,8,0.12091002861658733,3,1
83,10,0.2414221465587616,1,1
84,10,0.4141988754272461,1,1
85,8,0.08609582111239433,3,1
86,9,0.2582261525094509,2,1
87,9,0.23455060552805662,2,1
88,7,0.053970581851899624,4,1
89,9,0.09262118395417929,2,1
90,9,0.1164110042154789,2,1
91,-50,0.16703175766984138,41,0
92,7,0.12603554502129555,4,1
93,-38,0.2082091457761672,49,1
94,9,0.03796326741576195,2,1
95,-45,0.14628266636282206,36,0
96,7,0.10682968609035015,4,1
97,7,0.30300361197441816,4,1
98,6,0.1529377143830061,5,1
99,5,0.2022578064352274,6,1
100,7,0.13433449994772673,4,1
101,5,0.13955176435410976,6,1
102,6,0.2303254347294569,5,1
103,8,0.14192935079336166,3,1
104,10,0.11350243538618088,1,1
105,6,0.09500851929187774,5,1
106,10,0.2570922076702118,1,1
107,10,0.09565586596727371,1,1
108,7,0.2391545046120882,4,1
109,-35,0.10966502405379129,46,1
110,9,0.3081456795334816,2,1
111,10,0.04581853747367859,1,1
112,6,0.09138690978288651,5,1
113,6,0.15970067754387857,5,1
114,9,0.05470594763755798,2,1
115,9,0.211607176810503,2,1
116,8,0.02794653456658125,3,1
117,10,0.05809517204761505,1,1
118,6,0.1651542603969574,5,1
119,-50,0.12148618947714568,50,0
120,9,0.04594075493514538,2,1
121,8,0.13381602615118027,3,1
122,10,0.1465577781200409,1,1
123,5,0.08912022598087788,6,1
124,10,0.04394824430346489,1,1
125,10,0.029772602021694183,1,1
126,9,0.07887089252471924,2,1
127,8,0.15211219961444536,3,1
128,7,0.14139367826282978,4,1
129,9,0.06351098790764809,2,1
130,5,0.16524620447307825,6,1
131,6,0.1162451758980751,5,1
132,8,0.09656375646591187,3,1
133,10,0.06793691217899323,1,1
134,9,0.052100129425525665,2,1
135,8,0.13330578555663428,3,1
136,-4,0.12628410793840886,15,1
137,9,0.05593236908316612,2,1
138,-15,0.10521841918428738,6,0
139,9,0.10184935107827187,2,1
140,9,0.11498365923762321,2,1
141,8,0.05936660928030809,3,1
142,9,0.06486045196652412,2,1
143,10,0.049418434500694275,1,1
144,9,0.09768247231841087,2,1
145,8,0.3211297293504079,3,1
146,7,0.07181203830987215,4,1
147,10,0.35718703269958496,1,1
148,9,0.042997390031814575,2,1
149,9,0.08865285106003284,2,1
150,8,0.0665190579990546,3,1
151,-18,0.10932996008416702,29,1
152,8,0.07721238707502683,3,1
153,7,0.1056723864749074,4,1
154,9,0.30246201902627945,2,1
155,10,0.0746462270617485,1,1
156,10,0.05281374976038933,1,1
157,9,0.11642931774258614,2,1
158,8,0.15704594055811563,3,1
159,10,0.06356729567050934,1,1
160,7,0.07783984439447522,4,1
161,7,0.07775477040559053,4,1
162,8,0.07050155227382977,3,1
163,-50,0.15630120143294335,50,0
164,8,0.22490089138348898,3,1
165,9,0.13630866631865501,2,1
166,-10,0.031239278614521027,1,0
167,9,0.053194014355540276,2,1
168,8,0.2353503629565239,3,1
169,9,0.18790723383426666,2,1
170,9,0.06903435848653316,2,1
171,7,0.08712421264499426,4,1
172,-29,0.12979231111239642,40,1
173,9,0.06517577171325684,2,1
174,-10,0.044938504695892334,1,0
175,10,0.06320612877607346,1,1
176,10,0.054018229246139526,1,1
177,7,0.069580246694386,4,1
178,8,0.05483809858560562,3,1
179,7,0.19407283002510667,4,1
180,-22,0.12003111506276058,33,1
181,9,0.08516811998561025,2,1
182,10,0.56369948387146,1,1
183,8,0.12062873442967732,3,1
184,8,0.10615696509679158,3,1
185,-11,0.2929741330444813,2,0
186,6,0.10376175343990326,5,1
187,10,0.12163842469453812,1,1
188,10,0.2116784155368805,1,1
189,10,0.10173119604587555,1,1
190,8,0.11717832088470459,3,1
191,5,0.2449709177017212,6,1
192,8,0.18430010477701822,3,1
193,-10,0.0720423012971878,1,0
194,7,0.07942966930568218,4,1
195,-13,0.0924783106893301,4,0
196,8,0.05971398080388705,3,1
197,5,0.14384968827168146,6,1
198,9,0.5052623078227043,2,1
199,10,0.11674868315458298,1,1
200,10,0.08397191017866135,1,1
201,7,0.2112256921827793,4,1
202,10,0.11099939048290253,1,1
203,8,0.12949327131112418,3,1
204,-50,0.1262468198686838,50,0
205,8,0.13650081679224968,3,1
206,10,0.0675446093082428,1,1
207,7,0.09221313800662756,4,1
208,9,0.1875482201576233,2,1
209,-11,0.1334495171904564,2,0
210,-11,0.07415059581398964,2,0
211,-50,0.17912685826420785,50,0
212,7,0.20317153818905354,4,1
213,7,0.341149665415287,4,1
214,5,0.061814697459340096,6,1
215,9,0.06584696285426617,2,1
216,8,0.048504579812288284,3,1
217,10,0.029612930491566658,1,1
218,8,0.4164247140288353,3,1
219,9,0.03833778388798237,2,1
220,7,0.03437235066667199,4,1
221,8,0.09628311544656754,3,1
222,5,0.3220223089059194,6,1
223,8,0.3468447228272756,3,1
224,6,0.2465354787185788,5,1
225,8,0.06633978709578514,3,1
226,5,0.12920577141145864,6,1
227,9,0.27192746847867966,2,1
228,10,0.05117321386933327,1,1
229,7,0.04361521918326616,4,1
230,8,0.04593696445226669,3,1
231,9,0.05710304155945778,2,1
232,10,0.05724647641181946,1,1
233,-24,0.1519902358452479,15,0
234,8,0.0676171878973643,3,1
235,7,0.25711264461278915,4,1
236,5,0.27731163054704666,6,1
237,10,0.0616019181907177,1,1
238,-50,0.1698771896213293,50,0
239,10,0.05210787430405617,1,1
240,8,0.11396374801794688,3,1
241,6,0.1536806896328926,5,1
242,10,0.05117422714829445,1,1
243,9,0.06409394182264805,2,1
244,8,0.045758746564388275,3,1
245,7,0.1265180055052042,4,1
246,5,0.20792962859074274,6,1
247,10,0.06841106712818146,1,1
248,9,0.2735521234571934,2,1
249,9,0.08307864516973495,2,1
250,6,0.05435827001929283,5,1
251,9,0.05186831019818783,2,1
252,8,0.08625836918751399,3,1
253,7,0.15764372423291206,4,1
254,7,0.05316020641475916,4,1
255,9,0.06697182357311249,2,1
256,-29,0.14450246398337185,40,1
257,7,0.4126680810004473,4,1
258,5,0.06919997899482648,6,1
259,8,0.22720599671204886,3,1
260,9,0.2826964035630226,2,1
261,8,0.19572780778010687,3,1
262,10,0.07449959218502045,1,1
263,9,0.09952205419540405,2,1
264,7,0.26008214242756367,4,1
265,4,0.16576778356518065,7,1
266,8,0.049012108395497,3,1
267,10,0.03919124975800514,1,1
268,9,0.03719425946474075,2,1
269,8,0.07205565646290779,3,1
270,10,0.042541466653347015,1,1
271,9,0.05626264587044716,2,1
272,5,0.10110562294721603,6,1
273,10,0.04834740608930588,1,1
274,-20,0.09586320282711137,31,1
275,9,0.28176623210310936,2,1
276,-11,0.14802681891755623,22,1
277,9,0.1769975647330284,2,1
278,8,0.18256699418028197,3,1
279,9,0.043352541513741016,2,1
280,8,0.048160998771588005,3,1
281,10,0.043514639139175415,1,1
282,6,0.14934154003858566,5,1
283,6,0.12024326995015144,5,1
284,-23,0.1447745081694687,34,1
285,9,0.17011056281626225,2,1
286,9,0.04802233912050724,2,1
287,-50,0.10547245252877474,50,0
288,7,0.03983088489621878,4,1
289,7,0.16825370118021965,4,1
290,8,0.04521091344455878,3,1
291,9,0.023612759076058865,2,1
292,7,0.12956077698618174,4,1
293,9,0.05664207134395838,2,1
294,8,0.038563145945469536,3,1
295,10,0.04197970777750015,1,1
296,7,0.03497198224067688,4,1
297,6,0.2449386514723301,5,1
298,10,0.22374305129051208,1,1
299,7,0.09291713871061802,4,1
300,10,0.07430723309516907,1,1
301,9,0.04511621966958046,2,1
302,8,0.1622198410332203,3,1
303,9,0.15196196734905243,2,1
304,8,0.11151288201411565,3,1
305,9,0.21647131443023682,2,1
306,8,0.21097945173581442,3,1
307,7,0.16466645244508982,4,1
308,-11,0.05589296474036845,22,1
309,8,0.06345440571506818,3,1
310,8,0.17017515872915587,3,1
311,9,0.025395480915904045,2,1
312,8,0.1570150274783373,3,1
313,7,0.12007024232298136,4,1
314,1,0.09334360351786017,10,1
315,10,0.34804800152778625,1,1
316,8,0.08764256226519744,3,1
317,9,0.040121112018823624,2,1
318,9,0.029438812285661697,2,1
319,9,0.2212924286723137,2,1
320,8,0.0534624761591355,3,1
321,9,0.12118316814303398,2,1
322,10,0.4847815930843353,1,1
323,-50,0.11721129063516855,50,0
324,9,0.04918069113045931,2,1
325,5,0.12264000500241916,6,1
326,5,0.05304023825253049,6,1
327,-17,0.10668922631469156,28,1
328,6,0.10785687938332558,5,1
329,10,0.04948105663061142,1,1
330,-10,0.018857348710298538,1,0
331,9,0.1561167985200882,2,1
332,7,0.0951664000749588,4,1
333,9,0.05044386349618435,2,1
334,7,0.10103792510926723,4,1
335,10,0.3260189890861511,1,1
336,-22,0.08745017105882819,33,1
337,6,0.07704940848052502,5,1
338,10,0.015188178978860378,1,1
339,6,0.11338470503687859,5,1
340,7,0.049545750953257084,4,1
341,9,0.11686328798532486,2,1
342,8,0.07140711694955826,3,1
343,8,0.09313018744190533,3,1
344,8,0.1086962620417277,3,1
345,6,0.059888955950737,5,1
346,10,0.027393599972128868,1,1
347,9,0.025828002020716667,2,1
348,10,0.0363466702401638,1,1
349,7,0.04947639722377062,4,1
350,10,0.014706609770655632,1,1
351,7,0.05564507143571973,4,1
352,8,0.1776357280711333,3,1
353,8,0.04288878788550695,3,1
354,10,0.02028161659836769,1,1
355,7,0.02724465448409319,4,1
356,9,0.048831562511622906,2,1
357,9,0.3714442104101181,2,1
358,8,0.038881877437233925,3,1
359,4,0.13171154313853808,7,1
360,7,0.03781526628881693,4,1
361,-11,0.07278928313065659,22,1
362,8,0.04014291241765022,3,1
363,6,0.046223632991313934,5,1
364,9,0.22563479468226433,2,1
365,6,0.06450153421610594,5,1
366,8,0.03964833697925011,3,1
367,9,0.4185705566778779,2,1
368,8,0.12013895623385906,3,1
369,6,0.04767687693238258,5,1
370,8,0.05973160577317079,3,1
371,10,0.025259491056203842,1,1
372,9,0.28664688020944595,2,1
373,6,0.03122648224234581,5,1
374,9,0.04957518354058266,2,1
375,10,0.018923945724964142,1,1
376,9,0.021788594778627157,2,1
377,-11,0.09948126230896874,22,1
378,8,0.1336269307260712,3,1
379,10,0.055027399212121964,1,1
380,7,0.2286998201161623,4,1
381,6,0.1674173977226019,5,1
382,9,0.05387383885681629,2,1
383,8,0.2820484737555186,3,1
384,7,0.18724639248102903,4,1
385,8,0.03427617438137531,3,1
386,9,0.03895930387079716,2,1
387,8,0.01808476137618224,3,1
388,9,0.06932507641613483,2,1
389,9,0.022955838590860367,2,1
390,6,0.08908092230558395,5,1
391,8,0.03763103857636452,3,1
392,10,0.25820210576057434,1,1
393,7,0.29907492082566023,4,1
394,7,0.08002047426998615,4,1
395,7,0.07156853470951319,4,1
396,8,0.06892017647624016,3,1
397,-13,0.09556229990751793,24,1
398,8,0.029100559651851654,3,1
399,-35,0.10255411299674408,46,1
400,8,0.04898513356844584,3,1
401,8,0.0493395080169042,3,1
402,6,0.11234530881047249,5,1
403,8,0.15710603694121042,3,1
404,9,0.22745204716920853,2,1
405,9,0.20406083390116692,2,1
406,9,0.049250559881329536,2,1
407,8,0.06097786066432794,3,1
408,8,0.07230899607141812,3,1
409,10,0.04119104892015457,1,1
410,9,0.05627185106277466,2,1
411,9,0.07451453059911728,2,1
412,-13,0.08951128390617669,24,1
413,10,0.038005441427230835,1,1
414,7,0.04504744987934828,4,1
415,8,0.10991795516262452,3,1
416,-6,0.12516623976476052,17,1
417,7,0.2881393600255251,4,1
418,8,0.07707687839865685,3,1
419,8,0.13950404028097788,3,1
420,8,0.04959548513094584,3,1
421,8,0.10740800015628338,3,1
422,-10,0.09801802039146423,1,0
423,6,0.04715164080262184,5,1
424,9,0.07223748043179512,2,1
425,8,0.04257747158408165,3,1
426,2,0.04572637358473407,9,1
427,8,0.05587486426035563,3,1
428,9,0.09956358186900616,2,1
429,10,0.04231448099017143,1,1
430,7,0.1274003335274756,4,1
431,8,0.07230959460139275,3,1
432,7,0.0798200722783804,4,1
433,10,0.0385226272046566,1,1
434,7,0.17430671863257885,4,1
435,10,0.09415563941001892,1,1
436,8,0.0372600257396698,3,1
437,9,0.15625707060098648,2,1
438,9,0.04458983801305294,2,1
439,9,0.024789361283183098,2,1
440,8,0.2689005757371585,3,1
441,9,0.026950228959321976,2,1
442,7,0.07916540093719959,4,1
443,9,0.0388860609382391,2,1
444,9,0.036540137603878975,2,1
445,8,0.056996144354343414,3,1
446,6,0.0652513325214386,5,1
447,9,0.033609310165047646,2,1
448,9,0.0660130474716425,2,1
449,9,0.13526911661028862,2,1
450,7,0.04624447412788868,4,1
451,-2,0.1311736861960246,13,1
452,9,0.11484500765800476,2,1
453,-50,0.10047699324786663,50,0
454,9,0.1097052376717329,2,1
455,8,0.040377856542666755,3,1
456,10,0.03201931342482567,1,1
457,-50,0.09487143896520138,50,0
458,6,0.16109562069177627,5,1
459,7,0.03350340994074941,4,1
460,9,0.13472804240882397,2,1
461,9,0.08870343491435051,2,1
462,5,0.09462101974834998,6,1
463,7,0.058421704452484846,4,1
464,7,0.16848415322601795,4,1
465,8,0.08939797679583232,3,1
466,8,0.05480083450675011,3,1
467,7,0.08562737330794334,4,1
468,9,0.07429447025060654,2,1
469,9,0.3223311398178339,2,1
470,10,0.08927201479673386,1,1
471,7,0.16868925374001265,4,1
472,10,0.017437126487493515,1,1
473,3,0.061426581582054496,8,1
474,9,0.2513419622555375,2,1
475,8,0.10958744833866756,3,1
476,9,0.03911748994141817,2,1
477,-10,0.08493578433990479,1,0
478,9,0.07106834463775158,2,1
479,9,0.03148401901125908,2,1
480,8,0.046585626900196075,3,1
481,10,0.3217589557170868,1,1
482,7,0.15018980158492923,4,1
483,7,0.05906105041503906,4,1
484,9,0.25840330496430397,2,1
485,9,0.07651308551430702,2,1
486,10,0.01265645306557417,1,1
487,-11,0.09703423946418545,22,1
488,9,0.021119603421539068,2,1
489,-10,0.026486529037356377,1,0
490,7,0.050900066271424294,4,1
491,8,0.08085391360024612,3,1
492,10,0.018492523580789566,1,1
493,9,0.06802902743220329,2,1
494,8,0.0968670944372813,3,1
495,8,0.06654686356584232,3,1
496,-30,0.09463398815019101,41,1
497,-9,0.11738601829856635,20,1
498,9,0.08099474012851715,2,1
499,9,0.04286982864141464,2,1
500,5,0.06848692987114191,6,1
501,8,0.23794143771131834,3,1
502,10,0.047526564449071884,1,1
503,7,0.05013706046156585,4,1
504,-11,0.06724933712658557,22,1
505,-6,0.07748008376973517,17,1
506,8,0.18007863437136015,3,1
507,10,0.10557146370410919,1,1
508,10,0.05119617283344269,1,1
509,10,0.047427207231521606,1,1
510,9,0.06434189900755882,2,1
511,9,0.1394399181008339,2,1
512,6,0.04772941991686821,5,1
513,8,0.07740452202657859,3,1
514,8,0.10956160475810368,3,1
515,-17,0.09045835298353008,28,1
516,8,0.15673228974143663,3,1
517,10,0.02089095488190651,1,1
518,-13,0.17380262073129416,4,0
519,7,0.09104057122021914,4,1
520,9,0.10934903752058744,2,1
521,6,0.08094999082386493,5,1
522,9,0.12701967172324657,2,1
523,9,0.04072561860084534,2,1
524,9,0.32278411090373993,2,1
525,10,0.027214614674448967,1,1
526,10,0.06240522488951683,1,1
527,7,0.08560993894934654,4,1
528,-7,0.13756927247676584,18,1
529,9,0.05723314359784126,2,1
530,8,0.21311661476890245,3,1
531,10,0.10523822903633118,1,1
532,6,0.08348295539617538,5,1
533,8,0.10968276113271713,3,1
534,7,0.04664166225120425,4,1
535,9,0.04240468982607126,2,1
536,10,0.06416748464107513,1,1
537,8,0.0428636067857345,3,1
538,9,0.04275900777429342,2,1
539,8,0.07275914649168651,3,1
540,7,0.049700348637998104,4,1
541,3,0.08479041093960404,8,1
542,10,0.03722776845097542,1,1
543,6,0.07219344843178988,5,1
544,7,0.19197039771825075,4,1
545,9,0.11016369238495827,2,1
546,6,0.06040239855647087,5,1
547,-13,0.20940064825117588,4,0
548,8,0.1563495739052693,3,1
549,8,0.08020461599032085,3,1
550,7,0.0626844554208219,4,1
551,7,0.054779787082225084,4,1
552,3,0.14192547975108027,8,1
553,8,0.12728307147820792,3,1
554,10,0.43593209981918335,1,1
555,-19,0.15395384362588327,30,1
556,10,0.27811527252197266,1,1
557,9,0.04173518903553486,2,1
558,6,0.05716536343097687,5,1
559,9,0.09263226017355919,2,1
560,6,0.13780084773898124,5,1
561,9,0.08274661004543304,2,1
562,6,0.39425445199012754,5,1
563,8,0.06516430030266444,3,1
564,6,0.15204348415136337,5,1
565,9,0.03815779089927673,2,1
566,10,0.13249611854553223,1,1
567,10,0.3940504193305969,1,1
568,10,0.05802833288908005,1,1
569,8,0.16798501337567964,3,1
570,6,0.11186257377266884,5,1
571,9,0.07440483011305332,2,1
572,8,0.055570900440216064,3,1
573,8,0.08297293136517207,3,1
574,9,0.06946969032287598,2,1
575,9,0.10696465522050858,2,1
576,10,0.025965293869376183,1,1
577,9,0.09353382512927055,2,1
578,8,0.22463508447011313,3,1
579,9,0.13411197811365128,2,1
580,8,0.08718892559409142,3,1
581,9,0.07082426454871893,2,1
582,8,0.04958905279636383,3,1
583,6,0.09345738887786866,5,1
584,9,0.2929406613111496,2,1
585,6,0.060758445784449576,5,1
586,8,0.057777865479389824,3,1
587,7,0.04151535127311945,4,1
588,10,0.03242160379886627,1,1
589,8,0.07901785646875699,3,1
590,7,0.09744696691632271,4,1
591,7,0.05981421563774347,4,1
592,6,0.26883966103196144,5,1
593,8,0.03378486695388953,3,1
594,9,0.03693145327270031,2,1
595,8,0.0530532660583655,3,1
596,8,0.32570644716421765,3,1
597,7,0.09977899957448244,4,1
598,6,0.06002805605530739,5,1
599,-27,0.10659375962697798,18,0
600,9,0.0483924001455307,2,1
601,8,0.060077873369057976,3,1
602,5,0.09809140985210736,6,1
603,8,0.06035262097915014,3,1
604,7,0.2180611416697502,4,1
605,9,0.0669137742370367,2,1
606,10,0.11413007229566574,1,1
607,9,0.25085314363241196,2,1
608,9,0.05215061083436012,2,1
609,9,0.058566614985466,2,1
610,7,0.14119617640972137,4,1
611,8,0.08779940940439701,3,1
612,7,0.054679811000823975,4,1
613,-50,0.11140716873109341,50,0
614,-10,0.061062365770339966,1,0
615,-16,0.10823330372847893,27,1
616,7,0.05254024686291814,4,1
617,8,0.13468335382640362,3,1
618,-14,0.1253960485756397,25,1
619,10,0.14318710565567017,1,1
620,7,0.07928751409053802,4,1
621,-11,0.05381355062127113,2,0
622,-5,0.11906736867967993,16,1
623,8,0.07968392471472423,3,1
624,7,0.06730834487825632,4,1
625,8,0.03962669521570206,3,1
626,6,0.232474410161376,5,1
627,9,0.0791523028165102,2,1
628,10,0.03155016899108887,1,1
629,9,0.22587917745113373,2,1
630,8,0.048124250024557114,3,1
631,10,0.10068375617265701,1,1
632,10,0.06548677384853363,1,1
633,8,0.30419530471165973,3,1
634,7,0.044832292944192886,4,1
635,8,0.04494239389896393,3,1
636,9,0.03549053426831961,2,1
637,9,0.3183013126254082,2,1
638,6,0.08708054162561893,5,1
639,-30,0.12588989948172394,41,1
640,9,0.07040486484766006,2,1
641,9,0.05914577655494213,2,1
642,7,0.051300276070833206,4,1
643,8,0.0677366852760315,3,1
644,6,0.040104403346776965,5,1
645,7,0.0456943204626441,4,1
646,6,0.08649480044841766,5,1
647,6,0.051855829730629924,5,1
648,10,0.17690955102443695,1,1
649,7,0.05325536709278822,4,1
650,9,0.11762829218059778,2,1
651,7,0.03701958479359746,4,1
652,10,0.02238660305738449,1,1
653,10,0.19087347388267517,1,1
654,5,0.040238115936517715,6,1
655,9,0.04120862856507301,2,1
656,10,0.04405903071165085,1,1
657,9,0.03808904066681862,2,1
658,8,0.04546410217881203,3,1
659,10,0.025853274390101433,1,1
660,8,0.02954960676530997,3,1
661,9,0.03502806182950735,2,1
662,7,0.03678023535758257,4,1
663,5,0.10178869760905702,6,1
664,9,0.10603553801774979,2,1
665,6,0.055345432460308076,5,1
666,8,0.0334112656613191,3,1
667,9,0.03504765406250954,2,1
668,-39,0.0976605423167348,50,1
669,10,0.12740305066108704,1,1
670,9,0.08401449397206306,2,1
671,8,0.07914136598507564,3,1
672,9,0.06584661081433296,2,1
673,-10,0.02381516993045807,1,0
674,9,0.0692178551107645,2,1
675,8,0.09061053519447644,3,1
676,10,0.08676473796367645,1,1
677,7,0.044955989345908165,4,1
678,9,0.06388738378882408,2,1
679,7,0.030592114198952913,4,1
680,10,0.08886170387268066,1,1
681,8,0.04379414642850558,3,1
682,8,0.028630537601808708,3,1
683,7,0.03214547736570239,4,1
684,10,0.14065831899642944,1,1
685,9,0.028096829541027546,2,1
686,8,0.04807529101769129,3,1
687,-10,0.020592141896486282,1,0
688,8,0.11842905326435964,3,1
689,10,0.05795309320092201,1,1
690,6,0.07237938605248928,5,1
691,8,0.047386959195137024,3,1
692,8,0.04170934669673443,3,1
693,7,0.12475090380758047,4,1
694,-50,0.07026459779590369,50,0
695,8,0.07441043853759766,3,1
696,10,0.1299915462732315,1,1
697,10,0.14005261659622192,1,1
698,9,0.08484508469700813,2,1
699,10,0.029956581071019173,1,1
700,9,0.2127510905265808,2,1
701,9,0.04336484149098396,2,1
702,9,0.04203511215746403,2,1
703,10,0.31624215841293335,1,1
704,9,0.04218624345958233,2,1
705,7,0.20295616891235113,4,1
706,7,0.028119497001171112,4,1
707,7,0.047978256829082966,4,1
708,-11,0.06742245703935623,2,0
709,6,0.03536130264401436,5,1
710,10,0.4306301176548004,1,1
711,9,0.1534770168364048,2,1
712,7,0.0560244875960052,4,1
713,7,0.18741110153496265,4,1
714,6,0.17367432042956352,5,1
715,9,0.01877888524904847,2,1
716,10,0.022027024999260902,1,1
717,10,0.07624024152755737,1,1
718,10,0.03878214955329895,1,1
719,10,0.008559949696063995,1,1
720,7,0.022827336098998785,4,1
721,7,0.06562025286257267,4,1
722,9,0.09641129523515701,2,1
723,7,0.16799268499016762,4,1
724,8,0.07287740583221118,3,1
725,8,0.09631474191943805,3,1
726,9,0.35638001561164856,2,1
727,9,0.2348206890746951,2,1
728,7,0.09830155549570918,4,1
729,9,0.04072590731084347,2,1
730,9,0.05980445444583893,2,1
731,4,0.1146421477730785,7,1
732,-11,0.02685877773910761,2,0
733,8,0.04295774425069491,3,1
734,10,0.02507665753364563,1,1
735,8,0.05996860687931379,3,1
736,9,0.05850735120475292,2,1
737,6,0.15489172488451003,5,1
738,6,0.13230508267879487,5,1
739,10,0.029080815613269806,1,1
740,10,0.054458972066640854,1,1
741,10,0.4461459517478943,1,1
742,-10,0.024134177714586258,1,0
743,-37,0.11943079431408218,28,0
744,7,0.03907721396535635,4,1
745,-5,0.11021161102689803,16,1
746,9,0.06555469706654549,2,1
747,7,0.11014557094313204,4,1
748,7,0.10491265263408422,4,1
749,10,0.057678449898958206,1,1
750,8,0.0782769825309515,3,1
751,5,0.1452847303201755,6,1
752,10,0.05261930823326111,1,1
753,9,0.03840039484202862,2,1
754,8,0.20109161362051964,3,1
755,-6,0.06916050684145268,17,1
756,9,0.04412025958299637,2,1
757,7,0.1196561511605978,4,1
758,10,0.04359602928161621,1,1
759,10,0.3843461871147156,1,1
760,8,0.060400821889440216,3,1
761,5,0.09309265141685803,6,1
762,6,0.06939326450228692,5,1
763,7,0.09256298374384642,4,1
764,9,0.09189236536622047,2,1
765,10,0.009714601561427116,1,1
766,5,0.10631609987467527,6,1
767,8,0.026299120237429936,3,1
768,-50,0.0847991144657135,50,0
769,-19,0.08742160787805915,30,1
770,7,0.035721085499972105,4,1
771,7,0.01862286520190537,4,1
772,9,0.37580939941108227,2,1
773,9,0.0809972919523716,2,1
774,10,0.02238878607749939,1,1
775,-10,0.016359392553567886,1,0
776,8,0.1479201406861345,3,1
777,-11,0.11239468399435282,2,0
778,8,0.24539670223991075,3,1
779,9,0.01754077337682247,2,1
780,10,0.016055796295404434,1,1
781,10,0.10123465955257416,1,1
782,9,0.01953740231692791,2,1
783,7,0.06818491499871016,4,1
784,7,0.09192832186818123,4,1
785,9,0.06432230770587921,2,1
786,7,0.039421673864126205,4,1
787,5,0.1498605910067757,6,1
788,8,0.04407813586294651,3,1
789,-50,0.0885701117105782,50,0
790,6,0.082099399715662,5,1
791,8,0.033533455803990364,3,1
792,10,0.012253410182893276,1,1
793,9,0.1255151331424713,2,1
794,9,0.025998393073678017,2,1
795,10,0.02288312278687954,1,1
796,10,0.023632710799574852,1,1
797,-14,0.07715304858982563,25,1
798,9,0.1503065973520279,2,1
799,9,0.23388417810201645,2,1
800,7,0.11161915026605129,4,1
801,-11,0.06030619516968727,2,0
802,6,0.04878441747277975,5,1
803,9,0.03840755205601454,2,1
804,6,0.034531320258975026,5,1
805,10,0.15318119525909424,1,1
806,8,0.030464975784222286,3,1
807,9,0.06648460403084755,2,1
808,9,0.04235862009227276,2,1
809,8,0.032412235935529075,3,1
810,5,0.03709792376806339,6,1
811,10,0.01913198083639145,1,1
812,8,0.07283546030521393,3,1
813,7,0.10725420620292425,4,1
814,7,0.04570680670440197,4,1
815,7,0.061162189580500126,4,1
816,7,0.05064403545111418,4,1
817,7,0.02734751859679818,4,1
818,-10,0.01851651817560196,1,0
819,9,0.3146584704518318,2,1
820,9,0.05963231809437275,2,1
821,9,0.0762800257652998,2,1
822,7,0.036574433790519834,4,1
823,10,0.34422725439071655,1,1
824,-11,0.08942965790629387,2,0
825,4,0.12229399622551032,7,1
826,8,0.025242007647951443,3,1
827,6,0.1375572182238102,5,1
828,9,0.056402746587991714,2,1
829,7,0.03595426864922047,4,1
830,7,0.25216007977724075,4,1
831,7,0.16074909176677465,4,1
832,7,0.17033066973090172,4,1
833,7,0.1432640589773655,4,1
834,9,0.07597260177135468,2,1
835,9,0.3563661500811577,2,1
836,6,0.05862343907356262,5,1
837,9,0.21125296130776405,2,1
838,9,0.04346141591668129,2,1
839,7,0.160088476492092,4,1
840,8,0.0354556106030941,3,1
841,9,0.26204148307442665,2,1
842,-50,0.09939366327598691,50,0
843,8,0.059247683733701706,3,1
844,10,0.013436462730169296,1,1
845,9,0.04071857687085867,2,1
846,9,0.2764259334653616,2,1
847,10,0.06924626231193542,1,1
848,9,0.019481315277516842,2,1
849,-50,0.14393554842099548,50,0
850,7,0.07641097716987133,4,1
851,7,0.07691086456179619,4,1
852,7,0.08854572102427483,4,1
853,8,0.06175121789177259,3,1
854,-50,0.16635603439062835,50,0
855,8,0.047243031983574234,3,1
856,10,0.027229290455579758,1,1
857,8,0.20220807070533434,3,1
858,9,0.06968794018030167,2,1
859,8,0.20875461399555206,3,1
860,10,0.06091742590069771,1,1
861,9,0.09721160866320133,2,1
862,9,0.3001803606748581,2,1
863,7,0.2670242637395859,4,1
864,10,0.05311831086874008,1,1
865,-12,0.14458782428308672,23,1
866,1,0.07858901545405388,10,1
867,9,0.048524608835577965,2,1
868,5,0.08224018725256126,6,1
869,7,0.15989996353164315,4,1
870,-50,0.08565065054222941,50,0
871,10,0.17364676296710968,1,1
872,-50,0.15423114851117134,50,0
873,8,0.06075178769727548,3,1
874,6,0.06295457892119885,5,1
875,9,0.13165415078401566,2,1
876,8,0.07897548750042915,3,1
877,8,0.08741587400436401,3,1
878,8,0.16961504891514778,3,1
879,-50,0.13061407927423715,50,0
880,10,0.7444900274276733,1,1
881,7,0.3824022263288498,4,1
882,8,0.10081783185402553,3,1
883,-2,0.12019279699486035,13,1
884,-10,0.032697103917598724,1,0
885,8,0.042601387947797775,3,1
886,8,0.07010834291577339,3,1
887,-50,0.18274308543652296,50,0
888,5,0.35548183880746365,6,1
889,8,0.2673485726118088,3,1
890,6,0.12177112400531769,5,1
891,9,0.18824654817581177,2,1
892,5,0.12264296909173329,6,1
893,-10,0.042675044387578964,1,0
894,-50,0.15399840265512466,50,0
895,7,0.09930008091032505,4,1
896,6,0.11131591573357583,5,1
897,10,0.05742073431611061,1,1
898,-9,0.17190278954803945,20,1
899,9,0.2775786928832531,2,1
900,9,0.06415069289505482,2,1
901,10,0.11028784513473511,1,1
902,9,0.03455996699631214,2,1
903,10,0.037974607199430466,1,1
904,8,0.0701338176925977,3,1
905,8,0.08458180477221806,3,1
906,6,0.11511959731578827,5,1
907,7,0.15627635456621647,4,1
908,10,0.6251336336135864,1,1
909,10,0.1612645983695984,1,1
910,10,0.11690440028905869,1,1
911,7,0.09149765502661467,4,1
912,9,0.0582706518471241,2,1
913,9,0.04081336222589016,2,1
914,5,0.21783877412478128,6,1
915,8,0.038782100503643356,3,1
916,6,0.05975342318415642,5,1
917,9,0.09800581634044647,2,1
918,9,0.07637037709355354,2,1
919,8,0.4280957778294881,3,1
920,9,0.03989844396710396,2,1
921,9,0.0551762580871582,2,1
922,5,0.1532896930972735,6,1
923,8,0.2835322978595893,3,1
924,7,0.11936352215707302,4,1
925,10,0.09061475098133087,1,1
926,7,0.147581422701478,4,1
927,9,0.21186890825629234,2,1
928,-9,0.1264641427434981,20,1
929,9,0.42718298360705376,2,1
930,10,0.23288565874099731,1,1
931,8,0.1269836276769638,3,1
932,9,0.056867098435759544,2,1
933,9,0.11845837533473969,2,1
934,7,0.23242083564400673,4,1
935,9,0.08996108919382095,2,1
936,10,0.10320009291172028,1,1
937,10,0.08509327471256256,1,1
938,7,0.21001706272363663,4,1
939,7,0.33599986135959625,4,1
940,3,0.11835204483941197,8,1
941,8,0.0966124211748441,3,1
942,10,0.04565226286649704,1,1
943,7,0.12364303972572088,4,1
944,8,0.18590509394804636,3,1
945,7,0.06110203731805086,4,1
946,10,0.0679062083363533,1,1
947,7,0.45687858760356903,4,1
948,8,0.052932960291703544,3,1
949,8,0.16807242979605994,3,1
950,8,0.03239599987864494,3,1
951,5,0.22306880354881287,6,1
952,10,0.06316482275724411,1,1
953,7,0.0874093510210514,4,1
954,8,0.07779085139433543,3,1
955,7,0.0834895446896553,4,1
956,10,0.44468462467193604,1,1
957,9,0.11097923293709755,2,1
958,10,0.040000662207603455,1,1
959,6,0.2790583327412605,5,1
960,9,0.06797447614371777,2,1
961,10,0.1261756867170334,1,1
962,5,0.16281379666179419,6,1
963,9,0.19561409205198288,2,1
964,10,0.0377890020608902,1,1
965,6,0.05824781134724617,5,1
966,-50,0.17156611900776625,50,0
967,8,0.1733908715347449,3,1
968,10,0.08085794001817703,1,1
969,10,0.2071642279624939,1,1
970,8,0.14787043196459612,3,1
971,5,0.07368612351516883,6,1
972,7,0.08967550005763769,4,1
973,8,0.23243161042531332,3,1
974,7,0.27015019953250885,4,1
975,9,0.06179802492260933,2,1
976,9,0.11036776006221771,2,1
977,9,0.10400430113077164,2,1
978,9,0.18084738589823246,2,1
979,7,0.08708142302930355,4,1
980,9,0.20182058215141296,2,1
981,10,0.054321203380823135,1,1
982,9,0.07263613492250443,2,1
983,-28,0.1091155759894695,39,1
984,9,0.0638485960662365,2,1
985,9,0.1716248756274581,2,1
986,10,0.18410436809062958,1,1
987,7,0.24272706732153893,4,1
988,7,0.17837926745414734,4,1
989,9,0.07615426927804947,2,1
990,8,0.19167211341361204,3,1
991,7,0.10889097303152084,4,1
992,10,0.06464189291000366,1,1
993,9,0.09786533936858177,2,1
994,8,0.06956970940033595,3,1
995,7,0.04371419781818986,4,1
996,10,0.07222333550453186,1,1
997,9,0.052418556064367294,2,1
998,8,0.15248724507788816,3,1
999,8,0.08266223718722661,3,1
1000,-50,0.13767844654619693,50,0
1,9,0.13788842409849167,2,1
2,8,0.2490585595369339,3,1
3,9,0.09035282954573631,2,1
4,9,0.19061625748872757,2,1
5,6,0.1638822004199028,5,1
6,8,0.06833848729729652,3,1
7,5,0.060802421843012176,6,1
8,8,0.07214868813753128,3,1
9,10,0.05240033566951752,1,1
10,8,0.05995886524518331,3,1
11,10,0.31076881289482117,1,1
12,8,0.06326734771331151,3,1
13,9,0.024341843090951443,2,1
14,9,0.18893981352448463,2,1
15,10,0.03926939517259598,1,1
16,10,0.08154569566249847,1,1
17,9,0.036452511325478554,2,1
18,10,0.0674528032541275,1,1
19,7,0.043928573839366436,4,1
20,7,0.07649346999824047,4,1
21,8,0.047712727139393486,3,1
22,5,0.04431699806203445,6,1
23,7,0.05146937444806099,4,1
24,9,0.12904684990644455,2,1
25,9,0.056330615654587746,2,1
26,8,0.26582778555651504,3,1
27,10,0.08317920565605164,1,1
28,-10,0.12658221647143364,21,1
29,9,0.0994567722082138,2,1
30,6,0.1673216328024864,5,1
31,6,0.21310238167643547,5,1
32,9,0.25551359355449677,2,1
33,8,0.054079312831163406,3,1
34,9,0.12860470823943615,2,1
35,9,0.11497954279184341,2,1
36,10,0.09977786242961884,1,1
37,5,0.13690097474803528,6,1
38,6,0.0933173030614853,5,1
39,10,0.036601096391677856,1,1
40,9,0.10131392255425453,2,1
41,10,0.1528616100549698,1,1
42,8,0.04597923904657364,3,1
43,7,0.15417639445513487,4,1
44,6,0.1104768954217434,5,1
45,10,0.18069852888584137,1,1
46,9,0.08735765889286995,2,1
47,10,0.05861584097146988,1,1
48,10,0.07204452157020569,1,1
49,8,0.06952821463346481,3,1
50,9,0.07843509316444397,2,1
51,7,0.09124657139182091,4,1
52,7,0.15363964857533574,4,1
53,8,0.05298096562425295,3,1
54,8,0.1431491474310557,3,1
55,9,0.12445677444338799,2,1
56,8,0.08464642241597176,3,1
57,8,0.06439599146445592,3,1
58,8,0.05957151080171267,3,1
59,7,0.07626824267208576,4,1
60,6,0.1125627487897873,5,1
61,9,0.07220620661973953,2,1
62,-10,0.11582382023334503,1,0
63,8,0.08452073733011882,3,1
64,7,0.06950470060110092,4,1
65,7,0.04204713553190231,4,1
66,10,0.058236829936504364,1,1
67,9,0.1356542482972145,2,1
68,10,0.04074743390083313,1,1
69,9,0.11740006878972054,2,1
70,6,0.08348953500390052,5,1
71,7,0.03729293588548899,4,1
72,7,0.1701485076919198,4,1
73,9,0.04098096303641796,2,1
74,9,0.06560010835528374,2,1
75,7,0.041356394067406654,4,1
76,6,0.0496846504509449,5,1
77,8,0.07572462223470211,3,1
78,9,0.07126597315073013,2,1
79,-7,0.12284428026113245,18,1
80,8,0.06071327875057856,3,1
81,-12,0.1980664866665999,3,0
82,6,0.2287311799824238,5,1
83,9,0.0478935819119215,2,1
84,9,0.2363815438002348,2,1
85,8,0.047676226745049156,3,1
86,-50,0.08346405349671841,50,0
87,7,0.0492207882925868,4,1
88,9,0.038150906562805176,2,1
89,7,0.04675306286662817,4,1
90,7,0.08236350119113922,4,1
91,6,0.14614678546786308,5,1
92,9,0.04054646193981171,2,1
93,10,0.04442400485277176,1,1
94,10,0.05952965468168259,1,1
95,6,0.0694941185414791,5,1
96,8,0.04677184919516245,3,1
97,7,0.04386796150356531,4,1
98,9,0.05252677947282791,2,1
99,-5,0.09412858716677874,16,1
100,7,0.17242780979722738,4,1
101,9,0.055410778149962425,2,1
102,8,0.04075839618841807,3,1
103,9,0.07146411947906017,2,1
104,7,0.05253443121910095,4,1
105,6,0.2106382206082344,5,1
106,9,0.19345005229115486,2,1
107,9,0.05548323318362236,2,1
108,7,0.15426149778068066,4,1
109,7,0.3315315805375576,4,1
110,6,0.045491621270775794,5,1
111,9,0.22396409325301647,2,1
112,7,0.0826890398748219,4,1
113,10,0.05906921625137329,1,1
114,10,0.029126781970262527,1,1
115,3,0.06170058366842568,8,1
116,7,0.02180336881428957,4,1
117,9,0.10540370643138885,2,1
118,-13,0.18824607133865356,4,0
119,8,0.06455290565888087,3,1
120,7,0.07439546845853329,4,1
121,10,0.03609628602862358,1,1
122,-12,0.07459908351302147,3,0
123,9,0.058310164138674736,2,1
124,8,0.10479601596792538,3,1
125,-18,0.12188589155417064,29,1
126,9,0.07128641847521067,2,1
127,-11,0.08408408586613157,22,1
128,9,0.04178361315280199,2,1
129,9,0.039473043754696846,2,1
130,8,0.11085137476523717,3,1
131,-7,0.05766917713400391,18,1
132,10,0.02101616933941841,1,1
133,9,0.027464013546705246,2,1
134,-50,0.06856616603210569,50,0
135,8,0.21483960251013437,3,1
136,10,0.10358399152755737,1,1
137,8,0.06595376133918762,3,1
138,7,0.05094341468065977,4,1
139,7,0.04408662486821413,4,1
140,5,0.18083421482394138,6,1
141,9,0.04015468433499336,2,1
142,9,0.02614742424339056,2,1
143,10,0.05042532458901405,1,1
144,9,0.04812554642558098,2,1
145,8,0.1589934385071198,3,1
146,-32,0.07959191490311263,43,1
147,8,0.0203470050667723,3,1
148,8,0.1666089395682017,3,1
149,9,0.1829222347587347,2,1
150,9,0.03601217549294233,2,1
151,-10,0.3474089503288269,1,0
152,8,0.15773253391186395,3,1
153,-24,0.10647854741130557,35,1
154,8,0.022927813231945038,3,1
155,9,0.14385752100497484,2,1
156,-10,0.031738780438899994,1,0
157,9,0.220982750877738,2,1
158,10,0.5254347324371338,1,1
159,8,0.020168402542670567,3,1
160,9,0.03542952053248882,2,1
161,9,0.020979122258722782,2,1
162,-50,0.08303990302607417,50,0
163,10,0.01649978756904602,1,1
164,6,0.04257163107395172,5,1
165,10,0.02744312956929207,1,1
166,9,0.22938529960811138,2,1
167,5,0.05940748006105423,6,1
168,-11,0.08860233132939109,22,1
169,10,0.42450690269470215,1,1
170,7,0.04104958940297365,4,1
171,7,0.061295527033507824,4,1
172,10,0.3003237843513489,1,1
173,8,0.03028136429687341,3,1
174,7,0.05218234402127564,4,1
175,8,0.01859746966511011,3,1
176,2,0.10853695745269458,9,1
177,10,0.04588325321674347,1,1
178,9,0.12251545023173094,2,1
179,9,0.04557887464761734,2,1
180,8,0.05083324139316877,3,1
181,6,0.12669821828603745,5,1
182,8,0.04050609221061071,3,1
183,7,0.021049460861831903,4,1
184,-50,0.09115910336375237,50,0
185,6,0.08768639378249646,5,1
186,10,0.10460846871137619,1,1
187,8,0.02818490316470464,3,1
188,7,0.1073349411599338,4,1
189,8,0.060204042121768,3,1
190,8,0.2753663311402003,3,1
191,7,0.036986859515309334,4,1
192,9,0.024187664501369,2,1
193,9,0.26242607831954956,2,1
194,-20,0.11103191188416414,31,1
195,9,0.056818864308297634,2,1
196,8,0.1997980773448944,3,1
197,10,0.16750825941562653,1,1
198,1,0.06100103734061122,10,1
199,10,0.0668305978178978,1,1
200,10,0.10005020350217819,1,1
201,5,0.12813678911576667,6,1
202,-2,0.08343453819935139,13,1
203,-14,0.09677128951996565,25,1
204,-50,0.12672132544219494,50,0
205,9,0.07129795476794243,2,1
206,8,0.09273804972569148,3,1
207,10,0.06114858388900757,1,1
208,7,0.12440853752195835,4,1
209,6,0.20125667080283166,5,1
210,6,0.09175834357738495,5,1
211,10,0.09536504745483398,1,1
212,9,0.06035132333636284,2,1
213,-50,0.10342445947229863,50,0
214,8,0.13785907874504724,3,1
215,7,0.1907570082694292,4,1
216,4,0.05892284480588777,7,1
217,6,0.0858793243765831,5,1
218,7,0.0746128261089325,4,1
219,8,0.1417552704612414,3,1
220,8,0.04899787064641714,3,1
221,9,0.04361217189580202,2,1
222,9,0.12713511660695076,2,1
223,8,0.08659656283756097,3,1
224,10,0.2566468119621277,1,1
225,6,0.05448741763830185,5,1
226,7,0.07855046447366476,4,1
227,9,0.06253427639603615,2,1
228,9,0.05744480900466442,2,1
229,9,0.13462979160249233,2,1
230,9,0.06643758900463581,2,1
231,9,0.09692910313606262,2,1
232,-3,0.05693325599921601,14,1
233,8,0.10220438862840335,3,1
234,4,0.1024364669408117,7,1
235,9,0.060886639170348644,2,1
236,10,0.023375727236270905,1,1
237,5,0.05451361462473869,6,1
238,7,0.040595958940684795,4,1
239,7,0.05105770472437143,4,1
240,6,0.02588860709220171,5,1
241,4,0.040751885888831954,7,1
242,-11,0.49636295437812805,2,0
243,10,0.03063454106450081,1,1
244,10,0.05222208425402641,1,1
245,9,0.25358063727617264,2,1
246,8,0.0640772245824337,3,1
247,9,0.18534570559859276,2,1
248,10,0.058552201837301254,1,1
249,9,0.06807543337345123,2,1
250,-15,0.07803455045303473,26,1
251,10,0.05978171527385712,1,1
252,-50,0.12378513980656862,50,0
253,9,0.05108466558158398,2,1
254,9,0.03791440837085247,2,1
255,7,0.029135559918358922,4,1
256,10,0.07356567680835724,1,1
257,8,0.24349494650959969,3,1
258,7,0.1452128035016358,4,1
259,7,0.02721581282094121,4,1
260,-25,0.09805538621731102,36,1
261,9,0.2990105301141739,2,1
262,7,0.3119183452799916,4,1
263,10,0.05871814861893654,1,1
264,9,0.03735260292887688,2,1
265,10,0.048026490956544876,1,1
266,9,0.03704378008842468,2,1
267,9,0.03299498651176691,2,1
268,6,0.07072930447757245,5,1
269,5,0.045285931788384914,6,1
270,10,0.07723554968833923,1,1
271,8,0.10159071038166682,3,1
272,8,0.39510542651017505,3,1
273,10,0.05270867794752121,1,1
274,9,0.07282261550426483,2,1
275,10,0.024144455790519714,1,1
276,9,0.05075489915907383,2,1
277,10,0.08760178089141846,1,1
278,-13,0.2922741752117872,4,0
279,10,0.024111628532409668,1,1
280,1,0.11046057809144258,10,1
281,8,0.1237217163046201,3,1
282,-50,0.11326259162276983,50,0
283,10,0.0730142891407013,1,1
284,-1,0.13638225477188826,12,1
285,8,0.3061379933108886,3,1
286,9,0.23656134866178036,2,1
287,9,0.13432999700307846,2,1
288,7,0.20390404388308525,4,1
289,-35,0.11185121560550254,46,1
290,-10,0.05074751004576683,1,0
291,7,0.21875210851430893,4,1
292,-50,0.08716528333723544,50,0
293,8,0.07018547008434932,3,1
294,7,0.2039295807480812,4,1
295,7,0.2207059171050787,4,1
296,9,0.0996287614107132,2,1
297,7,0.029174200724810362,4,1
298,8,0.050737169881661735,3,1
299,8,0.08804030964771907,3,1
300,10,0.04235453903675079,1,1
301,10,0.1164412796497345,1,1
302,8,0.03998899459838867,3,1
303,10,0.055960141122341156,1,1
304,10,0.04206513240933418,1,1
305,8,0.061959280321995415,3,1
306,9,0.051816675812006,2,1
307,8,0.07139607270558675,3,1
308,8,0.05902724713087082,3,1
309,9,0.0738833136856556,2,1
310,9,0.31151366233825684,2,1
311,6,0.15584885627031325,5,1
312,3,0.112789835780859,8,1
313,-50,0.11288917113095522,50,0
314,6,0.08690821155905723,5,1
315,9,0.07671540975570679,2,1
316,7,0.15290538221597672,4,1
317,9,0.05029879882931709,2,1
318,8,0.0827149326602618,3,1
319,7,0.14631865685805678,4,1
320,7,0.06594698689877987,4,1
321,7,0.13190429843962193,4,1
322,7,0.03918678523041308,4,1
323,7,0.14370075426995754,4,1
324,10,0.06694810092449188,1,1
325,6,0.09198116064071656,5,1
326,10,0.3475258946418762,1,1
327,7,0.05811263993382454,4,1
328,8,0.06449658175309499,3,1
329,9,0.1117575541138649,2,1
330,10,0.03524552285671234,1,1
331,10,0.05185972526669502,1,1
332,9,0.1256975419819355,2,1
333,9,0.05583614110946655,2,1
334,7,0.052258688025176525,4,1
335,8,0.1334780417382717,3,1
336,9,0.04641713388264179,2,1
337,-24,0.04242606721818447,15,0
338,8,0.05729753399888674,3,1
339,8,0.04218502342700958,3,1
340,10,0.03703315183520317,1,1
341,8,0.07296429326136906,3,1
342,-10,0.10119806230068207,1,0
343,9,0.08946460857987404,2,1
344,6,0.052179017663002016,5,1
345,8,0.1563555933535099,3,1
346,7,0.03829738078638911,4,1
347,7,0.06215733662247658,4,1
348,2,0.09516628210743268,9,1
349,9,0.07096677273511887,2,1
350,-27,0.11333269346505404,38,1
351,7,0.03863403433933854,4,1
352,8,0.1901802954574426,3,1
353,9,0.06266052834689617,2,1
354,8,0.03329827015598615,3,1
355,-10,0.040420349687337875,1,0
356,10,0.014371417462825775,1,1
357,8,0.035343838234742485,3,1
358,10,0.012306204065680504,1,1
359,5,0.15910863038152456,6,1
360,10,0.39326369762420654,1,1
361,8,0.03813670575618744,3,1
362,9,0.04322087951004505,2,1
363,9,0.04147881641983986,2,1
364,8,0.23707593232393265,3,1
365,6,0.04574981406331062,5,1
366,10,0.16989871859550476,1,1
367,9,0.24877941608428955,2,1
368,7,0.05067698052152991,4,1
369,-8,0.08840092173532436,19,1
370,10,0.04619891941547394,1,1
371,5,0.029795661568641663,6,1
372,8,0.06737012540300687,3,1
373,10,0.04993777722120285,1,1
374,10,0.05141753330826759,1,1
375,5,0.07523777273794015,6,1
376,7,0.08282263576984406,4,1
377,9,0.1503913328051567,2,1
378,7,0.05261769890785217,4,1
379,9,0.02323754597455263,2,1
380,9,0.12570945546030998,2,1
381,9,0.052138674072921276,2,1
382,9,0.1386806219816208,2,1
383,8,0.19845872620741525,3,1
384,9,0.08150291815400124,2,1
385,9,0.0931672491133213,2,1
386,9,0.06703646015375853,2,1
387,6,0.05779764279723167,5,1
388,7,0.04991042613983154,4,1
389,8,0.06907011320193608,3,1
390,9,0.04965366795659065,2,1
391,9,0.18612316623330116,2,1
392,8,0.09027649462223053,3,1
393,-11,0.15850673615932465,2,0
394,10,0.11053138971328735,1,1
395,9,0.05533083714544773,2,1
396,9,0.23239853233098984,2,1
397,8,0.09013937662045161,3,1
398,9,0.03535999543964863,2,1
399,8,0.053726669400930405,3,1
400,-13,0.07715535862371325,24,1
401,9,0.051776763051748276,2,1
402,-20,0.06915756074651595,31,1
403,5,0.04424730439980825,6,1
404,7,0.04423854220658541,4,1
405,10,0.019884293898940086,1,1
406,8,0.2022546399384737,3,1
407,8,0.05535292439162731,3,1
408,-50,0.0939623905904591,50,0
409,4,0.06932799837418965,7,1
410,10,0.02433517947793007,1,1
411,1,0.08293473012745381,10,1
412,9,0.06044583395123482,2,1
413,-25,0.11742099118418992,16,0
414,9,0.4058016873896122,2,1
415,5,0.056996876994768776,6,1
416,8,0.12230820798625548,3,1
417,10,0.03680799528956413,1,1
418,8,0.026887637563049793,3,1
419,-13,0.06406567393181224,24,1
420,9,0.08719848655164242,2,1
421,10,0.02198534831404686,1,1
422,5,0.03246434715886911,6,1
423,7,0.11232938803732395,4,1
424,7,0.03896499238908291,4,1
425,6,0.1037379339337349,5,1
426,6,0.1383104406297207,5,1
427,9,0.06363091245293617,2,1
428,6,0.07944267839193345,5,1
429,9,0.09976806864142418,2,1
430,7,0.12175062415190041,4,1
431,9,0.10114738717675209,2,1
432,9,0.06301930733025074,2,1
433,9,0.05861133523285389,2,1
434,7,0.06893638102337718,4,1
435,2,0.0815889077881972,9,1
436,8,0.06517237673203151,3,1
437,6,0.06800289675593377,5,1
438,7,0.037764898501336575,4,1
439,-12,0.07012203092808308,23,1
440,6,0.13131265714764595,5,1
441,7,0.1491884095594287,4,1
442,-50,0.06853450387716294,50,0
443,10,0.05241607874631882,1,1
444,10,0.03470739349722862,1,1
445,10,0.12682689726352692,1,1
446,-50,0.05101267233490944,50,0
447,8,0.0291425163547198,3,1
448,9,0.07479573041200638,2,1
449,-50,0.0833007669635117,50,0
450,7,0.049351473338902,4,1
451,9,0.03382851555943489,2,1
452,10,0.015910904854536057,1,1
453,10,0.02095850557088852,1,1
454,8,0.13831359396378198,3,1
455,9,0.0812110174447298,2,1
456,8,0.06895177625119686,3,1
457,10,0.03742053359746933,1,1
458,8,0.10204674179355304,3,1
459,8,0.0648071641723315,3,1
460,10,0.0201469287276268,1,1
461,8,0.05750856176018715,3,1
462,-7,0.0857881750497553,18,1
463,9,0.03831090871244669,2,1
464,9,0.04543629568070173,2,1
465,9,0.02467016875743866,2,1
466,8,0.08998069601754348,3,1
467,7,0.04775429028086364,4,1
468,9,0.021170474588871002,2,1
469,10,0.03320908918976784,1,1
470,7,0.0434428034350276,4,1
471,-19,0.048344101011753085,10,0
472,8,0.14076881234844527,3,1
473,10,0.0403427854180336,1,1
474,10,0.04876653850078583,1,1
475,10,0.06786560267210007,1,1
476,-22,0.0769407543438402,33,1
477,-11,0.04524374986067414,2,0
478,10,0.01833317242562771,1,1
479,8,0.22083025301496187,3,1
480,8,0.09708658109108607,3,1
481,8,0.08202642947435379,3,1
482,10,0.04711732268333435,1,1
483,8,0.2294319768746694,3,1
484,8,0.07183564205964406,3,1
485,8,0.0418189795066913,3,1
486,9,0.033131117932498455,2,1
487,7,0.04610345605760813,4,1
488,8,0.03659833843509356,3,1
489,10,0.009392216801643372,1,1
490,9,0.033803218975663185,2,1
491,9,0.02049414161592722,2,1
492,8,0.03262010092536608,3,1
493,9,0.026675808243453503,2,1
494,9,0.027117208810523152,2,1
495,9,0.05776949040591717,2,1
496,10,0.018502557650208473,1,1
497,-14,0.14946863576769828,5,0
498,-10,0.14583389461040497,1,0
499,7,0.05231199599802494,4,1
500,10,0.07713700830936432,1,1
501,9,0.033453112468123436,2,1
502,9,0.200851084664464,2,1
503,10,0.019231898710131645,1,1
504,9,0.03572693653404713,2,1
505,7,0.06445892015472054,4,1
506,7,0.13741384958848357,4,1
507,-10,0.01059151254594326,1,0
508,9,0.04779290035367012,2,1
509,8,0.04026417061686516,3,1
510,8,0.02450169064104557,3,1
511,8,0.22861016355454922,3,1
512,10,0.02801116742193699,1,1
513,10,0.01936633698642254,1,1
514,10,0.2139122486114502,1,1
515,9,0.04789482615888119,2,1
516,6,0.027605131082236768,5,1
517,-50,0.06665808156132698,50,0
518,8,0.03418825070063273,3,1
519,9,0.03915701527148485,2,1
520,8,0.05128548170129458,3,1
521,5,0.03988802914197246,6,1
522,10,0.036683764308691025,1,1
523,8,0.1589832709481319,3,1
524,10,0.06537948548793793,1,1
525,7,0.03809205489233136,4,1
526,8,0.05516017352541288,3,1
527,5,0.0563330656538407,6,1
528,7,0.03707929258234799,4,1
529,9,0.04090723395347595,2,1
530,10,0.14904865622520447,1,1
531,10,0.10200899094343185,1,1
532,9,0.019275368191301823,2,1
533,9,0.011747283861041069,2,1
534,9,0.024001989513635635,2,1
535,5,0.06177727831527591,6,1
536,10,0.05896870791912079,1,1
537,-50,0.09340936147607863,50,0
538,8,0.06771887838840485,3,1
539,8,0.04171439570685228,3,1
540,8,0.2683931899567445,3,1
541,9,0.29591891914606094,2,1
542,10,0.03670177981257439,1,1
543,10,0.07401078939437866,1,1
544,7,0.018575148191303015,4,1
545,8,0.2105142679065466,3,1
546,8,0.04362384354074796,3,1
547,8,0.19798723484079042,3,1
548,6,0.04092127531766891,5,1
549,6,0.05727172344923019,5,1
550,10,0.03545781224966049,1,1
551,6,0.08823374714702367,5,1
552,9,0.2502726558595896,2,1
553,10,0.04347221925854683,1,1
554,10,0.05580446869134903,1,1
555,6,0.11918603479862214,5,1
556,8,0.03694460509965817,3,1
557,9,0.041573370806872845,2,1
558,8,0.0795395988970995,3,1
559,9,0.26509179174900055,2,1
560,7,0.06173609150573611,4,1
561,9,0.06826037913560867,2,1
562,9,0.044000509195029736,2,1
563,10,0.03483676165342331,1,1
564,7,0.04509058268740773,4,1
565,9,0.12497333902865648,2,1
566,9,0.032767582684755325,2,1
567,10,0.03511172533035278,1,1
568,7,0.08942988887429237,4,1
569,6,0.04059700258076191,5,1
570,8,0.17388920237620673,3,1
571,-50,0.10641740556806326,50,0
572,9,0.047521552070975304,2,1
573,7,0.06071645370684564,4,1
574,8,0.16897094808518887,3,1
575,-11,0.032996068708598614,2,0
576,9,0.039781518280506134,2,1
577,9,0.06907601002603769,2,1
578,9,0.030735966749489307,2,1
579,5,0.18305772015204033,6,1
580,7,0.04778941720724106,4,1
581,-10,0.08318574052481424,21,1
582,9,0.04976632911711931,2,1
583,9,0.20919982716441154,2,1
584,10,0.04622480645775795,1,1
585,10,0.06217914819717407,1,1
586,8,0.32340924193461734,3,1
587,9,0.047653621062636375,2,1
588,6,0.14888638779520988,5,1
589,10,0.02425510808825493,1,1
590,10,0.47102341055870056,1,1
591,9,0.06052919034846127,2,1
592,8,0.039500479896863304,3,1
593,-6,0.06353357083657209,17,1
594,9,0.05225181207060814,2,1
595,9,0.07126120757311583,2,1
596,8,0.06644746412833531,3,1
597,-35,0.07880384833193742,26,0
598,9,0.05811423249542713,2,1
599,9,0.3206260967999697,2,1
600,3,0.10668079135939479,8,1
601,7,0.18372084386646748,4,1
602,10,0.023027170449495316,1,1
603,10,0.12162084132432938,1,1
604,9,0.03787942696362734,2,1
605,9,0.06682108342647552,2,1
606,8,0.17068715393543243,3,1
607,6,0.07474505454301834,5,1
608,6,0.14465466067194938,5,1
609,5,0.06720436923205853,6,1
610,7,0.21829530224204063,4,1
611,8,0.1914446254571279,3,1
612,9,0.24897843599319458,2,1
613,9,0.05225134827196598,2,1
614,8,0.06268188605705897,3,1
615,10,0.05650220066308975,1,1
616,9,0.0499970018863678,2,1
617,7,0.05470191966742277,4,1
618,8,0.1261823046952486,3,1
619,10,0.566766083240509,1,1
620,7,0.13025947590358555,4,1
621,-11,0.2790303900837898,2,0
622,7,0.04297204688191414,4,1
623,5,0.0390088832937181,6,1
624,6,0.13185785338282585,5,1
625,9,0.07690046913921833,2,1
626,8,0.0660118634502093,3,1
627,-3,0.08317967337955322,14,1
628,10,0.07600906491279602,1,1
629,10,0.048271387815475464,1,1
630,8,0.148355503877004,3,1
631,9,0.048434022814035416,2,1
632,10,0.1843070238828659,1,1
633,8,0.046413453916708626,3,1
634,5,0.15392552440365156,6,1
635,10,0.07121089845895767,1,1
636,10,0.12976939976215363,1,1
637,10,0.02080254815518856,1,1
638,8,0.2014825368920962,3,1
639,8,0.07054450611273448,3,1
640,9,0.08274762332439423,2,1
641,7,0.15202877670526505,4,1
642,8,0.2510499308506648,3,1
643,8,0.1318475529551506,3,1
644,9,0.3696993887424469,2,1
645,9,0.037880634889006615,2,1
646,7,0.044183140620589256,4,1
647,8,0.05572391922275225,3,1
648,10,0.06502670049667358,1,1
649,5,0.06900273698071639,6,1
650,6,0.25193640403449535,5,1
651,7,0.051093350164592266,4,1
652,10,0.04127861559391022,1,1
653,8,0.0886450285712878,3,1
654,5,0.12477022750924031,6,1
655,9,0.3056721184402704,2,1
656,9,0.04525862168520689,2,1
657,9,0.047036721371114254,2,1
658,7,0.10261633433401585,4,1
659,10,0.04672286659479141,1,1
660,6,0.05071379318833351,5,1
661,4,0.04498266614973545,7,1
662,8,0.06331752240657806,3,1
663,9,0.03201629314571619,2,1
664,8,0.17037615676720938,3,1
665,10,0.13177412748336792,1,1
666,8,0.12078141545255978,3,1
667,9,0.04882255755364895,2,1
668,-10,0.04717313125729561,1,0
669,8,0.036862194538116455,3,1
670,10,0.01918463595211506,1,1
671,8,0.252106045683225,3,1
672,10,0.03179335594177246,1,1
673,7,0.1752502154558897,4,1
674,9,0.03548367880284786,2,1
675,7,0.16391912568360567,4,1
676,8,0.38295281926790875,3,1
677,8,0.2125780905286471,3,1
678,9,0.08284752629697323,2,1
679,8,0.08886270721753438,3,1
680,10,0.050025008618831635,1,1
681,10,0.04596163332462311,1,1
682,10,0.08530178666114807,1,1
683,8,0.07678121576706569,3,1
684,10,0.3404502272605896,1,1
685,9,0.056489997543394566,2,1
686,9,0.04659063741564751,2,1
687,7,0.0734796142205596,4,1
688,6,0.046239323914051056,5,1
689,8,0.035008253529667854,3,1
690,10,0.026510491967201233,1,1
691,7,0.03528386866673827,4,1
692,6,0.04280295446515083,5,1
693,9,0.038974083960056305,2,1
694,7,0.0677899057045579,4,1
695,9,0.08719108626246452,2,1
696,10,0.06443163752555847,1,1
697,9,0.04318438842892647,2,1
698,-59,0.10650372244417668,50,0
699,5,0.09017394824574392,6,1
700,8,0.24093036353588104,3,1
701,7,0.09896708279848099,4,1
702,7,0.17868978762999177,4,1
703,-11,0.2187714409083128,2,0
704,6,0.10098257660865784,5,1
705,6,0.17651924416422843,5,1
706,-10,0.27598878741264343,1,0
707,8,0.21151027580102286,3,1
708,5,0.0981637705117464,6,1
709,6,0.0621141642332077,5,1
710,7,0.31652584858238697,4,1
711,9,0.5374259054660797,2,1
712,7,0.0413899882696569,4,1
713,9,0.4707176685333252,2,1
714,9,0.07206672616302967,2,1
715,9,0.273379591293633,2,1
716,8,0.030586577331026394,3,1
717,10,0.036331601440906525,1,1
718,9,0.026006142608821392,2,1
719,5,0.04674296143154303,6,1
720,9,0.28526388853788376,2,1
721,8,0.06432851466039817,3,1
722,9,0.12365896999835968,2,1
723,6,0.25823457464575766,5,1
724,8,0.025687786440054577,3,1
725,-8,0.11022241742007043,19,1
726,7,0.0728288209065795,4,1
727,8,0.08399201308687528,3,1
728,8,0.25107908497254056,3,1
729,7,0.1260515209287405,4,1
730,8,0.11918812741835912,3,1
731,8,0.05113844946026802,3,1
732,7,0.18475558515638113,4,1
733,8,0.06665243208408356,3,1
734,8,0.18445384999116263,3,1
735,-10,0.09318017959594727,1,0
736,7,0.03939320892095566,4,1
737,9,0.07924322038888931,2,1
738,9,0.08834139537066221,2,1
739,9,0.6552467793226242,2,1
740,10,0.22100749611854553,1,1
741,7,0.07394016068428755,4,1
742,9,0.05427572689950466,2,1
743,10,0.5147479772567749,1,1
744,9,0.06509194523096085,2,1
745,7,0.16093933815136552,4,1
746,7,0.2227495275437832,4,1
747,9,0.09556518122553825,2,1
748,6,0.17647349908947946,5,1
749,8,0.044788134594758354,3,1
750,6,0.13542506769299506,5,1
751,10,0.021616894751787186,1,1
752,7,0.0619224589318037,4,1
753,7,0.16705576796084642,4,1
754,-50,0.12626535315066575,50,0
755,10,0.055748265236616135,1,1
756,10,0.08691982179880142,1,1
757,8,0.06742022683223088,3,1
758,8,0.25378603239854175,3,1
759,10,0.029831847175955772,1,1
760,10,0.02428385242819786,1,1
761,10,0.05461319535970688,1,1
762,10,0.46642348170280457,1,1
763,-11,0.03803363814949989,2,0
764,9,0.06660479120910168,2,1
765,9,0.02877404633909464,2,1
766,9,0.19003525376319885,2,1
767,10,0.04626970738172531,1,1
768,9,0.049099668860435486,2,1
769,7,0.18495644442737103,4,1
770,10,0.09531252831220627,1,1
771,5,0.3119592492779096,6,1
772,9,0.0413903184235096,2,1
773,7,0.063096659258008,4,1
774,7,0.058432722464203835,4,1
775,-9,0.14943331955000758,20,1
776,-26,0.10719738080090768,37,1
777,9,0.04970408231019974,2,1
778,7,0.07138331141322851,4,1
779,9,0.06900263018906116,2,1
780,7,0.047542545944452286,4,1
781,8,0.083708090086778,3,1
782,7,0.16629022359848022,4,1
783,4,0.22351880637662752,7,1
784,7,0.08913724310696125,4,1
785,6,0.06937549412250518,5,1
786,7,0.3071284075267613,4,1
787,8,0.04679166525602341,3,1
788,8,0.0658422162135442,3,1
789,8,0.12357161690791447,3,1
790,6,0.060576653480529784,5,1
791,9,0.28121420554816723,2,1
792,-21,0.1157219180604443,32,1
793,7,0.18223778530955315,4,1
794,7,0.061026905197650194,4,1
795,9,0.05236746184527874,2,1
796,7,0.08027532324194908,4,1
797,10,0.04423457384109497,1,1
798,9,0.2130967676639557,2,1
799,-30,0.11955491707819264,41,1
800,7,0.06511573307216167,4,1
801,10,0.04898007586598396,1,1
802,9,0.04810888692736626,2,1
803,9,0.0944230891764164,2,1
804,8,0.2067004789908727,3,1
805,8,0.09084002425273259,3,1
806,5,0.25810410268604755,6,1
807,9,0.07221601158380508,2,1
808,8,0.2216330741842588,3,1
809,-11,0.09628056734800339,2,0
810,8,0.17292012770970663,3,1
811,9,0.07154634036123753,2,1
812,7,0.10675384104251862,4,1
813,9,0.14103908836841583,2,1
814,9,0.046697232872247696,2,1
815,8,0.05894192308187485,3,1
816,8,0.05071970820426941,3,1
817,9,0.05852440185844898,2,1
818,7,0.049780433997511864,4,1
819,8,0.0653303675353527,3,1
820,10,0.11508587747812271,1,1
821,9,0.1472739651799202,2,1
822,8,0.05721303075551987,3,1
823,7,0.1830031555145979,4,1
824,3,0.1272146999835968,8,1
825,8,0.05489443242549896,3,1
826,6,0.16134492456912994,5,1
827,7,0.16178428567945957,4,1
828,4,0.09003257219280515,7,1
829,8,0.09733047087987264,3,1
830,10,0.09040969610214233,1,1
831,6,0.10795153677463531,5,1
832,9,0.06116491183638573,2,1
833,6,0.048720195144414905,5,1
834,8,0.07074695204695065,3,1
835,8,0.09753948698441188,3,1
836,9,0.03220662847161293,2,1
837,7,0.052938178181648254,4,1
838,7,0.3400257444009185,4,1
839,7,0.14896240457892418,4,1
840,9,0.054940132424235344,2,1
841,10,0.020907606929540634,1,1
842,4,0.18851848798138754,7,1
843,-6,0.10013496064964462,17,1
844,10,0.021514471620321274,1,1
845,8,0.15414648999770483,3,1
846,9,0.041837021708488464,2,1
847,10,0.41115570068359375,1,1
848,8,0.04578304663300514,3,1
849,9,0.0458172457292676,2,1
850,9,0.3370659127831459,2,1
851,8,0.10401664674282074,3,1
852,9,0.10415606386959553,2,1
853,6,0.11431603878736496,5,1
854,8,0.0747079961001873,3,1
855,9,0.07064728997647762,2,1
856,-12,0.2799004316329956,3,0
857,-1,0.17480469277749458,12,1
858,9,0.4803684987127781,2,1
859,-10,0.13438161409326962,21,1
860,10,0.024618173018097878,1,1
861,9,0.13972235098481178,2,1
862,10,0.09389325976371765,1,1
863,10,0.07494134455919266,1,1
864,9,0.16507770121097565,2,1
865,8,0.14904266347487768,3,1
866,10,0.502661406993866,1,1
867,7,0.0855548894032836,4,1
868,9,0.047197453677654266,2,1
869,6,0.15573818758130073,5,1
870,8,0.11708059906959534,3,1
871,10,0.06319873780012131,1,1
872,10,0.16645000874996185,1,1
873,10,0.03433244302868843,1,1
874,7,0.1538662537932396,4,1
875,-50,0.10544839721173048,50,0
876,8,0.06030622869729996,3,1
877,9,0.04871165566146374,2,1
878,8,0.07235383180280526,3,1
879,7,0.08497687056660652,4,1
880,6,0.08156338445842266,5,1
881,10,0.07482171058654785,1,1
882,8,0.07602576352655888,3,1
883,10,0.07031263411045074,1,1
884,10,0.19159790873527527,1,1
885,8,0.05758491282661756,3,1
886,9,0.03758807294070721,2,1
887,10,0.04225989803671837,1,1
888,9,0.05794580653309822,2,1
889,8,0.22687767446041107,3,1
890,8,0.07413141553600629,3,1
891,8,0.06852163995305698,3,1
892,-50,0.08281205143779516,50,0
893,-11,0.10709665283899415,22,1
894,6,0.17074176669120789,5,1
895,9,0.16410081461071968,2,1
896,9,0.08450815826654434,2,1
897,7,0.1343005271628499,4,1
898,7,0.04746978357434273,4,1
899,6,0.057757926359772685,5,1
900,10,0.027327338233590126,1,1
901,9,0.04071477800607681,2,1
902,6,0.19890993982553482,5,1
903,10,0.18496327102184296,1,1
904,9,0.040352581068873405,2,1
905,8,0.17090837098658085,3,1
906,10,0.08038568496704102,1,1
907,10,0.4502123296260834,1,1
908,9,0.07703180611133575,2,1
909,8,0.0678080494205157,3,1
910,-10,0.0386231355369091,1,0
911,-22,0.06617560022725509,13,0
912,5,0.11152852264543374,6,1
913,9,0.0630611702799797,2,1
914,10,0.21826855838298798,1,1
915,8,0.05780230027933916,3,1
916,6,0.07663542777299881,5,1
917,7,0.14209298975765705,4,1
918,9,0.04004329722374678,2,1
919,8,0.04956751689314842,3,1
920,9,0.12631406635046005,2,1
921,9,0.11956958286464214,2,1
922,7,0.037245670799165964,4,1
923,10,0.08212585747241974,1,1
924,6,0.056512583419680594,5,1
925,-50,0.12020718538202345,50,0
926,9,0.29113663733005524,2,1
927,7,0.05855057016015053,4,1
928,10,0.10373276472091675,1,1
929,10,0.05820011720061302,1,1
930,8,0.07183510065078735,3,1
931,9,0.2905728667974472,2,1
932,7,0.045477313455194235,4,1
933,9,0.18960341811180115,2,1
934,8,0.02961300437649091,3,1
935,9,0.08043169602751732,2,1
936,3,0.05330323567613959,8,1
937,7,0.20800976641476154,4,1
938,8,0.16709842688093582,3,1
939,8,0.1289325182636579,3,1
940,6,0.04917330369353294,5,1
941,10,0.021579790860414505,1,1
942,10,0.04071309044957161,1,1
943,5,0.10847166087478399,6,1
944,10,0.04239736497402191,1,1
945,6,0.08644891045987606,5,1
946,8,0.019416625301043194,3,1
947,9,0.08244164753705263,2,1
948,4,0.07581547035702638,7,1
949,8,0.052299888183673225,3,1
950,10,0.08491021394729614,1,1
951,9,0.04552730172872543,2,1
952,9,0.02361614489927888,2,1
953,8,0.08368196959296863,3,1
954,10,0.05277891457080841,1,1
955,5,0.09557072756191094,6,1
956,8,0.0444116930787762,3,1
957,9,0.02297792211174965,2,1
958,-50,0.14310943257063627,50,0
959,9,0.010175934061408043,2,1
960,8,0.014507198085387548,3,1
961,9,0.053767772391438484,2,1
962,6,0.09655417948961258,5,1
963,-6,0.06345126295790952,17,1
964,5,0.16018734903385243,6,1
965,10,0.08521607518196106,1,1
966,10,0.016298510134220123,1,1
967,10,0.027378354221582413,1,1
968,10,0.017279069870710373,1,1
969,-12,0.03257930837571621,3,0
970,8,0.03357489965856075,3,1
971,10,0.027658183127641678,1,1
972,7,0.0378495710901916,4,1
973,6,0.03230028059333563,5,1
974,7,0.17363365460187197,4,1
975,9,0.034548090770840645,2,1
976,8,0.039506277069449425,3,1
977,8,0.03053227501610915,3,1
978,7,0.03636607667431235,4,1
979,6,0.1130457129329443,5,1
980,8,0.017432526374856632,3,1
981,10,0.02672424726188183,1,1
982,8,0.04534822950760523,3,1
983,9,0.07511791586875916,2,1
984,8,0.017203040110568207,3,1
985,9,0.06149992719292641,2,1
986,7,0.14219455607235432,4,1
987,7,0.03314608382061124,4,1
988,10,0.0072874752804636955,1,1
989,9,0.22511834185570478,2,1
990,10,0.05585847795009613,1,1
991,5,0.10977810931702454,6,1
992,8,0.023987689365943272,3,1
993,8,0.19703268073499203,3,1
994,6,0.05478757321834564,5,1
995,8,0.07666878526409467,3,1
996,8,0.06639216219385465,3,1
997,7,0.058184378780424595,4,1
998,10,0.44514918327331543,1,1
999,7,0.15111326053738594,4,1
1000,9,0.05430524982511997,2,1
1,7,0.03722327039577067,4,1
2,9,0.0699175987392664,2,1
3,10,0.09680011868476868,1,1
4,7,0.11540021188557148,4,1
5,6,0.03677431344985962,5,1
6,9,0.07013003900647163,2,1
7,-50,0.07302702646702527,50,0
8,6,0.029805265367031097,5,1
9,9,0.0811358094215393,2,1
10,10,0.02353549376130104,1,1
11,9,0.0685815173201263,2,1
12,5,0.02097648475319147,6,1
13,6,0.034605684131383894,5,1
14,-31,0.060377682137879585,42,1
15,8,0.07846817870934804,3,1
16,8,0.06310324867566426,3,1
17,10,0.10539457201957703,1,1
18,9,0.05848324112594128,2,1
19,7,0.06638472434133291,4,1
20,10,0.023044005036354065,1,1
21,10,0.04479179531335831,1,1
22,9,0.04245612025260925,2,1
23,10,0.30088239908218384,1,1
24,8,0.04785659288366636,3,1
25,10,0.023755483329296112,1,1
26,9,0.036056339740753174,2,1
27,8,0.06990762303272884,3,1
28,8,0.08189035455385844,3,1
29,8,0.06204158812761307,3,1
30,5,0.12571628174434105,6,1
31,9,0.0374827329069376,2,1
32,6,0.06819535717368126,5,1
33,10,0.04854750633239746,1,1
34,7,0.07416960410773754,4,1
35,10,0.06843912601470947,1,1
36,9,0.03328847512602806,2,1
37,8,0.036114645500977836,3,1
38,6,0.0684744156897068,5,1
39,9,0.2719428651034832,2,1
40,10,0.6041011810302734,1,1
41,8,0.058803451557954155,3,1
42,8,0.16435588523745537,3,1
43,-1,0.08919628476724029,12,1
44,9,0.04846556857228279,2,1
45,10,0.03295940160751343,1,1
46,7,0.06209180876612663,4,1
47,-50,0.09593102101236582,50,0
48,10,0.21763257682323456,1,1
49,7,0.06535646133124828,4,1
50,-10,0.4348277449607849,1,0
51,10,0.044396545737981796,1,1
52,9,0.04474673233926296,2,1
53,-23,0.06842111423611641,34,1
54,9,0.03661579638719559,2,1
55,9,0.04973459802567959,2,1
56,8,0.22024335712194443,3,1
57,10,0.01655140519142151,1,1
58,-11,0.03514309134334326,2,0
59,9,0.30210357904434204,2,1
60,10,0.1668735146522522,1,1
61,9,0.1309232208877802,2,1
62,9,0.04113657679408789,2,1
63,9,0.04245139844715595,2,1
64,10,0.08625960350036621,1,1
65,8,0.22182478134830794,3,1
66,7,0.2753341314382851,4,1
67,6,0.040296416729688644,5,1
68,8,0.4125558212399483,3,1
69,7,0.1711841868236661,4,1
70,10,0.0922076404094696,1,1
71,7,0.06181912496685982,4,1
72,10,0.03448842838406563,1,1
73,10,0.18525280058383942,1,1
74,7,0.05609849374741316,4,1
75,6,0.11621605604887009,5,1
76,9,0.06131403706967831,2,1
77,8,0.10340586553017299,3,1
78,8,0.26370010276635486,3,1
79,9,0.05136251635849476,2,1
80,-15,0.11510017593033038,26,1
81,7,0.058299257420003414,4,1
82,10,0.02334621176123619,1,1
83,8,0.08124808470408122,3,1
84,7,0.03695006528869271,4,1
85,9,0.07114341761916876,2,1
86,-10,0.17364239692687988,1,0
87,9,0.05710860015824437,2,1
88,4,0.13093899243644305,7,1
89,10,0.4936765432357788,1,1
90,-14,0.10560755103826523,25,1
91,6,0.11746606156229973,5,1
92,8,0.060316735257705055,3,1
93,-50,0.10223830167204141,50,0
94,9,0.040442969650030136,2,1
95,9,0.0384565144777298,2,1
96,9,0.04380817152559757,2,1
97,8,0.051671686271826424,3,1
98,10,0.05962560698390007,1,1
99,-50,0.12123080153018236,50,0
100,9,0.12485576048493385,2,1
101,9,0.07907236367464066,2,1
102,9,0.08646618947386742,2,1
103,9,0.05714006721973419,2,1
104,7,0.07801931444555521,4,1
105,7,0.16886737290769815,4,1
106,8,0.2244300494591395,3,1
107,-17,0.1301367615815252,8,0
108,8,0.03142982038358847,3,1
109,9,0.055470073595643044,2,1
110,10,0.04392138123512268,1,1
111,10,0.18768444657325745,1,1
112,10,0.16528639197349548,1,1
113,7,0.040992365684360266,4,1
114,6,0.06677993759512901,5,1
115,9,0.07009531743824482,2,1
116,7,0.058676932007074356,4,1
117,10,0.018503999337553978,1,1
118,9,0.0451381616294384,2,1
119,8,0.028789015486836433,3,1
120,9,0.04708390962332487,2,1
121,7,0.0675831837579608,4,1
122,9,0.05832522641867399,2,1
123,9,0.06866730563342571,2,1
124,8,0.046712848668297134,3,1
125,9,0.26788317784667015,2,1
126,-50,0.11540272111073137,50,0
127,9,0.0511552095413208,2,1
128,-19,0.11377034485340118,30,1
129,7,0.05402957974001765,4,1
130,8,0.07840657730897267,3,1
131,-50,0.13473995285108686,50,0
132,7,0.12161385221406817,4,1
133,7,0.16280889976769686,4,1
134,9,0.022385353222489357,2,1
135,-25,0.12951617941467297,36,1
136,9,0.18103863671422005,2,1
137,10,0.2132992446422577,1,1
138,8,0.17864527801672617,3,1
139,-9,0.14049142077565194,20,1
140,7,0.0939282588660717,4,1
141,8,0.2261166088283062,3,1
142,10,0.21325698494911194,1,1
143,7,0.055666388012468815,4,1
144,8,0.12848821034034094,3,1
145,7,0.05995174404233694,4,1
146,10,0.18629801273345947,1,1
147,10,0.4959068298339844,1,1
148,8,0.10547589138150215,3,1
149,8,0.2912096232175827,3,1
150,7,0.32419686764478683,4,1
151,-11,0.03915430046617985,2,0
152,9,0.16251717507839203,2,1
153,8,0.06752500931421916,3,1
154,7,0.03594242874532938,4,1
155,7,0.16642941813915968,4,1
156,-10,0.09021673333786782,21,1
157,8,0.17136074850956598,3,1
158,9,0.06980171985924244,2,1
159,8,0.14409628013769785,3,1
160,6,0.09648465961217881,5,1
161,7,0.10730341542512178,4,1
162,8,0.03900107989708582,3,1
163,8,0.0434506485859553,3,1
164,9,0.08779587224125862,2,1
165,7,0.04215603740885854,4,1
166,9,0.06661168113350868,2,1
167,9,0.059832099825143814,2,1
168,-50,0.10646910279989243,50,0
169,8,0.06794929007689159,3,1
170,9,0.13014307618141174,2,1
171,8,0.23141697545846304,3,1
172,10,0.020137764513492584,1,1
173,8,0.03928069087366263,3,1
174,8,0.03698784920076529,3,1
175,-13,0.040789884980767965,4,0
176,9,0.11138447187840939,2,1
177,8,0.15392076472441354,3,1
178,6,0.10968914479017258,5,1
179,9,0.029296496883034706,2,1
180,9,0.22123427875339985,2,1
181,9,0.05409064702689648,2,1
182,-28,0.07725191603486355,39,1
183,6,0.05094978213310242,5,1
184,9,0.04251796379685402,2,1
185,7,0.05288322176784277,4,1
186,8,0.0608256459236145,3,1
187,8,0.13946102311213812,3,1
188,8,0.10756440957387288,3,1
189,-11,0.07945943623781204,2,0
190,7,0.054225584492087364,4,1
191,10,0.10076034814119339,1,1
192,9,0.037745638750493526,2,1
193,10,0.10455186665058136,1,1
194,6,0.051054362952709195,5,1
195,8,0.19433091953396797,3,1
196,7,0.18097896501421928,4,1
197,9,0.45329296588897705,2,1
198,10,0.03015904128551483,1,1
199,-50,0.12028606738895178,50,0
200,10,0.07929636538028717,1,1
201,10,0.06700704991817474,1,1
202,9,0.39585305005311966,2,1
203,7,0.19807120598852634,4,1
204,10,0.06718521565198898,1,1
205,9,0.05387364327907562,2,1
206,10,0.060448773205280304,1,1
207,10,0.5907723903656006,1,1
208,7,0.1887192176654935,4,1
209,9,0.05249590799212456,2,1
210,6,0.036004793271422385,5,1
211,-13,0.06044417526572943,4,0
212,-3,0.12830520274915866,14,1
213,10,0.09827132523059845,1,1
214,5,0.19422860505680242,6,1
215,7,0.045880458783358335,4,1
216,8,0.202666008612141,3,1
217,9,0.14106714725494385,2,1
218,-5,0.068877296987921,16,1
219,9,0.13930493220686913,2,1
220,6,0.03162560760974884,5,1
221,6,0.03314167279750109,5,1
222,9,0.04375042766332626,2,1
223,9,0.09116396680474281,2,1
224,9,0.02076544240117073,2,1
225,7,0.05630634445697069,4,1
226,10,0.06674861907958984,1,1
227,7,0.07635190524160862,4,1
228,9,0.12115916982293129,2,1
229,8,0.11893478035926819,3,1
230,7,0.1645377604290843,4,1
231,8,0.08121133347352345,3,1
232,9,0.06095445156097412,2,1
233,7,0.18067769706249237,4,1
234,10,0.0779326856136322,1,1
235,10,0.18370842933654785,1,1
236,9,0.05964882671833038,2,1
237,9,0.026301048696041107,2,1
238,9,0.028768716380000114,2,1
239,9,0.030916748568415642,2,1
240,7,0.16836116649210453,4,1
241,7,0.0532035268843174,4,1
242,10,0.02200392633676529,1,1
243,7,0.06235066335648298,4,1
244,10,0.054328616708517075,1,1
245,9,0.04694408364593983,2,1
246,9,0.02693062834441662,2,1
247,8,0.10353607187668483,3,1
248,8,0.09789895017941792,3,1
249,10,0.12780174612998962,1,1
250,9,0.07100916840136051,2,1
251,-50,0.12128036953508854,50,0
252,10,0.168571338057518,1,1
253,7,0.10702535510063171,4,1
254,3,0.05417320458218455,8,1
255,5,0.1118582704414924,6,1
256,6,0.17804979979991914,5,1
257,8,0.06108615919947624,3,1
258,7,0.04451945750042796,4,1
259,10,0.06337717175483704,1,1
260,-50,0.11231460940092802,50,0
261,-20,0.15673307058486072,11,0
262,9,0.06259862706065178,2,1
263,7,0.14588579814881086,4,1
264,7,0.3015013625845313,4,1
265,7,0.1628427980467677,4,1
266,7,0.05762799293734133,4,1
267,10,0.022737056016921997,1,1
268,10,0.020505540072917938,1,1
269,7,0.026523007079958916,4,1
270,8,0.017418477373818558,3,1
271,7,0.021708444459363818,4,1
272,-13,0.0643242453224957,4,0
273,7,0.02149933809414506,4,1
274,7,0.16109480522572994,4,1
275,8,0.0699485515554746,3,1
276,10,0.02029220387339592,1,1
277,10,0.4717654883861542,1,1
278,9,0.03229631669819355,2,1
279,7,0.038998506497591734,4,1
280,-2,0.08375413371966435,13,1
281,-50,0.05978094475343823,50,0
282,7,0.1353402161039412,4,1
283,5,0.046349190175533295,6,1
284,10,0.058785684406757355,1,1
285,9,0.046243127435445786,2,1
286,7,0.025505901779979467,4,1
287,8,0.19799479904274145,3,1
288,10,0.04498406872153282,1,1
289,8,0.06189281617601713,3,1
290,10,0.030308600515127182,1,1
291,10,0.026014016941189766,1,1
292,9,0.24214542098343372,2,1
293,7,0.08316660718992352,4,1
294,8,0.05708925239741802,3,1
295,8,0.12378458927075069,3,1
296,6,0.14017692878842353,5,1
297,10,0.1316157877445221,1,1
298,10,0.3742838203907013,1,1
299,-10,0.06286136029909055,21,1
300,8,0.03813249617815018,3,1
301,8,0.17575115586320558,3,1
302,6,0.13453661520034074,5,1
303,-16,0.06416047702508944,27,1
304,-37,0.08486594810771446,48,1
305,-50,0.09234764389693736,50,0
306,-28,0.0891777698475963,39,1
307,8,0.01901843709250291,3,1
308,9,0.04590664431452751,2,1
309,9,0.09944354183971882,2,1
310,7,0.027318419655784965,4,1
311,7,0.050645367009565234,4,1
312,9,0.02253840398043394,2,1
313,6,0.019537993893027305,5,1
314,-10,0.22177405655384064,1,0
315,8,0.02738740046819051,3,1
316,10,0.014981141313910484,1,1
317,8,0.20069436294337115,3,1
318,9,0.1745662707835436,2,1
319,7,0.023557045380584896,4,1
320,8,0.03971884213387966,3,1
321,-34,0.09072113260626793,25,0
322,8,0.13338105690975985,3,1
323,9,0.21228418732061982,2,1
324,10,0.32549864053726196,1,1
325,9,0.021297547966241837,2,1
326,10,0.02766280248761177,1,1
327,7,0.019480282440781593,4,1
328,7,0.09378405869938433,4,1
329,10,0.39951980113983154,1,1
330,5,0.14093813734749952,6,1
331,8,0.11870271371056636,3,1
332,9,0.19577019102871418,2,1
333,8,0.37571606288353604,3,1
334,9,0.2871960438787937,2,1
335,10,0.08623037487268448,1,1
336,6,0.02985553303733468,5,1
337,9,0.09121288917958736,2,1
338,10,0.03911039978265762,1,1
339,7,0.01652447390370071,4,1
340,-11,0.08947771351615136,22,1
341,6,0.0907882671803236,5,1
342,8,0.17510723074277243,3,1
343,9,0.05365114100277424,2,1
344,10,0.03888965770602226,1,1
345,-10,0.7962129712104797,1,0
346,-50,0.05946514098905027,50,0
347,10,0.014042047783732414,1,1
348,8,0.027450572699308395,3,1
349,8,0.04147434731324514,3,1
350,10,0.034005433320999146,1,1
351,10,0.04867344722151756,1,1
352,10,0.049245435744524,1,1
353,8,0.08020282785097758,3,1
354,10,0.013915453106164932,1,1
355,9,0.024664553813636303,2,1
356,7,0.15233000717125833,4,1
357,10,0.01597237028181553,1,1
358,-11,0.14548146910965443,2,0
359,8,0.046998074278235435,3,1
360,10,0.01686229184269905,1,1
361,8,0.10928491409868002,3,1
362,9,0.26618112809956074,2,1
363,8,0.035221253211299576,3,1
364,10,0.018040187656879425,1,1
365,7,0.1424425169825554,4,1
366,-50,0.08966267826966941,50,0
367,9,0.11091642268002033,2,1
368,8,0.10430815039823453,3,1
369,9,0.02569008618593216,2,1
370,9,0.10833461815491319,2,1
371,8,0.10348018755515416,3,1
372,10,0.0439603254199028,1,1
373,9,0.029107045382261276,2,1
374,6,0.12092956341803074,5,1
375,9,0.03380906581878662,2,1
376,8,0.12931131074825922,3,1
377,8,0.13065430584053198,3,1
378,7,0.05453976429998875,4,1
379,10,0.10929545760154724,1,1
380,8,0.018074116359154384,3,1
381,-50,0.09403229034505785,50,0
382,10,0.01042591966688633,1,1
383,8,0.07719595000768702,3,1
384,5,0.07891569752246141,6,1
385,8,0.07964536050955455,3,1
386,10,0.020073704421520233,1,1
387,6,0.10334255024790764,5,1
388,8,0.1404151494304339,3,1
389,9,0.22552102617919445,2,1
390,9,0.06507078558206558,2,1
391,8,0.13747640078266463,3,1
392,6,0.06759583428502083,5,1
393,8,0.18859212224682173,3,1
394,8,0.03569051499168078,3,1
395,3,0.04140240023843944,8,1
396,10,0.049836836755275726,1,1
397,9,0.05399489589035511,2,1
398,8,0.18158300127834082,3,1
399,10,0.045857109129428864,1,1
400,8,0.08472215166936319,3,1
401,10,0.07946260273456573,1,1
402,9,0.10324487835168839,2,1
403,7,0.10317287687212229,4,1
404,-32,0.0648716178311165,43,1
405,8,0.06253812213738759,3,1
406,9,0.1879151314496994,2,1
407,6,0.09691954385489225,5,1
408,10,0.32707417011260986,1,1
409,10,0.01921674609184265,1,1
410,6,0.16979650855064393,5,1
411,7,0.07043313328176737,4,1
412,8,0.05248577520251274,3,1
413,10,0.08248446881771088,1,1
414,9,0.08976957388222218,2,1
415,9,0.058742428198456764,2,1
416,10,0.04197455942630768,1,1
417,-35,0.09823743381497005,46,1
418,10,0.15123939514160156,1,1
419,8,0.16123749067385992,3,1
420,10,0.02517329901456833,1,1
421,-50,0.13226066895760596,50,0
422,-50,0.10345930598676205,50,0
423,6,0.13022032827138902,5,1
424,7,0.056890049017965794,4,1
425,8,0.15930009509126344,3,1
426,10,0.2368411421775818,1,1
427,9,0.05256072338670492,2,1
428,-50,0.08161980729550124,50,0
429,9,0.04077102802693844,2,1
430,5,0.11083581655596693,6,1
431,8,0.0761726126074791,3,1
432,8,0.0835138966018955,3,1
433,10,0.046127479523420334,1,1
434,8,0.10198040679097176,3,1
435,7,0.11969127599149942,4,1
436,9,0.12049468606710434,2,1
437,8,0.024824315682053566,3,1
438,-25,0.09743673972681993,36,1
439,4,0.12262076059622425,7,1
440,7,0.08105474431067705,4,1
441,9,0.09665318578481674,2,1
442,8,0.04254474366704623,3,1
443,8,0.08392399239043395,3,1
444,8,0.02884889083604018,3,1
445,5,0.10557449981570244,6,1
446,7,0.10053679021075368,4,1
447,10,0.037705350667238235,1,1
448,9,0.13475605100393295,2,1
449,7,0.046109587885439396,4,1
450,7,0.062499457504600286,4,1
451,9,0.047517601400613785,2,1
452,8,0.05285624600946903,3,1
453,9,0.08645924087613821,2,1
454,8,0.09831444919109344,3,1
455,10,0.03151837736368179,1,1
456,7,0.08165779430419207,4,1
457,6,0.04961189478635788,5,1
458,-13,0.09231751505285501,4,0
459,8,0.042211360608537994,3,1
460,8,0.06019573161999384,3,1
461,8,0.11632025862733524,3,1
462,7,0.1530439283233136,4,1
463,8,0.2173353216300408,3,1
464,8,0.15593945235013962,3,1
465,6,0.06364380680024624,5,1
466,6,0.0719198726117611,5,1
467,8,0.097800907989343,3,1
468,6,0.07401222959160805,5,1
469,9,0.1356269232928753,2,1
470,9,0.0951317735016346,2,1
471,-50,0.07770787231624127,50,0
472,6,0.15220097005367278,5,1
473,9,0.10733840800821781,2,1
474,7,0.13300220854580402,4,1
475,-50,0.09128346350044012,50,0
476,8,0.04781928285956383,3,1
477,10,0.03133396804332733,1,1
478,7,0.06484111584722996,4,1
479,9,0.03869105875492096,2,1
480,7,0.03507134411484003,4,1
481,7,0.10440549440681934,4,1
482,8,0.07095648596684138,3,1
483,8,0.08230197057127953,3,1
484,7,0.0595926558598876,4,1
485,6,0.07877677008509636,5,1
486,5,0.16140333066383997,6,1
487,10,0.2554103136062622,1,1
488,10,0.09896021336317062,1,1
489,-11,0.12426188588142395,2,0
490,9,0.11900587379932404,2,1
491,8,0.05798465137680372,3,1
492,9,0.13163629174232483,2,1
493,-11,0.07550250645726919,2,0
494,7,0.07022539153695107,4,1
495,6,0.12636110112071036,5,1
496,8,0.04200077739854654,3,1
497,8,0.057624941070874534,3,1
498,7,0.20099870022386312,4,1
499,9,0.11289438605308533,2,1
500,10,0.03471936285495758,1,1
501,9,0.04815040435642004,2,1
502,10,0.05673336982727051,1,1
503,10,0.061469025909900665,1,1
504,-10,0.10189186781644821,1,0
505,10,0.05172015726566315,1,1
506,8,0.06447383637229602,3,1
507,7,0.07200503908097744,4,1
508,8,0.30457566181818646,3,1
509,7,0.11288419459015131,4,1
510,10,0.057428572326898575,1,1
511,-28,0.13477909612732056,39,1
512,9,0.09118074923753738,2,1
513,9,0.09557906165719032,2,1
514,9,0.15347648039460182,2,1
515,9,0.05368318408727646,2,1
516,8,0.09631072233120601,3,1
517,6,0.04714399166405201,5,1
518,7,0.18021459691226482,4,1
519,9,0.05575792118906975,2,1
520,8,0.03683737541238467,3,1
521,9,0.05191970430314541,2,1
522,9,0.05849803611636162,2,1
523,-24,0.10886571221053601,35,1
524,6,0.06950571238994599,5,1
525,-7,0.1580284581416183,18,1
526,6,0.15307637229561805,5,1
527,7,0.06388298608362675,4,1
528,8,0.026088531439503033,3,1
529,5,0.056838865081469216,6,1
530,8,0.11098438501358032,3,1
531,10,0.07823791354894638,1,1
532,8,0.08097217977046967,3,1
533,8,0.06292082617680232,3,1
534,8,0.052041854709386826,3,1
535,10,0.030574241653084755,1,1
536,9,0.05718548968434334,2,1
537,8,0.059582858035961785,3,1
538,7,0.047461680602282286,4,1
539,8,0.05765148065984249,3,1
540,8,0.04247992858290672,3,1
541,7,0.07587821409106255,4,1
542,10,0.14289644360542297,1,1
543,10,0.047488585114479065,1,1
544,-10,0.03527505695819855,1,0
545,9,0.08231040090322495,2,1
546,6,0.07747846245765685,5,1
547,7,0.05454992409795523,4,1
548,9,0.08525579422712326,2,1
549,4,0.05630241094955376,7,1
550,-9,0.13576315641403197,20,1
551,6,0.06762131378054619,5,1
552,7,0.06691030785441399,4,1
553,10,0.0359317921102047,1,1
554,6,0.06396129056811332,5,1
555,7,0.05708916438743472,4,1
556,10,0.07712900638580322,1,1
557,9,0.03243121225386858,2,1
558,9,0.06970459222793579,2,1
559,7,0.06515227258205414,4,1
560,7,0.06284924643114209,4,1
561,7,0.16705634258687496,4,1
562,6,0.22669397294521332,5,1
563,6,0.12250408381223679,5,1
564,10,0.06352295726537704,1,1
565,8,0.144650982071956,3,1
566,7,0.16370427887886763,4,1
567,9,0.041770752519369125,2,1
568,8,0.03498953332503637,3,1
569,-10,0.07273661345243454,1,0
570,7,0.05663641635328531,4,1
571,9,0.03715211991220713,2,1
572,9,0.03246588911861181,2,1
573,9,0.06786984577775002,2,1
574,6,0.06572876907885075,5,1
575,10,0.14446014165878296,1,1
576,8,0.036605726927518845,3,1
577,10,0.03459296375513077,1,1
578,-11,0.10077805114402012,22,1
579,6,0.04352581463754177,5,1
580,10,0.039925381541252136,1,1
581,7,0.027964945882558823,4,1
582,10,0.05692092329263687,1,1
583,9,0.027975620701909065,2,1
584,7,0.04370627831667662,4,1
585,10,0.04123220220208168,1,1
586,9,0.02800083812326193,2,1
587,4,0.06165534257888794,7,1
588,8,0.03803485383590063,3,1
589,7,0.08758703339844942,4,1
590,5,0.04530487830440203,6,1
591,-10,0.04229184240102768,1,0
592,9,0.44155889842659235,2,1
593,10,0.037099044770002365,1,1
594,9,0.042356887832283974,2,1
595,10,0.05226317420601845,1,1
596,8,0.02904799332221349,3,1
597,3,0.03547305008396506,8,1
598,-17,0.10732825845479965,28,1
599,10,0.032867252826690674,1,1
600,10,0.05770357698202133,1,1
601,9,0.04897984303534031,2,1
602,7,0.23027661629021168,4,1
603,9,0.03205082751810551,2,1
604,6,0.08264951109886169,5,1
605,7,0.07449698727577925,4,1
606,8,0.0701120359202226,3,1
607,10,0.038710061460733414,1,1
608,7,0.045497970189899206,4,1
609,6,0.07379753068089485,5,1
610,3,0.15870382310822606,8,1
611,8,0.16781245668729147,3,1
612,8,0.3232923224568367,3,1
613,-24,0.10010465774685144,35,1
614,10,0.05587334930896759,1,1
615,9,0.37365633249282837,2,1
616,8,0.04247656154135863,3,1
617,-4,0.10910852613548437,15,1
618,10,0.025362379848957062,1,1
619,9,0.03660640027374029,2,1
620,-10,0.05741985887289047,1,0
621,9,0.05971573852002621,2,1
622,9,0.027354082092642784,2,1
623,10,0.025821132585406303,1,1
624,7,0.08644815254956484,4,1
625,-5,0.09726879524532706,16,1
626,7,0.08452639915049076,4,1
627,9,0.04645585920661688,2,1
628,8,0.06000163902839025,3,1
629,6,0.140830160677433,5,1
630,9,0.0678395926952362,2,1
631,10,0.060231685638427734,1,1
632,7,0.05111132748425007,4,1
633,7,0.05755738355219364,4,1
634,7,0.0763115594163537,4,1
635,9,0.039756301790475845,2,1
636,9,0.07434926182031631,2,1
637,7,0.03894989565014839,4,1
638,-34,0.07376999432841937,45,1
639,9,0.04628236033022404,2,1
640,9,0.02756735635921359,2,1
641,8,0.042065360893805824,3,1
642,9,0.05146460607647896,2,1
643,7,0.06633213022723794,4,1
644,5,0.04111647978425026,6,1
645,4,0.05174135869102819,7,1
646,-16,0.06619795908530553,27,1
647,10,0.010483020916581154,1,1
648,8,0.06085270891586939,3,1
649,8,0.03149142426749071,3,1
650,8,0.019137078275283177,3,1
651,-50,0.055741381049156186,50,0
652,6,0.1284709509462118,5,1
653,6,0.17599945180118085,5,1
654,8,0.15017411609490713,3,1
655,6,0.10680919028818607,5,1
656,8,0.03639930114150047,3,1
657,6,0.10566111579537392,5,1
658,9,0.0609881691634655,2,1
659,10,0.030434634536504745,1,1
660,5,0.049374647438526154,6,1
661,-6,0.039417769102489245,17,1
662,9,0.019568920135498047,2,1
663,6,0.05126215070486069,5,1
664,9,0.1444747094064951,2,1
665,9,0.07958508282899857,2,1
666,9,0.09319501556456089,2,1
667,9,0.04089602455496788,2,1
668,9,0.057632455602288246,2,1
669,5,0.06022205917785565,6,1
670,6,0.10210661813616753,5,1
671,6,0.03720631748437882,5,1
672,-50,0.053939856216311456,50,0
673,9,0.021633971948176622,2,1
674,10,0.03024689294397831,1,1
675,7,0.03444874822162092,4,1
676,7,0.06867587426677346,4,1
677,6,0.026825375482439996,5,1
678,8,0.031966486324866615,3,1
679,10,0.013070933520793915,1,1
680,10,0.02922956645488739,1,1
681,9,0.06409940868616104,2,1
682,9,0.05232321750372648,2,1
683,9,0.024674790911376476,2,1
684,5,0.033876109247406326,6,1
685,8,0.030502242657045524,3,1
686,7,0.046723154839128256,4,1
687,9,0.01109154848381877,2,1
688,9,0.014625392388552427,2,1
689,6,0.037456711009144786,5,1
690,9,0.027035383507609367,2,1
691,10,0.010402902029454708,1,1
692,7,0.034356405492872,4,1
693,9,0.01836002804338932,2,1
694,9,0.01936117187142372,2,1
695,5,0.021392359243084986,6,1
696,10,0.0783018171787262,1,1
697,9,0.016572205116972327,2,1
698,10,0.03356017544865608,1,1
699,10,0.33341264724731445,1,1
700,10,0.016810832545161247,1,1
701,9,0.026345849968492985,2,1
702,9,0.020064378157258034,2,1
703,7,0.01625802624039352,4,1
704,9,0.022029761224985123,2,1
705,9,0.051434083841741085,2,1
706,10,0.011186337098479271,1,1
707,10,0.016912784427404404,1,1
708,9,0.010898183565586805,2,1
709,-3,0.05164638813585043,14,1
710,8,0.026417556994905073,3,1
711,7,0.059325982350856066,4,1
712,9,0.05392969213426113,2,1
713,9,0.048962607979774475,2,1
714,9,0.029669437557458878,2,1
715,8,0.03245085539917151,3,1
716,8,0.03142549842596054,3,1
717,7,0.023136706557124853,4,1
718,8,0.0157446317995588,3,1
719,8,0.028858499601483345,3,1
720,9,0.024953600484877825,2,1
721,9,0.017678137868642807,2,1
722,9,0.020839215256273746,2,1
723,6,0.027076469361782075,5,1
724,7,0.033371292520314455,4,1
725,9,0.01932821236550808,2,1
726,9,0.08307684399187565,2,1
727,9,0.06283105909824371,2,1
728,4,0.01864131646496909,7,1
729,-19,0.040665011884023744,30,1
730,10,0.07562630623579025,1,1
731,7,0.06421994976699352,4,1
732,9,0.040763335302472115,2,1
733,10,0.06504685431718826,1,1
734,10,0.03318563103675842,1,1
735,10,0.025278832763433456,1,1
736,8,0.09040879892806213,3,1
737,8,0.04076076174775759,3,1
738,9,0.029258251190185547,2,1
739,8,0.028943578712642193,3,1
740,6,0.08723862618207931,5,1
741,6,0.03984441310167312,5,1
742,10,0.2848801612854004,1,1
743,9,0.027740160934627056,2,1
744,10,0.02327217534184456,1,1
745,9,0.032037340104579926,2,1
746,9,0.09052907675504684,2,1
747,-25,0.04099419368948373,36,1
748,8,0.027893826365470886,3,1
749,9,0.014095169492065907,2,1
750,9,0.0859237052500248,2,1
751,5,0.059836776771893106,6,1
752,9,0.022577417083084583,2,1
753,9,0.02029480878263712,2,1
754,-50,0.05598143557086587,50,0
755,8,0.044453548888365425,3,1
756,5,0.027449276919166248,6,1
757,7,0.03229316370561719,4,1
758,9,0.08536281250417233,2,1
759,7,0.04422447085380554,4,1
760,9,0.06883668154478073,2,1
761,8,0.03278579997519652,3,1
762,8,0.03792338197429975,3,1
763,5,0.06294081049660842,6,1
764,8,0.06038222648203373,3,1
765,10,0.03555077686905861,1,1
766,9,0.02795720100402832,2,1
767,6,0.05943688601255417,5,1
768,10,0.08843940496444702,1,1
769,8,0.09617160136500995,3,1
770,9,0.04206393100321293,2,1
771,-7,0.07715372772266467,18,1
772,6,0.06079310029745102,5,1
773,10,0.05934755504131317,1,1
774,6,0.047699224203825,5,1
775,10,0.05040425807237625,1,1
776,9,0.04561743140220642,2,1
777,7,0.14117153827100992,4,1
778,10,0.06339871138334274,1,1
779,10,0.08959832787513733,1,1
780,8,0.06292508294185002,3,1
781,10,0.13694092631340027,1,1
782,10,0.028281303122639656,1,1
783,7,0.07937109004706144,4,1
784,7,0.044740691781044006,4,1
785,8,0.08897124727567036,3,1
786,7,0.06642849091440439,4,1
787,7,0.07668092474341393,4,1
788,9,0.08875389210879803,2,1
789,8,0.11431654542684555,3,1
790,8,0.04928842559456825,3,1
791,-35,0.1048097773252622,46,1
792,10,0.144574373960495,1,1
793,9,0.07915850356221199,2,1
794,9,0.08973241969943047,2,1
795,5,0.10515162255614996,6,1
796,10,0.05190400034189224,1,1
797,8,0.03801738657057285,3,1
798,8,0.08492122093836467,3,1
799,10,0.030206363648176193,1,1
800,9,0.03431907668709755,2,1
801,7,0.041357644367963076,4,1
802,9,0.059034157544374466,2,1
803,10,0.17865478992462158,1,1
804,10,0.09373316168785095,1,1
805,9,0.048870776779949665,2,1
806,6,0.0723236046731472,5,1
807,9,0.06411748751997948,2,1
808,8,0.0914483480155468,3,1
809,7,0.13908557780086994,4,1
810,7,0.07447287440299988,4,1
811,6,0.05163085386157036,5,1
812,9,0.12237222120165825,2,1
813,9,0.062025001272559166,2,1
814,-50,0.06901157088577747,50,0
815,8,0.06883506973584493,3,1
816,6,0.10076399594545364,5,1
817,7,0.055364759638905525,4,1
818,10,0.07549230754375458,1,1
819,9,0.18716435134410858,2,1
820,9,0.05538851022720337,2,1
821,5,0.08026442117989063,6,1
822,9,0.1401212252676487,2,1
823,9,0.047202845104038715,2,1
824,9,0.02540601696819067,2,1
825,8,0.0396368894726038,3,1
826,9,0.05200665816664696,2,1
827,10,0.025127265602350235,1,1
828,10,0.0472046360373497,1,1
829,10,0.04610936716198921,1,1
830,8,0.06101150996983051,3,1
831,7,0.03273005364462733,4,1
832,8,0.06272903333107631,3,1
833,8,0.08995861435929935,3,1
834,9,0.04416150227189064,2,1
835,9,0.20668922923505306,2,1
836,7,0.05688692070543766,4,1
837,9,0.17028033919632435,2,1
838,8,0.036928615222374596,3,1
839,9,0.05588866863399744,2,1
840,8,0.051309039195378624,3,1
841,7,0.06849458208307624,4,1
842,9,0.18200295977294445,2,1
843,5,0.13092534244060516,6,1
844,7,0.03566072694957256,4,1
845,7,0.055781906470656395,4,1
846,10,0.146223247051239,1,1
847,7,0.04600020684301853,4,1
848,10,0.05281759798526764,1,1
849,8,0.054848709454139076,3,1
850,6,0.0553305022418499,5,1
851,8,0.05370138896008333,3,1
852,8,0.030632607638835907,3,1
853,8,0.08307291691501935,3,1
854,8,0.0545864657809337,3,1
855,6,0.07684744596481323,5,1
856,10,0.12529006600379944,1,1
857,6,0.08825791217386722,5,1
858,8,0.053173765540122986,3,1
859,10,0.021901745349168777,1,1
860,6,0.12657714560627936,5,1
861,7,0.11188998352736235,4,1
862,7,0.1588434763252735,4,1
863,10,0.021811041980981827,1,1
864,9,0.020606650970876217,2,1
865,8,0.053171105682849884,3,1
866,9,0.05698626767843962,2,1
867,5,0.04737533132235209,6,1
868,10,0.0756373181939125,1,1
869,10,0.027394846081733704,1,1
870,9,0.044010672718286514,2,1
871,9,0.13790075294673443,2,1
872,8,0.21841935440897942,3,1
873,9,0.03351927176117897,2,1
874,8,0.1254135419925054,3,1
875,8,0.12189758941531181,3,1
876,8,0.132499893506368,3,1
877,9,0.05923334136605263,2,1
878,7,0.04773182421922684,4,1
879,7,0.042909301817417145,4,1
880,8,0.08294253547986348,3,1
881,4,0.05299929556037698,7,1
882,1,0.05319221839308739,10,1
883,9,0.026612572371959686,2,1
884,6,0.0787600539624691,5,1
885,8,0.0493039625386397,3,1
886,9,0.05208992399275303,2,1
887,8,0.04335430140296618,3,1
888,9,0.03220267966389656,2,1
889,7,0.06786730419844389,4,1
890,6,0.10754640027880669,5,1
891,9,0.016613295301795006,2,1
892,7,0.06935486616566777,4,1
893,7,0.04664324317127466,4,1
894,10,0.044707946479320526,1,1
895,9,0.036203810945153236,2,1
896,10,0.0702342689037323,1,1
897,7,0.06162878591567278,4,1
898,7,0.08062466140836477,4,1
899,6,0.0461182314902544,5,1
900,7,0.03874113643541932,4,1
901,5,0.07161006207267444,6,1
902,9,0.05150601081550121,2,1
903,9,0.06989379227161407,2,1
904,7,0.05719000194221735,4,1
905,8,0.038397898276646934,3,1
906,8,0.050843470419446625,3,1
907,9,0.044101045466959476,2,1
908,9,0.05433074897155166,2,1
909,4,0.051616549491882324,7,1
910,7,0.05463206069543958,4,1
911,10,0.04552586004137993,1,1
912,10,0.015061783604323864,1,1
913,7,0.04178451653569937,4,1
914,8,0.032306199272473655,3,1
915,8,0.041555581614375114,3,1
916,7,0.058576831594109535,4,1
917,8,0.05879532669981321,3,1
918,8,0.056208591908216476,3,1
919,9,0.04027806222438812,2,1
920,-10,0.06540501862764359,1,0
921,8,0.1037264671176672,3,1
922,8,0.08607781305909157,3,1
923,6,0.04914059340953827,5,1
924,7,0.06937197409570217,4,1
925,9,0.02890559658408165,2,1
926,-50,0.0889791477844119,50,0
927,9,0.052945397794246674,2,1
928,9,0.02474301401525736,2,1
929,7,0.11667521297931671,4,1
930,9,0.08272328600287437,2,1
931,7,0.059857585933059454,4,1
932,7,0.04086620081216097,4,1
933,9,0.025343501940369606,2,1
934,-13,0.09021974929297964,24,1
935,8,0.06840990235408147,3,1
936,10,0.013270220719277859,1,1
937,8,0.08561130488912265,3,1
938,7,0.05907325353473425,4,1
939,9,0.06810788437724113,2,1
940,9,0.03876059502363205,2,1
941,10,0.09597247838973999,1,1
942,7,0.039220656268298626,4,1
943,8,0.03548023849725723,3,1
944,9,0.027937612496316433,2,1
945,8,0.18316654364267984,3,1
946,-10,0.04044144228100777,1,0
947,10,0.03524945303797722,1,1
948,9,0.029707971028983593,2,1
949,8,0.04700851564606031,3,1
950,9,0.03870415315032005,2,1
951,8,0.03657353296875954,3,1
952,-50,0.0751663575321436,50,0
953,10,0.07321471720933914,1,1
954,7,0.03453697543591261,4,1
955,9,0.051043568179011345,2,1
956,6,0.04469862505793572,5,1
957,10,0.028140461072325706,1,1
958,6,0.05097238942980766,5,1
959,9,0.07667769491672516,2,1
960,8,0.03634594939649105,3,1
961,9,0.03003059048205614,2,1
962,6,0.0643039546906948,5,1
963,10,0.02906297706067562,1,1
964,9,0.051730161532759666,2,1
965,-10,0.05198463797569275,1,0
966,8,0.06256479645768802,3,1
967,7,0.03541824035346508,4,1
968,6,0.12467904090881347,5,1
969,8,0.20217208253840604,3,1
970,7,0.03708049934357405,4,1
971,7,0.16294089145958424,4,1
972,9,0.03788645751774311,2,1
973,8,0.04863647185266018,3,1
974,10,0.030915575101971626,1,1
975,5,0.09106896941860516,6,1
976,9,0.07431619614362717,2,1
977,10,0.04698239639401436,1,1
978,6,0.03726187832653523,5,1
979,10,0.03804938495159149,1,1
980,9,0.24940255656838417,2,1
981,5,0.06560887054850657,6,1
982,9,0.0482517946511507,2,1
983,8,0.03500348826249441,3,1
984,8,0.0396584402769804,3,1
985,7,0.04102368047460914,4,1
986,5,0.04318744192520777,6,1
987,-29,0.08040815498679876,20,0
988,6,0.15369163639843464,5,1
989,7,0.1433327505365014,4,1
990,9,0.04953184351325035,2,1
991,8,0.04667863373955091,3,1
992,7,0.04875587346032262,4,1
993,8,0.02679215247432391,3,1
994,-50,0.09025047235190868,50,0
995,-59,0.10065470844507217,50,0
996,8,0.11585498849550883,3,1
997,8,0.07875507449110349,3,1
998,10,0.029627403244376183,1,1
999,9,0.02979495655745268,2,1
1000,7,0.03255825117230415,4,1
1,6,0.05146230012178421,5,1
2,9,0.025370709598064423,2,1
3,8,0.05336856345335642,3,1
4,9,0.17317580431699753,2,1
5,10,0.023493589833378792,1,1
6,10,0.03499072417616844,1,1
7,10,0.24744932353496552,1,1
8,8,0.035810284316539764,3,1
9,6,0.040038537606596945,5,1
10,7,0.06320785079151392,4,1
11,-14,0.06789375305175781,25,1
12,10,0.036934271454811096,1,1
13,6,0.11693093441426754,5,1
14,7,0.045000279787927866,4,1
15,9,0.028241327963769436,2,1
16,8,0.02594725228846073,3,1
17,8,0.03857674263417721,3,1
18,8,0.049187447875738144,3,1
19,9,0.037892235442996025,2,1
20,9,0.022862257435917854,2,1
21,3,0.047109487699344754,8,1
22,10,0.018885260447859764,1,1
23,7,0.04422596376389265,4,1
24,8,0.051453378051519394,3,1
25,10,0.0396832600235939,1,1
26,9,0.0854080468416214,2,1
27,9,0.396769680082798,2,1
28,9,0.053727887570858,2,1
29,10,0.05729428678750992,1,1
30,8,0.04711165030797323,3,1
31,-50,0.08526753569021821,50,0
32,-10,0.033754851669073105,1,0
33,8,0.09858857343594234,3,1
34,9,0.028288095258176327,2,1
35,7,0.11319323489442468,4,1
36,9,0.0446866899728775,2,1
37,6,0.07323161065578461,5,1
38,9,0.08402442373335361,2,1
39,10,0.07845115661621094,1,1
40,7,0.058888052590191364,4,1
41,10,0.02213534712791443,1,1
42,9,0.0999943083152175,2,1
43,9,0.0250491751357913,2,1
44,-10,0.05101120471954346,1,0
45,10,0.045717187225818634,1,1
46,4,0.12872279435396194,7,1
47,9,0.024322292767465115,2,1
48,8,0.1360385436564684,3,1
49,8,0.03133130197723707,3,1
50,9,0.02973421849310398,2,1
51,8,0.05676305169860522,3,1
52,-29,0.16757980370894074,40,1
53,7,0.2780317673459649,4,1
54,7,0.24564047157764435,4,1
55,10,0.22745434939861298,1,1
56,9,0.062134647741913795,2,1
57,9,0.06863135937601328,2,1
58,9,0.17186399176716805,2,1
59,10,0.1134931892156601,1,1
60,8,0.11140290647745132,3,1
61,9,0.05465560406446457,2,1
62,10,0.03777092322707176,1,1
63,9,0.331012099981308,2,1
64,8,0.06388874600330989,3,1
65,8,0.03284558219214281,3,1
66,7,0.05914401123300195,4,1
67,7,0.053898720536381006,4,1
68,9,0.11767738312482834,2,1
69,5,0.11922133527696133,6,1
70,8,0.06026740620533625,3,1
71,10,0.07570575177669525,1,1
72,8,0.05359392613172531,3,1
73,7,0.07562981359660625,4,1
74,8,0.06089888513088226,3,1
75,8,0.03752204589545727,3,1
76,-21,0.05202355654910207,12,0
77,9,0.05523032322525978,2,1
78,8,0.06470676263173421,3,1
79,10,0.0225575789809227,1,1
80,7,0.04047953733243048,4,1
81,8,0.1417362540960312,3,1
82,7,0.17291673086583614,4,1
83,7,0.05566524900496006,4,1
84,9,0.0447047371417284,2,1
85,8,0.1664411040643851,3,1
86,10,0.04361334070563316,1,1
87,8,0.07049564023812611,3,1
88,8,0.020598517109950382,3,1
89,7,0.09003979805856943,4,1
90,10,0.013555173762142658,1,1
91,8,0.06429034223159154,3,1
92,6,0.03093378581106663,5,1
93,9,0.05030566826462746,2,1
94,9,0.049137335270643234,2,1
95,9,0.11646154150366783,2,1
96,10,0.04613097012042999,1,1
97,-50,0.09293353283777833,50,0
98,9,0.08813712000846863,2,1
99,9,0.01964142033830285,2,1
100,8,0.05295308989783128,3,1
101,8,0.05287120739618937,3,1
102,9,0.025390347465872765,2,1
103,9,0.08046403899788857,2,1
104,7,0.11951454915106297,4,1
105,10,0.05138349533081055,1,1
106,9,0.11617603898048401,2,1
107,9,0.06327002868056297,2,1
108,8,0.0545039897163709,3,1
109,8,0.035545509308576584,3,1
110,8,0.09886372710267703,3,1
111,9,0.03684634156525135,2,1
112,-50,0.10248445289209485,50,0
113,9,0.02733116876333952,2,1
114,8,0.014766260050237179,3,1
115,8,0.15085116339226565,3,1
116,10,0.023318978026509285,1,1
117,9,0.016740690916776657,2,1
118,9,0.05325549468398094,2,1
119,9,0.018892879597842693,2,1
120,7,0.028094684705138206,4,1
121,6,0.06493657790124416,5,1
122,7,0.04857401316985488,4,1
123,8,0.05560767650604248,3,1
124,7,0.0871242512948811,4,1
125,-39,0.0412925529293716,50,1
126,9,0.05434973165392876,2,1
127,6,0.021994869597256182,5,1
128,9,0.021326628513634205,2,1
129,10,0.032869819551706314,1,1
130,8,0.033776313066482544,3,1
131,10,0.022173436358571053,1,1
132,10,0.014944372698664665,1,1
133,-5,0.025672898744232953,16,1
134,8,0.04977095313370228,3,1
135,9,0.035551236011087894,2,1
136,8,0.050803905352950096,3,1
137,8,0.017649464309215546,3,1
138,5,0.02433795730272929,6,1
139,10,0.047189220786094666,1,1
140,6,0.026402669213712215,5,1
141,-32,0.047944254599251716,43,1
142,8,0.1890084600696961,3,1
143,9,0.044777884148061275,2,1
144,7,0.058925943449139595,4,1
145,8,0.04051199369132519,3,1
146,8,0.33682219808300334,3,1
147,9,0.018269690219312906,2,1
148,8,0.046053528785705566,3,1
149,10,0.021733229979872704,1,1
150,10,0.07357550412416458,1,1
151,10,0.05832172557711601,1,1
152,9,0.02345407009124756,2,1
153,7,0.048777292016893625,4,1
154,8,0.054381962244709335,3,1
155,10,0.0512419193983078,1,1
156,10,0.0934632197022438,1,1
157,9,0.07114571053534746,2,1
158,8,0.02221100280682246,3,1
159,8,0.024024539937575657,3,1
160,10,0.04451623186469078,1,1
161,8,0.03341328787306944,3,1
162,8,0.0543842576444149,3,1
163,7,0.06602742616087198,4,1
164,8,0.07493123536308606,3,1
165,8,0.07758080338438351,3,1
166,10,0.05710310488939285,1,1
167,10,0.016566799953579903,1,1
168,-10,0.05653250217437744,1,0
169,2,0.04499544731030861,9,1
170,8,0.1783222071826458,3,1
171,7,0.02632943820208311,4,1
172,8,0.0355771662046512,3,1
173,10,0.015163498930633068,1,1
174,4,0.02094341056155307,7,1
175,9,0.06615617033094168,2,1
176,-26,0.03881137425432334,37,1
177,9,0.04477899242192507,2,1
178,9,0.029092502780258656,2,1
179,6,0.0743774227797985,5,1
180,-50,0.06718558132648468,50,0
181,8,0.17078844861437878,3,1
182,7,0.029746484011411667,4,1
183,9,0.04946402460336685,2,1
184,6,0.11171635761857032,5,1
185,8,0.03489036795993646,3,1
186,10,0.05923190712928772,1,1
187,9,0.045258961617946625,2,1
188,3,0.1011235467158258,8,1
189,8,0.07356973551213741,3,1
190,7,0.03424756950698793,4,1
191,7,0.05763204721733928,4,1
192,10,0.027711303904652596,1,1
193,9,0.037077382672578096,2,1
194,9,0.2580305580049753,2,1
195,7,0.027633878402411938,4,1
196,8,0.03816785539189974,3,1
197,9,0.029015595093369484,2,1
198,8,0.022594941159089405,3,1
199,7,0.050626128911972046,4,1
200,7,0.031180938240140676,4,1
201,9,0.3467288017272949,2,1
202,7,0.08813260681927204,4,1
203,7,0.04514364432543516,4,1
204,10,0.049904778599739075,1,1
205,9,0.05170559138059616,2,1
206,7,0.04830708960071206,4,1
207,9,0.023159231059253216,2,1
208,8,0.044094653179248176,3,1
209,6,0.05200482383370399,5,1
210,8,0.023687748548885185,3,1
211,10,0.4832445979118347,1,1
212,6,0.12261481285095215,5,1
213,9,0.039455242455005646,2,1
214,-6,0.07127144001424313,17,1
215,9,0.059835921972990036,2,1
216,7,0.06547075230628252,4,1
217,5,0.046171048345665135,6,1
218,10,0.09012660384178162,1,1
219,8,0.07305354376633962,3,1
220,6,0.1481434904038906,5,1
221,9,0.17776179313659668,2,1
222,6,0.04815556406974793,5,1
223,10,0.08068950474262238,1,1
224,10,0.05072874203324318,1,1
225,6,0.06766466088593007,5,1
226,9,0.0662432312965393,2,1
227,10,0.015675585716962814,1,1
228,8,0.04693141020834446,3,1
229,9,0.04187627974897623,2,1
230,10,0.03235916793346405,1,1
231,10,0.18779243528842926,1,1
232,6,0.06316041275858879,5,1
233,8,0.037653050074974694,3,1
234,6,0.12597825787961484,5,1
235,-29,0.0984582389704883,40,1
236,9,0.08003988116979599,2,1
237,9,0.06612373609095812,2,1
238,-50,0.085617171600461,50,0
239,9,0.07322603277862072,2,1
240,-13,0.0359344850294292,4,0
241,9,0.02692497707903385,2,1
242,9,0.049379320815205574,2,1
243,7,0.06243653316050768,4,1
244,10,0.044593557715415955,1,1
245,6,0.0439565122127533,5,1
246,-13,0.03524994617328048,4,0
247,-10,0.03524108976125717,1,0
248,8,0.0541916914905111,3,1
249,8,0.2177319253484408,3,1
250,8,0.06937482704718907,3,1
251,8,0.022920464165508747,3,1
252,10,0.30978840589523315,1,1
253,9,0.2549368143081665,2,1
254,8,0.042144034057855606,3,1
255,10,0.010126285254955292,1,1
256,9,0.11138604022562504,2,1
257,6,0.04420080482959747,5,1
258,8,0.21545790260036787,3,1
259,9,0.021808580495417118,2,1
260,8,0.039413884902993836,3,1
261,9,0.03490862995386124,2,1
262,9,0.029559560120105743,2,1
263,9,0.03674141503870487,2,1
264,-12,0.02196307945996523,3,0
265,9,0.08551306277513504,2,1
266,6,0.2227686859667301,5,1
267,6,0.048615249991416934,5,1
268,9,0.036817158572375774,2,1
269,8,0.049546610563993454,3,1
270,7,0.1618181960657239,4,1
271,8,0.15669985860586166,3,1
272,10,0.038910023868083954,1,1
273,10,0.053244151175022125,1,1
274,9,0.029963208362460136,2,1
275,10,0.026104524731636047,1,1
276,-50,0.09345566553995013,50,0
277,8,0.028852857028444607,3,1
278,6,0.13338560685515405,5,1
279,6,0.11011175476014615,5,1
280,9,0.04603462666273117,2,1
281,6,0.0468067454174161,5,1
282,9,0.04532475769519806,2,1
283,-36,0.0928906807477804,47,1
284,8,0.2081071436405182,3,1
285,8,0.04626303414503733,3,1
286,10,0.0497344471514225,1,1
287,8,0.06474352379639943,3,1
288,10,0.0222641509026289,1,1
289,8,0.04487778743108114,3,1
290,8,0.04725743581851324,3,1
291,8,0.029591357335448265,3,1
292,8,0.05994346303244432,3,1
293,-50,0.09300046443939208,50,0
294,6,0.0990286186337471,5,1
295,8,0.08116577317317326,3,1
296,6,0.1777426078915596,5,1
297,7,0.050100513733923435,4,1
298,9,0.04398220032453537,2,1
299,7,0.05010695569217205,4,1
300,8,0.04722646748026212,3,1
301,9,0.03608502820134163,2,1
302,-22,0.09923845433601827,33,1
303,8,0.04876450697580973,3,1
304,6,0.12723616361618043,5,1
305,10,0.031105127185583115,1,1
306,6,0.03682146370410919,5,1
307,5,0.11122657731175423,6,1
308,4,0.0845913498529366,7,1
309,9,0.0325313787907362,2,1
310,8,0.026079073548316956,3,1
311,6,0.018439531326293945,5,1
312,6,0.12224877253174782,5,1
313,6,0.13262743093073368,5,1
314,9,0.018961497582495213,2,1
315,10,0.06534870713949203,1,1
316,7,0.10570802167057991,4,1
317,10,0.022365815937519073,1,1
318,9,0.041934942826628685,2,1
319,7,0.07496491400524974,4,1
320,7,0.025520791532471776,4,1
321,9,0.0827808603644371,2,1
322,10,0.42656925320625305,1,1
323,8,0.022127092195053894,3,1
324,10,0.07226290553808212,1,1
325,10,0.05778595805168152,1,1
326,-15,0.0803378690750553,26,1
327,8,0.03894871473312378,3,1
328,8,0.05372285904983679,3,1
329,8,0.056745342910289764,3,1
330,9,0.026435392908751965,2,1
331,10,0.021085567772388458,1,1
332,9,0.14617382735013962,2,1
333,9,0.07751493528485298,2,1
334,8,0.04597479725877444,3,1
335,8,0.03777689548830191,3,1
336,8,0.2618801183998585,3,1
337,10,0.16943088173866272,1,1
338,7,0.1375578143633902,4,1
339,10,0.03635847195982933,1,1
340,8,0.15017603958646455,3,1
341,9,0.02507516834884882,2,1
342,8,0.17598842084407806,3,1
343,9,0.2637999504804611,2,1
344,-10,0.05810832977294922,1,0
345,9,0.0773172564804554,2,1
346,9,0.03644302114844322,2,1
347,9,0.12058404833078384,2,1
348,6,0.05093687325716019,5,1
349,10,0.3283237814903259,1,1
350,9,0.042181650176644325,2,1
351,10,0.2437700629234314,1,1
352,9,0.05987820774316788,2,1
353,9,0.018015308305621147,2,1
354,6,0.09957172498106956,5,1
355,-10,0.0267646461725235,1,0
356,5,0.1366068640102943,6,1
357,10,0.12367865443229675,1,1
358,6,0.08340227119624614,5,1
359,-12,0.23278513799111047,3,0
360,9,0.5163312256336212,2,1
361,7,0.18555924016982317,4,1
362,10,0.13441245257854462,1,1
363,7,0.08767239656299353,4,1
364,8,0.21554800122976303,3,1
365,8,0.03317928438385328,3,1
366,10,0.04839368164539337,1,1
367,9,0.22552132233977318,2,1
368,-50,0.09417482037097216,50,0
369,8,0.08446253587802251,3,1
370,6,0.15165950283408164,5,1
371,-50,0.10471228804439306,50,0
372,9,0.049768753349781036,2,1
373,9,0.03276946395635605,2,1
374,7,0.08792884601280093,4,1
375,7,0.03083828743547201,4,1
376,7,0.15601238189265132,4,1
377,9,0.028038527816534042,2,1
378,10,0.020901931449770927,1,1
379,6,0.04043509196490049,5,1
380,8,0.15941560454666615,3,1
381,8,0.06819027165571849,3,1
382,8,0.1969767982761065,3,1
383,9,0.10572687536478043,2,1
384,8,0.09328147520621617,3,1
385,7,0.05662788916379213,4,1
386,10,0.0637909322977066,1,1
387,9,0.04116360284388065,2,1
388,7,0.1488703596405685,4,1
389,8,0.04913406943281492,3,1
390,10,0.05740742012858391,1,1
391,9,0.21484333090484142,2,1
392,7,0.04603965859860182,4,1
393,9,0.06833190843462944,2,1
394,9,0.05922858230769634,2,1
395,5,0.15906266123056412,6,1
396,7,0.15652864705771208,4,1
397,10,0.05057300627231598,1,1
398,10,0.35307735204696655,1,1
399,10,0.04173856973648071,1,1
400,9,0.04322313517332077,2,1
401,10,0.030318640172481537,1,1
402,10,0.03955850377678871,1,1
403,8,0.06550052141149838,3,1
404,8,0.07193560153245926,3,1
405,8,0.05727724234263102,3,1
406,10,0.5330846309661865,1,1
407,6,0.10796104185283184,5,1
408,6,0.02687104307115078,5,1
409,10,0.04705187305808067,1,1
410,8,0.044547257013618946,3,1
411,4,0.09014648784484182,7,1
412,6,0.05333818197250366,5,1
413,10,0.053315162658691406,1,1
414,9,0.028382877819240093,2,1
415,9,0.03241427056491375,2,1
416,8,0.02385896071791649,3,1
417,7,0.04697274975478649,4,1
418,9,0.033793529495596886,2,1
419,5,0.04269434635837873,6,1
420,-4,0.11281322861711184,15,1
421,8,0.06344794978698094,3,1
422,10,0.028313128277659416,1,1
423,8,0.16046697149674097,3,1
424,7,0.03216466447338462,4,1
425,-9,0.09671134017407894,20,1
426,6,0.1344830371439457,5,1
427,10,0.14924287796020508,1,1
428,10,0.12792828679084778,1,1
429,6,0.23693007379770278,5,1
430,7,0.05060135619714856,4,1
431,7,0.12537937238812447,4,1
432,10,0.16056150197982788,1,1
433,10,0.48548176884651184,1,1
434,8,0.119635875026385,3,1
435,10,0.13840842247009277,1,1
436,-50,0.12796916669234634,50,0
437,8,0.05746779590845108,3,1
438,9,0.25255725532770157,2,1
439,-10,0.3837156891822815,1,0
440,8,0.033549501871069275,3,1
441,8,0.06419248071809609,3,1
442,10,0.02192256599664688,1,1
443,7,0.02824356034398079,4,1
444,7,0.05381644004955888,4,1
445,5,0.1722843044747909,6,1
446,6,0.15518308579921722,5,1
447,9,0.05736509524285793,2,1
448,7,0.0667513208463788,4,1
449,8,0.04709943508108457,3,1
450,-5,0.07119224942289293,16,1
451,8,0.048824758579333626,3,1
452,7,0.031404719687998295,4,1
453,10,0.2957095205783844,1,1
454,9,0.06301561370491982,2,1
455,8,0.06392436722914378,3,1
456,8,0.04867337147394816,3,1
457,-4,0.049888210743665694,15,1
458,5,0.1063771207506458,6,1
459,10,0.036710724234580994,1,1
460,-4,0.08734965957701206,15,1
461,5,0.20681059112151465,6,1
462,9,0.026867019943892956,2,1
463,8,0.039610510071118675,3,1
464,8,0.05248027046521505,3,1
465,7,0.06366557069122791,4,1
466,10,0.06108098477125168,1,1
467,10,0.02857326529920101,1,1
468,8,0.14874029718339443,3,1
469,6,0.04759171530604363,5,1
470,10,0.0767463818192482,1,1
471,8,0.07078744967778523,3,1
472,9,0.2427212130278349,2,1
473,9,0.09786687232553959,2,1
474,10,0.025314101949334145,1,1
475,6,0.04222939237952232,5,1
476,10,0.018827108666300774,1,1
477,10,0.02232770249247551,1,1
478,8,0.16399120291074118,3,1
479,7,0.09986301604658365,4,1
480,9,0.06752845644950867,2,1
481,8,0.24015947803854942,3,1
482,10,0.035486672073602676,1,1
483,7,0.23682043980807066,4,1
484,8,0.061682830254236855,3,1
485,7,0.04293052293360233,4,1
486,10,0.10062219202518463,1,1
487,8,0.04454445838928223,3,1
488,7,0.11347010359168053,4,1
489,10,0.04057808965444565,1,1
490,8,0.03650454059243202,3,1
491,-1,0.06516971532255411,12,1
492,7,0.21350918989628553,4,1
493,7,0.02697951626032591,4,1
494,9,0.03213501535356045,2,1
495,9,0.03359705023467541,2,1
496,10,0.037485621869564056,1,1
497,7,0.030460387002676725,4,1
498,10,0.017876073718070984,1,1
499,6,0.0873397197574377,5,1
500,10,0.040386319160461426,1,1
501,10,0.028748195618391037,1,1
502,9,0.015913708601146936,2,1
503,10,0.013043317943811417,1,1
504,8,0.1396612779547771,3,1
505,9,0.0801600362174213,2,1
506,9,0.027019336819648743,2,1
507,6,0.04212011806666851,5,1
508,10,0.07202645391225815,1,1
509,9,0.18307491950690746,2,1
510,-10,0.024906789883971214,1,0
511,7,0.038587222807109356,4,1
512,7,0.12494248896837234,4,1
513,9,0.019683064427226782,2,1
514,10,0.02599153108894825,1,1
515,8,0.023240661869446438,3,1
516,8,0.05134040117263794,3,1
517,9,0.015514223836362362,2,1
518,6,0.18238583356142044,5,1
519,9,0.026293796487152576,2,1
520,10,0.021819066256284714,1,1
521,8,0.02953757035235564,3,1
522,-11,0.024507553316652775,2,0
523,10,0.021827150136232376,1,1
524,8,0.029618561267852783,3,1
525,7,0.07126684812828898,4,1
526,-3,0.06068643195820706,14,1
527,9,0.050847637467086315,2,1
528,7,0.029578642453998327,4,1
529,10,0.029529619961977005,1,1
530,6,0.08926460407674312,5,1
531,7,0.03869273699820042,4,1
532,8,0.0274696151415507,3,1
533,9,0.2957170121371746,2,1
534,9,0.05195070803165436,2,1
535,9,0.04109245911240578,2,1
536,10,0.03516038879752159,1,1
537,5,0.2266735558708509,6,1
538,7,0.049266448710113764,4,1
539,6,0.0461883082985878,5,1
540,9,0.02465074323117733,2,1
541,9,0.018582437187433243,2,1
542,9,0.17392756789922714,2,1
543,-50,0.05694025564938784,50,0
544,10,0.04486555978655815,1,1
545,8,0.07523140807946523,3,1
546,8,0.21870672702789307,3,1
547,10,0.032399825751781464,1,1
548,10,0.07137402892112732,1,1
549,8,0.024481701975067455,3,1
550,8,0.0375920074681441,3,1
551,9,0.030210591852664948,2,1
552,-23,0.05128731219364064,14,0
553,8,0.3748069902261098,3,1
554,-50,0.09292448196560145,50,0
555,9,0.18042365834116936,2,1
556,8,0.03718124826749166,3,1
557,6,0.024623391777276994,5,1
558,8,0.029402151703834534,3,1
559,9,0.019335010088980198,2,1
560,-1,0.06694825870605807,12,1
561,8,0.21384828786055246,3,1
562,9,0.03844042122364044,2,1
563,10,0.03282420337200165,1,1
564,8,0.05171791619310776,3,1
565,10,0.015632888302206993,1,1
566,8,0.04103167448192835,3,1
567,9,0.052320435643196106,2,1
568,5,0.03439230906466643,6,1
569,10,0.025599993765354156,1,1
570,3,0.04249014891684055,8,1
571,6,0.03608744256198406,5,1
572,7,0.0196755004581064,4,1
573,-10,0.09247026592493057,1,0
574,8,0.08326513320207596,3,1
575,10,0.01561424508690834,1,1
576,6,0.0400224931538105,5,1
577,8,0.10881811752915382,3,1
578,8,0.019280218829711277,3,1
579,8,0.018093612355490524,3,1
580,8,0.02895985109110673,3,1
581,5,0.19739800691604614,6,1
582,9,0.19951988570392132,2,1
583,8,0.043493314956625305,3,1
584,8,0.15741738739113012,3,1
585,10,0.031474508345127106,1,1
586,8,0.17769085677961508,3,1
587,5,0.047465250827372074,6,1
588,8,0.029221126809716225,3,1
589,10,0.03543895110487938,1,1
590,8,0.013459252814451853,3,1
591,9,0.022378717083483934,2,1
592,9,0.030520332977175713,2,1
593,8,0.01258226732412974,3,1
594,10,0.019705751910805702,1,1
595,5,0.15865747149412832,6,1
596,6,0.027607855293899773,5,1
597,10,0.02448856458067894,1,1
598,7,0.018047853372991085,4,1
599,8,0.018634431374569733,3,1
600,9,0.031138933263719082,2,1
601,-10,0.10568634420633316,1,0
602,7,0.04914062889292836,4,1
603,7,0.028533930075354874,4,1
604,6,0.020243463665246965,5,1
605,9,0.019290019758045673,2,1
606,10,0.018236733973026276,1,1
607,7,0.04045164957642555,4,1
608,10,0.06492211669683456,1,1
609,7,0.09200519789010286,4,1
610,6,0.08815238699316978,5,1
611,10,0.0066905636340379715,1,1
612,9,0.02271100413054228,2,1
613,10,0.017499256879091263,1,1
614,8,0.1168176420032978,3,1
615,5,0.030363114240268867,6,1
616,7,0.10291287605650723,4,1
617,8,0.026890399555365246,3,1
618,10,0.01467549242079258,1,1
619,10,0.02193129062652588,1,1
620,8,0.028174616396427155,3,1
621,8,0.1743772712846597,3,1
622,8,0.1566393325726191,3,1
623,9,0.02546372078359127,2,1
624,8,0.032251852874954544,3,1
625,9,0.049540385603904724,2,1
626,9,0.029153855051845312,2,1
627,10,0.014450615271925926,1,1
628,4,0.08067327165710074,7,1
629,7,0.04017086187377572,4,1
630,8,0.11988524595896403,3,1
631,8,0.027987221255898476,3,1
632,7,0.05490070674568415,4,1
633,-50,0.12495954390615224,50,0
634,10,0.04651881754398346,1,1
635,9,0.03828068356961012,2,1
636,5,0.05437665060162544,6,1
637,9,0.028715115040540695,2,1
638,5,0.030556086761256058,6,1
639,10,0.01728670485317707,1,1
640,8,0.048544399440288544,3,1
641,10,0.335622638463974,1,1
642,-7,0.05296424196826087,18,1
643,8,0.040758165220419564,3,1
644,3,0.08741250995080918,8,1
645,8,0.0773651512960593,3,1
646,7,0.0581211568787694,4,1
647,-10,0.020925242453813553,1,0
648,7,0.18440869450569153,4,1
649,8,0.21670303866267204,3,1
650,8,0.2071989607065916,3,1
651,10,0.3658376634120941,1,1
652,7,0.04047164134681225,4,1
653,8,0.0491249846915404,3,1
654,9,0.0940638817846775,2,1
655,10,0.019680889323353767,1,1
656,10,0.07468098402023315,1,1
657,5,0.09895049221813679,6,1
658,7,0.12447458691895008,4,1
659,6,0.2791053012013435,5,1
660,8,0.04124360904097557,3,1
661,5,0.09149431313077609,6,1
662,8,0.0448385588824749,3,1
663,8,0.1503540575504303,3,1
664,8,0.18069474212825298,3,1
665,9,0.16405612602829933,2,1
666,5,0.028285788061718147,6,1
667,7,0.052888812497258186,4,1
668,10,0.06264357268810272,1,1
669,7,0.16745839407667518,4,1
670,7,0.016240228665992618,4,1
671,7,0.2352024824358523,4,1
672,6,0.09164565168321133,5,1
673,7,0.039585592690855265,4,1
674,10,0.046335380524396896,1,1
675,7,0.028370083775371313,4,1
676,8,0.018202385554711025,3,1
677,9,0.15055877761915326,2,1
678,8,0.035984378308057785,3,1
679,10,0.02682359144091606,1,1
680,10,0.028785916045308113,1,1
681,8,0.042709716906150184,3,1
682,10,0.07240532338619232,1,1
683,8,0.029989173635840416,3,1
684,10,0.02968839928507805,1,1
685,7,0.11734906304627657,4,1
686,10,0.010175764560699463,1,1
687,9,0.01853686198592186,2,1
688,7,0.02513432176783681,4,1
689,7,0.041225537192076445,4,1
690,9,0.2616182565689087,2,1
691,9,0.029847085010260344,2,1
692,6,0.0477356331422925,5,1
693,10,0.01654890365898609,1,1
694,10,0.07512558996677399,1,1
695,6,0.03836172334849834,5,1
696,-10,0.06358391046524048,1,0
697,8,0.04180100684364637,3,1
698,8,0.044360507279634476,3,1
699,7,0.1833504717797041,4,1
700,-12,0.1685096633931001,3,0
701,8,0.04697552447517713,3,1
702,9,0.015337906777858734,2,1
703,-50,0.1066150444932282,50,0
704,8,0.2553185597062111,3,1
705,7,0.056355129927396774,4,1
706,7,0.03473851643502712,4,1
707,8,0.07736402874191602,3,1
708,7,0.03719624225050211,4,1
709,9,0.0319959856569767,2,1
710,9,0.30684846080839634,2,1
711,10,0.04171116277575493,1,1
712,6,0.23094117939472197,5,1
713,10,0.031237676739692688,1,1
714,7,0.12146552093327045,4,1
715,7,0.06202066782861948,4,1
716,10,0.30686676502227783,1,1
717,7,0.12154541909694672,4,1
718,5,0.18599435252447924,6,1
719,10,0.13653388619422913,1,1
720,8,0.0444686288634936,3,1
721,6,0.06295527257025242,5,1
722,7,0.05466223321855068,4,1
723,5,0.04946896247565746,6,1
724,10,0.05813329666852951,1,1
725,8,0.0464405802388986,3,1
726,-7,0.12880717352446583,18,1
727,6,0.09448048695921898,5,1
728,6,0.1303202796727419,5,1
729,10,0.22090743482112885,1,1
730,4,0.20899669932467596,7,1
731,9,0.10959514230489731,2,1
732,8,0.1368333362042904,3,1
733,9,0.07533968612551689,2,1
734,5,0.07042836149533589,6,1
735,9,0.06637372076511383,2,1
736,5,0.12383453672130902,6,1
737,10,0.08525353670120239,1,1
738,-50,0.14132242798805236,50,0
739,9,0.14533786848187447,2,1
740,8,0.16892259567975998,3,1
741,9,0.10227873921394348,2,1
742,10,0.03755991905927658,1,1
743,-3,0.1224311755171844,14,1
744,2,0.10658679012623098,9,1
745,7,0.09507230669260025,4,1
746,8,0.06973456715544064,3,1
747,8,0.10557822634776433,3,1
748,10,0.06373262405395508,1,1
749,5,0.055929768830537796,6,1
750,8,0.08088325460751851,3,1
751,-26,0.06194513537647093,17,0
752,8,0.14681441709399223,3,1
753,9,0.07330811582505703,2,1
754,6,0.1810396734625101,5,1
755,-15,0.09678521053865552,26,1
756,10,0.10110189020633698,1,1
757,8,0.0703984797000885,3,1
758,9,0.18091420829296112,2,1
759,6,0.17221947014331818,5,1
760,9,0.041447089053690434,2,1
761,10,0.02994050458073616,1,1
762,8,0.05452004820108414,3,1
763,10,0.08962538838386536,1,1
764,8,0.05130751679340998,3,1
765,10,0.04346809536218643,1,1
766,8,0.054584251095851265,3,1
767,8,0.0667716773847739,3,1
768,10,0.2107381820678711,1,1
769,10,0.08005238324403763,1,1
770,6,0.1465577505528927,5,1
771,8,0.07034670313199361,3,1
772,9,0.05732596479356289,2,1
773,8,0.06598088641961415,3,1
774,9,0.03511764854192734,2,1
775,9,0.06318406760692596,2,1
776,8,0.04395756497979164,3,1
777,10,0.023508429527282715,1,1
778,10,0.04415801167488098,1,1
779,-57,0.09414778622643401,48,0
780,7,0.06661137193441391,4,1
781,9,0.05139566399157047,2,1
782,9,0.09704485908150673,2,1
783,5,0.05736302025616169,6,1
784,9,0.05118269845843315,2,1
785,6,0.1323804758489132,5,1
786,8,0.06191772719224294,3,1
787,6,0.06392693370580674,5,1
788,9,0.0683075413107872,2,1
789,8,0.0890662247935931,3,1
790,8,0.20602739850680032,3,1
791,10,0.10801805555820465,1,1
792,9,0.030264549888670444,2,1
793,8,0.04852621629834175,3,1
794,8,0.08079089969396591,3,1
795,8,0.07058071593443553,3,1
796,9,0.0631520040333271,2,1
797,6,0.1629422102123499,5,1
798,7,0.08739652950316668,4,1
799,10,0.27927058935165405,1,1
800,7,0.04720441251993179,4,1
801,9,0.048197777941823006,2,1
802,10,0.5660452842712402,1,1
803,8,0.04391879215836525,3,1
804,8,0.07978283986449242,3,1
805,9,0.058712536469101906,2,1
806,8,0.07440510392189026,3,1
807,7,0.051626816391944885,4,1
808,6,0.11171206906437874,5,1
809,9,0.16275610961019993,2,1
810,6,0.08378081321716309,5,1
811,7,0.05794732738286257,4,1
812,10,0.01977168396115303,1,1
813,8,0.10033644984165828,3,1
814,9,0.03875693306326866,2,1
815,8,0.0694538950920105,3,1
816,9,0.03819494601339102,2,1
817,-10,0.04158589616417885,1,0
818,6,0.1746598407626152,5,1
819,9,0.0848143920302391,2,1
820,8,0.07858773941795032,3,1
821,9,0.07185659930109978,2,1
822,10,0.04873592406511307,1,1
823,10,0.06847430765628815,1,1
824,9,0.11403445526957512,2,1
825,10,0.019992424175143242,1,1
826,8,0.11724770690004031,3,1
827,9,0.04128326382488012,2,1
828,7,0.055576040875166655,4,1
829,9,0.07155815325677395,2,1
830,10,0.038024771958589554,1,1
831,5,0.06629277703662713,6,1
832,7,0.11441095173358917,4,1
833,10,0.10726162791252136,1,1
834,10,0.03338301554322243,1,1
835,7,0.19376359786838293,4,1
836,7,0.15817906893789768,4,1
837,10,0.022070124745368958,1,1
838,9,0.29143352061510086,2,1
839,9,0.05064099840819836,2,1
840,8,0.03680854166547457,3,1
841,4,0.08020047364490372,7,1
842,7,0.15466721542179585,4,1
843,8,0.08022857084870338,3,1
844,7,0.04964473284780979,4,1
845,7,0.047227910719811916,4,1
846,-39,0.1153305497765541,50,1
847,7,0.047995978966355324,4,1
848,8,0.05179050688942274,3,1
849,7,0.16658031661063433,4,1
850,8,0.18222045246511698,3,1
851,8,0.0458155224720637,3,1
852,9,0.13527077063918114,2,1
853,-50,0.07737060993909836,50,0
854,8,0.22267939647038779,3,1
855,8,0.062374734630187355,3,1
856,4,0.1231142460767712,7,1
857,6,0.19996385052800178,5,1
858,7,0.15644415747374296,4,1
859,8,0.04899609833955765,3,1
860,9,0.032338596880435944,2,1
861,9,0.06926962360739708,2,1
862,9,0.0526249622926116,2,1
863,7,0.172238290309906,4,1
864,6,0.04971215091645718,5,1
865,7,0.053904521279037,4,1
866,9,0.03814876265823841,2,1
867,7,0.14772322960197926,4,1
868,8,0.030896563082933426,3,1
869,3,0.06442989315837622,8,1
870,8,0.04997055853406588,3,1
871,10,0.03750956803560257,1,1
872,9,0.03490396775305271,2,1
873,9,0.08347335457801819,2,1
874,6,0.05689712725579739,5,1
875,8,0.11054103386898835,3,1
876,8,0.025623756150404613,3,1
877,10,0.016023684293031693,1,1
878,9,0.03701500594615936,2,1
879,8,0.03579292446374893,3,1
880,7,0.11864688992500305,4,1
881,6,0.1585432045161724,5,1
882,8,0.060979524006446205,3,1
883,10,0.03947129100561142,1,1
884,8,0.047707426051298775,3,1
885,9,0.05057660490274429,2,1
886,8,0.043695987512667976,3,1
887,7,0.10965325869619846,4,1
888,6,0.03880975842475891,5,1
889,7,0.06816227687522769,4,1
890,8,0.03275190790494283,3,1
891,9,0.30563971772789955,2,1
892,8,0.04758469760417938,3,1
893,-16,0.10456973121122078,27,1
894,10,0.07399505376815796,1,1
895,6,0.1344194632023573,5,1
896,9,0.04254905693233013,2,1
897,8,0.05228430529435476,3,1
898,6,0.07661363556981086,5,1
899,8,0.05063387254873911,3,1
900,-14,0.08752915069460869,25,1
901,-11,0.033125707879662514,2,0
902,8,0.058369848877191544,3,1
903,8,0.04079419498642286,3,1
904,5,0.06298614603777726,6,1
905,10,0.030286051332950592,1,1
906,10,0.09079050272703171,1,1
907,-17,0.10891109971063477,28,1
908,5,0.07608116107682387,6,1
909,-14,0.058331394642591475,25,1
910,9,0.03272647690027952,2,1
911,10,0.07324216514825821,1,1
912,7,0.048348551616072655,4,1
913,7,0.2510595889762044,4,1
914,9,0.27305399626493454,2,1
915,3,0.060943965800106525,8,1
916,-25,0.08757552209620674,36,1
917,9,0.03230565134435892,2,1
918,7,0.1085288506001234,4,1
919,10,0.0717407613992691,1,1
920,10,0.03932846337556839,1,1
921,9,0.09526782482862473,2,1
922,7,0.1192578561604023,4,1
923,7,0.05838767532259226,4,1
924,9,0.06456075422465801,2,1
925,6,0.05907642059028149,5,1
926,8,0.11245622485876083,3,1
927,7,0.05073832627385855,4,1
928,8,0.04031266272068024,3,1
929,7,0.04692227207124233,4,1
930,10,0.0980156809091568,1,1
931,8,0.10386113698283832,3,1
932,-10,0.047802478075027466,1,0
933,-11,0.27603865414857864,2,0
934,6,0.09159295111894608,5,1
935,9,0.08837839029729366,2,1
936,5,0.1944338846951723,6,1
937,10,0.10977243632078171,1,1
938,8,0.05834019432465235,3,1
939,10,0.05190547928214073,1,1
940,7,0.1372787682339549,4,1
941,9,0.0682862251996994,2,1
942,5,0.09841519718368848,6,1
943,8,0.0512737383445104,3,1
944,9,0.051332125440239906,2,1
945,10,0.09178737550973892,1,1
946,9,0.04972193017601967,2,1
947,8,0.05013352011640867,3,1
948,9,0.05017809942364693,2,1
949,8,0.053212309877077736,3,1
950,6,0.09998075813055038,5,1
951,8,0.03685870642463366,3,1
952,10,0.016569582745432854,1,1
953,8,0.02862420305609703,3,1
954,9,0.0424633277580142,2,1
955,10,0.021066635847091675,1,1
956,8,0.0925598784039418,3,1
957,10,0.022613799199461937,1,1
958,4,0.055060550038303645,7,1
959,6,0.04315395876765251,5,1
960,8,0.045733775943517685,3,1
961,7,0.11223359452560544,4,1
962,-5,0.09680535853840411,16,1
963,9,0.04015368036925793,2,1
964,10,0.09376013278961182,1,1
965,9,0.06971391662955284,2,1
966,10,0.046591706573963165,1,1
967,8,0.04452984780073166,3,1
968,7,0.07140560075640678,4,1
969,7,0.07647321932017803,4,1
970,8,0.11493589480717976,3,1
971,7,0.0826686080545187,4,1
972,5,0.14367209809521833,6,1
973,9,0.07241746038198471,2,1
974,8,0.08284896860520045,3,1
975,-12,0.08474166442950566,3,0
976,8,0.5099936425685883,3,1
977,9,0.16464083828032017,2,1
978,8,0.0630315641562144,3,1
979,9,0.08463668823242188,2,1
980,9,0.13269710727036,2,1
981,10,0.04161599650979042,1,1
982,7,0.2631146074272692,4,1
983,8,0.05368442895511786,3,1
984,8,0.12635327503085136,3,1
985,7,0.0565933920443058,4,1
986,7,0.2748789917677641,4,1
987,10,0.04598204791545868,1,1
988,10,0.036515943706035614,1,1
989,6,0.1423363357782364,5,1
990,9,0.06789014115929604,2,1
991,8,0.08280458301305771,3,1
992,7,0.16444399300962687,4,1
993,9,0.03271183650940657,2,1
994,10,0.032875239849090576,1,1
995,7,0.1763458256609738,4,1
996,6,0.031458012759685516,5,1
997,7,0.06211582664400339,4,1
998,10,0.05515433847904205,1,1
999,7,0.04028461501002312,4,1
1000,7,0.04629618674516678,4,1
1,7,0.1256681401282549,4,1
2,8,0.06036264325181643,3,1
3,8,0.06407660370071729,3,1
4,10,0.075075663626194,1,1
5,9,0.09165853634476662,2,1
6,2,0.059923708645833865,9,1
7,8,0.1042497952779134,3,1
8,8,0.25715785721937817,3,1
9,4,0.033371854041303904,7,1
10,9,0.028147168457508087,2,1
11,4,0.05288960225880146,7,1
12,7,0.15983896143734455,4,1
13,8,0.36451932042837143,3,1
14,8,0.11935187131166458,3,1
15,6,0.19995191507041454,5,1
16,7,0.14229210559278727,4,1
17,-10,0.019236188381910324,1,0
18,10,0.020697545260190964,1,1
19,8,0.1690857633948326,3,1
20,9,0.1092870831489563,2,1
21,9,0.033266110345721245,2,1
22,10,0.07557827979326248,1,1
23,9,0.057769257575273514,2,1
24,8,0.19293739398320517,3,1
25,9,0.052724458277225494,2,1
26,10,0.03282549977302551,1,1
27,10,0.030787358060479164,1,1
28,10,0.04262301325798035,1,1
29,7,0.13703421130776405,4,1
30,8,0.32345819224913913,3,1
31,10,0.021727753803133965,1,1
32,10,0.08829580247402191,1,1
33,8,0.030841677139202755,3,1
34,8,0.15998132030169168,3,1
35,9,0.028413763269782066,2,1
36,-10,0.10555120557546616,1,0
37,9,0.027794163674116135,2,1
38,10,0.020070310682058334,1,1
39,8,0.2490342271824678,3,1
40,9,0.023383716121315956,2,1
41,9,0.038516486063599586,2,1
42,9,0.02451384626328945,2,1
43,7,0.037080129608511925,4,1
44,5,0.044878496478001274,6,1
45,10,0.07923263311386108,1,1
46,10,0.06560348719358444,1,1
47,5,0.027440238744020462,6,1
48,9,0.02094437275081873,2,1
49,9,0.12220078334212303,2,1
50,9,0.24004879873245955,2,1
51,9,0.023045862093567848,2,1
52,8,0.018278670497238636,3,1
53,5,0.05987084284424782,6,1
54,7,0.2808717396110296,4,1
55,10,0.022196516394615173,1,1
56,7,0.017968099331483245,4,1
57,8,0.02685266298552354,3,1
58,6,0.02590221744030714,5,1
59,10,0.06063762679696083,1,1
60,8,0.029355754454930622,3,1
61,9,0.020138303749263287,2,1
62,9,0.022322947159409523,2,1
63,7,0.03589899092912674,4,1
64,8,0.024181770160794258,3,1
65,4,0.02450693505150931,7,1
66,7,0.1455039605498314,4,1
67,9,0.2786364443600178,2,1
68,9,0.023914155550301075,2,1
69,7,0.1428338224068284,4,1
70,10,0.08701537549495697,1,1
71,8,0.41540158291657764,3,1
72,7,0.09008153900504112,4,1
73,4,0.09170126994805676,7,1
74,10,0.1205347329378128,1,1
75,8,0.05314608911673228,3,1
76,10,0.055717673152685165,1,1
77,8,0.059764264772335686,3,1
78,10,0.4020533859729767,1,1
79,8,0.16700872282187143,3,1
80,7,0.12885492900386453,4,1
81,10,0.016509249806404114,1,1
82,9,0.04848412424325943,2,1
83,10,0.022472839802503586,1,1
84,9,0.04368418361991644,2,1
85,7,0.03684568218886852,4,1
86,9,0.04195575974881649,2,1
87,9,0.03729633428156376,2,1
88,6,0.03321176059544086,5,1
89,6,0.17122600302100183,5,1
90,10,0.10872584581375122,1,1
91,9,0.048760734498500824,2,1
92,3,0.18051259545609355,8,1
93,7,0.15483082830905914,4,1
94,10,0.03477928042411804,1,1
95,7,0.05757049564272165,4,1
96,10,0.03148351609706879,1,1
97,7,0.030300915706902742,4,1
98,6,0.12665106989443303,5,1
99,6,0.1186373982578516,5,1
100,10,0.080452561378479,1,1
101,10,0.12960423529148102,1,1
102,9,0.04996050149202347,2,1
103,9,0.2562282755970955,2,1
104,10,0.018897227942943573,1,1
105,9,0.032000442035496235,2,1
106,9,0.22960170358419418,2,1
107,9,0.03491100110113621,2,1
108,8,0.02034026477485895,3,1
109,8,0.038155972957611084,3,1
110,9,0.046052657067775726,2,1
111,7,0.1326775997877121,4,1
112,8,0.06006159198780855,3,1
113,7,0.24842156656086445,4,1
114,10,0.13985083997249603,1,1
115,7,0.0534844845533371,4,1
116,7,0.14435004442930222,4,1
117,6,0.03572509884834289,5,1
118,10,0.016527120023965836,1,1
119,10,0.46952277421951294,1,1
120,8,0.03056819550693035,3,1
121,10,0.03012419119477272,1,1
122,10,0.02769806608557701,1,1
123,4,0.06812985906643527,7,1
124,-50,0.10628856040537357,50,0
125,10,0.013524975627660751,1,1
126,9,0.024086098186671734,2,1
127,7,0.1735260644927621,4,1
128,6,0.15122961029410362,5,1
129,10,0.03324442729353905,1,1
130,8,0.1174889678756396,3,1
131,10,0.022100389003753662,1,1
132,8,0.1627229079604149,3,1
133,8,0.07284809245417516,3,1
134,10,0.03494557738304138,1,1
135,7,0.06033732881769538,4,1
136,8,0.07559017278254032,3,1
137,7,0.03533345554023981,4,1
138,7,0.035644655115902424,4,1
139,9,0.05724412016570568,2,1
140,9,0.26433654874563217,2,1
141,8,0.19325725082308054,3,1
142,9,0.01700206007808447,2,1
143,7,0.07685548812150955,4,1
144,8,0.18458710114161173,3,1
145,8,0.15992538134256998,3,1
146,9,0.3809278756380081,2,1
147,10,0.024972809478640556,1,1
148,10,0.0973595455288887,1,1
149,6,0.14875775761902332,5,1
150,7,0.03429278917610645,4,1
151,6,0.08220928870141506,5,1
152,-20,0.15841956556804718,31,1
153,8,0.0882415237526099,3,1
154,10,0.3746652901172638,1,1
155,7,0.140669047832489,4,1
156,9,0.1452227309346199,2,1
157,9,0.18248211592435837,2,1
158,10,0.197143092751503,1,1
159,10,0.06892739236354828,1,1
160,3,0.13437562179751694,8,1
161,-10,0.13758911192417145,1,0
162,8,0.052191918094952904,3,1
163,9,0.0675644502043724,2,1
164,5,0.03758162663628658,6,1
165,9,0.0470992773771286,2,1
166,10,0.026637179777026176,1,1
167,8,0.19595674922068915,3,1
168,9,0.06890977174043655,2,1
169,10,0.016292400658130646,1,1
170,8,0.09452381978432338,3,1
171,8,0.044864593694607414,3,1
172,10,0.05069863796234131,1,1
173,8,0.03752058371901512,3,1
174,7,0.139494426548481,4,1
175,9,0.03707188740372658,2,1
176,10,0.037015579640865326,1,1
177,7,0.02541477605700493,4,1
178,9,0.03860342036932707,2,1
179,8,0.12953282861659923,3,1
180,7,0.03402593173086643,4,1
181,7,0.06182658579200506,4,1
182,10,0.03822977840900421,1,1
183,7,0.03524301713332534,4,1
184,10,0.09707209467887878,1,1
185,-50,0.08436849113553763,50,0
186,8,0.05137225550909837,3,1
187,7,0.07585506234318018,4,1
188,-9,0.11365708108060062,20,1
189,8,0.057032051185766854,3,1
190,7,0.059043824672698975,4,1
191,7,0.2183542288839817,4,1
192,6,0.044778593629598615,5,1
193,9,0.04490783717483282,2,1
194,10,0.032494038343429565,1,1
195,-50,0.09863538917154074,50,0
196,8,0.033814226587613426,3,1
197,8,0.31167779800792533,3,1
198,10,0.019798360764980316,1,1
199,10,0.04400157183408737,1,1
200,9,0.06529276445508003,2,1
201,10,0.06441165506839752,1,1
202,9,0.15523528307676315,2,1
203,6,0.027721896767616272,5,1
204,8,0.01783894592275222,3,1
205,9,0.03129649814218283,2,1
206,9,0.03889608569443226,2,1
207,9,0.048007914796471596,2,1
208,9,0.05401762202382088,2,1
209,9,0.07530557923018932,2,1
210,-50,0.11623057633638383,50,0
211,9,0.29573336243629456,2,1
212,7,0.2305666096508503,4,1
213,8,0.09364322076241176,3,1
214,10,0.03216036036610603,1,1
215,7,0.10254509374499321,4,1
216,7,0.08500834181904793,4,1
217,10,0.10369276255369186,1,1
218,9,0.0656098797917366,2,1
219,8,0.17797059441606203,3,1
220,7,0.05479534808546305,4,1
221,10,0.027581002563238144,1,1
222,9,0.09650654718279839,2,1
223,7,0.0540268374606967,4,1
224,7,0.07951884809881449,4,1
225,9,0.1506805643439293,2,1
226,7,0.12320581823587418,4,1
227,8,0.10108666246136029,3,1
228,9,0.13163459673523903,2,1
229,-14,0.19812103360891342,5,0
230,10,0.0627070739865303,1,1
231,8,0.09763672947883606,3,1
232,7,0.03945682570338249,4,1
233,8,0.07764119779070218,3,1
234,6,0.10383642613887786,5,1
235,-10,0.01842731609940529,1,0
236,8,0.08989872535069783,3,1
237,8,0.07541664689779282,3,1
238,10,0.047264859080314636,1,1
239,7,0.04330267943441868,4,1
240,8,0.04213311647375425,3,1
241,8,0.11263490468263626,3,1
242,10,0.043608278036117554,1,1
243,10,0.06929314136505127,1,1
244,6,0.08485822677612305,5,1
245,8,0.07812446355819702,3,1
246,8,0.16609285150965056,3,1
247,7,0.06801994005218148,4,1
248,7,0.14071188773959875,4,1
249,-50,0.09169707112014294,50,0
250,7,0.1574072241783142,4,1
251,9,0.057156793773174286,2,1
252,10,0.5035623908042908,1,1
253,5,0.10830202357222636,6,1
254,8,0.1947371798257033,3,1
255,9,0.03154274448752403,2,1
256,9,0.029851336032152176,2,1
257,10,0.019639557227492332,1,1
258,10,0.07561244070529938,1,1
259,10,0.03920004144310951,1,1
260,8,0.030659379437565804,3,1
261,10,0.03798554092645645,1,1
262,7,0.11298354063183069,4,1
263,8,0.03157398011535406,3,1
264,9,0.018912137486040592,2,1
265,-50,0.09430037789046765,50,0
266,10,0.06543128192424774,1,1
267,8,0.05606569970647494,3,1
268,6,0.07093867398798466,5,1
269,7,0.049483610317111015,4,1
270,10,0.05642484128475189,1,1
271,7,0.06081304792314768,4,1
272,9,0.08369030430912971,2,1
273,8,0.05123762538035711,3,1
274,9,0.02360272780060768,2,1
275,9,0.0686475820839405,2,1
276,8,0.03237126022577286,3,1
277,8,0.03970792517066002,3,1
278,9,0.031302088871598244,2,1
279,8,0.21032488842805228,3,1
280,8,0.06438875943422318,3,1
281,9,0.07816231716424227,2,1
282,-10,0.04044225811958313,1,0
283,5,0.07803505441794793,6,1
284,10,0.053197506815195084,1,1
285,-3,0.11713308707943984,14,1
286,7,0.04675369476899505,4,1
287,7,0.06963711883872747,4,1
288,10,0.08915318548679352,1,1
289,8,0.08771246547500293,3,1
290,-50,0.12456412646919489,50,0
291,9,0.0337194362655282,2,1
292,10,0.04219314455986023,1,1
293,10,0.036402978003025055,1,1
294,10,0.020837105810642242,1,1
295,9,0.03216641582548618,2,1
296,6,0.14430875405669213,5,1
297,7,0.06833994993939996,4,1
298,8,0.08708847189942996,3,1
299,9,0.06623304635286331,2,1
300,5,0.15126636003454527,6,1
301,6,0.044129029661417005,5,1
302,10,0.30200648307800293,1,1
303,9,0.05898025631904602,2,1
304,9,0.04972715675830841,2,1
305,8,0.3471381564935048,3,1
306,10,0.04587257280945778,1,1
307,8,0.03937992515663306,3,1
308,8,0.057611449311176934,3,1
309,8,0.03612817140916983,3,1
310,6,0.2606128789484501,5,1
311,8,0.26227830226222676,3,1
312,8,0.04882091159621874,3,1
313,7,0.04623577278107405,4,1
314,9,0.04243449866771698,2,1
315,10,0.026507273316383362,1,1
316,10,0.16673801839351654,1,1
317,8,0.059020484487215676,3,1
318,10,0.0556042306125164,1,1
319,10,0.03503675013780594,1,1
320,10,0.08707742393016815,1,1
321,8,0.13226770609617233,3,1
322,9,0.04117531329393387,2,1
323,9,0.03002072311937809,2,1
324,8,0.02588815490404765,3,1
325,7,0.04508192930370569,4,1
326,10,0.035565100610256195,1,1
327,8,0.039124730974435806,3,1
328,6,0.04720890522003174,5,1
329,10,0.026243455708026886,1,1
330,10,0.02775764837861061,1,1
331,8,0.03616428623596827,3,1
332,8,0.1921512484550476,3,1
333,10,0.021735163405537605,1,1
334,8,0.08114626258611679,3,1
335,4,0.05736066507441657,7,1
336,7,0.03221386484801769,4,1
337,10,0.06395430862903595,1,1
338,7,0.09566881973296404,4,1
339,9,0.06082562729716301,2,1
340,8,0.030445391933123272,3,1
341,9,0.0378488227725029,2,1
342,6,0.038865001499652864,5,1
343,9,0.028318585827946663,2,1
344,9,0.03057210147380829,2,1
345,7,0.11263495543971658,4,1
346,9,0.20140835642814636,2,1
347,9,0.048015618696808815,2,1
348,9,0.03231970360502601,2,1
349,10,0.02134821191430092,1,1
350,8,0.028005364040533703,3,1
351,8,0.16322809209426245,3,1
352,9,0.04690992087125778,2,1
353,6,0.03335407860577107,5,1
354,7,0.08346836781129241,4,1
355,6,0.12334132958203554,5,1
356,7,0.13014463265426457,4,1
357,8,0.039566028863191605,3,1
358,9,0.03348889946937561,2,1
359,8,0.05270402878522873,3,1
360,9,0.09335264936089516,2,1
361,10,0.05830823630094528,1,1
362,8,0.024156298488378525,3,1
363,8,0.07984506463011105,3,1
364,7,0.1323232203722,4,1
365,6,0.04715369213372469,5,1
366,-11,0.09948571356521412,22,1
367,10,0.022676389664411545,1,1
368,8,0.04538737113277117,3,1
369,8,0.18408879141012827,3,1
370,8,0.03372396404544512,3,1
371,7,0.04676825879141688,4,1
372,8,0.0961383655667305,3,1
373,-50,0.09700576722621918,50,0
374,7,0.05954763502813876,4,1
375,8,0.18806967387596765,3,1
376,9,0.05637911893427372,2,1
377,9,0.02809659717604518,2,1
378,8,0.041750216856598854,3,1
379,10,0.07849312573671341,1,1
380,8,0.03904257838924726,3,1
381,10,0.05456452816724777,1,1
382,8,0.04265769508977731,3,1
383,7,0.05461187334731221,4,1
384,8,0.03237182957430681,3,1
385,10,0.026513446122407913,1,1
386,7,0.1082012983970344,4,1
387,10,0.038025908172130585,1,1
388,9,0.0358950337395072,2,1
389,9,0.15014434419572353,2,1
390,6,0.05503499805927277,5,1
391,8,0.02645302191376686,3,1
392,8,0.044250817969441414,3,1
393,9,0.03467484191060066,2,1
394,9,0.0698264678940177,2,1
395,3,0.04516548058018088,8,1
396,6,0.10146706625819206,5,1
397,9,0.06234058924019337,2,1
398,10,0.05870041996240616,1,1
399,-34,0.0819635693811708,45,1
400,7,0.02601124346256256,4,1
401,9,0.023247460834681988,2,1
402,10,0.05896815285086632,1,1
403,10,0.055935800075531006,1,1
404,9,0.22564977686852217,2,1
405,9,0.06496966816484928,2,1
406,-14,0.08217091664671898,25,1
407,10,0.026856334879994392,1,1
408,10,0.03222895786166191,1,1
409,-11,0.04619866423308849,2,0
410,9,0.06553750485181808,2,1
411,8,0.15536626490453878,3,1
412,8,0.04499278590083122,3,1
413,7,0.16221957560628653,4,1
414,9,0.39980030804872513,2,1
415,7,0.0947735458612442,4,1
416,7,0.0700702965259552,4,1
417,9,0.2925167754292488,2,1
418,7,0.07941772043704987,4,1
419,8,0.051936363180478416,3,1
420,7,0.2061492558568716,4,1
421,10,0.0627368837594986,1,1
422,10,0.05012591555714607,1,1
423,8,0.09437057003378868,3,1
424,9,0.06496684439480305,2,1
425,9,0.08877541497349739,2,1
426,10,0.04188941419124603,1,1
427,9,0.06386560946702957,2,1
428,6,0.048253581300377844,5,1
429,8,0.05241299234330654,3,1
430,9,0.1135813444852829,2,1
431,8,0.06084290643533071,3,1
432,10,0.13169685006141663,1,1
433,6,0.1448534533381462,5,1
434,7,0.16228560637682676,4,1
435,10,0.0961138904094696,1,1
436,10,0.05581238865852356,1,1
437,10,0.08538345247507095,1,1
438,9,0.18720895051956177,2,1
439,7,0.05387389054521918,4,1
440,10,0.06740497797727585,1,1
441,6,0.1092459861189127,5,1
442,9,0.27039668895304203,2,1
443,5,0.049624032651384674,6,1
444,9,0.12454034388065338,2,1
445,5,0.045917329688866935,6,1
446,9,0.03603908605873585,2,1
447,8,0.03300540645917257,3,1
448,-50,0.08407446056604385,50,0
449,9,0.23885053489357233,2,1
450,9,0.06724824756383896,2,1
451,-1,0.10019482082376878,12,1
452,9,0.042298504151403904,2,1
453,10,0.43208780884742737,1,1
454,8,0.035700963189204536,3,1
455,10,0.13396400213241577,1,1
456,8,0.1642389309902986,3,1
457,10,0.052744630724191666,1,1
458,10,0.08507344871759415,1,1
459,7,0.06627361942082644,4,1
460,8,0.03711705282330513,3,1
461,6,0.06345717906951905,5,1
462,10,0.09275761246681213,1,1
463,9,0.07218421623110771,2,1
464,9,0.04915605112910271,2,1
465,6,0.04878666400909424,5,1
466,-10,0.04303307086229324,1,0
467,9,0.033610145561397076,2,1
468,8,0.08107935761411984,3,1
469,9,0.03340901434421539,2,1
470,9,0.04094814043492079,2,1
471,10,0.07010091841220856,1,1
472,8,0.0510932964583238,3,1
473,10,0.06571605801582336,1,1
474,8,0.10064453383286794,3,1
475,10,0.027201037853956223,1,1
476,10,0.02215714007616043,1,1
477,10,0.014123423025012016,1,1
478,8,0.12381851052244504,3,1
479,8,0.1839015760148565,3,1
480,7,0.06155456509441137,4,1
481,7,0.14758311701007187,4,1
482,7,0.023805793840438128,4,1
483,10,0.050004325807094574,1,1
484,10,0.020225560292601585,1,1
485,5,0.03147958250095447,6,1
486,-7,0.07458725706156757,18,1
487,10,0.041283756494522095,1,1
488,10,0.03547505661845207,1,1
489,8,0.06159913043181101,3,1
490,10,0.0820014476776123,1,1
491,9,0.03837583493441343,2,1
492,7,0.053274635691195726,4,1
493,8,0.06702431291341782,3,1
494,7,0.05210576532408595,4,1
495,6,0.048797202110290525,5,1
496,10,0.026781922206282616,1,1
497,7,0.04951761569827795,4,1
498,9,0.04053657688200474,2,1
499,9,0.030101783573627472,2,1
500,7,0.030029827496036887,4,1
501,9,0.059720104560256004,2,1
502,9,0.10182168334722519,2,1
503,9,0.09537320956587791,2,1
504,9,0.28941604122519493,2,1
505,8,0.19034859786430994,3,1
506,7,0.044856153428554535,4,1
507,10,0.028951380401849747,1,1
508,9,0.0589574258774519,2,1
509,9,0.024321939796209335,2,1
510,6,0.031483922898769376,5,1
511,8,0.040440126632650696,3,1
512,7,0.051691433414816856,4,1
513,9,0.02464765217155218,2,1
514,8,0.04015726285676161,3,1
515,-50,0.04780520148575306,50,0
516,-8,0.03438567806427416,19,1
517,10,0.044144682586193085,1,1
518,6,0.06636080406606197,5,1
519,9,0.2675314135849476,2,1
520,-11,0.04560144804418087,2,0
521,6,0.11806126721203328,5,1
522,8,0.167069585993886,3,1
523,9,0.025119452737271786,2,1
524,6,0.017895246483385564,5,1
525,8,0.04807806263367335,3,1
526,10,0.053618576377630234,1,1
527,7,0.04162100376561284,4,1
528,10,0.0259685181081295,1,1
529,8,0.018502154387533665,3,1
530,9,0.049619249533861876,2,1
531,10,0.050310250371694565,1,1
532,6,0.10034789238125086,5,1
533,4,0.016096868685313633,7,1
534,9,0.016671436373144388,2,1
535,9,0.010287757962942123,2,1
536,-7,0.06383553685413466,18,1
537,8,0.013771355462570986,3,1
538,-50,0.04047870732843876,50,0
539,9,0.01794678345322609,2,1
540,10,0.7949646711349487,1,1
541,9,0.01028313860297203,2,1
542,7,0.1317132853437215,4,1
543,7,0.031843689270317554,4,1
544,8,0.13567948807030916,3,1
545,8,0.048173605153958,3,1
546,9,0.025136634707450867,2,1
547,8,0.02504071282843749,3,1
548,-50,0.058175464663654565,50,0
549,6,0.029155499301850796,5,1
550,8,0.03080772515386343,3,1
551,8,0.019720890869696934,3,1
552,9,0.01254636188969016,2,1
553,8,0.10823692133029301,3,1
554,10,0.012466363608837128,1,1
555,7,0.02641605492681265,4,1
556,8,0.019986471782128017,3,1
557,7,0.0804142588749528,4,1
558,-17,0.06028078020816403,28,1
559,10,0.012456419877707958,1,1
560,10,0.06322601437568665,1,1
561,9,0.008553686318919063,2,1
562,8,0.026321152225136757,3,1
563,10,0.013027805835008621,1,1
564,9,0.14380640909075737,2,1
565,10,0.02025906927883625,1,1
566,9,0.03720718389376998,2,1
567,9,0.02243112539872527,2,1
568,9,0.048470575362443924,2,1
569,3,0.11815361387562007,8,1
570,9,0.018928244709968567,2,1
571,10,0.022976843640208244,1,1
572,8,0.10687118954956532,3,1
573,10,0.06800810992717743,1,1
574,8,0.022544798130790394,3,1
575,9,0.02044398197904229,2,1
576,10,0.02193398028612137,1,1
577,6,0.02958219051361084,5,1
578,10,0.010866012424230576,1,1
579,10,0.017810102552175522,1,1
580,9,0.023597304709255695,2,1
581,7,0.013503974652849138,4,1
582,5,0.1168927289545536,6,1
583,7,0.02234110189601779,4,1
584,-10,0.005419963970780373,1,0
585,7,0.038773297099396586,4,1
586,-48,0.04167596761805889,39,0
587,7,0.09044464863836765,4,1
588,10,0.534644365310669,1,1
589,8,0.1896857808654507,3,1
590,7,0.020794249372556806,4,1
591,10,0.025367483496665955,1,1
592,8,0.024781505887707073,3,1
593,10,0.06132308393716812,1,1
594,6,0.039717193320393564,5,1
595,5,0.03514170662189523,6,1
596,8,0.04414821416139603,3,1
597,9,0.030384458601474762,2,1
598,9,0.013644109014421701,2,1
599,7,0.030300177168101072,4,1
600,9,0.02384793828241527,2,1
601,10,0.03602716326713562,1,1
602,-11,0.024628221057355404,2,0
603,10,0.012186320498585701,1,1
604,10,0.4815596342086792,1,1
605,10,0.06688376516103745,1,1
606,10,0.009997041895985603,1,1
607,7,0.00824107218068093,4,1
608,9,0.04562372388318181,2,1
609,7,0.03126190532930195,4,1
610,7,0.022067316342145205,4,1
611,8,0.020534744719043374,3,1
612,8,0.1939340444902579,3,1
613,6,0.02193335760384798,5,1
614,10,0.01103573851287365,1,1
615,7,0.01761623565107584,4,1
616,9,0.25127486791461706,2,1
617,9,0.0296977236866951,2,1
618,-8,0.09235301912811242,19,1
619,9,0.030221388675272465,2,1
620,8,0.11645499989390373,3,1
621,5,0.07309415377676487,6,1
622,8,0.032296414797504745,3,1
623,8,0.016222513591249783,3,1
624,9,0.021773971617221832,2,1
625,6,0.13039921149611472,5,1
626,8,0.16772982912758985,3,1
627,10,0.025484081357717514,1,1
628,9,0.1821449212729931,2,1
629,8,0.07790805399417877,3,1
630,7,0.06200785282999277,4,1
631,-11,0.028476057574152946,2,0
632,8,0.1547282375395298,3,1
633,9,0.1531043741852045,2,1
634,10,0.03432513773441315,1,1
635,6,0.19455615766346454,5,1
636,8,0.016903719554344814,3,1
637,9,0.029965611174702644,2,1
638,9,0.24815234541893005,2,1
639,8,0.03693069207171599,3,1
640,10,0.030375966802239418,1,1
641,10,0.01736164093017578,1,1
642,-12,0.20607326924800873,3,0
643,10,0.04032580927014351,1,1
644,8,0.05476175993680954,3,1
645,6,0.19383316487073898,5,1
646,10,0.24420830607414246,1,1
647,10,0.01589040458202362,1,1
648,7,0.026057854760438204,4,1
649,8,0.17409339422980943,3,1
650,9,0.05213811993598938,2,1
651,8,0.05796679606040319,3,1
652,10,0.03611789271235466,1,1
653,8,0.038336408945421376,3,1
654,5,0.02909389215831955,6,1
655,7,0.03686949471011758,4,1
656,10,0.04688344523310661,1,1
657,9,0.12151698302477598,2,1
658,-50,0.12985747039318085,50,0
659,9,0.033308766316622496,2,1
660,7,0.04078814201056957,4,1
661,8,0.11747647511462371,3,1
662,-18,0.10366787774295642,29,1
663,5,0.12342846455673377,6,1
664,-20,0.1377256964483569,31,1
665,-27,0.14456356863344186,38,1
666,9,0.09064229298382998,2,1
667,6,0.1804333433508873,5,1
668,10,0.43623289465904236,1,1
669,7,0.01862239558249712,4,1
670,10,0.037163011729717255,1,1
671,8,0.07182250916957855,3,1
672,10,0.06862092018127441,1,1
673,5,0.14537491649389267,6,1
674,9,0.05380278080701828,2,1
675,9,0.28078170865774155,2,1
676,10,0.035269878804683685,1,1
677,10,0.031300418078899384,1,1
678,8,0.060485370457172394,3,1
679,9,0.025512133724987507,2,1
680,6,0.07510889694094658,5,1
681,10,0.015319863334298134,1,1
682,10,0.12649354338645935,1,1
683,7,0.04839466093108058,4,1
684,8,0.17654710511366525,3,1
685,10,0.3510552644729614,1,1
686,7,0.05047410121187568,4,1
687,10,0.05598721280694008,1,1
688,7,0.025835476350039244,4,1
689,8,0.26867403586705524,3,1
690,9,0.06278916075825691,2,1
691,8,0.2131191318233808,3,1
692,9,0.059310464188456535,2,1
693,8,0.04706575224796931,3,1
694,7,0.07741702068597078,4,1
695,10,0.13859207928180695,1,1
696,8,0.04135445381204287,3,1
697,9,0.021930988878011703,2,1
698,9,0.02229433413594961,2,1
699,-12,0.3278490739564101,3,0
700,8,0.1904859592517217,3,1
701,8,0.06436153625448544,3,1
702,8,0.0578229104479154,3,1
703,9,0.30920524150133133,2,1
704,9,0.2504997104406357,2,1
705,7,0.03863561921752989,4,1
706,7,0.04004443343728781,4,1
707,5,0.17391510618229708,6,1
708,9,0.024271070957183838,2,1
709,-50,0.1353848847001791,50,0
710,8,0.07202105099956195,3,1
711,9,0.304117102175951,2,1
712,10,0.49911728501319885,1,1
713,10,0.0473102331161499,1,1
714,6,0.2528133250772953,5,1
715,7,0.15236081229522824,4,1
716,9,0.044229213148355484,2,1
717,6,0.05150458998978138,5,1
718,9,0.11298349499702454,2,1
719,6,0.04015593826770782,5,1
720,10,0.13513173162937164,1,1
721,7,0.07694129925221205,4,1
722,10,0.022518549114465714,1,1
723,9,0.034462323412299156,2,1
724,-5,0.14591348310932517,16,1
725,5,0.13723560267438492,6,1
726,9,0.05632438510656357,2,1
727,8,0.057089945301413536,3,1
728,7,0.12893472518771887,4,1
729,9,0.2891884408891201,2,1
730,10,0.061467982828617096,1,1
731,9,0.17830408457666636,2,1
732,6,0.05886742286384106,5,1
733,6,0.11293657459318637,5,1
734,7,0.03308107145130634,4,1
735,7,0.08255480695515871,4,1
736,7,0.08071426581591368,4,1
737,9,0.11004728358238935,2,1
738,6,0.15320866815745832,5,1
739,10,0.5065329670906067,1,1
740,10,0.07676509022712708,1,1
741,7,0.05008850945159793,4,1
742,9,0.2632421888411045,2,1
743,10,0.016536224633455276,1,1
744,8,0.05974347144365311,3,1
745,10,0.05398179590702057,1,1
746,-18,0.13762733462298737,29,1
747,9,0.03404523245990276,2,1
748,10,0.021004222333431244,1,1
749,8,0.05835016071796417,3,1
750,7,0.0431676572188735,4,1
751,7,0.05354394041933119,4,1
752,10,0.04882960021495819,1,1
753,8,0.04828643177946409,3,1
754,8,0.02941265795379877,3,1
755,8,0.04339957733949026,3,1
756,8,0.1723316696782907,3,1
757,9,0.1803541872650385,2,1
758,9,0.24993707425892353,2,1
759,-26,0.08431477749065773,37,1
760,8,0.03851560006539027,3,1
761,8,0.23774831431607404,3,1
762,-50,0.06531716024503112,50,0
763,-28,0.10036346493050075,39,1
764,8,0.1628275973101457,3,1
765,7,0.027801770251244307,4,1
766,10,0.47865167260169983,1,1
767,9,0.07482229173183441,2,1
768,8,0.035845231264829636,3,1
769,10,0.06334627419710159,1,1
770,10,0.05270855128765106,1,1
771,9,0.07334769517183304,2,1
772,6,0.19548632204532623,5,1
773,-30,0.12286310039815448,21,0
774,10,0.04219149798154831,1,1
775,6,0.12998465560376643,5,1
776,7,0.15127896890044212,4,1
777,-20,0.10945774410520831,31,1
778,7,0.2015924286097288,4,1
779,9,0.07003230601549149,2,1
780,9,0.3114855885505676,2,1
781,-11,0.07013435653326186,22,1
782,6,0.04094339571893215,5,1
783,8,0.20275884183744589,3,1
784,6,0.03702089414000511,5,1
785,5,0.05174107011407614,6,1
786,10,0.0588240921497345,1,1
787,-11,0.05892881751060486,2,0
788,8,0.02408564214905103,3,1
789,8,0.05654769390821457,3,1
790,-10,0.021179866045713425,1,0
791,10,0.4211520552635193,1,1
792,10,0.04977670684456825,1,1
793,8,0.18789161245028177,3,1
794,8,0.07717294866840045,3,1
795,-6,0.04819955474094433,17,1
796,9,0.06903115287423134,2,1
797,7,0.08439700119197369,4,1
798,10,0.06085391342639923,1,1
799,7,0.03935517743229866,4,1
800,6,0.14349040985107422,5,1
801,8,0.33414291590452194,3,1
802,5,0.1526583774636189,6,1
803,9,0.0556629803031683,2,1
804,5,0.037556288142999016,6,1
805,9,0.059756744652986526,2,1
806,-17,0.13512087962590158,8,0
807,7,0.041973222978413105,4,1
808,7,0.15393391577526927,4,1
809,10,0.4163494408130646,1,1
810,10,0.07365335524082184,1,1
811,7,0.179007051512599,4,1
812,9,0.037676384672522545,2,1
813,7,0.0587206594645977,4,1
814,10,0.4296557605266571,1,1
815,6,0.04637546017765999,5,1
816,10,0.015940571203827858,1,1
817,9,0.02623027376830578,2,1
818,9,0.025898722931742668,2,1
819,6,0.2263398587703705,5,1
820,10,0.039321377873420715,1,1
821,-5,0.14036811282858253,16,1
822,8,0.03606766276061535,3,1
823,7,0.1755962399765849,4,1
824,9,0.08126767445355654,2,1
825,8,0.1557110734283924,3,1
826,9,0.04336000606417656,2,1
827,9,0.03463849239051342,2,1
828,8,0.026757261405388515,3,1
829,7,0.026315934024751186,4,1
830,9,0.20868045091629028,2,1
831,7,0.046908069401979446,4,1
832,7,0.048637027852237225,4,1
833,9,0.07295121252536774,2,1
834,8,0.052107252180576324,3,1
835,6,0.12508067712187768,5,1
836,8,0.02534421781698863,3,1
837,8,0.04591756500303745,3,1
838,7,0.0590840969234705,4,1
839,9,0.08070584200322628,2,1
840,9,0.03082005027681589,2,1
841,9,0.2607271559536457,2,1
842,8,0.034986210986971855,3,1
843,8,0.18905471513668695,3,1
844,9,0.26984695345163345,2,1
845,8,0.1917929295450449,3,1
846,10,0.010432871989905834,1,1
847,8,0.055928671111663185,3,1
848,8,0.05231878161430359,3,1
849,8,0.025722476343313854,3,1
850,6,0.19217895157635212,5,1
851,10,0.0375986211001873,1,1
852,9,0.04791748337447643,2,1
853,8,0.061646378288666405,3,1
854,8,0.18378131091594696,3,1
855,4,0.09636440766709191,7,1
856,8,0.06228906288743019,3,1
857,8,0.04383539532621702,3,1
858,-53,0.12131033177402886,44,0
859,-10,0.06017488241195679,1,0
860,10,0.0368134081363678,1,1
861,10,0.02301884815096855,1,1
862,10,0.03193948045372963,1,1
863,7,0.06459156656637788,4,1
864,8,0.04805004534622034,3,1
865,9,0.043805161491036415,2,1
866,9,0.03664148971438408,2,1
867,6,0.03925951234996319,5,1
868,9,0.5594815760850906,2,1
869,6,0.0962178349494934,5,1
870,10,0.025832906365394592,1,1
871,5,0.08807596222807963,6,1
872,-7,0.0703328489843342,18,1
873,7,0.05868429318070412,4,1
874,9,0.04946616850793362,2,1
875,6,0.1430193904787302,5,1
876,8,0.04448432351152102,3,1
877,8,0.06601492688059807,3,1
878,9,0.2727336138486862,2,1
879,9,0.2809189632534981,2,1
880,6,0.035304855555295944,5,1
881,9,0.27001726999878883,2,1
882,10,0.5494179129600525,1,1
883,6,0.21494487822055816,5,1
884,7,0.05292995786294341,4,1
885,6,0.24503223560750484,5,1
886,10,0.5243878364562988,1,1
887,7,0.0427366653457284,4,1
888,7,0.16839666850864887,4,1
889,3,0.13301076041534543,8,1
890,7,0.031003922689706087,4,1
891,7,0.12465810403227806,4,1
892,10,0.040341127663850784,1,1
893,-20,0.08179748587069972,31,1
894,9,0.25977822858840227,2,1
895,8,0.03942028929789861,3,1
896,8,0.07102285325527191,3,1
897,9,0.06210350804030895,2,1
898,8,0.03945276699960232,3,1
899,10,0.03262237459421158,1,1
900,9,0.24759961105883121,2,1
901,10,0.5496695637702942,1,1
902,10,0.05115961655974388,1,1
903,9,0.21243857312947512,2,1
904,10,0.0334087535738945,1,1
905,9,0.07056995574384928,2,1
906,9,0.20219210907816887,2,1
907,7,0.03996553644537926,4,1
908,10,0.045273132622241974,1,1
909,9,0.02867475338280201,2,1
910,9,0.031965222209692,2,1
911,10,0.05193740129470825,1,1
912,10,0.5360699892044067,1,1
913,10,0.0912255272269249,1,1
914,10,0.08160148561000824,1,1
915,10,0.08747132867574692,1,1
916,-14,0.07392332591116428,5,0
917,-3,0.08604753576219082,14,1
918,10,0.02977810427546501,1,1
919,-50,0.10455060662701726,50,0
920,10,0.022746756672859192,1,1
921,7,0.04538091458380222,4,1
922,-5,0.047867640387266874,16,1
923,8,0.09119979292154312,3,1
924,10,0.37664610147476196,1,1
925,9,0.08688132837414742,2,1
926,8,0.06192904462416967,3,1
927,7,0.025769880739971995,4,1
928,8,0.050761563082536064,3,1
929,9,0.07606061361730099,2,1
930,9,0.04827636480331421,2,1
931,9,0.01990508195012808,2,1
932,10,0.03916880488395691,1,1
933,4,0.03150127162890775,7,1
934,-15,0.12203928541678649,26,1
935,10,0.056264810264110565,1,1
936,9,0.026869824156165123,2,1
937,8,0.05169424662987391,3,1
938,-50,0.09160264244303107,50,0
939,9,0.09370341524481773,2,1
940,8,0.03164483793079853,3,1
941,7,0.06645288690924644,4,1
942,7,0.044525055680423975,4,1
943,7,0.05997458007186651,4,1
944,6,0.05721054300665855,5,1
945,5,0.10279497737064958,6,1
946,10,0.026559561491012573,1,1
947,4,0.2611283441739423,7,1
948,10,0.18431514501571655,1,1
949,8,0.06537486116091411,3,1
950,7,0.053021355997771025,4,1
951,9,0.21590608032420278,2,1
952,2,0.21085583480695883,9,1
953,10,0.014634240418672562,1,1
954,7,0.04225169075652957,4,1
955,10,0.017511634156107903,1,1
956,7,0.15274261182639748,4,1
957,9,0.0215504071675241,2,1
958,5,0.09783381782472134,6,1
959,8,0.03467428622146448,3,1
960,9,0.04543109284713864,2,1
961,-21,0.06638540478888899,32,1
962,8,0.03539555271466573,3,1
963,9,0.03723529540002346,2,1
964,10,0.02072429656982422,1,1
965,8,0.0209948243573308,3,1
966,8,0.16355950074891248,3,1
967,9,0.028336675837635994,2,1
968,6,0.023750224336981773,5,1
969,-15,0.07557113665657547,26,1
970,6,0.069669783487916,5,1
971,7,0.025989350047893822,4,1
972,9,0.021151567343622446,2,1
973,7,0.016772049362771213,4,1
974,10,0.02202426642179489,1,1
975,8,0.024595026547710102,3,1
976,10,0.033018141984939575,1,1
977,10,0.013170361518859863,1,1
978,8,0.02324763995905717,3,1
979,6,0.09675914756953716,5,1
980,8,0.055167575677235924,3,1
981,7,0.05052911676466465,4,1
982,8,0.03444518273075422,3,1
983,6,0.10513498410582542,5,1
984,7,0.022840150399133563,4,1
985,8,0.052888366083304085,3,1
986,-25,0.15079397294903174,16,0
987,10,0.30293387174606323,1,1
988,10,0.029180217534303665,1,1
989,9,0.17968696542084217,2,1
990,7,0.21204614313319325,4,1
991,8,0.31214986617366475,3,1
992,10,0.02219415083527565,1,1
993,9,0.20746938418596983,2,1
994,10,0.0187421552836895,1,1
995,9,0.04449866618961096,2,1
996,8,0.17449167494972548,3,1
997,5,0.06096901744604111,6,1
998,9,0.03649820014834404,2,1
999,10,0.032915323972702026,1,1
1000,9,0.20826465915888548,2,1
1,8,0.13858040111760297,3,1
2,8,0.2160734198987484,3,1
3,8,0.07320165199538071,3,1
4,8,0.011143450935681662,3,1
5,6,0.03247653916478157,5,1
6,8,0.05081778640548388,3,1
7,-11,0.06662856524979527,22,1
8,7,0.020913395565003157,4,1
9,6,0.10386438444256782,5,1
10,9,0.06546055991202593,2,1
11,9,0.15497849509119987,2,1
12,4,0.024147139795656716,7,1
13,6,0.06741817146539689,5,1
14,6,0.209844658523798,5,1
15,-10,0.09062404150054568,21,1
16,9,0.14032749366015196,2,1
17,8,0.04591604943076769,3,1
18,10,0.007402167655527592,1,1
19,9,0.062114279717206955,2,1
20,8,0.09074539846430223,3,1
21,9,0.01315702823922038,2,1
22,5,0.11067953193560243,6,1
23,7,0.17588143120519817,4,1
24,5,0.03330771656086048,6,1
25,9,0.017388358246535063,2,1
26,10,0.3066568970680237,1,1
27,6,0.10917711295187474,5,1
28,7,0.03437205543741584,4,1
29,8,0.1592251087228457,3,1
30,7,0.3024692377075553,4,1
31,-50,0.07405036609619856,50,0
32,7,0.11475696880370378,4,1
33,7,0.11805744003504515,4,1
34,7,0.1146691064350307,4,1
35,6,0.044582425616681576,5,1
36,7,0.016455714823678136,4,1
37,7,0.03590719075873494,4,1
38,9,0.014438321813941002,2,1
39,9,0.03760591335594654,2,1
40,10,0.025289151817560196,1,1
41,-24,0.08856343749378409,35,1
42,10,0.011260738596320152,1,1
43,9,0.16625595465302467,2,1
44,8,0.040328732381264366,3,1
45,9,0.03531715553253889,2,1
46,10,0.04032636433839798,1,1
47,9,0.04696701746433973,2,1
48,9,0.05568476300686598,2,1
49,6,0.13426545336842538,5,1
50,10,0.03441969305276871,1,1
51,-50,0.08572737775743007,50,0
52,9,0.2324567148461938,2,1
53,10,0.48480111360549927,1,1
54,6,0.09710395336151123,5,1
55,9,0.1385547909885645,2,1
56,5,0.06101521818588177,6,1
57,-11,0.1062881588427858,22,1
58,6,0.07090640030801296,5,1
59,8,0.05563516107698282,3,1
60,10,0.14904719591140747,1,1
61,8,0.0663314734896024,3,1
62,9,0.03167918138206005,2,1
63,9,0.07899851724505424,2,1
64,9,0.13295696629211307,2,1
65,7,0.1507157851010561,4,1
66,9,0.03092761617153883,2,1
67,6,0.07244797572493553,5,1
68,8,0.14857478439807892,3,1
69,7,0.16727203829213977,4,1
70,6,0.20361542701721191,5,1
71,8,0.06650104622046153,3,1
72,6,0.0880093090236187,5,1
73,9,0.19317848049104214,2,1
74,9,0.017619706690311432,2,1
75,10,0.020742446184158325,1,1
76,7,0.17250744719058275,4,1
77,9,0.04130628798156977,2,1
78,9,0.029245423153042793,2,1
79,7,0.17521359212696552,4,1
80,6,0.13266027197241784,5,1
81,9,0.030736721120774746,2,1
82,10,0.1856769621372223,1,1
83,6,0.04122338481247425,5,1
84,6,0.1123480536043644,5,1
85,10,0.03790101036429405,1,1
86,6,0.10727932006120681,5,1
87,10,0.26039600372314453,1,1
88,-37,0.12240995455067605,48,1
89,10,0.034712936729192734,1,1
90,9,0.0366317480802536,2,1
91,7,0.14627058804035187,4,1
92,6,0.11962704434990883,5,1
93,10,0.06632621586322784,1,1
94,7,0.10823559295386076,4,1
95,-10,0.06670887768268585,1,0
96,7,0.08958294591866434,4,1
97,10,0.04857075214385986,1,1
98,8,0.09002351015806198,3,1
99,9,0.2938171923160553,2,1
100,9,0.20756560191512108,2,1
101,10,0.09930302202701569,1,1
102,9,0.06651195138692856,2,1
103,7,0.1821397729218006,4,1
104,10,0.08729098737239838,1,1
105,10,0.030991720035672188,1,1
106,8,0.11280527710914612,3,1
107,10,0.0989956259727478,1,1
108,8,0.18899798889954886,3,1
109,-10,0.04273253306746483,1,0
110,5,0.10706545878201723,6,1
111,5,0.16517917594561973,6,1
112,9,0.040299152955412865,2,1
113,7,0.06892387196421623,4,1
114,9,0.1892639771103859,2,1
115,-50,0.10475096533074975,50,0
116,10,0.039210718125104904,1,1
117,-50,0.1394588985480368,50,0
118,10,0.2789648771286011,1,1
119,9,0.1010138988494873,2,1
120,8,0.05322788221140703,3,1
121,8,0.18679568419853845,3,1
122,6,0.12634675949811935,5,1
123,-50,0.13590546142309903,50,0
124,-50,0.16246132016181947,50,0
125,9,0.03581055533140898,2,1
126,8,0.1281367732832829,3,1
127,7,0.04009223449975252,4,1
128,9,0.04117605462670326,2,1
129,10,0.06452303379774094,1,1
130,6,0.04891491904854774,5,1
131,7,0.03518960298970342,4,1
132,10,0.016714293509721756,1,1
133,8,0.03258488637705644,3,1
134,9,0.05419731326401234,2,1
135,8,0.02330048910031716,3,1
136,9,0.058948494493961334,2,1
137,6,0.06529403552412986,5,1
138,10,0.031169582158327103,1,1
139,10,0.00962420366704464,1,1
140,8,0.1678208460410436,3,1
141,8,0.038798424725731216,3,1
142,10,0.08758595585823059,1,1
143,8,0.08024419037004311,3,1
144,10,0.029811080545186996,1,1
145,4,0.239800469151565,7,1
146,10,0.056752316653728485,1,1
147,7,0.11761641129851341,4,1
148,8,0.04482686519622803,3,1
149,8,0.20660375182827315,3,1
150,6,0.12699533589184284,5,1
151,9,0.03189421072602272,2,1
152,8,0.13158796293040118,3,1
153,9,0.042508749291300774,2,1
154,10,0.10596075654029846,1,1
155,6,0.10275541022419929,5,1
156,9,0.0334017314016819,2,1
157,10,0.01058560237288475,1,1
158,10,0.044757019728422165,1,1
159,8,0.17608609423041344,3,1
160,7,0.08283010125160217,4,1
161,8,0.051197330156962075,3,1
162,10,0.04201935976743698,1,1
163,9,0.029714707285165787,2,1
164,-50,0.0946808248013258,50,0
165,6,0.07566483095288276,5,1
166,10,0.0903247594833374,1,1
167,9,0.03943379316478968,2,1
168,8,0.06873977805177371,3,1
169,8,0.16144646083315214,3,1
170,9,0.23403147514909506,2,1
171,9,0.028486461378633976,2,1
172,9,0.19571924954652786,2,1
173,10,0.02863100916147232,1,1
174,8,0.10760030150413513,3,1
175,6,0.12929270714521407,5,1
176,6,0.11284751445055008,5,1
177,10,0.10521037876605988,1,1
178,7,0.06895319698378444,4,1
179,6,0.0656899519264698,5,1
180,6,0.08951199948787689,5,1
181,10,0.036474086344242096,1,1
182,8,0.09348291158676147,3,1
183,9,0.05126053839921951,2,1
184,8,0.07451420029004414,3,1
185,-35,0.09898746751535398,26,0
186,7,0.17477576062083244,4,1
187,8,0.048589387287696205,3,1
188,9,0.0636583361774683,2,1
189,4,0.08432830391185624,7,1
190,-6,0.07221476974732735,17,1
191,8,0.054908854266007744,3,1
192,6,0.1782170593738556,5,1
193,7,0.03680704301223159,4,1
194,8,0.04291006922721863,3,1
195,8,0.05167451314628124,3,1
196,7,0.0369075620546937,4,1
197,7,0.03797260485589504,4,1
198,9,0.21766305901110172,2,1
199,8,0.09184683114290237,3,1
200,-19,0.10515622620781263,30,1
201,7,0.062496015802025795,4,1
202,5,0.12202873329321544,6,1
203,7,0.03944974299520254,4,1
204,6,0.09387917891144752,5,1
205,8,0.05464642991622289,3,1
206,8,0.05761912278831005,3,1
207,10,0.373943954706192,1,1
208,9,0.03737896308302879,2,1
209,9,0.08609215542674065,2,1
210,9,0.24080706015229225,2,1
211,5,0.04896941098074118,6,1
212,9,0.051281100139021873,2,1
213,0,0.054812722924080765,11,1
214,7,0.0638466845266521,4,1
215,7,0.033235262613743544,4,1
216,7,0.14059484098106623,4,1
217,9,0.0722874365746975,2,1
218,5,0.06075773015618324,6,1
219,10,0.12468917667865753,1,1
220,5,0.0840440293153127,6,1
221,10,0.03698594123125076,1,1
222,7,0.0693814717233181,4,1
223,9,0.039345018565654755,2,1
224,9,0.030698876827955246,2,1
225,8,0.032862979297836624,3,1
226,5,0.03402304401000341,6,1
227,9,0.2549469219520688,2,1
228,9,0.02948087640106678,2,1
229,8,0.16866908657054105,3,1
230,8,0.05673577760656675,3,1
231,9,0.0301522109657526,2,1
232,4,0.09628699507032122,7,1
233,8,0.0901452253262202,3,1
234,10,0.0421941876411438,1,1
235,9,0.1205982007086277,2,1
236,9,0.12275693193078041,2,1
237,9,0.08368420414626598,2,1
238,-10,0.5530844926834106,1,0
239,7,0.047289539594203234,4,1
240,7,0.0759516404941678,4,1
241,7,0.07136101089417934,4,1
242,-10,0.03349597007036209,1,0
243,10,0.030471131205558777,1,1
244,9,0.028142361901700497,2,1
245,-50,0.08569853130728006,50,0
246,9,0.04373948089778423,2,1
247,9,0.07435727957636118,2,1
248,8,0.06536690145730972,3,1
249,7,0.043570177629590034,4,1
250,10,0.026866059750318527,1,1
251,10,0.028492774814367294,1,1
252,7,0.10762823326513171,4,1
253,9,0.041155953891575336,2,1
254,9,0.029314828105270863,2,1
255,9,0.2863537557423115,2,1
256,10,0.05005865544080734,1,1
257,9,0.07432826049625874,2,1
258,9,0.07846621237695217,2,1
259,6,0.17127351462841034,5,1
260,-22,0.06818325731616753,13,0
261,-7,0.08727159992688233,18,1
262,7,0.06687357043847442,4,1
263,8,0.020077407980958622,3,1
264,8,0.0426727719604969,3,1
265,10,0.025427594780921936,1,1
266,-50,0.08390392579138278,50,0
267,-12,0.061146654188632965,3,0
268,10,0.04211094230413437,1,1
269,10,0.03193557634949684,1,1
270,9,0.06588739529252052,2,1
271,8,0.20296880478660265,3,1
272,9,0.07275315001606941,2,1
273,8,0.0584321990609169,3,1
274,-10,0.0327916145324707,1,0
275,7,0.04657297395169735,4,1
276,0,0.04817750406536189,11,1
277,5,0.12999300907055536,6,1
278,-8,0.06507831723674347,19,1
279,10,0.02949855849146843,1,1
280,7,0.045083743054419756,4,1
281,10,0.5086933374404907,1,1
282,10,0.04794573783874512,1,1
283,10,0.017183387652039528,1,1
284,9,0.03403565101325512,2,1
285,10,0.03438509255647659,1,1
286,8,0.07579319675763448,3,1
287,9,0.05575976241379976,2,1
288,8,0.18537140637636185,3,1
289,8,0.04930439839760462,3,1
290,6,0.08454320430755616,5,1
291,9,0.06877443194389343,2,1
292,8,0.059556857061882816,3,1
293,7,0.16899432986974716,4,1
294,8,0.09041986241936684,3,1
295,9,0.10795192420482635,2,1
296,5,0.10325073047230642,6,1
297,9,0.03425292484462261,2,1
298,7,0.026455407962203026,4,1
299,6,0.12131904512643814,5,1
300,4,0.0870326573827437,7,1
301,10,0.06988455355167389,1,1
302,7,0.041624878300353885,4,1
303,9,0.012362428940832615,2,1
304,8,0.01794083168109258,3,1
305,9,0.07705069705843925,2,1
306,10,0.018492624163627625,1,1
307,10,0.01123972050845623,1,1
308,7,0.06206266861408949,4,1
309,7,0.025866716168820858,4,1
310,9,0.017470532562583685,2,1
311,8,0.049265136321385704,3,1
312,9,0.2504241243004799,2,1
313,7,0.03165832348167896,4,1
314,7,0.032402829732745886,4,1
315,9,0.031677935272455215,2,1
316,9,0.2706886865198612,2,1
317,7,0.15937600657343864,4,1
318,9,0.04055643640458584,2,1
319,9,0.03484604228287935,2,1
320,10,0.03153426945209503,1,1
321,7,0.04405692359432578,4,1
322,10,0.4055986702442169,1,1
323,10,0.5059425830841064,1,1
324,7,0.14393619168549776,4,1
325,-26,0.1294448255385096,37,1
326,7,0.04794660862535238,4,1
327,6,0.19830267317593098,5,1
328,9,0.03315066173672676,2,1
329,10,0.03742988407611847,1,1
330,8,0.03802838424841563,3,1
331,9,0.03401600010693073,2,1
332,6,0.02977914735674858,5,1
333,4,0.05293871236166784,7,1
334,7,0.09751710249111056,4,1
335,7,0.01357351103797555,4,1
336,10,0.475189745426178,1,1
337,10,0.024594204500317574,1,1
338,10,0.0488005168735981,1,1
339,5,0.024353456993897755,6,1
340,5,0.02776951529085636,6,1
341,9,0.02910552080720663,2,1
342,-50,0.04192014235071838,50,0
343,-21,0.06864259345456958,32,1
344,9,0.029100293293595314,2,1
345,-10,0.025926798582077026,1,0
346,10,0.02076622284948826,1,1
347,9,0.07899483293294907,2,1
348,7,0.04413855168968439,4,1
349,10,0.31897544860839844,1,1
350,9,0.01201527938246727,2,1
351,7,0.1178740719333291,4,1
352,9,0.042557159438729286,2,1
353,4,0.05591049098542759,7,1
354,-1,0.10055370489135385,12,1
355,9,0.036279959604144096,2,1
356,-26,0.07419759722275508,37,1
357,8,0.1312615449229876,3,1
358,6,0.0762505702674389,5,1
359,10,0.021714694797992706,1,1
360,7,0.16038592718541622,4,1
361,4,0.04209063893982342,7,1
362,8,0.03250365766386191,3,1
363,10,0.014744737185537815,1,1
364,-13,0.057076877409902714,24,1
365,9,0.026487456634640694,2,1
366,8,0.05412451674540838,3,1
367,8,0.036003680899739265,3,1
368,8,0.05916797121365865,3,1
369,6,0.019457492604851724,5,1
370,8,0.1270818052192529,3,1
371,9,0.020950407721102238,2,1
372,8,0.0498318150639534,3,1
373,10,0.03049447573721409,1,1
374,9,0.021091481670737267,2,1
375,10,0.033999085426330566,1,1
376,-7,0.07529403688386083,18,1
377,7,0.06934694945812225,4,1
378,10,0.022073660045862198,1,1
379,9,0.244980774121359,2,1
380,9,0.06493330001831055,2,1
381,9,0.06731772795319557,2,1
382,7,0.016368012642487884,4,1
383,10,0.07201969623565674,1,1
384,9,0.06294424459338188,2,1
385,10,0.013042742386460304,1,1
386,7,0.039654603227972984,4,1
387,10,0.0756465345621109,1,1
388,8,0.08081267525752385,3,1
389,9,0.03520603384822607,2,1
390,9,0.057567380368709564,2,1
391,10,0.03568384423851967,1,1
392,10,0.021091897040605545,1,1
393,8,0.026378431047002476,3,1
394,10,0.028025485575199127,1,1
395,10,0.02901044487953186,1,1
396,8,0.03472982284923395,3,1
397,7,0.04470176808536053,4,1
398,9,0.017140904441475868,2,1
399,10,0.013468126766383648,1,1
400,7,0.021302541019394994,4,1
401,7,0.05140247754752636,4,1
402,9,0.01155001251026988,2,1
403,8,0.03158050092558066,3,1
404,8,0.01154927909374237,3,1
405,9,0.020379371009767056,2,1
406,8,0.014654941856861115,3,1
407,-34,0.05265884241089225,45,1
408,7,0.06426334427669644,4,1
409,8,0.02183002574990193,3,1
410,10,0.012845202349126339,1,1
411,8,0.014741466380655766,3,1
412,8,0.017776147307207186,3,1
413,7,0.048247452126815915,4,1
414,-7,0.0580896974230806,18,1
415,8,0.044913959999879204,3,1
416,8,0.028087050188332796,3,1
417,6,0.03694974109530449,5,1
418,8,0.046878959673146404,3,1
419,8,0.0698360192279021,3,1
420,8,0.043798172225554786,3,1
421,10,0.22863399982452393,1,1
422,7,0.06129920110106468,4,1
423,10,0.012197859585285187,1,1
424,-32,0.0462197613317606,43,1
425,9,0.05523522198200226,2,1
426,10,0.08974646031856537,1,1
427,10,0.0400884710252285,1,1
428,9,0.036433575209230185,2,1
429,9,0.043098502326756716,2,1
430,5,0.03422276955097914,6,1
431,10,0.011456089094281197,1,1
432,10,0.040222153067588806,1,1
433,10,0.020948434248566628,1,1
434,8,0.05839891607562701,3,1
435,10,0.01618349365890026,1,1
436,9,0.027066349983215332,2,1
437,9,0.054328201338648796,2,1
438,8,0.02238929147521655,3,1
439,9,0.042121303267776966,2,1
440,6,0.04146669656038284,5,1
441,7,0.05756590701639652,4,1
442,6,0.045385201647877696,5,1
443,9,0.018936937674880028,2,1
444,7,0.04722197912633419,4,1
445,9,0.02588617242872715,2,1
446,10,0.015833329409360886,1,1
447,10,0.03157072514295578,1,1
448,8,0.12590409070253372,3,1
449,10,0.006819488946348429,1,1
450,10,0.04705865681171417,1,1
451,10,0.124195896089077,1,1
452,8,0.019150971435010433,3,1
453,-39,0.06953177576884627,50,1
454,6,0.07502208352088928,5,1
455,9,0.03407831210643053,2,1
456,-50,0.06800081867724657,50,0
457,9,0.286529578268528,2,1
458,7,0.046599443070590496,4,1
459,7,0.03143571433611214,4,1
460,10,0.0451895073056221,1,1
461,8,0.036377836018800735,3,1
462,6,0.03580441102385521,5,1
463,7,0.09859074233099818,4,1
464,9,0.02996598556637764,2,1
465,10,0.039811521768569946,1,1
466,8,0.05180242657661438,3,1
467,8,0.030867870276172955,3,1
468,9,0.037174420431256294,2,1
469,9,0.05620204284787178,2,1
470,9,0.1845750082284212,2,1
471,-7,0.04799527654217349,18,1
472,8,0.08081882943709691,3,1
473,10,0.030994873493909836,1,1
474,8,0.10019955039024353,3,1
475,8,0.026634056741992634,3,1
476,7,0.04871780890971422,4,1
477,9,0.14608487859368324,2,1
478,9,0.04856184497475624,2,1
479,10,0.026739763095974922,1,1
480,10,0.1078791469335556,1,1
481,10,0.07528412342071533,1,1
482,6,0.028438580315560104,5,1
483,6,0.05277383103966713,5,1
484,8,0.03624131344258785,3,1
485,9,0.035513224080204964,2,1
486,5,0.0506221620986859,6,1
487,8,0.044437192380428314,3,1
488,10,0.010347471572458744,1,1
489,7,0.034850763622671366,4,1
490,9,0.10720319952815771,2,1
491,-10,0.05911482125520706,1,0
492,9,0.033411312848329544,2,1
493,8,0.028188707927862804,3,1
494,8,0.03533708738783995,3,1
495,8,0.1638458458085855,3,1
496,-31,0.10128851603007033,42,1
497,-10,0.03610984981060028,1,0
498,10,0.07303064316511154,1,1
499,8,0.11219551041722298,3,1
500,9,0.27622126787900925,2,1
501,8,0.06547451888521512,3,1
502,9,0.05323352385312319,2,1
503,8,0.06807444492975871,3,1
504,10,0.01769936829805374,1,1
505,7,0.03466316172853112,4,1
506,7,0.06146612111479044,4,1
507,5,0.09231939166784286,6,1
508,10,0.09423001110553741,1,1
509,6,0.15780714452266692,5,1
510,8,0.05862312763929367,3,1
511,7,0.06736398302018642,4,1
512,8,0.03386073683698972,3,1
513,7,0.048751508351415396,4,1
514,9,0.047110519371926785,2,1
515,10,0.10728591680526733,1,1
516,10,0.055631499737501144,1,1
517,8,0.024371389920512836,3,1
518,9,0.20633086562156677,2,1
519,-22,0.08948616739926916,33,1
520,8,0.06620596845944722,3,1
521,7,0.08030100539326668,4,1
522,10,0.06581558287143707,1,1
523,9,0.0599647480994463,2,1
524,9,0.04216823074966669,2,1
525,8,0.1760798618197441,3,1
526,9,0.029818765819072723,2,1
527,10,0.04376217722892761,1,1
528,10,0.026863526552915573,1,1
529,8,0.07228619729479153,3,1
530,8,0.036511085306604706,3,1
531,10,0.10372330248355865,1,1
532,7,0.07596973399631679,4,1
533,10,0.07715930789709091,1,1
534,-50,0.08613642044365406,50,0
535,6,0.1356187742203474,5,1
536,7,0.12894964404404163,4,1
537,8,0.1908909622579813,3,1
538,10,0.041900623589754105,1,1
539,10,0.019182447344064713,1,1
540,10,0.6294389963150024,1,1
541,9,0.0393903530202806,2,1
542,8,0.037632640451192856,3,1
543,8,0.0650251309076945,3,1
544,9,0.09116781130433083,2,1
545,7,0.04481332469731569,4,1
546,10,0.028437938541173935,1,1
547,10,0.021572329103946686,1,1
548,6,0.04067953005433082,5,1
549,8,0.01870760538925727,3,1
550,9,0.033377375453710556,2,1
551,8,0.16315741247187057,3,1
552,7,0.0360035786870867,4,1
553,10,0.02391643263399601,1,1
554,8,0.10297056473791599,3,1
555,8,0.04254410167535146,3,1
556,7,0.033760166727006435,4,1
557,10,0.04611142724752426,1,1
558,-25,0.07802620478388336,36,1
559,8,0.08336388443907101,3,1
560,7,0.08555356506258249,4,1
561,9,0.05664106830954552,2,1
562,5,0.07554583717137575,6,1
563,9,0.06320906430482864,2,1
564,7,0.039586217142641544,4,1
565,6,0.06586179360747338,5,1
566,8,0.05663672834634781,3,1
567,8,0.03841707482933998,3,1
568,8,0.08921620498100917,3,1
569,10,0.0731155276298523,1,1
570,7,0.12443395238369703,4,1
571,9,0.05095541197806597,2,1
572,7,0.03963290015235543,4,1
573,6,0.043589282780885696,5,1
574,10,0.006026690825819969,1,1
575,10,0.215413436293602,1,1
576,8,0.0632240530103445,3,1
577,9,0.017310393042862415,2,1
578,7,0.041015810798853636,4,1
579,10,0.02428978681564331,1,1
580,9,0.06380964256823063,2,1
581,9,0.03341774549335241,2,1
582,5,0.051549201210339866,6,1
583,6,0.034193330258131024,5,1
584,-50,0.08903692044317722,50,0
585,8,0.1876549112300078,3,1
586,8,0.06955868192017078,3,1
587,10,0.028407812118530273,1,1
588,8,0.029594485958417256,3,1
589,-10,0.06784534454345703,1,0
590,6,0.027168861031532286,5,1
591,9,0.08085250481963158,2,1
592,9,0.3299649581313133,2,1
593,8,0.0497620590031147,3,1
594,8,0.19090776145458221,3,1
595,9,0.14195697754621506,2,1
596,-19,0.09382070867965618,30,1
597,10,0.043713703751564026,1,1
598,8,0.0711624672015508,3,1
599,10,0.05773194506764412,1,1
600,9,0.050968071445822716,2,1
601,6,0.18007883951067924,5,1
602,7,0.08173277135938406,4,1
603,7,0.03197688143700361,4,1
604,7,0.024942381773144007,4,1
605,6,0.1191604807972908,5,1
606,9,0.3152404809370637,2,1
607,6,0.04348962623625994,5,1
608,6,0.04686717987060547,5,1
609,10,0.08862908184528351,1,1
610,6,0.06476237624883652,5,1
611,10,0.03860071673989296,1,1
612,7,0.04347179504111409,4,1
613,6,0.04349334798753261,5,1
614,8,0.03214242681860924,3,1
615,6,0.08050373122096062,5,1
616,6,0.05822128877043724,5,1
617,9,0.16028989106416702,2,1
618,7,0.116661936044693,4,1
619,8,0.05156460776925087,3,1
620,10,0.44656357169151306,1,1
621,7,0.1366361635737121,4,1
622,7,0.1005025003105402,4,1
623,7,0.05076560936868191,4,1
624,9,0.0672711431980133,2,1
625,9,0.03757289610803127,2,1
626,10,0.11519842594861984,1,1
627,8,0.1376675764719645,3,1
628,-10,0.03669309243559837,1,0
629,9,0.08290787786245346,2,1
630,10,0.12513305246829987,1,1
631,-11,0.07652945198457349,22,1
632,9,0.0689863320440054,2,1
633,8,0.04474219555656115,3,1
634,7,0.08352720318362117,4,1
635,7,0.07061210088431835,4,1
636,9,0.022856123745441437,2,1
637,9,0.10358376987278461,2,1
638,-50,0.10285223610699176,50,0
639,-8,0.06162931799496475,19,1
640,9,0.02635377272963524,2,1
641,7,0.09171262290328741,4,1
642,9,0.05109590105712414,2,1
643,8,0.07619453345735867,3,1
644,8,0.11371418709556262,3,1
645,-32,0.06847314707674952,43,1
646,8,0.06555038566390674,3,1
647,10,0.07010172307491302,1,1
648,10,0.05721589922904968,1,1
649,7,0.049915235955268145,4,1
650,10,0.02862691879272461,1,1
651,8,0.0889494630197684,3,1
652,10,0.33464130759239197,1,1
653,10,0.05088537931442261,1,1
654,8,0.04916385809580485,3,1
655,9,0.045718465000391006,2,1
656,8,0.06023865255216757,3,1
657,8,0.053607797250151634,3,1
658,10,0.06621493399143219,1,1
659,7,0.04412081651389599,4,1
660,7,0.045305433217436075,4,1
661,7,0.06028538569808006,4,1
662,8,0.026310687884688377,3,1
663,9,0.03450903855264187,2,1
664,9,0.01767108403146267,2,1
665,9,0.06285036914050579,2,1
666,6,0.06112035438418388,5,1
667,7,0.08539645187556744,4,1
668,6,0.05743345394730568,5,1
669,7,0.056619977578520775,4,1
670,9,0.05613787658512592,2,1
671,10,0.04478267580270767,1,1
672,8,0.19402382895350456,3,1
673,10,0.03770968317985535,1,1
674,8,0.034691608821352325,3,1
675,9,0.03453425504267216,2,1
676,9,0.024081867188215256,2,1
677,-2,0.039758903762468926,13,1
678,10,0.05786987766623497,1,1
679,8,0.1848256178200245,3,1
680,8,0.05327415590484937,3,1
681,8,0.03688825915257136,3,1
682,-23,0.05097025947864441,34,1
683,10,0.06239411607384682,1,1
684,7,0.14953624363988638,4,1
685,8,0.022997234637538593,3,1
686,8,0.04784016932050387,3,1
687,10,0.05799528583884239,1,1
688,-5,0.09908493724651635,16,1
689,7,0.1310105132870376,4,1
690,9,0.06897740066051483,2,1
691,9,0.05861475318670273,2,1
692,-13,0.04189897235482931,4,0
693,9,0.02746468409895897,2,1
694,8,0.031243732819954555,3,1
695,7,0.043846947606652975,4,1
696,7,0.03928910754621029,4,1
697,10,0.03367357701063156,1,1
698,10,0.015026360750198364,1,1
699,9,0.05563558451831341,2,1
700,9,0.02823045663535595,2,1
701,9,0.02218599244952202,2,1
702,8,0.12664751708507538,3,1
703,-35,0.09824237693101168,46,1
704,9,0.02713672537356615,2,1
705,9,0.030982782132923603,2,1
706,7,0.021855768281966448,4,1
707,9,0.024475697427988052,2,1
708,9,0.0308973528444767,2,1
709,9,0.03199975425377488,2,1
710,8,0.012972933861116568,3,1
711,7,0.14306422974914312,4,1
712,8,0.05602394789457321,3,1
713,9,0.02814667858183384,2,1
714,6,0.13152516931295394,5,1
715,9,0.037940241396427155,2,1
716,5,0.10732777789235115,6,1
717,9,0.017802485264837742,2,1
718,8,0.01533190223077933,3,1
719,8,0.019774524495005608,3,1
720,8,0.18366653534273306,3,1
721,9,0.21970374695956707,2,1
722,9,0.013870635069906712,2,1
723,10,0.04354935139417648,1,1
724,-21,0.03870002082840074,32,1
725,7,0.015079725999385118,4,1
726,10,0.02151481807231903,1,1
727,8,0.022100316515813272,3,1
728,7,0.036546207033097744,4,1
729,5,0.049903530006607376,6,1
730,10,0.09162765741348267,1,1
731,10,0.06247253343462944,1,1
732,7,0.2175498241558671,4,1
733,10,0.06057658791542053,1,1
734,8,0.04815984144806862,3,1
735,7,0.028071072418242693,4,1
736,7,0.04795706598088145,4,1
737,6,0.037652333825826646,5,1
738,6,0.03568245023488999,5,1
739,8,0.07372739911079407,3,1
740,8,0.034204394867022835,3,1
741,5,0.026343623486657936,6,1
742,8,0.020436882662276428,3,1
743,6,0.03029755800962448,5,1
744,5,0.07801479132225116,6,1
745,6,0.03670046180486679,5,1
746,8,0.0317873681584994,3,1
747,5,0.0793337548772494,6,1
748,6,0.10549623593688011,5,1
749,9,0.03256436996161938,2,1
750,9,0.023044120986014605,2,1
751,10,0.013012132607400417,1,1
752,9,0.02831309661269188,2,1
753,8,0.02153168773899476,3,1
754,10,0.0193941630423069,1,1
755,5,0.02620234868178765,6,1
756,10,0.46242520213127136,1,1
757,7,0.21206151880323887,4,1
758,8,0.036512683456142746,3,1
759,10,0.05807258561253548,1,1
760,8,0.01594132650643587,3,1
761,9,0.06709763593971729,2,1
762,8,0.03330480866134167,3,1
763,7,0.01919826725497842,4,1
764,8,0.02003265917301178,3,1
765,5,0.03168508658806483,6,1
766,9,0.010581170674413443,2,1
767,9,0.01572156185284257,2,1
768,6,0.01963376421481371,5,1
769,6,0.02706319037824869,5,1
770,7,0.010062790475785732,4,1
771,8,0.14628704326848188,3,1
772,8,0.020783741027116776,3,1
773,-13,0.05073062842711806,24,1
774,10,0.017330123111605644,1,1
775,9,0.01038436871021986,2,1
776,9,0.01680435100570321,2,1
777,8,0.06616608053445816,3,1
778,7,0.05283671757206321,4,1
779,7,0.06849512085318565,4,1
780,10,0.02590167708694935,1,1
781,9,0.036681780591607094,2,1
782,9,0.057412128895521164,2,1
783,-11,0.023561342619359493,2,0
784,8,0.030486249985794227,3,1
785,9,0.032145652920007706,2,1
786,-10,0.10718128830194473,1,0
787,8,0.03406220053633054,3,1
788,8,0.04716676597793897,3,1
789,7,0.02811239380389452,4,1
790,6,0.1034604873508215,5,1
791,10,0.09118873625993729,1,1
792,10,0.048927485942840576,1,1
793,10,0.06051412224769592,1,1
794,5,0.04993555570642153,6,1
795,9,0.05698474124073982,2,1
796,7,0.02540693641640246,4,1
797,8,0.027780916541814804,3,1
798,5,0.09104398405179381,6,1
799,9,0.010688410606235266,2,1
800,10,0.014495542272925377,1,1
801,7,0.04668699484318495,4,1
802,7,0.025486485566943884,4,1
803,8,0.07267606506745021,3,1
804,9,0.10965479537844658,2,1
805,7,0.02350351749919355,4,1
806,7,0.030876890756189823,4,1
807,6,0.08785677086561919,5,1
808,10,0.03444363921880722,1,1
809,10,0.043457407504320145,1,1
810,8,0.018300170078873634,3,1
811,9,0.0553271509706974,2,1
812,9,0.038336342200636864,2,1
813,6,0.020789971575140953,5,1
814,9,0.042464456520974636,2,1
815,9,0.1961495317518711,2,1
816,8,0.028139411161343258,3,1
817,6,0.1047402886673808,5,1
818,-50,0.06461413057520986,50,0
819,9,0.01764731016010046,2,1
820,9,0.2466532588005066,2,1
821,5,0.10430982755497098,6,1
822,7,0.015738432528451085,4,1
823,5,0.031133780255913734,6,1
824,10,0.01476282812654972,1,1
825,9,0.033485057298094034,2,1
826,7,0.09731711097992957,4,1
827,8,0.015085583242277304,3,1
828,9,0.012634022394195199,2,1
829,10,0.5121514797210693,1,1
830,9,0.011758877895772457,2,1
831,7,0.15719527564942837,4,1
832,9,0.01979389227926731,2,1
833,7,0.13840251928195357,4,1
834,7,0.02459783758968115,4,1
835,10,0.018800046294927597,1,1
836,7,0.13205094984732568,4,1
837,8,0.019259341681996982,3,1
838,9,0.01035252120345831,2,1
839,5,0.034358830812076725,6,1
840,8,0.18227817056079706,3,1
841,10,0.019221406430006027,1,1
842,5,0.019842880312353373,6,1
843,-50,0.06530118392780423,50,0
844,10,0.028496138751506805,1,1
845,9,0.02516229171305895,2,1
846,8,0.03544461323569218,3,1
847,7,0.02452702820301056,4,1
848,5,0.013595902205755314,6,1
849,6,0.05380202140659094,5,1
850,10,0.01770152524113655,1,1
851,8,0.019240548523763817,3,1
852,8,0.032273003521064915,3,1
853,7,0.04707367764785886,4,1
854,6,0.15768182650208473,5,1
855,7,0.02068742224946618,4,1
856,8,0.06584987696260214,3,1
857,6,0.021932301670312883,5,1
858,6,0.037934230640530586,5,1
859,7,0.024498039158061147,4,1
860,8,0.023861682042479515,3,1
861,8,0.13503370930751166,3,1
862,7,0.018757978221401572,4,1
863,8,0.014658578671514988,3,1
864,8,0.06388250862558682,3,1
865,9,0.020901977084577084,2,1
866,9,0.06797094969078898,2,1
867,8,0.022449436752746504,3,1
868,8,0.058337931210796036,3,1
869,-50,0.08326657012104988,50,0
870,10,0.08012103289365768,1,1
871,8,0.06524585435787837,3,1
872,9,0.03735991381108761,2,1
873,9,0.028743968345224857,2,1
874,8,0.03288218627373377,3,1
875,8,0.020090360039224226,3,1
876,8,0.030083348974585533,3,1
877,9,0.06733688153326511,2,1
878,9,0.04709913209080696,2,1
879,8,0.02104415123661359,3,1
880,9,0.1341959349811077,2,1
881,7,0.03782102093100548,4,1
882,6,0.0219744686037302,5,1
883,-15,0.10932868221201576,26,1
884,7,0.03236702736467123,4,1
885,9,0.050323670729994774,2,1
886,7,0.04812407772988081,4,1
887,9,0.03053906187415123,2,1
888,7,0.05512530077248812,4,1
889,10,0.05085393041372299,1,1
890,4,0.051361284883958955,7,1
891,6,0.07484155856072902,5,1
892,8,0.1897535448273023,3,1
893,7,0.04650966404005885,4,1
894,-12,0.35311152537663776,3,0
895,9,0.045952160842716694,2,1
896,-26,0.05482363558429129,17,0
897,-16,0.07990334141585562,27,1
898,9,0.12898197397589684,2,1
899,7,0.1018119053915143,4,1
900,-10,0.09797097742557526,1,0
901,9,0.018924815580248833,2,1
902,9,0.05679139122366905,2,1
903,9,0.22244434989988804,2,1
904,9,0.05454690009355545,2,1
905,10,0.030966879799962044,1,1
906,8,0.3264535218477249,3,1
907,9,0.042010470293462276,2,1
908,8,0.058344513177871704,3,1
909,-11,0.12753354842689904,22,1
910,10,0.028588302433490753,1,1
911,10,0.03508886694908142,1,1
912,9,0.27798793837428093,2,1
913,9,0.2939154729247093,2,1
914,10,0.1491747945547104,1,1
915,10,0.048859577625989914,1,1
916,9,0.3245287984609604,2,1
917,6,0.11599832624197007,5,1
918,6,0.1664753921329975,5,1
919,7,0.06891436502337456,4,1
920,6,0.11186492443084717,5,1
921,9,0.06246071867644787,2,1
922,4,0.047931241137640815,7,1
923,8,0.05884242306152979,3,1
924,8,0.27191319813330966,3,1
925,9,0.03203905280679464,2,1
926,9,0.3137627374380827,2,1
927,9,0.5925389677286148,2,1
928,10,0.10690803825855255,1,1
929,5,0.1483721099793911,6,1
930,9,0.15204580128192902,2,1
931,7,0.07935396209359169,4,1
932,6,0.20353957414627075,5,1
933,9,0.32112786918878555,2,1
934,8,0.06227527807156245,3,1
935,9,0.023195230402052402,2,1
936,6,0.04028088161721825,5,1
937,9,0.08599573373794556,2,1
938,10,0.06372696161270142,1,1
939,-50,0.12748057987540962,50,0
940,10,0.08248483389616013,1,1
941,10,0.053013719618320465,1,1
942,8,0.0857198362549146,3,1
943,6,0.1956359215080738,5,1
944,7,0.07913465611636639,4,1
945,8,0.0513068251311779,3,1
946,8,0.09520408076544602,3,1
947,9,0.1680518202483654,2,1
948,8,0.16288222124179205,3,1
949,5,0.042480005572239556,6,1
950,10,0.596145749092102,1,1
951,10,0.12340390682220459,1,1
952,7,0.06996516603976488,4,1
953,10,0.046771660447120667,1,1
954,7,0.038874664111062884,4,1
955,6,0.04121910501271486,5,1
956,7,0.08054946549236774,4,1
957,7,0.1473150704987347,4,1
958,7,0.03851485066115856,4,1
959,4,0.13397240851606643,7,1
960,7,0.16283513139933348,4,1
961,-11,0.032536206766963005,2,0
962,8,0.020128451908628147,3,1
963,8,0.07633745049436887,3,1
964,6,0.05851550474762916,5,1
965,7,0.04145663417875767,4,1
966,7,0.04362683929502964,4,1
967,9,0.03158148285001516,2,1
968,10,0.04100249335169792,1,1
969,-19,0.04957140013575554,10,0
970,7,0.05472645442932844,4,1
971,8,0.11729742648700874,3,1
972,-50,0.10335351815447211,50,0
973,7,0.0828315275721252,4,1
974,7,0.12779736192896962,4,1
975,10,0.07561393827199936,1,1
976,9,0.34030401706695557,2,1
977,8,0.08359554534157117,3,1
978,10,0.31494376063346863,1,1
979,5,0.053621042519807816,6,1
980,8,0.062472732116778694,3,1
981,9,0.026209637988358736,2,1
982,9,0.06637991964817047,2,1
983,10,0.03095828928053379,1,1
984,9,0.062247779220342636,2,1
985,9,0.26536056585609913,2,1
986,8,0.040809985250234604,3,1
987,9,0.06458859890699387,2,1
988,10,0.019705161452293396,1,1
989,-8,0.11514430071570371,19,1
990,10,0.3374132513999939,1,1
991,10,0.22288362681865692,1,1
992,9,0.03251643572002649,2,1
993,6,0.02956429123878479,5,1
994,9,0.2786809206008911,2,1
995,7,0.04047659086063504,4,1
996,7,0.026755108730867505,4,1
997,9,0.04991179518401623,2,1
998,8,0.05038204478720824,3,1
999,10,0.0363597497344017,1,1
1000,5,0.03397231347238024,6,1
1,9,0.11964470706880093,2,1
2,-10,0.03275202587246895,1,0
3,7,0.08305614441633224,4,1
4,7,0.037071757949888706,4,1
5,10,0.5973643660545349,1,1
6,9,0.049809180200099945,2,1
7,8,0.02980016606549422,3,1
8,7,0.036255819257348776,4,1
9,10,0.038170769810676575,1,1
10,7,0.061438534408807755,4,1
11,9,0.16446032375097275,2,1
12,8,0.048663148656487465,3,1
13,9,0.08284967578947544,2,1
14,8,0.2601122111082077,3,1
15,9,0.02572428062558174,2,1
16,8,0.04033604636788368,3,1
17,8,0.06648026282588641,3,1
18,10,0.024978037923574448,1,1
19,9,0.19734862633049488,2,1
20,7,0.11631636880338192,4,1
21,8,0.13528075255453587,3,1
22,9,0.14874343946576118,2,1
23,10,0.4637511670589447,1,1
24,9,0.05698472447693348,2,1
25,8,0.18763227139910063,3,1
26,7,0.0626695305109024,4,1
27,10,0.02868058905005455,1,1
28,8,0.04331111411253611,3,1
29,7,0.035969661083072424,4,1
30,8,0.3038419783115387,3,1
31,10,0.04917338490486145,1,1
32,9,0.06015173764899373,2,1
33,10,0.02128714509308338,1,1
34,8,0.023962768415609997,3,1
35,7,0.08064820151776075,4,1
36,7,0.20170567743480206,4,1
37,7,0.05388978589326143,4,1
38,9,0.136320473626256,2,1
39,7,0.026826277375221252,4,1
40,-50,0.09079124715179204,50,0
41,10,0.06920474022626877,1,1
42,8,0.16218545039494833,3,1
43,9,0.053564658388495445,2,1
44,7,0.029379027895629406,4,1
45,7,0.05199018632993102,4,1
46,8,0.031660749266544976,3,1
47,5,0.07274114961425464,6,1
48,9,0.07051390781998634,2,1
49,5,0.04927358993639549,6,1
50,9,0.06875220686197281,2,1
51,8,0.03754396239916483,3,1
52,9,0.028196845203638077,2,1
53,6,0.1319982334971428,5,1
54,-11,0.03684157971292734,2,0
55,6,0.058278483152389524,5,1
56,8,0.0599688912431399,3,1
57,9,0.020027684047818184,2,1
58,10,0.04740125685930252,1,1
59,8,0.031074222798148792,3,1
60,10,0.04260874539613724,1,1
61,10,0.08288149535655975,1,1
62,5,0.058939023253818355,6,1
63,7,0.057042711647227407,4,1
64,9,0.05931069329380989,2,1
65,-13,0.03692936524748802,4,0
66,6,0.055636022984981534,5,1
67,8,0.04916717826078335,3,1
68,10,0.03200354054570198,1,1
69,8,0.07849782208601634,3,1
70,6,0.0774672955274582,5,1
71,5,0.046967471949756145,6,1
72,10,0.42538970708847046,1,1
73,8,0.0665269394715627,3,1
74,9,0.03196237329393625,2,1
75,7,0.157490654848516,4,1
76,8,0.05818895374735197,3,1
77,9,0.028236153535544872,2,1
78,10,0.07464314997196198,1,1
79,9,0.03139094077050686,2,1
80,7,0.05008496344089508,4,1
81,10,0.026944804936647415,1,1
82,5,0.11063384388883908,6,1
83,8,0.048192656288544335,3,1
84,9,0.027167133055627346,2,1
85,10,0.034386537969112396,1,1
86,10,0.03378327935934067,1,1
87,9,0.039809271693229675,2,1
88,9,0.034669458866119385,2,1
89,10,0.04257214069366455,1,1
90,9,0.05535534303635359,2,1
91,6,0.028241036273539067,5,1
92,9,0.027094924822449684,2,1
93,9,0.027871835976839066,2,1
94,9,0.03235555160790682,2,1
95,9,0.026811685413122177,2,1
96,5,0.07499116628120343,6,1
97,-16,0.21654741146734782,7,0
98,10,0.26121971011161804,1,1
99,10,0.4610365331172943,1,1
100,6,0.1649031400680542,5,1
101,8,0.336034893989563,3,1
102,8,0.06641056823233764,3,1
103,7,0.07623594533652067,4,1
104,9,0.03316714055836201,2,1
105,8,0.04111066088080406,3,1
106,8,0.058392541483044624,3,1
107,8,0.03908221827199062,3,1
108,10,0.051438674330711365,1,1
109,7,0.14203792065382004,4,1
110,9,0.024135987274348736,2,1
111,5,0.06812299384425084,6,1
112,7,0.21125672571361065,4,1
113,10,0.030533399432897568,1,1
114,8,0.23875723282496134,3,1
115,8,0.051878588274121284,3,1
116,10,0.06513367593288422,1,1
117,8,0.0350430520872275,3,1
118,8,0.16191728164752325,3,1
119,10,0.014759013429284096,1,1
120,10,0.02973039820790291,1,1
121,8,0.05468261738618215,3,1
122,10,0.029305702075362206,1,1
123,7,0.050425224006175995,4,1
124,10,0.13057129085063934,1,1
125,6,0.26103137284517286,5,1
126,9,0.04879020340740681,2,1
127,9,0.2250828817486763,2,1
128,9,0.025266041979193687,2,1
129,6,0.03679822441190481,5,1
130,8,0.030267950768272083,3,1
131,10,0.03788956254720688,1,1
132,10,0.04475715011358261,1,1
133,10,0.015608657151460648,1,1
134,8,0.03575818116466204,3,1
135,9,0.057305244728922844,2,1
136,9,0.018788043409585953,2,1
137,6,0.03096795789897442,5,1
138,10,0.44033360481262207,1,1
139,-38,0.10389303389404501,49,1
140,-24,0.10577537321618626,35,1
141,9,0.04459710046648979,2,1
142,7,0.10376264061778784,4,1
143,7,0.19330423697829247,4,1
144,9,0.054640717804431915,2,1
145,-12,0.20530881670614085,3,0
146,10,0.04115742817521095,1,1
147,8,0.14479525635639826,3,1
148,9,0.026496728882193565,2,1
149,10,0.03726748004555702,1,1
150,-41,0.09694591106381267,32,0
151,8,0.0369750140234828,3,1
152,10,0.08549674600362778,1,1
153,10,0.023369936272501945,1,1
154,9,0.25184789299964905,2,1
155,10,0.3447277843952179,1,1
156,9,0.08048905432224274,2,1
157,9,0.09245959110558033,2,1
158,7,0.06036762008443475,4,1
159,8,0.07308169702688853,3,1
160,7,0.09878383297473192,4,1
161,10,0.017227739095687866,1,1
162,6,0.12861473113298416,5,1
163,9,0.22661886736750603,2,1
164,6,0.06820481270551682,5,1
165,6,0.0765703484416008,5,1
166,6,0.2274308569729328,5,1
167,7,0.23405879363417625,4,1
168,8,0.05817254570623239,3,1
169,9,0.06680098921060562,2,1
170,6,0.13791831582784653,5,1
171,9,0.029489933513104916,2,1
172,7,0.158514398150146,4,1
173,6,0.06386475749313832,5,1
174,9,0.10209532454609871,2,1
175,7,0.05356474220752716,4,1
176,8,0.05542334790031115,3,1
177,10,0.056533366441726685,1,1
178,9,0.2481532022356987,2,1
179,8,0.07131413370370865,3,1
180,9,0.07199181616306305,2,1
181,9,0.21500321850180626,2,1
182,10,0.10620345175266266,1,1
183,9,0.10266868025064468,2,1
184,10,0.12251637876033783,1,1
185,7,0.07754549011588097,4,1
186,8,0.03957128586868445,3,1
187,7,0.17875657510012388,4,1
188,9,0.06427198275923729,2,1
189,10,0.1289254128932953,1,1
190,9,0.2489364892244339,2,1
191,7,0.14389769919216633,4,1
192,6,0.0623396098613739,5,1
193,10,0.018168028444051743,1,1
194,10,0.10492150485515594,1,1
195,8,0.044301457703113556,3,1
196,8,0.0262909938270847,3,1
197,8,0.1194470723470052,3,1
198,10,0.05121731013059616,1,1
199,8,0.2703101734320323,3,1
200,2,0.09645308761133088,9,1
201,9,0.21450362354516983,2,1
202,7,0.04614918166771531,4,1
203,10,0.03257459029555321,1,1
204,9,0.042676448822021484,2,1
205,10,0.05303681269288063,1,1
206,9,0.03932458907365799,2,1
207,9,0.06387392338365316,2,1
208,8,0.13842772444089255,3,1
209,6,0.12923131063580512,5,1
210,10,0.08823785185813904,1,1
211,9,0.05677812173962593,2,1
212,5,0.08708521661659081,6,1
213,7,0.14957062155008316,4,1
214,10,0.06479859352111816,1,1
215,9,0.04316627234220505,2,1
216,7,0.10955810546875,4,1
217,8,0.0715773639579614,3,1
218,9,0.048938898369669914,2,1
219,8,0.07028433804710706,3,1
220,9,0.053656164556741714,2,1
221,8,0.04718216136097908,3,1
222,9,0.10253008268773556,2,1
223,10,0.05202319473028183,1,1
224,6,0.04275868758559227,5,1
225,8,0.04950012887517611,3,1
226,8,0.18459316963950792,3,1
227,10,0.03521403670310974,1,1
228,10,0.03268712759017944,1,1
229,8,0.0406495009859403,3,1
230,-6,0.06784567258813802,17,1
231,7,0.11093459324911237,4,1
232,10,0.017222978174686432,1,1
233,8,0.10678060290714105,3,1
234,9,0.05903106927871704,2,1
235,8,0.14136308679978052,3,1
236,9,0.04477949067950249,2,1
237,8,0.141293632487456,3,1
238,8,0.18998190884788832,3,1
239,7,0.06485232384875417,4,1
240,-1,0.1460085961346825,12,1
241,9,0.17092503979802132,2,1
242,8,0.05906942362586657,3,1
243,6,0.17281343191862106,5,1
244,8,0.0390244722366333,3,1
245,8,0.056636503587166466,3,1
246,9,0.06016888841986656,2,1
247,8,0.04464347536365191,3,1
248,9,0.030974918976426125,2,1
249,9,0.021500312723219395,2,1
250,8,0.04751046374440193,3,1
251,10,0.12390770018100739,1,1
252,8,0.05222009991606077,3,1
253,9,0.023779666982591152,2,1
254,5,0.11506833384434383,6,1
255,9,0.24949034862220287,2,1
256,8,0.07555541768670082,3,1
257,7,0.04981425264850259,4,1
258,7,0.23698307294398546,4,1
259,7,0.15143775194883347,4,1
260,4,0.07748411116855485,7,1
261,10,0.01708974316716194,1,1
262,9,0.024044716730713844,2,1
263,-19,0.089694744348526,30,1
264,7,0.06697480753064156,4,1
265,9,0.07250011898577213,2,1
266,9,0.2191858571022749,2,1
267,10,0.031097039580345154,1,1
268,7,0.040375896729528904,4,1
269,6,0.07948418259620667,5,1
270,9,0.02736763097345829,2,1
271,8,0.037396627167860665,3,1
272,9,0.04096978344023228,2,1
273,7,0.039170532021671534,4,1
274,8,0.038219512750705086,3,1
275,9,0.06747803092002869,2,1
276,8,0.057690635323524475,3,1
277,8,0.12035619343320529,3,1
278,6,0.12069708555936813,5,1
279,10,0.02592439576983452,1,1
280,10,0.023560814559459686,1,1
281,9,0.060637807473540306,2,1
282,8,0.09850641091664632,3,1
283,8,0.18169660617907843,3,1
284,8,0.16638469137251377,3,1
285,4,0.10453237566564764,7,1
286,6,0.036203953251242635,5,1
287,9,0.0671383086591959,2,1
288,10,0.06828738003969193,1,1
289,6,0.06098126471042633,5,1
290,7,0.02060637972317636,4,1
291,8,0.04692961027224859,3,1
292,9,0.04707404691725969,2,1
293,10,0.029094893485307693,1,1
294,9,0.0377096738666296,2,1
295,8,0.06810341992725928,3,1
296,8,0.027217018107573192,3,1
297,9,0.057597627863287926,2,1
298,9,0.048725077882409096,2,1
299,10,0.0278912466019392,1,1
300,9,0.21006212383508682,2,1
301,8,0.024908137197295826,3,1
302,6,0.027561210840940476,5,1
303,9,0.050005365163087845,2,1
304,6,0.026546770147979258,5,1
305,9,0.1052858904004097,2,1
306,-10,0.026122363284230232,1,0
307,7,0.10397391021251678,4,1
308,9,0.02726711519062519,2,1
309,6,0.034899758920073506,5,1
310,10,0.01412955205887556,1,1
311,9,0.20534316077828407,2,1
312,8,0.0304990050693353,3,1
313,7,0.04139318456873298,4,1
314,9,0.022316732443869114,2,1
315,7,0.019538747612386942,4,1
316,-3,0.06383915139096123,14,1
317,9,0.0815421137958765,2,1
318,10,0.03795722499489784,1,1
319,7,0.06262089964002371,4,1
320,7,0.09203500906005502,4,1
321,9,0.0428453553467989,2,1
322,9,0.06577278301119804,2,1
323,9,0.02860238403081894,2,1
324,6,0.1542705599218607,5,1
325,8,0.04313265159726143,3,1
326,9,0.11929638683795929,2,1
327,8,0.10228906075159709,3,1
328,-50,0.07904122479259967,50,0
329,10,0.13782721757888794,1,1
330,10,0.06047920882701874,1,1
331,5,0.03587205056101084,6,1
332,9,0.04870113171637058,2,1
333,6,0.034784778207540515,5,1
334,6,0.0929188035428524,5,1
335,9,0.10847623273730278,2,1
336,8,0.047588927671313286,3,1
337,10,0.01862376369535923,1,1
338,7,0.049351281486451626,4,1
339,6,0.03135888185352087,5,1
340,6,0.12139916568994522,5,1
341,7,0.06398324086330831,4,1
342,-12,0.02173774658391873,3,0
343,9,0.10220539942383766,2,1
344,8,0.0691971629858017,3,1
345,10,0.05182567611336708,1,1
346,7,0.0630421256646514,4,1
347,9,0.08213431388139725,2,1
348,9,0.03268985450267792,2,1
349,8,0.17701301723718643,3,1
350,5,0.11482768598943949,6,1
351,9,0.026439315639436245,2,1
352,9,0.04906294867396355,2,1
353,7,0.03550974279642105,4,1
354,-20,0.09760861288035108,31,1
355,7,0.10914493631571531,4,1
356,8,0.03580840056141218,3,1
357,10,0.02566279098391533,1,1
358,-22,0.0988569103467923,13,0
359,9,0.04474342800676823,2,1
360,10,0.03858410194516182,1,1
361,9,0.03435148950666189,2,1
362,9,0.04509328678250313,2,1
363,10,0.033155184239149094,1,1
364,10,0.07850630581378937,1,1
365,9,0.0740601159632206,2,1
366,8,0.13582358757654825,3,1
367,9,0.2528219446539879,2,1
368,10,0.026898838579654694,1,1
369,7,0.02472840156406164,4,1
370,9,0.04179257992655039,2,1
371,10,0.01712135598063469,1,1
372,6,0.021205404959619045,5,1
373,8,0.14522802953918776,3,1
374,6,0.12839274480938911,5,1
375,9,0.010522236116230488,2,1
376,10,0.023437224328517914,1,1
377,10,0.010962300933897495,1,1
378,5,0.11715574795380235,6,1
379,9,0.019853495992720127,2,1
380,9,0.021453147754073143,2,1
381,9,0.010781345423310995,2,1
382,8,0.034207984494666256,3,1
383,6,0.11846853904426098,5,1
384,7,0.07426194986328483,4,1
385,8,0.19907935336232185,3,1
386,9,0.07860631123185158,2,1
387,6,0.06003857329487801,5,1
388,5,0.10714839895566304,6,1
389,10,0.042626455426216125,1,1
390,6,0.08832783084362746,5,1
391,8,0.04213949913779894,3,1
392,7,0.054705929942429066,4,1
393,8,0.04254798901577791,3,1
394,7,0.11822007410228252,4,1
395,8,0.03347226077069839,3,1
396,8,0.05607227608561516,3,1
397,7,0.03484566230326891,4,1
398,8,0.04564795674135288,3,1
399,8,0.025253877664605778,3,1
400,7,0.044166140258312225,4,1
401,6,0.07754559237509966,5,1
402,8,0.072140966852506,3,1
403,9,0.017412166111171246,2,1
404,10,0.046768274158239365,1,1
405,8,0.03833163964251677,3,1
406,5,0.047344972069064774,6,1
407,10,0.05682603269815445,1,1
408,10,0.046032290905714035,1,1
409,8,0.045452782263358436,3,1
410,9,0.034387724474072456,2,1
411,8,0.04845126159489155,3,1
412,7,0.07512360904365778,4,1
413,9,0.022467157803475857,2,1
414,7,0.025234087370336056,4,1
415,10,0.01729106530547142,1,1
416,9,0.032484106719493866,2,1
417,8,0.049696057414015136,3,1
418,7,0.03865036275237799,4,1
419,-11,0.035239485261792484,22,1
420,10,0.6999984383583069,1,1
421,10,0.02465018630027771,1,1
422,10,0.19144213199615479,1,1
423,7,0.0611007260158658,4,1
424,9,0.03417675383388996,2,1
425,8,0.16530112798015276,3,1
426,9,0.23769649863243103,2,1
427,9,0.02605132758617401,2,1
428,10,0.15730419754981995,1,1
429,7,0.21472714515402913,4,1
430,9,0.07638834742829204,2,1
431,10,0.013447355479001999,1,1
432,7,0.04180915420874953,4,1
433,8,0.03417955214778582,3,1
434,7,0.05823440384119749,4,1
435,5,0.0551395978157719,6,1
436,10,0.025334928184747696,1,1
437,7,0.06784061482176185,4,1
438,9,0.02992819808423519,2,1
439,8,0.03285497675339381,3,1
440,6,0.09171319790184498,5,1
441,9,0.3471735641360283,2,1
442,9,0.02499314956367016,2,1
443,10,0.025064926594495773,1,1
444,10,0.020253291353583336,1,1
445,10,0.6507413387298584,1,1
446,10,0.07695596665143967,1,1
447,7,0.08892099186778069,4,1
448,8,0.14012265453735986,3,1
449,7,0.08766486961394548,4,1
450,8,0.12711339692274728,3,1
451,5,0.07247744873166084,6,1
452,9,0.0469057522714138,2,1
453,9,0.020315614994615316,2,1
454,8,0.03847262946267923,3,1
455,10,0.03950516879558563,1,1
456,8,0.08478761216004689,3,1
457,7,0.03565913368947804,4,1
458,7,0.04099283879622817,4,1
459,9,0.1777763394638896,2,1
460,10,0.07840893417596817,1,1
461,8,0.022968716298540432,3,1
462,9,0.049504492431879044,2,1
463,8,0.041501382986704506,3,1
464,6,0.08133601993322373,5,1
465,8,0.12205731992920239,3,1
466,6,0.06008437424898148,5,1
467,9,0.023085130378603935,2,1
468,9,0.21632911637425423,2,1
469,9,0.20026089437305927,2,1
470,8,0.06520889823635419,3,1
471,7,0.05893960641697049,4,1
472,10,0.018221549689769745,1,1
473,10,0.05300218611955643,1,1
474,8,0.0594324724127849,3,1
475,7,0.04891814012080431,4,1
476,7,0.026859802659600973,4,1
477,8,0.1250199048469464,3,1
478,7,0.05104327015578747,4,1
479,9,0.021806648932397366,2,1
480,10,0.07174918055534363,1,1
481,10,0.083175890147686,1,1
482,9,0.07293323520570993,2,1
483,8,0.053115865836540856,3,1
484,5,0.09368044914056857,6,1
485,6,0.09745683297514915,5,1
486,8,0.15708634505669275,3,1
487,9,0.0471465066075325,2,1
488,9,0.0675073741003871,2,1
489,9,0.04381704516708851,2,1
490,9,0.053640225902199745,2,1
491,8,0.11059550320108731,3,1
492,10,0.14650395512580872,1,1
493,10,0.11047127097845078,1,1
494,7,0.02576803555712104,4,1
495,7,0.09924654755741358,4,1
496,-30,0.07827956583805201,41,1
497,10,0.02754034474492073,1,1
498,9,0.04153310880064964,2,1
499,7,0.032445953227579594,4,1
500,9,0.04771385155618191,2,1
501,9,0.044092534109950066,2,1
502,8,0.026763415584961574,3,1
503,9,0.037205614149570465,2,1
504,8,0.13570846617221832,3,1
505,9,0.1793347392231226,2,1
506,8,0.06427095116426547,3,1
507,7,0.040280959103256464,4,1
508,8,0.03185387452443441,3,1
509,10,0.0380876250565052,1,1
510,9,0.10602222755551338,2,1
511,8,0.03147281085451444,3,1
512,7,0.08853476401418447,4,1
513,7,0.03453148063272238,4,1
514,9,0.032936956733465195,2,1
515,9,0.03655266761779785,2,1
516,9,0.051974350586533546,2,1
517,10,0.06960735470056534,1,1
518,6,0.11923673376441002,5,1
519,7,0.11418180912733078,4,1
520,7,0.11049586767330766,4,1
521,8,0.1334126020471255,3,1
522,7,0.13396313600242138,4,1
523,9,0.0402802936732769,2,1
524,4,0.04457077596868787,7,1
525,10,0.020490175113081932,1,1
526,9,0.026604815386235714,2,1
527,6,0.05169116333127022,5,1
528,-37,0.1121018942212686,48,1
529,10,0.061956148594617844,1,1
530,-11,0.11206779366528447,22,1
531,7,0.06311975233256817,4,1
532,9,0.0911576272919774,2,1
533,10,0.3696218430995941,1,1
534,8,0.11498749628663063,3,1
535,10,0.022655580192804337,1,1
536,10,0.05548129603266716,1,1
537,7,0.04950092639774084,4,1
538,-25,0.06626906939264801,36,1
539,9,0.05472375079989433,2,1
540,9,0.03628195449709892,2,1
541,10,0.011427345685660839,1,1
542,6,0.04921680726110935,5,1
543,6,0.04713165238499641,5,1
544,-8,0.07477978989481926,19,1
545,10,0.030487794429063797,1,1
546,-31,0.07396125751124187,22,0
547,10,0.02241252362728119,1,1
548,6,0.053761836141347885,5,1
549,9,0.047139113768935204,2,1
550,9,0.03690111078321934,2,1
551,7,0.059187610633671284,4,1
552,5,0.036589987886448704,6,1
553,10,0.030523844063282013,1,1
554,6,0.05317520201206207,5,1
555,8,0.10862557341655095,3,1
556,10,0.052156977355480194,1,1
557,9,0.03215630352497101,2,1
558,8,0.029592246438066166,3,1
559,9,0.03715372830629349,2,1
560,8,0.029640681420763332,3,1
561,10,0.03176850453019142,1,1
562,9,0.019537057261914015,2,1
563,10,0.01008087582886219,1,1
564,10,0.04165341705083847,1,1
565,7,0.05019950261339545,4,1
566,8,0.032647352665662766,3,1
567,9,0.22546527534723282,2,1
568,8,0.04722760617733002,3,1
569,9,0.04936322569847107,2,1
570,8,0.03294237454732259,3,1
571,6,0.03672279231250286,5,1
572,5,0.03607054380699992,6,1
573,9,0.01868900377303362,2,1
574,7,0.028780795400962234,4,1
575,7,0.05539775639772415,4,1
576,6,0.11629817821085453,5,1
577,9,0.06153448857367039,2,1
578,10,0.03018532693386078,1,1
579,9,0.026396792382001877,2,1
580,4,0.035628149552004676,7,1
581,7,0.03210987988859415,4,1
582,7,0.027657657861709595,4,1
583,8,0.04689705309768518,3,1
584,9,0.04195639118552208,2,1
585,-10,0.06733418256044388,1,0
586,6,0.12167763113975524,5,1
587,8,0.06604962920149167,3,1
588,-50,0.09796154830604792,50,0
589,9,0.03412162512540817,2,1
590,10,0.03212882578372955,1,1
591,9,0.05176925286650658,2,1
592,8,0.09922591969370842,3,1
593,7,0.04439167072996497,4,1
594,8,0.020013654604554176,3,1
595,8,0.17094609886407852,3,1
596,6,0.2492950599640608,5,1
597,8,0.030703779309988022,3,1
598,8,0.03495055374999841,3,1
599,9,0.03662455454468727,2,1
600,10,0.016431022435426712,1,1
601,7,0.05770818330347538,4,1
602,8,0.038061702623963356,3,1
603,9,0.13238532654941082,2,1
604,6,0.1785716474056244,5,1
605,9,0.1377002913504839,2,1
606,-12,0.12225560595591863,3,0
607,8,0.029022750134269398,3,1
608,8,0.06503691772619884,3,1
609,-37,0.06363694404717535,48,1
610,9,0.12400909513235092,2,1
611,4,0.05634669613625322,7,1
612,7,0.11817740183323622,4,1
613,-10,0.2684192657470703,1,0
614,9,0.17841441929340363,2,1
615,5,0.0644378097107013,6,1
616,10,0.015331905335187912,1,1
617,6,0.03552650175988674,5,1
618,4,0.08253341381038938,7,1
619,-10,0.07839566176491124,21,1
620,9,0.10149342566728592,2,1
621,9,0.07473621517419815,2,1
622,-8,0.06915439361412275,19,1
623,10,0.029374944046139717,1,1
624,-37,0.07353012275416404,48,1
625,8,0.08507459859053294,3,1
626,8,0.04434171877801418,3,1
627,6,0.12183100581169129,5,1
628,10,0.02817058563232422,1,1
629,9,0.04899333417415619,2,1
630,-14,0.04134332723915577,5,0
631,7,0.03601572569459677,4,1
632,8,0.07383506000041962,3,1
633,9,0.05250537395477295,2,1
634,-8,0.07499018144842826,19,1
635,5,0.09708532504737377,6,1
636,-7,0.08740200009196997,18,1
637,9,0.07078263536095619,2,1
638,-7,0.09986630930668777,18,1
639,7,0.041992020793259144,4,1
640,8,0.03349358650545279,3,1
641,10,0.02176762744784355,1,1
642,9,0.0390750290825963,2,1
643,7,0.019865520764142275,4,1
644,9,0.051052339375019073,2,1
645,10,0.03218526020646095,1,1
646,8,0.04201432317495346,3,1
647,8,0.04059689740339915,3,1
648,10,0.027452562004327774,1,1
649,7,0.03342832438647747,4,1
650,9,0.06696388497948647,2,1
651,10,0.022735128179192543,1,1
652,6,0.041331917606294157,5,1
653,9,0.030223604291677475,2,1
654,8,0.14739731202522913,3,1
655,9,0.049107685685157776,2,1
656,7,0.07750749285332859,4,1
657,10,0.028789745643734932,1,1
658,8,0.02709663410981496,3,1
659,9,0.054171863943338394,2,1
660,10,0.06566070765256882,1,1
661,10,0.016093436628580093,1,1
662,9,0.028222864493727684,2,1
663,10,0.02580266445875168,1,1
664,10,0.01935117319226265,1,1
665,9,0.059119055047631264,2,1
666,9,0.11628743447363377,2,1
667,7,0.04325439454987645,4,1
668,10,0.04189877212047577,1,1
669,8,0.025601937746008236,3,1
670,8,0.03659170990188917,3,1
671,8,0.032345994686086975,3,1
672,10,0.026010597124695778,1,1
673,8,0.24346834421157837,3,1
674,6,0.02871604487299919,5,1
675,7,0.04430781677365303,4,1
676,8,0.027003300686677296,3,1
677,8,0.05843948324521383,3,1
678,5,0.05681073386222124,6,1
679,9,0.08698910288512707,2,1
680,8,0.02787006801615159,3,1
681,9,0.02265047002583742,2,1
682,7,0.03462333092465997,4,1
683,9,0.06041994318366051,2,1
684,10,0.029787613078951836,1,1
685,10,0.030073747038841248,1,1
686,9,0.022021152544766665,2,1
687,9,0.018321232870221138,2,1
688,10,0.03645221143960953,1,1
689,-10,0.04344897575321652,21,1
690,6,0.0367528636008501,5,1
691,8,0.031145430480440457,3,1
692,7,0.03941322257742286,4,1
693,9,0.020990140736103058,2,1
694,10,0.03556596860289574,1,1
695,6,0.025215164572000504,5,1
696,9,0.016123461537063122,2,1
697,10,0.01805175468325615,1,1
698,-14,0.027228191308677197,25,1
699,-10,0.02329559624195099,1,0
700,8,0.02671352153023084,3,1
701,6,0.025913793221116067,5,1
702,10,0.017429491505026817,1,1
703,10,0.015002546831965446,1,1
704,8,0.05702293415864309,3,1
705,5,0.03310509972895185,6,1
706,-50,0.055172748118638995,50,0
707,-29,0.04807326616719365,20,0
708,10,0.06544981896877289,1,1
709,9,0.2629520217888057,2,1
710,9,0.07449193298816681,2,1
711,9,0.03376009128987789,2,1
712,-6,0.0741427439977141,17,1
713,10,0.027118584141135216,1,1
714,7,0.0859598801471293,4,1
715,8,0.18383190408349037,3,1
716,10,0.03813707083463669,1,1
717,10,0.03370058536529541,1,1
718,6,0.039275736548006535,5,1
719,-50,0.05254766035825014,50,0
720,0,0.1458017983558503,11,1
721,7,0.032366279512643814,4,1
722,8,0.045376572757959366,3,1
723,10,0.034516431391239166,1,1
724,8,0.040699850767850876,3,1
725,8,0.034447260200977325,3,1
726,9,0.026326201856136322,2,1
727,7,0.02400227403268218,4,1
728,10,0.01612027734518051,1,1
729,8,0.03135396105547746,3,1
730,6,0.04558197408914566,5,1
731,9,0.040254455991089344,2,1
732,7,0.037926101591438055,4,1
733,9,0.03978389594703913,2,1
734,9,0.09046396613121033,2,1
735,9,0.07472132705152035,2,1
736,-10,0.029878869652748108,1,0
737,6,0.04988328702747822,5,1
738,6,0.04025019127875566,5,1
739,5,0.02058264488975207,6,1
740,6,0.019167750701308252,5,1
741,8,0.02648645018537839,3,1
742,9,0.01697107357904315,2,1
743,7,0.02219745423644781,4,1
744,10,0.009906617924571037,1,1
745,8,0.022921633906662464,3,1
746,9,0.01616398710757494,2,1
747,-14,0.0944881335645914,25,1
748,7,0.018905634293332696,4,1
749,6,0.0515387162566185,5,1
750,5,0.05277704478551944,6,1
751,10,0.009064454585313797,1,1
752,9,0.24184531485661864,2,1
753,8,0.035796949019034706,3,1
754,8,0.17575217162569365,3,1
755,8,0.017868846654891968,3,1
756,10,0.06709028780460358,1,1
757,10,0.013299161568284035,1,1
758,5,0.0300212645282348,6,1
759,8,0.1800243128091097,3,1
760,7,0.028492622077465057,4,1
761,7,0.017725691199302673,4,1
762,8,0.13821219590802988,3,1
763,10,0.3696037530899048,1,1
764,9,0.1988419583067298,2,1
765,-2,0.05533571827870149,13,1
766,4,0.10456548484840564,7,1
767,8,0.15748201931516329,3,1
768,8,0.022835334452490013,3,1
769,7,0.030693338252604008,4,1
770,9,0.04943627864122391,2,1
771,8,0.03417375994225343,3,1
772,9,0.2228817269206047,2,1
773,8,0.026864279061555862,3,1
774,8,0.023050276562571526,3,1
775,8,0.023160395212471485,3,1
776,-12,0.023503942725559075,3,0
777,8,0.028244728222489357,3,1
778,8,0.16745179519057274,3,1
779,4,0.14130827252353942,7,1
780,-28,0.06496102816592424,39,1
781,8,0.15296766255050898,3,1
782,9,0.020292249508202076,2,1
783,8,0.1539515471085906,3,1
784,10,0.03346088528633118,1,1
785,10,0.04263542965054512,1,1
786,8,0.07655759404102962,3,1
787,7,0.015910835238173604,4,1
788,9,0.010966237634420395,2,1
789,8,0.018705566724141438,3,1
790,9,0.013744488824158907,2,1
791,8,0.10034329444169998,3,1
792,9,0.030954431742429733,2,1
793,8,0.030136989429593086,3,1
794,9,0.1066958550363779,2,1
795,7,0.023461509263142943,4,1
796,8,0.0226231108730038,3,1
797,10,0.052329324185848236,1,1
798,10,0.022446632385253906,1,1
799,8,0.18847502954304218,3,1
800,8,0.01656773965805769,3,1
801,6,0.01981459129601717,5,1
802,5,0.107806327752769,6,1
803,-10,0.05765443295240402,1,0
804,6,0.06392514910548926,5,1
805,-50,0.06119967939332128,50,0
806,7,0.022624427801929414,4,1
807,7,0.020475673954933882,4,1
808,9,0.018544365651905537,2,1
809,9,0.21219565346837044,2,1
810,7,0.053217895328998566,4,1
811,-45,0.038994834046914346,36,0
812,9,0.03401331044733524,2,1
813,9,0.01193600706756115,2,1
814,10,0.0035617032554000616,1,1
815,8,0.02077777621646722,3,1
816,8,0.01763862743973732,3,1
817,10,0.008952738717198372,1,1
818,7,0.045158185763284564,4,1
819,6,0.0177092170342803,5,1
820,7,0.0661347636487335,4,1
821,9,0.013278620317578316,2,1
822,4,0.01197460972304855,7,1
823,9,0.00898374686948955,2,1
824,7,0.04888695012778044,4,1
825,-50,0.0741102989949286,50,0
826,9,0.08932992815971375,2,1
827,6,0.06894244402647018,5,1
828,9,0.23311492055654526,2,1
829,9,0.02687624003738165,2,1
830,10,0.04192259907722473,1,1
831,8,0.0322824491498371,3,1
832,9,0.01641392195597291,2,1
833,10,0.0739290788769722,1,1
834,8,0.18888744711875916,3,1
835,10,0.019088000059127808,1,1
836,9,0.02594709489494562,2,1
837,6,0.10313906855881214,5,1
838,8,0.07756263762712479,3,1
839,9,0.16608229279518127,2,1
840,6,0.15363037027418613,5,1
841,9,0.03348139300942421,2,1
842,9,0.02268481533974409,2,1
843,9,0.014754032716155052,2,1
844,4,0.09104544735912766,7,1
845,10,0.017012447118759155,1,1
846,9,0.012527598068118095,2,1
847,10,0.02298274263739586,1,1
848,10,0.5961748361587524,1,1
849,10,0.03974867984652519,1,1
850,9,0.018676795065402985,2,1
851,6,0.047385519836097956,5,1
852,9,0.08318902552127838,2,1
853,10,0.08625201880931854,1,1
854,8,0.018768446519970894,3,1
855,6,0.0169384422712028,5,1
856,10,0.0088104959577322,1,1
857,9,0.08753792196512222,2,1
858,3,0.018980111635755748,8,1
859,-50,0.07009670229628683,50,0
860,8,0.06705583880345027,3,1
861,9,0.2683611884713173,2,1
862,-13,0.04818982305005193,4,0
863,6,0.03148508034646511,5,1
864,7,0.04127602186053991,4,1
865,10,0.02121869847178459,1,1
866,4,0.12539044754313572,7,1
867,9,0.01969744171947241,2,1
868,8,0.0670053210730354,3,1
869,10,0.1794174164533615,1,1
870,9,0.01646629348397255,2,1
871,9,0.051092758774757385,2,1
872,8,0.025954781100153923,3,1
873,9,0.02563462406396866,2,1
874,-18,0.08213819483102396,29,1
875,7,0.06828641006723046,4,1
876,10,0.015708761289715767,1,1
877,7,0.02690457133576274,4,1
878,9,0.03483299911022186,2,1
879,8,0.05074911626676718,3,1
880,10,0.19160909950733185,1,1
881,7,0.026680426904931664,4,1
882,9,0.056994819082319736,2,1
883,8,0.07390788694222768,3,1
884,9,0.012077137362211943,2,1
885,9,0.018979737535119057,2,1
886,9,0.024669120088219643,2,1
887,6,0.05790893621742725,5,1
888,10,0.02733931876718998,1,1
889,9,0.0713876336812973,2,1
890,8,0.2396497999628385,3,1
891,9,0.02877567894756794,2,1
892,5,0.04558337014168501,6,1
893,7,0.12321976060047746,4,1
894,8,0.19230207211027542,3,1
895,8,0.05129615465799967,3,1
896,6,0.06587474048137665,5,1
897,10,0.05550996959209442,1,1
898,9,0.07434317655861378,2,1
899,8,0.09888191521167755,3,1
900,7,0.1862064264714718,4,1
901,10,0.04466395825147629,1,1
902,5,0.0833595022559166,6,1
903,10,0.07036132365465164,1,1
904,8,0.17312241718173027,3,1
905,9,0.14860118925571442,2,1
906,9,0.02891666069626808,2,1
907,9,0.11714687384665012,2,1
908,8,0.052411869168281555,3,1
909,7,0.057235308457165956,4,1
910,7,0.054904450196772814,4,1
911,9,0.06549689918756485,2,1
912,7,0.12530623888596892,4,1
913,10,0.033571790903806686,1,1
914,6,0.06938598677515984,5,1
915,10,0.055419109761714935,1,1
916,9,0.1627335175871849,2,1
917,10,0.5283425450325012,1,1
918,8,0.17890887707471848,3,1
919,9,0.03668605536222458,2,1
920,6,0.09259490817785263,5,1
921,7,0.05218765791505575,4,1
922,10,0.05621702969074249,1,1
923,9,0.21123937610536814,2,1
924,8,0.05175813504805168,3,1
925,6,0.19291150495409964,5,1
926,7,0.04029484000056982,4,1
927,9,0.030602091923356056,2,1
928,7,0.0658701816573739,4,1
929,-10,0.08751428819128446,21,1
930,10,0.05996260792016983,1,1
931,-17,0.06521882675588131,28,1
932,6,0.13948502019047737,5,1
933,9,0.09905314166098833,2,1
934,6,0.08278989046812057,5,1
935,9,0.04956204816699028,2,1
936,8,0.21147463284432888,3,1
937,9,0.07850796356797218,2,1
938,8,0.05000914757450422,3,1
939,10,0.029286980628967285,1,1
940,8,0.06620068351427714,3,1
941,7,0.05886968411505222,4,1
942,8,0.07185516506433487,3,1
943,8,0.03061560479303201,3,1
944,10,0.06466159224510193,1,1
945,5,0.18195226167639098,6,1
946,10,0.03933326154947281,1,1
947,-11,0.09558146819472313,22,1
948,5,0.03574404027312994,6,1
949,9,0.08078025095164776,2,1
950,9,0.05661396216601133,2,1
951,7,0.0795190604403615,4,1
952,8,0.045485480378071465,3,1
953,10,0.08434563130140305,1,1
954,9,0.05013950169086456,2,1
955,9,0.05804596468806267,2,1
956,8,0.17947158217430115,3,1
957,9,0.07563114166259766,2,1
958,7,0.023725363425910473,4,1
959,9,0.0812225453555584,2,1
960,6,0.025322798267006875,5,1
961,8,0.2268185888727506,3,1
962,10,0.03296743705868721,1,1
963,8,0.033266562347610794,3,1
964,9,0.07188248448073864,2,1
965,10,0.017987746745347977,1,1
966,9,0.022680937312543392,2,1
967,8,0.051052192846934,3,1
968,10,0.029186587780714035,1,1
969,10,0.055173542350530624,1,1
970,7,0.03728031972423196,4,1
971,9,0.04539503250271082,2,1
972,8,0.030276210357745487,3,1
973,8,0.05401895443598429,3,1
974,-14,0.03619572930037975,5,0
975,7,0.10041676135733724,4,1
976,8,0.16383360450466475,3,1
977,8,0.09253760675589244,3,1
978,9,0.031132962554693222,2,1
979,7,0.12764370255172253,4,1
980,7,0.019936928059905767,4,1
981,8,0.14916260975102583,3,1
982,10,0.00806278083473444,1,1
983,9,0.055563611909747124,2,1
984,8,0.02280112573256095,3,1
985,8,0.13886024306217828,3,1
986,10,0.01601739041507244,1,1
987,9,0.1608776766806841,2,1
988,-32,0.07035772491593001,43,1
989,9,0.06143810786306858,2,1
990,9,0.042770350351929665,2,1
991,9,0.01887430716305971,2,1
992,9,0.02918044477701187,2,1
993,7,0.050857439171522856,4,1
994,9,0.08048338070511818,2,1
995,10,0.08440035581588745,1,1
996,8,0.2240028182665507,3,1
997,10,0.052153538912534714,1,1
998,9,0.2552206441760063,2,1
999,5,0.08455900910000007,6,1
1000,8,0.03495191658536593,3,1
1,7,0.030601461650803685,4,1
2,-12,0.028714198619127274,3,0
3,9,0.04362836666405201,2,1
4,7,0.03811359032988548,4,1
5,8,0.05801208068927129,3,1
6,7,0.1916615692898631,4,1
7,7,0.32443529926240444,4,1
8,7,0.045250474475324154,4,1
9,5,0.200910451511542,6,1
10,4,0.1682083851524762,7,1
11,9,0.05371440760791302,2,1
12,7,0.028438441455364227,4,1
13,8,0.03497569511334101,3,1
14,9,0.03680902626365423,2,1
15,9,0.28764715045690536,2,1
16,8,0.025579816661775112,3,1
17,9,0.03057488054037094,2,1
18,5,0.1100374994178613,6,1
19,8,0.1420461113254229,3,1
20,8,0.0535630922143658,3,1
21,5,0.040581430618961654,6,1
22,7,0.021797938738018274,4,1
23,7,0.11487047234550118,4,1
24,8,0.05199233256280422,3,1
25,9,0.061566539108753204,2,1
26,8,0.1962930510441462,3,1
27,7,0.1395508013665676,4,1
28,-13,0.08110792360578974,24,1
29,9,0.037564738653600216,2,1
30,10,0.019300570711493492,1,1
31,9,0.11884189769625664,2,1
32,10,0.03420701622962952,1,1
33,7,0.14697288582101464,4,1
34,8,0.19686947825054327,3,1
35,8,0.06124378057817618,3,1
36,8,0.013697250746190548,3,1
37,8,0.033760782331228256,3,1
38,7,0.0330014294013381,4,1
39,9,0.028859134763479233,2,1
40,7,0.1106416501570493,4,1
41,9,0.03890605457127094,2,1
42,8,0.02680937759578228,3,1
43,10,0.07871592044830322,1,1
44,8,0.032748411719997726,3,1
45,7,0.027158617042005062,4,1
46,8,0.049184996634721756,3,1
47,8,0.03126085549592972,3,1
48,10,0.09785471111536026,1,1
49,8,0.01833336738248666,3,1
50,9,0.24566421378403902,2,1
51,8,0.1856609843671322,3,1
52,7,0.0401275297626853,4,1
53,6,0.0657518345862627,5,1
54,8,0.053054653108119965,3,1
55,10,0.07333005219697952,1,1
56,9,0.03464414179325104,2,1
57,10,0.031119903549551964,1,1
58,8,0.044544568906227745,3,1
59,10,0.026996061205863953,1,1
60,9,0.055373504757881165,2,1
61,7,0.20702740736305714,4,1
62,7,0.03284468152560294,4,1
63,7,0.17850478366017342,4,1
64,8,0.07402071605126063,3,1
65,10,0.03608520328998566,1,1
66,10,0.02434014342725277,1,1
67,3,0.08424320118501782,8,1
68,10,0.02613099291920662,1,1
69,7,0.03031874867156148,4,1
70,9,0.03146717511117458,2,1
71,7,0.10671506589278579,4,1
72,7,0.029057269915938377,4,1
73,-12,0.07070342042361913,23,1
74,8,0.06410961660246055,3,1
75,9,0.0336728859692812,2,1
76,8,0.13610604777932167,3,1
77,9,0.025838558562099934,2,1
78,8,0.046907508124907814,3,1
79,7,0.08366528199985623,4,1
80,9,0.1637951973825693,2,1
81,9,0.0375777380540967,2,1
82,9,0.01217839540913701,2,1
83,10,0.04234388843178749,1,1
84,10,0.030768871307373047,1,1
85,10,0.026651179417967796,1,1
86,9,0.04035595431923866,2,1
87,9,0.05120633728802204,2,1
88,5,0.0380285664771994,6,1
89,10,0.519005537033081,1,1
90,7,0.05801437236368656,4,1
91,8,0.024644980827967327,3,1
92,8,0.04237868015964826,3,1
93,-19,0.10731581828246514,30,1
94,8,0.04261712729930878,3,1
95,7,0.022696785628795624,4,1
96,8,0.04056213361521562,3,1
97,9,0.033574070781469345,2,1
98,-28,0.07449935524700543,39,1
99,8,0.04002995416522026,3,1
100,-26,0.05068631179849891,17,0
101,-10,0.06813634186983109,1,0
102,-1,0.07331458960349362,12,1
103,10,0.14666835963726044,1,1
104,8,0.0788291407128175,3,1
105,9,0.07836258411407471,2,1
106,9,0.04823870584368706,2,1
107,7,0.13562514632940292,4,1
108,-10,0.07732915097758883,21,1
109,9,0.032923659309744835,2,1
110,10,0.02445850521326065,1,1
111,7,0.041471329517662525,4,1
112,-50,0.07160863991826773,50,0
113,9,0.033046068623661995,2,1
114,10,0.026849787682294846,1,1
115,8,0.03238396346569061,3,1
116,7,0.04228998674079776,4,1
117,9,0.2786705568432808,2,1
118,8,0.13360767935713133,3,1
119,5,0.028635368682444096,6,1
120,9,0.03009735234081745,2,1
121,8,0.03212773613631725,3,1
122,9,0.024139566347002983,2,1
123,-39,0.06583923410624265,50,1
124,7,0.05849479651078582,4,1
125,5,0.051560187401870884,6,1
126,10,0.02072046510875225,1,1
127,10,0.35430043935775757,1,1
128,8,0.03142178865770499,3,1
129,7,0.04289153730496764,4,1
130,5,0.04903337390472492,6,1
131,8,0.17177964374423027,3,1
132,10,0.041773635894060135,1,1
133,10,0.020181041210889816,1,1
134,10,0.03902455046772957,1,1
135,8,0.026146295790870983,3,1
136,-50,0.0682320187985897,50,0
137,10,0.027923308312892914,1,1
138,7,0.05714813061058521,4,1
139,8,0.030992622176806133,3,1
140,10,0.03537154942750931,1,1
141,-50,0.038542283475399015,50,0
142,9,0.05108607467263937,2,1
143,-10,0.01296144537627697,1,0
144,-7,0.02447111542440123,18,1
145,7,0.025962088489905,4,1
146,10,0.03067146986722946,1,1
147,9,0.056224603205919266,2,1
148,9,0.04284020606428385,2,1
149,9,0.05657435022294521,2,1
150,10,0.02009812369942665,1,1
151,7,0.03800362069159746,4,1
152,10,0.0612008273601532,1,1
153,7,0.03289968939498067,4,1
154,10,0.23508021235466003,1,1
155,9,0.016242452431470156,2,1
156,7,0.02682545594871044,4,1
157,9,0.022029781714081764,2,1
158,7,0.01520624477416277,4,1
159,10,0.034102510660886765,1,1
160,9,0.04394528828561306,2,1
161,8,0.01873248474051555,3,1
162,9,0.029260173439979553,2,1
163,10,0.02003069967031479,1,1
164,-46,0.0629908606107976,37,0
165,7,0.025734933093190193,4,1
166,8,0.035512639520068966,3,1
167,10,0.11881506443023682,1,1
168,0,0.03894284884022041,11,1
169,10,0.01840255968272686,1,1
170,6,0.06625419780611992,5,1
171,8,0.038187273467580475,3,1
172,7,0.04688084125518799,4,1
173,9,0.05532944016158581,2,1
174,10,0.055465515702962875,1,1
175,8,0.127151091893514,3,1
176,9,0.26606363616883755,2,1
177,9,0.019612558651715517,2,1
178,9,0.03183825872838497,2,1
179,9,0.02349490486085415,2,1
180,8,0.038664763482908406,3,1
181,9,0.025894726626574993,2,1
182,9,0.02325781248509884,2,1
183,8,0.0391471783320109,3,1
184,5,0.031369660049676895,6,1
185,7,0.12602799641899765,4,1
186,-3,0.055066825688949654,14,1
187,10,0.034723736345767975,1,1
188,9,0.02895207516849041,2,1
189,7,0.06108516128733754,4,1
190,8,0.02425239918132623,3,1
191,7,0.03002834226936102,4,1
192,6,0.041759489476680754,5,1
193,10,0.01768578216433525,1,1
194,8,0.03162534845372041,3,1
195,-10,0.4283713102340698,1,0
196,8,0.1874294194082419,3,1
197,7,0.1441244869492948,4,1
198,8,0.024737438807884853,3,1
199,9,0.022655258886516094,2,1
200,9,0.023241453804075718,2,1
201,9,0.0287297535687685,2,1
202,8,0.02932322273651759,3,1
203,8,0.0242642005905509,3,1
204,6,0.048660844750702384,5,1
205,10,0.025835499167442322,1,1
206,-33,0.05726370915848141,24,0
207,5,0.036513788625597954,6,1
208,6,0.08676964920014144,5,1
209,7,0.046881936490535736,4,1
210,6,0.08950218111276627,5,1
211,7,0.040969263296574354,4,1
212,7,0.021128267981112003,4,1
213,10,0.3887293338775635,1,1
214,8,0.042580313980579376,3,1
215,6,0.04024493731558323,5,1
216,10,0.04944561421871185,1,1
217,8,0.08032906552155812,3,1
218,8,0.04184883460402489,3,1
219,-12,0.029936809335713802,23,1
220,10,0.016810070723295212,1,1
221,9,0.027160918340086937,2,1
222,8,0.23010075216492018,3,1
223,-35,0.045603890652553394,26,0
224,8,0.019170067893962067,3,1
225,9,0.12795227952301502,2,1
226,9,0.021704666782170534,2,1
227,8,0.023597747087478638,3,1
228,10,0.009681587107479572,1,1
229,10,0.029564471915364265,1,1
230,10,0.008075762540102005,1,1
231,10,0.016643323004245758,1,1
232,9,0.00918687041848898,2,1
233,9,0.17613542452454567,2,1
234,8,0.008583569123099247,3,1
235,9,0.07490760274231434,2,1
236,10,0.01580890268087387,1,1
237,7,0.01804690109565854,4,1
238,8,0.027803491956243914,3,1
239,10,0.03272690996527672,1,1
240,7,0.01759969349950552,4,1
241,-50,0.049844004651531576,50,0
242,10,0.049074675887823105,1,1
243,10,0.06481732428073883,1,1
244,8,0.10458022821694613,3,1
245,8,0.050929456328352295,3,1
246,6,0.02121367137879133,5,1
247,0,0.03917662558061155,11,1
248,9,0.04743735212832689,2,1
249,10,0.015386024489998817,1,1
250,10,0.27056220173835754,1,1
251,9,0.029398093931376934,2,1
252,-50,0.061790899587795135,50,0
253,10,0.11281457543373108,1,1
254,9,0.1699109673500061,2,1
255,10,0.01901165395975113,1,1
256,7,0.04822850972414017,4,1
257,8,0.026908672725160915,3,1
258,7,0.05302993347868323,4,1
259,10,0.009878074750304222,1,1
260,8,0.018820301940043766,3,1
261,9,0.028956454247236252,2,1
262,7,0.04637311212718487,4,1
263,-50,0.05411173364147544,50,0
264,9,0.09268105588853359,2,1
265,4,0.05595525433974607,7,1
266,8,0.0561406509950757,3,1
267,7,0.08983696298673749,4,1
268,9,0.012244534213095903,2,1
269,9,0.04380017565563321,2,1
270,7,0.03018805803731084,4,1
271,7,0.026272087823599577,4,1
272,8,0.05338445181647936,3,1
273,10,0.10538457334041595,1,1
274,6,0.08506011739373207,5,1
275,9,0.037328566424548626,2,1
276,5,0.033404637748996414,6,1
277,9,0.026854691095650196,2,1
278,10,0.07031223177909851,1,1
279,-13,0.04541730729397386,24,1
280,10,0.0673493891954422,1,1
281,9,0.05032074823975563,2,1
282,8,0.052607977762818336,3,1
283,9,0.05251339077949524,2,1
284,10,0.024292733520269394,1,1
285,8,0.031958491851886116,3,1
286,10,0.020018890500068665,1,1
287,9,0.057910989969968796,2,1
288,7,0.06476592365652323,4,1
289,6,0.060417838394641876,5,1
290,9,0.052468620240688324,2,1
291,9,0.022258775774389505,2,1
292,10,0.2099524736404419,1,1
293,-50,0.05355871595442295,50,0
294,10,0.014567301608622074,1,1
295,8,0.060385070741176605,3,1
296,8,0.01677241052190463,3,1
297,10,0.010823030024766922,1,1
298,10,0.017941651865839958,1,1
299,8,0.036644281819462776,3,1
300,9,0.08035028353333473,2,1
301,9,0.04932396672666073,2,1
302,9,0.04798665829002857,2,1
303,6,0.05176392011344433,5,1
304,10,0.013630407862365246,1,1
305,9,0.053692836314439774,2,1
306,10,0.01888042315840721,1,1
307,10,0.04544573277235031,1,1
308,6,0.05703489556908607,5,1
309,6,0.05895706694573164,5,1
310,8,0.040482335103054844,3,1
311,7,0.05735059967264533,4,1
312,10,0.03586508706212044,1,1
313,9,0.025025231763720512,2,1
314,-10,0.054840216147048135,21,1
315,8,0.05783279115955035,3,1
316,8,0.046251317175726094,3,1
317,8,0.036029660453399025,3,1
318,7,0.08386826608330011,4,1
319,10,0.08330278843641281,1,1
320,10,0.018701914697885513,1,1
321,8,0.05362602882087231,3,1
322,9,0.08405224233865738,2,1
323,10,0.03417379781603813,1,1
324,6,0.027896695770323277,5,1
325,9,0.061599256470799446,2,1
326,8,0.019537146513660748,3,1
327,8,0.04811113327741623,3,1
328,7,0.04281930532306433,4,1
329,10,0.011143041774630547,1,1
330,8,0.11586196658511956,3,1
331,10,0.11711261421442032,1,1
332,8,0.033728910610079765,3,1
333,10,0.07804523408412933,1,1
334,4,0.03758276200720242,7,1
335,10,0.21020719408988953,1,1
336,10,0.06849195808172226,1,1
337,9,0.04255577735602856,2,1
338,8,0.03350910358130932,3,1
339,10,0.062163982540369034,1,1
340,10,0.12154322117567062,1,1
341,9,0.08645855262875557,2,1
342,8,0.029356601337591808,3,1
343,8,0.025532061854998272,3,1
344,9,0.08491639234125614,2,1
345,7,0.04819020442664623,4,1
346,8,0.05893318851788839,3,1
347,8,0.09287550797065099,3,1
348,-56,0.061990506927225186,47,0
349,5,0.08129683323204517,6,1
350,-10,0.07544274628162384,1,0
351,10,0.07216282933950424,1,1
352,7,0.04716053605079651,4,1
353,9,0.022448279429227114,2,1
354,8,0.18433054660757384,3,1
355,9,0.03540818579494953,2,1
356,10,0.015227500349283218,1,1
357,6,0.0910874616354704,5,1
358,3,0.05098083440680057,8,1
359,10,0.15534663200378418,1,1
360,6,0.03960831090807915,5,1
361,8,0.06365805678069592,3,1
362,8,0.04909198979536692,3,1
363,6,0.03573816865682602,5,1
364,10,0.030258003622293472,1,1
365,7,0.08006788603961468,4,1
366,8,0.05139673004547755,3,1
367,10,0.016355808824300766,1,1
368,8,0.03558626212179661,3,1
369,9,0.021906726993620396,2,1
370,7,0.034912572242319584,4,1
371,-5,0.07054098986554891,16,1
372,6,0.03389055896550417,5,1
373,8,0.050242507830262184,3,1
374,10,0.018643680959939957,1,1
375,9,0.14220697432756424,2,1
376,9,0.025587430223822594,2,1
377,0,0.06560040841048415,11,1
378,6,0.06135606952011585,5,1
379,9,0.04766460880637169,2,1
380,10,0.04104272276163101,1,1
381,-10,0.02395482361316681,1,0
382,8,0.024233379711707432,3,1
383,6,0.048521564528346064,5,1
384,9,0.10276047140359879,2,1
385,10,0.18895849585533142,1,1
386,10,0.022783666849136353,1,1
387,6,0.030623892694711684,5,1
388,10,0.040568239986896515,1,1
389,-14,0.03233465626835823,5,0
390,8,0.132840096950531,3,1
391,6,0.038521926291286944,5,1
392,10,0.020481392741203308,1,1
393,8,0.05539261053005854,3,1
394,8,0.07227127999067307,3,1
395,8,0.038596902042627335,3,1
396,9,0.20480744168162346,2,1
397,9,0.10690058022737503,2,1
398,8,0.03884471394121647,3,1
399,10,0.03368527814745903,1,1
400,7,0.05634395405650139,4,1
401,9,0.25640442967414856,2,1
402,7,0.0618508942425251,4,1
403,8,0.0559601162870725,3,1
404,5,0.054827189072966576,6,1
405,7,0.05148922838270664,4,1
406,8,0.09219249089558919,3,1
407,9,0.5695639699697495,2,1
408,9,0.08437816426157951,2,1
409,9,0.04808499664068222,2,1
410,10,0.047534164041280746,1,1
411,10,0.11712442338466644,1,1
412,2,0.04668644008537134,9,1
413,8,0.09581660230954488,3,1
414,7,0.12162903300486505,4,1
415,7,0.056610198225826025,4,1
416,9,0.04321662988513708,2,1
417,8,0.040093543007969856,3,1
418,7,0.07353234849870205,4,1
419,10,0.0393022820353508,1,1
420,-12,0.06420766027725261,23,1
421,10,0.03879783675074577,1,1
422,8,0.15928975492715836,3,1
423,-7,0.06751338951289654,18,1
424,9,0.08851395081728697,2,1
425,10,0.04815387353301048,1,1
426,8,0.0705946038166682,3,1
427,8,0.07841321267187595,3,1
428,10,0.02548583596944809,1,1
429,7,0.03161541232839227,4,1
430,8,0.10106737166643143,3,1
431,9,0.027722569182515144,2,1
432,8,0.028022442013025284,3,1
433,8,0.04640451570351919,3,1
434,9,0.021156765520572662,2,1
435,7,0.034726159647107124,4,1
436,10,0.042867518961429596,1,1
437,9,0.02627596352249384,2,1
438,10,0.018192842602729797,1,1
439,8,0.06320269778370857,3,1
440,7,0.06338279787451029,4,1
441,6,0.031564853712916376,5,1
442,4,0.05386257916688919,7,1
443,4,0.0609648483140128,7,1
444,8,0.05488097481429577,3,1
445,-38,0.10123430492774564,49,1
446,9,0.048406943678855896,2,1
447,7,0.06015953328460455,4,1
448,9,0.04254017397761345,2,1
449,7,0.04872933402657509,4,1
450,7,0.051497568376362324,4,1
451,-20,0.05508726823233789,31,1
452,7,0.048171427100896835,4,1
453,5,0.04383433796465397,6,1
454,7,0.15390435606241226,4,1
455,9,0.0760291051119566,2,1
456,9,0.03108065016567707,2,1
457,8,0.05938311666250229,3,1
458,7,0.14760931581258774,4,1
459,6,0.11627890542149544,5,1
460,8,0.09008660539984703,3,1
461,9,0.0441901246085763,2,1
462,9,0.04561995342373848,2,1
463,7,0.022750870790332556,4,1
464,-10,0.028006121516227722,1,0
465,9,0.037322948686778545,2,1
466,10,0.026654407382011414,1,1
467,8,0.022442720209558804,3,1
468,10,0.13253195583820343,1,1
469,5,0.1416685072084268,6,1
470,9,0.29399576783180237,2,1
471,10,0.05144581198692322,1,1
472,10,0.02725444734096527,1,1
473,6,0.06420613378286362,5,1
474,9,0.07163545489311218,2,1
475,9,0.03868149872869253,2,1
476,8,0.08025958947837353,3,1
477,10,0.026527486741542816,1,1
478,8,0.051286245385805763,3,1
479,6,0.12893772274255752,5,1
480,8,0.03024709162612756,3,1
481,7,0.051375317852944136,4,1
482,8,0.03947492750982443,3,1
483,9,0.20479254983365536,2,1
484,8,0.21632579217354456,3,1
485,9,0.11255486030131578,2,1
486,7,0.03331066528335214,4,1
487,-12,0.08951087296009064,3,0
488,0,0.032442651011727074,11,1
489,9,0.02366611361503601,2,1
490,10,0.05295977368950844,1,1
491,9,0.11532225832343102,2,1
492,9,0.024701894260942936,2,1
493,8,0.19744045784076056,3,1
494,2,0.06243782014482551,9,1
495,8,0.06548758161564668,3,1
496,7,0.21206187084317207,4,1
497,10,0.062181055545806885,1,1
498,8,0.051286653305093445,3,1
499,7,0.04876108793541789,4,1
500,7,0.037182736210525036,4,1
501,7,0.030538115184754133,4,1
502,4,0.034993723567043035,7,1
503,10,0.025356469675898552,1,1
504,10,0.04117956757545471,1,1
505,7,0.03261501248925924,4,1
506,9,0.04048780910670757,2,1
507,6,0.21351169124245645,5,1
508,8,0.04430414612094561,3,1
509,8,0.020732910682757694,3,1
510,-13,0.05264906503725797,24,1
511,10,0.047182925045490265,1,1
512,8,0.22677665203809738,3,1
513,7,0.05511179845780134,4,1
514,5,0.06772673937181632,6,1
515,7,0.035289146937429905,4,1
516,9,0.06735495291650295,2,1
517,8,0.05025504405299822,3,1
518,6,0.04997940808534622,5,1
519,6,0.06252042651176452,5,1
520,-16,0.0954320887448611,27,1
521,10,0.03278439864516258,1,1
522,9,0.2824760004878044,2,1
523,9,0.0396746676415205,2,1
524,10,0.0344335101544857,1,1
525,7,0.027278436813503504,4,1
526,8,0.028550585731863976,3,1
527,6,0.15237155444920064,5,1
528,9,0.23802445083856583,2,1
529,9,0.025575904175639153,2,1
530,10,0.034396857023239136,1,1
531,6,0.0663007639348507,5,1
532,9,0.049665975384414196,2,1
533,6,0.05015406347811222,5,1
534,7,0.04667524015530944,4,1
535,6,0.09653597474098205,5,1
536,8,0.05138463402787844,3,1
537,7,0.054747055284678936,4,1
538,10,0.49646058678627014,1,1
539,9,0.08182092383503914,2,1
540,9,0.06977863609790802,2,1
541,7,0.057569192722439766,4,1
542,7,0.056963528506457806,4,1
543,7,0.035717150662094355,4,1
544,10,0.04977382346987724,1,1
545,9,0.24716613441705704,2,1
546,6,0.12606066316366196,5,1
547,7,0.10408860351890326,4,1
548,6,0.0476063221693039,5,1
549,9,0.07459902763366699,2,1
550,9,0.05200403742492199,2,1
551,7,0.03757935715839267,4,1
552,10,0.4159194529056549,1,1
553,6,0.05687474980950356,5,1
554,7,0.1158824497833848,4,1
555,9,0.03615237586200237,2,1
556,8,0.03148682601749897,3,1
557,10,0.09792468696832657,1,1
558,8,0.05217901989817619,3,1
559,9,0.2224842794239521,2,1
560,8,0.2967402742554744,3,1
561,10,0.438056081533432,1,1
562,7,0.044288094621151686,4,1
563,8,0.031812318290273346,3,1
564,8,0.0939662295083205,3,1
565,-1,0.0323037050353984,12,1
566,8,0.025316435222824413,3,1
567,8,0.04500282555818558,3,1
568,9,0.22754231840372086,2,1
569,7,0.029746418353170156,4,1
570,8,0.04456937313079834,3,1
571,5,0.03715483130266269,6,1
572,9,0.022851161658763885,2,1
573,10,0.01257771160453558,1,1
574,10,0.019745653495192528,1,1
575,8,0.023692640165487926,3,1
576,5,0.04424777471770843,6,1
577,9,0.06836743280291557,2,1
578,10,0.05412885546684265,1,1
579,8,0.17711412906646729,3,1
580,8,0.06604116782546043,3,1
581,-50,0.057267495840787885,50,0
582,5,0.037154369366665684,6,1
583,9,0.04105862230062485,2,1
584,8,0.03468013678987821,3,1
585,5,0.036194295001526676,6,1
586,10,0.01939101703464985,1,1
587,10,0.07527203857898712,1,1
588,-26,0.08629623936438882,37,1
589,9,0.02697538398206234,2,1
590,8,0.04147114853064219,3,1
591,6,0.09551528692245484,5,1
592,-14,0.07275906533002853,25,1
593,5,0.06890852500995,6,1
594,10,0.05871586501598358,1,1
595,8,0.04971309006214142,3,1
596,9,0.04029105603694916,2,1
597,10,0.08356377482414246,1,1
598,9,0.02963016927242279,2,1
599,9,0.0345667889341712,2,1
600,7,0.036920384503901005,4,1
601,9,0.03316948935389519,2,1
602,6,0.0353336751461029,5,1
603,10,0.020589590072631836,1,1
604,9,0.03340740501880646,2,1
605,8,0.0404799555738767,3,1
606,10,0.07353363186120987,1,1
607,10,0.040989384055137634,1,1
608,8,0.030346715822815895,3,1
609,5,0.028169226522246998,6,1
610,5,0.027324814659853775,6,1
611,5,0.02109051464746396,6,1
612,9,0.021560074761509895,2,1
613,-3,0.04929689550772309,14,1
614,8,0.02161663646499316,3,1
615,7,0.13471502787433565,4,1
616,8,0.031891206900278725,3,1
617,10,0.013694968074560165,1,1
618,9,0.02728287409991026,2,1
619,9,0.031030168756842613,2,1
620,10,0.010608185082674026,1,1
621,10,0.023197825998067856,1,1
622,7,0.023118531797081232,4,1
623,8,0.031401281555493675,3,1
624,8,0.11905263364315033,3,1
625,10,0.03147488087415695,1,1
626,7,0.04401328880339861,4,1
627,7,0.013077377574518323,4,1
628,10,0.06164601445198059,1,1
629,7,0.02548717660829425,4,1
630,10,0.017657270655035973,1,1
631,9,0.01977289142087102,2,1
632,8,0.06582038104534149,3,1
633,9,0.20740714110434055,2,1
634,9,0.016308255027979612,2,1
635,10,0.05165034905076027,1,1
636,7,0.0224759210832417,4,1
637,9,0.018120355904102325,2,1
638,9,0.04201678466051817,2,1
639,9,0.019486713223159313,2,1
640,9,0.036645255982875824,2,1
641,8,0.030329556514819462,3,1
642,9,0.017601465806365013,2,1
643,7,0.018844343721866608,4,1
644,9,0.030720507726073265,2,1
645,9,0.023206230252981186,2,1
646,6,0.042192531377077104,5,1
647,9,0.04499903321266174,2,1
648,7,0.04803090589120984,4,1
649,9,0.06557931378483772,2,1
650,9,0.040147554129362106,2,1
651,1,0.0634404294192791,10,1
652,9,0.021709248889237642,2,1
653,9,0.05963127687573433,2,1
654,9,0.039538219571113586,2,1
655,9,0.1737187523394823,2,1
656,8,0.04960581660270691,3,1
657,6,0.025907999277114867,5,1
658,10,0.04309570789337158,1,1
659,9,0.022529082372784615,2,1
660,5,0.03378612610201041,6,1
661,10,0.02857854962348938,1,1
662,9,0.026114478707313538,2,1
663,8,0.01793885820855697,3,1
664,-25,0.045183178399586015,36,1
665,10,0.06904129683971405,1,1
666,-38,0.05457515868225268,49,1
667,9,0.009380567818880081,2,1
668,9,0.02351268846541643,2,1
669,8,0.024245622878273327,3,1
670,10,0.011506794020533562,1,1
671,8,0.03992061813672384,3,1
672,6,0.044758403301239015,5,1
673,6,0.08815947137773036,5,1
674,-3,0.05671112884634307,14,1
675,10,0.014502081088721752,1,1
676,10,0.032779574394226074,1,1
677,9,0.014005539938807487,2,1
678,9,0.016955995932221413,2,1
679,7,0.013272167416289449,4,1
680,9,0.13612547609955072,2,1
681,8,0.020413030870258808,3,1
682,10,0.031953636556863785,1,1
683,10,0.006104929372668266,1,1
684,7,0.036940282210707664,4,1
685,8,0.016292101703584194,3,1
686,9,0.01604570960626006,2,1
687,6,0.018344998732209204,5,1
688,8,0.016044267763694126,3,1
689,7,0.027096791774965823,4,1
690,9,0.17010522447526455,2,1
691,7,0.09768260270357132,4,1
692,7,0.01671637361869216,4,1
693,10,0.07325039058923721,1,1
694,10,0.014686282724142075,1,1
695,9,0.012566059362143278,2,1
696,8,0.017869060238202412,3,1
697,8,0.02365736880650123,3,1
698,7,0.08352545415982604,4,1
699,9,0.015060176141560078,2,1
700,5,0.0206928967187802,6,1
701,8,0.15417704110344252,3,1
702,7,0.044670173432677984,4,1
703,10,0.03197024017572403,1,1
704,8,0.01676666208853324,3,1
705,5,0.03550129601111015,6,1
706,8,0.06654147058725357,3,1
707,9,0.04005882516503334,2,1
708,9,0.036412233486771584,2,1
709,9,0.02982466947287321,2,1
710,9,0.041763254441320896,2,1
711,8,0.14242147405942282,3,1
712,7,0.03174993861466646,4,1
713,8,0.03852968414624532,3,1
714,10,0.01161146815866232,1,1
715,8,0.022813972706596058,3,1
716,9,0.039994364604353905,2,1
717,9,0.02638641418889165,2,1
718,9,0.03680308535695076,2,1
719,10,0.024249717593193054,1,1
720,6,0.02043482232838869,5,1
721,8,0.02609859500080347,3,1
722,8,0.02299331935743491,3,1
723,9,0.014238605741411448,2,1
724,9,0.19155041221529245,2,1
725,8,0.04742071901758512,3,1
726,10,0.011083656921982765,1,1
727,8,0.019458059842387836,3,1
728,8,0.06693451416989167,3,1
729,7,0.022209606133401394,4,1
730,9,0.027889786288142204,2,1
731,8,0.02171030454337597,3,1
732,7,0.028902378864586353,4,1
733,6,0.01658977773040533,5,1
734,5,0.055154881750543915,6,1
735,10,0.013552678748965263,1,1
736,-11,0.025376256555318832,2,0
737,9,0.013719239737838507,2,1
738,9,0.026757903397083282,2,1
739,7,0.02778918738476932,4,1
740,9,0.11706588696688414,2,1
741,7,0.02949472889304161,4,1
742,7,0.039903747383505106,4,1
743,-9,0.045812195539474486,20,1
744,9,0.10873052850365639,2,1
745,9,0.049953822046518326,2,1
746,8,0.046345472956697144,3,1
747,10,0.04147648438811302,1,1
748,9,0.013483445160090923,2,1
749,7,0.11396119091659784,4,1
750,6,0.020150455087423323,5,1
751,8,0.01769443042576313,3,1
752,9,0.11820939183235168,2,1
753,9,0.022212975658476353,2,1
754,9,0.015168353915214539,2,1
755,9,0.030575215816497803,2,1
756,9,0.035199386067688465,2,1
757,7,0.025793072301894426,4,1
758,10,0.015451847575604916,1,1
759,9,0.017416764050722122,2,1
760,9,0.016750605311244726,2,1
761,9,0.16898984275758266,2,1
762,10,0.07016593962907791,1,1
763,8,0.019194887951016426,3,1
764,6,0.01479984326288104,5,1
765,8,0.015779952829082806,3,1
766,8,0.03616314443449179,3,1
767,10,0.03320954740047455,1,1
768,9,0.029622364789247513,2,1
769,9,0.02048417367041111,2,1
770,8,0.008809740655124187,3,1
771,10,0.03916141390800476,1,1
772,7,0.020257750060409307,4,1
773,5,0.02437426522374153,6,1
774,8,0.015277669299393892,3,1
775,10,0.010629689320921898,1,1
776,-50,0.03282423955388367,50,0
777,8,0.0489131361246109,3,1
778,6,0.03570733778178692,5,1
779,7,0.030323250219225883,4,1
780,10,0.028349217027425766,1,1
781,7,0.01578259514644742,4,1
782,10,0.031705617904663086,1,1
783,10,0.04878220707178116,1,1
784,10,0.027583155781030655,1,1
785,6,0.029003682360053063,5,1
786,5,0.07762936471650998,6,1
787,10,0.024131137877702713,1,1
788,9,0.013767451280727983,2,1
789,9,0.040622856467962265,2,1
790,9,0.025964572560042143,2,1
791,7,0.038213006453588605,4,1
792,10,0.014402385801076889,1,1
793,6,0.059717573970556256,5,1
794,10,0.017932595685124397,1,1
795,9,0.038196129724383354,2,1
796,10,0.019295407459139824,1,1
797,6,0.06247795429080725,5,1
798,8,0.032111700624227524,3,1
799,10,0.009680010378360748,1,1
800,7,0.05275822803378105,4,1
801,9,0.038449741899967194,2,1
802,7,0.05677339783869684,4,1
803,10,0.023357458412647247,1,1
804,5,0.024436831163863342,6,1
805,10,0.006900207605212927,1,1
806,6,0.022790325433015825,5,1
807,5,0.040103028838833175,6,1
808,10,0.0174948051571846,1,1
809,10,0.006481620483100414,1,1
810,5,0.021408531814813614,6,1
811,6,0.02680365778505802,5,1
812,7,0.015760634909383953,4,1
813,8,0.07559376209974289,3,1
814,10,0.04251188412308693,1,1
815,9,0.03232549410313368,2,1
816,8,0.05153632567574581,3,1
817,9,0.03883436322212219,2,1
818,8,0.027859245116511982,3,1
819,10,0.015184421092271805,1,1
820,9,0.028170295991003513,2,1
821,8,0.017406666030486424,3,1
822,-25,0.07646751485299319,16,0
823,8,0.04390552639961243,3,1
824,-36,0.05640374393098884,27,0
825,8,0.02828176071246465,3,1
826,7,0.03887590114027262,4,1
827,7,0.026744481176137924,4,1
828,7,0.15260121785104275,4,1
829,9,0.03158234432339668,2,1
830,9,0.03728801943361759,2,1
831,6,0.057229016348719595,5,1
832,6,0.042190763354301455,5,1
833,9,0.03254997916519642,2,1
834,9,0.022126208059489727,2,1
835,10,0.021949205547571182,1,1
836,9,0.06610215082764626,2,1
837,9,0.20354209933429956,2,1
838,10,0.5053656697273254,1,1
839,6,0.04386927168816328,5,1
840,-50,0.06685347894206643,50,0
841,9,0.08649464044719934,2,1
842,8,0.02376106133063634,3,1
843,9,0.03264169115573168,2,1
844,7,0.02407340845093131,4,1
845,9,0.021962306462228298,2,1
846,9,0.11538982763886452,2,1
847,10,0.09401610493659973,1,1
848,9,0.04080952052026987,2,1
849,6,0.06434227451682091,5,1
850,10,0.04052545875310898,1,1
851,7,0.14225072553381324,4,1
852,8,0.0635478204737107,3,1
853,6,0.039559238404035565,5,1
854,8,0.05415606560806433,3,1
855,10,0.03229442983865738,1,1
856,5,0.04750162766625484,6,1
857,8,0.029752853326499462,3,1
858,7,0.15187243139371276,4,1
859,9,0.014198712538927794,2,1
860,8,0.054887435088555016,3,1
861,6,0.05116361267864704,5,1
862,10,0.08472995460033417,1,1
863,7,0.032776799984276295,4,1
864,7,0.05788383074104786,4,1
865,10,0.008081604726612568,1,1
866,9,0.05807449109852314,2,1
867,-26,0.08672763364439881,37,1
868,3,0.11835740809328854,8,1
869,10,0.06622199714183807,1,1
870,10,0.04820724576711655,1,1
871,8,0.06815713147322337,3,1
872,8,0.05098248521486918,3,1
873,10,0.09793877601623535,1,1
874,7,0.03981791855767369,4,1
875,10,0.01537058874964714,1,1
876,9,0.04268921818584204,2,1
877,7,0.11775470105931163,4,1
878,5,0.125582966953516,6,1
879,10,0.014817355200648308,1,1
880,9,0.0279941838234663,2,1
881,9,0.027330031618475914,2,1
882,6,0.05250013619661331,5,1
883,9,0.17204739898443222,2,1
884,9,0.04644600488245487,2,1
885,7,0.023445098660886288,4,1
886,9,0.1424500048160553,2,1
887,9,0.05064292997121811,2,1
888,4,0.14575446742985929,7,1
889,-12,0.10669588794310887,3,0
890,6,0.03770130425691605,5,1
891,7,0.026626122649759054,4,1
892,10,0.012816270813345909,1,1
893,6,0.172140920907259,5,1
894,7,0.06563298311084509,4,1
895,7,0.14632184291258454,4,1
896,9,0.05144234746694565,2,1
897,8,0.021258212625980377,3,1
898,7,0.03050248511135578,4,1
899,10,0.06010996550321579,1,1
900,9,0.030026748776435852,2,1
901,8,0.1518364536265532,3,1
902,10,0.01754140481352806,1,1
903,8,0.03155353354911009,3,1
904,7,0.05504085565917194,4,1
905,7,0.031132647767663002,4,1
906,7,0.1318543921224773,4,1
907,8,0.026003574952483177,3,1
908,9,0.017961110221222043,2,1
909,8,0.09182682136694591,3,1
910,10,0.02898639440536499,1,1
911,9,0.06448941677808762,2,1
912,8,0.04104630835354328,3,1
913,8,0.04330424405634403,3,1
914,6,0.19153336323797704,5,1
915,10,0.021490810438990593,1,1
916,8,0.02183637674897909,3,1
917,9,0.0212485259398818,2,1
918,8,0.16349429388840994,3,1
919,9,0.1630907142534852,2,1
920,10,0.03480309247970581,1,1
921,10,0.03151372820138931,1,1
922,9,0.02457171119749546,2,1
923,8,0.023653288682301838,3,1
924,9,0.029982704669237137,2,1
925,6,0.10102317072451114,5,1
926,8,0.029176789646347363,3,1
927,10,0.030664941295981407,1,1
928,9,0.018276394344866276,2,1
929,7,0.10164791811257601,4,1
930,0,0.09371829744089734,11,1
931,9,0.032378559932112694,2,1
932,8,0.062377732867995896,3,1
933,8,0.037417090187470116,3,1
934,7,0.03459014231339097,4,1
935,9,0.02319019753485918,2,1
936,-21,0.08470647060312331,32,1
937,-10,0.04496869072318077,1,0
938,9,0.04097978677600622,2,1
939,8,0.03784787996361653,3,1
940,6,0.02772599533200264,5,1
941,9,0.20014969911426306,2,1
942,6,0.022046862915158272,5,1
943,9,0.011783536057919264,2,1
944,9,0.02696802793070674,2,1
945,8,0.029180655876795452,3,1
946,8,0.09986700117588043,3,1
947,8,0.032579284782210984,3,1
948,5,0.2202081816891829,6,1
949,10,0.013778439722955227,1,1
950,6,0.09418225213885308,5,1
951,9,0.19404606707394123,2,1
952,7,0.10716466046869755,4,1
953,8,0.017939986040194828,3,1
954,6,0.05509190950542688,5,1
955,8,0.025023786971966427,3,1
956,6,0.018556800670921803,5,1
957,6,0.0360127791762352,5,1
958,9,0.04173413151875138,2,1
959,9,0.031225966289639473,2,1
960,8,0.30903204282124835,3,1
961,10,0.161490797996521,1,1
962,10,0.036718569695949554,1,1
963,8,0.044547942777474724,3,1
964,7,0.02376619353890419,4,1
965,9,0.02082736510783434,2,1
966,8,0.02396966392795245,3,1
967,9,0.03517226502299309,2,1
968,9,0.023312940262258053,2,1
969,9,0.017318210564553738,2,1
970,9,0.034695567563176155,2,1
971,6,0.028163601644337177,5,1
972,9,0.020121890120208263,2,1
973,10,0.022682618349790573,1,1
974,6,0.05980340056121349,5,1
975,9,0.023175103589892387,2,1
976,8,0.025321662115554016,3,1
977,8,0.02442693120489518,3,1
978,8,0.06480163211623828,3,1
979,9,0.028286409564316273,2,1
980,-48,0.06067941194543472,39,0
981,10,0.009292613714933395,1,1
982,6,0.10840544048696757,5,1
983,7,0.03663088660687208,4,1
984,5,0.01963704622661074,6,1
985,8,0.02106539160013199,3,1
986,5,0.1307985233142972,6,1
987,6,0.022046503983438014,5,1
988,10,0.0357276126742363,1,1
989,9,0.043950099498033524,2,1
990,9,0.0157111925072968,2,1
991,8,0.02187906454006831,3,1
992,6,0.01986175626516342,5,1
993,5,0.026295603563388188,6,1
994,8,0.014521699088315168,3,1
995,8,0.025955067947506905,3,1
996,7,0.04653369076550007,4,1
997,6,0.024857540242373945,5,1
998,-10,0.03902160003781319,1,0
999,10,0.018358996137976646,1,1
1000,7,0.03215315751731396,4,1
1,7,0.025318384170532227,4,1
2,8,0.1712464295948545,3,1
3,8,0.020479952606062096,3,1
4,10,0.023051006719470024,1,1
5,8,0.021762412662307423,3,1
6,10,0.011337161995470524,1,1
7,10,0.022072046995162964,1,1
8,8,0.02985589982320865,3,1
9,6,0.08519753739237786,5,1
10,9,0.02249788213521242,2,1
11,6,0.02127321232110262,5,1
12,10,0.017639171332120895,1,1
13,9,0.018663491122424603,2,1
14,10,0.013400432653725147,1,1
15,9,0.035344547126442194,2,1
16,8,0.026732579494516056,3,1
17,8,0.16483880362162986,3,1
18,9,0.05064588226377964,2,1
19,6,0.13344512283802032,5,1
20,10,0.03414356708526611,1,1
21,7,0.01814631326124072,4,1
22,8,0.019415263707439106,3,1
23,8,0.20026979967951775,3,1
24,9,0.028620167635381222,2,1
25,10,0.07627053558826447,1,1
26,10,0.022056177258491516,1,1
27,9,0.040110982954502106,2,1
28,8,0.02641477125386397,3,1
29,8,0.1404775989552339,3,1
30,7,0.05781812034547329,4,1
31,10,0.01040782779455185,1,1
32,10,0.03447888419032097,1,1
33,10,0.013465510681271553,1,1
34,8,0.026542479172348976,3,1
35,8,0.010946686379611492,3,1
36,7,0.04536063293926418,4,1
37,9,0.020457793958485126,2,1
38,10,0.02142198756337166,1,1
39,7,0.12096499651670456,4,1
40,9,0.0308008911088109,2,1
41,9,0.02499960269778967,2,1
42,7,0.027283701580017805,4,1
43,8,0.04698179413874944,3,1
44,9,0.05298162903636694,2,1
45,7,0.026299075689166784,4,1
46,9,0.021725871600210667,2,1
47,7,0.11484142299741507,4,1
48,10,0.016513677313923836,1,1
49,7,0.198482109233737,4,1
50,6,0.09146256707608699,5,1
51,9,0.022564947605133057,2,1
52,8,0.13127447168032327,3,1
53,8,0.02701980744798978,3,1
54,8,0.04945309149722258,3,1
55,10,0.030483784154057503,1,1
56,3,0.08284516842104495,8,1
57,10,0.029832325875759125,1,1
58,9,0.07166315615177155,2,1
59,7,0.0464185755699873,4,1
60,7,0.042434505186975,4,1
61,9,0.033422743901610374,2,1
62,9,0.03541570995002985,2,1
63,9,0.029241619631648064,2,1
64,9,0.07055818103253841,2,1
65,4,0.08005753319178309,7,1
66,9,0.030589807778596878,2,1
67,8,0.04273544872800509,3,1
68,6,0.021264322102069855,5,1
69,9,0.06671826913952827,2,1
70,7,0.029035597573965788,4,1
71,10,0.03891582041978836,1,1
72,9,0.022393666207790375,2,1
73,-14,0.10181070491671562,5,0
74,5,0.04871984384953976,6,1
75,10,0.01642977073788643,1,1
76,9,0.1111481748521328,2,1
77,10,0.06589466333389282,1,1
78,6,0.027694012969732285,5,1
79,9,0.02405317034572363,2,1
80,9,0.03606722969561815,2,1
81,7,0.06047041807323694,4,1
82,10,0.014308441430330276,1,1
83,8,0.01998213678598404,3,1
84,-26,0.03402575499871198,17,0
85,10,0.04595281556248665,1,1
86,8,0.050214038540919624,3,1
87,9,0.039642225950956345,2,1
88,-21,0.07336383374058641,32,1
89,-5,0.10749347880482674,16,1
90,8,0.03472288014988104,3,1
91,9,0.14517642930150032,2,1
92,8,0.1215966281791528,3,1
93,-4,0.06516816020011902,15,1
94,8,0.018814421258866787,3,1
95,8,0.043521447107195854,3,1
96,2,0.09809470425049464,9,1
97,8,0.046722852935393654,3,1
98,8,0.022239661465088528,3,1
99,8,0.05354599033792814,3,1
100,7,0.11110445857048035,4,1
101,9,0.03066185489296913,2,1
102,10,0.05879548192024231,1,1
103,9,0.048044776543974876,2,1
104,6,0.09301671758294106,5,1
105,7,0.07229772070422769,4,1
106,7,0.030521261505782604,4,1
107,8,0.04495773526529471,3,1
108,9,0.02772049605846405,2,1
109,10,0.04995425045490265,1,1
110,6,0.02552637979388237,5,1
111,8,0.02311514938871066,3,1
112,10,0.018424764275550842,1,1
113,8,0.0323010083908836,3,1
114,9,0.017234954051673412,2,1
115,7,0.08126282296143472,4,1
116,10,0.06383360922336578,1,1
117,6,0.05550704337656498,5,1
118,9,0.026901147328317165,2,1
119,7,0.022768361028283834,4,1
120,8,0.04435685214896997,3,1
121,7,0.1312024025246501,4,1
122,8,0.03839751984924078,3,1
123,8,0.015576284689207872,3,1
124,10,0.031651079654693604,1,1
125,9,0.05532060656696558,2,1
126,9,0.019518170040100813,2,1
127,9,0.06724957376718521,2,1
128,9,0.047725627198815346,2,1
129,5,0.07435792389636238,6,1
130,7,0.024583591613918543,4,1
131,5,0.0872706735196213,6,1
132,9,0.04265860095620155,2,1
133,10,0.016364071518182755,1,1
134,5,0.047189194398621716,6,1
135,10,0.03171766549348831,1,1
136,-8,0.0324697735180196,19,1
137,8,0.0345813874155283,3,1
138,10,0.058463044464588165,1,1
139,8,0.03203501862784227,3,1
140,10,0.42604199051856995,1,1
141,8,0.017978623198966186,3,1
142,3,0.07581801770720631,8,1
143,8,0.027650360638896625,3,1
144,7,0.021174994995817542,4,1
145,10,0.09171020984649658,1,1
146,9,0.02840300090610981,2,1
147,10,0.10664846003055573,1,1
148,-23,0.04152791228677545,14,0
149,10,0.06940224766731262,1,1
150,7,0.016912451945245266,4,1
151,5,0.0623650544633468,6,1
152,8,0.03483712890495857,3,1
153,9,0.027473566122353077,2,1
154,7,0.023906249087303877,4,1
155,-10,0.012313123792409897,1,0
156,8,0.033882600255310535,3,1
157,8,0.06665339941779773,3,1
158,10,0.04690542072057724,1,1
159,10,0.039142586290836334,1,1
160,9,0.042896589264273643,2,1
161,7,0.035102499183267355,4,1
162,5,0.037297940192123256,6,1
163,7,0.08695918181911111,4,1
164,9,0.02658840548247099,2,1
165,8,0.030803564315040905,3,1
166,9,0.026816442608833313,2,1
167,8,0.18966185053189596,3,1
168,7,0.08457299554720521,4,1
169,9,0.03307694289833307,2,1
170,9,0.02049164194613695,2,1
171,8,0.055031931648651757,3,1
172,9,0.03434588760137558,2,1
173,8,0.09016880268851916,3,1
174,9,0.02030800376087427,2,1
175,9,0.02791625214740634,2,1
176,7,0.08091958146542311,4,1
177,8,0.10580907637874286,3,1
178,10,0.014119168743491173,1,1
179,10,0.03652423620223999,1,1
180,6,0.025052242167294025,5,1
181,9,0.013925883919000626,2,1
182,8,0.02040858908245961,3,1
183,10,0.04710417985916138,1,1
184,7,0.07279017264954746,4,1
185,9,0.023677751421928406,2,1
186,6,0.09597096741199493,5,1
187,8,0.029903278996547062,3,1
188,5,0.025948281555126112,6,1
189,9,0.015447278507053852,2,1
190,10,0.008446501567959785,1,1
191,10,0.03588595613837242,1,1
192,9,0.03443616861477494,2,1
193,9,0.01193011412397027,2,1
194,9,0.013670120388269424,2,1
195,9,0.019013547338545322,2,1
196,10,0.018774548545479774,1,1
197,4,0.02343974861183337,7,1
198,8,0.0213408504302303,3,1
199,10,0.010000653564929962,1,1
200,10,0.018711119890213013,1,1
201,9,0.20422988291829824,2,1
202,8,0.030862901359796524,3,1
203,8,0.1404254318525394,3,1
204,7,0.026836751028895378,4,1
205,7,0.09367956826463342,4,1
206,9,0.029644259251654148,2,1
207,10,0.03477568179368973,1,1
208,6,0.017501701042056082,5,1
209,7,0.030121195130050182,4,1
210,8,0.012733396763602892,3,1
211,9,0.01277871709316969,2,1
212,7,0.024431986967101693,4,1
213,7,0.04211533023044467,4,1
214,9,0.012130525894463062,2,1
215,7,0.05526253581047058,4,1
216,8,0.08663702259461085,3,1
217,8,0.02338382415473461,3,1
218,8,0.028997066741188366,3,1
219,7,0.014710567658767104,4,1
220,8,0.011485529908289513,3,1
221,9,0.020593753084540367,2,1
222,6,0.015738178603351118,5,1
223,4,0.08246856941176313,7,1
224,10,0.028733890503644943,1,1
225,7,0.013283925829455256,4,1
226,8,0.03353203491618236,3,1
227,7,0.05739468149840832,4,1
228,10,0.0544503815472126,1,1
229,7,0.030589451547712088,4,1
230,8,0.035798136765758194,3,1
231,10,0.014455078169703484,1,1
232,6,0.06258807703852654,5,1
233,9,0.029929548501968384,2,1
234,10,0.1792897880077362,1,1
235,10,0.33562353253364563,1,1
236,9,0.034672943875193596,2,1
237,6,0.03460327908396721,5,1
238,10,0.049453847110271454,1,1
239,8,0.0399290726830562,3,1
240,-13,0.03502166826122751,24,1
241,9,0.14356857724487782,2,1
242,10,0.01645921915769577,1,1
243,9,0.020736023783683777,2,1
244,8,0.09983722493052483,3,1
245,8,0.059476775427659355,3,1
246,10,0.013517218641936779,1,1
247,8,0.04510145882765452,3,1
248,7,0.021833968348801136,4,1
249,8,0.06293731182813644,3,1
250,9,0.03131423331797123,2,1
251,7,0.06182839232496917,4,1
252,7,0.02482663467526436,4,1
253,9,0.0166807365603745,2,1
254,9,0.032911821734160185,2,1
255,8,0.05050226549307505,3,1
256,10,0.09882049262523651,1,1
257,-10,0.009295307099819183,1,0
258,7,0.0158688627416268,4,1
259,9,0.022264630533754826,2,1
260,6,0.10748413726687431,5,1
261,6,0.10479617808014155,5,1
262,10,0.055852558463811874,1,1
263,10,0.014109293930232525,1,1
264,8,0.01702413707971573,3,1
265,10,0.011936956085264683,1,1
266,9,0.010002104565501213,2,1
267,10,0.007670974358916283,1,1
268,10,0.019853733479976654,1,1
269,10,0.015600438229739666,1,1
270,9,0.02095965761691332,2,1
271,10,0.011494169943034649,1,1
272,7,0.012425839435309172,4,1
273,-11,0.01795461494475603,2,0
274,-23,0.027239203192841482,34,1
275,10,0.012995664961636066,1,1
276,8,0.014649806854625544,3,1
277,5,0.01767554817100366,6,1
278,7,0.014955227263271809,4,1
279,8,0.027163998534282047,3,1
280,8,0.01850216183811426,3,1
281,9,0.0072430449072271585,2,1
282,9,0.020719561260193586,2,1
283,9,0.026430840604007244,2,1
284,9,0.05059837270528078,2,1
285,7,0.020296409726142883,4,1
286,9,0.025764633901417255,2,1
287,10,0.027238599956035614,1,1
288,9,0.030980263836681843,2,1
289,8,0.02516794018447399,3,1
290,7,0.018634387059137225,4,1
291,7,0.014149856520816684,4,1
292,9,0.015964018180966377,2,1
293,8,0.15229205476740995,3,1
294,9,0.0212631206959486,2,1
295,8,0.025530388889213402,3,1
296,8,0.019018251914530993,3,1
297,10,0.01829516515135765,1,1
298,9,0.013098656665533781,2,1
299,8,0.01863152130196492,3,1
300,6,0.01599275190383196,5,1
301,6,0.042830183357000354,5,1
302,8,0.04634410701692104,3,1
303,9,0.03182241600006819,2,1
304,9,0.01907751616090536,2,1
305,9,0.027870673686265945,2,1
306,8,0.17165737661222616,3,1
307,7,0.018012735643424094,4,1
308,9,0.06261259596794844,2,1
309,8,0.014479121814171473,3,1
310,6,0.017278573103249074,5,1
311,9,0.10561695415526628,2,1
312,7,0.14720968180336058,4,1
313,8,0.008476633578538895,3,1
314,10,0.007824093103408813,1,1
315,9,0.022710347548127174,2,1
316,8,0.015748137142509222,3,1
317,6,0.017086434364318847,5,1
318,9,0.02383381687104702,2,1
319,9,0.08592924941331148,2,1
320,8,0.016077527155478794,3,1
321,8,0.035069258573154606,3,1
322,7,0.049231165554374456,4,1
323,5,0.10371537987763683,6,1
324,8,0.01816655167688926,3,1
325,10,0.05548135191202164,1,1
326,7,0.15174427907913923,4,1
327,10,0.010557043366134167,1,1
328,9,0.03984987875446677,2,1
329,8,0.019012857228517532,3,1
330,6,0.013664650358259678,5,1
331,8,0.02701420212785403,3,1
332,8,0.021944887936115265,3,1
333,10,0.008234565146267414,1,1
334,10,0.006512210704386234,1,1
335,9,0.027807611040771008,2,1
336,8,0.03746330660457412,3,1
337,9,0.05285595962777734,2,1
338,8,0.016380705560247105,3,1
339,7,0.014052063808776438,4,1
340,8,0.025510305693993967,3,1
341,-3,0.02861284085416368,14,1
342,-10,0.007607925683259964,1,0
343,6,0.025698081031441687,5,1
344,8,0.02355829191704591,3,1
345,8,0.016642747446894646,3,1
346,6,0.022932679019868375,5,1
347,10,0.014826362952589989,1,1
348,10,0.012966752983629704,1,1
349,9,0.026798341423273087,2,1
350,7,0.02172064338810742,4,1
351,8,0.06436451648672421,3,1
352,7,0.023461957927793264,4,1
353,8,0.05343644010523955,3,1
354,10,0.020591989159584045,1,1
355,10,0.024240251630544662,1,1
356,10,0.0157910268753767,1,1
357,-10,0.01317897904664278,1,0
358,7,0.059703368693590164,4,1
359,7,0.020573691464960575,4,1
360,9,0.026252789422869682,2,1
361,9,0.030207200907170773,2,1
362,8,0.055157363414764404,3,1
363,10,0.04057488590478897,1,1
364,9,0.059515174478292465,2,1
365,7,0.15952087892219424,4,1
366,5,0.0348962068092078,6,1
367,7,0.019374001771211624,4,1
368,-35,0.09845632822860194,46,1
369,7,0.15660834964364767,4,1
370,9,0.26948043424636126,2,1
371,9,0.027563951909542084,2,1
372,9,0.015397321432828903,2,1
373,9,0.021505821496248245,2,1
374,10,0.02825266309082508,1,1
375,9,0.04838486760854721,2,1
376,7,0.12696502427570522,4,1
377,-36,0.0745724751713111,47,1
378,9,0.3311314731836319,2,1
379,3,0.09677945997100323,8,1
380,-12,0.05553113669157028,3,0
381,-17,0.13898942047463997,28,1
382,7,0.11416652519255877,4,1
383,10,0.028693214058876038,1,1
384,8,0.02885082612435023,3,1
385,8,0.029482873777548473,3,1
386,9,0.031227750703692436,2,1
387,8,0.03710979347427686,3,1
388,10,0.02625834196805954,1,1
389,8,0.16274149529635906,3,1
390,7,0.1607911977916956,4,1
391,6,0.137532963976264,5,1
392,-14,0.05230740297585726,25,1
393,8,0.051436947037776314,3,1
394,8,0.03407422949870428,3,1
395,8,0.050769311686356865,3,1
396,8,0.07869681591788928,3,1
397,-50,0.10929901164025069,50,0
398,9,0.043938299641013145,2,1
399,8,0.03558488065997759,3,1
400,8,0.059555775175491966,3,1
401,10,0.04065443575382233,1,1
402,8,0.04101951296130816,3,1
403,9,0.02803974784910679,2,1
404,8,0.13633744480709234,3,1
405,7,0.03440134134143591,4,1
406,8,0.050227983544270195,3,1
407,7,0.02960475580766797,4,1
408,8,0.17714413752158484,3,1
409,10,0.04993148148059845,1,1
410,9,0.03495052643120289,2,1
411,8,0.06388390933473904,3,1
412,9,0.06095302011817694,2,1
413,8,0.024474314724405605,3,1
414,10,0.02048090100288391,1,1
415,7,0.05298238340765238,4,1
416,9,0.021331455558538437,2,1
417,9,0.038596438243985176,2,1
418,10,0.07427173852920532,1,1
419,9,0.03129513654857874,2,1
420,10,0.044778257608413696,1,1
421,5,0.04808407789096236,6,1
422,7,0.0341868381947279,4,1
423,8,0.15473129910727343,3,1
424,8,0.020466023435195286,3,1
425,5,0.021890900873889525,6,1
426,8,0.031741673747698464,3,1
427,6,0.02032309928908944,5,1
428,9,0.08636176586151123,2,1
429,9,0.23176719062030315,2,1
430,9,0.06046338379383087,2,1
431,8,0.031245012457172077,3,1
432,9,0.022534124553203583,2,1
433,7,0.1450824849307537,4,1
434,9,0.22417293675243855,2,1
435,9,0.0306411050260067,2,1
436,9,0.0352060217410326,2,1
437,8,0.20240790521105131,3,1
438,8,0.04827110096812248,3,1
439,10,0.09775000810623169,1,1
440,6,0.13932809550315142,5,1
441,7,0.0352093200199306,4,1
442,7,0.022017663111910224,4,1
443,9,0.16971802012994885,2,1
444,7,0.021740839816629887,4,1
445,9,0.020032718777656555,2,1
446,5,0.03333510008330146,6,1
447,7,0.03532498609274626,4,1
448,8,0.027050999303658802,3,1
449,-12,0.12535761543752058,23,1
450,7,0.03637565253302455,4,1
451,6,0.09066931176930666,5,1
452,6,0.102191511541605,5,1
453,8,0.039388508846362434,3,1
454,7,0.03877966571599245,4,1
455,8,0.18952902468542257,3,1
456,9,0.2778831347823143,2,1
457,8,0.022113544245560963,3,1
458,8,0.03353679676850637,3,1
459,8,0.021190731165309746,3,1
460,-50,0.04512435987591743,50,0
461,9,0.01533638359978795,2,1
462,10,0.030846979469060898,1,1
463,7,0.045872865710407495,4,1
464,9,0.03930818289518356,2,1
465,9,0.03861447423696518,2,1
466,7,0.022152642253786325,4,1
467,8,0.019404895914097626,3,1
468,-25,0.07640171255398956,36,1
469,9,0.025737238116562366,2,1
470,6,0.122853709384799,5,1
471,6,0.09625425860285759,5,1
472,8,0.04254880857964357,3,1
473,9,0.22210771590471268,2,1
474,7,0.2167086568661034,4,1
475,4,0.10347723881048816,7,1
476,7,0.05759075237438083,4,1
477,7,0.18022930808365345,4,1
478,9,0.019521822221577168,2,1
479,6,0.06938694901764393,5,1
480,9,0.04352572467178106,2,1
481,8,0.04210612674554189,3,1
482,8,0.06076202541589737,3,1
483,8,0.17076608166098595,3,1
484,10,0.022623294964432716,1,1
485,9,0.42658325005322695,2,1
486,8,0.040697227542599045,3,1
487,10,0.02392043173313141,1,1
488,8,0.044433491925398506,3,1
489,9,0.061741411685943604,2,1
490,8,0.027253601079185803,3,1
491,10,0.05011794716119766,1,1
492,10,0.02006983570754528,1,1
493,7,0.08006353583186865,4,1
494,7,0.030569934751838446,4,1
495,10,0.02568778395652771,1,1
496,7,0.02781811309978366,4,1
497,10,0.012750002555549145,1,1
498,-13,0.03889999554182092,24,1
499,10,0.025862574577331543,1,1
500,8,0.17140158700446287,3,1
501,6,0.16747564654797314,5,1
502,6,0.10877620317041874,5,1
503,-50,0.0694560701586306,50,0
504,9,0.030185526236891747,2,1
505,10,0.0244961678981781,1,1
506,9,0.05903306882828474,2,1
507,6,0.038574987836182115,5,1
508,9,0.050418002530932426,2,1
509,7,0.03435109741985798,4,1
510,10,0.03458869457244873,1,1
511,6,0.02638908289372921,5,1
512,7,0.044992738869041204,4,1
513,6,0.07606075201183557,5,1
514,8,0.017054782559474308,3,1
515,9,0.16602647304534912,2,1
516,9,0.02190201636403799,2,1
517,10,0.027694739401340485,1,1
518,8,0.028224000707268715,3,1
519,9,0.11093385703861713,2,1
520,8,0.02220528634885947,3,1
521,10,0.04772886633872986,1,1
522,7,0.045817605685442686,4,1
523,-2,0.0486058140030274,13,1
524,9,0.021450866013765335,2,1
525,6,0.025308069959282874,5,1
526,9,0.04547078348696232,2,1
527,10,0.039435386657714844,1,1
528,10,0.02666020765900612,1,1
529,-50,0.0700931292399764,50,0
530,-13,0.05520967281578729,24,1
531,10,0.0473938062787056,1,1
532,7,0.045487357303500175,4,1
533,10,0.022059744223952293,1,1
534,9,0.05007970333099365,2,1
535,-15,0.08260200272959012,26,1
536,10,0.06319991499185562,1,1
537,8,0.2815215401351452,3,1
538,8,0.05840769410133362,3,1
539,-12,0.056666007886330284,3,0
540,10,0.08101817220449448,1,1
541,10,0.019123658537864685,1,1
542,10,0.05819399654865265,1,1
543,9,0.024736051447689533,2,1
544,7,0.06108805909752846,4,1
545,8,0.033285703199605145,3,1
546,9,0.05607675015926361,2,1
547,10,0.06919503211975098,1,1
548,10,0.06400719285011292,1,1
549,7,0.05974749382585287,4,1
550,9,0.05227432865649462,2,1
551,8,0.047971477111180626,3,1
552,9,0.025002668611705303,2,1
553,7,0.058274002745747566,4,1
554,10,0.04611462727189064,1,1
555,10,0.044080667197704315,1,1
556,-3,0.06736899260431528,14,1
557,8,0.02912841613094012,3,1
558,8,0.032093157370885216,3,1
559,5,0.05338977975770831,6,1
560,10,0.05217181518673897,1,1
561,10,0.030416339635849,1,1
562,7,0.08090569451451302,4,1
563,10,0.03816775977611542,1,1
564,7,0.0716709871776402,4,1
565,7,0.04051405098289251,4,1
566,8,0.16578355866173902,3,1
567,10,0.020895037800073624,1,1
568,10,0.03862108290195465,1,1
569,7,0.04847313463687897,4,1
570,10,0.02162611111998558,1,1
571,8,0.0560385367522637,3,1
572,8,0.029351731141408283,3,1
573,-10,0.06565773487091064,1,0
574,8,0.04659203626215458,3,1
575,10,0.057761769741773605,1,1
576,10,0.017372949048876762,1,1
577,8,0.04107519177099069,3,1
578,6,0.15821397677063942,5,1
579,4,0.042860084612454684,7,1
580,10,0.09538716077804565,1,1
581,10,0.017047222703695297,1,1
582,10,0.0568506233394146,1,1
583,7,0.02408930053934455,4,1
584,9,0.030415525659918785,2,1
585,8,0.026499588663379352,3,1
586,6,0.04264880269765854,5,1
587,6,0.03974416460841894,5,1
588,9,0.026181936264038086,2,1
589,10,0.025092508643865585,1,1
590,10,0.013775626197457314,1,1
591,-5,0.03341559140244499,16,1
592,9,0.023567733354866505,2,1
593,10,0.07020614296197891,1,1
594,10,0.012585697695612907,1,1
595,8,0.023881617623070877,3,1
596,-50,0.07085675662383437,50,0
597,9,0.18122662883251905,2,1
598,6,0.12028916366398335,5,1
599,7,0.11581494100391865,4,1
600,8,0.05905798450112343,3,1
601,6,0.05952659212052822,5,1
602,7,0.04083001473918557,4,1
603,9,0.055016327649354935,2,1
604,9,0.04161900468170643,2,1
605,6,0.11676382943987847,5,1
606,9,0.04150685854256153,2,1
607,10,0.06870725750923157,1,1
608,8,0.04933088645339012,3,1
609,8,0.05872685338060061,3,1
610,6,0.20282137766480446,5,1
611,7,0.04697933793067932,4,1
612,9,0.021212678402662277,2,1
613,-6,0.0937138037646518,17,1
614,10,0.12050054222345352,1,1
615,10,0.08165896683931351,1,1
616,10,0.06768924742937088,1,1
617,6,0.03633577078580856,5,1
618,10,0.021164286881685257,1,1
619,8,0.02953211156030496,3,1
620,10,0.04277533292770386,1,1
621,5,0.03716070267061392,6,1
622,9,0.2914926540106535,2,1
623,10,0.04354947805404663,1,1
624,8,0.026187612985571224,3,1
625,7,0.16099454928189516,4,1
626,6,0.0409036610275507,5,1
627,8,0.10891218110918999,3,1
628,9,0.022430384531617165,2,1
629,10,0.04017051309347153,1,1
630,9,0.023577040061354637,2,1
631,10,0.05069691687822342,1,1
632,9,0.036444167606532574,2,1
633,9,0.05079178884625435,2,1
634,10,0.026930492371320724,1,1
635,10,0.025333808735013008,1,1
636,9,0.021101776510477066,2,1
637,8,0.02383268189926942,3,1
638,8,0.017421563776830833,3,1
639,8,0.16062634515886506,3,1
640,7,0.11490050912834704,4,1
641,10,0.5095633864402771,1,1
642,7,0.038697740994393826,4,1
643,10,0.02075771614909172,1,1
644,8,0.021110038893918198,3,1
645,10,0.021267808973789215,1,1
646,10,0.012580601498484612,1,1
647,9,0.031032690778374672,2,1
648,10,0.016586167737841606,1,1
649,10,0.02575657144188881,1,1
650,10,0.024833988398313522,1,1
651,5,0.03390565110991398,6,1
652,9,0.21962324902415276,2,1
653,9,0.07178525626659393,2,1
654,10,0.037907399237155914,1,1
655,10,0.02218054048717022,1,1
656,8,0.17957494594156742,3,1
657,10,0.028489256277680397,1,1
658,-3,0.039885202289691994,14,1
659,10,0.021700214594602585,1,1
660,9,0.03384956531226635,2,1
661,9,0.02207385702058673,2,1
662,8,0.1623285704602798,3,1
663,9,0.17138941958546638,2,1
664,7,0.045730154030025005,4,1
665,9,0.03819122165441513,2,1
666,-15,0.06043488851103645,26,1
667,-4,0.039141376689076426,15,1
668,8,0.016663328434030216,3,1
669,10,0.014736486598849297,1,1
670,6,0.027231129258871077,5,1
671,6,0.0324940949678421,5,1
672,8,0.028518918280800182,3,1
673,9,0.01816240418702364,2,1
674,7,0.015182903967797756,4,1
675,-30,0.048539277915729255,41,1
676,9,0.050319893285632133,2,1
677,7,0.05123973544687033,4,1
678,-34,0.06296404398977756,25,0
679,10,0.3714016079902649,1,1
680,8,0.04257573001086712,3,1
681,5,0.15228655592848858,6,1
682,10,0.012229866348206997,1,1
683,10,0.011458463966846466,1,1
684,9,0.031502740457654,2,1
685,10,0.02389419823884964,1,1
686,8,0.25354579215248424,3,1
687,8,0.017553888261318207,3,1
688,8,0.028469296793142956,3,1
689,-50,0.05216972289606929,50,0
690,8,0.01923955635478099,3,1
691,9,0.0161287197843194,2,1
692,9,0.024877620860934258,2,1
693,10,0.0111165102571249,1,1
694,6,0.01778586711734533,5,1
695,10,0.019389674067497253,1,1
696,8,0.012880705917874971,3,1
697,9,0.2012944445014,2,1
698,8,0.016443221208949883,3,1
699,8,0.09692636070152123,3,1
700,10,0.006398550234735012,1,1
701,9,0.017451885621994734,2,1
702,7,0.014298000372946262,4,1
703,7,0.03281142399646342,4,1
704,-50,0.04253999704495073,50,0
705,9,0.023033019620925188,2,1
706,6,0.013363027665764093,5,1
707,7,0.014177464414387941,4,1
708,10,0.039061032235622406,1,1
709,9,0.01805878384038806,2,1
710,8,0.016640972656508286,3,1
711,8,0.02767655656983455,3,1
712,10,0.1938679814338684,1,1
713,9,0.01025745808146894,2,1
714,6,0.009475638531148434,5,1
715,6,0.01972574442625046,5,1
716,8,0.019654481982191403,3,1
717,-12,0.014530809285740057,3,0
718,10,0.0111240204423666,1,1
719,8,0.014921460611124834,3,1
720,8,0.01334737086047729,3,1
721,7,0.018796312157064676,4,1
722,10,0.17567256093025208,1,1
723,10,0.016768772155046463,1,1
724,5,0.011803536443039775,6,1
725,8,0.007717833233376344,3,1
726,10,0.47476091980934143,1,1
727,9,0.005980942631140351,2,1
728,9,0.010796808870509267,2,1
729,1,0.06448128391057253,10,1
730,9,0.22698318399488926,2,1
731,9,0.010802209842950106,2,1
732,7,0.013270801748149097,4,1
733,8,0.029657863080501556,3,1
734,10,0.3635238707065582,1,1
735,5,0.02392419148236513,6,1
736,10,0.14214403927326202,1,1
737,8,0.15490903270741305,3,1
738,8,0.012399413002034029,3,1
739,5,0.012943435770769915,6,1
740,7,0.015398325165733695,4,1
741,5,0.08633563062176108,6,1
742,6,0.13246494345366955,5,1
743,8,0.009753723007937273,3,1
744,8,0.015408502891659737,3,1
745,9,0.019539412576705217,2,1
746,10,0.04856465011835098,1,1
747,9,0.23601807095110416,2,1
748,8,0.02056025279064973,3,1
749,9,0.03468889184296131,2,1
750,10,0.011114182882010937,1,1
751,8,0.022287714915970962,3,1
752,8,0.031385631610949837,3,1
753,-14,0.07113452780991793,25,1
754,-6,0.07543137313469368,17,1
755,9,0.04041295638307929,2,1
756,9,0.027702799066901207,2,1
757,8,0.04529073896507422,3,1
758,-10,0.020308487117290497,1,0
759,-34,0.08933603562828567,45,1
760,5,0.13919475674629211,6,1
761,10,0.01571999117732048,1,1
762,7,0.11860027606599033,4,1
763,5,0.025463026482611895,6,1
764,10,0.028295321390032768,1,1
765,9,0.02189219743013382,2,1
766,-25,0.048362930059536464,36,1
767,7,0.11229205736890435,4,1
768,9,0.05416134186089039,2,1
769,-22,0.07807629771361296,33,1
770,7,0.021972419694066048,4,1
771,6,0.024634188413619994,5,1
772,7,0.09965338744223118,4,1
773,9,0.02806915156543255,2,1
774,8,0.0211113045612971,3,1
775,8,0.029512396392722923,3,1
776,9,0.011793413199484348,2,1
777,9,0.06639977544546127,2,1
778,6,0.02751748338341713,5,1
779,7,0.1457196814008057,4,1
780,9,0.025216389913111925,2,1
781,10,0.03024003654718399,1,1
782,8,0.19959764927625656,3,1
783,9,0.04048833530396223,2,1
784,10,0.028220579028129578,1,1
785,8,0.12544018030166626,3,1
786,9,0.03041965514421463,2,1
787,9,0.023912939708679914,2,1
788,10,0.0036312013398855925,1,1
789,7,0.055272888857871294,4,1
790,8,0.03616373303035895,3,1
791,9,0.01870739832520485,2,1
792,9,0.009620157070457935,2,1
793,8,0.142083577811718,3,1
794,9,0.023364495486021042,2,1
795,8,0.023874019272625446,3,1
796,6,0.13632136657834054,5,1
797,7,0.05722392979077995,4,1
798,10,0.01698637381196022,1,1
799,9,0.09109275043010712,2,1
800,9,0.08528131898492575,2,1
801,8,0.01757310175647338,3,1
802,8,0.0326039403056105,3,1
803,10,0.04031408578157425,1,1
804,8,0.04286783499022325,3,1
805,9,0.0407938901335001,2,1
806,9,0.02797200996428728,2,1
807,8,0.017812566210826237,3,1
808,10,0.008296772837638855,1,1
809,9,0.03483340982347727,2,1
