episode,reward,loss,steps,success
1,2,0.0,9,1
2,-22,0.0,13,0
3,-10,0.0,1,0
4,-15,0.0,6,0
5,-17,1.4130082527796428,8,0
6,10,2.0639634132385254,1,1
7,-5,1.5018226839601994,16,1
8,-13,1.194235697388649,4,0
9,2,1.31305573715104,9,1
10,-22,1.0161733031272888,13,0
11,-18,1.003302468193902,9,0
12,-10,0.752953290939331,1,0
13,-44,1.0371534321989333,35,0
14,6,0.7759045481681823,5,1
15,0,0.5619652623480017,11,1
16,-3,1.006627353174346,14,1
17,-11,0.48867547512054443,2,0
18,10,1.0065326690673828,1,1
19,4,0.9800615778991154,7,1
20,7,0.6667829677462578,4,1
21,-1,0.7161005958914757,12,1
22,-11,0.9930294313552704,22,1
23,9,1.1320244073867798,2,1
24,10,0.5954145789146423,1,1
25,3,1.1858882643282413,8,1
26,4,1.0358331288610185,7,1
27,-3,0.9429454633167812,14,1
28,-37,0.8627160335225719,28,0
29,-33,0.8429451971314847,24,0
30,-10,0.8986881971359253,1,0
31,-10,0.9449234008789062,1,0
32,-13,0.7486496232450008,24,1
33,-5,0.749734453856945,16,1
34,-16,1.0651245628084456,7,0
35,-11,0.7294398993253708,2,0
36,10,1.2365453243255615,1,1
37,-13,0.43053623754531145,4,0
38,-17,0.8386111105126994,28,1
39,8,0.4686395823955536,3,1
40,-34,0.6591452266275882,25,0
41,-11,1.0239461064338684,2,0
42,-7,0.64796556904912,18,1
43,-20,0.9699480912902139,11,0
44,-6,0.693146362900734,17,1
45,10,0.08305271714925766,1,1
46,-31,0.7375447059219534,22,0
47,-9,0.6320588996633887,20,1
48,-50,0.6554027646034956,50,0
49,-16,0.8332830326897758,7,0
50,9,0.4558720104396343,2,1
51,0,0.5405054078860716,11,1
52,7,0.5340759083628654,4,1
53,-21,0.565652039522926,12,0
54,-12,0.58059228459994,3,0
55,-40,0.4924509640662901,31,0
56,7,0.7325920611619949,4,1
57,-31,0.4728868163767315,42,1
58,-11,0.5514367967844009,2,0
59,-16,0.36159091549260275,7,0
60,-36,0.6435138052131267,47,1
61,-19,0.4212518513202667,10,0
62,-50,0.43696502581238744,50,0
63,-52,0.4877389944050201,43,0
64,10,0.1716715693473816,1,1
65,-5,0.3855940457433462,16,1
66,-23,0.6068683820111411,14,0
67,7,0.4791417047381401,4,1
68,-16,0.455529402409281,7,0
69,-15,0.36901136487722397,6,0
70,10,1.0105400085449219,1,1
71,-10,0.6489946842193604,1,0
72,9,0.58129021525383,2,1
73,9,0.3035226911306381,2,1
74,-6,0.4738180689951953,17,1
75,-3,0.2915241766188826,14,1
76,-50,0.33462288469076157,50,0
77,-7,0.5523514971137047,18,1
78,-34,0.36590830773115157,25,0
79,1,0.30765841230750085,10,1
80,6,0.5764491736888886,5,1
81,-26,0.37953115210813637,17,0
82,-20,0.31138363548300485,11,0
83,-14,0.49085789918899536,5,0
84,-21,0.4862392507493496,12,0
85,-10,0.681396484375,1,0
86,-10,0.3267458379268646,1,0
87,-20,0.5549689815803007,11,0
88,9,0.35890908539295197,2,1
89,6,0.5537346303462982,5,1
90,-20,0.40478620474988763,11,0
91,-16,0.5006280108182518,27,1
92,-13,0.6466535478830338,4,0
93,-11,0.5116075128316879,2,0
94,9,0.2907274514436722,2,1
95,-10,0.10892178118228912,1,0
96,9,0.17291918024420738,2,1
97,-12,0.4607606530189514,3,0
98,6,0.5518313050270081,5,1
99,-16,0.4839592945796472,27,1
100,10,0.3183254301548004,1,1
101,3,0.369896924123168,8,1
102,10,0.2685256004333496,1,1
103,1,0.6145839706063271,10,1
104,-12,0.564000258843104,3,0
105,-16,0.4954428119318826,7,0
106,-24,0.5936235855023066,15,0
107,-10,0.4352021188963027,21,1
108,-20,0.5961073731834238,11,0
109,-10,0.39464184641838074,1,0
110,4,0.6323278439896447,7,1
111,10,0.10197578370571136,1,1
112,-50,0.5163954013586044,50,0
113,7,0.34145715832710266,4,1
114,-50,0.4595677724480629,50,0
115,10,0.27250024676322937,1,1
116,-12,0.38738123575846356,3,0
117,-50,0.43394395187497137,50,0
118,-50,0.4478109775483608,50,0
119,3,0.41048356890678406,8,1
120,-36,0.3284399636365749,27,0
121,-29,0.31930924355983736,20,0
122,-10,0.31738120317459106,1,0
123,-7,0.2727031103438801,18,1
124,-7,0.3628835462861591,18,1
125,-10,1.067575216293335,1,0
126,2,0.3680851095252567,9,1
127,4,0.43509797219719204,7,1
128,-50,0.42971214786171913,50,0
129,-50,0.36360648192465306,50,0
130,10,0.6483838558197021,1,1
131,-47,0.2903286167665532,38,0
132,-16,0.43844489394514646,27,1
133,-10,0.3358592391014099,1,0
134,10,0.1399659514427185,1,1
135,-11,0.2756568640470505,2,0
136,-26,0.4459365197532886,37,1
137,8,0.3383473257223765,3,1
138,-50,0.3688261191546917,50,0
139,-11,0.22841677069664001,2,0
140,-50,0.3729270800948143,50,0
141,8,0.7989258617162704,3,1
142,-50,0.32867139518260957,50,0
143,-1,0.25884508714079857,12,1
144,-10,0.3331949710845947,1,0
145,-42,0.29492231142340286,33,0
146,-39,0.2787537369132042,50,1
147,4,0.28975350090435575,7,1
148,-49,0.38562147598713636,40,0
149,-50,0.34691031895577906,50,0
150,-30,0.3942625508421943,21,0
151,-21,0.26359577500261366,32,1
152,-1,0.3100280091166496,12,1
153,-16,0.39056446509701864,7,0
154,8,0.3513909379641215,3,1
155,-50,0.27387551084160805,50,0
156,-50,0.318002996891737,50,0
157,3,0.2869606548920274,8,1
158,9,0.1841767653822899,2,1
159,5,0.2084628939628601,6,1
160,-14,0.28386742770671847,5,0
161,-16,0.39661842797483715,7,0
162,-30,0.34226558818703606,21,0
163,8,0.379323144753774,3,1
164,-50,0.3688525789231062,50,0
165,7,0.22695619612932205,4,1
166,9,0.5556577444076538,2,1
167,-22,0.2919394706304257,13,0
168,2,0.27714818384912276,9,1
169,-19,0.3016427502036095,10,0
170,-12,0.38380944874623546,23,1
171,9,0.16516324132680893,2,1
172,-50,0.2581590010225773,50,0
173,-25,0.30211785725421375,36,1
174,-11,0.09112019091844559,2,0
175,6,0.20201904103159904,5,1
176,-50,0.40344498299062254,50,0
177,10,0.19133782386779785,1,1
178,0,0.28784108839251776,11,1
179,-29,0.4651599623262882,40,1
180,-12,0.6275440553824106,3,0
181,-8,0.35864541405125666,19,1
182,-50,0.2990926246345043,50,0
183,-10,0.12600930035114288,1,0
184,-30,0.5786326665963445,21,0
185,-50,0.4147832217812538,50,0
186,-50,0.33778944618999956,50,0
187,-31,0.3410604807237784,42,1
188,-50,0.25908187791705134,50,0
189,-21,0.3184990268200636,12,0
190,10,0.15109705924987793,1,1
191,9,0.19783170521259308,2,1
192,-6,0.3628407672924154,17,1
193,-5,0.21121261711232364,16,1
194,-50,0.2528480806201696,50,0
195,9,0.18586120009422302,2,1
196,-50,0.31552176617085936,50,0
197,-50,0.2472055172920227,50,0
198,-13,0.2556648515164852,4,0
199,-24,0.23863094647725422,15,0
200,8,0.43570709228515625,3,1
201,-25,0.28600989116562736,36,1
202,10,0.6033064723014832,1,1
203,-12,0.48686230058471364,3,0
204,-50,0.2901347914338112,50,0
205,4,0.34693162568977903,7,1
206,-4,0.35659721940755845,15,1
207,-37,0.27479110184746486,48,1
208,8,0.20606483767429987,3,1
209,4,0.34484322369098663,7,1
210,-11,0.2463032528758049,2,0
211,-4,0.3037712608774503,15,1
212,10,0.4323829710483551,1,1
213,-44,0.2810303828545979,35,0
214,10,0.45258814096450806,1,1
215,-33,0.2976159177099665,24,0
216,8,0.31289952745040256,3,1
217,4,0.24441571746553695,7,1
218,8,0.5080133775870005,3,1
219,-33,0.2806408762593161,44,1
220,4,0.25261631182261873,7,1
221,6,0.31713068261742594,5,1
222,-57,0.24581450767194232,48,0
223,-13,0.3253835902238886,24,1
224,6,0.16968315988779067,5,1
225,-12,0.28088833888371784,3,0
226,10,0.7822790145874023,1,1
227,-50,0.25956563852727416,50,0
228,9,0.13667176105082035,2,1
229,10,0.0921010822057724,1,1
230,-26,0.22867729132239883,37,1
231,-26,0.30558142460444393,17,0
232,-43,0.24270152070504777,34,0
233,3,0.28841713070869446,8,1
234,10,0.09216960519552231,1,1
235,-16,0.29897762172751957,27,1
236,-20,0.24840928681872107,11,0
237,-50,0.31102699786424637,50,0
238,-5,0.19638532074168324,16,1
239,-20,0.2570004534314979,11,0
240,5,0.19323410404225191,6,1
241,-10,0.21210157871246338,1,0
242,-50,0.2953732695430517,50,0
243,9,0.6115910336375237,2,1
244,-23,0.29201528802514076,14,0
245,-19,0.2544372002283732,30,1
246,-10,0.2974007296420279,21,1
247,7,0.3731124699115753,4,1
248,-33,0.2604695379056714,44,1
249,-16,0.15708223517451966,7,0
250,-10,0.25819334387779236,1,0
251,4,0.41415219221796307,7,1
252,-50,0.3155257077515125,50,0
253,1,0.23585924059152602,10,1
254,-23,0.32469927625996725,14,0
255,-14,0.41360501646995546,5,0
256,-50,0.2811510476469994,50,0
257,7,0.14437132701277733,4,1
258,-12,0.19777247309684753,3,0
259,8,0.14971060554186502,3,1
260,3,0.2969169467687607,8,1
261,-50,0.29169987633824346,50,0
262,-50,0.3075474098324776,50,0
263,2,0.3242066767480638,9,1
264,8,0.6524726649125417,3,1
265,6,0.3481441974639893,5,1
266,10,0.06564867496490479,1,1
267,-50,0.3270789862424135,50,0
268,-10,0.08066103607416153,1,0
269,-2,0.2818276612804486,13,1
270,-10,0.9331034421920776,1,0
271,3,0.19095912901684642,8,1
272,9,0.36452988535165787,2,1
273,10,0.9909242987632751,1,1
274,-50,0.3335895562171936,50,0
275,-12,0.3123385173579057,3,0
276,8,0.41878028213977814,3,1
277,-11,0.3189026638865471,2,0
278,-5,0.24006683542393148,16,1
279,10,0.10519188642501831,1,1
280,10,0.09103436022996902,1,1
281,-1,0.34968523556987446,12,1
282,4,0.32810847567660467,7,1
283,8,0.1609676480293274,3,1
284,-25,0.29285460172428024,36,1
285,-50,0.29785434260964394,50,0
286,-50,0.2738311066478491,50,0
287,10,0.1510162502527237,1,1
288,6,0.4246162995696068,5,1
289,-50,0.3015103355050087,50,0
290,-48,0.27339640928384584,39,0
291,6,0.33464206755161285,5,1
292,-2,0.3890200194257956,13,1
293,-9,0.2593406897038221,20,1
294,10,0.26071852445602417,1,1
295,-13,0.3516684020869434,24,1
296,-24,0.23539588302373887,15,0
297,10,0.9354795217514038,1,1
298,8,0.2707151894768079,3,1
299,-50,0.35696136608719825,50,0
300,10,0.29038798809051514,1,1
301,-16,0.36971589497157503,7,0
302,-10,0.7036583423614502,1,0
303,10,0.9299095273017883,1,1
304,8,0.14002521336078644,3,1
305,10,0.3606412708759308,1,1
306,-50,0.3122056077420712,50,0
307,-19,0.33450814075767993,30,1
308,-8,0.3698521883864152,19,1
309,10,0.16838771104812622,1,1
310,-10,0.23775896430015564,1,0
311,-13,0.35535168383891386,24,1
312,10,0.11287901550531387,1,1
313,-39,0.29690271854400635,50,1
314,-50,0.29521071873605254,50,0
315,-4,0.3116435264547666,15,1
316,10,0.6576226949691772,1,1
317,-11,0.06964932195842266,2,0
318,-2,0.30914707080676007,13,1
319,7,0.33110986463725567,4,1
320,-16,0.22145533242395946,7,0
321,7,0.25534410402178764,4,1
322,-3,0.44109015965035986,14,1
323,-50,0.3862393330037594,50,0
324,9,0.38499704003334045,2,1
325,9,0.845380149781704,2,1
326,-24,0.416564400245746,15,0
327,-11,0.2709045186638832,2,0
328,-11,0.6131435930728912,2,0
329,-50,0.38747675515711305,50,0
330,-50,0.26985067792236805,50,0
331,0,0.22788167880340057,11,1
332,-11,0.12166263163089752,2,0
333,-50,0.24087886251509188,50,0
334,-21,0.27959219878539443,32,1
335,-7,0.2532055589059989,18,1
336,8,0.3442668418089549,3,1
337,-17,0.3041506875306368,8,0
338,10,0.758816123008728,1,1
339,-28,0.3595375136325234,19,0
340,6,0.32710756063461305,5,1
341,-45,0.3634392543592387,36,0
342,8,0.3473601887623469,3,1
343,10,0.2426764965057373,1,1
344,2,0.281122883160909,9,1
345,10,0.45824262499809265,1,1
346,-18,0.33242899510595536,9,0
347,-50,0.21494484305381775,50,0
348,-10,0.06922942399978638,1,0
349,9,0.3447212502360344,2,1
350,-16,0.28451738719429287,7,0
351,8,0.1681127275029818,3,1
352,9,0.3658302463591099,2,1
353,-36,0.3006269653086309,27,0
354,-10,0.3466994333125296,21,1
355,7,0.22968940250575542,4,1
356,6,0.36945982873439787,5,1
357,-17,0.3689884572689022,28,1
358,-1,0.5133342904349169,12,1
359,1,0.2990817382931709,10,1
360,10,0.3276589810848236,1,1
361,-4,0.35136315524578093,15,1
362,10,0.2514534890651703,1,1
363,-15,0.21208340550462404,6,0
364,10,0.171256422996521,1,1
365,-23,0.2763473739957108,34,1
366,7,0.3063371926546097,4,1
367,-50,0.2761084867268801,50,0
368,1,0.22728714421391488,10,1
369,6,0.2501503571867943,5,1
370,1,0.18370938748121263,10,1
371,-56,0.2645841550795322,47,0
372,-18,0.25065199722503795,29,1
373,-50,0.2254895803223296,41,0
374,10,0.267632395029068,1,1
375,6,0.2234467089176178,5,1
376,1,0.2803024001419544,10,1
377,9,0.3781874030828476,2,1
378,5,0.18190369134147963,6,1
379,-32,0.2697766407631164,43,1
380,-28,0.23426723356048265,39,1
381,-50,0.29036051079630854,50,0
382,-50,0.2504074975848198,50,0
383,-3,0.22344936669937202,14,1
384,10,0.1625397652387619,1,1
385,-3,0.2104779120002474,14,1
386,9,0.26914991438388824,2,1
387,-50,0.2473164466023445,50,0
388,2,0.2447426062491205,9,1
389,-50,0.24666631586849688,50,0
390,-50,0.1818697925657034,50,0
391,10,0.055585168302059174,1,1
392,-50,0.17616260647773743,50,0
393,7,0.07584682106971741,4,1
394,7,0.14863391034305096,4,1
395,10,0.3915000557899475,1,1
396,-50,0.18030995428562163,50,0
397,-6,0.14397638017202125,17,1
398,9,0.06749754957854748,2,1
399,-50,0.1727776762843132,50,0
400,10,0.21794360876083374,1,1
401,8,0.06122507651646932,3,1
402,-38,0.218684069850311,49,1
403,-37,0.1713024223378549,48,1
404,2,0.2160652702053388,9,1
405,10,0.12634818255901337,1,1
406,10,0.2202564924955368,1,1
407,10,0.08473637700080872,1,1
408,-4,0.14973091557621956,15,1
409,-12,0.1524812007943789,3,0
410,9,0.4137722197920084,2,1
411,9,0.07855050638318062,2,1
412,6,0.1690946787595749,5,1
413,7,0.10976916179060936,4,1
414,10,0.37521371245384216,1,1
415,-20,0.363823110407049,11,0
416,-32,0.22828268493677295,43,1
417,-19,0.18426623245080312,30,1
418,3,0.11682514287531376,8,1
419,-16,0.31145499859537396,7,0
420,9,0.23049768805503845,2,1
421,4,0.18128643025244986,7,1
422,-10,0.23729848861694336,1,0
423,9,0.14712391793727875,2,1
424,6,0.1320442035794258,5,1
425,10,0.4338872730731964,1,1
426,9,0.31586258113384247,2,1
427,-14,0.26894774004817007,25,1
428,-24,0.21256170996597834,35,1
429,-11,0.1949356570839882,2,0
430,-18,0.1946332061599041,29,1
431,8,0.4258221071213484,3,1
432,-50,0.24340802244842052,50,0
433,5,0.27036619807283085,6,1
434,-1,0.18853879595796266,12,1
435,-50,0.21117951460182666,50,0
436,6,0.38611474335193635,5,1
437,-29,0.20548011539503933,40,1
438,-13,0.23782769280175367,24,1
439,10,0.0713416188955307,1,1
440,10,0.5566309094429016,1,1
441,5,0.2734639768799146,6,1
442,9,0.12611427903175354,2,1
443,-50,0.21670840781182052,50,0
444,-50,0.24138447415083647,50,0
445,8,0.28519150614738464,3,1
446,-12,0.17458216349283853,3,0
447,-15,0.13961483538150787,6,0
448,-3,0.1612744177026408,14,1
449,-11,0.17196673899888992,2,0
450,-10,0.10970649868249893,1,0
451,3,0.17670555412769318,8,1
452,10,0.15209916234016418,1,1
453,8,0.33122946321964264,3,1
454,-50,0.2213292719423771,50,0
455,7,0.2556912200525403,4,1
456,-36,0.24165935441851616,27,0
457,9,0.2482304349541664,2,1
458,7,0.26363235153257847,4,1
459,-50,0.2157469843327999,50,0
460,10,0.6640544533729553,1,1
461,-12,0.5134229858716329,3,0
462,-50,0.24117980509996415,50,0
463,9,0.3152715116739273,2,1
464,-5,0.23627246404066682,16,1
465,-10,0.3549138605594635,1,0
466,-50,0.18514728493988514,50,0
467,-23,0.18738237450666287,34,1
468,10,0.3760259449481964,1,1
469,9,0.35292792320251465,2,1
470,6,0.30150701105594635,5,1
471,-6,0.2578539572217885,17,1
472,-50,0.23726956166326998,50,0
473,3,0.22794131562113762,8,1
474,-7,0.1875375488566028,18,1
475,9,0.17628654837608337,2,1
476,-11,0.07442349009215832,2,0
477,10,0.18998833000659943,1,1
478,-37,0.16845551008979479,48,1
479,-50,0.11776415906846523,50,0
480,5,0.09325485738615195,6,1
481,7,0.07658806024119258,4,1
482,-10,0.09562084823846817,1,0
483,5,0.09906489153703053,6,1
484,-50,0.12699672650545835,50,0
485,8,0.41163627803325653,3,1
486,8,0.18461924294630686,3,1
487,8,0.07311730210979779,3,1
488,-50,0.1583394718170166,50,0
489,9,0.13274367898702621,2,1
490,-11,0.11987439543008804,2,0
491,8,0.22992220520973206,3,1
492,10,0.49923065304756165,1,1
493,-50,0.12555661141872407,50,0
494,-50,0.17046421252191066,50,0
495,-59,0.16044961400330066,50,0
496,10,0.22192636132240295,1,1
497,10,0.31502723693847656,1,1
498,-50,0.1499908247590065,50,0
499,-22,0.13686088376650304,33,1
500,9,0.12724622711539268,2,1
501,6,0.29236004054546355,5,1
502,-10,0.12746578721063478,21,1
503,10,0.11560387164354324,1,1
504,-2,0.12821541654949004,13,1
505,10,0.6678996086120605,1,1
506,-11,0.06323320046067238,2,0
507,6,0.23114722818136216,5,1
508,10,0.022993776947259903,1,1
509,-10,0.2993128299713135,1,0
510,-50,0.1847664350643754,50,0
511,-2,0.24420965290986574,13,1
512,4,0.25168465610061375,7,1
513,-50,0.14931691210716963,50,0
514,9,0.03915553353726864,2,1
515,8,0.0492854950328668,3,1
516,-4,0.12944884914904833,15,1
517,8,0.10108232808609803,3,1
518,9,0.04934048838913441,2,1
519,7,0.14020562171936035,4,1
520,9,0.20270750112831593,2,1
521,10,0.049155980348587036,1,1
522,8,0.169847309589386,3,1
523,-50,0.12958029879257082,50,0
524,10,0.11111503094434738,1,1
525,-30,0.15479315935475071,41,1
526,8,0.07846364875634511,3,1
527,-15,0.11731539222483452,26,1
528,0,0.09678906405513937,11,1
529,-50,0.1434156025201082,50,0
530,9,0.06586911156773567,2,1
531,9,0.21340252086520195,2,1
532,8,0.19909141957759857,3,1
533,-50,0.1681751550361514,50,0
534,8,0.19813726345698038,3,1
535,-32,0.13979460039111072,43,1
536,9,0.07925754971802235,2,1
537,-16,0.11473920515605382,7,0
538,-7,0.16396542203923067,18,1
539,9,0.07868073880672455,2,1
540,10,0.402765691280365,1,1
541,-10,0.34455496072769165,1,0
542,7,0.101716548204422,4,1
543,10,0.08762248605489731,1,1
544,-50,0.14728313110768795,50,0
545,8,0.15031328548987707,3,1
546,10,0.02164982445538044,1,1
547,7,0.17381262220442295,4,1
548,9,0.17856194078922272,2,1
549,-21,0.20232301019132137,32,1
550,-12,0.10418871441937011,23,1
551,-13,0.299312811344862,4,0
552,9,0.10274777002632618,2,1
553,8,0.09742474804321925,3,1
554,-50,0.1376161220856011,50,0
555,-50,0.12349244732409716,50,0
556,-6,0.15734029276406064,17,1
557,10,0.024125298485159874,1,1
558,9,0.12471236474812031,2,1
559,8,0.017855824281771977,3,1
560,5,0.088571531077226,6,1
561,-10,0.12102060685200351,21,1
562,10,0.04501213878393173,1,1
563,-10,0.12398717490335305,21,1
564,-31,0.17843414064158092,22,0
565,-38,0.12580855691741252,29,0
566,-50,0.07854852862656117,50,0
567,-50,0.1533775830641389,50,0
568,-50,0.15941386178135872,50,0
569,-50,0.1296666781231761,50,0
570,10,0.10651616007089615,1,1
571,-10,0.48354199528694153,1,0
572,8,0.23115275241434574,3,1
573,-50,0.14006266288459301,50,0
574,9,0.27792120911180973,2,1
575,-6,0.1394154395469848,17,1
576,9,0.15089914947748184,2,1
577,9,0.12413019314408302,2,1
578,10,0.06034720316529274,1,1
579,8,0.10509838660558064,3,1
580,-50,0.13824570080265403,50,0
581,-59,0.13811779972165822,50,0
582,10,0.047770172357559204,1,1
583,9,0.06488754227757454,2,1
584,-10,0.13996419310569763,1,0
585,-50,0.152719516903162,50,0
586,8,0.053874035676320396,3,1
587,10,0.11239363253116608,1,1
588,8,0.1177953506509463,3,1
589,6,0.07217029705643654,5,1
590,10,0.03150191158056259,1,1
591,-50,0.11973499124869705,50,0
592,7,0.0882674534805119,4,1
593,-50,0.0909490030631423,50,0
594,9,0.12917401269078255,2,1
595,7,0.059092019917443395,4,1
596,7,0.06303415214642882,4,1
597,-3,0.13531640877148934,14,1
598,10,0.07742791622877121,1,1
599,9,0.10616538673639297,2,1
600,-50,0.1324393619224429,50,0
601,9,0.08167265355587006,2,1
602,6,0.2012268215417862,5,1
603,10,0.10341127216815948,1,1
604,10,0.11503664404153824,1,1
605,-50,0.12057803768664599,50,0
606,-18,0.09446391122865266,29,1
607,-12,0.15622189889351526,3,0
608,10,0.1466093808412552,1,1
609,6,0.17024466246366501,5,1
610,7,0.11705453600734472,4,1
611,-11,0.06095675751566887,2,0
612,8,0.19542103012402853,3,1
613,-14,0.2780568808317184,5,0
614,5,0.1251734315107266,6,1
615,8,0.09473477924863498,3,1
616,10,0.14686697721481323,1,1
617,-15,0.18021327629685402,6,0
618,7,0.09890908095985651,4,1
619,-10,0.6550316214561462,1,0
620,8,0.10466193904479344,3,1
621,-10,0.06342668831348419,1,0
622,10,0.056249890476465225,1,1
623,10,0.6707061529159546,1,1
624,-50,0.21671115223318338,50,0
625,9,0.18614640831947327,2,1
626,10,0.588588297367096,1,1
627,-50,0.16352438144385814,50,0
628,7,0.22552039101719856,4,1
629,7,0.19971905276179314,4,1
630,7,0.1287004016339779,4,1
631,-50,0.16057172507047654,50,0
632,-50,0.1849115626513958,50,0
633,-50,0.13708546306937933,50,0
634,-9,0.1724275080487132,20,1
635,-10,0.10865452885627747,1,0
636,8,0.11721286674340566,3,1
637,7,0.1301669469103217,4,1
638,-10,0.07002077251672745,1,0
639,-50,0.1308771311864257,50,0
640,-50,0.1507752326503396,50,0
641,-13,0.15798961534164846,4,0
642,-50,0.14946047388017178,50,0
643,10,0.27325624227523804,1,1
644,7,0.0945727382786572,4,1
645,9,0.015971441753208637,2,1
646,8,0.09902686687807243,3,1
647,-38,0.0984303756826082,49,1
648,-22,0.15056547714453755,33,1
649,-15,0.16311447952802366,26,1
650,6,0.117000562697649,5,1
651,7,0.044519430957734585,4,1
652,9,0.07139520719647408,2,1
653,-50,0.14833139680325985,50,0
654,8,0.22355182468891144,3,1
655,9,0.1424986720085144,2,1
656,-50,0.16040445275604726,50,0
657,10,0.0818430706858635,1,1
658,-50,0.10271441485732793,50,0
659,10,0.0736367404460907,1,1
660,8,0.1398004169265429,3,1
661,-50,0.09354649284854531,50,0
662,8,0.10168000869452953,3,1
663,-50,0.1377832258120179,50,0
664,-50,0.09854282084852457,50,0
665,8,0.03802770872910818,3,1
666,9,0.03374662809073925,2,1
667,9,0.08736594021320343,2,1
668,10,0.048401229083538055,1,1
669,-50,0.12734855590388178,50,0
670,5,0.07439390476793051,6,1
671,2,0.10964004902376069,9,1
672,8,0.06143022825320562,3,1
673,0,0.08441644331270998,11,1
674,-50,0.11409018334001303,50,0
675,10,0.10127980262041092,1,1
676,-4,0.09519797066847484,15,1
677,9,0.042027860414236784,2,1
678,-50,0.13841137066483497,50,0
679,-12,0.15473999058746774,23,1
680,7,0.10075224563479424,4,1
681,9,0.10018454864621162,2,1
682,-50,0.08091755919158458,50,0
683,-50,0.09271166730672122,50,0
684,10,0.050532687455415726,1,1
685,-50,0.0883098016306758,50,0
686,7,0.0690400991588831,4,1
687,9,0.2567420080304146,2,1
688,8,0.06309604768951733,3,1
689,9,0.07776686176657677,2,1
690,-12,0.08466097805649042,23,1
691,7,0.11325228214263916,4,1
692,-19,0.11959264986217022,10,0
693,9,0.05734709091484547,2,1
694,10,0.09419247508049011,1,1
695,10,0.23515905439853668,1,1
696,9,0.05027046985924244,2,1
697,8,0.09068360676368077,3,1
698,-50,0.09591058935970068,50,0
699,10,0.04547491669654846,1,1
700,-50,0.12071171350777149,50,0
701,1,0.0757898861542344,10,1
702,9,0.09760076738893986,2,1
703,9,0.06615306437015533,2,1
704,5,0.13283597429593405,6,1
705,-50,0.14083989426493645,50,0
706,5,0.11294112106164296,6,1
707,-8,0.18938479278432696,19,1
708,-16,0.10083654203585216,7,0
709,10,0.05617789179086685,1,1
710,8,0.10190924443304539,3,1
711,9,0.07930200174450874,2,1
712,-50,0.15902853783220053,50,0
713,-50,0.09184079984202981,50,0
714,-50,0.07455051679164171,50,0
715,9,0.12921318784356117,2,1
716,-9,0.08834947841241955,20,1
717,-50,0.09945089802145958,50,0
718,-50,0.09106943301856518,50,0
719,10,0.1912040263414383,1,1
720,-50,0.07802813276648521,50,0
721,-11,0.11598274484276772,2,0
722,-5,0.15366345969960093,16,1
723,8,0.4263298213481903,3,1
724,3,0.1428653623443097,8,1
725,7,0.03814684599637985,4,1
726,8,0.11748638997475307,3,1
727,-7,0.17488527918855348,18,1
728,-17,0.1552067675760814,28,1
729,8,0.08060309042533238,3,1
730,-50,0.09100103128701448,50,0
731,9,0.3210267275571823,2,1
732,9,0.09941783174872398,2,1
733,10,0.14259429275989532,1,1
734,10,0.10912147909402847,1,1
735,10,0.3066244423389435,1,1
736,-10,0.06222761422395706,1,0
737,-50,0.128708906583488,50,0
738,-13,0.12952324181484678,24,1
739,7,0.07705631200224161,4,1
740,-50,0.11995804943144321,50,0
741,9,0.08875064365565777,2,1
742,8,0.16844501222173372,3,1
743,-12,0.11469123760859172,3,0
744,-50,0.16529511868953706,50,0
745,8,0.10607848192254703,3,1
746,9,0.09820365346968174,2,1
747,10,0.11873716115951538,1,1
748,-50,0.1346515603363514,50,0
749,-10,0.242821604013443,1,0
750,-11,0.18153691291809082,2,0
751,-50,0.16349091492593287,50,0
752,8,0.094196451207002,3,1
753,10,0.08281576633453369,1,1
754,4,0.13143279616321837,7,1
755,8,0.09197738394141197,3,1
756,-14,0.09720656126737595,25,1
757,-50,0.11198071710765362,50,0
758,-50,0.13382219847291707,50,0
759,-50,0.15412011981010437,50,0
760,9,0.2669758200645447,2,1
761,-50,0.10869083316996693,50,0
762,10,0.02734464220702648,1,1
763,-50,0.09033623028546572,50,0
764,9,0.057242218405008316,2,1
765,9,0.09586332459002733,2,1
766,10,0.03230724483728409,1,1
767,-50,0.06753201194107533,50,0
768,-50,0.09929346304386855,50,0
769,-50,0.07377425588667393,50,0
770,9,0.15009843558073044,2,1
771,-11,0.07618670813231306,22,1
772,-11,0.08633843157440424,2,0
773,-50,0.08241210713982582,50,0
774,10,0.035706132650375366,1,1
775,4,0.032955016674739976,7,1
776,-50,0.09592753857374191,50,0
777,9,0.04292985610663891,2,1
778,10,0.06200994923710823,1,1
779,7,0.1093144379556179,4,1
780,10,0.06552787125110626,1,1
781,-50,0.10366625856608153,50,0
782,-10,0.11255446076393127,1,0
783,-9,0.08450228273868561,20,1
784,7,0.07336643990129232,4,1
785,-50,0.09536769479513169,50,0
786,8,0.10164397458235423,3,1
787,9,0.07088551670312881,2,1
788,9,0.1789216697216034,2,1
789,-10,0.042402878403663635,1,0
790,9,0.06270412914454937,2,1
791,10,0.05972864106297493,1,1
792,8,0.09415596351027489,3,1
793,3,0.1487250116188079,8,1
794,-50,0.11833172503858805,50,0
795,-11,0.1380871817977591,22,1
796,-26,0.17814475297927856,17,0
797,10,0.04290648549795151,1,1
798,9,0.10495280846953392,2,1
799,9,0.11941873654723167,2,1
800,10,0.3607919216156006,1,1
801,-50,0.10405033782124519,50,0
802,8,0.057494973142941795,3,1
803,-50,0.08966624617576599,50,0
804,-23,0.11670524520533425,14,0
805,-11,0.08034258894622326,2,0
806,5,0.11061200747887294,6,1
807,7,0.09335778933018446,4,1
808,-50,0.11949923902750015,50,0
809,-50,0.11541087713092565,50,0
810,9,0.034942248836159706,2,1
811,9,0.06916220672428608,2,1
812,-10,0.12613603091310888,21,1
813,9,0.3110573748126626,2,1
814,-50,0.10427887339144945,50,0
815,8,0.03087601065635681,3,1
816,-11,0.05020453222095966,2,0
817,8,0.18157111294567585,3,1
818,-50,0.10046400113031267,50,0
819,-21,0.08646908577065915,32,1
820,-50,0.08851822715252639,50,0
821,-37,0.093032213471209,48,1
822,-50,0.09338675536215306,50,0
823,8,0.09502153843641281,3,1
824,10,0.034218721091747284,1,1
825,-35,0.084542752891455,46,1
826,9,0.030868642032146454,2,1
827,10,0.13322924077510834,1,1
828,9,0.12860843166708946,2,1
829,10,0.10694768279790878,1,1
830,10,0.11618787795305252,1,1
831,10,0.021455371752381325,1,1
832,10,0.06771502643823624,1,1
833,8,0.01870157290250063,3,1
834,-22,0.11517261386369214,33,1
835,5,0.10408155092348655,6,1
836,10,0.11060863733291626,1,1
837,10,0.06329511106014252,1,1
838,9,0.043404972180724144,2,1
839,-21,0.11273642996093258,32,1
840,-44,0.06865694794271673,35,0
841,10,0.0551401823759079,1,1
842,9,0.14343352243304253,2,1
843,-10,0.2359258234500885,1,0
844,-13,0.07906187376162659,24,1
845,-10,0.02541043423116207,1,0
846,10,0.1689223349094391,1,1
847,10,0.02372949942946434,1,1
848,7,0.040426630759611726,4,1
849,6,0.04798200782388449,5,1
850,8,0.1864826219777266,3,1
851,7,0.10549810691736639,4,1
852,9,0.1360053215175867,2,1
853,5,0.17717784084379673,6,1
854,9,0.08269478753209114,2,1
855,-10,0.18394428491592407,1,0
856,8,0.1497936174273491,3,1
857,10,0.0778241828083992,1,1
858,-6,0.15422709702568896,17,1
859,7,0.24579902738332748,4,1
860,9,0.07642130553722382,2,1
861,8,0.05627742285529772,3,1
862,7,0.14101348165422678,4,1
863,10,0.16481713950634003,1,1
864,8,0.05590085809429487,3,1
865,8,0.07360974326729774,3,1
866,10,0.04724907875061035,1,1
867,-36,0.1390893648755043,47,1
868,-10,0.13442698121070862,1,0
869,9,0.20024127140641212,2,1
870,-10,0.16559159755706787,1,0
871,7,0.09139416925609112,4,1
872,-50,0.12695185419172048,50,0
873,6,0.21967286467552186,5,1
874,7,0.1483386680483818,4,1
875,-12,0.21219689150651297,3,0
876,7,0.19251008704304695,4,1
877,8,0.23145712415377298,3,1
878,8,0.11736025909582774,3,1
879,10,0.2016732394695282,1,1
880,-30,0.15854350422940602,41,1
881,-28,0.08427388902361456,19,0
882,6,0.05535092316567898,5,1
883,-50,0.13854844827204943,50,0
884,9,0.046032438054680824,2,1
885,-31,0.18115522393158504,42,1
886,-4,0.16703686888019245,15,1
887,9,0.17826275527477264,2,1
888,-32,0.14417343733962193,43,1
889,-50,0.15233629919588565,50,0
890,8,0.07083344583710034,3,1
891,9,0.050869887694716454,2,1
892,-11,0.1512138621712273,22,1
893,-16,0.1509365687077796,27,1
894,9,0.29253043234348297,2,1
895,1,0.211268562823534,10,1
896,-50,0.15107473179697992,50,0
897,10,0.24668601155281067,1,1
898,-10,0.1325458139181137,1,0
899,8,0.15136010944843292,3,1
900,6,0.17876057475805282,5,1
901,10,0.08441802859306335,1,1
902,8,0.19446824739376703,3,1
903,9,0.1410948485136032,2,1
904,8,0.04830357121924559,3,1
905,9,0.11512253805994987,2,1
906,-10,0.36849498748779297,1,0
907,9,0.0881412923336029,2,1
908,10,0.5662422776222229,1,1
909,5,0.10054653510451317,6,1
910,-10,0.08634470403194427,1,0
911,8,0.12297014643748601,3,1
912,6,0.1466298595070839,5,1
913,5,0.22161084040999413,6,1
914,-54,0.13760069438980685,45,0
915,9,0.13106748089194298,2,1
916,-50,0.13330303840339183,50,0
917,7,0.1758214794099331,4,1
918,9,0.28185535222291946,2,1
919,9,0.15750209242105484,2,1
920,-50,0.19287149287760258,50,0
921,10,0.11559765785932541,1,1
922,10,0.15841275453567505,1,1
923,10,0.08933469653129578,1,1
924,-12,0.3369021912415822,3,0
925,-50,0.16672178488224745,50,0
926,7,0.19458488747477531,4,1
927,7,0.18132708594202995,4,1
928,8,0.2022575909892718,3,1
929,-11,0.14380090624432673,22,1
930,-10,0.20293107628822327,1,0
931,-27,0.1475486214223661,38,1
932,9,0.05142891779541969,2,1
933,10,0.16565771400928497,1,1
934,7,0.09672350436449051,4,1
935,-22,0.13621999289501796,33,1
936,8,0.30425595740477246,3,1
937,10,0.10526216775178909,1,1
938,-21,0.18258303042966872,32,1
939,9,0.23010244220495224,2,1
940,-23,0.11396469833219752,34,1
941,10,0.19926469027996063,1,1
942,10,0.18283560872077942,1,1
943,9,0.10840658657252789,2,1
944,9,0.13307209685444832,2,1
945,-50,0.12913779381662607,50,0
946,9,0.2605978362262249,2,1
947,-19,0.16609513113896052,30,1
948,8,0.11600358287493388,3,1
949,6,0.11372410580515861,5,1
950,6,0.08050950542092324,5,1
951,10,0.08270781487226486,1,1
952,10,0.041166990995407104,1,1
953,-18,0.11635579258717339,29,1
954,-7,0.15129862648124495,18,1
955,-16,0.11796793424420887,27,1
956,10,0.11664547771215439,1,1
957,8,0.09908975909153621,3,1
958,8,0.07083683088421822,3,1
959,-50,0.1453715206682682,50,0
960,9,0.08187836408615112,2,1
961,-12,0.15735049545764923,3,0
962,8,0.09411951961616676,3,1
963,7,0.12884816527366638,4,1
964,6,0.06702216304838657,5,1
965,-12,0.05974945860604445,3,0
966,8,0.03523833677172661,3,1
967,10,0.05658857524394989,1,1
968,-50,0.12205396890640259,50,0
969,9,0.11752378940582275,2,1
970,-50,0.12976534973829984,50,0
971,-10,0.18275055289268494,1,0
972,-10,0.14933079481124878,1,0
973,9,0.1651228815317154,2,1
974,10,0.08467145264148712,1,1
975,10,0.0473097488284111,1,1
976,8,0.30353228251139325,3,1
977,10,0.13308703899383545,1,1
978,10,0.06280312687158585,1,1
979,-50,0.14142364859580994,50,0
980,7,0.10436353832483292,4,1
981,8,0.14037722100814184,3,1
982,10,0.2571885287761688,1,1
983,9,0.10889400169253349,2,1
984,-12,0.31236807256937027,3,0
985,-50,0.1281751586869359,50,0
986,-50,0.1473818088322878,50,0
987,9,0.4837344214320183,2,1
988,0,0.1310315618122166,11,1
989,-9,0.20142275243997573,20,1
990,10,0.2625530958175659,1,1
991,-50,0.16439930628985167,50,0
992,9,0.17067091539502144,2,1
993,-57,0.11311969029096265,48,0
994,10,0.0505874827504158,1,1
995,8,0.07875645657380421,3,1
996,9,0.050743089988827705,2,1
997,9,0.04005071707069874,2,1
998,-12,0.08508547395467758,3,0
999,10,0.049809277057647705,1,1
1000,4,0.17957304843834468,7,1
1,10,0.09105335175991058,1,1
2,9,0.03226833511143923,2,1
3,10,0.049414001405239105,1,1
4,9,0.33451271429657936,2,1
5,8,0.08420659850041072,3,1
6,8,0.31142963220675784,3,1
7,-50,0.11027501344680786,50,0
8,9,0.5099707394838333,2,1
9,9,0.3428712785243988,2,1
10,8,0.10144169628620148,3,1
11,9,0.13004810735583305,2,1
12,-50,0.16589472640305758,50,0
13,8,0.1792904039223989,3,1
14,-10,0.10972906649112701,1,0
15,-23,0.2009962751929249,14,0
16,-50,0.10827422987669706,50,0
17,-50,0.11940011072903872,50,0
18,-21,0.12426079181022942,32,1
19,-50,0.10978790622204543,50,0
20,-32,0.09465921531582988,43,1
21,-38,0.1342283931313729,49,1
22,9,0.16482145339250565,2,1
23,-35,0.09391484413619923,46,1
24,-3,0.10969461713518415,14,1
25,10,0.04315492510795593,1,1
26,6,0.11606531888246537,5,1
27,8,0.14468107124169668,3,1
28,-6,0.07934792668503873,17,1
29,6,0.037984168343245986,5,1
30,10,0.06873101741075516,1,1
31,-17,0.0702216870018414,28,1
32,-12,0.09658496826887131,3,0
33,-15,0.06590783026499245,26,1
34,7,0.0760403648018837,4,1
35,-50,0.12846748407930136,50,0
36,-10,0.10323520962681089,21,1
37,-11,0.08366218954324722,2,0
38,10,0.0755510926246643,1,1
39,-50,0.13188695579767226,50,0
40,2,0.12404816038906574,9,1
41,10,0.0547737181186676,1,1
42,-18,0.15563661386740618,29,1
43,-10,0.03664961829781532,1,0
44,-11,0.09776062145829201,2,0
45,9,0.07402515225112438,2,1
46,10,0.0824037566781044,1,1
47,9,0.22567004151642323,2,1
48,10,0.036020904779434204,1,1
49,7,0.19949649833142757,4,1
50,7,0.1033764504827559,4,1
51,10,0.06544101238250732,1,1
52,-10,0.062223345041275024,1,0
53,9,0.048113844357430935,2,1
54,1,0.19499470330774785,10,1
55,7,0.17804432287812233,4,1
56,9,0.5197158735245466,2,1
57,-10,0.10393033176660538,1,0
58,-16,0.11785546021053085,27,1
59,-19,0.12897171638906002,10,0
60,8,0.09718321760495503,3,1
61,-8,0.14129050056401052,19,1
62,-6,0.10624890862142339,17,1
63,9,0.05216795764863491,2,1
64,6,0.04927646555006504,5,1
65,3,0.0927061305847019,8,1
66,-19,0.2585349563509226,10,0
67,-5,0.19160668086260557,16,1
68,-50,0.1481519514322281,50,0
69,4,0.11524033865758351,7,1
70,9,0.6272918581962585,2,1
71,9,0.09782832115888596,2,1
72,10,0.1495821326971054,1,1
73,-50,0.16429151862859726,50,0
74,7,0.12828320171684027,4,1
75,-11,0.1792372763156891,2,0
76,8,0.11630742996931076,3,1
77,-36,0.19266781004819464,47,1
78,8,0.19697129726409912,3,1
79,9,0.2206125408411026,2,1
80,8,0.22336257000764212,3,1
81,9,0.1002810038626194,2,1
82,10,0.30571645498275757,1,1
83,7,0.12942397501319647,4,1
84,9,0.21347194910049438,2,1
85,-27,0.10684021297646196,38,1
86,7,0.09464146429672837,4,1
87,-50,0.1197256051376462,50,0
88,8,0.19892551998297373,3,1
89,9,0.297633308917284,2,1
90,10,0.20401643216609955,1,1
91,7,0.16875351034104824,4,1
92,9,0.17407406494021416,2,1
93,8,0.11758124828338623,3,1
94,10,0.2962842583656311,1,1
95,9,0.1626228280365467,2,1
96,10,0.02376263216137886,1,1
97,8,0.18895835926135382,3,1
98,-12,0.3317617376645406,3,0
99,9,0.16618888080120087,2,1
100,2,0.13545293940438163,9,1
101,9,0.24241308867931366,2,1
102,6,0.10252439975738525,5,1
103,9,0.07315128576010466,2,1
104,9,0.43630481138825417,2,1
105,9,0.17226438224315643,2,1
106,-14,0.14137458428740501,5,0
107,10,0.15203073620796204,1,1
108,-12,0.19504467646280924,3,0
109,9,0.05647064000368118,2,1
110,9,0.15164954587817192,2,1
111,-12,0.24018048495054245,3,0
112,10,0.06497275084257126,1,1
113,5,0.28470652426282567,6,1
114,-10,0.08375588804483414,1,0
115,7,0.1607450172305107,4,1
116,8,0.13349257037043571,3,1
117,-50,0.19836075380444526,50,0
118,6,0.2597013510763645,5,1
119,-50,0.21723048456013203,50,0
120,-50,0.18887498579919337,50,0
121,5,0.0911943366130193,6,1
122,4,0.30700723986540523,7,1
123,6,0.13184788078069687,5,1
124,10,0.11164244264364243,1,1
125,9,0.25452230870723724,2,1
126,9,0.07866746187210083,2,1
127,10,0.16346880793571472,1,1
128,7,0.1516697145998478,4,1
129,8,0.2534039542078972,3,1
130,7,0.07864639069885015,4,1
131,10,0.10454420000314713,1,1
132,9,0.2563733831048012,2,1
133,9,0.16729478538036346,2,1
134,10,0.22233714163303375,1,1
135,4,0.0750964270638568,7,1
136,10,0.12674440443515778,1,1
137,8,0.31717292467753094,3,1
138,-50,0.1636950495839119,50,0
139,9,0.06170331872999668,2,1
140,-34,0.1708291238380803,45,1
141,-50,0.16937365517020225,50,0
142,6,0.04944399036467075,5,1
143,6,0.12945927269756793,5,1
144,9,0.041031572967767715,2,1
145,5,0.11064920946955681,6,1
146,-29,0.15150890904478728,40,1
147,-50,0.14850002866238354,50,0
148,8,0.03921273878465096,3,1
149,-33,0.1772079635411501,24,0
150,7,0.24866045266389847,4,1
151,7,0.06347270589321852,4,1
152,8,0.0724178080757459,3,1
153,8,0.17175864428281784,3,1
154,8,0.05484856230517229,3,1
155,8,0.10601467390855153,3,1
156,-50,0.2074040986597538,50,0
157,-10,0.3963363766670227,1,0
158,10,0.048883892595767975,1,1
159,7,0.0824575424194336,4,1
160,-10,0.48759976029396057,1,0
161,8,0.15477333838740984,3,1
162,-50,0.14366446183994414,50,0
163,-10,0.16064511239528656,1,0
164,8,0.09332115948200226,3,1
165,-10,0.1503390222787857,1,0
166,10,0.07182781398296356,1,1
167,10,0.15143246948719025,1,1
168,7,0.23563744965940714,4,1
169,8,0.3280965636173884,3,1
170,10,0.05331771820783615,1,1
171,-16,0.1268601865956077,27,1
172,-10,0.033668071031570435,1,0
173,8,0.25719767808914185,3,1
174,-50,0.18169180488213896,50,0
175,10,0.04732387512922287,1,1
176,8,0.24203690017263094,3,1
177,-11,0.40494510158896446,2,0
178,7,0.13360384479165077,4,1
179,10,0.23137955367565155,1,1
180,10,0.04535948857665062,1,1
181,9,0.31104872189462185,2,1
182,9,0.028352943249046803,2,1
183,-10,0.035881415009498596,1,0
184,-50,0.15691739590838552,50,0
185,10,0.031240545213222504,1,1
186,2,0.1215976985792319,9,1
187,9,0.053915511816740036,2,1
188,9,0.10492367297410965,2,1
189,8,0.21624976148207983,3,1
190,8,0.0753900973747174,3,1
191,4,0.19000069264854705,7,1
192,9,0.031299857422709465,2,1
193,7,0.04989501810632646,4,1
194,10,0.054967593401670456,1,1
195,9,0.1040552370250225,2,1
196,-50,0.13916800040751695,50,0
197,8,0.227405255039533,3,1
198,-8,0.15131252827612976,19,1
199,10,0.03576984256505966,1,1
200,-34,0.1340888594587644,45,1
201,10,0.07789108902215958,1,1
202,9,0.17808110266923904,2,1
203,-4,0.11918233061830202,15,1
204,9,0.11917812004685402,2,1
205,10,0.03675973415374756,1,1
206,10,0.08985307067632675,1,1
207,-31,0.16549710978177332,42,1
208,7,0.16113065462559462,4,1
209,-50,0.1406419527903199,50,0
210,10,0.08681318908929825,1,1
211,7,0.08611877867951989,4,1
212,8,0.0623923409730196,3,1
213,9,0.162095807492733,2,1
214,-50,0.10540364749729633,50,0
215,-2,0.09228252619504929,13,1
216,9,0.15883205085992813,2,1
217,-25,0.11996704686640038,36,1
218,-10,0.508968710899353,1,0
219,8,0.07835612694422404,3,1
220,1,0.1272760506719351,10,1
221,-12,0.10888298352559407,3,0
222,8,0.03352851296464602,3,1
223,6,0.08374660462141037,5,1
224,-32,0.14890882907354314,23,0
225,-10,0.11933286151006109,21,1
226,10,0.0915316641330719,1,1
227,-11,0.07924677431583405,2,0
228,6,0.23157824873924254,5,1
229,8,0.06350050990780194,3,1
230,9,0.06375174410641193,2,1
231,-50,0.1664955595880747,50,0
232,10,0.14605924487113953,1,1
233,8,0.04046704930563768,3,1
234,9,0.04293680004775524,2,1
235,9,0.16478860564529896,2,1
236,-12,0.15234965053589447,23,1
237,10,0.380912184715271,1,1
238,9,0.07474082335829735,2,1
239,7,0.11043812334537506,4,1
240,10,0.057056307792663574,1,1
241,10,0.24463187158107758,1,1
242,9,0.12325438112020493,2,1
243,6,0.15535269752144815,5,1
244,10,0.03295796364545822,1,1
245,10,0.1856730729341507,1,1
246,10,0.1922123283147812,1,1
247,6,0.13447439149022103,5,1
248,10,0.10001160949468613,1,1
249,-14,0.1866861567646265,25,1
250,9,0.26384440809488297,2,1
251,-10,0.31087011098861694,1,0
252,6,0.1198431670665741,5,1
253,7,0.15013668686151505,4,1
254,-9,0.17962463088333608,20,1
255,-10,0.09192495793104172,1,0
256,8,0.14735681066910425,3,1
257,8,0.143212229013443,3,1
258,8,0.1699599176645279,3,1
259,-11,0.23159336298704147,2,0
260,10,0.12764589488506317,1,1
261,10,0.23614440858364105,1,1
262,10,0.25100693106651306,1,1
263,10,0.09779902547597885,1,1
264,9,0.15992168337106705,2,1
265,9,0.1845206394791603,2,1
266,-50,0.1762366981059313,50,0
267,-25,0.19134481088258326,16,0
268,9,0.1625223010778427,2,1
269,6,0.3678905934095383,5,1
270,7,0.11803159397095442,4,1
271,-50,0.2339150069653988,50,0
272,10,0.18976357579231262,1,1
273,-50,0.21930338583886624,50,0
274,9,0.1773342862725258,2,1
275,-50,0.22815303914248944,50,0
276,-10,0.36011967062950134,1,0
277,-50,0.1754735254868865,50,0
278,9,0.12443958781659603,2,1
279,2,0.1169929469211234,9,1
280,9,0.12063972279429436,2,1
281,1,0.15456879138946533,10,1
282,9,0.10271640494465828,2,1
283,-17,0.09040216426365077,28,1
284,10,0.07616210728883743,1,1
285,-10,0.11982579280932744,21,1
286,9,0.13152175024151802,2,1
287,10,0.18454329669475555,1,1
288,10,0.11261817812919617,1,1
289,-34,0.1266393522421519,45,1
290,9,0.09136145375669003,2,1
291,8,0.24324876815080643,3,1
292,9,0.06682323291897774,2,1
293,6,0.11262419149279594,5,1
294,8,0.20048466697335243,3,1
295,-10,0.06903717666864395,1,0
296,-33,0.1448391433381899,44,1
297,10,0.4058382511138916,1,1
298,9,0.08766561187803745,2,1
299,-50,0.16632871698588134,50,0
300,-35,0.16256518390677546,46,1
301,10,0.04569552093744278,1,1
302,6,0.12813727855682372,5,1
303,8,0.10006481533249219,3,1
304,8,0.03774409368634224,3,1
305,6,0.04598734341561794,5,1
306,7,0.08127442188560963,4,1
307,6,0.13004068285226822,5,1
308,8,0.08738464489579201,3,1
309,-5,0.1027414274867624,16,1
310,9,0.05391908437013626,2,1
311,9,0.09566177986562252,2,1
312,-2,0.10386723444725458,13,1
313,-24,0.12117830051907472,35,1
314,-50,0.11490181233733893,50,0
315,-50,0.12703913610428572,50,0
316,-32,0.13677390149339688,43,1
317,10,0.22951777279376984,1,1
318,-50,0.11756721004843712,50,0
319,10,0.15043555200099945,1,1
320,-50,0.1113425276428461,50,0
321,9,0.12213155627250671,2,1
322,7,0.11055595427751541,4,1
323,7,0.1273452751338482,4,1
324,9,0.06809351779520512,2,1
325,10,0.14606483280658722,1,1
326,9,0.06637815572321415,2,1
327,10,0.08015700429677963,1,1
328,-50,0.10515360215678811,50,0
329,9,0.03507447335869074,2,1
330,-11,0.12260730564594269,2,0
331,-10,0.040737662464380264,1,0
332,7,0.05507362633943558,4,1
333,9,0.027990096248686314,2,1
334,7,0.09184083621948957,4,1
335,10,0.12630252540111542,1,1
336,9,0.3021323215216398,2,1
337,9,0.09765487164258957,2,1
338,-2,0.14735534643897644,13,1
339,9,0.0453877579420805,2,1
340,6,0.08330845609307289,5,1
341,8,0.12147330927352111,3,1
342,10,0.05621615797281265,1,1
343,-50,0.13577929645776748,50,0
344,-50,0.13994722042232752,50,0
345,-29,0.0939895607996732,40,1
346,8,0.11945446580648422,3,1
347,-50,0.12350171912461519,50,0
348,-33,0.09912013905969533,44,1
349,9,0.09716654941439629,2,1
350,-12,0.1924657200773557,3,0
351,9,0.20187567360699177,2,1
352,8,0.05091750125090281,3,1
353,10,0.11763244867324829,1,1
354,-15,0.08245935291051865,6,0
355,8,0.052835231026013695,3,1
356,7,0.2046818481758237,4,1
357,6,0.1231268972158432,5,1
358,7,0.0806721244007349,4,1
359,7,0.057780227391049266,4,1
360,5,0.03620297803233067,6,1
361,7,0.03170189680531621,4,1
362,8,0.15937204907337824,3,1
363,-50,0.16830281240865588,50,0
364,7,0.11059634294360876,4,1
365,10,0.0914732962846756,1,1
366,9,0.3823200911283493,2,1
367,6,0.11750732585787774,5,1
368,-50,0.1400767218321562,50,0
369,9,0.1354958675801754,2,1
370,-50,0.14265728708356618,50,0
371,-13,0.10187359526753426,4,0
372,9,0.05902861803770065,2,1
373,10,0.5863478183746338,1,1
374,-10,0.08835811167955399,1,0
375,9,0.5962002873420715,2,1
376,9,0.07233128370717168,2,1
377,9,0.24343935027718544,2,1
378,-10,0.12287376075983047,1,0
379,7,0.28035630472004414,4,1
380,-50,0.11076304526999593,50,0
381,-50,0.19039163559675218,50,0
382,8,0.5186281055212021,3,1
383,8,0.1898632893959681,3,1
384,-29,0.19438496199436486,40,1
385,4,0.13016522728971072,7,1
386,-7,0.23703790890673795,18,1
387,-10,0.03698420897126198,1,0
388,7,0.18331200443208218,4,1
389,8,0.12717169895768166,3,1
390,10,0.032953064888715744,1,1
391,-50,0.1696273471787572,50,0
392,9,0.35374438017606735,2,1
393,-13,0.1579266699651877,24,1
394,10,0.1294344961643219,1,1
395,-11,0.3075795229524374,2,0
396,8,0.1016770750284195,3,1
397,10,0.10636948049068451,1,1
398,-4,0.1847399483124415,15,1
399,8,0.2171660636862119,3,1
400,-10,0.032323505729436874,1,0
401,7,0.2315471302717924,4,1
402,-13,0.1623790042164425,24,1
403,9,0.1626258920878172,2,1
404,-11,0.28646640479564667,2,0
405,-12,0.17351939529180527,3,0
406,-30,0.15219017885988806,41,1
407,6,0.22170615047216416,5,1
408,9,0.10252772830426693,2,1
409,6,0.16718396693468093,5,1
410,9,0.09635694324970245,2,1
411,6,0.18748920038342476,5,1
412,8,0.14662174383799234,3,1
413,7,0.12041069101542234,4,1
414,8,0.1261058176557223,3,1
415,10,0.0485299788415432,1,1
416,-50,0.15694930598139764,50,0
417,10,0.06843210756778717,1,1
418,8,0.10054754341642062,3,1
419,10,0.09136362373828888,1,1
420,-50,0.11825467567890882,50,0
421,6,0.07081041410565377,5,1
422,10,0.11014550924301147,1,1
423,10,0.14773869514465332,1,1
424,6,0.08148765675723553,5,1
425,7,0.043856333708390594,4,1
426,-50,0.11973216824233532,50,0
427,9,0.1301209218800068,2,1
428,8,0.2487267628312111,3,1
429,8,0.25414098302523297,3,1
430,-10,0.1402391493320465,1,0
431,6,0.08086586520075797,5,1
432,9,0.06138751842081547,2,1
433,9,0.42438268661499023,2,1
434,-13,0.14506874047219753,4,0
435,9,0.1153237484395504,2,1
436,9,0.3002096451818943,2,1
437,-18,0.1423582180627975,29,1
438,-50,0.13921648036688566,50,0
439,7,0.16396867111325264,4,1
440,8,0.09805883715550105,3,1
441,-16,0.10554743358106525,27,1
442,5,0.08758889387051265,6,1
443,-50,0.1031281716749072,50,0
444,-50,0.12035958966240287,50,0
445,9,0.12336123734712601,2,1
446,7,0.18631144426763058,4,1
447,9,0.10329548642039299,2,1
448,-12,0.055348185201485954,3,0
449,1,0.10662104953080416,10,1
450,8,0.5376135893166065,3,1
451,10,0.06354749947786331,1,1
452,-11,0.08028014376759529,2,0
453,10,0.26787227392196655,1,1
454,10,0.1960802525281906,1,1
455,-50,0.10273728962056339,50,0
456,7,0.08691645506769419,4,1
457,-50,0.18569812551140785,50,0
458,-10,0.02832619659602642,1,0
459,8,0.0692612739900748,3,1
460,10,0.414673775434494,1,1
461,-50,0.19007259972393512,50,0
462,8,0.17054379483064017,3,1
463,8,0.2753451069196065,3,1
464,7,0.350254125893116,4,1
465,10,0.2910619080066681,1,1
466,10,0.24021928012371063,1,1
467,10,0.23405200242996216,1,1
468,10,0.28284087777137756,1,1
469,9,0.11312539875507355,2,1
470,-10,0.10949643701314926,1,0
471,-50,0.14525137189775705,50,0
472,-11,0.11040666005150838,22,1
473,-11,0.14914937037974596,2,0
474,9,0.07668978348374367,2,1
475,-50,0.11952832400798798,50,0
476,8,0.08112422997752826,3,1
477,-50,0.12981350347399712,50,0
478,-50,0.128264606744051,50,0
479,10,0.2342531383037567,1,1
480,9,0.08185076620429754,2,1
481,9,0.21446007769554853,2,1
482,8,0.07508103673656781,3,1
483,-22,0.12259309817895744,33,1
484,6,0.08024453036487103,5,1
485,-16,0.158206628014644,27,1
486,9,0.18465878814458847,2,1
487,8,0.19540878385305405,3,1
488,8,0.06650492424766223,3,1
489,10,0.2479100078344345,1,1
490,-14,0.16437587596476078,25,1
491,-10,0.02914908342063427,1,0
492,9,0.032098786905407906,2,1
493,9,0.048319052904844284,2,1
494,9,0.058808933943510056,2,1
495,10,0.05560731142759323,1,1
496,-2,0.05542374817797771,13,1
497,8,0.16086562412480512,3,1
498,9,0.07079381868243217,2,1
499,10,0.01750153861939907,1,1
500,-50,0.11701289545744657,50,0
501,-1,0.11541810709362228,12,1
502,9,0.07524941582232714,2,1
503,8,0.13929755489031473,3,1
504,4,0.13607825285622052,7,1
505,10,0.13857083022594452,1,1
506,-50,0.12995233165100217,50,0
507,8,0.07376003886262576,3,1
508,6,0.09809763357043266,5,1
509,-24,0.08965140160705362,35,1
510,9,0.1759551540017128,2,1
511,10,0.09273061901330948,1,1
512,7,0.0646266546100378,4,1
513,-50,0.11895736508071422,50,0
514,9,0.03577643632888794,2,1
515,-23,0.13265448090221202,14,0
516,9,0.20702773332595825,2,1
517,-28,0.11009062493318006,19,0
518,10,0.14021477103233337,1,1
519,-10,0.18464398384094238,1,0
520,9,0.048815904185175896,2,1
521,10,0.2915354371070862,1,1
522,8,0.06139057129621506,3,1
523,10,0.034118957817554474,1,1
524,9,0.166026309132576,2,1
525,8,0.03920284534494082,3,1
526,10,0.060508593916893005,1,1
527,9,0.3252394050359726,2,1
528,6,0.17542268335819244,5,1
529,10,0.09957299381494522,1,1
530,9,0.1869371458888054,2,1
531,-23,0.18923291444246257,14,0
532,-10,0.5397617816925049,1,0
533,8,0.06853341621657212,3,1
534,7,0.052809993270784616,4,1
535,-50,0.12829086147248744,50,0
536,8,0.18594225371877351,3,1
537,9,0.08578568696975708,2,1
538,8,0.08044163261850674,3,1
539,-50,0.10825308199971914,50,0
540,7,0.09145576227456331,4,1
541,4,0.06206036651773112,7,1
542,-17,0.08357417749773179,28,1
543,9,0.12882781028747559,2,1
544,9,0.32621902227401733,2,1
545,9,0.09128063172101974,2,1
546,10,0.12915818393230438,1,1
547,8,0.18768263856569925,3,1
548,-10,0.11268786301038095,21,1
549,6,0.14044127389788627,5,1
550,9,0.1477104015648365,2,1
551,-50,0.11048207523301244,50,0
552,-10,0.13493801653385162,1,0
553,-50,0.09955478191375733,50,0
554,7,0.12898396141827106,4,1
555,8,0.0879542560627063,3,1
556,7,0.09769023209810257,4,1
557,9,0.05472085252404213,2,1
558,-10,0.08442133700563795,21,1
559,7,0.1826574681326747,4,1
560,-50,0.1367556892707944,50,0
561,-50,0.08902482839301229,50,0
562,-22,0.08117918066228881,33,1
563,8,0.0766691118478775,3,1
564,9,0.1467477697879076,2,1
565,9,0.042372044175863266,2,1
566,10,0.01229824684560299,1,1
567,9,0.10479911789298058,2,1
568,5,0.1121233527859052,6,1
569,9,0.10293709486722946,2,1
570,-13,0.07505361821192007,24,1
571,9,0.13415516912937164,2,1
572,10,0.12080464512109756,1,1
573,9,0.04244712460786104,2,1
574,9,0.23734338115900755,2,1
575,-13,0.09004431994011004,24,1
576,10,0.0369207039475441,1,1
577,9,0.0811921851709485,2,1
578,-50,0.0879294785298407,50,0
579,-50,0.08374944135546684,50,0
580,10,0.09385500848293304,1,1
581,7,0.05439911037683487,4,1
582,9,0.09033506363630295,2,1
583,9,0.17732110992074013,2,1
584,10,0.058585025370121,1,1
585,8,0.05571712522457043,3,1
586,8,0.15678139900167784,3,1
587,-30,0.10348041614563,41,1
588,6,0.10697129368782043,5,1
589,5,0.03750980862726768,6,1
590,9,0.11396062280982733,2,1
591,8,0.07263113930821419,3,1
592,8,0.28287679453690845,3,1
593,9,0.14389000833034515,2,1
594,-7,0.11733192909095022,18,1
595,10,0.28461313247680664,1,1
596,10,0.08182518929243088,1,1
597,-50,0.07886017307639122,50,0
598,10,0.16980373859405518,1,1
599,8,0.09978516027331352,3,1
600,4,0.09514683272157397,7,1
601,8,0.06927291862666607,3,1
602,9,0.1360415443778038,2,1
603,-50,0.0846620113775134,50,0
604,5,0.032252647603551544,6,1
605,8,0.06982006256779034,3,1
606,9,0.052988181822001934,2,1
607,10,0.03066159226000309,1,1
608,8,0.16972187906503677,3,1
609,9,0.06650753319263458,2,1
610,-10,0.03645575791597366,1,0
611,9,0.21197237074375153,2,1
612,9,0.055885616689920425,2,1
613,9,0.04104945436120033,2,1
614,10,0.025638729333877563,1,1
615,-50,0.06514100046828389,50,0
616,9,0.07619288563728333,2,1
617,-6,0.11862921933917438,17,1
618,6,0.05252237804234028,5,1
619,3,0.06620690855197608,8,1
620,9,0.09517545811831951,2,1
621,10,0.05099067836999893,1,1
622,8,0.042103879153728485,3,1
623,-5,0.10502092039678246,16,1
624,10,0.349995493888855,1,1
625,-10,0.05646533519029617,1,0
626,-10,0.054178278893232346,1,0
627,10,0.1355871856212616,1,1
628,10,0.05449973791837692,1,1
629,-20,0.09590536764552517,31,1
630,9,0.065732691437006,2,1
631,8,0.11733697851498921,3,1
632,10,0.03318574279546738,1,1
633,10,0.07612962275743484,1,1
634,7,0.06945094466209412,4,1
635,9,0.05409758258610964,2,1
636,7,0.1372528225183487,4,1
637,-22,0.08665740489959717,13,0
638,-50,0.1409667493775487,50,0
639,9,0.06669565290212631,2,1
640,-7,0.15460638619131511,18,1
641,6,0.04322205968201161,5,1
642,7,0.09803478792309761,4,1
643,9,0.35332221910357475,2,1
644,-50,0.11275497939437627,50,0
645,-10,0.18531201779842377,1,0
646,5,0.1685850334664186,6,1
647,-11,0.20400719564746728,22,1
648,-10,0.07157821208238602,1,0
649,7,0.07127293758094311,4,1
650,8,0.03496484334270159,3,1
651,8,0.04108550647894541,3,1
652,9,0.0750415064394474,2,1
653,9,0.04496836941689253,2,1
654,-11,0.17428319714963436,2,0
655,10,0.0783344954252243,1,1
656,9,0.08788448944687843,2,1
657,10,0.08236123621463776,1,1
658,10,0.03237278014421463,1,1
659,8,0.21855381379524866,3,1
660,-58,0.12361721179391048,49,0
661,8,0.17372840891281763,3,1
662,7,0.17025256343185902,4,1
663,-37,0.16429450956638902,48,1
664,-50,0.14325387332588435,50,0
665,9,0.08943679928779602,2,1
666,6,0.08867378607392311,5,1
667,7,0.12469777464866638,4,1
668,5,0.09760784357786179,6,1
669,-50,0.17803632624447346,50,0
670,10,0.3440229296684265,1,1
671,8,0.053185404588778816,3,1
672,8,0.11680471152067184,3,1
673,10,0.08090363442897797,1,1
674,-11,0.20092963427305222,2,0
675,8,0.07187962407867114,3,1
676,5,0.07198202796280384,6,1
677,6,0.25808287784457207,5,1
678,9,0.3574879840016365,2,1
679,10,0.22279192507266998,1,1
680,7,0.16229444183409214,4,1
681,-2,0.1485380192215626,13,1
682,10,0.07597990334033966,1,1
683,-50,0.11027534987777471,50,0
684,8,0.05683691551287969,3,1
685,8,0.07449902842442195,3,1
686,6,0.13408546894788742,5,1
687,-11,0.07306263223290443,2,0
688,10,0.05443860962986946,1,1
689,9,0.09934206306934357,2,1
690,-29,0.12949109352193772,40,1
691,7,0.09428152535110712,4,1
692,5,0.09783357630173366,6,1
693,9,0.11531944572925568,2,1
694,6,0.041893786564469335,5,1
695,9,0.06185910105705261,2,1
696,6,0.1507608063519001,5,1
697,9,0.14134139195084572,2,1
698,9,0.0620580967515707,2,1
699,8,0.1066892643769582,3,1
700,7,0.1547625157982111,4,1
701,-2,0.10192847294876209,13,1
702,-12,0.12203985193501347,23,1
703,-50,0.13267967101186515,50,0
704,8,0.32375528166691464,3,1
705,8,0.29796268542607623,3,1
706,6,0.17806932032108308,5,1
707,9,0.26817380636930466,2,1
708,-11,0.14763758704066277,2,0
709,7,0.17121374513953924,4,1
710,10,0.053312260657548904,1,1
711,9,0.3089686781167984,2,1
712,7,0.395086657255888,4,1
713,7,0.20397645188495517,4,1
714,9,0.24398121237754822,2,1
715,-3,0.19802661719066755,14,1
716,8,0.06267625217636426,3,1
717,-9,0.14046969786286354,20,1
718,7,0.09080780064687133,4,1
719,-10,0.33583131432533264,1,0
720,-10,0.10531054437160492,1,0
721,7,0.059137383475899696,4,1
722,8,0.06800415118535359,3,1
723,5,0.07503492633501689,6,1
724,10,0.03314613923430443,1,1
725,8,0.09529758244752884,3,1
726,-50,0.14913242563605308,50,0
727,1,0.1480924256145954,10,1
728,-36,0.1442276525000731,27,0
729,10,0.11953596770763397,1,1
730,-10,0.12841424345970154,1,0
731,9,0.17801837623119354,2,1
732,-11,0.08308783918619156,2,0
733,9,0.17008069902658463,2,1
734,-8,0.22294001712610848,19,1
735,7,0.13073455821722746,4,1
736,9,0.14915543049573898,2,1
737,8,0.17721283435821533,3,1
738,-50,0.13197814581915737,50,0
739,8,0.2808164656162262,3,1
740,5,0.16401551539699236,6,1
741,-34,0.12127753794193268,45,1
742,8,0.14086712648471197,3,1
743,-11,0.12911860543218526,22,1
744,6,0.21915698498487474,5,1
745,10,0.061835382133722305,1,1
746,6,0.0650430090725422,5,1
747,-50,0.10631923984736204,50,0
748,-50,0.10539130460470915,50,0
749,10,0.22767950594425201,1,1
750,9,0.05649914778769016,2,1
751,10,0.06265571713447571,1,1
752,10,0.13557742536067963,1,1
753,9,0.07281736843287945,2,1
754,9,0.1670681405812502,2,1
755,8,0.14185334742069244,3,1
756,6,0.13896361850202082,5,1
757,-44,0.08477257218744073,35,0
758,8,0.14922411491473517,3,1
759,9,0.12062718346714973,2,1
760,-11,0.03272342495620251,2,0
761,7,0.06331291142851114,4,1
762,10,0.1731783002614975,1,1
763,10,0.03931093588471413,1,1
764,-50,0.09247044656425714,50,0
765,-12,0.09739504867921704,23,1
766,9,0.059894729405641556,2,1
767,10,0.12455390393733978,1,1
768,8,0.32072503740588826,3,1
769,9,0.1085666585713625,2,1
770,9,0.11654189974069595,2,1
771,8,0.1122299109896024,3,1
772,6,0.16886162087321283,5,1
773,-10,0.0859069675207138,1,0
774,1,0.05183818694204092,10,1
775,9,0.029876157641410828,2,1
776,8,0.09491741160551707,3,1
777,-39,0.12829459557930628,30,0
778,8,0.22798464819788933,3,1
779,9,0.05723676085472107,2,1
780,9,0.06268063932657242,2,1
781,-11,0.044949338771402836,2,0
782,8,0.25775010883808136,3,1
783,-50,0.11285937333479523,50,0
784,3,0.1134145874530077,8,1
785,10,0.1941341608762741,1,1
786,8,0.15256286412477493,3,1
787,9,0.27865269780158997,2,1
788,10,0.08504320681095123,1,1
789,9,0.07606185227632523,2,1
790,9,0.05094308592379093,2,1
791,10,0.04341083765029907,1,1
792,8,0.20479773978392282,3,1
793,6,0.13792268931865692,5,1
794,-13,0.14944279465513924,24,1
795,9,0.1328294239938259,2,1
796,9,0.06497984938323498,2,1
797,7,0.13910351088270545,4,1
798,-19,0.09820871353149414,10,0
799,8,0.07187123720844586,3,1
800,6,0.04840720910578966,5,1
801,8,0.1331976999839147,3,1
802,-37,0.13702300676543797,28,0
803,7,0.0971725843846798,4,1
804,10,0.2320345938205719,1,1
805,-50,0.12443919263780118,50,0
806,-32,0.1252727213553911,43,1
807,9,0.08439505845308304,2,1
808,8,0.20534830571462712,3,1
809,-7,0.09451297763735056,18,1
810,10,0.06103263050317764,1,1
811,8,0.12011779844760895,3,1
812,6,0.15706003308296204,5,1
813,7,0.0721655716188252,4,1
814,-12,0.07736597520609696,3,0
815,10,0.5344294309616089,1,1
816,8,0.06377486760417621,3,1
817,6,0.1679223071783781,5,1
818,-50,0.12328601121902466,50,0
819,-8,0.1351209524038591,19,1
820,8,0.12660487865408263,3,1
821,-51,0.14118165159154505,42,0
822,9,0.03145628981292248,2,1
823,9,0.11727607622742653,2,1
824,8,0.04712743436296781,3,1
825,9,0.24771272763609886,2,1
826,1,0.10516279693692923,10,1
827,10,0.08893092721700668,1,1
828,6,0.11464336216449737,5,1
829,8,0.1185619483391444,3,1
830,-50,0.13025081634521485,50,0
831,10,0.04852794110774994,1,1
832,6,0.0753933310508728,5,1
833,10,0.0523856095969677,1,1
834,-50,0.12515669755637646,50,0
835,6,0.17573000192642213,5,1
836,8,0.21848572045564651,3,1
837,8,0.0635719367613395,3,1
838,8,0.042174216359853745,3,1
839,3,0.0650731350760907,8,1
840,-7,0.09953359266122182,18,1
841,9,0.07625072076916695,2,1
842,6,0.08324804678559303,5,1
843,10,0.0657041072845459,1,1
844,9,0.04440821334719658,2,1
845,-50,0.11129718348383903,50,0
846,7,0.08035083580762148,4,1
847,9,0.050276875495910645,2,1
848,9,0.08291314169764519,2,1
849,6,0.08915418088436126,5,1
850,-10,0.1169845312833786,1,0
851,10,0.5113136768341064,1,1
852,9,0.12724266946315765,2,1
853,10,0.11795517057180405,1,1
854,5,0.05487535707652569,6,1
855,9,0.10794277582317591,2,1
856,9,0.06477807648479939,2,1
857,8,0.03847504034638405,3,1
858,10,0.033668097108602524,1,1
859,10,0.01713513769209385,1,1
860,10,0.024084409698843956,1,1
861,-10,0.08191454410552979,1,0
862,10,0.041507285088300705,1,1
863,8,0.08196990626553695,3,1
864,6,0.12031825892627239,5,1
865,-50,0.09003438033163548,50,0
866,9,0.07683189772069454,2,1
867,8,0.15145387935141721,3,1
868,-39,0.148867612965405,50,1
869,10,0.11836374551057816,1,1
870,6,0.24242794066667556,5,1
871,9,0.07359528169035912,2,1
872,-6,0.1642390649546595,17,1
873,7,0.08505561109632254,4,1
874,9,0.08188649639487267,2,1
875,10,0.16080103814601898,1,1
876,-50,0.11285850200802088,50,0
877,-50,0.11899763822555542,50,0
878,8,0.15848481406768164,3,1
879,-12,0.07678336712221305,3,0
880,-31,0.18084127913144502,22,0
881,6,0.07029625698924065,5,1
882,-19,0.20180050302296876,30,1
883,-10,0.05356050282716751,1,0
884,9,0.08915853127837181,2,1
885,9,0.08194590918719769,2,1
886,10,0.04326224327087402,1,1
887,9,0.1320854378864169,2,1
888,9,0.27910153940320015,2,1
889,7,0.09737854450941086,4,1
890,7,0.09387192595750093,4,1
891,9,0.1788967400789261,2,1
892,7,0.22325183171778917,4,1
893,10,0.04104673117399216,1,1
894,10,0.05350250005722046,1,1
895,9,0.05998219456523657,2,1
896,8,0.1231481172144413,3,1
897,-14,0.13731279075145722,5,0
898,-10,0.0753786638379097,1,0
899,-50,0.15770890079438687,50,0
900,9,0.12480673938989639,2,1
901,9,0.1391378827393055,2,1
902,8,0.16173610587914786,3,1
903,-11,0.0927822645753622,2,0
904,-13,0.13044992430756489,24,1
905,10,0.04992203414440155,1,1
906,9,0.16057070344686508,2,1
907,8,0.23639843612909317,3,1
908,9,0.05641501769423485,2,1
909,8,0.04704409837722778,3,1
910,-10,0.05276472121477127,1,0
911,-11,0.028581570833921432,2,0
912,4,0.1464568812932287,7,1
913,10,0.1032465472817421,1,1
914,-15,0.19729824177920818,6,0
915,9,0.11628813110291958,2,1
916,9,0.025847739074379206,2,1
917,7,0.04162826016545296,4,1
918,8,0.06243396053711573,3,1
919,-24,0.1460083616276582,15,0
920,10,0.12018244713544846,1,1
921,-10,0.022417381405830383,1,0
922,10,0.10264555364847183,1,1
923,8,0.3009577381114165,3,1
924,9,0.3104238472878933,2,1
925,-10,0.5568978190422058,1,0
926,-38,0.1447207517600779,29,0
927,9,0.496787728741765,2,1
928,8,0.30677590395013493,3,1
929,7,0.22121080243960023,4,1
930,7,0.10887668933719397,4,1
931,-50,0.1778519120439887,50,0
932,9,0.26828356087207794,2,1
933,-11,0.19726485081694342,22,1
934,-50,0.1664459615945816,50,0
935,8,0.10644100358088811,3,1
936,-9,0.20812840200960636,20,1
937,7,0.14240494556725025,4,1
938,9,0.075271962210536,2,1
939,-22,0.16751665396220755,33,1
940,8,0.09320948893825214,3,1
941,7,0.23142498545348644,4,1
942,-8,0.16171671754043354,19,1
943,-50,0.16182269480079411,50,0
944,-50,0.14436349224299191,50,0
945,10,0.08472525328397751,1,1
946,8,0.07115188427269459,3,1
947,9,0.08414947614073753,2,1
948,-50,0.12008044373244048,50,0
949,-50,0.12106649290770292,50,0
950,10,0.04617905244231224,1,1
951,6,0.11133006289601326,5,1
952,9,0.04087161831557751,2,1
953,9,0.02646203525364399,2,1
954,8,0.07445558408896129,3,1
955,10,0.05603472888469696,1,1
956,-50,0.1077316877245903,50,0
957,10,0.027416076511144638,1,1
958,-3,0.10965137210275445,14,1
959,10,0.05282018706202507,1,1
960,8,0.13090927278002104,3,1
961,7,0.2819276340305805,4,1
962,7,0.19283674960024655,4,1
963,8,0.09261579439043999,3,1
964,9,0.09826748445630074,2,1
965,9,0.1014629565179348,2,1
966,1,0.09663161784410476,10,1
967,9,0.2792069688439369,2,1
968,-35,0.16871136563042036,26,0
969,8,0.19802596544226012,3,1
970,10,0.30716004967689514,1,1
971,10,0.05506822094321251,1,1
972,10,0.0539449006319046,1,1
973,7,0.18342284811660647,4,1
974,10,0.050304803997278214,1,1
975,9,0.05870436131954193,2,1
976,7,0.16477534547448158,4,1
977,9,0.045198436826467514,2,1
978,-29,0.1423232600442134,40,1
979,3,0.11405960097908974,8,1
980,8,0.22833363463481268,3,1
981,-50,0.12549939338117838,50,0
982,7,0.11255856044590473,4,1
983,6,0.21956207305192948,5,1
984,8,0.06539212726056576,3,1
985,-10,0.07643108814954758,1,0
986,8,0.05493841009835402,3,1
987,-12,0.09057111355165641,3,0
988,9,0.08314865082502365,2,1
989,9,0.09920735284686089,2,1
990,10,0.03205856680870056,1,1
991,10,0.13748027384281158,1,1
992,10,0.17192582786083221,1,1
993,5,0.1119707537194093,6,1
994,4,0.11393134987780026,7,1
995,8,0.11093508203824361,3,1
996,10,0.4665850102901459,1,1
997,10,0.31160277128219604,1,1
998,-50,0.14755100052803755,50,0
999,-33,0.13431669306010008,44,1
1000,9,0.07187983021140099,2,1
1,6,0.0636839959770441,5,1
2,8,0.058226981510718666,3,1
3,6,0.12096918374300003,5,1
4,-50,0.09353736259043216,50,0
5,-50,0.12603657756000758,50,0
6,5,0.0698665256301562,6,1
7,7,0.05769494827836752,4,1
8,10,0.08891820162534714,1,1
9,8,0.20676596835255623,3,1
10,9,0.0882784053683281,2,1
11,-11,0.03325863741338253,2,0
12,8,0.033390587816635765,3,1
13,-55,0.08465517302165212,46,0
14,8,0.31407522161801654,3,1
15,7,0.029627804178744555,4,1
16,7,0.059585461392998695,4,1
17,10,0.07682201266288757,1,1
18,9,0.08938705921173096,2,1
19,-50,0.1171058040112257,50,0
20,10,0.03722115978598595,1,1
21,10,0.07166517525911331,1,1
22,8,0.14228548109531403,3,1
23,8,0.09697863459587097,3,1
24,10,0.16545970737934113,1,1
25,8,0.1831196869413058,3,1
26,10,0.32412809133529663,1,1
27,-50,0.12731217928230762,50,0
28,10,0.2193949818611145,1,1
29,-50,0.15528957154601813,50,0
30,7,0.06473770644515753,4,1
31,6,0.0718470849096775,5,1
32,10,0.1943788230419159,1,1
33,9,0.05935157835483551,2,1
34,7,0.11809783801436424,4,1
35,7,0.06911236699670553,4,1
36,10,0.1632685661315918,1,1
37,9,0.08590280264616013,2,1
38,8,0.13647382085522017,3,1
39,-50,0.13474661406129598,50,0
40,8,0.06446451942125957,3,1
41,-42,0.15846446873337933,33,0
42,10,0.05507640913128853,1,1
43,-11,0.04065719619393349,2,0
44,10,0.057302068918943405,1,1
45,10,0.042695097625255585,1,1
46,10,0.24713066220283508,1,1
47,-50,0.16038178838789463,50,0
48,-53,0.212284369436516,44,0
49,-2,0.20207096063173735,13,1
50,-50,0.1440819463133812,50,0
51,-11,0.18951256276870315,22,1
52,10,0.15751129388809204,1,1
53,10,0.048669517040252686,1,1
54,-11,0.2571539953351021,2,0
55,9,0.12662731856107712,2,1
56,9,0.083830825984478,2,1
57,-10,0.05149615928530693,1,0
58,8,0.11150481427709262,3,1
59,7,0.1402374180033803,4,1
60,-14,0.09640909250825644,25,1
61,8,0.3356299002965291,3,1
62,9,0.11281507834792137,2,1
63,-50,0.1450529296323657,50,0
64,4,0.1527814008295536,7,1
65,7,0.09861426055431366,4,1
66,6,0.11182244643568992,5,1
67,9,0.2591306008398533,2,1
68,10,0.08242464810609818,1,1
69,-25,0.1840839353390038,16,0
70,10,0.05670889467000961,1,1
71,10,0.02123318612575531,1,1
72,10,0.2193274050951004,1,1
73,-50,0.14283579804003238,50,0
74,10,0.09902080148458481,1,1
75,8,0.1789450558523337,3,1
76,-5,0.10784839908592403,16,1
77,8,0.10091162224610646,3,1
78,7,0.2529263999313116,4,1
79,-10,0.0867844894528389,1,0
80,8,0.11030556820333004,3,1
81,-13,0.1681077484972775,24,1
82,8,0.20174785206715265,3,1
83,10,0.14465515315532684,1,1
84,10,0.12751628458499908,1,1
85,7,0.1923936139792204,4,1
86,8,0.13721776256958643,3,1
87,-10,0.13996852934360504,1,0
88,5,0.2016277095923821,6,1
89,5,0.17263057952125868,6,1
90,3,0.12366193812340498,8,1
91,-11,0.22969575226306915,2,0
92,8,0.2591561898589134,3,1
93,8,0.05738251159588496,3,1
94,9,0.18748223036527634,2,1
95,9,0.08546552434563637,2,1
96,9,0.33288970589637756,2,1
97,-50,0.16553027890622615,50,0
98,8,0.27985822161038715,3,1
99,-50,0.11787988651543856,50,0
100,6,0.14753584265708924,5,1
101,9,0.289393849670887,2,1
102,8,0.07225481296579044,3,1
103,8,0.07708731790383656,3,1
104,10,0.17276832461357117,1,1
105,9,0.06803120113909245,2,1
106,-11,0.08572332561016083,2,0
107,-16,0.10886720636928524,27,1
108,8,0.14763341968258223,3,1
109,-50,0.11968074785545468,50,0
110,7,0.14950297493487597,4,1
111,9,0.06746142357587814,2,1
112,-50,0.10453581925481557,50,0
113,9,0.10380269214510918,2,1
114,-50,0.11505878355354071,50,0
115,8,0.13028544435898462,3,1
116,10,0.12992408871650696,1,1
117,-50,0.13994912710040808,50,0
118,-50,0.08911431279033423,50,0
119,-9,0.11791148306801916,20,1
120,9,0.21110987477004528,2,1
121,9,0.050102599896490574,2,1
122,10,0.01854272373020649,1,1
123,9,0.030206166207790375,2,1
124,7,0.07228966802358627,4,1
125,-13,0.11136203507582347,24,1
126,8,0.09801547477642696,3,1
127,10,0.23552531003952026,1,1
128,-50,0.10323665425181389,50,0
129,5,0.04840027106304964,6,1
130,-10,0.07944120466709137,1,0
131,9,0.1894681230187416,2,1
132,-38,0.10503646324635768,49,1
133,-12,0.041351971526940666,3,0
134,-10,0.042962171137332916,1,0
135,7,0.02656415058299899,4,1
136,9,0.02647818811237812,2,1
137,8,0.10623583073417346,3,1
138,9,0.16729627177119255,2,1
139,10,0.02236311510205269,1,1
140,9,0.12000495009124279,2,1
141,10,0.16162656247615814,1,1
142,8,0.03936344819764296,3,1
143,-10,0.11515235883139428,21,1
144,9,0.16204603761434555,2,1
145,-50,0.06951250281184912,50,0
146,4,0.09369974583387375,7,1
147,5,0.1072287258381645,6,1
148,10,0.2480817437171936,1,1
149,9,0.061824189499020576,2,1
150,9,0.11017775163054466,2,1
151,-11,0.03859652951359749,2,0
152,8,0.0904282530148824,3,1
153,10,0.0359065979719162,1,1
154,9,0.380732636898756,2,1
155,8,0.07423936699827512,3,1
156,-50,0.11216003997251392,50,0
157,9,0.12469732202589512,2,1
158,1,0.11474094018340111,10,1
159,8,0.16378343105316162,3,1
160,8,0.14469726756215096,3,1
161,-18,0.11228740607099287,29,1
162,8,0.08466305707891782,3,1
163,5,0.11459209149082501,6,1
164,8,0.04453018307685852,3,1
165,9,0.06143072620034218,2,1
166,3,0.2777728191576898,8,1
167,9,0.054056111723184586,2,1
168,7,0.14473565854132175,4,1
169,9,0.12020963430404663,2,1
170,6,0.18129814304411412,5,1
171,9,0.05817986652255058,2,1
172,10,0.15920992195606232,1,1
173,9,0.08692739717662334,2,1
174,9,0.11728009395301342,2,1
175,8,0.1555465211470922,3,1
176,9,0.13215575367212296,2,1
177,9,0.036568320356309414,2,1
178,-50,0.17130223602056505,50,0
179,-17,0.183086178265512,8,0
180,10,0.2227349579334259,1,1
181,10,0.24411797523498535,1,1
182,5,0.1627637359003226,6,1
183,10,0.2778674364089966,1,1
184,8,0.09200389062364896,3,1
185,10,0.05980942025780678,1,1
186,-10,0.15428568422794342,1,0
187,-31,0.14339217509735713,22,0
188,10,0.15039882063865662,1,1
189,-10,0.040658220648765564,1,0
190,8,0.04225199297070503,3,1
191,-16,0.17672416843749858,27,1
192,9,0.11012719571590424,2,1
193,-22,0.18674729933792894,33,1
194,9,0.24450551718473434,2,1
195,10,0.0606333464384079,1,1
196,10,0.24148666858673096,1,1
197,-50,0.12156652633100748,50,0
198,-50,0.11721599124372005,50,0
199,-28,0.09170584385402691,39,1
200,10,0.08846193552017212,1,1
201,10,0.1102660596370697,1,1
202,-11,0.11271933068267324,22,1
203,10,0.06341008096933365,1,1
204,9,0.40912052243947983,2,1
205,-35,0.15961141997705336,46,1
206,-13,0.10396575190437336,24,1
207,7,0.1432780586183071,4,1
208,10,0.5490033030509949,1,1
209,8,0.22687290236353874,3,1
210,10,0.07136161625385284,1,1
211,8,0.08564464499553044,3,1
212,-15,0.08602709261079629,6,0
213,8,0.09297413875659306,3,1
214,9,0.08071994129568338,2,1
215,9,0.11974131874740124,2,1
216,5,0.1841434252758821,6,1
217,6,0.11706832200288772,5,1
218,8,0.076356690376997,3,1
219,9,0.12878335267305374,2,1
220,8,0.12041327046851318,3,1
221,9,0.04015234485268593,2,1
222,-10,0.03354508802294731,1,0
223,-50,0.14145408101379872,50,0
224,8,0.16273153697450957,3,1
225,-50,0.139968307800591,50,0
226,9,0.15569797903299332,2,1
227,9,0.2332790195941925,2,1
228,7,0.29179896228015423,4,1
229,-20,0.17573781143273076,31,1
230,9,0.1914374902844429,2,1
231,7,0.17321975715458393,4,1
232,-50,0.13055159274488687,50,0
233,-18,0.15612882491329622,29,1
234,-11,0.1846546083688736,2,0
235,9,0.08123011887073517,2,1
236,-11,0.09249741956591606,2,0
237,-2,0.17942306485313636,13,1
238,10,0.4191819429397583,1,1
239,-4,0.14969737951954207,15,1
240,10,0.17320963740348816,1,1
241,10,0.14337027072906494,1,1
242,9,0.14929430186748505,2,1
243,9,0.24464646726846695,2,1
244,-8,0.11387935045518373,19,1
245,10,0.16460704803466797,1,1
246,-7,0.1420224104076624,18,1
247,9,0.12075852416455746,2,1
248,-50,0.10831636790186167,50,0
249,8,0.10060025006532669,3,1
250,-13,0.14240671787410975,4,0
251,7,0.15661953017115593,4,1
252,5,0.08920676137010257,6,1
253,-26,0.06570672725929934,17,0
254,9,0.041603900492191315,2,1
255,8,0.15853208303451538,3,1
256,8,0.061111255238453545,3,1
257,10,0.30633774399757385,1,1
258,10,0.09969104826450348,1,1
259,10,0.03675027936697006,1,1
260,9,0.3474045693874359,2,1
261,-10,0.3723568618297577,1,0
262,-11,0.145620585588569,22,1
263,10,0.07246184349060059,1,1
264,7,0.20226284954696894,4,1
265,10,0.5445240139961243,1,1
266,-21,0.14718064231177172,12,0
267,8,0.049410843600829445,3,1
268,-50,0.12419913720339537,50,0
269,8,0.020149615903695423,3,1
270,9,0.14244760759174824,2,1
271,5,0.053515239618718624,6,1
272,8,0.12451097990075748,3,1
273,-50,0.10022568203508854,50,0
274,-50,0.10947170734405517,50,0
275,4,0.23739554733037949,7,1
276,6,0.1828165017068386,5,1
277,-18,0.08350791207289901,29,1
278,-14,0.0507349967956543,5,0
279,-11,0.03610794246196747,2,0
280,5,0.0987642112498482,6,1
281,-10,0.010838154703378677,1,0
282,10,0.3539026081562042,1,1
283,8,0.18887651587526003,3,1
284,9,0.10275765508413315,2,1
285,9,0.15971564128994942,2,1
286,7,0.06332339672371745,4,1
287,9,0.05318474769592285,2,1
288,-17,0.10524113998482269,28,1
289,-13,0.18507353588938713,4,0
290,8,0.16478005175789198,3,1
291,-10,0.14320257306098938,1,0
292,8,0.11554986983537674,3,1
293,9,0.49629080295562744,2,1
294,10,0.06384089589118958,1,1
295,8,0.42704474180936813,3,1
296,-25,0.1616161814632101,36,1
297,7,0.17802872881293297,4,1
298,-11,0.14870926416055721,22,1
299,-50,0.14666863337159156,50,0
300,3,0.10980516648851335,8,1
301,8,0.14953171679129204,3,1
302,9,0.08528972044587135,2,1
303,-50,0.17289839290082454,50,0
304,9,0.12466437462717295,2,1
305,7,0.10125436959788203,4,1
306,-11,0.17589157819747925,2,0
307,10,0.5730677247047424,1,1
308,10,0.1198185607790947,1,1
309,10,0.09761014580726624,1,1
310,8,0.11165100739647944,3,1
311,9,0.0536080040037632,2,1
312,6,0.049944625794887544,5,1
313,10,0.042003415524959564,1,1
314,9,0.09990144148468971,2,1
315,9,0.09157221764326096,2,1
316,7,0.13186707068234682,4,1
317,-10,0.01055060513317585,1,0
318,7,0.10362032661214471,4,1
319,10,0.04437047988176346,1,1
320,6,0.04380188845098019,5,1
321,8,0.1625231591363748,3,1
322,10,0.4666922986507416,1,1
323,9,0.2283986359834671,2,1
324,-50,0.1882089728116989,50,0
325,10,0.2108587622642517,1,1
326,8,0.11382345855236053,3,1
327,7,0.1515424232929945,4,1
328,8,0.21879117315014204,3,1
329,9,0.13139452040195465,2,1
330,7,0.2037037406116724,4,1
331,6,0.1507592484354973,5,1
332,9,0.2068937122821808,2,1
333,9,0.144536467269063,2,1
334,9,0.09502163715660572,2,1
335,7,0.12171914242208004,4,1
336,9,0.15018776059150696,2,1
337,9,0.16523975506424904,2,1
338,10,0.07770048081874847,1,1
339,8,0.1825154647231102,3,1
340,7,0.11908227019011974,4,1
341,-11,0.0485388208180666,2,0
342,8,0.03586043914159139,3,1
343,7,0.08405327331274748,4,1
344,9,0.050440140068531036,2,1
345,9,0.1049947738647461,2,1
346,7,0.05927451467141509,4,1
347,7,0.1209692491684109,4,1
348,6,0.07911601588129998,5,1
349,-29,0.12703452836722134,40,1
350,-5,0.14310608571395278,16,1
351,5,0.19674181441466013,6,1
352,-21,0.14056711393641308,32,1
353,9,0.08299735933542252,2,1
354,9,0.26732756942510605,2,1
355,9,0.0935688316822052,2,1
356,2,0.14376696281962925,9,1
357,9,0.0943883266299963,2,1
358,3,0.1333522074855864,8,1
359,8,0.23478893811504045,3,1
360,-13,0.1246577575802803,4,0
361,10,0.08432900905609131,1,1
362,7,0.1985601708292961,4,1
363,9,0.04911207780241966,2,1
364,-19,0.1759519673883915,10,0
365,9,0.13722233846783638,2,1
366,-27,0.20640211014284027,18,0
367,6,0.10869896411895752,5,1
368,9,0.25331076979637146,2,1
369,7,0.17587394453585148,4,1
370,-10,0.2550159692764282,1,0
371,8,0.1185414840777715,3,1
372,6,0.08780811056494713,5,1
373,9,0.3151249261572957,2,1
374,10,0.13735942542552948,1,1
375,8,0.20310353860259056,3,1
376,7,0.1443619728088379,4,1
377,-50,0.11730365067720414,50,0
378,10,0.2819584012031555,1,1
379,-12,0.4144347769518693,3,0
380,8,0.0676695890724659,3,1
381,7,0.07952162669971585,4,1
382,-50,0.1250241021066904,50,0
383,8,0.09434327855706215,3,1
384,10,0.10310103744268417,1,1
385,9,0.06585613079369068,2,1
386,-50,0.1396219932846725,50,0
387,8,0.04112246446311474,3,1
388,-11,0.3493617810308933,2,0
389,-50,0.12613132193684579,50,0
390,10,0.03929978236556053,1,1
391,7,0.14398576226085424,4,1
392,6,0.19977634623646737,5,1
393,-11,0.06263335049152374,2,0
394,7,0.16714092902839184,4,1
395,6,0.11601397804915906,5,1
396,9,0.08272187411785126,2,1
397,9,0.32291675359010696,2,1
398,9,0.07496048510074615,2,1
399,2,0.16036177964674103,9,1
400,7,0.18256997596472502,4,1
401,-50,0.14266081511974335,50,0
402,9,0.043345822021365166,2,1
403,9,0.07440411485731602,2,1
404,10,0.05304836481809616,1,1
405,10,0.4252270758152008,1,1
406,7,0.15610775910317898,4,1
407,9,0.05843089707195759,2,1
408,0,0.1662231714210727,11,1
409,-50,0.11707068614661693,50,0
410,10,0.1286526769399643,1,1
411,-14,0.058482423424720764,5,0
412,10,0.34447181224823,1,1
413,9,0.36758093163371086,2,1
414,10,0.05857190862298012,1,1
415,-24,0.10774941955293928,35,1
416,9,0.17931687086820602,2,1
417,9,0.02633554209023714,2,1
418,9,0.06726755574345589,2,1
419,10,0.03446194529533386,1,1
420,7,0.14967678487300873,4,1
421,10,0.15715739130973816,1,1
422,9,0.051512336358428,2,1
423,7,0.04767405241727829,4,1
424,8,0.09901344403624535,3,1
425,-19,0.10116194741179546,30,1
426,8,0.11988037452101707,3,1
427,9,0.04950388055294752,2,1
428,10,0.05326372757554054,1,1
429,-19,0.17910559028387069,30,1
430,9,0.07072106841951609,2,1
431,7,0.23754056356847286,4,1
432,8,0.062481881429751716,3,1
433,10,0.14319145679473877,1,1
434,9,0.3005598895251751,2,1
435,-50,0.17411950953304767,50,0
436,7,0.1644757748581469,4,1
437,-13,0.17330732631186643,24,1
438,4,0.0930943103241069,7,1
439,9,0.0390457259491086,2,1
440,-50,0.11846949152648449,50,0
441,-50,0.1281975034624338,50,0
442,-22,0.11262193528201545,33,1
443,6,0.16420653089880943,5,1
444,6,0.1440177835524082,5,1
445,10,0.048536743968725204,1,1
446,9,0.09594080969691277,2,1
447,-1,0.13634835478539267,12,1
448,10,0.057406798005104065,1,1
449,7,0.06340663461014628,4,1
450,8,0.1202505814532439,3,1
451,8,0.12487221260865529,3,1
452,-10,0.019990690052509308,1,0
453,-12,0.185732531050841,3,0
454,10,0.03164821118116379,1,1
455,9,0.08584437146782875,2,1
456,6,0.1098716676235199,5,1
457,8,0.15172279750307402,3,1
458,9,0.07055923342704773,2,1
459,10,0.037734903395175934,1,1
460,7,0.22285578586161137,4,1
461,6,0.0648316577076912,5,1
462,-12,0.16444953034321466,3,0
463,10,0.019003868103027344,1,1
464,9,0.32871080189943314,2,1
465,-50,0.1419418555498123,50,0
466,10,0.05481288209557533,1,1
467,10,0.10951858758926392,1,1
468,8,0.10966337099671364,3,1
469,10,0.031120186671614647,1,1
470,6,0.08363288119435311,5,1
471,-50,0.14409301608800887,50,0
472,1,0.1529872277751565,10,1
473,6,0.08302850238978862,5,1
474,7,0.21839527692645788,4,1
475,-50,0.09911318130791187,50,0
476,8,0.23996978998184204,3,1
477,-1,0.1380934895326694,12,1
478,-50,0.11069720301777125,50,0
479,9,0.12756751850247383,2,1
480,10,0.042978040874004364,1,1
481,-24,0.1605466206691095,35,1
482,9,0.1518980823457241,2,1
483,6,0.1563773203641176,5,1
484,-10,0.06844368577003479,1,0
485,10,0.12435705959796906,1,1
486,-10,0.2442791759967804,1,0
487,7,0.11516601033508778,4,1
488,9,0.11642551049590111,2,1
489,8,0.16492589314778647,3,1
490,9,0.15458527952432632,2,1
491,-50,0.1312944832071662,50,0
492,-50,0.1256656851246953,50,0
493,-50,0.09425654133781791,50,0
494,7,0.07557222433388233,4,1
495,10,0.12395241111516953,1,1
496,8,0.07235367720325787,3,1
497,9,0.05278521031141281,2,1
498,9,0.06611208990216255,2,1
499,-14,0.06293881908059121,5,0
500,10,0.0277570653706789,1,1
501,8,0.17007389416297278,3,1
502,10,0.1800815463066101,1,1
503,-50,0.1351011313125491,50,0
504,-50,0.08770152056589722,50,0
505,6,0.21187856644392014,5,1
506,10,0.1747226119041443,1,1
507,-11,0.1387956626713276,2,0
508,7,0.3462179899215698,4,1
509,-10,0.04968925565481186,1,0
510,10,0.612330436706543,1,1
511,-50,0.12201356921344995,50,0
512,4,0.09527025265353066,7,1
513,9,0.12241871654987335,2,1
514,-6,0.10956960763124858,17,1
515,8,0.12971662233273187,3,1
516,-50,0.10706675097346306,50,0
517,-50,0.14721945095807315,50,0
518,9,0.06770841032266617,2,1
519,3,0.13092223089188337,8,1
520,8,0.2775336429476738,3,1
521,-10,0.08419403433799744,1,0
522,10,0.059742189943790436,1,1
523,9,0.21749082580208778,2,1
524,7,0.08436879329383373,4,1
525,-50,0.09161443985998631,50,0
526,-5,0.07930955709889531,16,1
527,9,0.07342617399990559,2,1
528,-50,0.07945196956396103,50,0
529,10,0.15394234657287598,1,1
530,9,0.07025321200489998,2,1
531,10,0.06195814162492752,1,1
532,9,0.19170336611568928,2,1
533,9,0.026170759461820126,2,1
534,8,0.04996654267112414,3,1
535,-13,0.22839831560850143,4,0
536,-34,0.11420130344728628,45,1
537,8,0.2533432940642039,3,1
538,9,0.11190403811633587,2,1
539,7,0.11191425286233425,4,1
540,-18,0.09821841660244711,29,1
541,8,0.13056579480568567,3,1
542,9,0.046271054074168205,2,1
543,8,0.07587963839371999,3,1
544,8,0.11193634135027726,3,1
545,8,0.035296679784854255,3,1
546,-22,0.07134729022016892,13,0
547,-50,0.12225786993280054,50,0
548,7,0.24341222643852234,4,1
549,7,0.1881969477981329,4,1
550,6,0.1247107207775116,5,1
551,8,0.27820906043052673,3,1
552,10,0.13714706897735596,1,1
553,8,0.11971113085746765,3,1
554,9,0.22863653302192688,2,1
555,7,0.1906758714467287,4,1
556,9,0.07119438610970974,2,1
557,-21,0.1158063035691157,32,1
558,9,0.07094057463109493,2,1
559,-22,0.10628987340764566,33,1
560,-50,0.11346099205315113,50,0
561,7,0.10383691731840372,4,1
562,9,0.04936343431472778,2,1
563,10,0.16321584582328796,1,1
564,9,0.0711396299302578,2,1
565,9,0.0439040195196867,2,1
566,6,0.061171190440654756,5,1
567,10,0.26624932885169983,1,1
568,6,0.08237945735454559,5,1
569,9,0.06702708639204502,2,1
570,9,0.02605275809764862,2,1
571,7,0.1287847412750125,4,1
572,-5,0.09778391977306455,16,1
573,-3,0.08328335266560316,14,1
574,-11,0.13125726953148842,2,0
575,10,0.016384761780500412,1,1
576,-33,0.05388011822166542,24,0
577,7,0.06316050002351403,4,1
578,8,0.026745131549735863,3,1
579,10,0.09088429808616638,1,1
580,-23,0.10951622148208759,34,1
581,-50,0.11064214089885355,50,0
582,10,0.020167315378785133,1,1
583,10,0.05671707168221474,1,1
584,7,0.02828321047127247,4,1
585,8,0.13623919834693274,3,1
586,5,0.1668247990310192,6,1
587,8,0.1395218794544538,3,1
588,10,0.1260746866464615,1,1
589,7,0.1760685332119465,4,1
590,7,0.13472420535981655,4,1
591,6,0.12621302306652069,5,1
592,9,0.1299410406500101,2,1
593,8,0.054139114916324615,3,1
594,-50,0.10049819365143776,50,0
595,-32,0.08358333628018234,43,1
596,10,0.03844299167394638,1,1
597,5,0.08053303820391496,6,1
598,-50,0.08450660463422537,50,0
599,5,0.056321107471982636,6,1
600,9,0.07412990368902683,2,1
601,9,0.09359773248434067,2,1
602,-9,0.07045317059382797,20,1
603,8,0.07847105494389932,3,1
604,8,0.11141171803077062,3,1
605,10,0.061537038534879684,1,1
606,-50,0.06258794704452157,50,0
607,-6,0.12716821712606094,17,1
608,10,0.11729735881090164,1,1
609,7,0.18591544590890408,4,1
610,10,0.1306305229663849,1,1
611,10,0.2950223386287689,1,1
612,8,0.07452550778786342,3,1
613,5,0.12635108673324189,6,1
614,8,0.1059474212427934,3,1
615,-50,0.07840054960921407,50,0
616,10,0.04555002599954605,1,1
617,9,0.08696403726935387,2,1
618,9,0.0579513031989336,2,1
619,8,0.08616695056358974,3,1
620,7,0.07732950057834387,4,1
621,7,0.06696354504674673,4,1
622,9,0.08760057389736176,2,1
623,10,0.04684579372406006,1,1
624,2,0.10578999958104557,9,1
625,10,0.0269639752805233,1,1
626,9,0.07504892162978649,2,1
627,8,0.09499302258094151,3,1
628,9,0.05578550510108471,2,1
629,6,0.09318705424666404,5,1
630,6,0.04988419711589813,5,1
631,9,0.12126551941037178,2,1
632,8,0.04852762073278427,3,1
633,9,0.042426031082868576,2,1
634,9,0.1298065334558487,2,1
635,7,0.2515844702720642,4,1
636,-50,0.09398674769327045,50,0
637,-1,0.10188083288570245,12,1
638,10,0.029006365686655045,1,1
639,-9,0.10916158333420753,20,1
640,2,0.08417504901687305,9,1
641,8,0.20436556388934454,3,1
642,9,0.06148455012589693,2,1
643,9,0.05739542841911316,2,1
644,-50,0.09020689815282822,50,0
645,9,0.13721339777112007,2,1
646,-1,0.14996452319125333,12,1
647,10,0.2766684889793396,1,1
648,8,0.08750595400730769,3,1
649,9,0.06987134739756584,2,1
650,10,0.11940166354179382,1,1
651,-50,0.09881716500967741,50,0
652,9,0.06603969540446997,2,1
653,8,0.06707331662376721,3,1
654,-23,0.06011275344473474,34,1
655,8,0.05107006678978602,3,1
656,-50,0.07707915501669049,50,0
657,8,0.07091917594273885,3,1
658,10,0.0845152735710144,1,1
659,9,0.10560252144932747,2,1
660,10,0.06326202303171158,1,1
661,6,0.06985245160758495,5,1
662,9,0.05135572701692581,2,1
663,8,0.08485022187232971,3,1
664,10,0.03609789162874222,1,1
665,9,0.06183290295302868,2,1
666,3,0.061728720320388675,8,1
667,10,0.10945778340101242,1,1
668,8,0.05327549080053965,3,1
669,7,0.07842404395341873,4,1
670,10,0.07223939150571823,1,1
671,10,0.02508927509188652,1,1
672,9,0.14400250650942326,2,1
673,6,0.07441573403775692,5,1
674,6,0.09735811576247215,5,1
675,1,0.07862823968753219,10,1
676,10,0.023280655965209007,1,1
677,-10,0.012243876233696938,1,0
678,10,0.18762464821338654,1,1
679,8,0.08060366660356522,3,1
680,9,0.023252288810908794,2,1
681,-50,0.08195652019232512,50,0
682,9,0.04731706529855728,2,1
683,10,0.05404859781265259,1,1
684,10,0.04173600673675537,1,1
685,0,0.06573407351970673,11,1
686,8,0.023706161106626194,3,1
687,-50,0.06414713073521852,50,0
688,8,0.14463264495134354,3,1
689,7,0.1293909065425396,4,1
690,8,0.11610083033641179,3,1
691,-17,0.09710902654166732,28,1
692,-12,0.08841453767988992,23,1
693,8,0.05922656568388144,3,1
694,-50,0.08752259939908981,50,0
695,-32,0.08227063849741637,43,1
696,-16,0.0852776946766036,7,0
697,9,0.02132144384086132,2,1
698,9,0.10566266626119614,2,1
699,10,0.05049968510866165,1,1
700,6,0.06669037360697985,5,1
701,9,0.028473854064941406,2,1
702,9,0.1794254258275032,2,1
703,10,0.018907833844423294,1,1
704,10,0.07139061391353607,1,1
705,9,0.1901726797223091,2,1
706,10,0.027456184849143028,1,1
707,6,0.04904798865318298,5,1
708,-50,0.07864780388772488,50,0
709,10,0.09146925806999207,1,1
710,9,0.030974017456173897,2,1
711,9,0.05033469758927822,2,1
712,-50,0.05694865183904767,50,0
713,-50,0.06302593719214201,50,0
714,10,0.023536736145615578,1,1
715,6,0.09051628112792968,5,1
716,7,0.09936816617846489,4,1
717,10,0.06568899750709534,1,1
718,8,0.0856291006008784,3,1
719,-50,0.0694452148489654,50,0
720,7,0.06993778329342604,4,1
721,-25,0.06128387305782073,36,1
722,7,0.021419191965833306,4,1
723,10,0.06237782537937164,1,1
724,6,0.1053009107708931,5,1
725,-21,0.09602217690553516,32,1
726,8,0.07523705127338569,3,1
727,-11,0.07925670966506004,2,0
728,9,0.018874295754358172,2,1
729,-10,0.04243496060371399,1,0
730,7,0.24460926977917552,4,1
731,-11,0.1700909174978733,2,0
732,9,0.0709712253883481,2,1
733,5,0.10624267750730117,6,1
734,9,0.07554849423468113,2,1
735,9,0.09061002358794212,2,1
736,-50,0.09205511774867774,50,0
737,7,0.07682226970791817,4,1
738,6,0.037309723906219006,5,1
739,-50,0.09111044082790613,50,0
740,5,0.0432651387527585,6,1
741,7,0.05133615620434284,4,1
742,10,0.0371614471077919,1,1
743,7,0.05051379557698965,4,1
744,5,0.10486120358109474,6,1
745,8,0.03935666444400946,3,1
746,10,0.10548591613769531,1,1
747,8,0.12650115912159285,3,1
748,9,0.08990062773227692,2,1
749,-29,0.10915285218507051,40,1
750,-50,0.09467236574739218,50,0
751,9,0.1525442712008953,2,1
752,8,0.030825975661476452,3,1
753,-12,0.10257156441609065,3,0
754,8,0.17978085080782572,3,1
755,9,0.05005810596048832,2,1
756,-15,0.09886367060244083,6,0
757,8,0.10104852418104808,3,1
758,9,0.09853233583271503,2,1
759,9,0.10470691416412592,2,1
760,-11,0.06337070092558861,2,0
761,6,0.15576850175857543,5,1
762,9,0.03648784290999174,2,1
763,-21,0.12889056163839996,32,1
764,8,0.0714220975836118,3,1
765,7,0.131366360001266,4,1
766,9,0.07864330988377333,2,1
767,8,0.07123866366843383,3,1
768,10,0.0832759216427803,1,1
769,9,0.050418540835380554,2,1
770,10,0.13693256676197052,1,1
771,-50,0.08506068427115679,50,0
772,9,0.2379437005147338,2,1
773,10,0.044141605496406555,1,1
774,10,0.02766198106110096,1,1
775,9,0.020425578579306602,2,1
776,10,0.030961506068706512,1,1
777,5,0.11148408552010854,6,1
778,-4,0.08487468796471755,15,1
779,9,0.11259599030017853,2,1
780,9,0.10160491243004799,2,1
781,10,0.12713119387626648,1,1
782,8,0.18854726354281107,3,1
783,8,0.06245514998833338,3,1
784,8,0.08388091375430425,3,1
785,10,0.1394474059343338,1,1
786,7,0.12127154413610697,4,1
787,-50,0.14582076862454416,50,0
788,8,0.2782906194527944,3,1
789,10,0.05356031283736229,1,1
790,8,0.16302807163447142,3,1
791,-3,0.08764490644846644,14,1
792,10,0.03247208148241043,1,1
793,6,0.10762728378176689,5,1
794,9,0.4269811511039734,2,1
795,9,0.3274003192782402,2,1
796,8,0.19483995685974756,3,1
797,9,0.18385348469018936,2,1
798,-49,0.116799985896796,40,0
799,7,0.06970488023944199,4,1
800,9,0.04695414938032627,2,1
801,7,0.13828597031533718,4,1
802,6,0.04503174815326929,5,1
803,-23,0.054793302572387105,34,1
804,7,0.10112307080999017,4,1
805,5,0.13636238500475883,6,1
806,6,0.14759943783283233,5,1
807,7,0.08877590112388134,4,1
808,10,0.1027059480547905,1,1
809,9,0.04499541409313679,2,1
810,7,0.08009061636403203,4,1
811,8,0.06466261483728886,3,1
812,8,0.09297503779331844,3,1
813,-16,0.11843334245323031,27,1
814,5,0.0765650471051534,6,1
815,-50,0.10173412999138236,50,0
816,5,0.1017956684033076,6,1
817,8,0.12577453007300696,3,1
818,10,0.03498787805438042,1,1
819,10,0.05169890075922012,1,1
820,10,0.1408894956111908,1,1
821,8,0.1391871323188146,3,1
822,7,0.09267092542722821,4,1
823,9,0.05058062635362148,2,1
824,-10,0.023975275456905365,1,0
825,8,0.05112136962513129,3,1
826,9,0.10706675425171852,2,1
827,-50,0.1016660089418292,50,0
828,10,0.09505347162485123,1,1
829,10,0.025537945330142975,1,1
830,7,0.20560583379119635,4,1
831,6,0.13894235491752624,5,1
832,8,0.08928471927841504,3,1
833,10,0.08685631304979324,1,1
834,-28,0.09339836101310375,39,1
835,8,0.07942746082941692,3,1
836,8,0.22028144945700964,3,1
837,8,0.1434062421321869,3,1
838,10,0.07332423329353333,1,1
839,3,0.08859467413276434,8,1
840,4,0.11512138401823384,7,1
841,10,0.06578420102596283,1,1
842,-50,0.10160358853638173,50,0
843,9,0.08234608918428421,2,1
844,10,0.06335464864969254,1,1
845,4,0.07814002223312855,7,1
846,4,0.1306003619517599,7,1
847,8,0.08506485881904761,3,1
848,7,0.15798020362854004,4,1
849,10,0.15892218053340912,1,1
850,-10,0.10325625538825989,1,0
851,5,0.08988105195264022,6,1
852,9,0.07623216137290001,2,1
853,-50,0.09797974389046431,50,0
854,-3,0.10533454987619605,14,1
855,8,0.1421920731663704,3,1
856,-27,0.09582503659552649,38,1
857,10,0.025745540857315063,1,1
858,9,0.048344168812036514,2,1
859,8,0.07650656128923099,3,1
860,10,0.04958062991499901,1,1
861,-5,0.05723245441913605,16,1
862,8,0.04412261831263701,3,1
863,9,0.08563223853707314,2,1
864,10,0.0919041782617569,1,1
865,8,0.04878276710708936,3,1
866,9,0.04783101659268141,2,1
867,6,0.04926893636584282,5,1
868,9,0.14665894769132137,2,1
869,10,0.19330203533172607,1,1
870,9,0.2049049809575081,2,1
871,9,0.0955067053437233,2,1
872,10,0.24518251419067383,1,1
873,10,0.07318488508462906,1,1
874,9,0.07180636562407017,2,1
875,5,0.06974395054082076,6,1
876,7,0.23292827419936657,4,1
877,-4,0.08808431029319763,15,1
878,8,0.05450939821700255,3,1
879,10,0.018675286322832108,1,1
880,8,0.04528500015536944,3,1
881,5,0.0985673541824023,6,1
882,10,0.05719988793134689,1,1
883,10,0.08064757287502289,1,1
884,9,0.10473615676164627,2,1
885,9,0.03513788431882858,2,1
886,10,0.21666929125785828,1,1
887,7,0.07000192441046238,4,1
888,8,0.07276221240560214,3,1
889,10,0.07293090969324112,1,1
890,-31,0.08486619117181926,42,1
891,9,0.07704155333340168,2,1
892,8,0.14569132030010223,3,1
893,-11,0.05321953073143959,2,0
894,5,0.05350028816610575,6,1
895,-12,0.10392681897982307,23,1
896,7,0.07782074995338917,4,1
897,8,0.02160362123201291,3,1
898,10,0.11867213994264603,1,1
899,-50,0.10536611056886613,50,0
900,8,0.07910766700903575,3,1
901,9,0.062212470918893814,2,1
902,9,0.3113085627555847,2,1
903,-12,0.1047632243970166,23,1
904,5,0.153460709999005,6,1
905,-21,0.14117570774396881,32,1
906,6,0.06798675507307053,5,1
907,10,0.03991871699690819,1,1
908,10,0.23759639263153076,1,1
909,7,0.11653636582195759,4,1
910,5,0.05410032160580158,6,1
911,7,0.13661632500588894,4,1
912,10,0.025066781789064407,1,1
913,10,0.1490860879421234,1,1
914,9,0.15282821469008923,2,1
915,10,0.07027778774499893,1,1
916,8,0.04995251509050528,3,1
917,4,0.12679787326071942,7,1
918,9,0.11458661407232285,2,1
919,9,0.057691436260938644,2,1
920,-50,0.08061350261792541,50,0
921,8,0.24920361240704855,3,1
922,-13,0.09056361764669418,4,0
923,9,0.06292430125176907,2,1
924,7,0.05257541686296463,4,1
925,10,0.06729237735271454,1,1
926,-2,0.06437728768930985,13,1
927,-11,0.34240417927503586,2,0
928,-11,0.01828621607273817,2,0
929,9,0.021603653207421303,2,1
930,10,0.21715876460075378,1,1
931,9,0.0731546450406313,2,1
932,10,0.04861186817288399,1,1
933,-50,0.10852973610162735,50,0
934,9,0.07435288093984127,2,1
935,10,0.16033443808555603,1,1
936,10,0.062953881919384,1,1
937,9,0.04405106883496046,2,1
938,3,0.10527833364903927,8,1
939,8,0.09965408841768901,3,1
940,-10,0.06660891324281693,1,0
941,9,0.03577420022338629,2,1
942,-11,0.07195438740944321,22,1
943,-50,0.0794202489592135,50,0
944,7,0.05155261838808656,4,1
945,6,0.028576184436678885,5,1
946,8,0.15279148891568184,3,1
947,10,0.06150742247700691,1,1
948,8,0.20219864323735237,3,1
949,10,0.19722463190555573,1,1
950,9,0.37746957689523697,2,1
951,-10,0.5408703088760376,1,0
952,7,0.08966890722513199,4,1
953,10,0.046534981578588486,1,1
954,7,0.2663787705823779,4,1
955,5,0.06018865418930849,6,1
956,6,0.07149898111820222,5,1
957,9,0.055273085832595825,2,1
958,10,0.10414426028728485,1,1
959,9,0.05581697728484869,2,1
960,9,0.04276864044368267,2,1
961,8,0.04130099837978681,3,1
962,9,0.031886447221040726,2,1
963,10,0.0267702154815197,1,1
964,8,0.07747296057641506,3,1
965,7,0.22762468457221985,4,1
966,-33,0.07635734466991077,24,0
967,4,0.10673670790025166,7,1
968,-11,0.15358586609363556,2,0
969,-12,0.024340224762757618,3,0
970,10,0.02013247087597847,1,1
971,9,0.3083650078624487,2,1
972,9,0.0618267897516489,2,1
973,4,0.19217878001342928,7,1
974,-11,0.08428031206130981,2,0
975,7,0.166467921808362,4,1
976,8,0.04352995194494724,3,1
977,10,0.04744163528084755,1,1
978,8,0.06854567055900891,3,1
979,10,0.022358480840921402,1,1
980,8,0.04562586918473244,3,1
981,9,0.24518689513206482,2,1
982,10,0.01944427378475666,1,1
983,10,0.07551585882902145,1,1
984,8,0.16862028278410435,3,1
985,-20,0.17101700093236663,31,1
986,8,0.17334719002246857,3,1
987,10,0.1699235588312149,1,1
988,6,0.2273005872964859,5,1
989,5,0.08727934832374255,6,1
990,6,0.28831417486071587,5,1
991,9,0.055685194209218025,2,1
992,9,0.09362423606216908,2,1
993,-10,0.10005328059196472,1,0
994,-1,0.09287124391024311,12,1
995,9,0.03669170942157507,2,1
996,10,0.9265697598457336,1,1
997,8,0.03970186350246271,3,1
998,9,0.05545770935714245,2,1
999,9,0.38271963130682707,2,1
1000,7,0.11028013937175274,4,1
1,9,0.06962994858622551,2,1
2,4,0.20214765997869627,7,1
3,10,0.04039088636636734,1,1
4,5,0.23833278908083835,6,1
5,8,0.34608811140060425,3,1
6,9,0.08773859404027462,2,1
7,9,0.1641749143600464,2,1
8,10,0.07247328758239746,1,1
9,8,0.12300540258487065,3,1
10,10,0.09772882610559464,1,1
11,9,0.09580509923398495,2,1
12,10,0.08264078944921494,1,1
13,10,0.038302164524793625,1,1
14,10,0.3069297671318054,1,1
15,7,0.2557347062975168,4,1
16,9,0.05215892940759659,2,1
17,10,0.09131574630737305,1,1
18,-50,0.1701953226327896,50,0
19,9,0.10198555141687393,2,1
20,-10,0.17073123157024384,1,0
21,-50,0.13967013027518987,50,0
22,8,0.07100696923832099,3,1
23,7,0.05235646851360798,4,1
24,10,0.12932735681533813,1,1
25,9,0.3006676584482193,2,1
26,-29,0.15935104470700026,20,0
27,9,0.3532226234674454,2,1
28,9,0.047661006450653076,2,1
29,9,0.21088146418333054,2,1
30,9,0.05083785392343998,2,1
31,8,0.030600402504205704,3,1
32,-10,0.18419717252254486,1,0
33,9,0.08984500542283058,2,1
34,-11,0.059932222589850426,2,0
35,6,0.3165161944925785,5,1
36,9,0.023252100218087435,2,1
37,9,0.09945185482501984,2,1
38,-10,0.415619820356369,1,0
39,10,0.3841434121131897,1,1
40,-1,0.0707861534319818,12,1
41,-50,0.14143080830574037,50,0
42,10,0.08692504465579987,1,1
43,-1,0.20111163953940073,12,1
44,10,0.14688917994499207,1,1
45,7,0.14863618090748787,4,1
46,0,0.20399782366373323,11,1
47,6,0.14736474454402923,5,1
48,10,0.12353803217411041,1,1
49,1,0.2529139302670956,10,1
50,7,0.12245714291930199,4,1
51,10,0.09294505417346954,1,1
52,9,0.08412187546491623,2,1
53,10,0.16815458238124847,1,1
54,9,0.5255936458706856,2,1
55,6,0.2744769424200058,5,1
56,7,0.07943336479365826,4,1
57,9,0.10667381808161736,2,1
58,8,0.07200285295645396,3,1
59,3,0.10353368450887501,8,1
60,5,0.11083834742506345,6,1
61,8,0.18577585245172182,3,1
62,-11,0.060590917244553566,2,0
63,-50,0.13107391580939293,50,0
64,-50,0.18376684125512838,50,0
65,-50,0.15050066787749528,50,0
66,10,0.1140950620174408,1,1
67,7,0.32627897523343563,4,1
68,8,0.0928868701060613,3,1
69,9,0.062073590233922005,2,1
70,6,0.17464167028665542,5,1
71,9,0.3572336956858635,2,1
72,-50,0.14200132567435503,50,0
73,9,0.049214158207178116,2,1
74,-50,0.09112488403916359,50,0
75,10,0.04945731908082962,1,1
76,9,0.08873945102095604,2,1
77,2,0.0842297464195225,9,1
78,10,0.07136580348014832,1,1
79,9,0.03471293579787016,2,1
80,10,0.056021638214588165,1,1
81,9,0.08050531893968582,2,1
82,10,0.04218438267707825,1,1
83,7,0.10047424584627151,4,1
84,9,0.041753990575671196,2,1
85,10,0.029436318203806877,1,1
86,-8,0.22290154762173953,19,1
87,6,0.07737732008099556,5,1
88,8,0.06405542232096195,3,1
89,9,0.05074728652834892,2,1
90,10,0.0927155613899231,1,1
91,7,0.09099539555609226,4,1
92,-2,0.0873770986038905,13,1
93,10,0.09925146400928497,1,1
94,9,0.06472432613372803,2,1
95,-10,0.02094554342329502,1,0
96,-11,0.024838373064994812,2,0
97,-7,0.12390887830406427,18,1
98,10,0.022731518372893333,1,1
99,10,0.04394574835896492,1,1
100,10,0.05413215234875679,1,1
101,10,0.32825911045074463,1,1
102,9,0.26207755506038666,2,1
103,-10,0.4176132082939148,1,0
104,7,0.09862800873816013,4,1
105,9,0.07116609439253807,2,1
106,8,0.05745980329811573,3,1
107,8,0.07425025229652722,3,1
108,10,0.06030486151576042,1,1
109,10,0.09558352082967758,1,1
110,8,0.206655944387118,3,1
111,9,0.028671691194176674,2,1
112,-18,0.09171080899735291,9,0
113,9,0.10454636812210083,2,1
114,-11,0.08275546878576279,2,0
115,8,0.10258518035213153,3,1
116,-16,0.36367290147713255,7,0
117,-50,0.18881697453558444,50,0
118,5,0.16390953958034515,6,1
119,9,0.5007390677928925,2,1
120,-21,0.12771219958085567,32,1
121,8,0.20248299837112427,3,1
122,9,0.054319082759320736,2,1
123,-16,0.22130157266344344,7,0
124,5,0.18600276733438173,6,1
125,10,0.1158745065331459,1,1
126,9,0.06333526223897934,2,1
127,-46,0.17343844307234157,37,0
128,-50,0.1688215098530054,50,0
129,8,0.09078049038847287,3,1
130,-29,0.17065258393995464,40,1
131,9,0.0654902532696724,2,1
132,-10,0.24703916907310486,1,0
133,10,0.17932552099227905,1,1
134,8,0.14865010728438696,3,1
135,9,0.32821547985076904,2,1
136,9,0.3174315541982651,2,1
137,-18,0.14526553567627382,29,1
138,9,0.05453670024871826,2,1
139,9,0.15025988966226578,2,1
140,10,0.018358610570430756,1,1
141,-50,0.1207643555290997,50,0
142,10,0.16990049183368683,1,1
143,-50,0.11166003994643688,50,0
144,8,0.20057084411382675,3,1
145,7,0.13147466257214546,4,1
146,9,0.5548459142446518,2,1
147,8,0.05806200702985128,3,1
148,9,0.2731980998069048,2,1
149,9,0.20901484787464142,2,1
150,-10,0.08906594663858414,1,0
151,9,0.08907606080174446,2,1
152,9,0.19018035382032394,2,1
153,-25,0.12588316962743798,36,1
154,-12,0.17404522001743317,3,0
155,-50,0.16685825049877168,50,0
156,10,0.0635259672999382,1,1
157,10,0.0901082456111908,1,1
158,8,0.1399583046634992,3,1
159,6,0.13354701697826385,5,1
160,-5,0.12975516798906028,16,1
161,10,0.05996699258685112,1,1
162,9,0.1725488267838955,2,1
163,9,0.2835991904139519,2,1
164,-50,0.13537707421928644,50,0
165,-1,0.09065593872219324,12,1
166,-10,0.0962061733007431,1,0
167,6,0.07904063984751701,5,1
168,7,0.06737033743411303,4,1
169,-30,0.10455485108512931,41,1
170,9,0.12925981730222702,2,1
171,-4,0.12605049771567187,15,1
172,7,0.11210459703579545,4,1
173,9,0.07210995629429817,2,1
174,2,0.06380965260581838,9,1
175,8,0.199404156456391,3,1
176,-10,0.1650710834988526,21,1
177,10,0.06865213811397552,1,1
178,9,0.056865621358156204,2,1
179,-10,0.04336918517947197,1,0
180,9,0.08284007385373116,2,1
181,7,0.10239966865628958,4,1
182,-50,0.13904140662401915,50,0
183,8,0.03699785595138868,3,1
184,8,0.22336772084236145,3,1
185,9,0.10050676763057709,2,1
186,-13,0.1060914839617908,24,1
187,6,0.1366068534553051,5,1
188,6,0.09077462106943131,5,1
189,8,0.34658930947383243,3,1
190,-50,0.1463190248608589,50,0
191,-26,0.13035650923848152,17,0
192,-10,0.12025071538629986,21,1
193,10,0.26878613233566284,1,1
194,8,0.15517324209213257,3,1
195,8,0.08009124423066775,3,1
196,10,0.3416275382041931,1,1
197,10,0.022134575992822647,1,1
198,8,0.09080752109487851,3,1
199,10,0.09136359393596649,1,1
200,7,0.2207919843494892,4,1
201,7,0.04203183809295297,4,1
202,10,0.21083778142929077,1,1
203,9,0.09426090866327286,2,1
204,-12,0.17573751136660576,3,0
205,8,0.03847179592897495,3,1
206,10,0.03272729367017746,1,1
207,8,0.03933468461036682,3,1
208,8,0.20885773251454035,3,1
209,10,0.11768090724945068,1,1
210,9,0.1940726935863495,2,1
211,5,0.19933703045050302,6,1
212,10,0.12126050889492035,1,1
213,-19,0.16199732708434264,30,1
214,9,0.06677974760532379,2,1
215,8,0.2651756356159846,3,1
216,6,0.13370732888579367,5,1
217,9,0.06289903447031975,2,1
218,10,0.1188567727804184,1,1
219,9,0.0641537494957447,2,1
220,9,0.07136676833033562,2,1
221,8,0.2145301898320516,3,1
222,-10,0.3866936266422272,1,0
223,-10,0.038590382784605026,1,0
224,-13,0.19112952798604965,4,0
225,9,0.15933075547218323,2,1
226,9,0.3046227991580963,2,1
227,2,0.18925078709920248,9,1
228,7,0.13145901821553707,4,1
229,7,0.19765051268041134,4,1
230,9,0.11544393189251423,2,1
231,7,0.24211052618920803,4,1
232,-50,0.14038641031831503,50,0
233,9,0.12214755825698376,2,1
234,10,0.015318438410758972,1,1
235,8,0.10118379940589269,3,1
236,8,0.08221232891082764,3,1
237,7,0.06496457569301128,4,1
238,-57,0.12275727027251075,48,0
239,8,0.0348319448530674,3,1
240,9,0.06928491964936256,2,1
241,8,0.20175237705310187,3,1
242,7,0.16177028603851795,4,1
243,9,0.05622134730219841,2,1
244,-11,0.2217218279838562,2,0
245,7,0.10954485647380352,4,1
246,6,0.14405450969934464,5,1
247,-20,0.1642721085385843,11,0
248,-56,0.1310762855363019,47,0
249,9,0.26513388752937317,2,1
250,7,0.14821669226512313,4,1
251,8,0.11392951011657715,3,1
252,7,0.27694422751665115,4,1
253,7,0.1744855558499694,4,1
254,9,0.042928000912070274,2,1
255,10,0.015313927084207535,1,1
256,9,0.07589704915881157,2,1
257,6,0.3024673148989677,5,1
258,9,0.0779852494597435,2,1
259,9,0.12097349762916565,2,1
260,6,0.15518515706062316,5,1
261,9,0.16313830018043518,2,1
262,5,0.1067638136446476,6,1
263,-8,0.08868505844944402,19,1
264,9,0.09017313458025455,2,1
265,9,0.2631850652396679,2,1
266,9,0.32251908630132675,2,1
267,-10,0.14713126021836484,21,1
268,-5,0.1613800609484315,16,1
269,8,0.07336847359935443,3,1
270,-50,0.12882769227027893,50,0
271,6,0.15149780213832856,5,1
272,8,0.15487345308065414,3,1
273,9,0.1292755864560604,2,1
274,9,0.18446893990039825,2,1
275,9,0.16574498638510704,2,1
276,10,0.0277053564786911,1,1
277,7,0.17492295149713755,4,1
278,-10,0.12187530100345612,1,0
279,8,0.06159207224845886,3,1
280,9,0.1871444620192051,2,1
281,9,0.09223946230486035,2,1
282,10,0.0903516486287117,1,1
283,7,0.10399030894041061,4,1
284,-32,0.11817311660148376,43,1
285,7,0.09518654085695744,4,1
286,8,0.09688565010825793,3,1
287,6,0.13123149275779725,5,1
288,-50,0.1576790926977992,50,0
289,7,0.07784237992018461,4,1
290,10,0.2863353192806244,1,1
291,8,0.22488700350125632,3,1
292,9,0.12446605786681175,2,1
293,8,0.15249588588873544,3,1
294,8,0.09337436904509862,3,1
295,2,0.14284257921907637,9,1
296,9,0.14179830253124237,2,1
297,9,0.20134320110082626,2,1
298,8,0.054942707220713295,3,1
299,10,0.2925124168395996,1,1
300,9,0.06906966120004654,2,1
301,10,0.08684864640235901,1,1
302,10,0.1600874364376068,1,1
303,6,0.12097791135311127,5,1
304,-10,0.1476552039384842,1,0
305,-12,0.20645441859960556,3,0
306,9,0.24473279155790806,2,1
307,-50,0.18510700091719628,50,0
308,9,0.14224493876099586,2,1
309,0,0.15663751350207764,11,1
310,-50,0.19727462414652108,50,0
311,8,0.08756360411643982,3,1
312,7,0.202814856544137,4,1
313,9,0.28927871584892273,2,1
314,-22,0.1388762349692675,13,0
315,10,0.11974097788333893,1,1
316,10,0.09151758998632431,1,1
317,10,0.23248127102851868,1,1
318,10,0.08103077858686447,1,1
319,9,0.22406873106956482,2,1
320,7,0.16548126935958862,4,1
321,-10,0.14166034758090973,1,0
322,8,0.1043916754424572,3,1
323,9,0.08443281799554825,2,1
324,5,0.09033013073106606,6,1
325,9,0.13186872005462646,2,1
326,-9,0.12023392478004098,20,1
327,10,0.06932196021080017,1,1
328,9,0.23002802394330502,2,1
329,7,0.22208912298083305,4,1
330,8,0.07866152748465538,3,1
331,-13,0.1321989594337841,24,1
332,8,0.05147345239917437,3,1
333,-2,0.14857394635104215,13,1
334,7,0.12258502095937729,4,1
335,7,0.17366712354123592,4,1
336,9,0.1291774995625019,2,1
337,8,0.09692096337676048,3,1
338,8,0.2191298877199491,3,1
339,-50,0.15282415755093098,50,0
340,5,0.16271492714683214,6,1
341,10,0.06430128216743469,1,1
342,6,0.09843170046806335,5,1
343,8,0.1213690551618735,3,1
344,-2,0.14094946089272314,13,1
345,-28,0.14612749718034115,39,1
346,7,0.0913446107879281,4,1
347,8,0.08492851940294106,3,1
348,-50,0.1331114402413368,50,0
349,9,0.21886400692164898,2,1
350,7,0.09153203945606947,4,1
351,4,0.1649418276335512,7,1
352,8,0.05718449130654335,3,1
353,5,0.1532098346700271,6,1
354,6,0.18147879764437674,5,1
355,5,0.07035599586864312,6,1
356,7,0.061567272990942,4,1
357,-11,0.08435836806893349,2,0
358,10,0.06968747079372406,1,1
359,10,0.04774946719408035,1,1
360,8,0.04114464918772379,3,1
361,-11,0.1626497246325016,2,0
362,8,0.044401615858078,3,1
363,8,0.206194918602705,3,1
364,8,0.08840194096167882,3,1
365,10,0.04704326018691063,1,1
366,5,0.1366674549256762,6,1
367,-1,0.10644019736597936,12,1
368,6,0.2339436739683151,5,1
369,9,0.1894235610961914,2,1
370,9,0.04952573776245117,2,1
371,7,0.1427312921732664,4,1
372,8,0.06275077722966671,3,1
373,-50,0.1155222526192665,50,0
374,8,0.09113994737466176,3,1
375,-11,0.2853885218501091,2,0
376,10,0.06468667834997177,1,1
377,9,0.09784744121134281,2,1
378,10,0.01611817441880703,1,1
379,9,0.10660575050860643,2,1
380,-19,0.1751741052294771,30,1
381,-15,0.10552861942694737,26,1
382,-7,0.22624685656693247,18,1
383,-50,0.1279912812821567,50,0
384,10,0.10544957220554352,1,1
385,-7,0.09045569500368503,18,1
386,8,0.15230252593755722,3,1
387,8,0.07753812149167061,3,1
388,5,0.09373621890942256,6,1
389,8,0.07400747140248616,3,1
390,7,0.08249340206384659,4,1
391,-9,0.1542416804470122,20,1
392,7,0.13996373116970062,4,1
393,8,0.1147376075387001,3,1
394,7,0.20641904510557652,4,1
395,-50,0.14666374173015356,50,0
396,-13,0.09643922994534175,24,1
397,-50,0.13168374432250857,50,0
398,8,0.08289115379254024,3,1
399,-8,0.08690669279741614,19,1
400,5,0.15698976504305998,6,1
401,-36,0.13224304352510483,47,1
402,-50,0.11405865799635649,50,0
403,2,0.1110252593126562,9,1
404,10,0.015019281767308712,1,1
405,5,0.07456556428223848,6,1
406,9,0.10175444930791855,2,1
407,-17,0.1378518492648644,28,1
408,-2,0.10199196722645026,13,1
409,6,0.13172114863991738,5,1
410,-10,0.02549830637872219,1,0
411,10,0.03160100802779198,1,1
412,9,0.05085511691868305,2,1
413,-56,0.09240923223501825,47,0
414,10,0.029841851443052292,1,1
415,9,0.053140029311180115,2,1
416,10,0.02172364480793476,1,1
417,-18,0.08700742142210746,29,1
418,7,0.08680846495553851,4,1
419,-8,0.141183456994201,19,1
420,9,0.07874841801822186,2,1
421,6,0.11558015495538712,5,1
422,10,0.051905758678913116,1,1
423,10,0.08049990236759186,1,1
424,5,0.2029664528866609,6,1
425,8,0.11592183510462443,3,1
426,10,0.14792297780513763,1,1
427,7,0.16494190879166126,4,1
428,10,0.07183843851089478,1,1
429,10,0.21023567020893097,1,1
430,5,0.1571515081450343,6,1
431,-8,0.11003242727173002,19,1
432,-50,0.11291182078421116,50,0
433,9,0.12561385333538055,2,1
434,8,0.10167054211099942,3,1
435,10,0.09685689210891724,1,1
436,10,0.040974486619234085,1,1
437,10,0.13881359994411469,1,1
438,9,0.23742053657770157,2,1
439,9,0.03785108961164951,2,1
440,9,0.04832862690091133,2,1
441,0,0.11754369871182875,11,1
442,7,0.08493177406489849,4,1
443,9,0.11901864409446716,2,1
444,8,0.13842827888826528,3,1
445,9,0.023386060260236263,2,1
446,7,0.025718463119119406,4,1
447,8,0.10751706982652347,3,1
448,10,0.012638282030820847,1,1
449,8,0.16189632564783096,3,1
450,9,0.04005392640829086,2,1
451,10,0.06062646955251694,1,1
452,9,0.08696198463439941,2,1
453,-50,0.09738688858225941,50,0
454,9,0.06014576181769371,2,1
455,10,0.05502616614103317,1,1
456,9,0.06931823492050171,2,1
457,9,0.16632315889000893,2,1
458,9,0.14013752713799477,2,1
459,8,0.06131673480073611,3,1
460,9,0.1229027658700943,2,1
461,-50,0.08734403247013688,50,0
462,-14,0.08019407734274864,25,1
463,8,0.028493544707695644,3,1
464,8,0.030598486463228863,3,1
465,5,0.18135886701444784,6,1
466,10,0.03418019413948059,1,1
467,-20,0.06572457076981664,31,1
468,5,0.03975421686967214,6,1
469,10,0.019990747794508934,1,1
470,9,0.033225056482478976,2,1
471,-12,0.14122962082425752,3,0
472,8,0.04218971605102221,3,1
473,9,0.04473342373967171,2,1
474,-43,0.07003750794512384,34,0
475,9,0.037693703547120094,2,1
476,6,0.035448068659752606,5,1
477,10,0.09150078892707825,1,1
478,7,0.17319058813154697,4,1
479,-8,0.07371349191587222,19,1
480,10,0.03685297444462776,1,1
481,10,0.27946391701698303,1,1
482,10,0.027061061933636665,1,1
483,8,0.10676675289869308,3,1
484,-10,0.14136868715286255,1,0
485,10,0.19402346014976501,1,1
486,7,0.06061418680474162,4,1
487,9,0.13756055384874344,2,1
488,8,0.05637744131187598,3,1
489,-50,0.11623612544499337,50,0
490,8,0.02979569012920062,3,1
491,8,0.1267239631464084,3,1
492,-10,0.05851329490542412,1,0
493,-4,0.12245110347867012,15,1
494,10,0.0845247209072113,1,1
495,8,0.07078246523936589,3,1
496,8,0.041623860597610474,3,1
497,7,0.08565341867506504,4,1
498,8,0.05488317087292671,3,1
499,10,0.04306246340274811,1,1
500,9,0.07889468222856522,2,1
501,4,0.0510390999593905,7,1
502,-50,0.11726282123476267,50,0
503,8,0.05396863569815954,3,1
504,7,0.07480682525783777,4,1
505,9,0.25210666563361883,2,1
506,7,0.23064539581537247,4,1
507,-2,0.11170321559676757,13,1
508,8,0.049993093435963,3,1
509,-50,0.10949830386787653,50,0
510,-11,0.12409579398279841,22,1
511,-50,0.1337261936813593,50,0
512,9,0.07182395458221436,2,1
513,8,0.04238137106100718,3,1
514,9,0.024673230946063995,2,1
515,7,0.06059222761541605,4,1
516,8,0.08745528385043144,3,1
517,8,0.14085011929273605,3,1
518,10,0.28233468532562256,1,1
519,9,0.05041704140603542,2,1
520,9,0.07221748307347298,2,1
521,7,0.16197574324905872,4,1
522,7,0.08199223782867193,4,1
523,-13,0.03268030425533652,4,0
524,8,0.08279897396763165,3,1
525,8,0.13664311977724233,3,1
526,-14,0.12195358574390411,25,1
527,-2,0.11796030746056484,13,1
528,6,0.1051214575767517,5,1
529,8,0.0733175923426946,3,1
530,8,0.04203525371849537,3,1
531,2,0.07967412802908155,9,1
532,9,0.09376450814306736,2,1
533,6,0.12588158957660198,5,1
534,9,0.055191547609865665,2,1
535,9,0.11944549158215523,2,1
536,6,0.14643523283302784,5,1
537,9,0.07515103742480278,2,1
538,7,0.13676946889609098,4,1
539,8,0.05944723139206568,3,1
540,8,0.06614782412846883,3,1
541,10,0.11225396394729614,1,1
542,4,0.08631758777690786,7,1
543,-50,0.1135278544202447,50,0
544,9,0.03161206468939781,2,1
545,7,0.0705339191481471,4,1
546,10,0.029274074360728264,1,1
547,-10,0.05354904383420944,1,0
548,8,0.1059646060069402,3,1
549,8,0.04286388369898001,3,1
550,-11,0.1131776190278205,22,1
551,7,0.09553895704448223,4,1
552,8,0.06323627196252346,3,1
553,-4,0.121916218350331,15,1
554,8,0.20356231244901815,3,1
555,5,0.10019464666644733,6,1
556,10,0.11622009426355362,1,1
557,10,0.07858026027679443,1,1
558,4,0.09135844824569565,7,1
559,7,0.15449675638228655,4,1
560,-11,0.11206608638167381,2,0
561,8,0.08719759806990623,3,1
562,10,0.06147369369864464,1,1
563,8,0.08434173713127772,3,1
564,-50,0.11769355706870556,50,0
565,8,0.07933107328911622,3,1
566,10,0.16924148797988892,1,1
567,10,0.012937940657138824,1,1
568,10,0.040592461824417114,1,1
569,8,0.05705509458978971,3,1
570,10,0.16100724041461945,1,1
571,10,0.01613043248653412,1,1
572,-50,0.11396192900836467,50,0
573,8,0.068269032984972,3,1
574,9,0.04936096630990505,2,1
575,8,0.0347906822959582,3,1
576,7,0.05766915995627642,4,1
577,10,0.1401202529668808,1,1
578,9,0.1550024077296257,2,1
579,10,0.023804597556591034,1,1
580,5,0.10753937934835751,6,1
581,9,0.13575105369091034,2,1
582,9,0.05155341699719429,2,1
583,8,0.04107228728632132,3,1
584,9,0.0334833525121212,2,1
585,10,0.031051235273480415,1,1
586,5,0.032304481292764343,6,1
587,7,0.07924793940037489,4,1
588,10,0.014956891536712646,1,1
589,10,0.11736395955085754,1,1
590,8,0.07743337253729503,3,1
591,10,0.08228170871734619,1,1
592,10,0.07118350267410278,1,1
593,9,0.025401112623512745,2,1
594,8,0.06811811154087384,3,1
595,8,0.03486770763993263,3,1
596,10,0.02136232890188694,1,1
597,-35,0.10476337290870455,26,0
598,10,0.0577324777841568,1,1
599,-50,0.09261193919926881,50,0
600,-50,0.11113466326147318,50,0
601,-20,0.07360931972582493,31,1
602,10,0.04933931678533554,1,1
603,8,0.035252309093872704,3,1
604,6,0.036974886804819106,5,1
605,-20,0.07393014773486122,31,1
606,9,0.24804650247097015,2,1
607,10,0.04214934632182121,1,1
608,9,0.06597255356609821,2,1
609,8,0.06980342666308086,3,1
610,10,0.17263789474964142,1,1
611,10,0.4648520052433014,1,1
612,9,0.020676933228969574,2,1
613,-34,0.08292032496796714,45,1
614,10,0.05683965981006622,1,1
615,10,0.05561111867427826,1,1
616,-5,0.09058564167935401,16,1
617,7,0.15213087014853954,4,1
618,-8,0.08594750789435286,19,1
619,10,0.03637155517935753,1,1
620,9,0.03936010226607323,2,1
621,8,0.06881782660881679,3,1
622,9,0.08326446637511253,2,1
623,-11,0.052411310374736786,2,0
624,9,0.0590286273509264,2,1
625,7,0.1368371555581689,4,1
626,3,0.04287021339405328,8,1
627,8,0.08941433454553287,3,1
628,8,0.12496284892161687,3,1
629,8,0.09223238875468572,3,1
630,9,0.05630139820277691,2,1
631,6,0.12903711050748826,5,1
632,10,0.13676024973392487,1,1
633,-17,0.07874511115785156,28,1
634,8,0.12491866542647283,3,1
635,9,0.056153710931539536,2,1
636,8,0.14161715656518936,3,1
637,4,0.059302293828555515,7,1
638,-50,0.07935762921348215,50,0
639,5,0.058932178343335785,6,1
640,6,0.1974653035402298,5,1
641,-8,0.06767423254878897,19,1
642,9,0.20179533772170544,2,1
643,2,0.08715079062514836,9,1
644,-12,0.042034572611252465,3,0
645,10,0.08537031710147858,1,1
646,9,0.028703107964247465,2,1
647,-50,0.0858182441815734,50,0
648,5,0.1381426521887382,6,1
649,7,0.046719588339328766,4,1
650,7,0.06358632631599903,4,1
651,-50,0.10630231054499745,50,0
652,7,0.05662135127931833,4,1
653,-26,0.08740512785073873,37,1
654,9,0.09231959655880928,2,1
655,10,0.02523776888847351,1,1
656,6,0.13774755746126174,5,1
657,9,0.11964263021945953,2,1
658,10,0.12025067210197449,1,1
659,-10,0.06432698667049408,1,0
660,-3,0.0748514656775764,14,1
661,-50,0.0697680769301951,50,0
662,10,0.03341519087553024,1,1
663,9,0.02807850856333971,2,1
664,-12,0.05538624773422877,3,0
665,10,0.0872749462723732,1,1
666,9,0.03282476123422384,2,1
667,6,0.1096596173942089,5,1
668,-1,0.10297684154162805,12,1
669,-29,0.056244346965104344,20,0
670,10,0.040403418242931366,1,1
671,-8,0.0963108156268534,19,1
672,8,0.09994080166021983,3,1
673,-12,0.05555044921735922,3,0
674,-50,0.0984962622821331,50,0
675,9,0.05233460292220116,2,1
676,10,0.09844677895307541,1,1
677,-11,0.2799884444102645,2,0
678,10,0.04177847132086754,1,1
679,6,0.0680869672447443,5,1
680,6,0.11335286051034928,5,1
681,10,0.039679061621427536,1,1
682,8,0.061113967249790825,3,1
683,5,0.1537219105909268,6,1
684,5,0.03419680334627628,6,1
685,7,0.06028497777879238,4,1
686,9,0.07714704051613808,2,1
687,9,0.0229550963267684,2,1
688,-10,0.04841988533735275,1,0
689,10,0.03106231428682804,1,1
690,6,0.06336199790239334,5,1
691,8,0.07027579968174298,3,1
692,8,0.04489793131748835,3,1
693,9,0.09019561484456062,2,1
694,10,0.08161500096321106,1,1
695,10,0.055012039840221405,1,1
696,10,0.039267878979444504,1,1
697,9,0.05318072810769081,2,1
698,8,0.20746668552358946,3,1
699,5,0.03842554769168297,6,1
700,-50,0.12212702393531799,50,0
701,6,0.06257687024772167,5,1
702,10,0.0386112779378891,1,1
703,9,0.3417222946882248,2,1
704,8,0.06443741917610168,3,1
705,-50,0.0895985396951437,50,0
706,10,0.0335102416574955,1,1
707,-50,0.09824396055191756,50,0
708,0,0.07185127924789082,11,1
709,8,0.09165355438987415,3,1
710,8,0.06967340782284737,3,1
711,7,0.07114242389798164,4,1
712,-10,0.0378134548664093,1,0
713,5,0.11260435171425343,6,1
714,8,0.044180513049165406,3,1
715,8,0.06937268127997716,3,1
716,9,0.0578489787876606,2,1
717,8,0.04409682750701904,3,1
718,6,0.05961979031562805,5,1
719,9,0.017118793446570635,2,1
720,-11,0.027966869063675404,2,0
721,-50,0.0813809110596776,50,0
722,5,0.019596454066534836,6,1
723,-25,0.08993529044609103,36,1
724,8,0.0602224376052618,3,1
725,9,0.027412202209234238,2,1
726,7,0.06983035523444414,4,1
727,-14,0.1283407974988222,25,1
728,-5,0.1028504635905847,16,1
729,10,0.11119115352630615,1,1
730,0,0.07545114647258412,11,1
731,6,0.03949249945580959,5,1
732,8,0.04048056279619535,3,1
733,-10,0.02805711142718792,1,0
734,9,0.04076363518834114,2,1
735,6,0.08913128711283207,5,1
736,9,0.06790688540786505,2,1
737,6,0.07007572390139102,5,1
738,10,0.16756536066532135,1,1
739,9,0.25430803373456,2,1
740,8,0.07357711841662724,3,1
741,8,0.0674079457918803,3,1
742,8,0.10156390195091565,3,1
743,8,0.031561983128388725,3,1
744,10,0.03572835400700569,1,1
745,7,0.0424923999235034,4,1
746,-12,0.06727415944139163,3,0
747,0,0.06708390672098506,11,1
748,7,0.08070722268894315,4,1
749,7,0.1343342950567603,4,1
750,7,0.10845202952623367,4,1
751,10,0.17983154952526093,1,1
752,6,0.0830549106001854,5,1
753,-14,0.05741022936999798,5,0
754,7,0.27381253242492676,4,1
755,9,0.09051413834095001,2,1
756,9,0.14896094799041748,2,1
757,10,0.025689776986837387,1,1
758,9,0.036257158033549786,2,1
759,7,0.04555676830932498,4,1
760,9,0.028359942138195038,2,1
761,-10,0.48235464096069336,1,0
762,7,0.09340039640665054,4,1
763,-50,0.15308217041194438,50,0
764,-15,0.10212997160851955,6,0
765,9,0.18038832023739815,2,1
766,9,0.016370516270399094,2,1
767,-14,0.10334283705800772,25,1
768,7,0.04175220988690853,4,1
769,9,0.02343882294371724,2,1
770,7,0.044261650182306767,4,1
771,5,0.08733678081383307,6,1
772,9,0.031474923714995384,2,1
773,7,0.2690592920407653,4,1
774,9,0.13562796637415886,2,1
775,-5,0.08229334373027086,16,1
776,8,0.09260398397843043,3,1
777,9,0.02823489997535944,2,1
778,7,0.12695907056331635,4,1
779,-11,0.039446013048291206,2,0
780,9,0.18519192934036255,2,1
781,9,0.0371028957888484,2,1
782,10,0.26164162158966064,1,1
783,9,0.0774875059723854,2,1
784,5,0.13348551653325558,6,1
785,10,0.08080833405256271,1,1
786,7,0.18096228037029505,4,1
787,8,0.09093062082926433,3,1
788,10,0.05227501690387726,1,1
789,9,0.04597493261098862,2,1
790,10,0.092693030834198,1,1
791,8,0.07722174376249313,3,1
792,-22,0.09553474018519575,33,1
793,10,0.1840549260377884,1,1
794,7,0.1320970559027046,4,1
795,8,0.03764971966544787,3,1
796,-10,0.23684489727020264,1,0
797,6,0.1679092638194561,5,1
798,9,0.038135736249387264,2,1
799,9,0.04433620348572731,2,1
800,7,0.24144487362354994,4,1
801,10,0.06357233971357346,1,1
802,3,0.04792570159770548,8,1
803,8,0.061881681283315025,3,1
804,8,0.19929732258121172,3,1
805,-10,0.057358335703611374,1,0
806,9,0.29152485355734825,2,1
807,9,0.32657093927264214,2,1
808,-31,0.1250291895121336,42,1
809,6,0.08963348418474197,5,1
810,6,0.1674744062125683,5,1
811,7,0.16642587259411812,4,1
812,6,0.10463660880923271,5,1
813,10,0.42293021082878113,1,1
814,-10,0.07535663992166519,1,0
815,9,0.09681032970547676,2,1
816,-12,0.05020553804934025,3,0
817,7,0.09154493734240532,4,1
818,-11,0.2737966850399971,2,0
819,-50,0.13360694028437137,50,0
820,10,0.10468506067991257,1,1
821,6,0.1687175750732422,5,1
822,9,0.09597422555088997,2,1
823,7,0.15774053893983364,4,1
824,-38,0.14830149440284895,49,1
825,9,0.2993328869342804,2,1
826,10,0.10798351466655731,1,1
827,10,0.1681637316942215,1,1
828,10,0.11227686703205109,1,1
829,-11,0.3523338884115219,2,0
830,10,0.11429524421691895,1,1
831,10,0.07712305337190628,1,1
832,-34,0.16708097205393843,45,1
833,-13,0.07424894906580448,4,0
834,7,0.046305045019835234,4,1
835,10,1.3376319408416748,1,1
836,9,0.13888173922896385,2,1
837,9,0.05294778663665056,2,1
838,7,0.23184460029006004,4,1
839,9,0.07164427451789379,2,1
840,9,0.3839931786060333,2,1
841,8,0.10920464619994164,3,1
842,7,0.0826832139864564,4,1
843,8,0.09770881632963817,3,1
844,10,0.18840211629867554,1,1
845,10,0.0471661202609539,1,1
846,10,0.33153942227363586,1,1
847,8,0.16437050451834997,3,1
848,9,0.13202879391610622,2,1
849,10,0.09635347872972488,1,1
850,8,0.07294348627328873,3,1
851,7,0.059392066206783056,4,1
852,10,0.050275497138500214,1,1
853,-46,0.10772987130425267,37,0
854,-33,0.16630961788310247,44,1
855,-18,0.17053963911944423,29,1
856,-17,0.1216968406390931,28,1
857,9,0.062042418867349625,2,1
858,10,0.10474306344985962,1,1
859,8,0.10392811397711436,3,1
860,9,0.15128923393785954,2,1
861,9,0.22776535153388977,2,1
862,8,0.23611709102988243,3,1
863,10,0.09240535646677017,1,1
864,-13,0.15043407290553054,24,1
865,9,0.17616510018706322,2,1
866,7,0.1082237521186471,4,1
867,8,0.19286713004112244,3,1
868,6,0.08244991302490234,5,1
869,10,0.06837332248687744,1,1
870,-50,0.11498760566115379,50,0
871,6,0.18008481711149216,5,1
872,-15,0.1545993654200664,26,1
873,9,0.03134460374712944,2,1
874,8,0.04319221588472525,3,1
875,6,0.07738241218030453,5,1
876,9,0.1185372918844223,2,1
877,-10,0.04045698791742325,1,0
878,9,0.04534122347831726,2,1
879,6,0.23881977647542954,5,1
880,6,0.15505283027887345,5,1
881,8,0.06299504141012828,3,1
882,8,0.0665790078540643,3,1
883,4,0.16483201778360776,7,1
884,9,0.045606404542922974,2,1
885,10,0.25716888904571533,1,1
886,7,0.06729512894526124,4,1
887,10,0.14965301752090454,1,1
888,9,0.22864288464188576,2,1
889,7,0.0972371194511652,4,1
890,10,0.044517215341329575,1,1
891,9,0.2883997391909361,2,1
892,8,0.04482412555565437,3,1
893,10,0.49606117606163025,1,1
894,-50,0.09737542137503624,50,0
895,10,0.10368213802576065,1,1
896,9,0.17854881286621094,2,1
897,9,0.12473656609654427,2,1
898,8,0.10413434853156407,3,1
899,9,0.09900512546300888,2,1
900,9,0.05327373556792736,2,1
901,-10,0.04894571751356125,1,0
902,7,0.07901361864060163,4,1
903,7,0.1513771377503872,4,1
904,9,0.06234627589583397,2,1
905,8,0.47745323181152344,3,1
906,9,0.07342514395713806,2,1
907,9,0.4339495897293091,2,1
908,9,0.08496754616498947,2,1
909,-7,0.2033957592729065,18,1
910,8,0.18207474797964096,3,1
911,8,0.2604453042149544,3,1
912,6,0.1654209703207016,5,1
913,-11,0.2627089396119118,2,0
914,6,0.3383286654949188,5,1
915,9,0.06076405197381973,2,1
916,-10,0.09620007872581482,1,0
917,-11,0.058422161266207695,2,0
918,10,0.07551755756139755,1,1
919,6,0.1726689025759697,5,1
920,5,0.15563137223944068,6,1
921,8,0.0716145746409893,3,1
922,10,0.2327440083026886,1,1
923,-50,0.15625624693930149,50,0
924,-21,0.1816790394950658,32,1
925,8,0.06608440230290095,3,1
926,6,0.15819428414106368,5,1
927,9,0.06275944598019123,2,1
928,4,0.101740263402462,7,1
929,7,0.06141661247238517,4,1
930,-10,0.030337629839777946,1,0
931,-22,0.17084297673268753,33,1
932,6,0.06566020101308823,5,1
933,9,0.3348812907934189,2,1
934,9,0.04546073637902737,2,1
935,-50,0.1420220259949565,50,0
936,7,0.15879330784082413,4,1
937,7,0.2700712503865361,4,1
938,9,0.06986391358077526,2,1
939,8,0.07196410869558652,3,1
940,9,0.2842596806585789,2,1
941,6,0.09578934088349342,5,1
942,10,0.03127210959792137,1,1
943,10,0.06635304540395737,1,1
944,9,0.05495619773864746,2,1
945,7,0.19897776562720537,4,1
946,8,0.04697101563215256,3,1
947,10,0.08219336718320847,1,1
948,7,0.13080518692731857,4,1
949,8,0.2696013127764066,3,1
950,9,0.05471055395901203,2,1
951,8,0.055898409336805344,3,1
952,9,0.06305030174553394,2,1
953,10,0.05684223398566246,1,1
954,9,0.17571545019745827,2,1
955,-50,0.11139439951628446,50,0
956,10,0.011613336391746998,1,1
957,10,0.25687867403030396,1,1
958,8,0.41002576363583404,3,1
959,6,0.05727284029126167,5,1
960,7,0.06210608221590519,4,1
961,5,0.08782743103802204,6,1
962,9,0.053441356867551804,2,1
963,8,0.10148852939407031,3,1
964,7,0.06789668742567301,4,1
965,10,0.15486158430576324,1,1
966,9,0.055919986218214035,2,1
967,-15,0.07890365004109648,26,1
968,7,0.22123139631003141,4,1
969,8,0.29774486770232517,3,1
970,10,0.02382289431989193,1,1
971,9,0.023971887305378914,2,1
972,6,0.053180860728025435,5,1
973,-10,0.06822034352946849,21,1
974,7,0.12916207360103726,4,1
975,9,0.050148265436291695,2,1
976,9,0.04332836903631687,2,1
977,2,0.05565065973334842,9,1
978,8,0.049097917353113495,3,1
979,10,0.08096893876791,1,1
980,-13,0.10780444659758359,24,1
981,9,0.0300149442628026,2,1
982,10,0.4256336987018585,1,1
983,7,0.1782399509102106,4,1
984,8,0.05378484477599462,3,1
985,9,0.09021284803748131,2,1
986,10,0.1641084998846054,1,1
987,8,0.19209647551178932,3,1
988,8,0.2663356165091197,3,1
989,4,0.046868784353137016,7,1
990,8,0.20996196133395037,3,1
991,-50,0.08379035741090775,50,0
992,9,0.06701117753982544,2,1
993,7,0.19290072657167912,4,1
994,10,0.07793717086315155,1,1
995,10,0.22972072660923004,1,1
996,6,0.1808208331465721,5,1
997,-44,0.10647532162921769,35,0
998,9,0.08821253478527069,2,1
999,5,0.1850053450713555,6,1
1000,9,0.07527299597859383,2,1
1,9,0.13236264511942863,2,1
2,-10,0.14232775568962097,1,0
3,-6,0.06285829485996682,17,1
4,8,0.1070108637213707,3,1
5,5,0.19892621537049612,6,1
6,10,0.04218640178442001,1,1
7,-50,0.1434124341979623,50,0
8,2,0.17478756151265568,9,1
9,8,0.1562675560514132,3,1
10,6,0.12590187415480614,5,1
11,8,0.03742805806299051,3,1
12,10,0.1709270030260086,1,1
13,5,0.0742138959467411,6,1
14,7,0.21576023614034057,4,1
15,7,0.10392725141718984,4,1
16,7,0.07812165655195713,4,1
17,9,0.06316000036895275,2,1
18,10,0.017788702622056007,1,1
19,10,0.031607698649168015,1,1
20,6,0.09337108582258224,5,1
21,7,0.23163538752123713,4,1
22,-10,0.11650697886943817,1,0
23,-11,0.12105889618396759,2,0
24,10,0.024927977472543716,1,1
25,9,0.12622159346938133,2,1
26,9,0.23492591083049774,2,1
27,-19,0.12373824790120125,30,1
28,9,0.050152016803622246,2,1
29,6,0.12581654861569405,5,1
30,5,0.18134678527712822,6,1
31,-50,0.12256209462881089,50,0
32,9,0.3042580969631672,2,1
33,7,0.0682941940613091,4,1
34,10,0.0726897269487381,1,1
35,9,0.030605974607169628,2,1
36,10,0.07890953123569489,1,1
37,9,0.10350899025797844,2,1
38,-36,0.11519006632820324,27,0
39,8,0.09567466378211975,3,1
40,7,0.09607562841847539,4,1
41,8,0.2392228233317534,3,1
42,8,0.19833611945311228,3,1
43,7,0.06723650638014078,4,1
44,-10,0.024651268497109413,1,0
45,3,0.1977559053339064,8,1
46,8,0.02875208171705405,3,1
47,-10,0.012004909105598927,1,0
48,9,0.04139511659741402,2,1
49,10,0.501766562461853,1,1
50,7,0.1847261432558298,4,1
51,9,0.04817127622663975,2,1
52,10,0.02217019908130169,1,1
53,9,0.018473653588443995,2,1
54,9,0.02917962707579136,2,1
55,8,0.25449072321256,3,1
56,6,0.06251524314284325,5,1
57,7,0.05447371071204543,4,1
58,9,0.06560014560818672,2,1
59,7,0.1807855237275362,4,1
60,-50,0.186639552898705,50,0
61,-17,0.1456017675476947,28,1
62,7,0.11156751401722431,4,1
63,6,0.1202486950904131,5,1
64,7,0.11189811490476131,4,1
65,6,0.12149533778429031,5,1
66,9,0.26569147780537605,2,1
67,6,0.15146009624004364,5,1
68,9,0.12315724790096283,2,1
69,10,0.04543900489807129,1,1
70,10,0.13655626773834229,1,1
71,5,0.16252203037341437,6,1
72,9,0.3199062943458557,2,1
73,8,0.07464071114857991,3,1
74,10,0.057302866131067276,1,1
75,6,0.0966266505420208,5,1
76,9,0.05210436321794987,2,1
77,-10,0.06086396425962448,1,0
78,-50,0.1359939955547452,50,0
79,8,0.10870314513643582,3,1
80,10,0.03800951689481735,1,1
81,-11,0.1443837842988697,22,1
82,-9,0.2132907833904028,20,1
83,10,0.6671558022499084,1,1
84,-50,0.11945853538811207,50,0
85,9,0.20462429523468018,2,1
86,8,0.06687087814013164,3,1
87,7,0.1510145841166377,4,1
88,-10,0.5004370808601379,1,0
89,10,0.061181433498859406,1,1
90,8,0.040372458597024284,3,1
91,-4,0.11016624669233958,15,1
92,9,0.060732582584023476,2,1
93,10,0.03054940700531006,1,1
94,9,0.0373856145888567,2,1
95,8,0.046859064449866615,3,1
96,7,0.10584518406540155,4,1
97,-50,0.11894843343645334,50,0
98,7,0.09696868062019348,4,1
99,10,0.038938432931900024,1,1
100,10,0.5466769933700562,1,1
101,10,0.07505133748054504,1,1
102,8,0.06642768159508705,3,1
103,9,0.05275272950530052,2,1
104,-13,0.07284659139501552,24,1
105,8,0.030750057970484097,3,1
106,-19,0.06760253521303336,30,1
107,8,0.10548761238654454,3,1
108,10,0.08246488124132156,1,1
109,5,0.050737920527656875,6,1
110,7,0.04888064647093415,4,1
111,-14,0.10419169664382935,25,1
112,-32,0.11506183705357619,43,1
113,9,0.09239797480404377,2,1
114,-2,0.07731046713888645,13,1
115,7,0.07616917137056589,4,1
116,7,0.07131022680550814,4,1
117,8,0.1257078299919764,3,1
118,8,0.05081030664344629,3,1
119,10,0.03579605743288994,1,1
120,10,0.04388350620865822,1,1
121,9,0.07288516871631145,2,1
122,8,0.060928902899225555,3,1
123,10,0.03939550369977951,1,1
124,9,0.08394795283675194,2,1
125,5,0.15006318626304468,6,1
126,-10,0.13157127797603607,1,0
127,8,0.03674243514736494,3,1
128,9,0.057546380907297134,2,1
129,7,0.05109531944617629,4,1
130,10,0.023664792999625206,1,1
131,10,0.014649180695414543,1,1
132,-50,0.08771738596260548,50,0
133,8,0.06431538673738639,3,1
134,7,0.16366455797106028,4,1
135,8,0.03999674630661806,3,1
136,7,0.06349374819546938,4,1
137,9,0.07853147014975548,2,1
138,-50,0.09583240501582622,50,0
139,-10,0.0839837666246153,21,1
140,-12,0.05968006576100985,3,0
141,7,0.058135480619966984,4,1
142,9,0.11036881804466248,2,1
143,9,0.03969840705394745,2,1
144,8,0.07198581844568253,3,1
145,10,0.041271671652793884,1,1
146,9,0.09547684341669083,2,1
147,7,0.08332216180860996,4,1
148,10,0.14196784794330597,1,1
149,8,0.0930589350561301,3,1
150,-44,0.12488812181566443,35,0
151,9,0.06291347928345203,2,1
152,8,0.10567022487521172,3,1
153,6,0.08025088720023632,5,1
154,-11,0.05839874967932701,2,0
155,7,0.08891817834228277,4,1
156,-50,0.11838837638497353,50,0
157,7,0.1039261044934392,4,1
158,10,0.03556971251964569,1,1
159,9,0.04308053478598595,2,1
160,8,0.20728689494232336,3,1
161,-10,0.11327613145112991,1,0
162,10,0.0178317092359066,1,1
163,10,0.1686229407787323,1,1
164,-12,0.07583438605070114,3,0
165,9,0.26819925010204315,2,1
166,8,0.2124526302019755,3,1
167,9,0.14608798921108246,2,1
168,8,0.34757901976505917,3,1
169,7,0.21412753500044346,4,1
170,9,0.07344647124409676,2,1
171,5,0.17849289253354073,6,1
172,7,0.21169489296153188,4,1
173,9,0.08827004209160805,2,1
174,8,0.21194627632697424,3,1
175,10,0.03377562761306763,1,1
176,7,0.21699882298707962,4,1
177,-50,0.12858465570956468,50,0
178,9,0.031035090796649456,2,1
179,9,0.030163737945258617,2,1
180,10,0.03666645288467407,1,1
181,7,0.14144767634570599,4,1
182,9,0.37754713371396065,2,1
183,10,0.050976041704416275,1,1
184,10,0.02831292897462845,1,1
185,10,0.015026959590613842,1,1
186,-50,0.11597397569112661,41,0
187,-12,0.04031675805648168,3,0
188,7,0.12038283981382847,4,1
189,9,0.16355819627642632,2,1
190,6,0.06986260786652565,5,1
191,9,0.062310876324772835,2,1
192,8,0.12549464404582977,3,1
193,9,0.051033059135079384,2,1
194,9,0.2516561523079872,2,1
195,9,0.11869444698095322,2,1
196,-1,0.13179627930124602,12,1
197,7,0.08586648479104042,4,1
198,10,0.08961772173643112,1,1
199,8,0.19966127164661884,3,1
200,8,0.18043028439084688,3,1
201,-50,0.1535401763394475,50,0
202,-28,0.08865102542898594,39,1
203,0,0.03632573757997968,11,1
204,9,0.04149768967181444,2,1
205,7,0.05441040312871337,4,1
206,7,0.11442320561036468,4,1
207,-10,0.1375967264175415,1,0
208,9,0.2400451898574829,2,1
209,9,0.07038027048110962,2,1
210,7,0.1261110082268715,4,1
211,-11,0.08091581054031849,22,1
212,8,0.22396666804949442,3,1
213,10,0.019847607240080833,1,1
214,-50,0.1359261693432927,50,0
215,9,0.0398153942078352,2,1
216,-30,0.11062503158591869,41,1
217,9,0.0604874063283205,2,1
218,9,0.025228993967175484,2,1
219,-10,0.08200159562485558,21,1
220,10,0.02249244786798954,1,1
221,9,0.028652279637753963,2,1
222,9,0.04479632526636124,2,1
223,8,0.049781842778126396,3,1
224,-9,0.09340914627537131,20,1
225,10,0.06611687690019608,1,1
226,-50,0.12044054431840777,50,0
227,8,0.1883545182645321,3,1
228,9,0.03865467570722103,2,1
229,-1,0.1347834256788095,12,1
230,8,0.14917045955856642,3,1
231,10,0.06316015124320984,1,1
232,9,0.1002049408853054,2,1
233,10,0.1434982419013977,1,1
234,-50,0.10444342281669378,50,0
235,7,0.15627877041697502,4,1
236,8,0.08515058954556783,3,1
237,7,0.09370481502264738,4,1
238,9,0.08520295843482018,2,1
239,5,0.07288287642101447,6,1
240,6,0.16548366248607635,5,1
241,9,0.1158769279718399,2,1
242,-26,0.11952075503162436,37,1
243,-10,0.41767609119415283,1,0
244,7,0.11528755538165569,4,1
245,7,0.08501171693205833,4,1
246,8,0.07463954016566277,3,1
247,8,0.04872277316947778,3,1
248,8,0.05016795173287392,3,1
249,10,0.06568873673677444,1,1
250,9,0.06457717344164848,2,1
251,7,0.23227545898407698,4,1
252,9,0.047655610367655754,2,1
253,7,0.051709666615352035,4,1
254,7,0.03842512238770723,4,1
255,6,0.037868402898311615,5,1
256,9,0.07840834744274616,2,1
257,9,0.04235106706619263,2,1
258,9,0.03637477196753025,2,1
259,8,0.04294675402343273,3,1
260,4,0.05844191222318581,7,1
261,8,0.08182244375348091,3,1
262,8,0.12069493904709816,3,1
263,8,0.07132198475301266,3,1
264,7,0.1567744924686849,4,1
265,8,0.03459083909789721,3,1
266,9,0.31571146100759506,2,1
267,-14,0.09948296286165714,5,0
268,-50,0.11181998850777745,50,0
269,8,0.039878434191147484,3,1
270,6,0.09397490099072456,5,1
271,-50,0.11802791971713304,50,0
272,10,0.39650025963783264,1,1
273,8,0.15759776160120964,3,1
274,9,0.14827939495444298,2,1
275,10,0.09510137885808945,1,1
276,8,0.15276761601368585,3,1
277,9,0.07412311621010303,2,1
278,9,0.08405579440295696,2,1
279,8,0.12310219059387843,3,1
280,9,0.09437739849090576,2,1
281,-9,0.07109093219041825,20,1
282,8,0.024581637233495712,3,1
283,8,0.1602791485687097,3,1
284,8,0.0932471218208472,3,1
285,6,0.16804153248667716,5,1
286,8,0.0472528375685215,3,1
287,7,0.028133201878517866,4,1
288,8,0.05936692965527376,3,1
289,9,0.23756492882966995,2,1
290,8,0.02734265507509311,3,1
291,7,0.12567550223320723,4,1
292,6,0.0760414268821478,5,1
293,9,0.1817192118614912,2,1
294,-50,0.08612019319087266,50,0
295,9,0.04357871972024441,2,1
296,9,0.2029372826218605,2,1
297,-13,0.11131187543893854,24,1
298,9,0.16972721740603447,2,1
299,8,0.10257420875132084,3,1
300,8,0.12259817123413086,3,1
301,10,0.26347798109054565,1,1
302,10,0.08758088946342468,1,1
303,5,0.13607333227992058,6,1
304,-25,0.11898948867908782,36,1
305,8,0.13444634402791658,3,1
306,8,0.10373540470997493,3,1
307,-10,0.40452903509140015,1,0
308,8,0.049363559732834496,3,1
309,-10,0.053411975502967834,1,0
310,9,0.06766116060316563,2,1
311,6,0.06896241381764412,5,1
312,7,0.05520314257591963,4,1
313,9,0.06151900812983513,2,1
314,6,0.06157993078231812,5,1
315,-50,0.10525190938264131,50,0
316,7,0.05546264909207821,4,1
317,7,0.06418705475516617,4,1
318,9,0.0894683338701725,2,1
319,10,0.1032758429646492,1,1
320,8,0.13093017041683197,3,1
321,-14,0.06073835462331772,25,1
322,-50,0.08680368404835463,50,0
323,8,0.07180126570165157,3,1
324,-50,0.07622851710766554,50,0
325,7,0.04845794290304184,4,1
326,7,0.04229413019493222,4,1
327,9,0.06481166556477547,2,1
328,8,0.01884863929202159,3,1
329,8,0.02637921863545974,3,1
330,5,0.06085314446439346,6,1
331,8,0.06706224878629048,3,1
332,9,0.06743859965354204,2,1
333,-50,0.07099249731749296,50,0
334,9,0.1479831486940384,2,1
335,9,0.0821392834186554,2,1
336,6,0.06625154539942742,5,1
337,-31,0.06998109360713334,42,1
338,9,0.05058860220015049,2,1
339,-10,0.05572870143112682,21,1
340,9,0.08162649720907211,2,1
341,8,0.2076426570614179,3,1
342,10,0.03009740449488163,1,1
343,8,0.03492143129309019,3,1
344,10,0.03229280561208725,1,1
345,8,0.043166834861040115,3,1
346,-2,0.09201266000477168,13,1
347,10,0.14606691896915436,1,1
348,10,0.06224968656897545,1,1
349,-1,0.06713285266111295,12,1
350,7,0.07613633340224624,4,1
351,9,0.03781955875456333,2,1
352,-50,0.09301207650452853,50,0
353,8,0.043795966232816376,3,1
354,-50,0.09692404804751277,50,0
355,10,0.06703580915927887,1,1
356,10,0.06918463110923767,1,1
357,9,0.05109352804720402,2,1
358,-50,0.12157713390886783,50,0
359,8,0.1810557854672273,3,1
360,10,0.09587804973125458,1,1
361,-39,0.09467971794307233,50,1
362,-10,0.06551297754049301,1,0
363,10,0.024624599143862724,1,1
364,10,0.022180693224072456,1,1
365,9,0.07698371261358261,2,1
366,10,0.06333547085523605,1,1
367,9,0.07543147541582584,2,1
368,-17,0.10175514181277581,28,1
369,9,0.22905883938074112,2,1
370,8,0.13521558170517287,3,1
371,9,0.08903357479721308,2,1
372,-1,0.10792109882459044,12,1
373,-29,0.10484189819544554,20,0
374,8,0.09333019827802976,3,1
375,9,0.12129398062825203,2,1
376,1,0.07176970709115267,10,1
377,10,0.02381546050310135,1,1
378,6,0.04014836736023426,5,1
379,8,0.03145967796444893,3,1
380,10,0.10778860002756119,1,1
381,10,0.013582930900156498,1,1
382,8,0.02895844168961048,3,1
383,9,0.04693454131484032,2,1
384,8,0.0683991089463234,3,1
385,-50,0.09058595975860953,50,0
386,7,0.0934430044144392,4,1
387,9,0.0829644650220871,2,1
388,9,0.04587169177830219,2,1
389,6,0.061292463541030885,5,1
390,9,0.07760981284081936,2,1
391,9,0.05623122490942478,2,1
392,7,0.151969188824296,4,1
393,-37,0.08364839426940307,48,1
394,10,0.0201652143150568,1,1
395,8,0.05370780204733213,3,1
396,-50,0.0980512873828411,50,0
397,10,0.5741803646087646,1,1
398,-24,0.09812934930835451,35,1
399,7,0.050783767364919186,4,1
400,9,0.06658648047596216,2,1
401,8,0.09973429640134175,3,1
402,-30,0.09679420601303984,41,1
403,9,0.054650042206048965,2,1
404,10,0.1562500149011612,1,1
405,10,0.10113675147294998,1,1
406,8,0.05492216224471728,3,1
407,10,0.029821576550602913,1,1
408,10,0.02927413582801819,1,1
409,10,0.28448686003685,1,1
410,-16,0.07853546200527085,27,1
411,7,0.04990830738097429,4,1
412,8,0.08329900726675987,3,1
413,9,0.11582114547491074,2,1
414,8,0.14109527443846068,3,1
415,-12,0.056268930435180664,3,0
416,-4,0.07347660039861997,15,1
417,-11,0.03195079043507576,2,0
418,8,0.05833665716151396,3,1
419,7,0.06256890646182,4,1
420,9,0.02129745902493596,2,1
421,8,0.056781708573301636,3,1
422,9,0.052037203684449196,2,1
423,8,0.19337243338425955,3,1
424,8,0.05967151156316201,3,1
425,9,0.10407224297523499,2,1
426,10,0.0524500235915184,1,1
427,9,0.10550105199217796,2,1
428,6,0.26315336041152476,5,1
429,-10,0.033546578139066696,1,0
430,6,0.11072006896138191,5,1
431,10,0.03846091404557228,1,1
432,7,0.0786547027528286,4,1
433,3,0.0979999213013798,8,1
434,10,0.08306971937417984,1,1
435,7,0.09649013541638851,4,1
436,-12,0.1254442602234042,23,1
437,-16,0.11383399767456231,27,1
438,-1,0.11268828685084979,12,1
439,8,0.3361976817250252,3,1
440,9,0.11303487606346607,2,1
441,7,0.2558267582207918,4,1
442,9,0.17419738322496414,2,1
443,9,0.07352731376886368,2,1
444,9,0.08605524711310863,2,1
445,9,0.06743376329541206,2,1
446,10,0.06460012495517731,1,1
447,9,0.06376188807189465,2,1
448,9,0.2174924723803997,2,1
449,8,0.11755947271982829,3,1
450,9,0.05726087838411331,2,1
451,9,0.046131908893585205,2,1
452,10,0.09757812321186066,1,1
453,8,0.10053899387518565,3,1
454,7,0.1503476481884718,4,1
455,-12,0.07493928074836731,3,0
456,-25,0.13953267679446274,36,1
457,5,0.08439896069467068,6,1
458,8,0.05759219949444135,3,1
459,8,0.04651664694150289,3,1
460,6,0.09299039542675018,5,1
461,8,0.10886898885170619,3,1
462,9,0.04794171638786793,2,1
463,8,0.1857721135020256,3,1
464,10,0.034872084856033325,1,1
465,10,0.06580568850040436,1,1
466,-20,0.08772241210024204,31,1
467,-5,0.09903337841387838,16,1
468,7,0.16327457129955292,4,1
469,-50,0.11667046450078487,50,0
470,4,0.07826275218810354,7,1
471,9,0.22200360894203186,2,1
472,10,0.024276303127408028,1,1
473,7,0.06834554485976696,4,1
474,9,0.06239178776741028,2,1
475,7,0.0692739486694336,4,1
476,9,0.08696419559419155,2,1
477,9,0.017993930727243423,2,1
478,10,0.41831687092781067,1,1
479,10,0.07583734393119812,1,1
480,-55,0.10373254108202198,46,0
481,7,0.06922183651477098,4,1
482,7,0.06252179155126214,4,1
483,9,0.08157479017972946,2,1
484,10,0.14813175797462463,1,1
485,10,0.04486836865544319,1,1
486,8,0.13581676284472147,3,1
487,-13,0.07429251726716757,4,0
488,8,0.21976000939806303,3,1
489,8,0.06082607309023539,3,1
490,6,0.1251819621771574,5,1
491,6,0.10373683571815491,5,1
492,9,0.10034020617604256,2,1
493,10,0.09858307987451553,1,1
494,-10,0.13744524121284485,1,0
495,-11,0.3169473633170128,2,0
496,8,0.19228113318483034,3,1
497,10,0.06858164072036743,1,1
498,9,0.053344203159213066,2,1
499,9,0.13693119585514069,2,1
500,-14,0.07237959131598473,5,0
501,8,0.27728041013081867,3,1
502,9,0.06644125282764435,2,1
503,5,0.04755173654605945,6,1
504,7,0.08557280525565147,4,1
505,-10,0.06456781923770905,1,0
506,7,0.25222016917541623,4,1
507,-13,0.11802068181956808,24,1
508,7,0.05537710338830948,4,1
509,10,0.05318199098110199,1,1
510,10,0.04599660634994507,1,1
511,6,0.07376708351075649,5,1
512,7,0.11045206058770418,4,1
513,7,0.042848638724535704,4,1
514,8,0.054275209084153175,3,1
515,9,0.037200991064310074,2,1
516,10,0.06574299931526184,1,1
517,8,0.0587491262704134,3,1
518,4,0.05972441019756453,7,1
519,9,0.05177204683423042,2,1
520,9,0.2781837172806263,2,1
521,6,0.07427116073668003,5,1
522,8,0.1404533013701439,3,1
523,10,0.04563550651073456,1,1
524,8,0.08286785831054051,3,1
525,8,0.04168364778161049,3,1
526,10,0.3460574746131897,1,1
527,8,0.0912346647431453,3,1
528,10,0.027039572596549988,1,1
529,7,0.054585400968790054,4,1
530,-22,0.0926482853846568,33,1
531,10,0.029224425554275513,1,1
532,10,0.023327048867940903,1,1
533,9,0.2917201351374388,2,1
534,6,0.04182833284139633,5,1
535,8,0.056541480123996735,3,1
536,7,0.04597281897440553,4,1
537,-50,0.09975005539134145,50,0
538,9,0.05549347586929798,2,1
539,6,0.05078067220747471,5,1
540,9,0.21822617389261723,2,1
541,-50,0.10256832223385573,50,0
542,9,0.05050912406295538,2,1
543,8,0.04279103750983874,3,1
544,10,0.046507202088832855,1,1
545,-32,0.10026699490845203,23,0
546,4,0.16480988370520727,7,1
547,-20,0.07753695355307672,31,1
548,8,0.1576976217329502,3,1
549,10,0.03659329190850258,1,1
550,-50,0.0923946681432426,50,0
551,7,0.04934521671384573,4,1
552,7,0.08723881235346198,4,1
553,1,0.07059859544970096,10,1
554,10,0.03343813493847847,1,1
555,9,0.058390676975250244,2,1
556,-50,0.09768655775114894,50,0
557,9,0.05859045870602131,2,1
558,8,0.04283620044589043,3,1
559,10,0.07484590262174606,1,1
560,9,0.04433726333081722,2,1
561,9,0.033803898841142654,2,1
562,10,0.07636924088001251,1,1
563,9,0.1774889901280403,2,1
564,5,0.07298058581848939,6,1
565,-51,0.09275647394713901,42,0
566,10,0.021643370389938354,1,1
567,8,0.20525915858646235,3,1
568,8,0.015139330799380938,3,1
569,10,0.06464314460754395,1,1
570,9,0.22234321013092995,2,1
571,8,0.06040763730804125,3,1
572,-50,0.09445721675641834,50,0
573,9,0.05336264334619045,2,1
574,8,0.04826827781895796,3,1
575,-50,0.07825179301202297,50,0
576,8,0.05078057199716568,3,1
577,7,0.21886070212349296,4,1
578,-50,0.0702037421055138,50,0
579,9,0.05250944010913372,2,1
580,9,0.034636933356523514,2,1
581,9,0.031008035875856876,2,1
582,7,0.18803692422807217,4,1
583,8,0.041895490139722824,3,1
584,-50,0.09069471230730414,50,0
585,8,0.03484073715905348,3,1
586,9,0.039802626706659794,2,1
587,8,0.08296116938193639,3,1
588,9,0.03870783559978008,2,1
589,-11,0.15992040187120438,22,1
590,9,0.06033095717430115,2,1
591,3,0.09180128620937467,8,1
592,7,0.05723546724766493,4,1
593,9,0.08289355225861073,2,1
594,9,0.03728034906089306,2,1
595,8,0.062170498073101044,3,1
596,9,0.07898497022688389,2,1
597,-10,0.04700683429837227,1,0
598,9,0.05345248244702816,2,1
599,6,0.06847895160317422,5,1
600,2,0.051959308692150645,9,1
601,10,0.1292584091424942,1,1
602,-3,0.13766416468258416,14,1
603,9,0.09770149737596512,2,1
604,10,0.02913965843617916,1,1
605,-17,0.09452879568561912,8,0
606,-22,0.09068488733222087,33,1
607,6,0.0715967833995819,5,1
608,9,0.07305273041129112,2,1
609,8,0.06408445040384929,3,1
610,10,0.4384750723838806,1,1
611,-11,0.07956893860616467,22,1
612,9,0.1040060855448246,2,1
613,10,0.03047742322087288,1,1
614,8,0.042338608453671135,3,1
615,10,0.09366323053836823,1,1
616,10,0.06738239526748657,1,1
617,8,0.07871825744708379,3,1
618,-36,0.09599831644841965,47,1
619,9,0.08181620016694069,2,1
620,6,0.08006169646978378,5,1
621,-33,0.11075343750417233,24,0
622,10,0.05202785134315491,1,1
623,-10,0.10327134281396866,1,0
624,-2,0.04686224732834559,13,1
625,10,0.028429439291357994,1,1
626,9,0.025085552595555782,2,1
627,9,0.029078432358801365,2,1
628,8,0.09978526644408703,3,1
629,9,0.019804363604635,2,1
630,6,0.08620344027876854,5,1
631,7,0.04318350926041603,4,1
632,-17,0.08093604505328196,28,1
633,8,0.032374621679385505,3,1
634,7,0.0335876023164019,4,1
635,-10,0.08705507963895798,1,0
636,8,0.052166746308406196,3,1
637,8,0.18945938845475516,3,1
638,6,0.0649484321475029,5,1
639,6,0.1570529155433178,5,1
640,7,0.05230695474892855,4,1
641,10,0.08793643116950989,1,1
642,7,0.05781543580815196,4,1
643,8,0.04933308872083823,3,1
644,-26,0.1695714277379653,17,0
645,9,0.07932664733380079,2,1
646,8,0.051902489426235356,3,1
647,10,0.13394927978515625,1,1
648,10,0.06159297749400139,1,1
649,9,0.09232795983552933,2,1
650,8,0.0623170081526041,3,1
651,10,0.058340348303318024,1,1
652,6,0.32038957849144933,5,1
653,9,0.23948661237955093,2,1
654,8,0.03694792836904526,3,1
655,-12,0.11011024204123279,23,1
656,-8,0.13234344154204192,19,1
657,7,0.31172066554427147,4,1
658,8,0.05356782674789429,3,1
659,7,0.04881615377962589,4,1
660,8,0.05783355856935183,3,1
661,9,0.027167738415300846,2,1
662,9,0.08510900288820267,2,1
663,6,0.14599163010716437,5,1
664,-50,0.11429082620888949,50,0
665,9,0.047511061653494835,2,1
666,6,0.06410176381468773,5,1
667,7,0.02486687689088285,4,1
668,9,0.2294832682237029,2,1
669,6,0.06479530446231366,5,1
670,8,0.08736707021792729,3,1
671,-11,0.12923755860802802,22,1
672,7,0.07242552423849702,4,1
673,9,0.07917148619890213,2,1
674,7,0.05938765872269869,4,1
675,9,0.029951236210763454,2,1
676,8,0.09356710625191529,3,1
677,10,0.009548155590891838,1,1
678,-35,0.12987660021399675,46,1
679,10,0.4249843657016754,1,1
680,10,0.023790914565324783,1,1
681,9,0.03534669801592827,2,1
682,9,0.17243362590670586,2,1
683,8,0.1313970349729061,3,1
684,7,0.21266565658152103,4,1
685,9,0.04229051060974598,2,1
686,7,0.1385816978290677,4,1
687,8,0.0292719720552365,3,1
688,10,0.15753518044948578,1,1
689,9,0.0896517876535654,2,1
690,7,0.06817167438566685,4,1
691,-50,0.10537097916007042,50,0
692,-2,0.08837748476519035,13,1
693,10,0.03165064752101898,1,1
694,-1,0.111436461408933,12,1
695,-11,0.1974718300625682,2,0
696,10,0.12023481726646423,1,1
697,8,0.0542223130663236,3,1
698,-4,0.09917203038930893,15,1
699,8,0.049584715316692986,3,1
700,-7,0.11158511518604225,18,1
701,8,0.04543346290787061,3,1
702,-9,0.13522033039480447,20,1
703,7,0.057349308393895626,4,1
704,8,0.06415605793396632,3,1
705,9,0.06937545724213123,2,1
706,5,0.1291213926548759,6,1
707,10,0.07536982744932175,1,1
708,7,0.08710223156958818,4,1
709,-50,0.09558755926787853,50,0
710,0,0.08808735013008118,11,1
711,10,0.03349075838923454,1,1
712,10,0.021695444360375404,1,1
713,9,0.05694453977048397,2,1
714,7,0.2724350169301033,4,1
715,9,0.04240343067795038,2,1
716,10,0.5123106837272644,1,1
717,8,0.2379112591346105,3,1
718,7,0.10398130677640438,4,1
719,9,0.193413270637393,2,1
720,-11,0.08795278036797588,22,1
721,9,0.23849057406187057,2,1
722,-10,0.03229145705699921,1,0
723,10,0.06568800657987595,1,1
724,-18,0.04293350606328911,9,0
725,10,0.13254225254058838,1,1
726,8,0.05648263916373253,3,1
727,-34,0.0769371915401684,45,1
728,10,0.5338656306266785,1,1
729,9,0.03191196732223034,2,1
730,7,0.046809965278953314,4,1
731,9,0.08138991892337799,2,1
732,7,0.061876218765974045,4,1
733,8,0.08550197010238965,3,1
734,9,0.05219114199280739,2,1
735,8,0.05849806219339371,3,1
736,9,0.06827636435627937,2,1
737,9,0.15666181966662407,2,1
738,9,0.05110979825258255,2,1
739,10,0.03292596712708473,1,1
740,8,0.0696237391481797,3,1
741,10,0.06219262629747391,1,1
742,9,0.11856402177363634,2,1
743,-50,0.10475680796429515,50,0
744,6,0.05788660869002342,5,1
745,7,0.03576977318152785,4,1
746,8,0.12046238780021667,3,1
747,10,0.026842627674341202,1,1
748,-10,0.06295539438724518,1,0
749,7,0.11055114958435297,4,1
750,10,0.10138700902462006,1,1
751,7,0.1778161022812128,4,1
752,-7,0.10199214435285991,18,1
753,7,0.05083227017894387,4,1
754,-10,0.019565902650356293,1,0
755,5,0.07760257677485545,6,1
756,10,0.0392892062664032,1,1
757,-15,0.09012201342445153,26,1
758,-4,0.19609256088733673,15,1
759,7,0.05315428972244263,4,1
760,-50,0.11899250911548734,50,0
761,10,0.04147571697831154,1,1
762,10,0.037089407444000244,1,1
763,1,0.03753425125032663,10,1
764,4,0.042296133536313264,7,1
765,9,0.05867505818605423,2,1
766,9,0.22055979073047638,2,1
767,7,0.08019122015684843,4,1
768,8,0.03718932097156843,3,1
769,8,0.11545015219599009,3,1
770,-36,0.08964686147454712,27,0
771,9,0.07527916226536036,2,1
772,9,0.043996786698699,2,1
773,5,0.09250344584385554,6,1
774,9,0.013513708021491766,2,1
775,6,0.05318828672170639,5,1
776,9,0.33244410157203674,2,1
777,10,0.014690444804728031,1,1
778,6,0.04959058575332165,5,1
779,8,0.42771684875090915,3,1
780,10,0.17331156134605408,1,1
781,10,0.10721021145582199,1,1
782,-29,0.09015470673330128,40,1
783,10,0.07130291312932968,1,1
784,6,0.12862569503486157,5,1
785,10,0.045115876942873,1,1
786,6,0.07100501395761967,5,1
787,9,0.0830977950245142,2,1
788,8,0.09108586361010869,3,1
789,10,0.04206916317343712,1,1
790,9,0.08578788861632347,2,1
791,9,0.07250966131687164,2,1
792,10,0.07135491818189621,1,1
793,9,0.05141204595565796,2,1
794,-10,0.10226414494571232,21,1
795,8,0.22089068094889322,3,1
796,9,0.09667417965829372,2,1
797,4,0.16201732360890933,7,1
798,6,0.14143022932112218,5,1
799,9,0.09503361210227013,2,1
800,9,0.1378401257097721,2,1
801,6,0.09416496306657791,5,1
802,9,0.054052216932177544,2,1
803,5,0.06334456087400515,6,1
804,10,0.03284008055925369,1,1
805,7,0.06443405244499445,4,1
806,9,0.056029630824923515,2,1
807,8,0.03378844074904919,3,1
808,9,0.070124052464962,2,1
809,9,0.09696277976036072,2,1
810,8,0.19547311899562678,3,1
811,9,0.123234823346138,2,1
812,6,0.13899719379842282,5,1
813,-50,0.06074245141819119,50,0
814,10,0.0565977580845356,1,1
815,10,0.09555437415838242,1,1
816,-38,0.09295949246734381,49,1
817,10,0.06028912588953972,1,1
818,-29,0.07493820553645492,20,0
819,5,0.03998778077463309,6,1
820,9,0.016636254265904427,2,1
821,-10,0.014123166911303997,1,0
822,7,0.04783035349100828,4,1
823,9,0.02259477972984314,2,1
824,8,0.03723374350617329,3,1
825,-29,0.08512657366227358,40,1
826,7,0.04770614649169147,4,1
827,10,0.025667503476142883,1,1
828,-8,0.07364291560493018,19,1
829,10,0.035318635404109955,1,1
830,-50,0.10371766023337842,50,0
831,8,0.044068499778707824,3,1
832,9,0.23277594149112701,2,1
833,-50,0.07612275250256062,50,0
834,9,0.07619555480778217,2,1
835,-12,0.089185013719227,23,1
836,-50,0.06236170470714569,50,0
837,10,0.03685910999774933,1,1
838,6,0.06571975443512201,5,1
839,7,0.05227891635149717,4,1
840,10,0.04579291492700577,1,1
841,8,0.05140789598226547,3,1
842,10,0.12892571091651917,1,1
843,6,0.07079692333936691,5,1
844,7,0.06660307594574988,4,1
845,9,0.05331021919846535,2,1
846,8,0.1725974710037311,3,1
847,6,0.09348967932164669,5,1
848,10,0.038017354905605316,1,1
849,9,0.01978264097124338,2,1
850,10,0.029675723984837532,1,1
851,-11,0.07735930429771543,22,1
852,7,0.03588561341166496,4,1
853,8,0.03023473545908928,3,1
854,9,0.054472751915454865,2,1
855,10,0.0727359876036644,1,1
856,8,0.05911563833554586,3,1
857,7,0.04739445261657238,4,1
858,-50,0.06089712766930461,50,0
859,9,0.07176497392356396,2,1
860,9,0.07201819121837616,2,1
861,7,0.051355055533349514,4,1
862,8,0.10713875417908032,3,1
863,9,0.01988942362368107,2,1
864,9,0.03226156998425722,2,1
865,-21,0.07823671685764566,32,1
866,5,0.0303683973227938,6,1
867,8,0.1927158609032631,3,1
868,5,0.1138829297075669,6,1
869,6,0.04269618429243564,5,1
870,8,0.11251368373632431,3,1
871,9,0.039815206080675125,2,1
872,9,0.028082495089620352,2,1
873,9,0.27383175399154425,2,1
874,8,0.09449477742115657,3,1
875,-11,0.4724925607442856,2,0
876,10,0.1346231997013092,1,1
877,10,0.06598912179470062,1,1
878,10,0.04784658923745155,1,1
879,10,0.012707912363111973,1,1
880,10,0.05886729806661606,1,1
881,-10,0.059691257774829865,1,0
882,8,0.04231064207851887,3,1
883,-2,0.08652517127876098,13,1
884,8,0.0848064124584198,3,1
885,-50,0.057926127407699826,50,0
886,7,0.04385231202468276,4,1
887,8,0.17889882375796637,3,1
888,9,0.0458656745031476,2,1
889,10,0.09124767035245895,1,1
890,-11,0.025799201801419258,2,0
891,-10,0.2209557592868805,1,0
892,-20,0.053599487990140915,11,0
893,9,0.04175041988492012,2,1
894,6,0.16191659346222878,5,1
895,8,0.1966660904387633,3,1
896,-50,0.06690896356478333,50,0
897,-50,0.10123447086662055,50,0
898,10,0.030871620401740074,1,1
899,10,0.052438169717788696,1,1
900,9,0.06751974485814571,2,1
901,10,0.040348660200834274,1,1
902,7,0.025708201806992292,4,1
903,9,0.08389043435454369,2,1
904,9,0.015547482762485743,2,1
905,7,0.13627823581919074,4,1
906,9,0.11025457456707954,2,1
907,5,0.09172676720966895,6,1
908,6,0.035555575788021085,5,1
909,10,0.10225234925746918,1,1
910,9,0.05175415240228176,2,1
911,9,0.025796756613999605,2,1
912,8,0.22906218096613884,3,1
913,7,0.07989649288356304,4,1
914,8,0.08506666496396065,3,1
915,8,0.28315735856692,3,1
916,10,0.0810752734541893,1,1
917,10,0.49573755264282227,1,1
918,10,0.12169252336025238,1,1
919,8,0.08828963649769624,3,1
920,-14,0.08669256418943405,5,0
921,9,0.10610876977443695,2,1
922,10,0.06901486963033676,1,1
923,8,0.03805942957599958,3,1
924,7,0.03217187710106373,4,1
925,9,0.03728917147964239,2,1
926,4,0.08413309524101871,7,1
927,9,0.05969744175672531,2,1
928,9,0.041809589602053165,2,1
929,7,0.04811269510537386,4,1
930,6,0.07466316595673561,5,1
931,-10,0.036971315741539,1,0
932,10,0.052480846643447876,1,1
933,9,0.04971177317202091,2,1
934,9,0.09122580289840698,2,1
935,4,0.04994658088045461,7,1
936,5,0.05225411461045345,6,1
937,-8,0.09682679303774708,19,1
938,10,0.013600700534880161,1,1
939,7,0.0655866228044033,4,1
940,9,0.02131179114803672,2,1
941,-11,0.135828552598303,22,1
942,4,0.1137087701686791,7,1
943,9,0.07485030125826597,2,1
944,-50,0.14861523967236281,50,0
945,6,0.08686893731355667,5,1
946,-17,0.14331546133118017,28,1
947,9,0.07922303676605225,2,1
948,10,0.06803698092699051,1,1
949,8,0.11812546849250793,3,1
950,9,0.060046130791306496,2,1
951,8,0.09244197544952233,3,1
952,9,0.045551497489213943,2,1
953,6,0.07059041112661361,5,1
954,8,0.18786978845794997,3,1
955,-11,0.1287909240715883,22,1
956,2,0.12440526733795802,9,1
957,8,0.040004475663105644,3,1
958,9,0.06947355158627033,2,1
959,-10,0.16763809323310852,1,0
960,10,0.06042688339948654,1,1
961,8,0.10228236267964046,3,1
962,-10,0.10758819910032409,21,1
963,7,0.06528019951656461,4,1
964,8,0.03736249854167303,3,1
965,-7,0.06170788254692323,18,1
966,8,0.05674182375272115,3,1
967,-50,0.1029158136062324,50,0
968,-10,0.11273538321256638,1,0
969,10,0.026679441332817078,1,1
970,-11,0.29099641740322113,2,0
971,8,0.12856899946928024,3,1
972,9,0.07845669984817505,2,1
973,-10,0.5165623426437378,1,0
974,7,0.06928650196641684,4,1
975,7,0.055102684535086155,4,1
976,8,0.05889617403348287,3,1
977,10,0.020078446716070175,1,1
978,-50,0.11590375315397977,50,0
979,10,0.47138312458992004,1,1
980,9,0.05301759950816631,2,1
981,9,0.22038665413856506,2,1
982,9,0.042004005052149296,2,1
983,6,0.139754007011652,5,1
984,10,0.12040142714977264,1,1
985,6,0.14973113760352136,5,1
986,5,0.1004846952855587,6,1
987,-7,0.17596772509730524,18,1
988,6,0.17811640202999116,5,1
989,-50,0.11558575931936503,50,0
990,8,0.04771279791990916,3,1
991,10,0.04627056419849396,1,1
992,10,0.0602942630648613,1,1
993,8,0.15099598839879036,3,1
994,10,0.03375408798456192,1,1
995,-5,0.10211134841665626,16,1
996,9,0.4214850291609764,2,1
997,10,0.6787384748458862,1,1
998,8,0.03621486326058706,3,1
999,8,0.16855283826589584,3,1
1000,8,0.04918957812090715,3,1
1,10,0.030302800238132477,1,1
2,-55,0.09953453371544248,46,0
3,6,0.10314945168793202,5,1
4,8,0.05428831030925115,3,1
5,10,0.01597493514418602,1,1
6,9,0.018154099583625793,2,1
7,-50,0.08074459861963987,50,0
8,9,0.19477648846805096,2,1
9,10,0.022162068635225296,1,1
10,8,0.08320357526342075,3,1
11,10,0.06039251759648323,1,1
12,-27,0.12214807669321696,18,0
13,7,0.1185305817052722,4,1
14,9,0.15409130789339542,2,1
15,8,0.12959481651584306,3,1
16,8,0.25589288771152496,3,1
17,10,0.03661048412322998,1,1
18,10,0.037342607975006104,1,1
19,8,0.22641397019227347,3,1
20,-13,0.1173319147977357,24,1
21,8,0.30964809159437817,3,1
22,10,0.04015878215432167,1,1
23,9,0.09809447452425957,2,1
24,8,0.15195046116908392,3,1
25,8,0.1242639608681202,3,1
26,9,0.02998325042426586,2,1
27,1,0.061484291404485705,10,1
28,9,0.22914968244731426,2,1
29,8,0.05166924558579922,3,1
30,7,0.0642440877854824,4,1
31,-34,0.10283596296277311,45,1
32,7,0.1250211913138628,4,1
33,7,0.07096693199127913,4,1
34,10,0.018671682104468346,1,1
35,8,0.2921100277453661,3,1
36,8,0.055833631505568825,3,1
37,9,0.07437896635383368,2,1
38,9,0.07661079801619053,2,1
39,8,0.057509398087859154,3,1
40,-50,0.116852369569242,50,0
41,6,0.11679601669311523,5,1
42,10,0.09258430451154709,1,1
43,8,0.08221608400344849,3,1
44,8,0.0674265796939532,3,1
45,9,0.11868305504322052,2,1
46,10,0.500167727470398,1,1
47,9,0.045153895393013954,2,1
48,9,0.06295442581176758,2,1
49,-6,0.0891194880446967,17,1
50,10,0.03428511694073677,1,1
51,10,0.19523285329341888,1,1
52,8,0.020906417941053707,3,1
53,8,0.3807744060953458,3,1
54,1,0.11956591568887234,10,1
55,8,0.07090382526318233,3,1
56,9,0.043263595551252365,2,1
57,9,0.04041954502463341,2,1
58,6,0.06708139926195145,5,1
59,8,0.10736907025178273,3,1
60,10,0.08735253661870956,1,1
61,9,0.06876263208687305,2,1
62,8,0.0430035466949145,3,1
63,8,0.09728695824742317,3,1
64,8,0.08358468736211459,3,1
65,7,0.048222456593066454,4,1
66,10,0.026836887001991272,1,1
67,10,0.035661470144987106,1,1
68,9,0.41596630215644836,2,1
69,8,0.21110725651184717,3,1
70,10,0.1557355374097824,1,1
71,7,0.14957154588773847,4,1
72,10,0.07684489339590073,1,1
73,7,0.07778710406273603,4,1
74,10,0.06948511302471161,1,1
75,8,0.11496168437103431,3,1
76,9,0.09838119149208069,2,1
77,8,0.04779009893536568,3,1
78,10,0.04079044610261917,1,1
79,5,0.14002255784968534,6,1
80,10,0.0341922864317894,1,1
81,9,0.23592418525367975,2,1
82,9,0.11721150204539299,2,1
83,-47,0.13112325682059714,38,0
84,10,0.12211836129426956,1,1
85,-50,0.12935686757788062,50,0
86,8,0.07391638805468877,3,1
87,8,0.09064472156266372,3,1
88,8,0.06866707404454549,3,1
89,5,0.16936272258559862,6,1
90,6,0.05866496544331312,5,1
91,9,0.23696377873420715,2,1
92,9,0.2506251633167267,2,1
93,8,0.19360405951738358,3,1
94,9,0.3179048728197813,2,1
95,10,0.025855718180537224,1,1
96,7,0.06717284303158522,4,1
97,10,0.3149759769439697,1,1
98,10,0.05591590702533722,1,1
99,9,0.09675485268235207,2,1
100,7,0.13704260997474194,4,1
101,10,0.03759240731596947,1,1
102,-16,0.10912496555182669,27,1
103,5,0.12042916379868984,6,1
104,10,0.01874290220439434,1,1
105,9,0.05914349667727947,2,1
106,-9,0.15117578227072953,20,1
107,-6,0.14755016159923637,17,1
108,9,0.033390112221241,2,1
109,7,0.17024509143084288,4,1
110,10,0.048231422901153564,1,1
111,-10,0.1983862966299057,1,0
112,8,0.10369569808244705,3,1
113,8,0.17585587625702223,3,1
114,-15,0.13950617611408234,6,0
115,9,0.0678621232509613,2,1
116,10,0.1585378646850586,1,1
117,10,0.11403312534093857,1,1
118,8,0.1281846115986506,3,1
119,5,0.11031197011470795,6,1
120,6,0.17708924524486064,5,1
121,8,0.07496285066008568,3,1
122,10,0.18049754202365875,1,1
123,8,0.06490584400792916,3,1
124,10,0.021746717393398285,1,1
125,9,0.21971496753394604,2,1
126,9,0.08049015328288078,2,1
127,8,0.07979604601860046,3,1
128,3,0.12566157092805952,8,1
129,7,0.07086463645100594,4,1
130,8,0.06061231344938278,3,1
131,9,0.07591866888105869,2,1
132,9,0.10542086139321327,2,1
133,9,0.16554755717515945,2,1
134,-11,0.2898196801543236,2,0
135,8,0.0780248021086057,3,1
136,9,0.05043521896004677,2,1
137,6,0.04899571053683758,5,1
138,9,0.1526347901672125,2,1
139,10,0.39585137367248535,1,1
140,8,0.18117536852757135,3,1
141,9,0.07641694508492947,2,1
142,9,0.3821020722389221,2,1
143,-12,0.18071321211755276,3,0
144,-37,0.1454756346453602,48,1
145,9,0.03429654240608215,2,1
146,9,0.035366082563996315,2,1
147,-38,0.09433184885259333,29,0
148,-2,0.17904892535163805,13,1
149,8,0.05310741811990738,3,1
150,10,0.3773503303527832,1,1
151,6,0.16862691789865494,5,1
152,10,0.05824104696512222,1,1
153,-4,0.16273333032925924,15,1
154,7,0.0643666866235435,4,1
155,9,0.0449918108060956,2,1
156,-10,0.1310947686433792,1,0
157,9,0.04600532166659832,2,1
158,9,0.023757176473736763,2,1
159,6,0.05287110209465027,5,1
160,9,0.05250099115073681,2,1
161,-4,0.11760278418660164,15,1
162,9,0.4119672663509846,2,1
163,7,0.06446479447185993,4,1
164,10,0.024074355140328407,1,1
165,10,0.4953080415725708,1,1
166,10,0.025433192029595375,1,1
167,7,0.10748829133808613,4,1
168,-10,0.21880894899368286,1,0
169,8,0.05006353432933489,3,1
170,-13,0.08229421591386199,4,0
171,8,0.062314193695783615,3,1
172,10,0.10140564292669296,1,1
173,8,0.030421117320656776,3,1
174,7,0.3561842981725931,4,1
175,7,0.057346610352396965,4,1
176,10,0.15047192573547363,1,1
177,7,0.16823084838688374,4,1
178,9,0.2082803100347519,2,1
179,5,0.04601156121740738,6,1
180,7,0.27073135506361723,4,1
181,10,0.46702930331230164,1,1
182,8,0.297759289542834,3,1
183,10,0.06310560554265976,1,1
184,10,0.7613831162452698,1,1
185,9,0.049441869370639324,2,1
186,9,0.043883793987333775,2,1
187,8,0.01840675373872121,3,1
188,10,0.057975172996520996,1,1
189,7,0.10677796136587858,4,1
190,-19,0.10597610678523779,10,0
191,10,0.044580452144145966,1,1
192,6,0.055708113312721255,5,1
193,8,0.06324770084271829,3,1
194,7,0.15021761553362012,4,1
195,6,0.17385301552712917,5,1
196,6,0.12293527349829673,5,1
197,10,0.33846017718315125,1,1
198,-29,0.12113475953228772,40,1
199,7,0.16035701148211956,4,1
200,10,0.07275083661079407,1,1
201,8,0.18490561346213022,3,1
202,-50,0.1671652931161225,50,0
203,9,0.05305890925228596,2,1
204,7,0.129160531796515,4,1
205,8,0.059106395890315376,3,1
206,9,0.04672243446111679,2,1
207,8,0.04662748798727989,3,1
208,8,0.06429204655190308,3,1
209,7,0.14931285195052624,4,1
210,10,0.13113395869731903,1,1
211,10,0.09753966331481934,1,1
212,8,0.09676732122898102,3,1
213,10,0.07221958786249161,1,1
214,8,0.11597368742028873,3,1
215,7,0.1915873233228922,4,1
216,8,0.058182459945480026,3,1
217,9,0.06587431952357292,2,1
218,7,0.06913735065609217,4,1
219,9,0.06815900653600693,2,1
220,-50,0.13170236863195897,50,0
221,10,0.11064604669809341,1,1
222,8,0.07411761209368706,3,1
223,9,0.31334082037210464,2,1
224,9,0.043759649619460106,2,1
225,-50,0.11515319796279072,50,0
226,9,0.08296616189181805,2,1
227,8,0.032170962542295456,3,1
228,9,0.054904500022530556,2,1
229,8,0.11133689433336258,3,1
230,7,0.1099095344543457,4,1
231,10,0.12254425883293152,1,1
232,9,0.04629671759903431,2,1
233,-2,0.12496363887420067,13,1
234,8,0.07811253517866135,3,1
235,8,0.057974789291620255,3,1
236,9,0.05467311665415764,2,1
237,-1,0.1451768345820407,12,1
238,6,0.29433568790555,5,1
239,9,0.2598738484084606,2,1
240,7,0.03916130540892482,4,1
241,8,0.03414119904239973,3,1
242,9,0.04766206443309784,2,1
243,8,0.17111842210094133,3,1
244,8,0.11457151422897975,3,1
245,9,0.10450451076030731,2,1
246,8,0.1967924659450849,3,1
247,9,0.2900502234697342,2,1
248,8,0.08094409480690956,3,1
249,10,0.13412100076675415,1,1
250,8,0.05802336583534876,3,1
251,10,0.029216855764389038,1,1
252,7,0.16041873348876834,4,1
253,7,0.13064522668719292,4,1
254,-10,0.02442077174782753,1,0
255,8,0.2149206499258677,3,1
256,7,0.04945107223466039,4,1
257,9,0.10540646314620972,2,1
258,9,0.018928654491901398,2,1
259,9,0.06617813557386398,2,1
260,4,0.15478133197341645,7,1
261,-50,0.18973872527480126,50,0
262,10,0.31639400124549866,1,1
263,10,0.16125115752220154,1,1
264,9,0.14048078656196594,2,1
265,10,0.0896323174238205,1,1
266,9,0.04996683448553085,2,1
267,-10,0.4727749228477478,1,0
268,7,0.10006437636911869,4,1
269,9,0.11963619664311409,2,1
270,9,0.36767005920410156,2,1
271,5,0.1253194740662972,6,1
272,8,0.09005247987806797,3,1
273,-33,0.11287735000422056,44,1
274,10,0.07358739525079727,1,1
275,8,0.03924052851895491,3,1
276,10,0.0932561606168747,1,1
277,10,0.05831423029303551,1,1
278,9,0.054976459592580795,2,1
279,8,0.17604209606846175,3,1
280,2,0.1858789674523804,9,1
281,10,0.12766501307487488,1,1
282,9,0.052187683060765266,2,1
283,7,0.08699208963662386,4,1
284,9,0.09021622687578201,2,1
285,10,0.06925936788320541,1,1
286,10,0.03455532714724541,1,1
287,8,0.06784071400761604,3,1
288,-50,0.12020116653293371,50,0
289,8,0.15495124459266663,3,1
290,8,0.09153239304820697,3,1
291,8,0.09905422230561574,3,1
292,-10,0.05217796564102173,1,0
293,9,0.08252203185111284,2,1
294,7,0.09623787365853786,4,1
295,9,0.25553611665964127,2,1
296,-6,0.09743838757276535,17,1
297,7,0.1673823446035385,4,1
298,8,0.06573544442653656,3,1
299,10,0.38682320713996887,1,1
300,6,0.15109399370849133,5,1
301,8,0.04439513882001241,3,1
302,-3,0.11014999475862298,14,1
303,9,0.02532567223533988,2,1
304,9,0.05106170196086168,2,1
305,7,0.031301253009587526,4,1
306,8,0.10209349046150844,3,1
307,5,0.03350547390679518,6,1
308,10,0.41293591260910034,1,1
309,10,0.11719796061515808,1,1
310,9,0.06178287789225578,2,1
311,9,0.08425014838576317,2,1
312,-31,0.0805503148142071,42,1
313,8,0.1244864563147227,3,1
314,-4,0.1177782361706098,15,1
315,10,0.034769244492053986,1,1
316,9,0.07818077132105827,2,1
317,8,0.07086104154586792,3,1
318,10,0.06547202914953232,1,1
319,10,0.03067396953701973,1,1
320,9,0.11914334818720818,2,1
321,10,0.3631673753261566,1,1
322,8,0.03302142148216566,3,1
323,-28,0.09962607528536747,39,1
324,10,0.07142209261655807,1,1
325,9,0.16475629061460495,2,1
326,10,0.07592198252677917,1,1
327,6,0.16812757030129433,5,1
328,6,0.1816773559898138,5,1
329,6,0.05724688954651356,5,1
330,8,0.13998099168141684,3,1
331,-10,0.058823734521865845,1,0
332,9,0.0709364041686058,2,1
333,8,0.1445408140619596,3,1
334,10,0.02491232007741928,1,1
335,6,0.06071383245289326,5,1
336,10,0.12940764427185059,1,1
337,8,0.04046424478292465,3,1
338,7,0.2073207153007388,4,1
339,10,0.11815406382083893,1,1
340,6,0.045934097468853,5,1
341,-11,0.15219406597316265,2,0
342,8,0.19643036276102066,3,1
343,-14,0.1286083033680916,25,1
344,-50,0.10111292384564877,50,0
345,4,0.09252254239150456,7,1
346,10,0.045228999108076096,1,1
347,9,0.072408027946949,2,1
348,10,0.06214592605829239,1,1
349,9,0.1390401478856802,2,1
350,8,0.21427378803491592,3,1
351,5,0.05136384473492702,6,1
352,9,0.07335958257317543,2,1
353,8,0.037295605055987835,3,1
354,10,0.060894645750522614,1,1
355,10,0.09063629806041718,1,1
356,7,0.14992183167487383,4,1
357,10,0.025920366868376732,1,1
358,7,0.09390500001609325,4,1
359,9,0.05361298657953739,2,1
360,8,0.062051109969615936,3,1
361,10,0.09745791554450989,1,1
362,7,0.03307215915992856,4,1
363,8,0.030484235535065334,3,1
364,-18,0.12429293410645591,9,0
365,9,0.026449178345501423,2,1
366,6,0.07843343019485474,5,1
367,8,0.09238407512505849,3,1
368,9,0.06151333823800087,2,1
369,9,0.12630059011280537,2,1
370,8,0.03857181531687578,3,1
371,6,0.12136198654770851,5,1
372,7,0.17332945112138987,4,1
373,10,0.032463617622852325,1,1
374,7,0.11494712438434362,4,1
375,9,0.051169782876968384,2,1
376,10,0.03357608988881111,1,1
377,7,0.04088310990482569,4,1
378,8,0.041906814401348434,3,1
379,4,0.0936946307442018,7,1
380,8,0.047939581175645195,3,1
381,10,0.09414254873991013,1,1
382,-11,0.12047550928863612,22,1
383,10,0.05238593742251396,1,1
384,8,0.05023430225749811,3,1
385,10,0.04153033718466759,1,1
386,6,0.08264737725257873,5,1
387,10,0.031243879348039627,1,1
388,10,0.05070078745484352,1,1
389,2,0.11434252539442645,9,1
390,-10,0.11203439285357793,21,1
391,9,0.1718898043036461,2,1
392,-50,0.08320577926933766,50,0
393,10,0.04188118502497673,1,1
394,7,0.08107515517622232,4,1
395,8,0.07871756702661514,3,1
396,8,0.13358957196275392,3,1
397,6,0.04204032979905605,5,1
398,9,0.040718743577599525,2,1
399,9,0.05659579858183861,2,1
400,-50,0.09055312506854535,50,0
401,9,0.19831405580043793,2,1
402,10,0.03978617116808891,1,1
403,9,0.0659982431679964,2,1
404,9,0.023356564342975616,2,1
405,9,0.04825194273144007,2,1
406,9,0.05142723582684994,2,1
407,5,0.08379495205978553,6,1
408,5,0.09412503925462563,6,1
409,8,0.04723800718784332,3,1
410,10,0.4443216919898987,1,1
411,6,0.0603070504963398,5,1
412,-24,0.06898950261196919,35,1
413,5,0.11480443427960078,6,1
414,8,0.03304235326747099,3,1
415,10,0.044130027294158936,1,1
416,6,0.09866569973528386,5,1
417,7,0.11586965527385473,4,1
418,8,0.15560947606960931,3,1
419,9,0.10866576060652733,2,1
420,5,0.0512064133460323,6,1
421,10,0.03968264162540436,1,1
422,6,0.13306551352143287,5,1
423,10,0.08637141436338425,1,1
424,8,0.028225867698589962,3,1
425,-11,0.11149436514824629,22,1
426,7,0.15533415973186493,4,1
427,9,0.07432252541184425,2,1
428,7,0.04155932134017348,4,1
429,9,0.08999809436500072,2,1
430,8,0.09201731656988461,3,1
431,-50,0.07010931748896837,50,0
432,-20,0.05512747264677478,31,1
433,6,0.054989711940288545,5,1
434,7,0.16656304709613323,4,1
435,6,0.11471991129219532,5,1
436,-50,0.07859486676752567,50,0
437,10,0.045076917856931686,1,1
438,7,0.04164589196443558,4,1
439,-4,0.06197274283816417,15,1
440,7,0.0816447101533413,4,1
441,10,0.07917258888483047,1,1
442,8,0.11284567912419637,3,1
443,9,0.07298171892762184,2,1
444,-50,0.06184776000678539,50,0
445,6,0.062082843482494356,5,1
446,9,0.08250097557902336,2,1
447,10,0.05692320689558983,1,1
448,8,0.07495836292703946,3,1
449,5,0.06988051099081834,6,1
450,8,0.12409595772624016,3,1
451,9,0.04247240535914898,2,1
452,8,0.049751779064536095,3,1
453,10,0.02695908211171627,1,1
454,5,0.03986370749771595,6,1
455,10,0.02664913982152939,1,1
456,5,0.04717383192231258,6,1
457,10,0.015429051592946053,1,1
458,7,0.04813410062342882,4,1
459,7,0.036501094698905945,4,1
460,-20,0.07621119958498786,31,1
461,7,0.030651149339973927,4,1
462,7,0.07732703350484371,4,1
463,8,0.033997563645243645,3,1
464,10,0.029242437332868576,1,1
465,8,0.03050017325828473,3,1
466,8,0.057328805327415466,3,1
467,9,0.20335635542869568,2,1
468,9,0.10017624497413635,2,1
469,9,0.042387962341308594,2,1
470,9,0.04073654394596815,2,1
471,9,0.05563964881002903,2,1
472,9,0.05433361791074276,2,1
473,5,0.046162004582583904,6,1
474,9,0.055450841784477234,2,1
475,7,0.05881814006716013,4,1
476,8,0.04347246202329794,3,1
477,6,0.05855472460389137,5,1
478,9,0.05426722392439842,2,1
479,6,0.09136515073478221,5,1
480,7,0.05771936755627394,4,1
481,6,0.04374745823442936,5,1
482,8,0.15142165621121725,3,1
483,-22,0.06886696217186523,33,1
484,9,0.16117465123534203,2,1
485,9,0.08267169445753098,2,1
486,10,0.03194861859083176,1,1
487,10,0.06531435251235962,1,1
488,10,0.09745947271585464,1,1
489,10,0.017166825011372566,1,1
490,8,0.03651882087190946,3,1
491,9,0.049338690005242825,2,1
492,10,0.12958873808383942,1,1
493,10,0.06425481289625168,1,1
494,10,0.04992907494306564,1,1
495,8,0.0924213317533334,3,1
496,9,0.038359928876161575,2,1
497,9,0.04194077290594578,2,1
498,9,0.030093722976744175,2,1
499,-8,0.05621407739818096,19,1
500,6,0.04245776683092117,5,1
501,9,0.06975693814456463,2,1
502,8,0.060881643245617546,3,1
503,-50,0.049778820239007475,50,0
504,6,0.030725309625267982,5,1
505,10,0.02982933074235916,1,1
506,10,0.02396448701620102,1,1
507,8,0.061674486845731735,3,1
508,10,0.028805937618017197,1,1
509,10,0.22752775251865387,1,1
510,-13,0.028193574185327936,24,1
511,7,0.07674808683805168,4,1
512,10,0.054844360798597336,1,1
513,6,0.04816593751311302,5,1
514,9,0.06407612934708595,2,1
515,9,0.04834448639303446,2,1
516,8,0.12716935280089578,3,1
517,10,0.013928956352174282,1,1
518,7,0.05023865355178714,4,1
519,9,0.03077169694006443,2,1
520,7,0.04282579105347395,4,1
521,8,0.059529270976781845,3,1
522,5,0.06981374975293875,6,1
523,10,0.05848045274615288,1,1
524,-10,0.0760498121380806,1,0
525,-12,0.050449587404727936,3,0
526,-6,0.053913634215645934,17,1
527,9,0.0314248725771904,2,1
528,-14,0.09408431068062782,25,1
529,7,0.15195135679095984,4,1
530,-10,0.2724881172180176,1,0
531,7,0.03990568267181516,4,1
532,-50,0.04779550336301327,50,0
533,5,0.04545196952919165,6,1
534,8,0.040507866690556206,3,1
535,10,0.575960099697113,1,1
536,-27,0.0676731710861388,38,1
537,6,0.08102795407176018,5,1
538,2,0.1052579896317588,9,1
539,-20,0.07290431571703765,31,1
540,7,0.08912238664925098,4,1
541,8,0.1521250425527493,3,1
542,7,0.03538048081099987,4,1
543,10,0.17472846806049347,1,1
544,6,0.024183623678982257,5,1
545,8,0.07758667071660359,3,1
546,7,0.04666537372395396,4,1
547,-20,0.08668509480212966,31,1
548,9,0.05445049703121185,2,1
549,8,0.03258223397036394,3,1
550,6,0.09589540101587772,5,1
551,9,0.028535906225442886,2,1
552,7,0.03816888155415654,4,1
553,9,0.07562387362122536,2,1
554,9,0.022342722862958908,2,1
555,7,0.10791873838752508,4,1
556,7,0.03957287943921983,4,1
557,9,0.01959953736513853,2,1
558,10,0.01858058013021946,1,1
559,9,0.023374595679342747,2,1
560,-11,0.16912509873509407,2,0
561,5,0.10279537985722224,6,1
562,8,0.0811868707338969,3,1
563,-50,0.0981339161656797,50,0
564,6,0.08982385098934173,5,1
565,-50,0.11393434215337038,50,0
566,-50,0.09465139009058475,50,0
567,6,0.07181592434644699,5,1
568,-26,0.07374674751347787,37,1
569,8,0.08773080383737882,3,1
570,9,0.05140757281333208,2,1
571,4,0.04434050779257502,7,1
572,10,0.046437494456768036,1,1
573,8,0.04719444954146942,3,1
574,9,0.04881990794092417,2,1
575,10,0.07894879579544067,1,1
576,10,0.05250975489616394,1,1
577,10,0.09737394005060196,1,1
578,10,0.07580268383026123,1,1
579,5,0.048095861139396824,6,1
580,9,0.07438923045992851,2,1
581,10,0.08058300614356995,1,1
582,9,0.10574332624673843,2,1
583,9,0.17721977084875107,2,1
584,-10,0.03594551235437393,1,0
585,9,0.1113930456340313,2,1
586,9,0.05442763492465019,2,1
587,10,0.026233378797769547,1,1
588,9,0.039153801277279854,2,1
589,7,0.04500673059374094,4,1
590,6,0.0930196337401867,5,1
591,6,0.06576690971851348,5,1
592,-15,0.10574920661747456,26,1
593,-12,0.07416049933627895,23,1
594,9,0.2479872601106763,2,1
595,9,0.11260540410876274,2,1
596,8,0.07653730859359105,3,1
597,7,0.05537237226963043,4,1
598,10,0.08767053484916687,1,1
599,10,0.4054003357887268,1,1
600,7,0.06057738699018955,4,1
601,10,0.06197391822934151,1,1
602,10,0.11137428879737854,1,1
603,10,0.034222278743982315,1,1
604,10,0.033806174993515015,1,1
605,8,0.04170664772391319,3,1
606,-12,0.045218619207541146,3,0
607,8,0.1884442406396071,3,1
608,7,0.0403472944162786,4,1
609,9,0.05040895752608776,2,1
610,-4,0.10662093932429949,15,1
611,8,0.0639237401386102,3,1
612,10,0.05269049480557442,1,1
613,10,0.027272535488009453,1,1
614,5,0.16097458079457283,6,1
615,-16,0.10969710632882736,27,1
616,10,0.3869667053222656,1,1
617,9,0.09084117971360683,2,1
618,9,0.1222563311457634,2,1
619,8,0.07062697286407153,3,1
620,10,0.038328226655721664,1,1
621,10,0.02225031703710556,1,1
622,7,0.10073820222169161,4,1
623,-10,0.05354246497154236,1,0
624,8,0.04696422070264816,3,1
625,10,0.09675511717796326,1,1
626,8,0.06159170841177305,3,1
627,8,0.06514290099342664,3,1
628,9,0.04522375762462616,2,1
629,8,0.05697251856327057,3,1
630,8,0.05798580621679624,3,1
631,6,0.1455571673810482,5,1
632,6,0.13282105326652527,5,1
633,10,0.03689400851726532,1,1
634,9,0.047395043075084686,2,1
635,9,0.04365719109773636,2,1
636,8,0.05424384276072184,3,1
637,-50,0.0736055912077427,50,0
638,8,0.23119752605756125,3,1
639,8,0.05507736777265867,3,1
640,9,0.0749751590192318,2,1
641,-50,0.10674804829061031,50,0
642,-17,0.11826295438887817,28,1
643,6,0.04333718344569206,5,1
644,7,0.2127955313771963,4,1
645,8,0.023807084808746975,3,1
646,7,0.07000132370740175,4,1
647,9,0.01672557881101966,2,1
648,4,0.11263205084417548,7,1
649,9,0.042903412133455276,2,1
650,8,0.07688056925932567,3,1
651,7,0.05132538080215454,4,1
652,7,0.0429599336348474,4,1
653,10,0.011051828972995281,1,1
654,9,0.01777500519528985,2,1
655,9,0.06753942556679249,2,1
656,-14,0.10544945418834686,25,1
657,10,0.0634303167462349,1,1
658,9,0.28792288713157177,2,1
659,6,0.058400598168373105,5,1
660,10,0.027350731194019318,1,1
661,8,0.21953841547171274,3,1
662,7,0.07545308955013752,4,1
663,8,0.03906139855583509,3,1
664,-50,0.0663694692030549,50,0
665,9,0.03106971550732851,2,1
666,7,0.041990899946540594,4,1
667,10,0.021964021027088165,1,1
668,8,0.02601422866185506,3,1
669,8,0.01937479122231404,3,1
670,8,0.023241433935860794,3,1
671,10,0.026237305253744125,1,1
672,-41,0.08730826538521796,32,0
673,8,0.05326909820238749,3,1
674,-10,0.03722834782231422,21,1
675,8,0.20624624068538347,3,1
676,10,0.34813010692596436,1,1
677,10,0.11800040304660797,1,1
678,10,0.05372961610555649,1,1
679,9,0.03038477525115013,2,1
680,9,0.07855816185474396,2,1
681,8,0.04133959487080574,3,1
682,7,0.032246507704257965,4,1
683,7,0.05250893998891115,4,1
684,-28,0.06893330974838673,39,1
685,8,0.0419590137898922,3,1
686,8,0.17499721174438795,3,1
687,9,0.06596523709595203,2,1
688,9,0.055254338309168816,2,1
689,10,0.023117810487747192,1,1
690,8,0.16893058083951473,3,1
691,-18,0.055806325395302524,29,1
692,6,0.20890791192650796,5,1
693,-12,0.06048619250456492,3,0
694,9,0.03412111196666956,2,1
695,9,0.04348105378448963,2,1
696,10,0.03380121290683746,1,1
697,-16,0.0567080185369209,27,1
698,9,0.08398982603102922,2,1
699,-5,0.12621663964819163,16,1
700,9,0.05266650393605232,2,1
701,9,0.23033427447080612,2,1
702,9,0.055092496797442436,2,1
703,6,0.047355611249804495,5,1
704,10,0.039751648902893066,1,1
705,8,0.047913444538911186,3,1
706,-50,0.13402486128732563,50,0
707,9,0.032703536562621593,2,1
708,10,0.032454703003168106,1,1
709,8,0.031180291747053463,3,1
710,9,0.1096930205821991,2,1
711,10,0.12709632515907288,1,1
712,10,0.15706774592399597,1,1
713,9,0.15394100546836853,2,1
714,9,0.03455646149814129,2,1
715,7,0.17148756608366966,4,1
716,9,0.01910507446154952,2,1
717,-22,0.12596829149585503,13,0
718,8,0.061111566300193466,3,1
719,9,0.08819567039608955,2,1
720,9,0.1397877186536789,2,1
721,9,0.06698090583086014,2,1
722,-16,0.08858901503737326,27,1
723,10,0.061762675642967224,1,1
724,-4,0.07875925886134306,15,1
725,10,0.07933469861745834,1,1
726,10,0.04680699482560158,1,1
727,9,0.03771079704165459,2,1
728,5,0.16576263618965945,6,1
729,-14,0.06353849567472934,25,1
730,9,0.018552078865468502,2,1
731,-10,0.018086157739162445,1,0
732,9,0.06439209170639515,2,1
733,-12,0.03891519953807195,3,0
734,-19,0.10744613315910101,30,1
735,6,0.0486054964363575,5,1
736,9,0.2053022552281618,2,1
737,9,0.03437355160713196,2,1
738,9,0.054379926063120365,2,1
739,6,0.03081445526331663,5,1
740,10,0.3282465636730194,1,1
741,9,0.23283333145081997,2,1
742,10,0.21445584297180176,1,1
743,9,0.13122111558914185,2,1
744,9,0.038032534532248974,2,1
745,9,0.18016450107097626,2,1
746,10,0.07705413550138474,1,1
747,-10,0.0680583044886589,1,0
748,9,0.0936041921377182,2,1
749,9,0.20446900092065334,2,1
750,8,0.041151764492193856,3,1
751,-11,0.0460340374742042,22,1
752,8,0.0916821329543988,3,1
753,-9,0.08903188584372401,20,1
754,9,0.1153060831129551,2,1
755,9,0.045719695277512074,2,1
756,9,0.10985147021710873,2,1
757,10,0.4487610161304474,1,1
758,9,0.05428089387714863,2,1
759,9,0.17348983511328697,2,1
760,8,0.20866791096826395,3,1
761,10,0.0738770142197609,1,1
762,8,0.030438965807358425,3,1
763,10,0.014997055754065514,1,1
764,10,0.05980699881911278,1,1
765,9,0.12914296612143517,2,1
766,4,0.04533158615231514,7,1
767,9,0.044114504009485245,2,1
768,7,0.14735190058127046,4,1
769,10,0.3427979350090027,1,1
770,7,0.03141395375132561,4,1
771,10,0.014021236449480057,1,1
772,9,0.10024783946573734,2,1
773,8,0.06403278807799022,3,1
774,9,0.12635846994817257,2,1
775,8,0.17088157186905542,3,1
776,10,0.025475293397903442,1,1
777,8,0.22572889178991318,3,1
778,10,0.020606471225619316,1,1
779,10,0.04123563691973686,1,1
780,10,0.009966887533664703,1,1
781,-50,0.1044857925362885,50,0
782,-50,0.08976393423974514,50,0
783,7,0.14239799417555332,4,1
784,10,0.029114598408341408,1,1
785,7,0.024105557473376393,4,1
786,8,0.05873167266448339,3,1
787,9,0.04555669240653515,2,1
788,6,0.05031561367213726,5,1
789,8,0.04197085897127787,3,1
790,9,0.020974365063011646,2,1
791,8,0.07022538594901562,3,1
792,10,0.4073645770549774,1,1
793,7,0.05261235265061259,4,1
794,-50,0.07885599818080663,50,0
795,10,0.05198071524500847,1,1
796,10,0.036233287304639816,1,1
797,5,0.04623758823921283,6,1
798,9,0.11362413503229618,2,1
799,9,0.03542798385024071,2,1
800,8,0.12096583284437656,3,1
801,8,0.04612369587024053,3,1
802,6,0.12438258528709412,5,1
803,9,0.07778650149703026,2,1
804,8,0.03738675390680631,3,1
805,-23,0.0717229626744109,34,1
806,9,0.3692132979631424,2,1
807,5,0.08515153701106708,6,1
808,9,0.16161251161247492,2,1
809,7,0.11810154188424349,4,1
810,-28,0.07774319650175479,39,1
811,10,0.031407058238983154,1,1
812,-10,0.017357410863041878,1,0
813,8,0.20876320824027061,3,1
814,8,0.07691638233760993,3,1
815,7,0.08453731355257332,4,1
816,7,0.041820263024419546,4,1
817,6,0.043354937434196474,5,1
818,8,0.038193911934892334,3,1
819,9,0.030260474421083927,2,1
820,9,0.051960548385977745,2,1
821,10,0.12351612001657486,1,1
822,8,0.07425420731306076,3,1
823,10,0.04351576417684555,1,1
824,8,0.07625649248560269,3,1
825,9,0.08229532465338707,2,1
826,4,0.13110865226813725,7,1
827,7,0.14534985926002264,4,1
828,9,0.05969778262078762,2,1
829,-50,0.07743647189810872,50,0
830,8,0.032364496340354286,3,1
831,8,0.05673733539879322,3,1
832,10,0.043605007231235504,1,1
833,8,0.05024172676106294,3,1
834,8,0.03141493660708269,3,1
835,8,0.04100095915297667,3,1
836,8,0.030715260344247024,3,1
837,10,0.044155433773994446,1,1
838,8,0.25143710648020107,3,1
839,6,0.13341068997979164,5,1
840,8,0.11636047561963399,3,1
841,6,0.05109280832111836,5,1
842,-10,0.015061558224260807,1,0
843,6,0.026698993146419527,5,1
844,8,0.3262767878671487,3,1
845,-10,0.4285358488559723,1,0
846,9,0.05961514823138714,2,1
847,4,0.10980504298848766,7,1
848,10,0.06864839047193527,1,1
849,9,0.08263062685728073,2,1
850,2,0.03406316818048557,9,1
851,-50,0.07699315791949629,50,0
852,10,0.027301538735628128,1,1
853,8,0.21792425339420637,3,1
854,8,0.07896096569796403,3,1
855,7,0.04561699042096734,4,1
856,-33,0.07760796238752929,44,1
857,6,0.03352685794234276,5,1
858,8,0.06018071497480074,3,1
859,7,0.10708144214004278,4,1
860,7,0.087178117595613,4,1
861,8,0.03341492762168249,3,1
862,7,0.04698526207357645,4,1
863,9,0.030526012182235718,2,1
864,9,0.15531222335994244,2,1
865,10,0.06889072805643082,1,1
866,7,0.15672501735389233,4,1
867,9,0.2517640832811594,2,1
868,6,0.05658798888325691,5,1
869,10,0.15793564915657043,1,1
870,9,0.10867340490221977,2,1
871,-11,0.020616034977138042,2,0
872,-11,0.1352863945066929,2,0
873,9,0.2524336203932762,2,1
874,9,0.04318002611398697,2,1
875,10,0.02234499529004097,1,1
876,8,0.17095123479763666,3,1
877,6,0.1374017920345068,5,1
878,-50,0.08316044734790921,50,0
879,5,0.06490633202095826,6,1
880,-13,0.16612032296446463,24,1
881,9,0.04502861946821213,2,1
882,4,0.041945532762578557,7,1
883,10,0.2205323725938797,1,1
884,6,0.0810185182839632,5,1
885,8,0.10040838581820329,3,1
886,9,0.13658838532865047,2,1
887,7,0.03829874470829964,4,1
888,10,0.046594616025686264,1,1
889,-50,0.0788762641325593,50,0
890,7,0.17192318104207516,4,1
891,9,0.04041956551373005,2,1
892,8,0.03996165686597427,3,1
893,7,0.0498561249114573,4,1
894,7,0.17963809287175536,4,1
895,9,0.052069093100726604,2,1
896,7,0.04112421115860343,4,1
897,5,0.08556043170392513,6,1
898,10,0.04218713939189911,1,1
899,8,0.03946209823091825,3,1
900,9,0.21966843586415052,2,1
901,5,0.04402586740131179,6,1
902,9,0.06294796103611588,2,1
903,10,0.11519021540880203,1,1
904,8,0.030588043853640556,3,1
905,10,0.04663717746734619,1,1
906,8,0.024631084874272346,3,1
907,10,0.0850471556186676,1,1
908,8,0.02782890945672989,3,1
909,7,0.04968209192156792,4,1
910,10,0.3721652328968048,1,1
911,9,0.18964414112269878,2,1
912,-21,0.06992597243515775,32,1
913,9,0.10499352961778641,2,1
914,9,0.10753026232123375,2,1
915,9,0.11598090082406998,2,1
916,-10,0.04406420886516571,1,0
917,9,0.0911271683871746,2,1
918,8,0.15201347321271896,3,1
919,8,0.05936238666375478,3,1
920,8,0.2067152919868628,3,1
921,8,0.07416630039612453,3,1
922,9,0.23593031242489815,2,1
923,8,0.05578255901734034,3,1
924,6,0.07604287415742875,5,1
925,0,0.10449504361233929,11,1
926,7,0.10598033387213945,4,1
927,10,0.1646755337715149,1,1
928,1,0.12215069495141506,10,1
929,-50,0.10186257213354111,50,0
930,6,0.07424436733126641,5,1
931,-50,0.09543374305590988,50,0
932,5,0.04373054578900337,6,1
933,5,0.03868361050263047,6,1
934,9,0.10900858417153358,2,1
935,9,0.026732491329312325,2,1
936,9,0.06836777180433273,2,1
937,8,0.16058463230729103,3,1
938,7,0.1220600176602602,4,1
939,-18,0.0937483176299981,29,1
940,8,0.065093328555425,3,1
941,8,0.0675233006477356,3,1
942,9,0.02415658626705408,2,1
943,9,0.14565660431981087,2,1
944,-19,0.0780550041856865,30,1
945,7,0.08494832459837198,4,1
946,8,0.07399151101708412,3,1
947,-17,0.1068457504734397,8,0
948,1,0.05575171848759055,10,1
949,8,0.061554938554763794,3,1
950,-50,0.069857313092798,50,0
951,8,0.025740318931639194,3,1
952,8,0.07053561260302861,3,1
953,7,0.023556137923151255,4,1
954,10,0.052859313786029816,1,1
955,7,0.04858251288533211,4,1
956,8,0.022169846730927627,3,1
957,10,0.012065102346241474,1,1
958,10,0.022720158100128174,1,1
959,10,0.029714740812778473,1,1
960,7,0.01652803923934698,4,1
961,-15,0.047250915838118926,26,1
962,6,0.18036253675818442,5,1
963,6,0.07518707178533077,5,1
964,8,0.020209480077028275,3,1
965,6,0.07833325322717428,5,1
966,8,0.143153948088487,3,1
967,7,0.039314820896834135,4,1
968,9,0.03031165711581707,2,1
969,-50,0.061464682780206205,50,0
970,10,0.07134661078453064,1,1
971,6,0.08351369276642799,5,1
972,10,0.06268158555030823,1,1
973,-12,0.061423663049936295,3,0
974,-21,0.08985862031113356,32,1
975,5,0.04506333979467551,6,1
976,8,0.20471983154614767,3,1
977,9,0.052660733461380005,2,1
978,9,0.07651583477854729,2,1
979,10,0.04014541953802109,1,1
980,8,0.03824967766801516,3,1
981,6,0.07640267461538315,5,1
982,7,0.07637744024395943,4,1
983,7,0.0759966978803277,4,1
984,7,0.042460715398192406,4,1
985,-21,0.08422089600935578,32,1
986,-39,0.11174880005419255,30,0
987,6,0.06881078705191612,5,1
988,6,0.08723234683275223,5,1
989,8,0.052198717991511025,3,1
990,3,0.08899188553914428,8,1
991,7,0.04991902317851782,4,1
992,8,0.12689107904831567,3,1
993,7,0.06691692024469376,4,1
994,9,0.052115557715296745,2,1
995,10,0.021384136751294136,1,1
996,9,0.07919307239353657,2,1
997,7,0.04951774002984166,4,1
998,-50,0.10366720231249929,50,0
999,7,0.03950752504169941,4,1
1000,7,0.04395485436543822,4,1
1,9,0.03025001659989357,2,1
2,10,0.11117038875818253,1,1
3,-10,0.03533741428206364,21,1
4,9,0.05911705642938614,2,1
5,7,0.0743139274418354,4,1
6,10,0.018268495798110962,1,1
7,9,0.06390880048274994,2,1
8,9,0.27081616781651974,2,1
9,10,0.011376374401152134,1,1
10,9,0.03803658299148083,2,1
11,8,0.05470960090557734,3,1
12,9,0.060565683990716934,2,1
13,9,0.02808573842048645,2,1
14,10,0.09043508023023605,1,1
15,9,0.02406898234039545,2,1
16,-10,0.030695907771587372,1,0
17,-19,0.058212671894580126,10,0
18,-50,0.0645885836519301,50,0
19,9,0.27711474895477295,2,1
20,10,0.029839223250746727,1,1
21,-3,0.09504301779504333,14,1
22,8,0.043696410643557705,3,1
23,10,0.08558084815740585,1,1
24,2,0.16994995127121607,9,1
25,9,0.24930540099740028,2,1
26,6,0.03340110033750534,5,1
27,8,0.027164457365870476,3,1
28,9,0.10542106255888939,2,1
29,6,0.10853544622659683,5,1
30,8,0.044258887569109596,3,1
31,-28,0.06864093764661214,39,1
32,10,0.022734250873327255,1,1
33,8,0.11006673860053222,3,1
34,10,0.12452670931816101,1,1
35,9,0.07254582643508911,2,1
36,-50,0.06855855342000723,50,0
37,5,0.1314381162325541,6,1
38,8,0.1615180435280005,3,1
39,10,0.03837843984365463,1,1
40,8,0.051540362338225044,3,1
41,7,0.06740849930793047,4,1
42,7,0.03728940151631832,4,1
43,10,0.026949716731905937,1,1
44,7,0.051301149651408195,4,1
45,10,0.13638663291931152,1,1
46,-23,0.11011837014709325,34,1
47,10,0.06519988179206848,1,1
48,7,0.03484113793820143,4,1
49,10,0.02543601207435131,1,1
50,9,0.25800508819520473,2,1
51,8,0.05289607122540474,3,1
52,8,0.03061852479974429,3,1
53,8,0.038994974767168365,3,1
54,9,0.03872004430741072,2,1
55,-22,0.06579792254011739,33,1
56,9,0.03903821296989918,2,1
57,10,0.031065652146935463,1,1
58,8,0.18146221277614435,3,1
59,9,0.04118563421070576,2,1
60,6,0.036923883482813835,5,1
61,10,0.06260885298252106,1,1
62,9,0.034381961449980736,2,1
63,5,0.10036144281427066,6,1
64,-10,0.04851536080241203,1,0
65,9,0.04340082406997681,2,1
66,-19,0.06697678851584593,30,1
67,-50,0.08189706047996878,50,0
68,10,0.020062735304236412,1,1
69,10,0.021231308579444885,1,1
70,9,0.02925980929285288,2,1
71,8,0.035221876576542854,3,1
72,10,0.020785581320524216,1,1
73,10,0.011172570288181305,1,1
74,10,0.0491781011223793,1,1
75,7,0.03585739340633154,4,1
76,10,0.0234155785292387,1,1
77,10,0.02391406148672104,1,1
78,6,0.027262729406356812,5,1
79,8,0.18652941659092903,3,1
80,10,0.006446857936680317,1,1
81,10,0.016561048105359077,1,1
82,9,0.06605470553040504,2,1
83,-4,0.0599936372290055,15,1
84,-3,0.10183803218283824,14,1
85,10,0.04899903014302254,1,1
86,10,0.11481979489326477,1,1
87,9,0.053959453478455544,2,1
88,10,0.44581758975982666,1,1
89,-47,0.07907689909303658,38,0
90,4,0.06426258757710457,7,1
91,10,0.04246322065591812,1,1
92,7,0.023506873985752463,4,1
93,7,0.046066285809502006,4,1
94,6,0.040416643023490906,5,1
95,8,0.044150710105895996,3,1
96,7,0.0632803700864315,4,1
97,9,0.05012305825948715,2,1
98,7,0.04171690996736288,4,1
99,10,0.07053890079259872,1,1
100,10,0.02415337972342968,1,1
101,7,0.05750457523390651,4,1
102,8,0.04813403822481632,3,1
103,5,0.042270971151689686,6,1
104,5,0.10975148932387431,6,1
105,9,0.04491816367954016,2,1
106,5,0.043881747561196484,6,1
107,5,0.03350972601523002,6,1
108,7,0.02318091527558863,4,1
109,9,0.019169901497662067,2,1
110,6,0.148368252068758,5,1
111,10,0.0259559229016304,1,1
112,9,0.03440309129655361,2,1
113,8,0.06272498642404874,3,1
114,8,0.09838131877283256,3,1
115,-11,0.027015692554414272,2,0
116,9,0.07133771665394306,2,1
117,6,0.14880813397467135,5,1
118,7,0.04033129336312413,4,1
119,9,0.056125301867723465,2,1
120,10,0.01611432619392872,1,1
121,-26,0.07441935081638999,37,1
122,10,0.0738823339343071,1,1
123,9,0.22646310180425644,2,1
124,8,0.06511784220735232,3,1
125,7,0.17422034591436386,4,1
126,9,0.08653257228434086,2,1
127,6,0.11664229929447174,5,1
128,8,0.0919783686598142,3,1
129,5,0.11426407999048631,6,1
130,7,0.07455420680344105,4,1
131,-50,0.0827794300764799,50,0
132,10,0.05355573073029518,1,1
133,9,0.029219940304756165,2,1
134,9,0.2184249833226204,2,1
135,9,0.020177212543785572,2,1
136,8,0.037501389160752296,3,1
137,-15,0.13936527088905373,6,0
138,-50,0.08334292410872876,50,0
139,6,0.06492293551564217,5,1
140,-13,0.08562053980616231,24,1
141,7,0.12683012057095766,4,1
142,10,0.19028858840465546,1,1
143,9,0.06184107903391123,2,1
144,-11,0.09132512286305428,2,0
145,2,0.17208527442481783,9,1
146,10,0.3826529085636139,1,1
147,-50,0.1244452878460288,50,0
148,-50,0.09208245084621013,50,0
149,10,0.027659928426146507,1,1
150,6,0.06984356865286827,5,1
151,6,0.1068439807742834,5,1
152,10,0.0770815759897232,1,1
153,9,0.027866465039551258,2,1
154,8,0.045196025321880974,3,1
155,6,0.04834547769278288,5,1
156,-32,0.07359112327008746,43,1
157,7,0.045191540848463774,4,1
158,8,0.022585904225707054,3,1
159,10,0.033630311489105225,1,1
160,10,0.04888995736837387,1,1
161,9,0.05326221603900194,2,1
162,-20,0.10577703652564775,11,0
163,6,0.02905103228986263,5,1
164,8,0.053295656417806946,3,1
165,-14,0.11496485620737076,5,0
166,8,0.15511220693588257,3,1
167,6,0.045934257283806804,5,1
168,4,0.05857943370938301,7,1
169,10,0.22546303272247314,1,1
170,5,0.07695400528609753,6,1
171,8,0.2865964000423749,3,1
172,7,0.042657413985580206,4,1
173,9,0.06190638616681099,2,1
174,10,0.029470423236489296,1,1
175,9,0.06577648967504501,2,1
176,9,0.031264000572264194,2,1
177,-15,0.19492264821504554,6,0
178,-11,0.22189170122146606,2,0
179,8,0.26419704034924507,3,1
180,8,0.3125946956376235,3,1
181,10,0.026523850858211517,1,1
182,9,0.02279653213918209,2,1
183,9,0.2829795181751251,2,1
184,5,0.05749130838861068,6,1
185,8,0.13937255615989366,3,1
186,7,0.05887600453570485,4,1
187,7,0.07841662503778934,4,1
188,8,0.10103338211774826,3,1
189,-10,0.015288803726434708,1,0
190,9,0.10794070363044739,2,1
191,-50,0.12604899318888785,50,0
192,9,0.08031835407018661,2,1
193,8,0.14275243257482848,3,1
194,7,0.04789497423917055,4,1
195,8,0.04804689437150955,3,1
196,8,0.06601227819919586,3,1
197,10,0.13629721105098724,1,1
198,8,0.047509667153159775,3,1
199,7,0.2176772654056549,4,1
200,9,0.3101680055260658,2,1
201,-30,0.11178851511511134,41,1
202,10,0.09439995139837265,1,1
203,6,0.07992843464016915,5,1
204,9,0.053462253883481026,2,1
205,7,0.2799256769940257,4,1
206,8,0.05584466022749742,3,1
207,10,0.17021457850933075,1,1
208,8,0.07049039627114932,3,1
209,-10,0.02392902411520481,1,0
210,8,0.0461424154539903,3,1
211,10,0.02712651900947094,1,1
212,10,0.04775146394968033,1,1
213,-10,0.03143012896180153,1,0
214,6,0.10644970275461674,5,1
215,-10,0.044165369123220444,1,0
216,8,0.037633178755640984,3,1
217,-2,0.1114720981568098,13,1
218,10,0.05504516884684563,1,1
219,7,0.09033235162496567,4,1
220,8,0.2414039671421051,3,1
221,4,0.1706149908048766,7,1
222,10,0.049105070531368256,1,1
223,9,0.15730416029691696,2,1
224,8,0.060179375732938446,3,1
225,8,0.1049937941133976,3,1
226,10,0.06822191923856735,1,1
227,9,0.26107876747846603,2,1
228,10,0.11819479614496231,1,1
229,8,0.35064196462432545,3,1
230,-50,0.11478426773101091,50,0
231,6,0.3361840233206749,5,1
232,10,0.520112931728363,1,1
233,8,0.03531604011853536,3,1
234,9,0.07881259173154831,2,1
235,10,0.049826283007860184,1,1
236,7,0.04256410337984562,4,1
237,9,0.27583935856819153,2,1
238,10,0.0443665012717247,1,1
239,10,0.024520447477698326,1,1
240,10,0.04732532799243927,1,1
241,-50,0.07955381883308292,50,0
242,10,0.04376561939716339,1,1
243,9,0.12483209744095802,2,1
244,9,0.0959717258810997,2,1
245,-50,0.09192788850516082,50,0
246,9,0.0998484417796135,2,1
247,7,0.06579529214650393,4,1
248,7,0.18651976715773344,4,1
249,-13,0.07578331689971189,24,1
250,10,0.00853248592466116,1,1
251,9,0.076842550188303,2,1
252,8,0.08005718607455492,3,1
253,6,0.09152118191123008,5,1
254,7,0.20428152848035097,4,1
255,8,0.12268003697196643,3,1
256,10,0.2047463357448578,1,1
257,-6,0.20879354766186545,17,1
258,-25,0.12580817642932138,36,1
259,6,0.2733531564474106,5,1
260,8,0.04899655530850092,3,1
261,8,0.04045166509846846,3,1
262,9,0.035724357701838017,2,1
263,-14,0.08641834516078234,25,1
264,7,0.12278455775231123,4,1
265,7,0.04412966500967741,4,1
266,7,0.043573840986937284,4,1
267,9,0.1739467829465866,2,1
268,7,0.07423115335404873,4,1
269,-17,0.08557132485189609,28,1
270,8,0.05478213417033354,3,1
271,8,0.13236383845408758,3,1
272,10,0.06639593839645386,1,1
273,8,0.08704626808563869,3,1
274,10,0.04916936159133911,1,1
275,8,0.072946447879076,3,1
276,4,0.08655730741364616,7,1
277,6,0.06921936385333538,5,1
278,7,0.040237309876829386,4,1
279,6,0.061117527261376384,5,1
280,9,0.03477360960096121,2,1
281,9,0.05089268088340759,2,1
282,10,0.1347782015800476,1,1
283,10,0.12622278928756714,1,1
284,5,0.05269076333691677,6,1
285,9,0.2062232345342636,2,1
286,7,0.05050750821828842,4,1
287,8,0.20384512220819792,3,1
288,-44,0.07944407904786722,35,0
289,0,0.12169950472360308,11,1
290,8,0.029917969678839047,3,1
291,10,0.04355522245168686,1,1
292,-50,0.09175032269209624,50,0
293,10,0.1931433528661728,1,1
294,9,0.1349676549434662,2,1
295,8,0.12906882787744203,3,1
296,-11,0.07005928456783295,2,0
297,6,0.08980367109179496,5,1
298,-10,0.04894810914993286,1,0
299,0,0.04882102527401664,11,1
300,8,0.22108985980351767,3,1
301,8,0.035798427959283195,3,1
302,7,0.1935554351657629,4,1
303,6,0.059928910434246065,5,1
304,10,0.02714581787586212,1,1
305,8,0.17750642945369086,3,1
306,6,0.13645701855421066,5,1
307,10,0.07398736476898193,1,1
308,6,0.06711330749094487,5,1
309,-6,0.10993418185149922,17,1
310,6,0.06604101844131946,5,1
311,9,0.06195146590471268,2,1
312,10,0.059803612530231476,1,1
313,7,0.1327287710737437,4,1
314,6,0.06521939113736153,5,1
315,7,0.03506026975810528,4,1
316,10,0.013395954854786396,1,1
317,8,0.2541401721537113,3,1
318,10,0.08509206771850586,1,1
319,10,0.05103183537721634,1,1
320,8,0.09636521339416504,3,1
321,9,0.050908152014017105,2,1
322,-6,0.08870756900047555,17,1
323,8,0.1024547591805458,3,1
324,7,0.0368351791985333,4,1
325,7,0.06309777591377497,4,1
326,7,0.08271788898855448,4,1
327,8,0.17376198495427767,3,1
328,9,0.06784804351627827,2,1
329,9,0.11963474005460739,2,1
330,7,0.12138739135116339,4,1
331,10,0.061604369431734085,1,1
332,8,0.10724114874998729,3,1
333,7,0.07634302065707743,4,1
334,9,0.11728799343109131,2,1
335,-7,0.08232427957571214,18,1
336,7,0.266647741664201,4,1
337,10,0.093955397605896,1,1
338,9,0.05060724541544914,2,1
339,7,0.06333312951028347,4,1
340,7,0.14284251863136888,4,1
341,9,0.0382461603730917,2,1
342,7,0.07281567109748721,4,1
343,9,0.05089820548892021,2,1
344,8,0.047134993597865105,3,1
345,7,0.03600671631284058,4,1
346,8,0.1412431262433529,3,1
347,8,0.07514163479208946,3,1
348,8,0.1768336296081543,3,1
349,9,0.06342163681983948,2,1
350,9,0.028814250603318214,2,1
351,10,0.08922000229358673,1,1
352,9,0.039579219184815884,2,1
353,9,0.038326866924762726,2,1
354,8,0.045380811827878155,3,1
355,10,0.08945545554161072,1,1
356,9,0.032970596104860306,2,1
357,7,0.054436197970062494,4,1
358,10,0.0642530620098114,1,1
359,-6,0.06588180867188118,17,1
360,7,0.10397663712501526,4,1
361,7,0.0819775527343154,4,1
362,8,0.12310675779978435,3,1
363,10,0.0548056960105896,1,1
364,10,0.5476661920547485,1,1
365,8,0.1527587572733561,3,1
366,7,0.041182813700288534,4,1
367,9,0.07747156172990799,2,1
368,8,0.07688762247562408,3,1
369,-21,0.08957994572119787,32,1
370,7,0.07911262288689613,4,1
371,8,0.09432827060421307,3,1
372,7,0.04307261761277914,4,1
373,-7,0.06545389702336656,18,1
374,-50,0.08848039485514164,50,0
375,7,0.10867764800786972,4,1
376,7,0.038480888586491346,4,1
377,7,0.08664525160565972,4,1
378,6,0.09949448555707932,5,1
379,8,0.046491110076506935,3,1
380,10,0.15877461433410645,1,1
381,10,0.05563626438379288,1,1
382,-34,0.07382423416193988,45,1
383,9,0.049469999969005585,2,1
384,9,0.04951806925237179,2,1
385,9,0.08978001773357391,2,1
386,8,0.06629536549250285,3,1
387,10,0.0977955237030983,1,1
388,6,0.1849713534116745,5,1
389,8,0.022673522122204304,3,1
390,6,0.037668891903012994,5,1
391,-10,0.038247011601924896,1,0
392,10,0.056770071387290955,1,1
393,9,0.0545194186270237,2,1
394,9,0.020044398494064808,2,1
395,-12,0.0296701118350029,3,0
396,9,0.05496420431882143,2,1
397,9,0.02624548226594925,2,1
398,9,0.0512706208974123,2,1
399,8,0.045228942607839905,3,1
400,6,0.15996429100632667,5,1
401,-50,0.08564440598711372,50,0
402,8,0.4395984411239624,3,1
403,8,0.1632495398322741,3,1
404,8,0.08111384076376756,3,1
405,0,0.10804171149026263,11,1
406,7,0.07477063126862049,4,1
407,-50,0.10711871102452278,50,0
408,8,0.055866884688536324,3,1
409,9,0.2720434442162514,2,1
410,-14,0.11096025932580232,25,1
411,7,0.2778045926243067,4,1
412,9,0.12541020661592484,2,1
413,8,0.06643704573313396,3,1
414,-28,0.11008199483442765,39,1
415,10,0.05303827300667763,1,1
416,9,0.09837809205055237,2,1
417,8,0.09125912189483643,3,1
418,9,0.056428009644150734,2,1
419,-15,0.12012536121675602,26,1
420,7,0.03629106096923351,4,1
421,8,0.04612677047650019,3,1
422,9,0.028305627405643463,2,1
423,6,0.08785934150218963,5,1
424,8,0.08745445807774861,3,1
425,-50,0.10083589373156428,50,0
426,9,0.10094105079770088,2,1
427,6,0.1398874707520008,5,1
428,10,0.05296903848648071,1,1
429,8,0.06076871107021967,3,1
430,5,0.10069868465264638,6,1
431,9,0.025391867384314537,2,1
432,9,0.04736098647117615,2,1
433,9,0.12492205202579498,2,1
434,9,0.1451352797448635,2,1
435,8,0.02820081791530053,3,1
436,10,0.0345287099480629,1,1
437,9,0.03736970014870167,2,1
438,9,0.03328666463494301,2,1
439,7,0.07805797178298235,4,1
440,6,0.04768807105720043,5,1
441,10,0.02491898089647293,1,1
442,8,0.060698376347621284,3,1
443,10,0.007925181649625301,1,1
444,8,0.15175988897681236,3,1
445,-10,0.39334186911582947,1,0
446,8,0.05052082551022371,3,1
447,10,0.010692810639739037,1,1
448,7,0.03146215993911028,4,1
449,-4,0.036149597230056923,15,1
450,9,0.04116240423172712,2,1
451,2,0.07430739742186335,9,1
452,10,0.03414148837327957,1,1
453,10,0.03560326248407364,1,1
454,9,0.26346798427402973,2,1
455,7,0.047607564367353916,4,1
456,7,0.039616802241653204,4,1
457,9,0.03155655413866043,2,1
458,9,0.06443118676543236,2,1
459,9,0.041917959228158,2,1
460,7,0.24869400588795543,4,1
461,10,0.025097569450736046,1,1
462,5,0.08750966719041268,6,1
463,7,0.05885600228793919,4,1
464,8,0.07081460580229759,3,1
465,8,0.03186885826289654,3,1
466,-30,0.09800884322967471,41,1
467,10,0.06265301257371902,1,1
468,9,0.04177659936249256,2,1
469,8,0.10998368759950002,3,1
470,10,0.053273722529411316,1,1
471,9,0.22243590652942657,2,1
472,4,0.07930759021214076,7,1
473,-6,0.1143942296724109,17,1
474,-14,0.24134378805756568,5,0
475,9,0.08044629730284214,2,1
476,8,0.10190025592843692,3,1
477,7,0.08828469133004546,4,1
478,10,0.06304243952035904,1,1
479,7,0.06358965067192912,4,1
480,10,0.4836242198944092,1,1
481,9,0.036827558651566505,2,1
482,10,0.0588466115295887,1,1
483,7,0.05184407578781247,4,1
484,7,0.055017419159412384,4,1
485,9,0.047285666689276695,2,1
486,7,0.30443641217425466,4,1
487,9,0.07548928633332253,2,1
488,9,0.2570635415613651,2,1
489,-36,0.1133933526642145,47,1
490,7,0.16064309934154153,4,1
491,9,0.050797225907444954,2,1
492,9,0.047026476822793484,2,1
493,9,0.06465276330709457,2,1
494,4,0.07259737966316086,7,1
495,9,0.05592822935432196,2,1
496,9,0.05961988680064678,2,1
497,7,0.0432734414935112,4,1
498,9,0.031949447467923164,2,1
499,8,0.026367429022987682,3,1
500,8,0.09375564754009247,3,1
501,0,0.07968250086361711,11,1
502,10,0.040645238012075424,1,1
503,7,0.10416358942165971,4,1
504,-26,0.11020003040047253,17,0
505,6,0.13646243512630463,5,1
506,1,0.10776799004524946,10,1
507,7,0.10689920885488391,4,1
508,10,0.6592592000961304,1,1
509,8,0.0348967636624972,3,1
510,-14,0.11096200942993165,5,0
511,8,0.14220106042921543,3,1
512,9,0.0872320244088769,2,1
513,8,0.05113501846790314,3,1
514,8,0.057770069067676864,3,1
515,10,0.11881320923566818,1,1
516,9,0.06782093271613121,2,1
517,10,0.11095276474952698,1,1
518,6,0.19275919497013091,5,1
519,9,0.07074847258627415,2,1
520,9,0.05714842118322849,2,1
521,10,0.1265282928943634,1,1
522,9,0.2667104322463274,2,1
523,9,0.07006221637129784,2,1
524,9,0.04487238824367523,2,1
525,-14,0.11275838393718005,25,1
526,9,0.03346928767859936,2,1
527,-26,0.11077301390469074,17,0
528,8,0.06714527184764545,3,1
529,8,0.27287138253450394,3,1
530,8,0.039630318681399025,3,1
531,6,0.038089669495821,5,1
532,10,0.07875345647335052,1,1
533,8,0.05074172435949246,3,1
534,-23,0.10156104647937943,34,1
535,10,0.04428642615675926,1,1
536,-24,0.08439521017883506,35,1
537,6,0.058791648223996164,5,1
538,9,0.09031343087553978,2,1
539,8,0.045304033594826855,3,1
540,9,0.05687345191836357,2,1
541,7,0.03404940338805318,4,1
542,-10,0.3804706931114197,1,0
543,9,0.03809332847595215,2,1
544,7,0.09958987822756171,4,1
545,-10,0.02283271588385105,1,0
546,-18,0.10835713629835639,29,1
547,7,0.16570647340267897,4,1
548,8,0.04087570868432522,3,1
549,-2,0.09022078519830337,13,1
550,9,0.23861766327172518,2,1
551,-10,0.0578731894493103,1,0
552,-8,0.09870724860382707,19,1
553,8,0.027831851194302242,3,1
554,6,0.13059668093919755,5,1
555,9,0.04010346997529268,2,1
556,6,0.22945372387766838,5,1
557,10,0.045000169426202774,1,1
558,8,0.10889710734287898,3,1
559,9,0.03838888369500637,2,1
560,-12,0.0693398006260395,23,1
561,8,0.17263247445225716,3,1
562,10,0.017101991921663284,1,1
563,6,0.0281830370426178,5,1
564,9,0.017341706436127424,2,1
565,8,0.026047175750136375,3,1
566,9,0.2415737621486187,2,1
567,1,0.14598017800599336,10,1
568,8,0.22056200603644052,3,1
569,10,0.0062035443261265755,1,1
570,8,0.04606126807630062,3,1
571,6,0.04180310331285,5,1
572,5,0.018377466748158138,6,1
573,5,0.12979444954544306,6,1
574,8,0.2757743410766125,3,1
575,8,0.028476605812708538,3,1
576,6,0.1998259976506233,5,1
577,9,0.02541494369506836,2,1
578,-22,0.18257555255497043,33,1
579,9,0.04152790084481239,2,1
580,8,0.2705487310886383,3,1
581,8,0.056715194756786026,3,1
582,7,0.039112765807658434,4,1
583,10,0.029517721384763718,1,1
584,10,0.09823563694953918,1,1
585,7,0.07808989379554987,4,1
586,9,0.37095773220062256,2,1
587,9,0.1457175686955452,2,1
588,7,0.11417545471340418,4,1
589,-11,0.1321945022791624,2,0
590,7,0.19630775228142738,4,1
591,7,0.0809582807123661,4,1
592,10,0.061020541936159134,1,1
593,6,0.10445291996002197,5,1
594,10,0.05071625858545303,1,1
595,10,0.05443727225065231,1,1
596,-20,0.11849808188215379,31,1
597,10,0.10716498643159866,1,1
598,8,0.10926937560240428,3,1
599,6,0.09688711017370225,5,1
600,9,0.08248831517994404,2,1
601,8,0.06556896679103374,3,1
602,6,0.20396510809659957,5,1
603,7,0.05908952280879021,4,1
604,-11,0.04658442176878452,2,0
605,8,0.13121052086353302,3,1
606,9,0.14723722636699677,2,1
607,9,0.13807194121181965,2,1
608,5,0.1108020730316639,6,1
609,8,0.05897876744469007,3,1
610,4,0.07022250230823245,7,1
611,5,0.08445178810507059,6,1
612,8,0.23104917258024216,3,1
613,8,0.04179811105132103,3,1
614,-39,0.1294082272425294,50,1
615,-15,0.10245943957796463,26,1
616,9,0.029507767409086227,2,1
617,8,0.06637879771490891,3,1
618,9,0.11064900830388069,2,1
619,9,0.07145433127880096,2,1
620,7,0.07977959886193275,4,1
621,6,0.28094162568449976,5,1
622,8,0.10827658014992873,3,1
623,6,0.09700495898723602,5,1
624,8,0.08161727959911029,3,1
625,6,0.07857987731695175,5,1
626,8,0.18412412827213606,3,1
627,6,0.12366366013884544,5,1
628,8,0.060521671548485756,3,1
629,-5,0.09161590738222003,16,1
630,9,0.037025575526058674,2,1
631,8,0.18951833123962084,3,1
632,9,0.04806903749704361,2,1
633,8,0.06620689978202184,3,1
634,9,0.19813410565257072,2,1
635,6,0.06091632917523384,5,1
636,-50,0.11712141595780849,50,0
637,-10,0.15667636692523956,1,0
638,9,0.0630337493494153,2,1
639,9,0.24469747953116894,2,1
640,-1,0.0914970039545248,12,1
641,-34,0.09731679487973452,25,0
642,9,0.17000962793827057,2,1
643,7,0.054719052743166685,4,1
644,8,0.17563210676113764,3,1
645,-25,0.10405066348094907,36,1
646,7,0.03837613109499216,4,1
647,9,0.056641217321157455,2,1
648,9,0.1139550656080246,2,1
649,8,0.12872730071345964,3,1
650,5,0.06665670064588387,6,1
651,10,0.36036884784698486,1,1
652,9,0.03172399662435055,2,1
653,-7,0.07820691628795531,18,1
654,8,0.06574175134301186,3,1
655,-37,0.08312589294898014,48,1
656,8,0.06543561567862828,3,1
657,6,0.05611678473651409,5,1
658,10,0.04621210694313049,1,1
659,10,0.043092064559459686,1,1
660,8,0.061544548720121384,3,1
661,8,0.05301339986423651,3,1
662,10,0.04765809699892998,1,1
663,8,0.04492595481375853,3,1
664,10,0.12360655516386032,1,1
665,8,0.06878364831209183,3,1
666,5,0.09401405105988185,6,1
667,7,0.07584813050925732,4,1
668,-16,0.11240958608686924,27,1
669,7,0.0475426260381937,4,1
670,9,0.027867615222930908,2,1
671,10,0.0180661678314209,1,1
672,8,0.06433498362700145,3,1
673,9,0.09168136492371559,2,1
674,4,0.05802845289664609,7,1
675,9,0.023534633684903383,2,1
676,9,0.07086285762488842,2,1
677,7,0.08433820633217692,4,1
678,10,0.030577402561903,1,1
679,8,0.06051149219274521,3,1
680,10,0.49098825454711914,1,1
681,6,0.028607554733753204,5,1
682,10,0.012685207650065422,1,1
683,10,0.03873680531978607,1,1
684,7,0.04043352464213967,4,1
685,9,0.03617829829454422,2,1
686,7,0.06642825342714787,4,1
687,10,0.03408169373869896,1,1
688,6,0.046528262458741663,5,1
689,-24,0.07938731043998684,35,1
690,8,0.07336611673235893,3,1
691,9,0.101828433573246,2,1
692,7,0.13166557997465134,4,1
693,10,0.12756311893463135,1,1
694,6,0.0627703882753849,5,1
695,9,0.0512273209169507,2,1
696,9,0.04893842339515686,2,1
697,9,0.13502386957406998,2,1
698,8,0.0614741804699103,3,1
699,7,0.05073941545560956,4,1
700,8,0.06813071916500728,3,1
701,10,0.04053754732012749,1,1
702,7,0.042138321325182915,4,1
703,9,0.19461063016206026,2,1
704,8,0.029008836175004642,3,1
705,8,0.11858657995859782,3,1
706,7,0.040011484641581774,4,1
707,10,0.03715185075998306,1,1
708,7,0.04219522466883063,4,1
709,8,0.027393150453766186,3,1
710,8,0.030137619624535244,3,1
711,9,0.09436480235308409,2,1
712,4,0.05163336970976421,7,1
713,9,0.19867674633860588,2,1
714,10,0.2519468665122986,1,1
715,7,0.09448835998773575,4,1
716,9,0.05512663722038269,2,1
717,8,0.029299795161932707,3,1
718,5,0.11289239721372724,6,1
719,8,0.035857620338598885,3,1
720,7,0.03322812728583813,4,1
721,10,0.4398377537727356,1,1
722,6,0.06253323480486869,5,1
723,9,0.0976723525673151,2,1
724,9,0.04845371376723051,2,1
725,10,0.06859054416418076,1,1
726,7,0.05697738379240036,4,1
727,10,0.05738162621855736,1,1
728,10,0.03224629908800125,1,1
729,10,0.04979030787944794,1,1
730,7,0.05499436054378748,4,1
731,8,0.14280337219436964,3,1
732,-50,0.06865754624828696,50,0
733,-16,0.06004599428602627,7,0
734,-2,0.0550689073995902,13,1
735,7,0.04942999454215169,4,1
736,9,0.0454164482653141,2,1
737,8,0.035593705251812935,3,1
738,8,0.1769940418501695,3,1
739,7,0.0743947783485055,4,1
740,8,0.06600387891133626,3,1
741,-4,0.06494037471711636,15,1
742,7,0.07452495954930782,4,1
743,7,0.05446392111480236,4,1
744,10,0.4884442687034607,1,1
745,10,0.02692105993628502,1,1
746,6,0.07828669846057892,5,1
747,6,0.08000874184072018,5,1
748,4,0.0856363477983645,7,1
749,-23,0.05738541203112725,34,1
750,8,0.019202811333040398,3,1
751,10,0.06486909836530685,1,1
752,9,0.03603952378034592,2,1
753,9,0.03348919469863176,2,1
754,7,0.035635854583233595,4,1
755,-50,0.06318732328712941,50,0
756,-35,0.12091379677160428,26,0
757,7,0.059975181706249714,4,1
758,10,0.04921649023890495,1,1
759,9,0.06263179704546928,2,1
760,7,0.08667792938649654,4,1
761,9,0.04730512201786041,2,1
762,8,0.03978722604612509,3,1
763,9,0.03425982780754566,2,1
764,10,0.03587241843342781,1,1
765,9,0.037774618715047836,2,1
766,4,0.06223749103290694,7,1
767,9,0.050319086760282516,2,1
768,7,0.03863905416801572,4,1
769,2,0.06609935727384356,9,1
770,9,0.012602902948856354,2,1
771,10,0.018942898139357567,1,1
772,10,0.026394296437501907,1,1
773,8,0.045529418935378395,3,1
774,9,0.1638564895838499,2,1
775,6,0.030001365579664707,5,1
776,8,0.049072373968859516,3,1
777,9,0.04135637264698744,2,1
778,7,0.026116420747712255,4,1
779,8,0.04372154735028744,3,1
780,9,0.024570577777922153,2,1
781,7,0.027657268568873405,4,1
782,7,0.1483296137303114,4,1
783,10,0.05700639262795448,1,1
784,6,0.20243140012025834,5,1
785,8,0.07819901593029499,3,1
786,10,0.06498847156763077,1,1
787,10,0.0479431077837944,1,1
788,10,0.07041503489017487,1,1
789,5,0.1107055488973856,6,1
790,9,0.09853232279419899,2,1
791,8,0.043879235784212746,3,1
792,2,0.0775788879642884,9,1
793,2,0.07178784927560224,9,1
794,9,0.03636588575318456,2,1
795,9,0.07920638471841812,2,1
796,9,0.0985126681625843,2,1
797,4,0.06848643813282251,7,1
798,5,0.0824191744128863,6,1
799,9,0.06238459050655365,2,1
800,9,0.0678499499335885,2,1
801,9,0.08447873964905739,2,1
802,9,0.054895784705877304,2,1
803,-26,0.06659501821205423,37,1
804,8,0.06292278195420901,3,1
805,9,0.05048039462417364,2,1
806,9,0.042459478601813316,2,1
807,9,0.08055621199309826,2,1
808,7,0.06702342163771391,4,1
809,7,0.07920488994568586,4,1
810,10,0.10920646041631699,1,1
811,9,0.13695543073117733,2,1
812,7,0.06722434423863888,4,1
813,-41,0.07337557460414246,32,0
814,7,0.05668920185416937,4,1
815,7,0.0643352516926825,4,1
816,10,0.03481163829565048,1,1
817,10,0.057142000645399094,1,1
818,-44,0.07953294896121536,35,0
819,10,0.5038115978240967,1,1
820,9,0.03362315334379673,2,1
821,9,0.04707983694970608,2,1
822,9,0.284838754683733,2,1
823,10,0.02875976823270321,1,1
824,-5,0.1070730471983552,16,1
825,6,0.04721837118268013,5,1
826,10,0.04310687631368637,1,1
827,9,0.07648179121315479,2,1
828,10,0.03941817581653595,1,1
829,1,0.07978485524654388,10,1
830,5,0.04230297449976206,6,1
831,8,0.019551950817306835,3,1
832,9,0.03553098626434803,2,1
833,7,0.20093051763251424,4,1
834,9,0.0494110994040966,2,1
835,10,0.11660303920507431,1,1
836,5,0.10667780724664529,6,1
837,0,0.04991384053772146,11,1
838,9,0.0890616811811924,2,1
839,8,0.02040762547403574,3,1
840,10,0.02115154266357422,1,1
841,9,0.035657551139593124,2,1
842,9,0.02907527144998312,2,1
843,10,0.03464064747095108,1,1
844,9,0.012783393263816833,2,1
845,8,0.04123970307409763,3,1
846,8,0.1088262212773164,3,1
847,-12,0.055863820016384125,3,0
848,10,0.42622101306915283,1,1
849,10,0.12625092267990112,1,1
850,9,0.07836457993835211,2,1
851,7,0.06746005266904831,4,1
852,-12,0.06224961558599835,23,1
853,9,0.03958795592188835,2,1
854,9,0.0385628305375576,2,1
855,7,0.13255475461483002,4,1
856,-1,0.09832160524092615,12,1
857,9,0.11151924170553684,2,1
858,5,0.04520516407986482,6,1
859,10,0.04981207475066185,1,1
860,9,0.03320772014558315,2,1
861,8,0.043167781084775925,3,1
862,9,0.05874721333384514,2,1
863,10,0.06922662258148193,1,1
864,4,0.04686249978840351,7,1
865,-27,0.06333371526044276,18,0
866,8,0.05019195253650347,3,1
867,7,0.05437300726771355,4,1
868,-30,0.08283431694002413,41,1
869,8,0.02958149214585622,3,1
870,3,0.08816464804112911,8,1
871,10,0.10539691150188446,1,1
872,10,0.4053962826728821,1,1
873,-17,0.07968003156461886,28,1
874,9,0.12574134394526482,2,1
875,5,0.08795729745179415,6,1
876,9,0.19831863045692444,2,1
877,9,0.03528423421084881,2,1
878,-50,0.0964938871562481,50,0
879,9,0.08222447708249092,2,1
880,7,0.0939892465248704,4,1
881,9,0.07461513578891754,2,1
882,-9,0.05357259169686586,20,1
883,-12,0.06760598002406566,23,1
884,-5,0.07482268195599318,16,1
885,5,0.04914738362034162,6,1
886,10,0.03138335049152374,1,1
887,8,0.042886086429158844,3,1
888,6,0.0483712662011385,5,1
889,4,0.0879108929740531,7,1
890,6,0.10829703025519848,5,1
891,8,0.07168953741590182,3,1
892,10,0.07589446008205414,1,1
893,9,0.038381378166377544,2,1
894,-29,0.0659743829164654,40,1
895,8,0.06509239785373211,3,1
896,10,0.037157949060201645,1,1
897,9,0.03193780034780502,2,1
898,-50,0.0595853116363287,50,0
899,7,0.03857984999194741,4,1
900,4,0.05340227724186012,7,1
901,8,0.0455289992193381,3,1
902,9,0.08129529654979706,2,1
903,8,0.040776550148924194,3,1
904,10,0.03568267077207565,1,1
905,9,0.08671858161687851,2,1
906,6,0.0475712813436985,5,1
907,8,0.1544947617997726,3,1
908,7,0.027766784885898232,4,1
909,8,0.06219390841821829,3,1
910,9,0.04069831781089306,2,1
911,7,0.022226310335099697,4,1
912,9,0.03470655390992761,2,1
913,7,0.07255752570927143,4,1
914,8,0.05213823076337576,3,1
915,8,0.038207925856113434,3,1
916,-38,0.05530882719904184,49,1
917,6,0.04341691061854362,5,1
918,10,0.06619226932525635,1,1
919,8,0.0746162123978138,3,1
920,-12,0.042438978950182595,3,0
921,10,0.017337901517748833,1,1
922,10,0.013097051531076431,1,1
923,10,0.06126785650849342,1,1
924,7,0.028018259443342686,4,1
925,9,0.04187163431197405,2,1
926,-10,0.0376579649746418,1,0
927,8,0.02336039673537016,3,1
928,8,0.15458397567272186,3,1
929,6,0.08519332446157932,5,1
930,8,0.0253667530293266,3,1
931,8,0.03023284176985423,3,1
932,10,0.019961349666118622,1,1
933,9,0.04207157343626022,2,1
934,9,0.027522234246134758,2,1
935,9,0.04211506899446249,2,1
936,7,0.09965727152302861,4,1
937,3,0.03381091239862144,8,1
938,-11,0.08236976873806932,22,1
939,-14,0.06162086240947247,25,1
940,10,0.06205087900161743,1,1
941,9,0.04463118687272072,2,1
942,5,0.16764739124725261,6,1
943,6,0.06210953406989574,5,1
944,10,0.03834681957960129,1,1
945,7,0.0503271606285125,4,1
946,-50,0.06790140718221664,50,0
947,10,0.06357311457395554,1,1
948,10,0.04531049728393555,1,1
949,9,0.0916849933564663,2,1
950,10,0.02059938758611679,1,1
951,8,0.20145117988189062,3,1
952,8,0.05008505657315254,3,1
953,10,0.03710508346557617,1,1
954,7,0.01826669811271131,4,1
955,8,0.19337698072195053,3,1
956,10,0.04127763211727142,1,1
957,9,0.04848058149218559,2,1
958,10,0.09705013036727905,1,1
959,10,0.013098232448101044,1,1
960,8,0.09902461369832356,3,1
961,7,0.04046665644273162,4,1
962,3,0.11597861768677831,8,1
963,6,0.059198154509067534,5,1
964,10,0.03644231706857681,1,1
965,8,0.0334828170016408,3,1
966,-50,0.06909749807789922,50,0
967,9,0.03017618414014578,2,1
968,9,0.115397609770298,2,1
969,9,0.023107988759875298,2,1
970,10,0.0183657668530941,1,1
971,7,0.02429303911048919,4,1
972,8,0.05601630049447218,3,1
973,10,0.023953452706336975,1,1
974,10,0.023741351440548897,1,1
975,9,0.36897367611527443,2,1
976,9,0.05752745643258095,2,1
977,8,0.06329878916343053,3,1
978,7,0.04589120903983712,4,1
979,9,0.05947581306099892,2,1
980,9,0.04383659269660711,2,1
981,-11,0.030330375768244267,2,0
982,8,0.22834345077474913,3,1
983,8,0.025763910884658497,3,1
984,9,0.05110609717667103,2,1
985,9,0.026647841557860374,2,1
986,9,0.05009833537042141,2,1
987,9,0.08290006220340729,2,1
988,9,0.016247066669166088,2,1
989,8,0.07409716645876567,3,1
990,8,0.023685476432243984,3,1
991,9,0.06432351656258106,2,1
992,8,0.01844073956211408,3,1
993,10,0.03674587979912758,1,1
994,8,0.021395471567908924,3,1
995,10,0.07133684307336807,1,1
996,10,0.01687363162636757,1,1
997,8,0.031459193055828415,3,1
998,9,0.022072361782193184,2,1
999,8,0.03106332415093978,3,1
1000,9,0.034627122804522514,2,1
1,9,0.05845575965940952,2,1
2,10,0.0940227061510086,1,1
3,0,0.06905736571008508,11,1
4,9,0.042562476359307766,2,1
5,5,0.06144623023768266,6,1
6,5,0.03407866476724545,6,1
7,9,0.053331464529037476,2,1
8,8,0.05076784764726957,3,1
9,8,0.07410441835721333,3,1
10,10,0.042370207607746124,1,1
11,7,0.04524074727669358,4,1
12,10,0.0918627679347992,1,1
13,9,0.025561412796378136,2,1
14,10,0.09921303391456604,1,1
15,8,0.033042902747790016,3,1
16,7,0.11431044270284474,4,1
17,7,0.050710881128907204,4,1
18,8,0.20655501385529837,3,1
19,9,0.03889877907931805,2,1
20,8,0.03521488203356663,3,1
21,8,0.04724148288369179,3,1
22,7,0.18219649465754628,4,1
23,8,0.04222924386461576,3,1
24,6,0.04728428274393082,5,1
25,7,0.08340587210841477,4,1
26,10,0.09596645087003708,1,1
27,8,0.04156779622038206,3,1
28,10,0.016278309747576714,1,1
29,6,0.04949280731379986,5,1
30,7,0.0437047912273556,4,1
31,9,0.0489947684109211,2,1
32,10,0.04495443031191826,1,1
33,8,0.206843680391709,3,1
34,5,0.07431229452292125,6,1
35,8,0.058334567894538246,3,1
36,-11,0.07479988969862461,2,0
37,1,0.09462230131030083,10,1
38,9,0.06631188094615936,2,1
39,-12,0.04266428512831529,3,0
40,-12,0.04840761520292448,23,1
41,10,0.11007418483495712,1,1
42,5,0.06373546210428079,6,1
43,4,0.05522598725344453,7,1
44,9,0.052375372499227524,2,1
45,6,0.062375777214765546,5,1
46,7,0.03690954833291471,4,1
47,8,0.08456502202898264,3,1
48,8,0.06086440632740656,3,1
49,9,0.10306895803660154,2,1
50,6,0.0481098860502243,5,1
51,7,0.036375330528244376,4,1
52,8,0.02607415709644556,3,1
53,-30,0.07734822143414398,41,1
54,-19,0.13388231424614788,10,0
55,4,0.17482199919010913,7,1
56,9,0.07633506879210472,2,1
57,10,0.07228843867778778,1,1
58,9,0.053904611617326736,2,1
59,-59,0.08144734423607587,50,0
60,8,0.041710556795199714,3,1
61,9,0.07456579804420471,2,1
62,8,0.18117881286889315,3,1
63,4,0.023501016598727022,7,1
64,8,0.06121958171327909,3,1
65,-24,0.0969946696289948,35,1
66,7,0.06201832089573145,4,1
67,9,0.041708676144480705,2,1
68,9,0.037933876272290945,2,1
69,7,0.24389818450435996,4,1
70,9,0.13514572009444237,2,1
71,7,0.1167377196252346,4,1
72,9,0.05113370344042778,2,1
73,4,0.12058372875409466,7,1
74,5,0.09473776382704575,6,1
75,10,0.023408982902765274,1,1
76,10,0.03294438123703003,1,1
77,8,0.027506038546562195,3,1
78,7,0.037521980702877045,4,1
79,7,0.055105521343648434,4,1
80,9,0.017272448167204857,2,1
81,8,0.20539116486907005,3,1
82,-19,0.057975298662980394,30,1
83,-50,0.09633808746933938,50,0
84,8,0.10847687721252441,3,1
85,8,0.11749162897467613,3,1
86,8,0.06986872851848602,3,1
87,10,0.16206690669059753,1,1
88,10,0.04328891634941101,1,1
89,9,0.07256297022104263,2,1
90,10,0.024500692263245583,1,1
91,10,0.04848609119653702,1,1
92,8,0.08404507239659627,3,1
93,-33,0.04999833501113409,44,1
94,10,0.12890423834323883,1,1
95,9,0.049183791503310204,2,1
96,9,0.13271748181432486,2,1
97,7,0.06888087512925267,4,1
98,5,0.05172874561200539,6,1
99,8,0.023268731931845348,3,1
100,8,0.06566115096211433,3,1
101,10,0.03963017836213112,1,1
102,5,0.1341223904552559,6,1
103,-23,0.08678273254019372,34,1
104,8,0.022308658498028915,3,1
105,8,0.09573634465535481,3,1
106,10,0.027776554226875305,1,1
107,8,0.03393331356346607,3,1
108,10,0.02317185513675213,1,1
109,10,0.06718464940786362,1,1
110,8,0.037963833659887314,3,1
111,6,0.022973934188485146,5,1
112,9,0.05600321106612682,2,1
113,7,0.027899976586923003,4,1
114,5,0.05478573745737473,6,1
115,-20,0.10735279934540871,31,1
116,9,0.024146517738699913,2,1
117,6,0.024620013311505318,5,1
118,6,0.07427644357085228,5,1
119,9,0.05934690497815609,2,1
120,5,0.03320321130255858,6,1
121,10,0.059524521231651306,1,1
122,-24,0.06057790040171572,35,1
123,10,0.029792753979563713,1,1
124,10,0.07241854071617126,1,1
125,9,0.017622852697968483,2,1
126,7,0.0305034585762769,4,1
127,10,0.007292269729077816,1,1
128,7,0.019848366267979145,4,1
129,7,0.07811336126178503,4,1
130,8,0.07690202258527279,3,1
131,10,0.05271761491894722,1,1
132,10,0.04584682732820511,1,1
133,5,0.0602232130865256,6,1
134,7,0.08655567979440093,4,1
135,10,0.04844680801033974,1,1
136,7,0.062301238998770714,4,1
137,-12,0.06310132270057996,3,0
138,5,0.033758943590025105,6,1
139,8,0.08370780075589816,3,1
140,8,0.034007709473371506,3,1
141,8,0.027233211944500606,3,1
142,9,0.038078310899436474,2,1
143,-12,0.03510365883509318,3,0
144,7,0.16590637736953795,4,1
145,9,0.053431881591677666,2,1
146,-10,0.3021766245365143,1,0
147,7,0.045485326554626226,4,1
148,5,0.0517342205469807,6,1
149,-50,0.09858903373591602,50,0
150,10,0.23293820023536682,1,1
151,10,0.03791679069399834,1,1
152,10,0.044686801731586456,1,1
153,8,0.06183472399910291,3,1
154,-33,0.05989479036493735,44,1
155,-10,0.0472005233168602,1,0
156,6,0.03520224764943123,5,1
157,2,0.0845732426063882,9,1
158,2,0.07303454768326548,9,1
159,9,0.06062483228743076,2,1
160,8,0.023567623769243557,3,1
161,10,0.016213029623031616,1,1
162,9,0.026278715580701828,2,1
163,10,0.07387186586856842,1,1
164,8,0.044807705407341324,3,1
165,6,0.0698831269517541,5,1
166,9,0.04835394583642483,2,1
167,10,0.03151440620422363,1,1
168,9,0.05354740936309099,2,1
169,10,0.0716412290930748,1,1
170,6,0.03943277522921562,5,1
171,7,0.038124822080135345,4,1
172,7,0.0701461429707706,4,1
173,7,0.08152341190725565,4,1
174,10,0.025138795375823975,1,1
175,9,0.04312330111861229,2,1
176,10,0.049341775476932526,1,1
177,8,0.05013835368057092,3,1
178,10,0.03166705369949341,1,1
179,7,0.04758176626637578,4,1
180,6,0.1485332291573286,5,1
181,10,0.49782320857048035,1,1
182,10,0.5181475877761841,1,1
183,7,0.037918340880423784,4,1
184,8,0.03088069831331571,3,1
185,10,0.017010388895869255,1,1
186,7,0.027495689690113068,4,1
187,7,0.15956226573325694,4,1
188,8,0.02398113502810399,3,1
189,10,0.1157945916056633,1,1
190,8,0.030074426904320717,3,1
191,9,0.01978759653866291,2,1
192,7,0.023989431792870164,4,1
193,8,0.031794210275014244,3,1
194,7,0.029955215752124786,4,1
195,7,0.03894111793488264,4,1
196,9,0.25388907454907894,2,1
197,9,0.019827181939035654,2,1
198,9,0.0641384506598115,2,1
199,7,0.03731536120176315,4,1
200,10,0.03338455408811569,1,1
201,10,0.04261667653918266,1,1
202,10,0.06488529592752457,1,1
203,9,0.05152208171784878,2,1
204,8,0.06914573907852173,3,1
205,9,0.25837803818285465,2,1
206,4,0.06723391796861376,7,1
207,8,0.05465379481514295,3,1
208,9,0.025143549777567387,2,1
209,10,0.0583089143037796,1,1
210,9,0.1760054063051939,2,1
211,7,0.05008915066719055,4,1
212,9,0.02272680029273033,2,1
213,8,0.05953759575883547,3,1
214,7,0.09132780134677887,4,1
215,9,0.05334296263754368,2,1
216,0,0.04976455714892258,11,1
217,9,0.04749556304886937,2,1
218,9,0.05290895141661167,2,1
219,8,0.18538272380828857,3,1
220,10,0.07689249515533447,1,1
221,7,0.08302568085491657,4,1
222,10,0.05891089141368866,1,1
223,-50,0.05496593438088894,50,0
224,10,0.03720436245203018,1,1
225,10,0.04312818869948387,1,1
226,7,0.06680743675678968,4,1
227,6,0.0474284503608942,5,1
228,8,0.16020346184571585,3,1
229,7,0.15610002353787422,4,1
230,9,0.03128896839916706,2,1
231,7,0.03341133380308747,4,1
232,8,0.33687221134702366,3,1
233,10,0.01687237247824669,1,1
234,7,0.13849772419780493,4,1
235,9,0.017620202153921127,2,1
236,6,0.08765085712075234,5,1
237,8,0.11229269703229268,3,1
238,8,0.046813033521175385,3,1
239,7,0.03371609188616276,4,1
240,8,0.02230340459694465,3,1
241,9,0.10941626131534576,2,1
242,6,0.1485220067203045,5,1
243,8,0.05776244401931763,3,1
244,10,0.04549957439303398,1,1
245,10,0.015245180577039719,1,1
246,-5,0.04951069760136306,16,1
247,0,0.086997572501952,11,1
248,9,0.03185729496181011,2,1
249,-12,0.05865435326552909,23,1
250,8,0.03389498529334863,3,1
251,9,0.026619864627718925,2,1
252,10,0.08029553294181824,1,1
253,8,0.050033328433831535,3,1
254,7,0.13131484482437372,4,1
255,9,0.029695135541260242,2,1
256,8,0.027224533259868622,3,1
257,7,0.028618246782571077,4,1
258,8,0.1541427324215571,3,1
259,9,0.03344286419451237,2,1
260,-50,0.1311370082385838,50,0
261,9,0.042497649788856506,2,1
262,10,0.08706176280975342,1,1
263,8,0.041047979767123856,3,1
264,9,0.06332774087786674,2,1
265,9,0.04382420424371958,2,1
266,8,0.09577427804470062,3,1
267,8,0.06437592456738155,3,1
268,10,0.032430946826934814,1,1
269,8,0.05564028893907865,3,1
270,10,0.0462261363863945,1,1
271,8,0.03853994607925415,3,1
272,10,0.03253642097115517,1,1
273,-23,0.06109367628746173,34,1
274,9,0.05339542217552662,2,1
275,7,0.03373185871168971,4,1
276,9,0.20381286833435297,2,1
277,10,0.06444094330072403,1,1
278,10,0.03245752677321434,1,1
279,7,0.0390984695404768,4,1
280,9,0.05858013033866882,2,1
281,7,0.04198634251952171,4,1
282,10,0.04065703600645065,1,1
283,8,0.05053479659060637,3,1
284,10,0.051946572959423065,1,1
285,8,0.04102523624897003,3,1
286,9,0.2334502898156643,2,1
287,10,0.12289795279502869,1,1
288,7,0.15287792682647705,4,1
289,6,0.03970773816108704,5,1
290,7,0.07852635253220797,4,1
291,8,0.07678856638570626,3,1
292,9,0.03460316359996796,2,1
293,-50,0.09312885962426662,50,0
294,6,0.03718319684267044,5,1
295,10,0.09145668148994446,1,1
296,7,0.14295483147725463,4,1
297,9,0.07907122373580933,2,1
298,-11,0.04072488937526941,2,0
299,8,0.054280867179234825,3,1
300,9,0.08343905583024025,2,1
301,9,0.05172408185899258,2,1
302,8,0.02717367559671402,3,1
303,8,0.16561751750608286,3,1
304,7,0.08391583687625825,4,1
305,9,0.03772536478936672,2,1
306,5,0.07084651632855336,6,1
307,9,0.02039219532161951,2,1
308,-28,0.0840855160433995,19,0
309,7,0.09672430949285626,4,1
310,9,0.05640809703618288,2,1
311,5,0.15408697491511703,6,1
312,7,0.04177193017676473,4,1
313,-10,0.34859225153923035,1,0
314,5,0.0935904171007375,6,1
315,10,0.02058754675090313,1,1
316,9,0.16520536737516522,2,1
317,8,0.08282422398527463,3,1
318,9,0.12952306447550654,2,1
319,-5,0.11134664306882769,16,1
320,7,0.033455656841397285,4,1
321,9,0.2384814191609621,2,1
322,7,0.06954057747498155,4,1
323,-10,0.035589974373579025,1,0
324,7,0.15088066272437572,4,1
325,8,0.026853176454703014,3,1
326,7,0.13071656972169876,4,1
327,10,0.01357189379632473,1,1
328,-25,0.16535836605665585,36,1
329,8,0.053461081037918724,3,1
330,6,0.05263613704591989,5,1
331,10,0.038552965968847275,1,1
332,8,0.2538509660710891,3,1
333,10,0.09231449663639069,1,1
334,7,0.0826803594827652,4,1
335,10,0.09430932998657227,1,1
336,-10,0.15073633193969727,1,0
337,10,0.29250389337539673,1,1
338,-5,0.10239785443991423,16,1
339,6,0.16018492989242078,5,1
340,2,0.1580833565029833,9,1
341,7,0.06649954617023468,4,1
342,10,0.0410240963101387,1,1
343,8,0.04407713562250137,3,1
344,8,0.043409912226100765,3,1
345,4,0.04931899639112609,7,1
346,10,0.03136013075709343,1,1
347,10,0.07425352931022644,1,1
348,9,0.03332098666578531,2,1
349,10,0.10366512835025787,1,1
350,10,0.09549881517887115,1,1
351,8,0.04558721495171388,3,1
352,8,0.2410866009692351,3,1
353,-50,0.08164693951606751,50,0
354,9,0.07977265119552612,2,1
355,8,0.18074540545543036,3,1
356,9,0.10677700489759445,2,1
357,9,0.052981164306402206,2,1
358,0,0.17909350618720055,11,1
359,9,0.07240421418100595,2,1
360,5,0.05523434902230898,6,1
361,-5,0.05218132393201813,16,1
362,10,0.053539298474788666,1,1
363,9,0.06510360911488533,2,1
364,8,0.06090110043684641,3,1
365,10,0.05295921117067337,1,1
366,7,0.03177668480202556,4,1
367,9,0.09165381640195847,2,1
368,9,0.043368346989154816,2,1
369,5,0.05884147249162197,6,1
370,7,0.05367530044168234,4,1
371,10,0.040891341865062714,1,1
372,8,0.047952041029930115,3,1
373,10,0.04477953538298607,1,1
374,10,0.047802142798900604,1,1
375,8,0.058751512318849564,3,1
376,10,0.534020185470581,1,1
377,7,0.040067688561975956,4,1
378,10,0.024286244064569473,1,1
379,9,0.052431730553507805,2,1
380,-36,0.14489198627847213,27,0
381,9,0.08837632834911346,2,1
382,6,0.031037304922938345,5,1
383,8,0.0720975399017334,3,1
384,7,0.04302791552618146,4,1
385,9,0.09402013756334782,2,1
386,10,0.08161066472530365,1,1
387,-50,0.10152672357857227,50,0
388,3,0.12873939122073352,8,1
389,6,0.04304119758307934,5,1
390,9,0.22066532913595438,2,1
391,9,0.051767753437161446,2,1
392,-12,0.08829454829295476,3,0
393,7,0.16199569962918758,4,1
394,10,0.022716760635375977,1,1
395,8,0.03178469898800055,3,1
396,8,0.040541390577952065,3,1
397,9,0.014624462928622961,2,1
398,2,0.10302767747392257,9,1
399,7,0.14039584901183844,4,1
400,8,0.04153665589789549,3,1
401,8,0.06833639523635308,3,1
402,10,0.01843208447098732,1,1
403,6,0.04619729034602642,5,1
404,10,0.01485721580684185,1,1
405,9,0.04102267511188984,2,1
406,10,0.23778913915157318,1,1
407,-9,0.18484787531197072,20,1
408,7,0.036968351341784,4,1
409,8,0.09848958315948646,3,1
410,9,0.03382095415145159,2,1
411,9,0.09169599786400795,2,1
412,5,0.1024880384405454,6,1
413,10,0.14027409255504608,1,1
414,10,0.02061694674193859,1,1
415,9,0.04616168141365051,2,1
416,10,0.03651635721325874,1,1
417,9,0.03622947819530964,2,1
418,-33,0.149167452317973,24,0
419,7,0.11999069340527058,4,1
420,6,0.15750979632139206,5,1
421,-2,0.12641496110994083,13,1
422,9,0.06020372919738293,2,1
423,4,0.0889531887535538,7,1
424,4,0.07210034078785352,7,1
425,6,0.15594870522618293,5,1
426,8,0.23405480881532034,3,1
427,9,0.04315832629799843,2,1
428,-5,0.15551446424797177,16,1
429,8,0.02824902907013893,3,1
430,-12,0.12295114000638326,3,0
431,8,0.06175671642025312,3,1
432,10,0.1034998819231987,1,1
433,-8,0.11047594121804363,19,1
434,-50,0.07991332050412893,50,0
435,8,0.06298538794120152,3,1
436,7,0.05799976130947471,4,1
437,9,0.05180721916258335,2,1
438,7,0.049939717166125774,4,1
439,10,0.522190511226654,1,1
440,7,0.06913414224982262,4,1
441,7,0.16766685992479324,4,1
442,10,0.02292010933160782,1,1
443,8,0.030394265428185463,3,1
444,8,0.03204032778739929,3,1
445,9,0.04493599198758602,2,1
446,6,0.13498056083917617,5,1
447,10,0.14454302191734314,1,1
448,-24,0.12452320158481597,35,1
449,8,0.07355933388074239,3,1
450,9,0.09709064289927483,2,1
451,7,0.04512213123962283,4,1
452,9,0.1479379264637828,2,1
453,-10,0.029125500470399857,1,0
454,7,0.028600412420928478,4,1
455,7,0.04790261294692755,4,1
456,8,0.06816450009743373,3,1
457,6,0.14688840880990028,5,1
458,10,0.022676007822155952,1,1
459,10,0.06336170434951782,1,1
460,7,0.14169842097908258,4,1
461,10,0.022507553920149803,1,1
462,9,0.0426372904330492,2,1
463,9,0.04607069678604603,2,1
464,6,0.05199001505970955,5,1
465,9,0.038929976522922516,2,1
466,-11,0.05400916654616594,2,0
467,9,0.03274351730942726,2,1
468,10,0.2093256413936615,1,1
469,8,0.053407806903123856,3,1
470,9,0.01598447049036622,2,1
471,7,0.030059872660785913,4,1
472,10,0.0622878335416317,1,1
473,8,0.05455342245598634,3,1
474,9,0.019883692264556885,2,1
475,6,0.08519751057028771,5,1
476,7,0.16118706669658422,4,1
477,6,0.06186609640717507,5,1
478,7,0.045643375255167484,4,1
479,10,0.04709814116358757,1,1
480,9,0.07506294175982475,2,1
481,10,0.023141423240303993,1,1
482,9,0.03382544778287411,2,1
483,-10,0.0580117404460907,1,0
484,6,0.03483938165009022,5,1
485,9,0.06282991915941238,2,1
486,9,0.05900117941200733,2,1
487,-10,0.01939958706498146,1,0
488,9,0.047864506021142006,2,1
489,8,0.15162802611788115,3,1
490,8,0.04252255397538344,3,1
491,8,0.18271263067921004,3,1
492,-2,0.07055766106798099,13,1
493,10,0.0828530490398407,1,1
494,8,0.07009430353840192,3,1
495,10,0.017762374132871628,1,1
496,9,0.04846645146608353,2,1
497,8,0.19781540830930075,3,1
498,10,0.1041686087846756,1,1
499,10,0.525197446346283,1,1
500,6,0.2197176307439804,5,1
501,10,0.07780548185110092,1,1
502,9,0.05285465903580189,2,1
503,-12,0.18396020556489626,3,0
504,8,0.041795963421463966,3,1
505,10,0.056404560804367065,1,1
506,8,0.13162566348910332,3,1
507,-16,0.14527690472702184,27,1
508,6,0.09885114952921867,5,1
509,6,0.19807425402104856,5,1
510,7,0.13131358567625284,4,1
511,7,0.1508627338334918,4,1
512,4,0.12654649998460496,7,1
513,8,0.06284817556540172,3,1
514,7,0.04217490088194609,4,1
515,9,0.025695515796542168,2,1
516,8,0.07229655236005783,3,1
517,10,0.042352478951215744,1,1
518,1,0.07110729813575745,10,1
519,10,0.02865452505648136,1,1
520,10,0.052091602236032486,1,1
521,9,0.06686245277523994,2,1
522,8,0.10534171511729558,3,1
523,7,0.06808831542730331,4,1
524,9,0.1045507900416851,2,1
525,8,0.2004235585530599,3,1
526,9,0.08889404870569706,2,1
527,-15,0.11430533026130153,26,1
528,7,0.05368107836693525,4,1
529,4,0.13299349056822912,7,1
530,6,0.1216059610247612,5,1
531,9,0.05072839744389057,2,1
532,8,0.22045961022377014,3,1
533,-11,0.11182980408722704,22,1
534,10,0.04582436382770538,1,1
535,10,0.08111688494682312,1,1
536,9,0.04880383796989918,2,1
537,9,0.06312829442322254,2,1
538,7,0.12911058403551579,4,1
539,-8,0.07510515880819998,19,1
540,9,0.17678060568869114,2,1
541,8,0.03320694466431936,3,1
542,10,0.04172841086983681,1,1
543,7,0.027325652539730072,4,1
544,8,0.02988110762089491,3,1
545,10,0.035779114812612534,1,1
546,9,0.022641711868345737,2,1
547,9,0.2281823642551899,2,1
548,10,0.021659404039382935,1,1
549,10,0.03777674585580826,1,1
550,7,0.059650001814588904,4,1
551,6,0.062015099078416826,5,1
552,10,0.09234755486249924,1,1
553,8,0.04222704408069452,3,1
554,10,0.0659233033657074,1,1
555,-6,0.09688648997860796,17,1
556,10,0.470338374376297,1,1
557,7,0.053637128323316574,4,1
558,8,0.03368044396241506,3,1
559,9,0.03184856753796339,2,1
560,9,0.042623722925782204,2,1
561,9,0.07071171887218952,2,1
562,10,0.030163737013936043,1,1
563,10,0.030095694586634636,1,1
564,9,0.03791537880897522,2,1
565,-11,0.048014773055911064,2,0
566,-50,0.12654269952327013,50,0
567,6,0.2739317648112774,5,1
568,-7,0.08395130187273026,18,1
569,-12,0.026084399161239464,3,0
570,9,0.04727472551167011,2,1
571,8,0.0276403883472085,3,1
572,6,0.03575346991419792,5,1
573,7,0.03565481025725603,4,1
574,10,0.4218897819519043,1,1
575,8,0.11401600887378056,3,1
576,8,0.021680688485503197,3,1
577,9,0.024332186672836542,2,1
578,6,0.23183578774333,5,1
579,10,0.0674494206905365,1,1
580,6,0.03923220708966255,5,1
581,6,0.051187966391444205,5,1
582,10,0.046997763216495514,1,1
583,8,0.06856849541266759,3,1
584,8,0.039806168526411057,3,1
585,7,0.2199780405499041,4,1
586,8,0.02950163061420123,3,1
587,9,0.023217927664518356,2,1
588,-30,0.10790792923057224,41,1
589,9,0.07760212197899818,2,1
590,7,0.09547650255262852,4,1
591,9,0.26375736109912395,2,1
592,10,0.04081893712282181,1,1
593,7,0.25894220266491175,4,1
594,9,0.2577352747321129,2,1
595,7,0.060972501523792744,4,1
596,8,0.06240446244676908,3,1
597,8,0.03398442051062981,3,1
598,10,0.02393067069351673,1,1
599,8,0.05290809397896131,3,1
600,9,0.08989190682768822,2,1
601,7,0.06316049490123987,4,1
602,10,0.059474725276231766,1,1
603,10,0.047101691365242004,1,1
604,10,0.07211268693208694,1,1
605,10,0.06175398826599121,1,1
606,7,0.16813610028475523,4,1
607,7,0.01747776917181909,4,1
608,7,0.09610436111688614,4,1
609,-50,0.08712856287136674,50,0
610,7,0.12842161767184734,4,1
611,8,0.2229046200712522,3,1
612,9,0.24606315419077873,2,1
613,6,0.20546790398657322,5,1
614,7,0.15473427064716816,4,1
615,8,0.03693397777775923,3,1
616,10,0.04836752265691757,1,1
617,6,0.321434822678566,5,1
618,7,0.2646389324218035,4,1
619,7,0.07482203934341669,4,1
620,8,0.061546869575977325,3,1
621,9,0.33145858719944954,2,1
622,9,0.05246679112315178,2,1
623,9,0.06902751512825489,2,1
624,7,0.04518252285197377,4,1
625,8,0.1815218304594358,3,1
626,7,0.19864087086170912,4,1
627,10,0.0750882476568222,1,1
628,-19,0.1318543001078069,30,1
629,6,0.11231052987277508,5,1
630,10,0.07016795128583908,1,1
631,-14,0.09416034318506718,25,1
632,-5,0.13244252721779048,16,1
633,8,0.06890466312567393,3,1
634,8,0.0561176228026549,3,1
635,9,0.06299479305744171,2,1
636,8,0.16784501324097315,3,1
637,7,0.038655654061585665,4,1
638,-50,0.10772444870322943,50,0
639,10,0.04890487343072891,1,1
640,9,0.22714430186897516,2,1
641,-50,0.06331081230193376,50,0
642,7,0.04684366658329964,4,1
643,9,0.029270661994814873,2,1
644,5,0.09408990169564883,6,1
645,10,0.46947696805000305,1,1
646,9,0.05974121205508709,2,1
647,8,0.18481613819797835,3,1
648,6,0.04921347573399544,5,1
649,-26,0.09695073008235242,37,1
650,9,0.02594965323805809,2,1
651,-15,0.09635058965963814,26,1
652,9,0.05971394944936037,2,1
653,8,0.02476656095435222,3,1
654,8,0.051215208445986114,3,1
655,6,0.04044021219015122,5,1
656,7,0.05302350874990225,4,1
657,10,0.38476988673210144,1,1
658,9,0.027514631859958172,2,1
659,6,0.05800011418759823,5,1
660,-6,0.04652068259961465,17,1
661,10,0.05692456290125847,1,1
662,8,0.05011572999258836,3,1
663,9,0.03769548237323761,2,1
664,9,0.42283256351947784,2,1
665,10,0.04628560319542885,1,1
666,9,0.015882068779319525,2,1
667,10,0.07261107861995697,1,1
668,8,0.03640139972170194,3,1
669,8,0.017997292801737785,3,1
670,9,0.03661805670708418,2,1
671,-7,0.05149951566838556,18,1
672,10,0.022510653361678123,1,1
673,10,0.010782345198094845,1,1
674,5,0.13730119417111078,6,1
675,8,0.17423480997482935,3,1
676,7,0.037852855399250984,4,1
677,9,0.05404132977128029,2,1
678,8,0.14906244476636252,3,1
679,8,0.03764191394050916,3,1
680,9,0.023257636465132236,2,1
681,10,0.04232014715671539,1,1
682,8,0.03121090369919936,3,1
683,8,0.028498175243536632,3,1
684,10,0.3730354607105255,1,1
685,-23,0.07548691995222778,34,1
686,9,0.2590827979147434,2,1
687,10,0.03404166176915169,1,1
688,5,0.03291551706691583,6,1
689,8,0.04542497545480728,3,1
690,6,0.033340780436992644,5,1
691,5,0.03038847042868535,6,1
692,-6,0.047200234497294706,17,1
693,8,0.04853377242883047,3,1
694,10,0.08723073452711105,1,1
695,9,0.05792711675167084,2,1
696,8,0.0491298312942187,3,1
697,-9,0.08300344571471215,20,1
698,9,0.029112564399838448,2,1
699,9,0.028705371543765068,2,1
700,7,0.019910598872229457,4,1
701,8,0.04243779554963112,3,1
702,-2,0.07427491190341803,13,1
703,10,0.04504917562007904,1,1
704,6,0.05837322324514389,5,1
705,9,0.04510330222547054,2,1
706,6,0.06600233167409897,5,1
707,10,0.022770162671804428,1,1
708,10,0.017082050442695618,1,1
709,6,0.059699255600571634,5,1
710,10,0.05704290792346001,1,1
711,-50,0.047698777467012406,50,0
712,2,0.12696889084246424,9,1
713,10,0.013515418395400047,1,1
714,7,0.11172026628628373,4,1
715,9,0.07581122452393174,2,1
716,6,0.02072490509599447,5,1
717,9,0.02068565832450986,2,1
718,7,0.047594229225069284,4,1
719,-14,0.04805850483477116,25,1
720,5,0.02874568725625674,6,1
721,8,0.024566706580420334,3,1
722,10,0.02340090647339821,1,1
723,8,0.07476160178581874,3,1
724,10,0.010662411339581013,1,1
725,9,0.0746467262506485,2,1
726,9,0.05757544655352831,2,1
727,3,0.030887149507179856,8,1
728,7,0.03357480186969042,4,1
729,5,0.09669926684970657,6,1
730,8,0.041720556716124214,3,1
731,9,0.01677865209057927,2,1
732,7,0.13330761808902025,4,1
733,9,0.026604957412928343,2,1
734,6,0.08041876703500747,5,1
735,10,0.11910483241081238,1,1
736,9,0.020683824084699154,2,1
737,9,0.021065689157694578,2,1
738,9,0.21716461097821593,2,1
739,7,0.12127469759434462,4,1
740,10,0.0173068605363369,1,1
741,10,0.04994554817676544,1,1
742,9,0.2646332457661629,2,1
743,-50,0.06255360383540393,50,0
744,10,0.014400591142475605,1,1
745,8,0.027470295317471027,3,1
746,5,0.04279066467036804,6,1
747,8,0.052979614585638046,3,1
748,9,0.08121278882026672,2,1
749,8,0.04253361249963442,3,1
750,10,0.05695382505655289,1,1
751,7,0.03532848134636879,4,1
752,-50,0.06028663975186646,50,0
753,9,0.2783202677965164,2,1
754,8,0.17741472770770392,3,1
755,9,0.04474998079240322,2,1
756,9,0.03642661403864622,2,1
757,10,0.5506278276443481,1,1
758,9,0.054528264328837395,2,1
759,7,0.17378845438361168,4,1
760,8,0.08254918704430263,3,1
761,7,0.04138382524251938,4,1
762,-50,0.08109597768634558,50,0
763,9,0.013214146718382835,2,1
764,10,0.016282739117741585,1,1
765,6,0.0371415875852108,5,1
766,6,0.03108673244714737,5,1
767,10,0.31067484617233276,1,1
768,9,0.03580549545586109,2,1
769,9,0.03324092412367463,2,1
770,6,0.04350768700242043,5,1
771,7,0.01533114560879767,4,1
772,-5,0.02772603544872254,16,1
773,8,0.15054687671363354,3,1
774,10,0.014874608255922794,1,1
775,6,0.02915228735655546,5,1
776,9,0.055641332641243935,2,1
777,8,0.0258315692966183,3,1
778,9,0.017941907048225403,2,1
779,9,0.028859772719442844,2,1
780,8,0.08457644345859687,3,1
781,9,0.047160232439637184,2,1
782,7,0.036047097528353333,4,1
783,6,0.03699247464537621,5,1
784,8,0.044453506668408714,3,1
785,7,0.037065956741571426,4,1
786,8,0.03297355150183042,3,1
787,6,0.1220674566924572,5,1
788,9,0.028927880339324474,2,1
789,10,0.09793857485055923,1,1
790,10,0.08862004429101944,1,1
791,-13,0.04604598367586732,4,0
792,10,0.02513555809855461,1,1
793,6,0.024398836866021158,5,1
794,7,0.0905505120754242,4,1
795,9,0.10817872826009989,2,1
796,-38,0.06638853312755118,49,1
797,7,0.1226118840277195,4,1
798,10,0.10742946714162827,1,1
799,10,0.05768405646085739,1,1
800,-9,0.028916613943874837,20,1
801,10,0.07196267694234848,1,1
802,-23,0.051183316171826684,34,1
803,8,0.08207128942012787,3,1
804,10,0.15036053955554962,1,1
805,6,0.14542668983340262,5,1
806,10,0.07934065163135529,1,1
807,9,0.06528966501355171,2,1
808,4,0.060647740960121155,7,1
809,9,0.016388687305152416,2,1
810,9,0.06135248579084873,2,1
811,10,0.029705865308642387,1,1
812,8,0.05383816113074621,3,1
813,10,0.020189261063933372,1,1
814,7,0.04107960546389222,4,1
815,10,0.0667298436164856,1,1
816,10,0.015338030643761158,1,1
817,5,0.061228466064979635,6,1
818,10,0.0834934264421463,1,1
819,10,0.006443845108151436,1,1
820,9,0.05044914782047272,2,1
821,8,0.13044554740190506,3,1
822,10,0.12591883540153503,1,1
823,9,0.06699338369071484,2,1
824,8,0.040316748743255935,3,1
825,5,0.048481100549300514,6,1
826,9,0.06205965206027031,2,1
827,7,0.12278088461607695,4,1
828,7,0.07354839611798525,4,1
829,6,0.04247989561408758,5,1
830,9,0.03288828022778034,2,1
831,9,0.018245150335133076,2,1
832,8,0.09251637384295464,3,1
833,10,0.04987878352403641,1,1
834,9,0.023024968802928925,2,1
835,9,0.037095172330737114,2,1
836,10,0.3950282037258148,1,1
837,9,0.031801607459783554,2,1
838,6,0.0324490487575531,5,1
839,10,0.02903243899345398,1,1
840,10,0.401152104139328,1,1
841,6,0.0715429164469242,5,1
842,7,0.06796289049088955,4,1
843,10,0.04193144664168358,1,1
844,9,0.2159496322274208,2,1
845,8,0.036328758423527084,3,1
846,8,0.14335189945995808,3,1
847,7,0.024811935611069202,4,1
848,10,0.09022660553455353,1,1
849,9,0.046463266015052795,2,1
850,7,0.08174240682274103,4,1
851,-7,0.05727317385996381,18,1
852,7,0.13409960269927979,4,1
853,9,0.09893914684653282,2,1
854,7,0.04536339221522212,4,1
855,7,0.024244338274002075,4,1
856,10,0.018521491438150406,1,1
857,5,0.046858711478610836,6,1
858,9,0.05844681616872549,2,1
859,-50,0.0619764643162489,50,0
860,8,0.02410813917716344,3,1
861,10,0.019964653998613358,1,1
862,8,0.04873219380776087,3,1
863,9,0.058246444910764694,2,1
864,9,0.029105794616043568,2,1
865,-7,0.06712077785697249,18,1
866,9,0.07093978673219681,2,1
867,8,0.05013555164138476,3,1
868,9,0.06758730113506317,2,1
869,8,0.17078852156798044,3,1
870,8,0.03761907170216242,3,1
871,9,0.04544075392186642,2,1
872,5,0.04304975116004547,6,1
873,10,0.01992291584610939,1,1
874,7,0.024296829011291265,4,1
875,-10,0.019739141687750816,1,0
876,8,0.047934990686674915,3,1
877,8,0.03500192395100991,3,1
878,10,0.012753861956298351,1,1
879,9,0.0563951600342989,2,1
880,9,0.029070761986076832,2,1
881,5,0.12160955121119817,6,1
882,6,0.03253165706992149,5,1
883,8,0.15786292652289072,3,1
884,9,0.07297682017087936,2,1
885,10,0.025827279314398766,1,1
886,7,0.10806121537461877,4,1
887,10,0.07248833775520325,1,1
888,9,0.0739828310906887,2,1
889,8,0.059545040130615234,3,1
890,9,0.03683532029390335,2,1
891,8,0.03579592704772949,3,1
892,-50,0.06893293377012015,50,0
893,8,0.06477443066736062,3,1
894,10,0.32343021035194397,1,1
895,7,0.04963476350530982,4,1
896,9,0.0813058465719223,2,1
897,10,0.032368261367082596,1,1
898,8,0.034245213493704796,3,1
899,10,0.024302281439304352,1,1
900,10,0.02297070249915123,1,1
901,9,0.05534277856349945,2,1
902,7,0.046770408283919096,4,1
903,9,0.029242477379739285,2,1
904,9,0.046269793063402176,2,1
905,7,0.05518324300646782,4,1
906,8,0.04138785973191261,3,1
907,10,0.017499597743153572,1,1
908,9,0.02495915535837412,2,1
909,8,0.051258113235235214,3,1
910,-22,0.05013974660047979,33,1
911,5,0.033759262723227344,6,1
912,10,0.02880648337304592,1,1
913,10,0.02536282315850258,1,1
914,10,0.03448067605495453,1,1
915,5,0.02202656865119934,6,1
916,9,0.026428163051605225,2,1
917,10,0.038862064480781555,1,1
918,8,0.0556912732621034,3,1
919,10,0.042457930743694305,1,1
920,10,0.06541359424591064,1,1
921,9,0.03200149443000555,2,1
922,9,0.04883500002324581,2,1
923,-50,0.06819253016263246,50,0
924,-50,0.05781702283769846,50,0
925,5,0.042805357525746025,6,1
926,6,0.028215989470481873,5,1
927,4,0.030366599426737854,7,1
928,7,0.09473763545975089,4,1
929,8,0.022542801996072132,3,1
930,-10,0.0206641536206007,1,0
931,7,0.02104992256499827,4,1
932,4,0.06051996164023876,7,1
933,9,0.07343623321503401,2,1
934,4,0.0474289959030492,7,1
935,8,0.1586269618322452,3,1
936,4,0.02261475699820689,7,1
937,6,0.03683953657746315,5,1
938,10,0.048067133873701096,1,1
939,9,0.031927512027323246,2,1
940,8,0.018304007748762768,3,1
941,8,0.03071189175049464,3,1
942,7,0.017888709902763367,4,1
943,4,0.04415429463343961,7,1
944,8,0.04094138493140539,3,1
945,7,0.025982400868088007,4,1
946,-50,0.04606947831809521,50,0
947,6,0.03875596784055233,5,1
948,7,0.025763366371393204,4,1
949,7,0.054071738850325346,4,1
950,-12,0.04747308576074631,23,1
951,-10,0.014068668708205223,1,0
952,6,0.047743795067071916,5,1
953,9,0.22646240890026093,2,1
954,-50,0.0674162175040692,50,0
955,10,0.027950875461101532,1,1
956,8,0.045122349013884865,3,1
957,10,0.023255374282598495,1,1
958,5,0.04528825543820858,6,1
959,8,0.05063591804355383,3,1
960,8,0.05721906013786793,3,1
961,10,0.06358659267425537,1,1
962,9,0.06016971915960312,2,1
963,7,0.06836391473188996,4,1
964,8,0.030538881818453472,3,1
965,-5,0.040823633200488985,16,1
966,8,0.028977612654368084,3,1
967,8,0.12885488445560137,3,1
968,-3,0.04404157879097121,14,1
969,9,0.18720772489905357,2,1
970,4,0.0369756101364536,7,1
971,10,0.015544760972261429,1,1
972,10,0.024109335616230965,1,1
973,9,0.14017292112112045,2,1
974,6,0.039850801415741446,5,1
975,8,0.06416941061615944,3,1
976,7,0.02587825432419777,4,1
977,9,0.03271065466105938,2,1
978,10,0.031466834247112274,1,1
979,8,0.026125134900212288,3,1
980,10,0.01575627364218235,1,1
981,9,0.028668888844549656,2,1
982,10,0.0425216443836689,1,1
983,6,0.02976054176688194,5,1
984,7,0.027071438264101744,4,1
985,-10,0.013556383550167084,1,0
986,-15,0.04013398218040283,26,1
987,-38,0.0614843807962476,49,1
988,5,0.03480900637805462,6,1
989,7,0.026885107159614563,4,1
990,6,0.02435673922300339,5,1
991,8,0.030720361818869907,3,1
992,9,0.058903707191348076,2,1
993,9,0.0690428838133812,2,1
994,9,0.04770827293395996,2,1
995,9,0.03389307390898466,2,1
996,4,0.10609785786696843,7,1
997,0,0.0527073439549316,11,1
998,9,0.17083018273115158,2,1
999,9,0.013035993091762066,2,1
1000,10,0.058867473155260086,1,1
1,8,0.04180240506927172,3,1
2,9,0.03880130872130394,2,1
3,7,0.10595900099724531,4,1
4,9,0.24744478333741426,2,1
5,8,0.06504938875635465,3,1
6,8,0.038437509909272194,3,1
7,5,0.049086242293318115,6,1
8,8,0.2000349462032318,3,1
9,6,0.042896663025021556,5,1
10,-49,0.077555603091605,40,0
11,8,0.19071196764707565,3,1
12,10,0.05884641036391258,1,1
13,7,0.05700584454461932,4,1
14,9,0.04438754543662071,2,1
15,8,0.05558830748001734,3,1
16,10,0.13511738181114197,1,1
17,9,0.114107146859169,2,1
18,7,0.058484746143221855,4,1
19,7,0.10341224074363708,4,1
20,9,0.0543059054762125,2,1
21,10,0.026081165298819542,1,1
22,9,0.0545931588858366,2,1
23,9,0.050502996891736984,2,1
24,8,0.03147423515717188,3,1
25,5,0.03606903677185377,6,1
26,7,0.11380857648327947,4,1
27,-8,0.06433968579298571,19,1
28,8,0.09932545696695645,3,1
29,6,0.027349549531936645,5,1
30,5,0.05261489640300473,6,1
31,10,0.035477519035339355,1,1
32,8,0.02741938643157482,3,1
33,10,0.4698021411895752,1,1
34,7,0.031277617905288935,4,1
35,6,0.025436042994260787,5,1
36,9,0.1804985674098134,2,1
37,-11,0.08267241657118905,22,1
38,6,0.05622049756348133,5,1
39,10,0.017497900873422623,1,1
40,8,0.029533800669014454,3,1
41,9,0.2210717024281621,2,1
42,-10,0.029995881021022797,1,0
43,8,0.046602691213289894,3,1
44,8,0.10994516809781392,3,1
45,10,0.0409332774579525,1,1
46,5,0.0491852896908919,6,1
47,7,0.0613302243873477,4,1
48,9,0.02057265257462859,2,1
49,7,0.06362574454396963,4,1
50,8,0.05281036222974459,3,1
51,-13,0.0639633438937987,24,1
52,10,0.04364972561597824,1,1
53,8,0.06113028743614753,3,1
54,7,0.12504179077222943,4,1
55,-50,0.057091206312179565,50,0
56,10,0.09156937897205353,1,1
57,10,0.0241701640188694,1,1
58,8,0.06131667674829563,3,1
59,10,0.06403258442878723,1,1
60,10,0.08787837624549866,1,1
61,10,0.05041375011205673,1,1
62,7,0.07711326610296965,4,1
63,9,0.05316506698727608,2,1
64,6,0.07462422773241997,5,1
65,8,0.1437007294346889,3,1
66,8,0.062412538876136146,3,1
67,9,0.05323558486998081,2,1
68,9,0.03206183388829231,2,1
69,8,0.14600811277826628,3,1
70,5,0.10304011404514313,6,1
71,7,0.12561795534566045,4,1
72,7,0.061444273218512535,4,1
73,8,0.040060817574461303,3,1
74,-24,0.07830502135413034,35,1
75,7,0.04770903196185827,4,1
76,7,0.10869624465703964,4,1
77,9,0.05507460329681635,2,1
78,9,0.030940167605876923,2,1
79,10,0.05425812676548958,1,1
80,9,0.031524283811450005,2,1
81,8,0.051876515770951905,3,1
82,8,0.0700338842968146,3,1
83,10,0.05233212560415268,1,1
84,7,0.06049695611000061,4,1
85,-50,0.06872930489480496,50,0
86,-50,0.056712061390280726,50,0
87,8,0.04487296504278978,3,1
88,7,0.05513618886470795,4,1
89,7,0.03341068420559168,4,1
90,6,0.055485506728291514,5,1
91,10,0.040915876626968384,1,1
92,10,0.04330994561314583,1,1
93,9,0.04794763121753931,2,1
94,8,0.017067367831865948,3,1
95,10,0.03213462978601456,1,1
96,10,0.04981159791350365,1,1
97,8,0.034028020997842155,3,1
98,10,0.01625216007232666,1,1
99,9,0.02731819823384285,2,1
100,9,0.04804406501352787,2,1
101,7,0.033458909252658486,4,1
102,9,0.03135981410741806,2,1
103,6,0.04468411132693291,5,1
104,9,0.02881004475057125,2,1
105,10,0.07018430531024933,1,1
106,7,0.0539730554446578,4,1
107,8,0.04962159258623918,3,1
108,9,0.023166467435657978,2,1
109,8,0.041632299001018204,3,1
110,8,0.03266136130938927,3,1
111,8,0.026527099932233494,3,1
112,-50,0.046302981805056334,50,0
113,10,0.018837422132492065,1,1
114,9,0.02422957867383957,2,1
115,9,0.04552473686635494,2,1
116,10,0.030477456748485565,1,1
117,8,0.04548934226234754,3,1
118,9,0.041919706389307976,2,1
119,7,0.026422695955261588,4,1
120,6,0.027126513421535492,5,1
121,9,0.03949223551899195,2,1
122,9,0.035695645958185196,2,1
123,8,0.031741088877121605,3,1
124,1,0.04313752450980246,10,1
125,7,0.04223265312612057,4,1
126,5,0.05384508613497019,6,1
127,7,0.05210985895246267,4,1
128,7,0.05293720914050937,4,1
129,-50,0.04877629285678267,50,0
130,9,0.05128243751823902,2,1
131,10,0.010250144638121128,1,1
132,6,0.045451023429632184,5,1
133,4,0.05770717907164778,7,1
134,7,0.023871131474152207,4,1
135,7,0.030141465365886688,4,1
136,10,0.02964811772108078,1,1
137,9,0.043425009585916996,2,1
138,10,0.044939301908016205,1,1
139,7,0.07051101978868246,4,1
140,6,0.050929168611764906,5,1
141,9,0.050045307725667953,2,1
142,8,0.113739558806022,3,1
143,3,0.057825079187750816,8,1
144,10,0.024402903392910957,1,1
145,5,0.04604316844294468,6,1
146,8,0.045029557620485626,3,1
147,7,0.04357164911925793,4,1
148,8,0.04676308607061704,3,1
149,8,0.06115920717517535,3,1
150,9,0.06317168101668358,2,1
151,10,0.041719187051057816,1,1
152,9,0.02603611908853054,2,1
153,7,0.03972174786031246,4,1
154,9,0.037406427785754204,2,1
155,10,0.02963212877511978,1,1
156,9,0.09533021226525307,2,1
157,5,0.07248467020690441,6,1
158,10,0.03502427041530609,1,1
159,9,0.028126714751124382,2,1
160,8,0.036510925740003586,3,1
161,10,0.04179232940077782,1,1
162,7,0.033544684294611216,4,1
163,8,0.03850623468557993,3,1
164,7,0.04295949265360832,4,1
165,10,0.033119577914476395,1,1
166,1,0.03520024884492159,10,1
167,8,0.023552436536798876,3,1
168,-4,0.058445832381645836,15,1
169,10,0.17260268330574036,1,1
170,10,0.05300959199666977,1,1
171,7,0.03591914754360914,4,1
172,9,0.04577398672699928,2,1
173,7,0.046090178191661835,4,1
174,8,0.048641360054413475,3,1
175,7,0.020929306279867887,4,1
176,10,0.024581126868724823,1,1
177,9,0.03405215125530958,2,1
178,-27,0.03797343634586367,18,0
179,9,0.06299289502203465,2,1
180,8,0.05429274340470632,3,1
181,10,0.07473661750555038,1,1
182,7,0.04288337705656886,4,1
183,9,0.07791283912956715,2,1
184,7,0.15176294650882483,4,1
185,10,0.08853858709335327,1,1
186,10,0.07317913323640823,1,1
187,6,0.05096950605511665,5,1
188,6,0.044335998222231866,5,1
189,6,0.04039037954062223,5,1
190,8,0.08178475126624107,3,1
191,6,0.11986234560608863,5,1
192,8,0.046678271144628525,3,1
193,8,0.06154433637857437,3,1
194,8,0.05213881159822146,3,1
195,8,0.036547193924585976,3,1
196,8,0.12365255256493886,3,1
197,10,0.09436103701591492,1,1
198,9,0.06103210896253586,2,1
199,8,0.02638959636290868,3,1
200,8,0.043054491902391114,3,1
201,-30,0.06082160732277283,41,1
202,8,0.0731608048081398,3,1
203,10,0.025701189413666725,1,1
204,8,0.06080508418381214,3,1
205,5,0.04534033623834451,6,1
206,9,0.05265973135828972,2,1
207,10,0.05194450169801712,1,1
208,10,0.09556355327367783,1,1
209,9,0.05197357013821602,2,1
210,8,0.04815381020307541,3,1
211,9,0.047803282737731934,2,1
212,10,0.02878655679523945,1,1
213,9,0.03368770331144333,2,1
214,7,0.03107448504306376,4,1
215,10,0.027995266020298004,1,1
216,8,0.02394719359775384,3,1
217,9,0.021329169627279043,2,1
218,8,0.036820980409781136,3,1
219,8,0.04623769720395406,3,1
220,8,0.046156092236439385,3,1
221,5,0.05236120894551277,6,1
222,9,0.12694221548736095,2,1
223,6,0.06165128797292709,5,1
224,8,0.12350190989673138,3,1
225,-33,0.04442186100112105,44,1
226,2,0.06259093661275175,9,1
227,8,0.03171544149518013,3,1
228,9,0.017410709522664547,2,1
229,9,0.020828060805797577,2,1
230,6,0.03946079164743423,5,1
231,9,0.06352681014686823,2,1
232,7,0.02896625827997923,4,1
233,8,0.04622714469830195,3,1
234,7,0.028687722980976105,4,1
235,10,0.020255720242857933,1,1
236,8,0.03193188396592935,3,1
237,7,0.019927925197407603,4,1
238,6,0.046312042884528636,5,1
239,5,0.030167662538588047,6,1
240,-26,0.05128286442007212,17,0
241,8,0.06566624343395233,3,1
242,8,0.12176097432772319,3,1
243,6,0.03991621173918247,5,1
244,9,0.0358363501727581,2,1
245,-29,0.05289253576193005,40,1
246,6,0.0571221137419343,5,1
247,10,0.02672356180846691,1,1
248,9,0.027478868141770363,2,1
249,8,0.03331104479730129,3,1
250,8,0.019446690877278645,3,1
251,9,0.03443415276706219,2,1
252,9,0.014311060309410095,2,1
253,10,0.042815715074539185,1,1
254,10,0.05147208273410797,1,1
255,10,0.09474138915538788,1,1
256,7,0.01587954326532781,4,1
257,9,0.13824189454317093,2,1
258,8,0.042475491762161255,3,1
259,-23,0.039497491238372665,14,0
260,-10,0.03754689238433327,21,1
261,7,0.047624681843444705,4,1
262,-50,0.058557959366589786,50,0
263,8,0.08819254984458287,3,1
264,10,0.09639047086238861,1,1
265,6,0.05922839306294918,5,1
266,9,0.061777835711836815,2,1
267,6,0.06966858208179474,5,1
268,7,0.053961450699716806,4,1
269,8,0.02981017902493477,3,1
270,7,0.14826194662600756,4,1
271,10,0.01779523864388466,1,1
272,-11,0.0708390709266744,22,1
273,-11,0.3001562561839819,2,0
274,7,0.08155464846640825,4,1
275,-36,0.052011248764601795,47,1
276,10,0.043162912130355835,1,1
277,8,0.24003509432077408,3,1
278,10,0.03056434728205204,1,1
279,4,0.05325036815234593,7,1
280,-50,0.07081167433410883,50,0
281,5,0.0574951171875,6,1
282,8,0.09811788673202197,3,1
283,9,0.10089764557778835,2,1
284,9,0.043408969417214394,2,1
285,10,0.01368233934044838,1,1
286,8,0.01704810218264659,3,1
287,-10,0.021668191999197006,1,0
288,7,0.03130586491897702,4,1
289,6,0.06295818705111741,5,1
290,9,0.3104185275733471,2,1
291,9,0.019873122684657574,2,1
292,9,0.02853124588727951,2,1
293,9,0.03652693144977093,2,1
294,9,0.2944753784686327,2,1
295,8,0.06770614472528298,3,1
296,10,0.06165429577231407,1,1
297,-10,0.05500292778015137,1,0
298,8,0.03518482049306234,3,1
299,9,0.0794607438147068,2,1
300,10,0.026447687298059464,1,1
301,-37,0.07921984153411661,48,1
302,6,0.039918643236160276,5,1
303,8,0.03765366474787394,3,1
304,6,0.03734181486070156,5,1
305,9,0.016783316619694233,2,1
306,8,0.031695118794838585,3,1
307,8,0.037976072480281196,3,1
308,9,0.011618806282058358,2,1
309,10,0.013297935016453266,1,1
310,7,0.049950663931667805,4,1
311,-10,0.011030327528715134,1,0
312,9,0.03796875150874257,2,1
313,9,0.021359505131840706,2,1
314,7,0.03228604071773589,4,1
315,7,0.04201065411325544,4,1
316,-30,0.06851345241614958,41,1
317,6,0.06576248239725828,5,1
318,10,0.17414981126785278,1,1
319,8,0.04633019616206487,3,1
320,9,0.240782399661839,2,1
321,8,0.043234690092504025,3,1
322,8,0.08479408112665017,3,1
323,8,0.026665322482585907,3,1
324,-7,0.08675398356798622,18,1
325,8,0.04049003248413404,3,1
326,4,0.027381093773458685,7,1
327,8,0.022756342465678852,3,1
328,6,0.13118573874235154,5,1
329,10,0.048960424959659576,1,1
330,8,0.04552607424557209,3,1
331,10,0.036613672971725464,1,1
332,9,0.030291084200143814,2,1
333,8,0.0585427942375342,3,1
334,9,0.2898671329021454,2,1
335,10,0.00975196436047554,1,1
336,10,0.022056978195905685,1,1
337,8,0.014937436829010645,3,1
338,10,0.019320141524076462,1,1
339,10,0.037934254854917526,1,1
340,6,0.0387173717841506,5,1
341,6,0.075552773848176,5,1
342,8,0.05482161231338978,3,1
343,10,0.09637525677680969,1,1
344,9,0.012856836430728436,2,1
345,8,0.03476013708859682,3,1
346,8,0.01979695384701093,3,1
347,9,0.02431919937953353,2,1
348,10,0.6003238558769226,1,1
349,8,0.04105396382510662,3,1
350,9,0.2230137442238629,2,1
351,9,0.056589849293231964,2,1
352,10,0.06214182823896408,1,1
353,8,0.05166645348072052,3,1
354,6,0.03145296387374401,5,1
355,9,0.04009619262069464,2,1
356,8,0.04589069696764151,3,1
357,9,0.0450856639072299,2,1
358,10,0.027729671448469162,1,1
359,7,0.01995069603435695,4,1
360,10,0.023181220516562462,1,1
361,7,0.036925471387803555,4,1
362,-11,0.1435240749269724,2,0
363,6,0.12614693939685823,5,1
364,10,0.01956641674041748,1,1
365,8,0.033495549112558365,3,1
366,8,0.10899688427646954,3,1
367,10,0.024613091722130775,1,1
368,10,0.23524107038974762,1,1
369,9,0.026743272319436073,2,1
370,7,0.08816133439540863,4,1
371,10,0.02147532068192959,1,1
372,10,0.021469274535775185,1,1
373,6,0.035067304223775866,5,1
374,9,0.033206493593752384,2,1
375,9,0.04526443313807249,2,1
376,8,0.017101846324900787,3,1
377,3,0.03916927054524422,8,1
378,9,0.013499870896339417,2,1
379,-10,0.013975595124065876,1,0
380,5,0.07364420189211766,6,1
381,10,0.028871839866042137,1,1
382,8,0.023824685563643772,3,1
383,8,0.025077538564801216,3,1
384,9,0.05273652356117964,2,1
385,7,0.02470631478354335,4,1
386,7,0.041456722654402256,4,1
387,10,0.07456309348344803,1,1
388,8,0.05051772731045882,3,1
389,10,0.0409218966960907,1,1
390,-11,0.02570426370948553,2,0
391,2,0.0931860160910421,9,1
392,9,0.027931971475481987,2,1
393,10,0.032671310007572174,1,1
394,7,0.051970327738672495,4,1
395,1,0.12463943473994732,10,1
396,8,0.182267263221244,3,1
397,8,0.05787035233030716,3,1
398,9,0.08811324276030064,2,1
399,9,0.0619953777641058,2,1
400,9,0.02751944772899151,2,1
401,9,0.03678492037579417,2,1
402,6,0.021776352263987064,5,1
403,9,0.04761769529432058,2,1
404,10,0.06527622044086456,1,1
405,8,0.053474566588799156,3,1
406,10,0.041146472096443176,1,1
407,5,0.0631013810634613,6,1
408,8,0.20848931868871054,3,1
409,-4,0.03255496174097061,15,1
410,8,0.19863574641446272,3,1
411,8,0.02877725660800934,3,1
412,-50,0.06575679402798414,50,0
413,9,0.026566135697066784,2,1
414,6,0.12576883416622878,5,1
415,10,0.014817948453128338,1,1
416,10,0.05060291290283203,1,1
417,6,0.0438112024217844,5,1
418,7,0.019911936949938536,4,1
419,-8,0.06019827912218476,19,1
420,7,0.18195031909272075,4,1
421,8,0.019090470547477405,3,1
422,9,0.027705727145075798,2,1
423,6,0.05907268784940243,5,1
424,7,0.018471153802238405,4,1
425,-17,0.05813043651037982,28,1
426,9,0.043459679931402206,2,1
427,-11,0.061940861865878105,2,0
428,-50,0.08175486614927649,50,0
429,9,0.03167535271495581,2,1
430,9,0.019434891175478697,2,1
431,8,0.024010786165793736,3,1
432,7,0.07108733523637056,4,1
433,9,0.2377517931163311,2,1
434,8,0.14890634485830864,3,1
435,8,0.0348142875979344,3,1
436,7,0.10236171702854335,4,1
437,8,0.04302243577937285,3,1
438,-19,0.04070583749562502,10,0
439,9,0.15220871195197105,2,1
440,7,0.034063358791172504,4,1
441,7,0.2558166394010186,4,1
442,10,0.03236522525548935,1,1
443,9,0.016241535544395447,2,1
444,-10,0.016684554517269135,1,0
445,10,0.12287954986095428,1,1
446,8,0.26399912933508557,3,1
447,10,0.015838012099266052,1,1
448,5,0.03740523289889097,6,1
449,7,0.13792304135859013,4,1
450,5,0.04306193689505259,6,1
451,-10,0.039442919194698334,1,0
452,8,0.02915101187924544,3,1
453,10,0.04428204894065857,1,1
454,8,0.21106099834044775,3,1
455,9,0.12093760445713997,2,1
456,9,0.04837319441139698,2,1
457,9,0.035108900628983974,2,1
458,9,0.04137358069419861,2,1
459,10,0.9831270575523376,1,1
460,9,0.0389468465000391,2,1
461,7,0.2613091692328453,4,1
462,8,0.0391788420577844,3,1
463,10,0.10505890101194382,1,1
464,5,0.053833870217204094,6,1
465,6,0.020397287793457508,5,1
466,8,0.03840246920784315,3,1
467,9,0.2634257171303034,2,1
468,8,0.027199622864524525,3,1
469,10,0.48628664016723633,1,1
470,9,0.028176577761769295,2,1
471,4,0.028716844506561756,7,1
472,8,0.05732647391657034,3,1
473,10,0.015113254077732563,1,1
474,9,0.01688289735466242,2,1
475,6,0.10506483726203442,5,1
476,7,0.1654981872998178,4,1
477,10,0.4442468583583832,1,1
478,7,0.14097541570663452,4,1
479,-4,0.04225235066066186,15,1
480,6,0.11603523641824723,5,1
481,9,0.035310862585902214,2,1
482,-15,0.0683279584448498,26,1
483,-20,0.10364126089599825,31,1
484,8,0.049006919686992965,3,1
485,7,0.07832363341003656,4,1
486,10,0.1354336440563202,1,1
487,-47,0.09439073262834236,38,0
488,10,0.011770712211728096,1,1
489,7,0.2564533487893641,4,1
490,4,0.03537304140627384,7,1
491,-8,0.07410439397943647,19,1
492,10,0.01367528922855854,1,1
493,5,0.11475805193185806,6,1
494,10,0.046582628041505814,1,1
495,9,0.03038344532251358,2,1
496,-30,0.10903859644063882,21,0
497,9,0.06800662726163864,2,1
498,9,0.05727739818394184,2,1
499,8,0.2172906125585238,3,1
500,9,0.023214543238282204,2,1
501,10,0.034430745989084244,1,1
502,8,0.034732598811388016,3,1
503,-7,0.11587405070248577,18,1
504,10,0.35943078994750977,1,1
505,8,0.061581907172997795,3,1
506,10,0.13807329535484314,1,1
507,8,0.1493141409009695,3,1
508,9,0.26973750442266464,2,1
509,9,0.4289369434118271,2,1
510,8,0.024764232337474823,3,1
511,5,0.0652757369292279,6,1
512,9,0.05907138343900442,2,1
513,7,0.06676753703504801,4,1
514,8,0.03982212394475937,3,1
515,6,0.1739293374121189,5,1
516,10,0.07622797787189484,1,1
517,7,0.09482090175151825,4,1
518,8,0.13167010185619196,3,1
519,8,0.11395754230519135,3,1
520,9,0.07742577884346247,2,1
521,9,0.09315061196684837,2,1
522,6,0.04137679021805525,5,1
523,10,0.009453295730054379,1,1
524,-10,0.35378316044807434,1,0
525,10,0.01600814238190651,1,1
526,10,0.010923188179731369,1,1
527,8,0.11704118984440963,3,1
528,-50,0.07685732347890735,50,0
529,10,0.11660097539424896,1,1
530,7,0.08997098077088594,4,1
531,7,0.12518255971372128,4,1
532,7,0.16747135668992996,4,1
533,10,0.34764033555984497,1,1
534,10,0.03487015515565872,1,1
535,9,0.05887388437986374,2,1
536,6,0.0454026635736227,5,1
537,8,0.042256093273560204,3,1
538,7,0.15694369561970234,4,1
539,9,0.0267237089574337,2,1
540,10,0.03221362829208374,1,1
541,7,0.0344252847135067,4,1
542,0,0.0649906491691416,11,1
543,10,0.015588962472975254,1,1
544,8,0.06364353249470393,3,1
545,5,0.07214827897648017,6,1
546,10,0.053984638303518295,1,1
547,8,0.18254311258594194,3,1
548,6,0.06183696910738945,5,1
549,7,0.049094405490905046,4,1
550,9,0.03653826378285885,2,1
551,7,0.045321629382669926,4,1
552,9,0.06990059278905392,2,1
553,8,0.08600821842749913,3,1
554,9,0.04916495271027088,2,1
555,8,0.15681324185182652,3,1
556,-50,0.0693006382510066,50,0
557,6,0.19401857927441596,5,1
558,8,0.17221352209647497,3,1
559,10,0.057212069630622864,1,1
560,9,0.22702990472316742,2,1
561,9,0.03786181891337037,2,1
562,8,0.06234631190697352,3,1
563,1,0.15926452707499267,10,1
564,7,0.06562641868367791,4,1
565,10,0.041371289640665054,1,1
566,9,0.0448679830878973,2,1
567,10,0.06833106279373169,1,1
568,-25,0.09904070384800434,36,1
569,9,0.04099979251623154,2,1
570,9,0.07667263224720955,2,1
571,10,0.10660810768604279,1,1
572,7,0.03502283152192831,4,1
573,9,0.025357814505696297,2,1
574,10,0.16964803636074066,1,1
575,-14,0.11293760932981968,25,1
576,8,0.06178503607710203,3,1
577,8,0.038339871602753796,3,1
578,-50,0.05356478249654174,50,0
579,7,0.08314222190529108,4,1
580,7,0.1308460496366024,4,1
581,7,0.05070135463029146,4,1
582,6,0.12693538293242454,5,1
583,10,0.05000123754143715,1,1
584,10,0.027321118861436844,1,1
585,-10,0.03635188937187195,1,0
586,8,0.038826956103245415,3,1
587,7,0.03382741054520011,4,1
588,9,0.04145833104848862,2,1
589,9,0.23707091249525547,2,1
590,10,0.022138994187116623,1,1
591,10,0.013862096704542637,1,1
592,10,0.029250789433717728,1,1
593,8,0.0256201879431804,3,1
594,9,0.02196415700018406,2,1
595,7,0.03243267862126231,4,1
596,7,0.015596258919686079,4,1
597,8,0.037919326374928154,3,1
598,-24,0.060429646819829944,15,0
599,9,0.03507169149816036,2,1
600,10,0.028804609552025795,1,1
601,7,0.036858131643384695,4,1
602,7,0.039664026349782944,4,1
603,9,0.026593958027660847,2,1
604,-38,0.11647906884246943,49,1
605,10,0.02030530944466591,1,1
606,-50,0.08563526272773743,50,0
607,-9,0.07457980746403337,20,1
608,7,0.11818740610033274,4,1
609,6,0.09028549864888191,5,1
610,-50,0.09145589105784893,50,0
611,9,0.05039924755692482,2,1
612,9,0.06158268451690674,2,1
613,9,0.04683401249349117,2,1
614,5,0.11453129723668098,6,1
615,6,0.058236338943243024,5,1
616,7,0.06786188948899508,4,1
617,9,0.026971595361828804,2,1
618,10,0.022493576630949974,1,1
619,10,0.023752156645059586,1,1
620,7,0.12408165028318763,4,1
621,6,0.03755679689347744,5,1
622,8,0.053000385562578835,3,1
623,9,0.12488672509789467,2,1
624,7,0.03198965475894511,4,1
625,9,0.02926719095557928,2,1
626,8,0.12607512374718985,3,1
627,10,0.07409512251615524,1,1
628,-50,0.062219409327954056,50,0
629,7,0.07093324093148112,4,1
630,7,0.06291213538497686,4,1
631,7,0.07871836517006159,4,1
632,8,0.06587082954744498,3,1
633,8,0.050900788977742195,3,1
634,7,0.0693495012819767,4,1
635,10,0.01772828958928585,1,1
636,7,0.08450133027508855,4,1
637,9,0.05443061143159866,2,1
638,10,0.13441522419452667,1,1
639,10,0.0359668992459774,1,1
640,6,0.08546771965920925,5,1
641,8,0.04196308677395185,3,1
642,8,0.026619277894496918,3,1
643,8,0.02253494846324126,3,1
644,8,0.01697084028273821,3,1
645,9,0.015692361164838076,2,1
646,7,0.027689858805388212,4,1
647,7,0.03634047508239746,4,1
648,6,0.028368433937430382,5,1
649,9,0.046525612473487854,2,1
650,7,0.03271261602640152,4,1
651,8,0.04622350571056207,3,1
652,-4,0.04791299731781085,15,1
653,-57,0.0639143463728639,48,0
654,-9,0.07500741062685848,20,1
655,8,0.11943882207075755,3,1
656,8,0.0875887821118037,3,1
657,7,0.07344827335327864,4,1
658,6,0.05383823961019516,5,1
659,-50,0.07044707825407386,50,0
660,-10,0.036255642771720886,1,0
661,10,0.016635192558169365,1,1
662,-50,0.07384611980989575,50,0
663,8,0.0307083111256361,3,1
664,-39,0.058563283427308,30,0
665,7,0.0933445100672543,4,1
666,9,0.08918217197060585,2,1
667,9,0.2910279892385006,2,1
668,7,0.1406858074478805,4,1
669,9,0.039830220863223076,2,1
670,7,0.25100927287712693,4,1
671,9,0.0213330565020442,2,1
672,7,0.02815185161307454,4,1
673,8,0.03794969369967779,3,1
674,5,0.020327487029135227,6,1
675,9,0.17566761653870344,2,1
676,8,0.08334266332288583,3,1
677,-2,0.08343336774179569,13,1
678,9,0.04373495280742645,2,1
679,9,0.024106085766106844,2,1
680,8,0.037347378830115,3,1
681,8,0.07009005360305309,3,1
682,8,0.05739953430990378,3,1
683,10,0.030628811568021774,1,1
684,9,0.459914930164814,2,1
685,10,0.045022886246442795,1,1
686,9,0.015920796431601048,2,1
687,6,0.060037045180797576,5,1
688,10,0.015116799622774124,1,1
689,10,0.0337020643055439,1,1
690,7,0.060491107404232025,4,1
691,6,0.07673720605671405,5,1
692,-11,0.025038904510438442,2,0
693,7,0.2713477425277233,4,1
694,10,0.060797154903411865,1,1
695,5,0.09983539953827858,6,1
696,-11,0.08744798710739071,22,1
697,10,0.21886706352233887,1,1
698,10,0.47407156229019165,1,1
699,8,0.03815541788935661,3,1
700,7,0.06761750392615795,4,1
701,6,0.04428665302693844,5,1
702,6,0.035261031426489356,5,1
703,7,0.05052879871800542,4,1
704,4,0.13568105122872762,7,1
705,8,0.030063979948560398,3,1
706,7,0.19654639367945492,4,1
707,9,0.04117218125611544,2,1
708,9,0.024321842007339,2,1
709,9,0.035210201516747475,2,1
710,9,0.02830548584461212,2,1
711,6,0.11505532488226891,5,1
712,7,0.12307466100901365,4,1
713,8,0.18970595051844916,3,1
714,-2,0.03697155301387493,13,1
715,-10,0.3157632648944855,1,0
716,6,0.08762627467513084,5,1
717,9,0.353499636054039,2,1
718,8,0.07869044815500577,3,1
719,9,0.07355066761374474,2,1
720,9,0.0351401437073946,2,1
721,10,0.013706037774682045,1,1
722,9,0.04985718987882137,2,1
723,7,0.17611508397385478,4,1
724,9,0.04295598156750202,2,1
725,9,0.03948696330189705,2,1
726,8,0.07014365990956624,3,1
727,9,0.053037360310554504,2,1
728,10,0.027439896017313004,1,1
729,10,0.013869603164494038,1,1
730,6,0.0842048991471529,5,1
731,6,0.10079831779003143,5,1
732,8,0.0558740875373284,3,1
733,8,0.07002063157657783,3,1
734,10,0.03299693018198013,1,1
735,10,0.05556297302246094,1,1
736,8,0.043326921140154205,3,1
737,7,0.1442072936333716,4,1
738,10,0.07813473045825958,1,1
739,6,0.035613054782152175,5,1
740,9,0.04136336036026478,2,1
741,8,0.022743138795097668,3,1
742,7,0.0483961331192404,4,1
743,8,0.04353545606136322,3,1
744,7,0.030924102058634162,4,1
745,10,0.026228968054056168,1,1
746,9,0.019661041907966137,2,1
747,8,0.02661178447306156,3,1
748,8,0.06614165256420772,3,1
749,10,0.007417564280331135,1,1
750,5,0.0228916237441202,6,1
751,7,0.08079912839457393,4,1
752,7,0.19753956142812967,4,1
753,9,0.15156764723360538,2,1
754,8,0.06785184517502785,3,1
755,-21,0.07424262154381722,32,1
756,9,0.05160626117140055,2,1
757,9,0.07527418807148933,2,1
758,7,0.06075323582626879,4,1
759,6,0.039685219153761865,5,1
760,-50,0.05852465186268091,50,0
761,8,0.0993063102165858,3,1
762,7,0.06474494002759457,4,1
763,9,0.046900536864995956,2,1
764,8,0.06481429437796275,3,1
765,10,0.06327664852142334,1,1
766,9,0.05973620153963566,2,1
767,8,0.07549002518256505,3,1
768,7,0.13800991419702768,4,1
769,9,0.04455206822603941,2,1
770,2,0.0640270643764072,9,1
771,9,0.01993255689740181,2,1
772,0,0.04921451744369485,11,1
773,10,0.04800828918814659,1,1
774,7,0.13448278047144413,4,1
775,8,0.05281517282128334,3,1
776,9,0.060444025322794914,2,1
777,9,0.02504803240299225,2,1
778,8,0.23958059897025427,3,1
779,6,0.04234533756971359,5,1
780,8,0.042021201302607857,3,1
781,8,0.12757530684272447,3,1
782,10,0.01566428318619728,1,1
783,10,0.03168603777885437,1,1
784,10,0.3026256859302521,1,1
785,10,0.016721423715353012,1,1
786,-30,0.06165995516973298,41,1
787,-10,0.017409231513738632,1,0
788,8,0.06701359897851944,3,1
789,8,0.021853232756257057,3,1
790,10,0.0770263597369194,1,1
791,9,0.03275034390389919,2,1
792,9,0.021538675762712955,2,1
793,-10,0.4367230236530304,1,0
794,10,0.08839035779237747,1,1
795,10,0.0342085100710392,1,1
796,9,0.040397919714450836,2,1
797,8,0.025558483476440113,3,1
798,9,0.028775883838534355,2,1
799,10,0.02903270535171032,1,1
800,7,0.03989055706188083,4,1
801,6,0.1553950808942318,5,1
802,8,0.1457312690714995,3,1
803,7,0.04474588483572006,4,1
804,8,0.05520887300372124,3,1
805,6,0.10662293508648872,5,1
806,9,0.10131512582302094,2,1
807,8,0.0463226530700922,3,1
808,7,0.035988664953038096,4,1
809,8,0.06305724382400513,3,1
810,10,0.019114868715405464,1,1
811,7,0.055016424506902695,4,1
812,10,0.024282455444335938,1,1
813,10,0.5623727440834045,1,1
814,6,0.028596305288374424,5,1
815,10,0.05937826260924339,1,1
816,8,0.03620298703511556,3,1
817,8,0.029314968114097912,3,1
818,6,0.04940196387469768,5,1
819,9,0.028957081958651543,2,1
820,9,0.05747382342815399,2,1
821,6,0.055541031435132025,5,1
822,7,0.07276324275881052,4,1
823,7,0.0769861584994942,4,1
824,9,0.01621980918571353,2,1
825,8,0.04479258507490158,3,1
826,10,0.018405064940452576,1,1
827,9,0.01794897811487317,2,1
828,6,0.050777457654476166,5,1
829,8,0.020777268335223198,3,1
830,8,0.015610548046727976,3,1
831,7,0.03611176856793463,4,1
832,8,0.022145972587168217,3,1
833,8,0.024300619959831238,3,1
834,7,0.10460686311125755,4,1
835,-10,0.05070970952510834,1,0
836,-10,0.026630304753780365,1,0
837,10,0.047995492815971375,1,1
838,8,0.04093128753205141,3,1
839,10,0.04327249899506569,1,1
840,6,0.06557495407760143,5,1
841,9,0.08167515601962805,2,1
842,8,0.17232664674520493,3,1
843,9,0.07143276557326317,2,1
844,-7,0.11698751089473565,18,1
845,10,0.06022041290998459,1,1
846,7,0.05346586648374796,4,1
847,10,0.0528799332678318,1,1
848,9,0.26350312307477,2,1
849,9,0.06821202114224434,2,1
850,9,0.027640666346997023,2,1
851,-14,0.10847826771438122,25,1
852,7,0.12572589376941323,4,1
853,10,0.026377862319350243,1,1
854,8,0.024618470730880897,3,1
855,7,0.03226453112438321,4,1
856,9,0.02893592044711113,2,1
857,10,0.27521008253097534,1,1
858,6,0.125819456204772,5,1
859,7,0.06433228217065334,4,1
860,9,0.046563465148210526,2,1
861,9,0.06393881142139435,2,1
862,8,0.3633308783173561,3,1
863,9,0.06473203748464584,2,1
864,8,0.06502700100342433,3,1
865,6,0.21206545643508434,5,1
866,8,0.044403353706002235,3,1
867,7,0.06277587125077844,4,1
868,9,0.05399621557444334,2,1
869,10,0.022909648716449738,1,1
870,8,0.033748398845394455,3,1
871,8,0.10553614298502605,3,1
872,6,0.0639252733439207,5,1
873,8,0.04782771567503611,3,1
874,6,0.06105262041091919,5,1
875,10,0.06818713247776031,1,1
876,8,0.032155253613988556,3,1
877,-10,0.47504502534866333,1,0
878,8,0.04129653051495552,3,1
879,8,0.04480048703650633,3,1
880,9,0.03657481027767062,2,1
881,7,0.03849533013999462,4,1
882,8,0.06340249006946881,3,1
883,10,0.3796837031841278,1,1
884,8,0.057076768949627876,3,1
885,8,0.3033413166801135,3,1
886,9,0.01684192568063736,2,1
887,10,0.028629224747419357,1,1
888,8,0.02139035426080227,3,1
889,10,0.05399978905916214,1,1
890,8,0.18116883064309755,3,1
891,6,0.02882458232343197,5,1
892,10,0.01697801612317562,1,1
893,7,0.07894309610128403,4,1
894,8,0.14172755926847458,3,1
895,10,0.03694227337837219,1,1
896,8,0.19833948711554208,3,1
897,10,0.053991951048374176,1,1
898,10,0.03884660452604294,1,1
899,-1,0.06361398085330923,12,1
900,6,0.16732830218970776,5,1
901,10,0.013675989583134651,1,1
902,8,0.05346909537911415,3,1
903,9,0.04118484817445278,2,1
904,7,0.18336897948756814,4,1
905,8,0.04365949953595797,3,1
906,10,0.029315698891878128,1,1
907,-16,0.0651601972748284,27,1
908,10,0.041216135025024414,1,1
909,7,0.05889791715890169,4,1
910,-50,0.08270154561847448,50,0
911,10,0.08601239323616028,1,1
912,10,0.022941341623663902,1,1
913,10,0.07868824154138565,1,1
914,8,0.028111657127738,3,1
915,9,0.08281991630792618,2,1
916,-15,0.06257485691457987,26,1
917,9,0.07352610677480698,2,1
918,6,0.13685821928083897,5,1
919,7,0.2296677716076374,4,1
920,10,0.04968111962080002,1,1
921,8,0.03593101476629575,3,1
922,10,0.037709396332502365,1,1
923,3,0.03535500029101968,8,1
924,10,0.0619184672832489,1,1
925,-2,0.05356183762733753,13,1
926,4,0.08673556095787457,7,1
927,6,0.15595955774188042,5,1
928,9,0.26346269994974136,2,1
929,10,0.025365008041262627,1,1
930,6,0.11779183819890023,5,1
931,-15,0.07317395135760307,6,0
932,9,0.07096168957650661,2,1
933,8,0.2875438133875529,3,1
934,9,0.05559265427291393,2,1
935,9,0.04872665461152792,2,1
936,10,0.061651960015296936,1,1
937,10,0.04874000325798988,1,1
938,8,0.05735722308357557,3,1
939,9,0.014814044814556837,2,1
940,8,0.052428643529613815,3,1
941,9,0.2467395355924964,2,1
942,5,0.057877423241734505,6,1
943,-50,0.07088398400694132,50,0
944,9,0.05682234838604927,2,1
945,9,0.03123125620186329,2,1
946,10,0.031469959765672684,1,1
947,8,0.029921239862839382,3,1
948,9,0.05460841581225395,2,1
949,9,0.0493306964635849,2,1
950,10,0.22731544077396393,1,1
951,9,0.0640266127884388,2,1
952,7,0.16658973041921854,4,1
953,10,0.04302041232585907,1,1
954,6,0.03380970321595669,5,1
955,5,0.050101794923345246,6,1
956,8,0.0572657510638237,3,1
957,8,0.18162217860420546,3,1
958,10,0.07899712026119232,1,1
959,-12,0.03193938732147217,3,0
960,10,0.0478995107114315,1,1
961,10,0.0398181788623333,1,1
962,8,0.03783648833632469,3,1
963,10,0.012622685171663761,1,1
964,8,0.03238718677312136,3,1
965,8,0.029832518969972927,3,1
966,7,0.2879475695081055,4,1
967,0,0.058160882273858246,11,1
968,-34,0.07389142873386542,45,1
969,9,0.22737504541873932,2,1
970,10,0.04406781494617462,1,1
971,10,0.03203481808304787,1,1
972,6,0.03998553156852722,5,1
973,9,0.07703754678368568,2,1
974,9,0.025236928835511208,2,1
975,8,0.17149468759695688,3,1
976,-50,0.09140913780778646,50,0
977,8,0.05199981605013212,3,1
978,9,0.033208937384188175,2,1
979,10,0.015316316857933998,1,1
980,7,0.1317587634548545,4,1
981,10,0.045042555779218674,1,1
982,10,0.008906256407499313,1,1
983,8,0.03542287461459637,3,1
984,9,0.025480966083705425,2,1
985,8,0.028634808336695034,3,1
986,-30,0.04785341964591117,21,0
987,10,0.02525489591062069,1,1
988,10,0.059665847569704056,1,1
989,8,0.045987789829572044,3,1
990,10,0.13897410035133362,1,1
991,-11,0.031862786039710045,2,0
992,10,0.4869215488433838,1,1
993,9,0.03847713768482208,2,1
994,9,0.017983725294470787,2,1
995,10,0.016883788630366325,1,1
996,8,0.1724341350297133,3,1
997,7,0.05751054361462593,4,1
998,9,0.02848896197974682,2,1
999,6,0.023352066054940224,5,1
1000,9,0.024943344295024872,2,1
1,7,0.03559262491762638,4,1
2,10,0.061798617243766785,1,1
3,8,0.053059851129849754,3,1
4,-50,0.1081040696054697,50,0
5,7,0.055801089853048325,4,1
6,9,0.04385095555335283,2,1
7,8,0.026506958529353142,3,1
8,9,0.027958381921052933,2,1
9,8,0.02748112380504608,3,1
10,2,0.05945938163333469,9,1
11,7,0.029022010043263435,4,1
12,10,0.030385419726371765,1,1
13,9,0.030173415318131447,2,1
14,9,0.02388552390038967,2,1
15,7,0.02454747585579753,4,1
16,10,0.013378755189478397,1,1
17,9,0.03245281707495451,2,1
18,9,0.019353092648088932,2,1
19,8,0.16194987669587135,3,1
20,10,0.012625407427549362,1,1
21,9,0.01916331984102726,2,1
22,10,0.20787647366523743,1,1
23,10,0.023621246218681335,1,1
24,9,0.028003311716020107,2,1
25,-31,0.08244940581997591,42,1
26,-11,0.04999960772693157,2,0
27,9,0.24438820593059063,2,1
28,9,0.235137190669775,2,1
29,-2,0.06652279531296629,13,1
30,7,0.029231127351522446,4,1
31,8,0.03534832037985325,3,1
32,8,0.0313603604833285,3,1
33,10,0.08356508612632751,1,1
34,7,0.04346990515477955,4,1
35,9,0.1762886717915535,2,1
36,10,0.4431668221950531,1,1
37,8,0.17546026719113192,3,1
38,4,0.1656551104305046,7,1
39,9,0.029338047839701176,2,1
40,8,0.020729854702949524,3,1
41,4,0.03398425451346806,7,1
42,-34,0.11561639809774028,45,1
43,9,0.05000694002956152,2,1
44,8,0.025913403369486332,3,1
45,6,0.07305371090769767,5,1
46,10,0.16049349308013916,1,1
47,8,0.2331518679857254,3,1
48,9,0.13486239686608315,2,1
49,-9,0.07598839001730084,20,1
50,5,0.039730882893006005,6,1
51,8,0.10762266131738822,3,1
52,8,0.16551361605525017,3,1
53,-10,0.016968179494142532,1,0
54,7,0.2165712947025895,4,1
55,8,0.07618583490451176,3,1
56,8,0.09025213246544202,3,1
57,9,0.10482493788003922,2,1
58,7,0.06643162947148085,4,1
59,8,0.10266430241366227,3,1
60,10,0.052388645708560944,1,1
61,8,0.07213125377893448,3,1
62,10,0.1753976047039032,1,1
63,9,0.04692467674612999,2,1
64,7,0.06483522476628423,4,1
65,9,0.052277253940701485,2,1
66,9,0.10961678251624107,2,1
67,6,0.08948257975280285,5,1
68,-15,0.1187219636944624,26,1
69,9,0.06194580718874931,2,1
70,7,0.10131116886623204,4,1
71,9,0.06158705987036228,2,1
72,7,0.041062879376113415,4,1
73,-6,0.10896788055405897,17,1
74,-11,0.06672311972149393,22,1
75,9,0.07592938002198935,2,1
76,9,0.034033771604299545,2,1
77,6,0.03658763077110052,5,1
78,-43,0.08630949017756126,34,0
79,10,0.04817792400717735,1,1
80,9,0.03945996053516865,2,1
81,-50,0.09098902251571417,50,0
82,8,0.045236531645059586,3,1
83,-10,0.020225122570991516,1,0
84,-10,0.04070029407739639,1,0
85,7,0.04654088197275996,4,1
86,7,0.029501949902623892,4,1
87,9,0.05305609479546547,2,1
88,9,0.25567825604230165,2,1
89,8,0.040250622356931366,3,1
90,-21,0.07506652642041445,12,0
91,10,0.02394810877740383,1,1
92,8,0.04338680145641168,3,1
93,6,0.06718178018927574,5,1
94,8,0.02296372813483079,3,1
95,8,0.047351942087213196,3,1
96,9,0.046312580816447735,2,1
97,-35,0.06349089559024343,26,0
98,10,0.021236898377537727,1,1
99,9,0.057650009635835886,2,1
100,8,0.052703644459446274,3,1
101,10,0.45030829310417175,1,1
102,9,0.024577558040618896,2,1
103,7,0.1734180732164532,4,1
104,7,0.05145767191424966,4,1
105,10,0.03633573278784752,1,1
106,7,0.055617515463382006,4,1
107,10,0.1008591428399086,1,1
108,7,0.0513772857375443,4,1
109,-17,0.060059558699971864,28,1
110,9,0.04512446001172066,2,1
111,7,0.16077622584998608,4,1
112,10,0.053402844816446304,1,1
113,8,0.17123916000127792,3,1
114,5,0.058366645127534866,6,1
115,8,0.1813538633286953,3,1
116,7,0.031766758766025305,4,1
117,7,0.04472501669079065,4,1
118,6,0.07005606591701508,5,1
119,9,0.032666681334376335,2,1
120,8,0.05461233233412107,3,1
121,5,0.0419658903653423,6,1
122,10,0.02540494315326214,1,1
123,9,0.19886919017881155,2,1
124,6,0.03315540961921215,5,1
125,9,0.03974195569753647,2,1
126,9,0.05890982039272785,2,1
127,8,0.05845001898705959,3,1
128,8,0.021685887438555557,3,1
129,9,0.05526856053620577,2,1
130,9,0.018574864603579044,2,1
131,9,0.035732414573431015,2,1
132,10,0.007917912676930428,1,1
133,9,0.03489730320870876,2,1
134,9,0.01459680125117302,2,1
135,9,0.024138095788657665,2,1
136,8,0.06285413602987926,3,1
137,7,0.054105748888105154,4,1
138,-26,0.09161301594026186,37,1
139,-25,0.08425330321511461,36,1
140,7,0.05093554314225912,4,1
141,10,0.04216327145695686,1,1
142,7,0.06165424454957247,4,1
143,10,0.07426970452070236,1,1
144,7,0.08828844642266631,4,1
145,9,0.05760825518518686,2,1
146,10,0.016724873334169388,1,1
147,10,0.023579401895403862,1,1
148,7,0.02280955482274294,4,1
149,9,0.04228982422500849,2,1
150,6,0.07615565732121468,5,1
151,9,0.2983332946896553,2,1
152,9,0.040742650628089905,2,1
153,-5,0.048329010140150785,16,1
154,-7,0.056419242897795305,18,1
155,10,0.04194031283259392,1,1
156,6,0.2007999300956726,5,1
157,8,0.04574786747495333,3,1
158,9,0.05193630792200565,2,1
159,9,0.03607095964252949,2,1
160,9,0.046189374290406704,2,1
161,10,0.13110104203224182,1,1
162,9,0.0849474286660552,2,1
163,8,0.041022518649697304,3,1
164,8,0.15277570548156896,3,1
165,-31,0.0715254114585973,42,1
166,8,0.04011677050342163,3,1
167,9,0.030575805343687534,2,1
168,10,0.016473233699798584,1,1
169,7,0.025202657794579864,4,1
170,10,0.021768566220998764,1,1
171,-3,0.10353115487045475,14,1
172,-5,0.09913482563570142,16,1
173,-17,0.0728003696671554,28,1
174,9,0.13294247165322304,2,1
175,9,0.04860454332083464,2,1
176,10,0.031229693442583084,1,1
177,8,0.030944865196943283,3,1
178,10,0.06843403726816177,1,1
179,9,0.05467779189348221,2,1
180,8,0.02734600690503915,3,1
181,7,0.03571258974261582,4,1
182,9,0.030706657096743584,2,1
183,10,0.033854689449071884,1,1
184,10,0.010576535947620869,1,1
185,8,0.036677127393583454,3,1
186,9,0.0699696782976389,2,1
187,9,0.055301615968346596,2,1
188,7,0.03106243023648858,4,1
189,10,0.015520118176937103,1,1
190,-16,0.06254688548614029,27,1
191,10,0.10347118973731995,1,1
192,10,0.08557265996932983,1,1
193,10,0.044881850481033325,1,1
194,8,0.05927684406439463,3,1
195,9,0.048270534723997116,2,1
196,10,0.10020910203456879,1,1
197,8,0.21685995037357012,3,1
198,7,0.04932353086769581,4,1
199,7,0.031057458370923996,4,1
200,9,0.04161878861486912,2,1
201,9,0.07355148531496525,2,1
202,10,0.062415409833192825,1,1
203,10,0.025333775207400322,1,1
204,8,0.04544823616743088,3,1
205,-10,0.05263122543692589,1,0
206,-50,0.09328376557677984,50,0
207,8,0.02820155955851078,3,1
208,-9,0.08221139116212725,20,1
209,8,0.1468740509202083,3,1
210,7,0.11710560321807861,4,1
211,7,0.03818530752323568,4,1
212,7,0.11498573003336787,4,1
213,10,0.40704745054244995,1,1
214,8,0.03139577123026053,3,1
215,-2,0.034559028366437324,13,1
216,10,0.027752619236707687,1,1
217,5,0.09220716527973612,6,1
218,-9,0.06680643814615905,20,1
219,10,0.03940471261739731,1,1
220,8,0.030690579985578854,3,1
221,7,0.13218826428055763,4,1
222,8,0.15018772147595882,3,1
223,9,0.0620972104370594,2,1
224,-27,0.0887670723819419,38,1
225,8,0.036644953303039074,3,1
226,9,0.062063779681921005,2,1
227,10,0.03498828783631325,1,1
228,7,0.1107545755803585,4,1
229,9,0.06228984147310257,2,1
230,7,0.01965282578021288,4,1
231,-50,0.046734132766723634,50,0
232,9,0.016633774619549513,2,1
233,10,0.033719707280397415,1,1
234,10,0.016484446823596954,1,1
235,8,0.032639858623345695,3,1
236,8,0.017833045062919457,3,1
237,9,0.14365123864263296,2,1
238,5,0.043011506708959736,6,1
239,10,0.04770640283823013,1,1
240,-50,0.0851024609990418,50,0
241,6,0.047158073633909225,5,1
242,8,0.034752934550245605,3,1
243,9,0.043602876365184784,2,1
244,7,0.20340445032343268,4,1
245,8,0.022637659683823586,3,1
246,6,0.1036899508908391,5,1
247,9,0.17449730820953846,2,1
248,10,0.022158149629831314,1,1
249,8,0.035083996752897896,3,1
250,7,0.10573754622600973,4,1
251,4,0.016674565483949015,7,1
252,9,0.023007557727396488,2,1
253,10,0.005328807048499584,1,1
254,7,0.0820392012828961,4,1
255,-30,0.042312388853510706,41,1
256,10,0.04016399756073952,1,1
257,-17,0.0664470940163093,28,1
258,0,0.05565450272776864,11,1
259,8,0.03213485392431418,3,1
260,-5,0.0729126536170952,16,1
261,5,0.03360116947442293,6,1
262,9,0.22642086260020733,2,1
263,10,0.010551863349974155,1,1
264,8,0.11789196543395519,3,1
265,8,0.04364806848267714,3,1
266,7,0.019205779302865267,4,1
267,10,0.02476206235587597,1,1
268,7,0.04181757289916277,4,1
269,-22,0.06311050466628688,33,1
270,8,0.053851219515005745,3,1
271,10,0.07696609944105148,1,1
272,-15,0.06109671208720941,26,1
273,9,0.01789911650121212,2,1
274,10,0.022211454808712006,1,1
275,9,0.022302222438156605,2,1
276,6,0.03737100027501583,5,1
277,6,0.04368612430989742,5,1
278,7,0.04472190048545599,4,1
279,9,0.036866094917058945,2,1
280,-10,0.0412130132317543,1,0
281,10,0.03077438846230507,1,1
282,-8,0.07848263355462175,19,1
283,7,0.1112508240621537,4,1
284,8,0.04925595037639141,3,1
285,5,0.07336937341218193,6,1
286,8,0.016322089359164238,3,1
287,10,0.010066837072372437,1,1
288,9,0.015319126192480326,2,1
289,9,0.023727277293801308,2,1
290,8,0.015022645083566507,3,1
291,7,0.024947673664428294,4,1
292,-20,0.06849581628076491,31,1
293,7,0.029260463546961546,4,1
294,9,0.0172540545463562,2,1
295,5,0.017383616417646408,6,1
296,6,0.042564514093101025,5,1
297,6,0.10875826515257359,5,1
298,4,0.061430703449462144,7,1
299,7,0.01508423825725913,4,1
300,6,0.014332664385437965,5,1
301,10,0.05149191990494728,1,1
302,7,0.08528210618533194,4,1
303,9,0.014758701901882887,2,1
304,-13,0.08652245965398227,24,1
305,9,0.04458676651120186,2,1
306,9,0.040884858928620815,2,1
307,8,0.04049966484308243,3,1
308,10,0.027804402634501457,1,1
309,8,0.05015737128754457,3,1
310,9,0.16590485349297523,2,1
311,9,0.048080997075885534,2,1
312,10,0.04921082779765129,1,1
313,8,0.03553428687155247,3,1
314,9,0.061528597958385944,2,1
315,8,0.019802809382478397,3,1
316,-12,0.05567781687916621,23,1
317,-20,0.04958382134716357,31,1
318,10,0.2340616136789322,1,1
319,8,0.07368632157643636,3,1
320,6,0.09882286749780178,5,1
321,9,0.03484354913234711,2,1
322,8,0.14521834285308918,3,1
323,7,0.04400341818109155,4,1
324,7,0.03432980179786682,4,1
325,10,0.053754888474941254,1,1
326,7,0.10292773228138685,4,1
327,10,0.10250429809093475,1,1
328,8,0.02371954172849655,3,1
329,9,0.042678507044911385,2,1
330,10,0.12585881352424622,1,1
331,8,0.033649808106323086,3,1
332,8,0.23809551695982614,3,1
333,9,0.04351844824850559,2,1
334,7,0.03506331774406135,4,1
335,10,0.11083764582872391,1,1
336,10,0.0457066111266613,1,1
337,10,0.03618545085191727,1,1
338,6,0.054157694429159166,5,1
339,9,0.05067886412143707,2,1
340,10,0.01313105784356594,1,1
341,8,0.08198527277757724,3,1
342,5,0.045384591755767666,6,1
343,9,0.024816622957587242,2,1
344,7,0.05388005916029215,4,1
345,6,0.028870606049895286,5,1
346,10,0.019774239510297775,1,1
347,10,0.060561373829841614,1,1
348,7,0.03321792930364609,4,1
349,9,0.023565559647977352,2,1
350,9,0.06543020624667406,2,1
351,9,0.07686045113950968,2,1
352,9,0.03393316641449928,2,1
353,8,0.027318064123392105,3,1
354,10,0.08977902680635452,1,1
355,9,0.023758599534630775,2,1
356,7,0.0364515429828316,4,1
357,7,0.09233393846079707,4,1
358,9,0.02688250131905079,2,1
359,7,0.04769069654867053,4,1
360,8,0.05092513064543406,3,1
361,7,0.05092472769320011,4,1
362,9,0.05257341265678406,2,1
363,8,0.08157418419917424,3,1
364,10,0.0618925541639328,1,1
365,8,0.0359580305715402,3,1
366,9,0.05645982827991247,2,1
367,9,0.056128665804862976,2,1
368,9,0.05803779046982527,2,1
369,10,0.05684952437877655,1,1
370,-50,0.04544511258602142,50,0
371,8,0.06052317594488462,3,1
372,9,0.03704001568257809,2,1
373,10,0.04625508934259415,1,1
374,-10,0.01664971373975277,1,0
375,8,0.051058139031132065,3,1
376,8,0.06399701038996379,3,1
377,8,0.03361152298748493,3,1
378,8,0.13988302648067474,3,1
379,-50,0.04583176601678133,50,0
380,8,0.02618718861291806,3,1
381,10,0.02007252350449562,1,1
382,5,0.032228309816370405,6,1
383,-50,0.0427024064026773,50,0
384,8,0.049991681861380734,3,1
385,8,0.04363443454106649,3,1
386,8,0.23678995668888092,3,1
387,1,0.03561076680198312,10,1
388,7,0.03318862896412611,4,1
389,10,0.02517300471663475,1,1
390,7,0.03231853060424328,4,1
391,9,0.02538755815476179,2,1
392,8,0.02098354883491993,3,1
393,5,0.018707513498763245,6,1
394,10,0.04578406363725662,1,1
395,8,0.024513595427076023,3,1
396,7,0.024459494277834892,4,1
397,-12,0.08046329726019631,23,1
398,-2,0.04136686499875326,13,1
399,10,0.028034649789333344,1,1
400,9,0.015803365968167782,2,1
401,8,0.01759832352399826,3,1
402,0,0.04436580421911045,11,1
403,10,0.013280799612402916,1,1
404,8,0.055124311397473015,3,1
405,8,0.03262836424012979,3,1
406,9,0.03803589381277561,2,1
407,8,0.029529842858513195,3,1
408,10,0.028547652065753937,1,1
409,-1,0.07026836493362983,12,1
410,10,0.03899538516998291,1,1
411,9,0.023181166034191847,2,1
412,10,0.06678132712841034,1,1
413,-22,0.041216448400959824,33,1
414,-10,0.07120765719030585,21,1
415,-33,0.06422365094873715,44,1
416,9,0.027835597284138203,2,1
417,8,0.02469178196042776,3,1
418,9,0.029985904693603516,2,1
419,8,0.03852760729690393,3,1
420,-50,0.05024992231279612,50,0
421,8,0.04738094906012217,3,1
422,5,0.03881672490388155,6,1
423,6,0.046528101339936255,5,1
424,10,0.022630419582128525,1,1
425,9,0.013654853217303753,2,1
426,10,0.012973159551620483,1,1
427,9,0.029262857977300882,2,1
428,10,0.010808506980538368,1,1
429,9,0.02485473221167922,2,1
430,8,0.050229775408903755,3,1
431,8,0.038636790898938976,3,1
432,10,0.09650594741106033,1,1
433,8,0.01793793309479952,3,1
434,6,0.1176505971699953,5,1
435,8,0.04086285332838694,3,1
436,10,0.021191230043768883,1,1
437,8,0.039482961098353066,3,1
438,9,0.015430435538291931,2,1
439,7,0.051422019489109516,4,1
440,-50,0.053893687073141336,50,0
441,9,0.035080576315522194,2,1
442,8,0.16325082071125507,3,1
443,8,0.014317352635165056,3,1
444,8,0.04383513331413269,3,1
445,8,0.16890425918002924,3,1
446,6,0.01835048384964466,5,1
447,8,0.028607393925388653,3,1
448,10,0.01746908202767372,1,1
449,8,0.015634364758928616,3,1
450,9,0.027049651369452477,2,1
451,6,0.02359930658712983,5,1
452,9,0.02337960060685873,2,1
453,10,0.11932219564914703,1,1
454,10,0.06390714645385742,1,1
455,8,0.041786687448620796,3,1
456,9,0.02726315427571535,2,1
457,9,0.020691202953457832,2,1
458,9,0.012916289735585451,2,1
459,8,0.050961081559459366,3,1
460,9,0.025653468444943428,2,1
461,-14,0.03152674045413732,5,0
462,10,0.012537326663732529,1,1
463,9,0.019002065062522888,2,1
464,8,0.01357723648349444,3,1
465,7,0.041928890626877546,4,1
466,10,0.018581965938210487,1,1
467,10,0.0869997963309288,1,1
468,9,0.06533674895763397,2,1
469,10,0.022151049226522446,1,1
470,6,0.03097248114645481,5,1
471,8,0.04006171723206838,3,1
472,-10,0.057423122227191925,1,0
473,9,0.021263918839395046,2,1
474,10,0.03423767909407616,1,1
475,8,0.05981776056190332,3,1
476,10,0.06297557055950165,1,1
477,8,0.06357974000275135,3,1
478,10,0.06078709289431572,1,1
479,10,0.04719961807131767,1,1
480,10,0.03815227374434471,1,1
481,7,0.01933977659791708,4,1
482,10,0.020235134288668633,1,1
483,7,0.047445089323446155,4,1
484,9,0.021449388936161995,2,1
485,9,0.07583339139819145,2,1
486,8,0.0278286865601937,3,1
487,7,0.025598712032660842,4,1
488,10,0.014443185180425644,1,1
489,-50,0.06438713245093823,50,0
490,10,0.029965441673994064,1,1
491,10,0.45967453718185425,1,1
492,9,0.053355978801846504,2,1
493,8,0.02975375143190225,3,1
494,10,0.042282190173864365,1,1
495,8,0.057261825849612556,3,1
496,8,0.16938993086417517,3,1
497,8,0.03033058966199557,3,1
498,10,0.041737426072359085,1,1
499,9,0.033679310232400894,2,1
500,9,0.01853592973202467,2,1
501,7,0.026926963590085506,4,1
502,10,0.007434345781803131,1,1
503,6,0.04738574773073197,5,1
504,8,0.05155665924151739,3,1
505,9,0.06414166558533907,2,1
506,7,0.06259670155122876,4,1
507,8,0.04797062029441198,3,1
508,9,0.05563740432262421,2,1
509,1,0.061350923776626584,10,1
510,6,0.04049871899187565,5,1
511,8,0.037065635124842324,3,1
512,8,0.030768609295288723,3,1
513,-11,0.22812028788030148,2,0
514,9,0.027620967477560043,2,1
515,9,0.061791728250682354,2,1
516,-10,0.018027445301413536,1,0
517,8,0.16517047149439654,3,1
518,9,0.023925110697746277,2,1
519,10,0.553936243057251,1,1
520,9,0.026294157840311527,2,1
521,10,0.03832068294286728,1,1
522,7,0.0452209017239511,4,1
523,10,0.0186296459287405,1,1
524,9,0.03968992829322815,2,1
525,8,0.053066784515976906,3,1
526,8,0.029194399093588192,3,1
527,8,0.04533712069193522,3,1
528,6,0.05328043606132269,5,1
529,4,0.03207730821200779,7,1
530,9,0.2601315574720502,2,1
531,10,0.08809192478656769,1,1
532,8,0.14262564604481062,3,1
533,10,0.04036266356706619,1,1
534,9,0.21423867531120777,2,1
535,9,0.2284524980932474,2,1
536,7,0.16621518647298217,4,1
537,10,0.4523129463195801,1,1
538,6,0.06188469789922237,5,1
539,7,0.05406348221004009,4,1
540,-10,0.07482059060462884,21,1
541,8,0.15753343204657236,3,1
542,8,0.023232871666550636,3,1
543,4,0.14179873785802297,7,1
544,8,0.06804672566552956,3,1
545,8,0.03749173258741697,3,1
546,7,0.03440817026421428,4,1
547,7,0.050725551787763834,4,1
548,10,0.06705103069543839,1,1
549,10,0.04820648580789566,1,1
550,3,0.04619193053804338,8,1
551,10,0.020773110911250114,1,1
552,10,0.24619588255882263,1,1
553,8,0.17545398386816183,3,1
554,-11,0.10856934078037739,2,0
555,8,0.0319014402727286,3,1
556,9,0.044897157698869705,2,1
557,10,0.04032827541232109,1,1
558,9,0.11472368240356445,2,1
559,10,0.03223911672830582,1,1
560,-27,0.055439996778180727,38,1
561,8,0.05166022231181463,3,1
562,8,0.04876679057876269,3,1
563,10,0.01220674254000187,1,1
564,8,0.06661538158853848,3,1
565,7,0.03159618843346834,4,1
566,10,0.028667235746979713,1,1
567,9,0.02627217024564743,2,1
568,8,0.03677199222147465,3,1
569,7,0.04085845686495304,4,1
570,9,0.06003430113196373,2,1
571,8,0.0292645413428545,3,1
572,9,0.03726138547062874,2,1
573,8,0.05818289270003637,3,1
574,9,0.04353664442896843,2,1
575,6,0.06061516311019659,5,1
576,7,0.12288370309397578,4,1
577,10,0.06878698617219925,1,1
578,7,0.18243127292953432,4,1
579,10,0.37091705203056335,1,1
580,7,0.13170948904007673,4,1
581,10,0.07337318360805511,1,1
582,7,0.05986170703545213,4,1
583,10,0.5309056043624878,1,1
584,10,0.038901686668395996,1,1
585,9,0.2988964132964611,2,1
586,10,0.019872847944498062,1,1
587,7,0.0670832593459636,4,1
588,-21,0.10202045171172358,32,1
589,7,0.05017769732512534,4,1
590,10,0.08672565966844559,1,1
591,9,0.026509289164096117,2,1
592,10,0.048206619918346405,1,1
593,9,0.04706365242600441,2,1
594,10,0.047459084540605545,1,1
595,8,0.05244016212721666,3,1
596,10,0.04456000775098801,1,1
597,8,0.18954782684644064,3,1
598,6,0.08137003630399704,5,1
599,9,0.019125564955174923,2,1
600,7,0.020340714370831847,4,1
601,10,0.0162571482360363,1,1
602,7,0.036810566671192646,4,1
603,10,0.013353155925869942,1,1
604,-19,0.0692552046229442,30,1
605,9,0.05142341926693916,2,1
606,6,0.10294068679213524,5,1
607,8,0.03179074451327324,3,1
608,-50,0.07115591738373041,50,0
609,-1,0.03855344746261835,12,1
610,10,0.017357997596263885,1,1
611,7,0.041704521514475346,4,1
612,10,0.012930729426443577,1,1
613,-15,0.05415403742629748,26,1
614,8,0.10071626181403796,3,1
615,10,0.028763016685843468,1,1
616,10,0.0289633609354496,1,1
617,4,0.10063522854553801,7,1
618,8,0.03891405959924062,3,1
619,8,0.06100480072200298,3,1
620,-8,0.04103143579375587,19,1
621,10,0.023508094251155853,1,1
622,8,0.04427489576240381,3,1
623,-10,0.02942682057619095,1,0
624,-31,0.0451506424606556,42,1
625,-9,0.07716048676520586,20,1
626,10,0.05995585769414902,1,1
627,6,0.04260313529521227,5,1
628,8,0.197230518485109,3,1
629,7,0.03532061562873423,4,1
630,7,0.04581706319004297,4,1
631,8,0.048377021215856075,3,1
632,10,0.06309248507022858,1,1
633,-50,0.045679797157645224,50,0
634,8,0.014310730621218681,3,1
635,6,0.036001306027173996,5,1
636,7,0.042730869725346565,4,1
637,10,0.3639577627182007,1,1
638,9,0.021100596524775028,2,1
639,8,0.03904960242410501,3,1
640,8,0.20470047245422998,3,1
641,8,0.03797844238579273,3,1
642,8,0.036484514673550926,3,1
643,8,0.19207214191555977,3,1
644,9,0.06552420929074287,2,1
645,8,0.03309250436723232,3,1
646,8,0.031292576963702835,3,1
647,6,0.09990443475544453,5,1
648,7,0.031804082449525595,4,1
649,8,0.0201769241442283,3,1
650,10,0.021196147426962852,1,1
651,10,0.01049457211047411,1,1
652,10,0.036319293081760406,1,1
653,8,0.070734736820062,3,1
654,5,0.1101433439180255,6,1
655,7,0.03473147843033075,4,1
656,7,0.13628853438422084,4,1
657,6,0.05465030781924725,5,1
658,10,0.04089647904038429,1,1
659,9,0.02573937550187111,2,1
660,10,0.035918474197387695,1,1
661,10,0.06418450176715851,1,1
662,7,0.04116570483893156,4,1
663,8,0.028164004907011986,3,1
664,9,0.02851312980055809,2,1
665,9,0.03932907059788704,2,1
666,8,0.043124351650476456,3,1
667,8,0.02264767388502757,3,1
668,8,0.019667131826281548,3,1
669,6,0.04224309604614973,5,1
670,-10,0.013980969786643982,1,0
671,7,0.02512632659636438,4,1
672,10,0.04109439253807068,1,1
673,6,0.054356551915407184,5,1
674,-10,0.5008360147476196,1,0
675,10,0.18760067224502563,1,1
676,8,0.022290263945857685,3,1
677,5,0.17895646827916303,6,1
678,-26,0.07490609853050194,37,1
679,9,0.08170121908187866,2,1
680,7,0.044371611438691616,4,1
681,8,0.1700101730724176,3,1
682,8,0.0525590597341458,3,1
683,9,0.029920611530542374,2,1
684,10,0.052630551159381866,1,1
685,8,0.03106708948810895,3,1
686,9,0.14750880934298038,2,1
687,10,0.013047348707914352,1,1
688,8,0.014600447999934355,3,1
689,8,0.19412949432929358,3,1
690,9,0.020111282356083393,2,1
691,10,0.025263208895921707,1,1
692,9,0.02016390487551689,2,1
693,7,0.024230861337855458,4,1
694,-50,0.05592949720099569,50,0
695,10,0.019623730331659317,1,1
696,7,0.016271834261715412,4,1
697,5,0.0419303709641099,6,1
698,9,0.06892743334174156,2,1
699,8,0.03290170679489771,3,1
700,10,0.04995305463671684,1,1
701,7,0.020671288715675473,4,1
702,-10,0.0379081666469574,1,0
703,10,0.01480085588991642,1,1
704,-28,0.06603574100881815,39,1
705,7,0.05721501912921667,4,1
706,7,0.02856715628877282,4,1
707,6,0.052083125524222854,5,1
708,6,0.01938618253916502,5,1
709,8,0.01802913596232732,3,1
710,7,0.12751785665750504,4,1
711,8,0.012692246586084366,3,1
712,10,0.007962914183735847,1,1
713,-50,0.08245784529484808,50,0
714,9,0.010425333864986897,2,1
715,8,0.02411946685363849,3,1
716,8,0.024764541536569595,3,1
717,9,0.2687790347263217,2,1
718,5,0.09337857520828645,6,1
719,-50,0.0608350460184738,50,0
720,6,0.053566495701670644,5,1
721,9,0.09408427216112614,2,1
722,10,0.060469359159469604,1,1
723,7,0.04710244573652744,4,1
724,10,0.08516404032707214,1,1
725,-37,0.0785166778535183,28,0
726,9,0.1687280684709549,2,1
727,7,0.028631362365558743,4,1
728,10,0.014934000559151173,1,1
729,10,0.03462900221347809,1,1
730,10,0.021034786477684975,1,1
731,-14,0.12399857938289642,5,0
732,9,0.03843864565715194,2,1
733,10,0.011541924439370632,1,1
734,10,0.029227830469608307,1,1
735,8,0.08551559845606486,3,1
736,6,0.03393108081072569,5,1
737,1,0.026606115931645035,10,1
738,8,0.04118008414904276,3,1
739,8,0.027485888451337814,3,1
740,9,0.3268500342965126,2,1
741,8,0.03785337693989277,3,1
742,8,0.026704134419560432,3,1
743,9,0.016903556417673826,2,1
744,7,0.20835555251687765,4,1
745,-21,0.06880721769994125,32,1
746,9,0.11490831524133682,2,1
747,-11,0.08367297866127708,22,1
748,9,0.05102439038455486,2,1
749,9,0.031960383988916874,2,1
750,7,0.05338939605280757,4,1
751,-25,0.07654962021236618,36,1
752,7,0.14380707871168852,4,1
753,8,0.04631687390307585,3,1
754,7,0.047778652515262365,4,1
755,5,0.04712733750542005,6,1
756,3,0.09690728923305869,8,1
757,-5,0.044486168306320906,16,1
758,8,0.03052429420252641,3,1
759,8,0.036469247192144394,3,1
760,8,0.0336350134263436,3,1
761,8,0.023666998371481895,3,1
762,10,0.022643595933914185,1,1
763,7,0.1386010309215635,4,1
764,8,0.06169107680519422,3,1
765,10,0.019998017698526382,1,1
766,10,0.02640761435031891,1,1
767,6,0.03708693683147431,5,1
768,7,0.045995340682566166,4,1
769,7,0.05082109849900007,4,1
770,10,0.041858937591314316,1,1
771,6,0.05729832611978054,5,1
772,9,0.22626817412674427,2,1
773,10,0.02600465528666973,1,1
774,10,0.08809386938810349,1,1
775,10,0.02919004298746586,1,1
776,4,0.031095044421298162,7,1
777,6,0.1049282819032669,5,1
778,9,0.024481963366270065,2,1
779,7,0.0789549252949655,4,1
780,7,0.0455226618796587,4,1
781,8,0.03398010817666849,3,1
782,7,0.13978077238425612,4,1
783,10,0.06802469491958618,1,1
784,9,0.05633537098765373,2,1
785,7,0.03166492050513625,4,1
786,9,0.03955334611237049,2,1
787,10,0.03411562368273735,1,1
788,-10,0.04240177137156328,21,1
789,10,0.13399797677993774,1,1
790,7,0.2145364796742797,4,1
791,8,0.04848760490616163,3,1
792,10,0.04035371169447899,1,1
793,9,0.04094979166984558,2,1
794,10,0.05929016321897507,1,1
795,7,0.07269620057195425,4,1
796,6,0.11505089551210404,5,1
797,-11,0.0401902636513114,2,0
798,9,0.0546408211812377,2,1
799,9,0.03574215993285179,2,1
800,-17,0.15965345955919474,8,0
801,8,0.3478935342282057,3,1
802,6,0.033584906719624996,5,1
803,9,0.03771955706179142,2,1
804,10,0.02991318143904209,1,1
805,6,0.29317608252167704,5,1
806,8,0.07753288932144642,3,1
807,10,0.029744699597358704,1,1
808,10,0.1298389434814453,1,1
809,7,0.03387412615120411,4,1
810,9,0.08055205643177032,2,1
811,9,0.0202699052169919,2,1
812,10,0.041916441172361374,1,1
813,6,0.10839618556201458,5,1
814,8,0.03862646905084451,3,1
815,9,0.04848359525203705,2,1
816,6,0.04819968901574612,5,1
817,6,0.10932664275169372,5,1
818,7,0.08545067440718412,4,1
819,8,0.04885320489605268,3,1
820,9,0.08963385410606861,2,1
821,8,0.016254891951878864,3,1
822,10,0.06474882364273071,1,1
823,7,0.052862375508993864,4,1
824,9,0.020388630218803883,2,1
825,8,0.048445723950862885,3,1
826,8,0.030845421676834423,3,1
827,8,0.06950372954209645,3,1
828,9,0.03220052644610405,2,1
829,9,0.04335787706077099,2,1
830,7,0.15024584578350186,4,1
831,6,0.0546464629471302,5,1
832,-10,0.027404746040701866,1,0
833,9,0.0611342117190361,2,1
834,9,0.05762358009815216,2,1
835,10,0.2819487154483795,1,1
836,9,0.033614225685596466,2,1
837,8,0.03708804460863272,3,1
838,9,0.03771070018410683,2,1
839,10,0.06326494365930557,1,1
840,8,0.05315303988754749,3,1
841,8,0.12315374240279198,3,1
842,-13,0.0666649629905199,24,1
843,7,0.15103084221482277,4,1
844,8,0.11424172048767407,3,1
845,8,0.2175122077266375,3,1
846,10,0.05898665264248848,1,1
847,6,0.068405781686306,5,1
848,9,0.053187163546681404,2,1
849,-19,0.10207866181929906,30,1
850,2,0.053012139888273344,9,1
851,-22,0.07167348502711816,33,1
852,7,0.14663055585697293,4,1
853,8,0.051036606232325234,3,1
854,-50,0.05545475969091058,50,0
855,-47,0.05892378285429195,38,0
856,8,0.0727289601539572,3,1
857,10,0.061544351279735565,1,1
858,10,0.052095118910074234,1,1
859,9,0.03557025454938412,2,1
860,8,0.1684378075102965,3,1
861,9,0.06316827796399593,2,1
862,7,0.04667376168072224,4,1
863,9,0.0468136565759778,2,1
864,-50,0.07493065521121026,50,0
865,8,0.1480207530160745,3,1
866,9,0.015648807864636183,2,1
867,6,0.1358962371945381,5,1
868,8,0.15553051978349686,3,1
869,8,0.0355013074974219,3,1
870,7,0.027639458887279034,4,1
871,7,0.03635925240814686,4,1
872,8,0.014976950051883856,3,1
873,7,0.10889190644957125,4,1
874,-39,0.06796956118196248,30,0
875,6,0.04696333147585392,5,1
876,6,0.024530002474784852,5,1
877,10,0.37748846411705017,1,1
878,6,0.09501591231673956,5,1
879,10,0.031464383006095886,1,1
880,7,0.028461165260523558,4,1
881,8,0.15173133524755636,3,1
882,-7,0.08208244552628861,18,1
883,7,0.035601070150732994,4,1
884,8,0.01826818784077962,3,1
885,9,0.056088042445480824,2,1
886,9,0.02644303347915411,2,1
887,9,0.014721725601702929,2,1
888,8,0.044380465522408485,3,1
889,9,0.045870606787502766,2,1
890,9,0.01242578774690628,2,1
891,9,0.03862551273778081,2,1
892,10,0.041204359382390976,1,1
893,8,0.06485535204410553,3,1
894,10,0.07884728908538818,1,1
895,9,0.0239675585180521,2,1
896,10,0.29527634382247925,1,1
897,8,0.024642658109466236,3,1
898,8,0.24044527734319368,3,1
899,-12,0.040102189406752586,3,0
900,3,0.05185433442238718,8,1
901,8,0.01997759286314249,3,1
902,9,0.06688975170254707,2,1
903,10,0.016941629350185394,1,1
904,9,0.02268466353416443,2,1
905,-7,0.08502619134055243,18,1
906,9,0.20333165023475885,2,1
907,-1,0.11485417404522498,12,1
908,8,0.046809730430444084,3,1
909,9,0.23400332778692245,2,1
910,9,0.031757078133523464,2,1
911,-50,0.04199157539755106,50,0
912,9,0.03796533215790987,2,1
913,6,0.033217810839414594,5,1
914,8,0.1224338977287213,3,1
915,9,0.026178881991654634,2,1
916,10,0.038657717406749725,1,1
917,10,0.023354751989245415,1,1
918,9,0.014977311249822378,2,1
919,10,0.05145014449954033,1,1
920,7,0.08540867501869798,4,1
921,9,0.11933606211096048,2,1
922,9,0.02226079348474741,2,1
923,8,0.03342690256734689,3,1
924,8,0.019852496683597565,3,1
925,9,0.031863315030932426,2,1
926,10,0.018319472670555115,1,1
927,-12,0.05285324032107989,3,0
928,9,0.27290425077080727,2,1
929,9,0.054308436810970306,2,1
930,-10,0.010924164205789566,1,0
931,9,0.02425689622759819,2,1
932,8,0.0422052430609862,3,1
933,9,0.027760198339819908,2,1
934,9,0.22047589579597116,2,1
935,7,0.044551937840878963,4,1
936,7,0.03246199688874185,4,1
937,8,0.03688083464900652,3,1
938,8,0.1805324380596479,3,1
939,-10,0.04887158175309499,21,1
940,8,0.035421996687849365,3,1
941,10,0.018567608669400215,1,1
942,5,0.07550693054993947,6,1
943,8,0.07377744714419048,3,1
944,8,0.06930928242703278,3,1
945,6,0.028780125081539154,5,1
946,9,0.018532447051256895,2,1
947,8,0.11615639987091224,3,1
948,10,0.027322620153427124,1,1
949,10,0.01614363305270672,1,1
950,10,0.019343078136444092,1,1
951,8,0.0181933365141352,3,1
952,9,0.03053764719516039,2,1
953,-11,0.024900877848267555,2,0
954,10,0.03311920911073685,1,1
955,9,0.014291255734860897,2,1
956,9,0.0330076077952981,2,1
957,9,0.49675264954566956,2,1
958,7,0.03548666764982045,4,1
959,9,0.1482013314962387,2,1
960,8,0.046475356444716454,3,1
961,10,0.07040611654520035,1,1
962,8,0.2166249230504036,3,1
963,8,0.1290622279047966,3,1
964,-25,0.11468506143945786,36,1
965,8,0.14391914351532856,3,1
966,10,0.01572789065539837,1,1
967,7,0.05426617246121168,4,1
968,10,0.026792170479893684,1,1
969,8,0.05476610983411471,3,1
970,10,0.03020535595715046,1,1
971,8,0.18899775420626005,3,1
972,7,0.11251097219064832,4,1
973,7,0.16439551208168268,4,1
974,6,0.031926419213414194,5,1
975,-50,0.08291837770491839,50,0
976,-50,0.04990956766530871,50,0
977,-37,0.07383998869530235,48,1
978,8,0.026959701751669247,3,1
979,8,0.06771419445673625,3,1
980,7,0.05311648081988096,4,1
981,7,0.019787820056080818,4,1
982,-1,0.03779506388430794,12,1
983,6,0.04449169710278511,5,1
984,6,0.028583508729934693,5,1
985,7,0.15652466099709272,4,1
986,10,0.021850839257240295,1,1
987,-10,0.018699727952480316,1,0
988,8,0.19371518244345984,3,1
989,8,0.08243584011991818,3,1
990,9,0.03275900101289153,2,1
991,8,0.04315030947327614,3,1
992,3,0.1439016106305644,8,1
993,9,0.03256643004715443,2,1
994,8,0.015272175893187523,3,1
995,10,0.03989214822649956,1,1
996,4,0.03147846952612911,7,1
997,9,0.021523606963455677,2,1
998,8,0.023069451563060284,3,1
999,9,0.04585633426904678,2,1
1000,10,0.5337648391723633,1,1
1,8,0.04046535181502501,3,1
2,10,0.04459669440984726,1,1
3,9,0.025365052744746208,2,1
4,10,0.019498882815241814,1,1
5,8,0.18372479577859244,3,1
6,-30,0.11031276285194042,41,1
7,7,0.06961181992664933,4,1
8,5,0.04544090138127407,6,1
9,10,0.038766343146562576,1,1
10,8,0.041434657449523606,3,1
11,10,0.02745470404624939,1,1
12,9,0.037575697526335716,2,1
13,8,0.026377087458968163,3,1
14,7,0.07032818719744682,4,1
15,7,0.02245891699567437,4,1
16,6,0.150318942964077,5,1
17,8,0.03369936781624953,3,1
18,8,0.036736379067103066,3,1
19,8,0.048683113108078636,3,1
20,8,0.07854914975663026,3,1
21,9,0.01437124889343977,2,1
22,8,0.02049652487039566,3,1
23,5,0.027076260341952246,6,1
24,9,0.04569927882403135,2,1
25,7,0.026316730538383126,4,1
26,5,0.024276248489816982,6,1
27,6,0.01820211745798588,5,1
28,10,0.43921613693237305,1,1
29,10,0.02998611330986023,1,1
30,8,0.029021877174576122,3,1
31,10,0.025086844339966774,1,1
32,8,0.021477114409208298,3,1
33,10,0.01714855432510376,1,1
34,8,0.02481442503631115,3,1
35,7,0.014819756848737597,4,1
36,7,0.020826750434935093,4,1
37,10,0.02019919455051422,1,1
38,6,0.029609570652246474,5,1
39,6,0.12436453215777873,5,1
40,3,0.07353214907925576,8,1
41,-2,0.03231794447996295,13,1
42,-25,0.10843051162858804,36,1
43,7,0.03473811433650553,4,1
44,8,0.029454898710052173,3,1
45,10,0.02192063443362713,1,1
46,7,0.027849468402564526,4,1
47,8,0.029628221566478413,3,1
48,-20,0.059401487811438496,31,1
49,7,0.05961802415549755,4,1
50,8,0.03292280746002992,3,1
51,8,0.05707413206497828,3,1
52,7,0.06416169600561261,4,1
53,8,0.18277614191174507,3,1
54,9,0.028899231925606728,2,1
55,-50,0.07711778547614813,50,0
56,10,0.03098928928375244,1,1
57,-10,0.01245338749140501,1,0
58,-50,0.06857951527461409,50,0
59,9,0.025005494244396687,2,1
60,5,0.08098905192067225,6,1
61,9,0.25209793634712696,2,1
62,7,0.03798491833731532,4,1
63,9,0.23966296575963497,2,1
64,8,0.05524074348310629,3,1
65,7,0.03404582291841507,4,1
66,9,0.02026024740189314,2,1
67,6,0.05373471062630415,5,1
68,8,0.059742082531253494,3,1
69,9,0.020689304918050766,2,1
70,8,0.022747883573174477,3,1
71,8,0.16291251964867115,3,1
72,-17,0.03995828164209213,28,1
73,8,0.07077579945325851,3,1
74,8,0.037357538317640625,3,1
75,6,0.06762114614248275,5,1
76,9,0.03099850844591856,2,1
77,-8,0.05241472494641417,19,1
78,8,0.047598068291942276,3,1
79,9,0.05550817959010601,2,1
80,8,0.022125928662717342,3,1
81,8,0.05891387412945429,3,1
82,9,0.04056671541184187,2,1
83,6,0.05489222537726164,5,1
84,6,0.15602139085531236,5,1
85,-1,0.08231665085380276,12,1
86,9,0.038700226694345474,2,1
87,10,0.06417606770992279,1,1
88,9,0.030750131234526634,2,1
89,9,0.056252614594995975,2,1
90,9,0.032199813053011894,2,1
91,8,0.027883838241298992,3,1
92,9,0.06329035572707653,2,1
93,-50,0.07867301736027002,50,0
94,8,0.03369458795835575,3,1
95,9,0.041023753583431244,2,1
96,7,0.06200872082263231,4,1
97,6,0.02636028081178665,5,1
98,-50,0.0725554908439517,50,0
99,8,0.039256617737313114,3,1
100,9,0.05157934129238129,2,1
101,9,0.08410122990608215,2,1
102,9,0.05867910757660866,2,1
103,1,0.0667659480124712,10,1
104,6,0.029106820374727248,5,1
105,7,0.026058349758386612,4,1
106,8,0.02416640582183997,3,1
107,9,0.025061573833227158,2,1
108,9,0.019842795096337795,2,1
109,9,0.017044533975422382,2,1
110,9,0.20689843781292439,2,1
111,8,0.03151606271664301,3,1
112,10,0.025703229010105133,1,1
113,7,0.04863728862255812,4,1
114,6,0.02726545799523592,5,1
115,8,0.03589512004206578,3,1
116,10,0.015393335372209549,1,1
117,8,0.022214411447445553,3,1
118,10,0.026275474578142166,1,1
119,7,0.055274641839787364,4,1
120,9,0.08122636564075947,2,1
121,9,0.06672943569719791,2,1
122,5,0.04369953911130627,6,1
123,10,0.03335021808743477,1,1
124,5,0.11805844167247415,6,1
125,-1,0.061219304877643786,12,1
126,8,0.0616145928700765,3,1
127,4,0.0847457453741559,7,1
128,10,0.046766772866249084,1,1
129,8,0.08024067928393681,3,1
130,-10,0.09875459969043732,1,0
131,10,0.05588001757860184,1,1
132,9,0.24559035897254944,2,1
133,7,0.13754785479977727,4,1
134,9,0.04094790667295456,2,1
135,9,0.03562055714428425,2,1
136,8,0.027941773956020672,3,1
137,10,0.03167328983545303,1,1
138,8,0.026433433095614117,3,1
139,10,0.0734739601612091,1,1
140,3,0.03262678871396929,8,1
141,8,0.14969690206150213,3,1
142,10,0.024947525933384895,1,1
143,10,0.040838997811079025,1,1
144,10,0.012560560368001461,1,1
145,6,0.023448298498988152,5,1
146,9,0.02033352293074131,2,1
147,9,0.012325223535299301,2,1
148,8,0.053270104651649795,3,1
149,8,0.05101750294367472,3,1
150,-1,0.07935251280044515,12,1
151,9,0.04503383859992027,2,1
152,10,0.01617320626974106,1,1
153,6,0.024442411586642267,5,1
154,5,0.04802481969818473,6,1
155,-5,0.0701153768459335,16,1
156,10,0.028166526928544044,1,1
157,10,0.02271006628870964,1,1
158,-3,0.050103686816458194,14,1
159,6,0.04491127245128155,5,1
160,7,0.14281760854646564,4,1
161,8,0.054059953739245735,3,1
162,10,0.018304158002138138,1,1
163,10,0.4143982231616974,1,1
164,9,0.2217643754556775,2,1
165,-3,0.05652205606124231,14,1
166,8,0.05238866930206617,3,1
167,10,0.07024570554494858,1,1
168,8,0.0698544258872668,3,1
169,5,0.0410585201655825,6,1
170,9,0.0669105164706707,2,1
171,9,0.03154639434069395,2,1
172,9,0.051489951089024544,2,1
173,9,0.02325050812214613,2,1
174,6,0.033713151887059215,5,1
175,8,0.05818732703725497,3,1
176,10,0.057485077530145645,1,1
177,10,0.08706089854240417,1,1
178,9,0.03195871878415346,2,1
179,6,0.03577525354921818,5,1
180,7,0.020593008026480675,4,1
181,7,0.042909684125334024,4,1
182,7,0.11147348862141371,4,1
183,7,0.04198373970575631,4,1
184,9,0.016673940233886242,2,1
185,10,0.013979469425976276,1,1
186,7,0.035829751286655664,4,1
187,7,0.042745689395815134,4,1
188,7,0.04715039348229766,4,1
189,6,0.11253404654562474,5,1
190,10,0.019854292273521423,1,1
191,9,0.02352500893175602,2,1
192,6,0.05741990804672241,5,1
193,8,0.021077696544428665,3,1
194,9,0.02411816082894802,2,1
195,9,0.04019427113234997,2,1
196,8,0.027702090019981068,3,1
197,9,0.036828172858804464,2,1
198,9,0.020244798623025417,2,1
199,5,0.036430331878364086,6,1
200,9,0.02042272174730897,2,1
201,7,0.12076970131602138,4,1
202,7,0.02772950427606702,4,1
203,7,0.016213240567594767,4,1
204,9,0.05307547003030777,2,1
205,6,0.03036244064569473,5,1
206,9,0.013100559590384364,2,1
207,10,0.015028859488666058,1,1
208,7,0.05369819747284055,4,1
209,9,0.19951180554926395,2,1
210,7,0.03420509211719036,4,1
211,8,0.023549268022179604,3,1
212,8,0.025060943017403286,3,1
213,8,0.01822324904302756,3,1
214,9,0.05490492098033428,2,1
215,-15,0.04863169968414765,26,1
216,7,0.02680730924475938,4,1
217,-58,0.061387653443582206,49,0
218,7,0.030069055734202266,4,1
219,-3,0.07540732622146606,14,1
220,9,0.04880393296480179,2,1
221,9,0.019949329551309347,2,1
222,8,0.03261769190430641,3,1
223,8,0.020326694163183372,3,1
224,-10,0.064943827688694,1,0
225,10,0.03690724819898605,1,1
226,9,0.015307314693927765,2,1
227,7,0.02745960233733058,4,1
228,9,0.02025997545570135,2,1
229,7,0.036421436350792646,4,1
230,8,0.01813063056518634,3,1
231,10,0.016938896849751472,1,1
232,10,0.029648857191205025,1,1
233,9,0.023765310645103455,2,1
234,8,0.029065577934185665,3,1
235,4,0.08855554867269737,7,1
236,10,0.3882090151309967,1,1
237,6,0.0220440361648798,5,1
238,7,0.01706326613202691,4,1
239,9,0.03204471804201603,2,1
240,10,0.03337462618947029,1,1
241,-19,0.06811596471816302,30,1
242,5,0.08245269985248645,6,1
243,7,0.04318485758267343,4,1
244,9,0.26160039007663727,2,1
245,7,0.10284518450498581,4,1
246,9,0.09852257464081049,2,1
247,5,0.04132679104804993,6,1
248,-16,0.0652879710757622,27,1
249,-32,0.06582830336248112,43,1
250,8,0.043124306946992874,3,1
251,8,0.04969924067457517,3,1
252,8,0.09408163155118625,3,1
253,8,0.07963772056003411,3,1
254,8,0.044602268685897194,3,1
255,-11,0.024682333692908287,2,0
256,7,0.1458667847327888,4,1
257,9,0.23677735589444637,2,1
258,9,0.04345445893704891,2,1
259,-10,0.04567573219537735,1,0
260,8,0.030641491214434307,3,1
261,6,0.021807324700057508,5,1
262,9,0.03897615987807512,2,1
263,8,0.19587280601263046,3,1
264,-12,0.0748714195240451,23,1
265,9,0.11146824061870575,2,1
266,8,0.09555312572047114,3,1
267,6,0.019596895016729832,5,1
268,6,0.0495944295078516,5,1
269,6,0.11998428106307983,5,1
270,6,0.059934417344629766,5,1
271,9,0.027939582243561745,2,1
272,8,0.044270320485035576,3,1
273,7,0.1037127310410142,4,1
274,7,0.047319572884589434,4,1
275,10,0.091022789478302,1,1
276,10,0.06721647083759308,1,1
277,10,0.0771004855632782,1,1
278,8,0.04166848585009575,3,1
279,8,0.037542713495592274,3,1
280,5,0.033792807099719845,6,1
281,7,0.0510155928786844,4,1
282,9,0.0795372761785984,2,1
283,6,0.031063156947493554,5,1
284,8,0.02852841652929783,3,1
285,7,0.035384637769311666,4,1
286,10,0.06270650029182434,1,1
287,-50,0.07609622167423367,50,0
288,7,0.0411075446754694,4,1
289,-21,0.05865334652480669,32,1
290,10,0.019088871777057648,1,1
291,10,0.020936140790581703,1,1
292,10,0.03788119554519653,1,1
293,10,0.03412449359893799,1,1
294,8,0.04224526882171631,3,1
295,8,0.10153661730388801,3,1
296,8,0.03362164956827959,3,1
297,10,0.04175516590476036,1,1
298,-7,0.0798359741198106,18,1
299,6,0.048086722195148465,5,1
300,8,0.037604596465826035,3,1
301,6,0.028585219755768776,5,1
302,6,0.05371891930699348,5,1
303,8,0.033737070858478546,3,1
304,8,0.045065773030122123,3,1
305,9,0.028538230806589127,2,1
306,10,0.023273726925253868,1,1
307,10,0.024679817259311676,1,1
308,-44,0.05410913657397032,35,0
309,7,0.04133981233462691,4,1
310,7,0.021224578842520714,4,1
311,5,0.10617240890860558,6,1
312,7,0.07031364738941193,4,1
313,9,0.020074013620615005,2,1
314,7,0.08395454380661249,4,1
315,9,0.1262380536645651,2,1
316,-11,0.08969533815979958,2,0
317,10,0.042761433869600296,1,1
318,6,0.04052178263664245,5,1
319,8,0.041479374592502914,3,1
320,9,0.025266122072935104,2,1
321,8,0.20621471665799618,3,1
322,7,0.030198573134839535,4,1
323,4,0.05017733387649059,7,1
324,6,0.03278681486845016,5,1
325,10,0.02560209482908249,1,1
326,-50,0.06408618984743952,50,0
327,10,0.019270263612270355,1,1
328,8,0.029854342341423035,3,1
329,-36,0.07711446186170932,47,1
330,8,0.04748988803476095,3,1
331,8,0.05100738008817037,3,1
332,8,0.1897815838456154,3,1
333,9,0.012034592218697071,2,1
334,7,0.027730455622076988,4,1
335,9,0.0345176737755537,2,1
336,-1,0.027958040436108906,12,1
337,6,0.021088501252233983,5,1
338,6,0.0313197061419487,5,1
339,10,0.025661135092377663,1,1
340,6,0.025622523576021194,5,1
341,8,0.024809442460536957,3,1
342,-11,0.05121612112799829,22,1
343,9,0.032913509756326675,2,1
344,10,0.03534775227308273,1,1
345,9,0.0320968609303236,2,1
346,7,0.028248253744095564,4,1
347,9,0.01799082476645708,2,1
348,10,0.019279856234788895,1,1
349,7,0.030108909588307142,4,1
350,8,0.029830424735943478,3,1
351,8,0.026251166438062985,3,1
352,6,0.03631422184407711,5,1
353,5,0.030961950309574604,6,1
354,-16,0.0819889496046084,27,1
355,1,0.041640729829669,10,1
356,5,0.045311602453390755,6,1
357,10,0.02157527208328247,1,1
358,7,0.08115668781101704,4,1
359,10,0.02600022777915001,1,1
360,6,0.10066998340189456,5,1
361,7,0.1858597039245069,4,1
362,10,0.2197856903076172,1,1
363,7,0.10644036368466914,4,1
364,9,0.08137762174010277,2,1
365,10,0.01140499860048294,1,1
366,9,0.013634762726724148,2,1
367,8,0.0405127207438151,3,1
368,5,0.03757573881496986,6,1
369,10,0.013962053693830967,1,1
370,8,0.057097084199388824,3,1
371,8,0.03152144017318884,3,1
372,10,0.03572826460003853,1,1
373,6,0.03686569090932608,5,1
374,10,0.014185484498739243,1,1
375,8,0.043420955849190555,3,1
376,10,0.03684194013476372,1,1
377,10,0.044650930911302567,1,1
378,8,0.014121215480069319,3,1
379,9,0.25904898066073656,2,1
380,8,0.02787933809061845,3,1
381,9,0.013486557640135288,2,1
382,6,0.025433552265167237,5,1
383,10,0.027375858277082443,1,1
384,7,0.06237944960594177,4,1
385,8,0.074684193978707,3,1
386,10,0.04572032764554024,1,1
387,10,0.022437307983636856,1,1
388,5,0.041729025853176914,6,1
389,9,0.05189148988574743,2,1
390,10,0.1111084595322609,1,1
391,7,0.06173319462686777,4,1
392,10,0.026112621650099754,1,1
393,10,0.0100094610825181,1,1
394,8,0.028470400099953014,3,1
395,9,0.08149135857820511,2,1
396,9,0.028257635422050953,2,1
397,7,0.03335815714672208,4,1
398,-2,0.0423204330011056,13,1
399,9,0.0726228840649128,2,1
400,5,0.03497319916884104,6,1
401,9,0.026591762900352478,2,1
402,7,0.07312812050804496,4,1
403,8,0.03814108421405157,3,1
404,10,0.0511758029460907,1,1
405,9,0.06151895597577095,2,1
406,8,0.04456518838802973,3,1
407,8,0.04183799959719181,3,1
408,10,0.02548278495669365,1,1
409,8,0.03544865238169829,3,1
410,8,0.0364092867821455,3,1
411,9,0.0535386148840189,2,1
412,-5,0.052570551313692704,16,1
413,8,0.0769680639108022,3,1
414,10,0.017562199383974075,1,1
415,10,0.0290504340082407,1,1
416,8,0.038650414596001305,3,1
417,10,0.059793926775455475,1,1
418,9,0.09669770486652851,2,1
419,10,0.08980375528335571,1,1
420,6,0.04085153043270111,5,1
421,10,0.030254758894443512,1,1
422,10,0.019705336540937424,1,1
423,6,0.03830252215266228,5,1
424,8,0.032823887964089714,3,1
425,0,0.09210975455458868,11,1
426,10,0.07124010473489761,1,1
427,4,0.06909605807491712,7,1
428,9,0.054606279358267784,2,1
429,7,0.039181123953312635,4,1
430,-13,0.06495849749383827,24,1
431,-22,0.06549021209392583,33,1
432,9,0.07010759320110083,2,1
433,9,0.06281443685293198,2,1
434,8,0.05378447597225507,3,1
435,7,0.034476921427994967,4,1
436,10,0.020630598068237305,1,1
437,7,0.028310025576502085,4,1
438,9,0.03730593342334032,2,1
439,5,0.041413906030356884,6,1
440,10,0.0787455290555954,1,1
441,9,0.06242129113525152,2,1
442,-50,0.042581063080579046,50,0
443,10,0.05389140918850899,1,1
444,9,0.05540468730032444,2,1
445,10,0.019104814156889915,1,1
446,7,0.028782755136489868,4,1
447,9,0.03775463625788689,2,1
448,9,0.08500704541802406,2,1
449,10,0.021703099831938744,1,1
450,5,0.04253623044739167,6,1
451,7,0.025837560649961233,4,1
452,9,0.018881184048950672,2,1
453,3,0.04246180295012891,8,1
454,9,0.03549240529537201,2,1
455,9,0.03987143933773041,2,1
456,10,0.020876778289675713,1,1
457,9,0.025403115898370743,2,1
458,8,0.02353971575697263,3,1
459,7,0.043374438770115376,4,1
460,9,0.02739847358316183,2,1
461,8,0.08214345201849937,3,1
462,8,0.04322342326243719,3,1
463,7,0.03032442182302475,4,1
464,6,0.033938980847597125,5,1
465,9,0.045014429837465286,2,1
466,10,0.034036293625831604,1,1
467,6,0.04956256374716759,5,1
468,7,0.027407977264374495,4,1
469,7,0.03240416897460818,4,1
470,8,0.0268112700432539,3,1
471,10,0.02125961147248745,1,1
472,8,0.05783060441414515,3,1
473,8,0.037524171794454254,3,1
474,6,0.06848414670675992,5,1
475,9,0.030641142278909683,2,1
476,-14,0.03997223045676947,25,1
477,9,0.041706642135977745,2,1
478,10,0.04361429065465927,1,1
479,9,0.024862605147063732,2,1
480,5,0.028458448126912117,6,1
481,10,0.045804597437381744,1,1
482,10,0.02712753415107727,1,1
483,-27,0.04203828210991464,38,1
484,8,0.028364500030875206,3,1
485,8,0.055049398293097816,3,1
486,10,0.022387467324733734,1,1
487,7,0.038251142017543316,4,1
488,7,0.02533088158816099,4,1
489,-50,0.04856575448065996,50,0
490,8,0.18991818527380624,3,1
491,7,0.04176848870702088,4,1
492,7,0.03760031331330538,4,1
493,9,0.010672171600162983,2,1
494,10,0.012551489286124706,1,1
495,9,0.026901809498667717,2,1
496,9,0.015242262743413448,2,1
497,9,0.021588053088635206,2,1
498,-14,0.06475263364613056,25,1
499,8,0.042051597808798157,3,1
500,9,0.06064989045262337,2,1
501,9,0.01865585846826434,2,1
502,9,0.03203107416629791,2,1
503,10,0.01744450256228447,1,1
504,-13,0.0331151153271397,24,1
505,6,0.08824486136436463,5,1
506,10,0.07095412164926529,1,1
507,10,0.036224983632564545,1,1
508,8,0.05144458884994189,3,1
509,8,0.05748674087226391,3,1
510,7,0.04305682331323624,4,1
511,10,0.04209189862012863,1,1
512,9,0.040838880464434624,2,1
513,5,0.030628634616732597,6,1
514,7,0.02529651136137545,4,1
515,7,0.020032265689224005,4,1
516,10,0.01490630954504013,1,1
517,8,0.05802122006813685,3,1
518,8,0.026298576965928078,3,1
519,9,0.03489819820970297,2,1
520,10,0.02359730936586857,1,1
521,10,0.006709793582558632,1,1
522,9,0.07186788879334927,2,1
523,8,0.02519678759078185,3,1
524,10,0.019872555509209633,1,1
525,8,0.048171178748210274,3,1
526,10,0.012881738133728504,1,1
527,7,0.03707701852545142,4,1
528,10,0.028944654390215874,1,1
529,-50,0.03384487429633737,50,0
530,8,0.05227473874886831,3,1
531,10,0.016386331990361214,1,1
532,10,0.06204020977020264,1,1
533,5,0.02794195090730985,6,1
534,6,0.03424223437905312,5,1
535,2,0.027465868844754167,9,1
536,8,0.026149484018484753,3,1
537,8,0.017775675902764004,3,1
538,5,0.03353583129743735,6,1
539,9,0.040590910241007805,2,1
540,7,0.025691557675600052,4,1
541,7,0.053054709918797016,4,1
542,6,0.04077369794249534,5,1
543,6,0.027797890082001685,5,1
544,8,0.04946963054438432,3,1
545,10,0.021924078464508057,1,1
546,8,0.02204430817315976,3,1
547,9,0.02792496606707573,2,1
548,10,0.0346931591629982,1,1
549,9,0.015127672348171473,2,1
550,8,0.02211804036051035,3,1
551,9,0.03083972167223692,2,1
552,10,0.07442303001880646,1,1
553,7,0.027627026429399848,4,1
554,10,0.028520196676254272,1,1
555,7,0.0327742793597281,4,1
556,10,0.015569803304970264,1,1
557,6,0.024033159762620927,5,1
558,8,0.023650976208349068,3,1
559,10,0.020678453147411346,1,1
560,6,0.02794291228055954,5,1
561,8,0.02663276841243108,3,1
562,5,0.03244848440711697,6,1
563,9,0.012906371615827084,2,1
564,-11,0.026162433882497928,22,1
565,9,0.018913383595645428,2,1
566,9,0.014363338705152273,2,1
567,10,0.010847881436347961,1,1
568,7,0.030900759389624,4,1
569,9,0.12135923653841019,2,1
570,10,0.017190031707286835,1,1
571,8,0.02268569714700182,3,1
572,10,0.4806049168109894,1,1
573,7,0.023203611839562654,4,1
574,9,0.022450449876487255,2,1
575,8,0.013828663155436516,3,1
576,8,0.03281776482860247,3,1
577,7,0.015129096573218703,4,1
578,9,0.04096378572285175,2,1
579,8,0.020660788286477327,3,1
580,9,0.018354928120970726,2,1
581,7,0.13093505799770355,4,1
582,9,0.06572743784636259,2,1
583,10,0.008635707199573517,1,1
584,7,0.023987123975530267,4,1
585,6,0.03982582576572895,5,1
586,-55,0.04042758239919077,46,0
587,9,0.05627115070819855,2,1
588,9,0.06864504143595695,2,1
589,8,0.06609172311921914,3,1
590,9,0.052470987662672997,2,1
591,8,0.02218060288578272,3,1
592,6,0.02347368225455284,5,1
593,7,0.028056412003934383,4,1
594,9,0.04376177582889795,2,1
595,-4,0.032851799639562765,15,1
596,6,0.04199188407510519,5,1
597,9,0.029613449703902006,2,1
598,7,0.03920500120148063,4,1
599,10,0.11857661604881287,1,1
600,9,0.06805466674268246,2,1
601,9,0.05117584578692913,2,1
602,8,0.19700242268542448,3,1
603,5,0.05628631512324015,6,1
604,9,0.05812837928533554,2,1
605,8,0.05769690622886022,3,1
606,9,0.07315957359969616,2,1
607,9,0.05939830746501684,2,1
608,10,0.041431985795497894,1,1
609,7,0.061175474897027016,4,1
610,9,0.051313987001776695,2,1
611,9,0.029305677860975266,2,1
612,7,0.0373579915612936,4,1
613,9,0.0539361909031868,2,1
614,7,0.03454726515337825,4,1
615,8,0.02817528446515401,3,1
616,8,0.018932156264781952,3,1
617,9,0.03875710628926754,2,1
618,4,0.05883444845676422,7,1
619,9,0.047816744074225426,2,1
620,8,0.038362139215072,3,1
621,8,0.03962586199243864,3,1
622,5,0.11369475908577442,6,1
623,10,0.030134860426187515,1,1
624,9,0.03716477658599615,2,1
625,10,0.017937539145350456,1,1
626,8,0.043018197640776634,3,1
627,10,0.026629846543073654,1,1
628,10,0.03499261289834976,1,1
629,-11,0.02882432285696268,2,0
630,10,0.027759240940213203,1,1
631,9,0.04116483498364687,2,1
632,7,0.02363420045003295,4,1
633,9,0.034069642424583435,2,1
634,9,0.02957102842628956,2,1
635,8,0.04462172215183576,3,1
636,9,0.048752618953585625,2,1
637,7,0.028286235872656107,4,1
638,9,0.024500491097569466,2,1
639,5,0.01572919279957811,6,1
640,7,0.1505208166781813,4,1
641,8,0.02309576856593291,3,1
642,8,0.0404292456805706,3,1
643,8,0.03732415350774924,3,1
644,10,0.013965381309390068,1,1
645,-15,0.05051311334738365,26,1
646,7,0.05844014720059931,4,1
647,8,0.06912123163541158,3,1
648,10,0.04922252148389816,1,1
649,10,0.03449739143252373,1,1
650,9,0.04670966789126396,2,1
651,7,0.03909230278804898,4,1
652,9,0.04860062524676323,2,1
653,7,0.1497105536982417,4,1
654,9,0.051994556561112404,2,1
655,7,0.1869547152891755,4,1
656,10,0.054249804466962814,1,1
657,9,0.10275208204984665,2,1
658,9,0.0431569442152977,2,1
659,9,0.02460748888552189,2,1
660,10,0.012426416389644146,1,1
661,8,0.04239936793843905,3,1
662,6,0.14362263791263102,5,1
663,10,0.026056159287691116,1,1
664,0,0.0882661332460967,11,1
665,10,0.02467614784836769,1,1
666,7,0.06455419678241014,4,1
667,8,0.061525446673234306,3,1
668,10,0.05741916596889496,1,1
669,10,0.5646170973777771,1,1
670,10,0.04831920191645622,1,1
671,6,0.11245698258280754,5,1
672,8,0.11100178832809131,3,1
673,9,0.03861207887530327,2,1
674,9,0.026593325659632683,2,1
675,-50,0.07799937929958105,50,0
676,8,0.05770999565720558,3,1
677,8,0.03850156503419081,3,1
678,8,0.03075279916326205,3,1
679,5,0.11494924655805032,6,1
680,10,0.02174694463610649,1,1
681,8,0.16885692564149699,3,1
682,8,0.019827787453929584,3,1
683,10,0.019101254642009735,1,1
684,10,0.028913140296936035,1,1
685,6,0.032913350686430934,5,1
686,8,0.023499223093191784,3,1
687,-11,0.03829325828701258,2,0
688,10,0.01563449203968048,1,1
689,7,0.04003454162739217,4,1
690,8,0.01919644884765148,3,1
691,-11,0.04775804281234741,2,0
692,-29,0.02910792878828943,20,0
693,5,0.039207280613482,6,1
694,8,0.03338394376138846,3,1
695,9,0.258614594116807,2,1
696,10,0.051689665764570236,1,1
697,9,0.24994022771716118,2,1
698,8,0.028646958991885185,3,1
699,7,0.0449792817234993,4,1
700,8,0.04285885579884052,3,1
701,7,0.16903083166107535,4,1
702,5,0.1170005255068342,6,1
703,8,0.08069458603858948,3,1
704,9,0.048015277832746506,2,1
705,6,0.045699891075491904,5,1
706,9,0.032424126751720905,2,1
707,9,0.047498591244220734,2,1
708,9,0.03513374924659729,2,1
709,8,0.041309028243025146,3,1
710,-42,0.07023129197345539,33,0
711,9,0.02149778511375189,2,1
712,-3,0.07378162397071719,14,1
713,10,0.023344017565250397,1,1
714,8,0.1648386518160502,3,1
715,8,0.1681854942192634,3,1
716,8,0.1929584244887034,3,1
717,9,0.064304418861866,2,1
718,10,0.029787998646497726,1,1
719,9,0.07715731486678123,2,1
720,9,0.06300066225230694,2,1
721,7,0.033086275681853294,4,1
722,7,0.2312736278399825,4,1
723,9,0.03540784027427435,2,1
724,8,0.14393372585376105,3,1
725,9,0.04282441549003124,2,1
726,9,0.01097982656210661,2,1
727,8,0.04121112450957298,3,1
728,9,0.03530374262481928,2,1
729,7,0.0341251902282238,4,1
730,8,0.027993970550596714,3,1
731,9,0.03759953752160072,2,1
732,8,0.033068981021642685,3,1
733,8,0.21057509630918503,3,1
734,8,0.026168689752618473,3,1
735,-2,0.17276931683031413,13,1
736,9,0.04305617231875658,2,1
737,9,0.05220631696283817,2,1
738,10,0.021341439336538315,1,1
739,9,0.25277918577194214,2,1
740,7,0.060223027132451534,4,1
741,5,0.11768375275035699,6,1
742,9,0.02855584118515253,2,1
743,-11,0.08864984475076199,2,0
744,6,0.10294240862131118,5,1
745,3,0.030479853507131338,8,1
746,8,0.026297310988108318,3,1
747,8,0.16625318179527918,3,1
748,-10,0.08341339975595474,1,0
749,8,0.051057749738295875,3,1
750,10,0.03770620748400688,1,1
751,8,0.045556649565696716,3,1
752,8,0.07771231606602669,3,1
753,8,0.20347055730720362,3,1
754,9,0.18867348600178957,2,1
755,10,0.02621757984161377,1,1
756,10,0.0816803127527237,1,1
757,8,0.19045621529221535,3,1
758,8,0.03188787462810675,3,1
759,7,0.032224695198237896,4,1
760,10,0.47475627064704895,1,1
761,7,0.07668507657945156,4,1
762,7,0.13490801118314266,4,1
763,7,0.03754871245473623,4,1
764,9,0.03235025331377983,2,1
765,9,0.03850717656314373,2,1
766,10,0.030918415635824203,1,1
767,10,0.014510243199765682,1,1
768,2,0.1978977316369613,9,1
769,7,0.16793716046959162,4,1
770,10,0.015543367713689804,1,1
771,-50,0.09480074360966682,50,0
772,7,0.06921001896262169,4,1
773,10,0.05836894363164902,1,1
774,8,0.04153323297699293,3,1
775,8,0.052996152391036354,3,1
776,9,0.04427343048155308,2,1
777,9,0.044242894276976585,2,1
778,8,0.10361827164888382,3,1
779,10,0.08898341655731201,1,1
780,9,0.03336478676646948,2,1
781,8,0.055480475847919784,3,1
782,7,0.02422363916411996,4,1
783,10,0.04293709620833397,1,1
784,7,0.02772026532329619,4,1
785,9,0.029208697378635406,2,1
786,6,0.15393431372940541,5,1
787,6,0.04136880692094565,5,1
788,10,0.07065916061401367,1,1
789,7,0.18527734465897083,4,1
790,9,0.11098243296146393,2,1
791,8,0.06969864976902802,3,1
792,9,0.0457382220774889,2,1
793,-50,0.09724369185045362,50,0
794,6,0.0280223336070776,5,1
795,5,0.027717027968416613,6,1
796,-10,0.09074748174420424,21,1
797,9,0.14522296003997326,2,1
798,8,0.041858172665039696,3,1
799,8,0.03406833608945211,3,1
800,6,0.07735851258039475,5,1
801,7,0.05721181444823742,4,1
802,3,0.08591287909075618,8,1
803,10,0.03272467479109764,1,1
804,-10,0.041626788675785065,1,0
805,6,0.208233343064785,5,1
806,7,0.06043599545955658,4,1
807,8,0.03455734997987747,3,1
808,-4,0.046079517404238386,15,1
809,10,0.053316906094551086,1,1
810,7,0.06933107133954763,4,1
811,8,0.030001188317934673,3,1
812,10,0.06453653424978256,1,1
813,10,0.032067056745290756,1,1
814,10,0.06644736230373383,1,1
815,-1,0.043103961274027824,12,1
816,6,0.04380092434585094,5,1
817,-26,0.09767707141444963,17,0
818,7,0.05544543731957674,4,1
819,8,0.04302399108807246,3,1
820,9,0.025765997357666492,2,1
821,9,0.041178458370268345,2,1
822,8,0.16652599722146988,3,1
823,8,0.07154008994499843,3,1
824,10,0.032596129924058914,1,1
825,10,0.029092298820614815,1,1
826,9,0.06245271489024162,2,1
827,-11,0.01839867327362299,2,0
828,-15,0.07730248047468755,26,1
829,-50,0.058040238730609414,50,0
830,6,0.07129365913569927,5,1
831,10,0.0191760566085577,1,1
832,9,0.048387471586465836,2,1
833,8,0.04432733108599981,3,1
834,10,0.03147072345018387,1,1
835,8,0.06418469734489918,3,1
836,8,0.15732495921353498,3,1
837,9,0.022905495017766953,2,1
838,7,0.055269374046474695,4,1
839,8,0.06295568433900674,3,1
840,10,0.02945174276828766,1,1
841,7,0.08944207429885864,4,1
842,9,0.22848302870988846,2,1
843,9,0.13921084348112345,2,1
844,9,0.1700707096606493,2,1
845,10,0.0324481800198555,1,1
846,9,0.029001939110457897,2,1
847,-31,0.11147267718545416,22,0
848,9,0.07233330048620701,2,1
849,9,0.04926805756986141,2,1
850,-4,0.06526113686462244,15,1
851,9,0.029993029311299324,2,1
852,9,0.03434021398425102,2,1
853,9,0.028396837413311005,2,1
854,10,0.02988426946103573,1,1
855,7,0.039984944742172956,4,1
856,-11,0.016770264133810997,2,0
857,6,0.026675662212073802,5,1
858,8,0.0348527313520511,3,1
859,9,0.03567660506814718,2,1
860,10,0.007238680496811867,1,1
861,0,0.10639203458347103,11,1
862,8,0.027254578657448292,3,1
863,7,0.027413407806307077,4,1
864,-57,0.06020618868448461,48,0
865,9,0.04741835407912731,2,1
866,10,0.37088900804519653,1,1
867,8,0.019447538380821545,3,1
868,-8,0.05224041920155287,19,1
869,4,0.04217989929020405,7,1
870,6,0.0644994005560875,5,1
871,10,0.047162976115942,1,1
872,9,0.08001052215695381,2,1
873,8,0.15688449951509634,3,1
874,9,0.04956117644906044,2,1
875,10,0.03754790127277374,1,1
876,10,0.01753171533346176,1,1
877,9,0.2781476601958275,2,1
878,9,0.2400502786040306,2,1
879,-28,0.07860063849828947,39,1
880,9,0.23118007648736238,2,1
881,-11,0.03465557470917702,2,0
882,-10,0.04700184240937233,1,0
883,6,0.1550142202526331,5,1
884,7,0.18495382834225893,4,1
885,8,0.05057417849699656,3,1
886,8,0.03280356774727503,3,1
887,9,0.02226149942725897,2,1
888,10,0.12905150651931763,1,1
889,8,0.06548658510049184,3,1
890,7,0.1064318788703531,4,1
891,9,0.05172433331608772,2,1
892,7,0.04015172505751252,4,1
893,8,0.023013342171907425,3,1
894,8,0.14426996931433678,3,1
895,-1,0.09277914262687166,12,1
896,8,0.060654456416765846,3,1
897,9,0.0719942208379507,2,1
898,8,0.15156889210144678,3,1
899,9,0.027322696521878242,2,1
900,5,0.037150694988667965,6,1
901,7,0.03939783480018377,4,1
902,-25,0.10149222599445945,36,1
903,10,0.044434115290641785,1,1
904,5,0.11827429321904977,6,1
905,10,0.013389278203248978,1,1
906,-50,0.0861869015172124,50,0
907,8,0.220072569946448,3,1
908,10,0.09984465688467026,1,1
909,10,0.02544514834880829,1,1
910,9,0.024767080321907997,2,1
911,-2,0.18320786093290037,13,1
912,7,0.04534582840278745,4,1
913,6,0.13857933618128299,5,1
914,6,0.03010243996977806,5,1
915,10,0.011166047304868698,1,1
916,7,0.038754409179091454,4,1
917,1,0.11857997654005885,10,1
918,6,0.01914430782198906,5,1
919,10,0.01744799315929413,1,1
920,8,0.17275607896347842,3,1
921,-20,0.06201952611180869,11,0
922,-32,0.12359790270065152,43,1
923,7,0.12093354016542435,4,1
924,10,0.037587590515613556,1,1
925,9,0.034856848418712616,2,1
926,-1,0.1297468589618802,12,1
927,6,0.0989096563309431,5,1
928,8,0.06630446886022885,3,1
929,9,0.051754582673311234,2,1
930,7,0.1317320391535759,4,1
931,7,0.030832470394670963,4,1
932,7,0.16022116784006357,4,1
933,8,0.1856488175690174,3,1
934,10,0.02527729608118534,1,1
935,8,0.034400505324204765,3,1
936,10,0.026230182498693466,1,1
937,-17,0.08973133071724858,28,1
938,7,0.04810709832236171,4,1
939,8,0.03197485953569412,3,1
940,8,0.1704782365510861,3,1
941,9,0.06438800133764744,2,1
942,5,0.04853848243753115,6,1
943,8,0.17227286100387573,3,1
944,6,0.038934949040412906,5,1
945,10,0.08084140717983246,1,1
946,8,0.062034375965595245,3,1
947,-50,0.09288836492225527,50,0
948,8,0.20764865229527155,3,1
949,9,0.05582771636545658,2,1
950,9,0.18700417410582304,2,1
951,8,0.059756625443696976,3,1
952,9,0.1813028436154127,2,1
953,1,0.06063362993299961,10,1
954,7,0.031217991840094328,4,1
955,8,0.08836484948794048,3,1
956,-32,0.07059119702425114,43,1
957,10,0.0259727593511343,1,1
958,10,0.06963987648487091,1,1
959,10,0.25725284218788147,1,1
960,8,0.03464906041820844,3,1
961,8,0.12753021841247877,3,1
962,8,0.023569932207465172,3,1
963,8,0.039158271004756294,3,1
964,7,0.025895267259329557,4,1
965,9,0.32902260310947895,2,1
966,9,0.03773113340139389,2,1
967,7,0.02784122247248888,4,1
968,10,0.03505079448223114,1,1
969,9,0.033555487636476755,2,1
970,8,0.05938121800621351,3,1
971,7,0.06820241315290332,4,1
972,7,0.12230656668543816,4,1
973,9,0.13033286109566689,2,1
974,7,0.061925741378217936,4,1
975,7,0.0507211172953248,4,1
976,9,0.04487454332411289,2,1
977,7,0.0374488215893507,4,1
978,8,0.02880942386885484,3,1
979,-50,0.04087416563183069,50,0
980,9,0.08884714543819427,2,1
981,10,0.00884898379445076,1,1
982,10,0.04878528043627739,1,1
983,9,0.02445384580641985,2,1
984,10,0.07295083999633789,1,1
985,6,0.023092769272625446,5,1
986,6,0.021977469325065613,5,1
987,8,0.03558800369501114,3,1
988,3,0.11373500968329608,8,1
989,6,0.14319347850978376,5,1
990,9,0.052461590617895126,2,1
991,9,0.03431764058768749,2,1
992,9,0.05547795444726944,2,1
993,8,0.023455314803868532,3,1
994,4,0.02886435735438551,7,1
995,7,0.13878132542595267,4,1
996,9,0.047153886407613754,2,1
997,-44,0.09360788903598274,35,0
998,7,0.027891254518181086,4,1
999,9,0.025471744127571583,2,1
1000,8,0.053743972753485046,3,1
1,-18,0.05699778335361645,29,1
2,10,0.02186339721083641,1,1
3,9,0.02907308842986822,2,1
4,5,0.028600850142538548,6,1
5,9,0.02030487172305584,2,1
6,10,0.019629407674074173,1,1
7,8,0.20332910555104414,3,1
8,9,0.165515991859138,2,1
9,9,0.018323726952075958,2,1
10,7,0.028136572800576687,4,1
11,10,0.02884308248758316,1,1
12,8,0.04474300518631935,3,1
13,8,0.18161897795895734,3,1
14,9,0.021032482385635376,2,1
15,-10,0.025259513407945633,1,0
16,10,0.018373647704720497,1,1
17,8,0.03318477856616179,3,1
18,10,0.0621325708925724,1,1
19,7,0.03866430441848934,4,1
20,9,0.08306156098842621,2,1
21,9,0.04170673340559006,2,1
22,8,0.045873213559389114,3,1
23,10,0.014480974525213242,1,1
24,9,0.053026244044303894,2,1
25,6,0.030982252955436707,5,1
26,7,0.05098856706172228,4,1
27,8,0.036641458670298256,3,1
28,8,0.05710246289769808,3,1
29,2,0.11039787054889733,9,1
30,8,0.30506885424256325,3,1
31,9,0.02854076400399208,2,1
32,9,0.0307021327316761,2,1
33,10,0.04096198081970215,1,1
34,6,0.14258127380162477,5,1
35,7,0.0543024055659771,4,1
36,8,0.04489974988003572,3,1
37,8,0.04694425190488497,3,1
38,7,0.10580304404720664,4,1
39,8,0.03584003262221813,3,1
40,6,0.04598269462585449,5,1
41,8,0.04561963491141796,3,1
42,8,0.13949784884850183,3,1
43,8,0.053764039650559425,3,1
44,9,0.022214177064597607,2,1
45,6,0.10305066462606191,5,1
46,4,0.05034293048083782,7,1
47,10,0.0204789862036705,1,1
48,9,0.058992013335227966,2,1
49,7,0.11492322850972414,4,1
50,9,0.06359442695975304,2,1
51,1,0.05349263735115528,10,1
52,9,0.05990751087665558,2,1
53,5,0.024885203534116346,6,1
54,10,0.028048455715179443,1,1
55,6,0.09043232351541519,5,1
56,9,0.045847526751458645,2,1
57,9,0.023856626823544502,2,1
58,7,0.03157148230820894,4,1
59,9,0.021680966019630432,2,1
60,8,0.033705697705348335,3,1
61,8,0.12261369327704112,3,1
62,7,0.028229374904185534,4,1
63,9,0.02747884765267372,2,1
64,9,0.171472430229187,2,1
65,8,0.028771188110113144,3,1
66,9,0.03965892922133207,2,1
67,-18,0.04847033710443768,29,1
68,-17,0.02221170940902084,8,0
69,9,0.09745707176625729,2,1
70,8,0.10023782340188821,3,1
71,8,0.026993758666018646,3,1
72,8,0.027767481592794258,3,1
73,10,0.047761883586645126,1,1
74,5,0.0686849703391393,6,1
75,10,0.04696519672870636,1,1
76,9,0.044865516014397144,2,1
77,6,0.026378907822072507,5,1
78,8,0.05487874336540699,3,1
79,9,0.01788698462769389,2,1
80,9,0.08869954757392406,2,1
81,8,0.06290871649980545,3,1
82,10,0.04433300346136093,1,1
83,7,0.05574276065453887,4,1
84,9,0.09221231192350388,2,1
85,9,0.03953243885189295,2,1
86,7,0.034090966219082475,4,1
87,-2,0.09584108654123086,13,1
88,10,0.07581423968076706,1,1
89,10,0.06624811887741089,1,1
90,8,0.06904555857181549,3,1
91,9,0.047071886248886585,2,1
92,7,0.038529994897544384,4,1
93,7,0.031073723454028368,4,1
94,8,0.04873943173636993,3,1
95,10,0.031026318669319153,1,1
96,8,0.04572245478630066,3,1
97,6,0.04295622929930687,5,1
98,8,0.03269535955041647,3,1
99,8,0.03619650502999624,3,1
100,5,0.13291997803996006,6,1
101,7,0.04100401047617197,4,1
102,8,0.03674371913075447,3,1
103,7,0.05513068847358227,4,1
104,5,0.10977656301110983,6,1
105,-50,0.08627571573480963,50,0
106,5,0.043176764311889805,6,1
107,9,0.04515245370566845,2,1
108,8,0.03512326876322428,3,1
109,8,0.08022762835025787,3,1
110,7,0.11292878165841103,4,1
111,10,0.09446833282709122,1,1
112,9,0.08095691166818142,2,1
113,-29,0.09778422378003597,40,1
114,8,0.048866176356871925,3,1
115,10,0.06458516418933868,1,1
116,7,0.06919005513191223,4,1
117,7,0.05384306819178164,4,1
118,10,0.04505972936749458,1,1
119,7,0.03849221020936966,4,1
120,9,0.025458473712205887,2,1
121,9,0.01989988423883915,2,1
122,8,0.06418222064773242,3,1
123,9,0.030267374590039253,2,1
124,8,0.028762461617588997,3,1
125,10,0.0398942306637764,1,1
126,6,0.12299779392778873,5,1
127,6,0.045507469400763514,5,1
128,9,0.04304146580398083,2,1
129,7,0.023599798791110516,4,1
130,6,0.023728394880890846,5,1
131,10,0.01573341339826584,1,1
132,8,0.029655393833915394,3,1
133,7,0.06678201933391392,4,1
134,7,0.10612298874184489,4,1
135,9,0.03148873243480921,2,1
136,6,0.03035183809697628,5,1
137,8,0.03307675259808699,3,1
138,10,0.026505345478653908,1,1
139,9,0.03767266869544983,2,1
140,10,0.0075439102947711945,1,1
141,8,0.03754462550083796,3,1
142,9,0.06481757387518883,2,1
143,7,0.12927622068673372,4,1
144,-50,0.08206706700846553,50,0
145,8,0.08818262815475464,3,1
146,-50,0.07179437091574073,50,0
147,10,0.036625269800424576,1,1
148,7,0.03262782748788595,4,1
149,10,0.07919114828109741,1,1
150,5,0.07063969162603219,6,1
151,-54,0.06768494184232421,45,0
152,9,0.04222599416971207,2,1
153,10,0.1254364252090454,1,1
154,9,0.03343124594539404,2,1
155,10,0.02487264573574066,1,1
156,7,0.029573339503258467,4,1
157,9,0.027147036977112293,2,1
158,7,0.02629154920578003,4,1
159,6,0.05604931190609932,5,1
160,8,0.03311328714092573,3,1
161,9,0.019100776873528957,2,1
162,10,0.015425104647874832,1,1
163,9,0.04955894500017166,2,1
164,8,0.023014677688479424,3,1
165,7,0.06631603743880987,4,1
166,10,0.03372857719659805,1,1
167,8,0.061870900293191276,3,1
168,10,0.03214649111032486,1,1
169,7,0.049645759630948305,4,1
170,7,0.13416953943669796,4,1
171,7,0.07530247513204813,4,1
172,8,0.06244674635430177,3,1
173,5,0.06118451120952765,6,1
174,9,0.037782263942062855,2,1
175,8,0.030690462328493595,3,1
176,7,0.07410814519971609,4,1
177,7,0.0232950272038579,4,1
178,3,0.038427631836384535,8,1
179,8,0.12447412560383479,3,1
180,7,0.027870705351233482,4,1
181,9,0.05515901744365692,2,1
182,7,0.031351774698123336,4,1
183,9,0.04641982726752758,2,1
184,8,0.018032843557496864,3,1
185,9,0.11083667259663343,2,1
186,9,0.022756393998861313,2,1
187,9,0.022686090786010027,2,1
188,10,0.01885070465505123,1,1
189,9,0.01736009679734707,2,1
190,8,0.048889913906653724,3,1
191,7,0.06852048705331981,4,1
192,10,0.015568953938782215,1,1
193,-17,0.040462400880642235,28,1
194,9,0.04722987301647663,2,1
195,10,0.027299508452415466,1,1
196,8,0.05294748271505038,3,1
197,10,0.016893256455659866,1,1
198,10,0.01564289629459381,1,1
199,7,0.03748285281471908,4,1
200,7,0.030940386466681957,4,1
201,8,0.02144836789617936,3,1
202,-8,0.05888655296477832,19,1
203,9,0.07366770133376122,2,1
204,9,0.06057816930115223,2,1
205,-4,0.04076100873450438,15,1
206,-5,0.037326350691728294,16,1
207,9,0.01035447046160698,2,1
208,7,0.05601043440401554,4,1
209,9,0.015331112779676914,2,1
210,10,0.024921849370002747,1,1
211,7,0.03954468481242657,4,1
212,-6,0.067491819643799,17,1
213,8,0.059442310283581413,3,1
214,9,0.037375789135694504,2,1
215,-50,0.03731185376644135,50,0
216,9,0.042831278406083584,2,1
217,9,0.05433643236756325,2,1
218,10,0.012725486420094967,1,1
219,5,0.04004353890195489,6,1
220,9,0.01932539790868759,2,1
221,9,0.023317541927099228,2,1
222,9,0.016680140048265457,2,1
223,10,0.009416161105036736,1,1
224,-4,0.0395261896153291,15,1
225,8,0.024741959447662037,3,1
226,-49,0.03087600111030042,40,0
227,10,0.02021978609263897,1,1
228,8,0.03770059812813997,3,1
229,7,0.043002462945878506,4,1
230,10,0.020509010180830956,1,1
231,8,0.04609882396956285,3,1
232,-50,0.030215406650677325,50,0
233,9,0.03811678849160671,2,1
234,9,0.141273507848382,2,1
235,7,0.02629974205046892,4,1
236,10,0.022877292707562447,1,1
237,6,0.0497502688318491,5,1
238,4,0.028791650996676514,7,1
239,9,0.17145781591534615,2,1
240,9,0.03396753687411547,2,1
241,10,0.009431338869035244,1,1
242,8,0.021854724424580734,3,1
243,7,0.060550276190042496,4,1
244,9,0.04477387620136142,2,1
245,-31,0.04910274705893937,42,1
246,6,0.07490674443542958,5,1
247,4,0.026905689920697893,7,1
248,6,0.026867722161114216,5,1
249,9,0.04906683415174484,2,1
250,2,0.037608871339923806,9,1
251,8,0.0376194566488266,3,1
252,10,0.04748343303799629,1,1
253,8,0.030972482015689213,3,1
254,8,0.09228975356866916,3,1
255,4,0.04515161032655409,7,1
256,-50,0.03332330569624901,50,0
257,10,0.0573248565196991,1,1
258,9,0.13029293343424797,2,1
259,8,0.042899146055181824,3,1
260,8,0.028011720937987167,3,1
261,8,0.018407037171224754,3,1
262,8,0.04262252524495125,3,1
263,-11,0.056773529049347744,22,1
264,9,0.050210269168019295,2,1
265,6,0.06931334212422371,5,1
266,5,0.03860695008188486,6,1
267,9,0.042853230610489845,2,1
268,8,0.07214764691889286,3,1
269,-13,0.05462052618774275,24,1
270,10,0.0652720034122467,1,1
271,9,0.0984240360558033,2,1
272,10,0.020728886127471924,1,1
273,7,0.06556989112868905,4,1
274,10,0.12116467952728271,1,1
275,-1,0.03482403241408368,12,1
276,9,0.027909809723496437,2,1
277,-44,0.035965296147125105,35,0
278,8,0.05012092304726442,3,1
279,6,0.028961986117064954,5,1
280,10,0.03375634178519249,1,1
281,10,0.017502181231975555,1,1
282,8,0.04228288494050503,3,1
283,9,0.02261399943381548,2,1
284,9,0.08121155574917793,2,1
285,-50,0.044453091118484736,50,0
286,9,0.01766793802380562,2,1
287,7,0.018785750842653215,4,1
288,7,0.04022199707105756,4,1
289,7,0.020403211005032063,4,1
290,7,0.0721791572868824,4,1
291,10,0.03345867246389389,1,1
292,7,0.03918370837345719,4,1
293,8,0.049771914879480995,3,1
294,9,0.02068381290882826,2,1
295,7,0.034493505489081144,4,1
296,-3,0.03160818200558424,14,1
297,9,0.047561999410390854,2,1
298,5,0.04874409999077519,6,1
299,10,0.027890268713235855,1,1
300,6,0.06629559621214867,5,1
301,5,0.03622717875987291,6,1
302,7,0.056574735790491104,4,1
303,5,0.04445782738427321,6,1
304,9,0.036628084257245064,2,1
305,7,0.04167788755148649,4,1
306,10,0.01631198078393936,1,1
307,8,0.020885353597501915,3,1
308,7,0.02225580718368292,4,1
309,9,0.02449204958975315,2,1
310,9,0.11091993562877178,2,1
311,9,0.02709817048162222,2,1
312,8,0.036033730333050094,3,1
313,9,0.02193077653646469,2,1
314,8,0.03590167500078678,3,1
315,9,0.017965503968298435,2,1
316,8,0.027264409698545933,3,1
317,7,0.035463511012494564,4,1
318,8,0.04039641252408425,3,1
319,5,0.07622206894059975,6,1
320,9,0.059885049238801,2,1
321,8,0.059857948372761406,3,1
322,9,0.028950285166502,2,1
323,9,0.055762000381946564,2,1
324,-21,0.04269929012904564,12,0
325,8,0.03977567547311386,3,1
326,9,0.0394468167796731,2,1
327,5,0.027859137393534184,6,1
328,10,0.010165046900510788,1,1
329,-17,0.024529066286049783,8,0
330,6,0.03466402646154165,5,1
331,9,0.0531463697552681,2,1
332,6,0.08446337282657623,5,1
333,8,0.03579546014467875,3,1
334,9,0.07547808438539505,2,1
335,8,0.05519438162446022,3,1
336,7,0.03701303666457534,4,1
337,8,0.023022044450044632,3,1
338,8,0.13947511712710062,3,1
339,8,0.1451164148747921,3,1
340,10,0.05244099348783493,1,1
341,-11,0.06761519610881805,2,0
342,8,0.09461308270692825,3,1
343,7,0.051278762985020876,4,1
344,4,0.04006470447140081,7,1
345,8,0.02923322096467018,3,1
346,9,0.043349144980311394,2,1
347,6,0.029440197348594665,5,1
348,7,0.04466778878122568,4,1
349,7,0.0638919547200203,4,1
350,-50,0.06343857355415822,50,0
351,9,0.06224836781620979,2,1
352,10,0.011750051751732826,1,1
353,10,0.00939409714192152,1,1
354,10,0.00889348704367876,1,1
355,10,0.07757584750652313,1,1
356,7,0.09209630615077913,4,1
357,8,0.04429141183694204,3,1
358,9,0.014404519461095333,2,1
359,7,0.06469370797276497,4,1
360,10,0.011928632855415344,1,1
361,-2,0.116126370544617,13,1
362,8,0.10526738812526067,3,1
363,10,0.11265724897384644,1,1
364,9,0.031322527676820755,2,1
365,8,0.03705481067299843,3,1
366,9,0.04633745085448027,2,1
367,6,0.048204226046800615,5,1
368,10,0.054535575211048126,1,1
369,-31,0.08624020045284521,22,0
370,9,0.1052283700555563,2,1
371,7,0.024471054784953594,4,1
372,8,0.0391213595867157,3,1
373,10,0.08191979676485062,1,1
374,8,0.04592432640492916,3,1
375,10,0.03860948607325554,1,1
376,9,0.06320616230368614,2,1
377,6,0.07753909379243851,5,1
378,9,0.08209860511124134,2,1
379,10,0.03503534942865372,1,1
380,10,0.060894548892974854,1,1
381,10,0.032266438007354736,1,1
382,9,0.04300958476960659,2,1
383,10,0.10394352674484253,1,1
384,-3,0.05597899415131126,14,1
385,9,0.03751569986343384,2,1
386,10,0.05148246884346008,1,1
387,7,0.15264207823202014,4,1
388,6,0.03281616866588592,5,1
389,8,0.17764615019162497,3,1
390,8,0.041807462771733604,3,1
391,7,0.07781850825995207,4,1
392,9,0.2042980007827282,2,1
393,6,0.040563401952385905,5,1
394,8,0.07522680113712947,3,1
395,9,0.04305652063339949,2,1
396,10,0.037828706204891205,1,1
397,9,0.044900400564074516,2,1
398,8,0.09680915251374245,3,1
399,7,0.03941196948289871,4,1
400,5,0.061873290687799454,6,1
401,9,0.1552251586690545,2,1
402,8,0.028723125346004963,3,1
403,9,0.022862281650304794,2,1
404,9,0.031033307313919067,2,1
405,8,0.10054722987115383,3,1
406,8,0.04704723507165909,3,1
407,10,0.015263528563082218,1,1
408,10,0.025679059326648712,1,1
409,10,0.013870418071746826,1,1
410,8,0.0365598164498806,3,1
411,8,0.05952067673206329,3,1
412,8,0.06190073490142822,3,1
413,9,0.022862733341753483,2,1
414,7,0.03078659251332283,4,1
415,7,0.037441407795995474,4,1
416,9,0.0524668269790709,2,1
417,7,0.04209666373208165,4,1
418,9,0.03243258409202099,2,1
419,8,0.023036427175005276,3,1
420,9,0.06217964552342892,2,1
421,7,0.01640255399979651,4,1
422,10,0.046604327857494354,1,1
423,10,0.02003929391503334,1,1
424,10,0.03864341974258423,1,1
425,-10,0.03546398878097534,1,0
426,10,0.1209166869521141,1,1
427,8,0.0422234640767177,3,1
428,5,0.02183010724062721,6,1
429,8,0.029003892714778583,3,1
430,7,0.04140868689864874,4,1
431,-20,0.03971769201058534,31,1
432,10,0.1121901273727417,1,1
433,8,0.04752415418624878,3,1
434,10,0.061770595610141754,1,1
435,9,0.02293509431183338,2,1
436,8,0.02649026767661174,3,1
437,6,0.039416459202766416,5,1
438,10,0.06189526617527008,1,1
439,9,0.0869921613484621,2,1
440,9,0.05115438066422939,2,1
441,9,0.03106661606580019,2,1
442,8,0.09680928041537602,3,1
443,10,0.030342109501361847,1,1
444,7,0.03519660513848066,4,1
445,8,0.048245916763941445,3,1
446,-50,0.05639496184885502,50,0
447,9,0.11433858796954155,2,1
448,8,0.039738948767383896,3,1
449,10,0.04579325020313263,1,1
450,8,0.026977470765511196,3,1
451,10,0.02401225082576275,1,1
452,7,0.041888118255883455,4,1
453,6,0.039284688606858256,5,1
454,10,0.07439863681793213,1,1
455,8,0.032510534239312015,3,1
456,8,0.20081072052319845,3,1
457,8,0.036184090500076614,3,1
458,7,0.07169204019010067,4,1
459,6,0.06040385700762272,5,1
460,-26,0.046906045436657766,37,1
461,8,0.05644926056265831,3,1
462,5,0.046049281023442745,6,1
463,-22,0.03733062648186178,33,1
464,10,0.030019070953130722,1,1
465,9,0.02793449768796563,2,1
466,8,0.040238006661335625,3,1
467,7,0.020555448718369007,4,1
468,10,0.02146235480904579,1,1
469,10,0.06185177341103554,1,1
470,10,0.030962932854890823,1,1
471,8,0.029688217987616856,3,1
472,5,0.033041498313347496,6,1
473,9,0.061671375297009945,2,1
474,10,0.023108119145035744,1,1
475,-1,0.032708151110758386,12,1
476,10,0.014532618224620819,1,1
477,8,0.02593218721449375,3,1
478,7,0.025336313992738724,4,1
479,6,0.027088092174381018,5,1
480,10,0.044361479580402374,1,1
481,9,0.05000394210219383,2,1
482,9,0.02989882417023182,2,1
483,9,0.01901679253205657,2,1
484,9,0.005971803911961615,2,1
485,10,0.03800421953201294,1,1
486,9,0.022342296317219734,2,1
487,9,0.03825768269598484,2,1
488,8,0.04290388152003288,3,1
489,8,0.07823307315508525,3,1
490,8,0.03839177762468656,3,1
491,8,0.03972567990422249,3,1
492,6,0.023414386436343193,5,1
493,9,0.02641182951629162,2,1
494,7,0.01859148684889078,4,1
495,9,0.027643161360174417,2,1
496,8,0.0234785998860995,3,1
497,6,0.031383758038282396,5,1
498,7,0.041104685980826616,4,1
499,10,0.015953384339809418,1,1
500,6,0.032480414398014544,5,1
501,8,0.020119248889386654,3,1
502,10,0.017721831798553467,1,1
503,8,0.11038052663207054,3,1
504,-14,0.044254005327820777,5,0
505,7,0.04849504819139838,4,1
506,8,0.02353641080359618,3,1
507,9,0.017261006869375706,2,1
508,5,0.10017787540952365,6,1
509,5,0.047894472256302834,6,1
510,8,0.033327363431453705,3,1
511,8,0.026247825473546982,3,1
512,10,0.43205416202545166,1,1
513,8,0.022740180293718975,3,1
514,9,0.033657314255833626,2,1
515,9,0.021311014890670776,2,1
516,10,0.04230181872844696,1,1
517,10,0.0667719691991806,1,1
518,8,0.04825472335020701,3,1
519,9,0.038529252633452415,2,1
520,6,0.04032962806522846,5,1
521,7,0.039744107984006405,4,1
522,6,0.04647334739565849,5,1
523,9,0.22834412567317486,2,1
524,10,0.016696365550160408,1,1
525,7,0.060483488254249096,4,1
526,7,0.051253882236778736,4,1
527,6,0.14598872661590576,5,1
528,9,0.2498558023944497,2,1
529,10,0.0577397495508194,1,1
530,9,0.19858896266669035,2,1
531,7,0.029659760650247335,4,1
532,7,0.027636309852823615,4,1
533,7,0.02598430193029344,4,1
534,7,0.14198958314955235,4,1
535,5,0.1701438594609499,6,1
536,9,0.06652224250137806,2,1
537,10,0.027687693014740944,1,1
538,10,0.05036532133817673,1,1
539,8,0.04985374274353186,3,1
540,-53,0.060654471797699276,44,0
541,10,0.042411573231220245,1,1
542,10,0.03494565933942795,1,1
543,10,0.03477318957448006,1,1
544,7,0.04369734623469412,4,1
545,8,0.06128347913424174,3,1
546,10,0.5355249047279358,1,1
547,7,0.15068399673327804,4,1
548,7,0.038510749116539955,4,1
549,8,0.03608629976709684,3,1
550,8,0.035890125979979835,3,1
551,8,0.1769083874921004,3,1
552,9,0.22730740532279015,2,1
553,8,0.03663712491591772,3,1
554,7,0.018981195171363652,4,1
555,10,0.03392932936549187,1,1
556,10,0.036325231194496155,1,1
557,7,0.035170603077858686,4,1
558,7,0.0736219035461545,4,1
559,8,0.0383373498916626,3,1
560,9,0.0419043805450201,2,1
561,7,0.06165341520681977,4,1
562,10,0.02078399993479252,1,1
563,-4,0.06140420039494832,15,1
564,9,0.035283847246319056,2,1
565,8,0.04840094596147537,3,1
566,10,0.041643984615802765,1,1
567,9,0.22534238547086716,2,1
568,7,0.020461438922211528,4,1
569,9,0.04932696558535099,2,1
570,-33,0.035964219559294484,24,0
571,9,0.025472570210695267,2,1
572,6,0.0494924372062087,5,1
573,-31,0.04409145109266752,42,1
574,9,0.03840945102274418,2,1
575,9,0.0400454867631197,2,1
576,9,0.21259513311088085,2,1
577,10,0.03011118806898594,1,1
578,7,0.041620075702667236,4,1
579,6,0.034487294219434264,5,1
580,8,0.16682120909293494,3,1
581,6,0.01988468337804079,5,1
582,7,0.038238076493144035,4,1
583,9,0.03682808578014374,2,1
584,7,0.12371547799557447,4,1
585,3,0.08877896284684539,8,1
586,6,0.03242657855153084,5,1
587,10,0.059741199016571045,1,1
588,8,0.03380629296104113,3,1
589,7,0.028560069389641285,4,1
590,8,0.13069068702558675,3,1
591,9,0.035198433324694633,2,1
592,7,0.11024146853014827,4,1
593,9,0.06644091755151749,2,1
594,7,0.019259784603491426,4,1
595,9,0.024834674783051014,2,1
596,9,0.015958284959197044,2,1
597,10,0.6465252637863159,1,1
598,6,0.04845007136464119,5,1
599,8,0.04535900987684727,3,1
600,10,0.06316506862640381,1,1
601,5,0.04484541450316707,6,1
602,7,0.1343854940496385,4,1
603,7,0.07763982377946377,4,1
604,7,0.046840646769851446,4,1
605,9,0.04429080709815025,2,1
606,-9,0.07474267268553376,20,1
607,-9,0.06639547981321811,20,1
608,10,0.01694108173251152,1,1
609,8,0.09894660115242004,3,1
610,9,0.024257350713014603,2,1
611,7,0.050463734194636345,4,1
612,9,0.049473694525659084,2,1
613,7,0.04154779389500618,4,1
614,10,0.015628457069396973,1,1
615,-10,0.08542854338884354,1,0
616,6,0.02695193737745285,5,1
617,7,0.024968429701402783,4,1
618,7,0.04348915256559849,4,1
619,8,0.11522444213430087,3,1
620,8,0.33423087000846863,3,1
621,10,0.13353896141052246,1,1
622,9,0.012437454890459776,2,1
623,9,0.04370691906660795,2,1
624,7,0.061244115233421326,4,1
625,8,0.16245492734014988,3,1
626,9,0.030449128709733486,2,1
627,7,0.05110885063186288,4,1
628,7,0.14026165287941694,4,1
629,5,0.07686773408204317,6,1
630,8,0.0694501722852389,3,1
631,6,0.0709354592487216,5,1
632,10,0.016969097778201103,1,1
633,8,0.04469329553345839,3,1
634,8,0.02792302208642165,3,1
635,10,0.0271657332777977,1,1
636,10,0.06275174021720886,1,1
637,10,0.02432791143655777,1,1
638,9,0.03156529553234577,2,1
639,8,0.065866785744826,3,1
640,8,0.025115509207050007,3,1
641,10,0.015039403922855854,1,1
642,6,0.030023272335529327,5,1
643,7,0.04024770436808467,4,1
644,8,0.034247388442357383,3,1
645,5,0.02249777348091205,6,1
646,9,0.14870493486523628,2,1
647,9,0.026609166525304317,2,1
648,2,0.04275813978165388,9,1
649,-12,0.05411823697226203,23,1
650,7,0.06359216617420316,4,1
651,6,0.042395399510860445,5,1
652,10,0.02281578816473484,1,1
653,8,0.043733784928917885,3,1
654,-10,0.02575601637363434,1,0
655,-20,0.05044882696482443,31,1
656,8,0.31872523948550224,3,1
657,9,0.03599380701780319,2,1
658,10,0.05416559800505638,1,1
659,0,0.032593161121688106,11,1
660,7,0.03490994358435273,4,1
661,10,0.05709230899810791,1,1
662,-10,0.1370873749256134,1,0
663,10,0.02598150633275509,1,1
664,5,0.03918377899875244,6,1
665,9,0.03203351050615311,2,1
666,8,0.05028655255834261,3,1
667,6,0.04053768627345562,5,1
668,6,0.028557893261313437,5,1
669,7,0.038528891280293465,4,1
670,9,0.013933983631432056,2,1
671,9,0.04952758364379406,2,1
672,8,0.13293844709793726,3,1
673,-11,0.025242652744054794,2,0
674,10,0.07728128135204315,1,1
675,6,0.02909204885363579,5,1
676,9,0.056223949417471886,2,1
677,9,0.020102047361433506,2,1
678,7,0.02637035446241498,4,1
679,9,0.075340012088418,2,1
680,10,0.04308273270726204,1,1
681,8,0.06569641331831615,3,1
682,-12,0.05071858936191901,23,1
683,8,0.07794145246346791,3,1
684,-56,0.0776123024146766,47,0
685,7,0.16213564481586218,4,1
686,9,0.46752241253852844,2,1
687,6,0.07067995145916939,5,1
688,7,0.05431500170379877,4,1
689,9,0.07522295229136944,2,1
690,10,0.30348077416419983,1,1
691,6,0.06790608912706375,5,1
692,9,0.0698806568980217,2,1
693,8,0.05077209323644638,3,1
694,9,0.03723309189081192,2,1
695,7,0.03651178069412708,4,1
696,9,0.0598677909001708,2,1
697,9,0.08259125798940659,2,1
698,9,0.02862258441746235,2,1
699,9,0.06420823931694031,2,1
700,9,0.02463948307558894,2,1
701,10,0.023518836125731468,1,1
702,8,0.017938420176506042,3,1
703,9,0.23179939202964306,2,1
704,10,0.07666009664535522,1,1
705,10,0.07531873881816864,1,1
706,6,0.04829467982053757,5,1
707,8,0.17245704929033914,3,1
708,9,0.04958722926676273,2,1
709,10,0.029383866116404533,1,1
710,8,0.05329860746860504,3,1
711,8,0.06052403524518013,3,1
712,-6,0.09400029874899808,17,1
713,10,0.4762405455112457,1,1
714,7,0.020436419174075127,4,1
715,8,0.03344889481862386,3,1
716,7,0.03834029892459512,4,1
717,7,0.03553445963189006,4,1
718,5,0.036813028467198215,6,1
719,9,0.21723252348601818,2,1
720,7,0.04189593647606671,4,1
721,10,0.08636907488107681,1,1
722,9,0.054815854877233505,2,1
723,8,0.03537409007549286,3,1
724,10,0.05085773766040802,1,1
725,8,0.0667328139146169,3,1
726,10,0.0253287460654974,1,1
727,7,0.04098173324018717,4,1
728,9,0.06802014261484146,2,1
729,10,0.022594507783651352,1,1
730,9,0.048413271084427834,2,1
731,9,0.026651313994079828,2,1
732,10,0.05495530739426613,1,1
733,10,0.04638168588280678,1,1
734,-8,0.08112048808681338,19,1
735,8,0.0528795470794042,3,1
736,8,0.05517593336602052,3,1
737,9,0.028995079919695854,2,1
738,10,0.06275902688503265,1,1
739,4,0.08553277967231614,7,1
740,-25,0.05530267343338993,36,1
741,10,0.027389656752347946,1,1
742,6,0.048278835415840146,5,1
743,10,0.055922914296388626,1,1
744,10,0.019062986597418785,1,1
745,8,0.027211022563278675,3,1
746,6,0.0307915061712265,5,1
747,9,0.21131348982453346,2,1
748,7,0.044692416209727526,4,1
749,10,0.2859196662902832,1,1
750,7,0.03680166648700833,4,1
751,7,0.0206061287317425,4,1
752,8,0.15960263833403587,3,1
753,5,0.026711079912881058,6,1
754,10,0.24023334681987762,1,1
755,10,0.06783999502658844,1,1
756,8,0.039093032479286194,3,1
757,-11,0.07066459547389638,22,1
758,-50,0.0749803952127695,50,0
759,5,0.03967886666456858,6,1
760,6,0.0797995088621974,5,1
761,6,0.021163323521614076,5,1
762,9,0.03607583697885275,2,1
763,5,0.1235443960564832,6,1
764,10,0.034012261778116226,1,1
765,9,0.0583985410630703,2,1
766,10,0.03597470372915268,1,1
767,9,0.02645976934581995,2,1
768,9,0.0407831147313118,2,1
769,8,0.07725316534439723,3,1
770,10,0.043175455182790756,1,1
771,6,0.0442680574953556,5,1
772,9,0.3398490697145462,2,1
773,7,0.05371511168777943,4,1
774,8,0.14792024778823057,3,1
775,9,0.0376867912709713,2,1
776,7,0.04997785482555628,4,1
777,8,0.0628286562860012,3,1
778,9,0.025149530731141567,2,1
779,9,0.046875543892383575,2,1
780,8,0.08278474180648725,3,1
781,7,0.04339420096948743,4,1
782,7,0.031876047840341926,4,1
783,8,0.05502825044095516,3,1
784,10,0.03219824284315109,1,1
785,-4,0.057667000343402226,15,1
786,7,0.03418198227882385,4,1
787,6,0.021874917298555376,5,1
788,9,0.042428343556821346,2,1
789,9,0.10444153100252151,2,1
790,-18,0.06290928335410767,29,1
791,10,0.4504552185535431,1,1
792,8,0.04987953727444013,3,1
793,9,0.039643530268222094,2,1
794,9,0.234176404774189,2,1
795,6,0.060472773388028145,5,1
796,-37,0.07313369003046925,48,1
797,8,0.07940080886085828,3,1
798,-17,0.06877650134265423,28,1
799,-19,0.08911368064582348,10,0
800,7,0.029592225095257163,4,1
801,7,0.11328021204099059,4,1
802,9,0.05586446262896061,2,1
803,8,0.026297072569529217,3,1
804,9,0.03565292805433273,2,1
805,9,0.021525093354284763,2,1
806,9,0.0333259142935276,2,1
807,9,0.02452731505036354,2,1
808,8,0.026115359738469124,3,1
809,9,0.05129009485244751,2,1
810,10,0.027476510033011436,1,1
811,-25,0.04524754652649992,36,1
812,9,0.05393477529287338,2,1
813,3,0.03039594367146492,8,1
814,-31,0.09900078905577009,22,0
815,9,0.09871336817741394,2,1
816,-50,0.04442971622571349,50,0
817,8,0.05684438223640124,3,1
818,7,0.02900839038193226,4,1
819,8,0.09145543569078048,3,1
820,7,0.03462896030396223,4,1
821,7,0.08435445139184594,4,1
822,10,0.021574165672063828,1,1
823,5,0.026535910088568926,6,1
824,8,0.012418797239661217,3,1
825,8,0.03695555838445822,3,1
826,10,0.02311825379729271,1,1
827,8,0.018409395900865395,3,1
828,8,0.020068905005852383,3,1
829,8,0.050579568992058434,3,1
830,6,0.05842883847653866,5,1
831,10,0.054522804915905,1,1
832,6,0.05314083471894264,5,1
833,8,0.02711481135338545,3,1
834,6,0.06344071626663209,5,1
835,9,0.0940013900399208,2,1
836,-30,0.04598623777671558,41,1
837,10,0.04072783142328262,1,1
838,7,0.09176208218559623,4,1
839,9,0.034577351063489914,2,1
840,10,0.02748434618115425,1,1
841,7,0.04765333328396082,4,1
842,8,0.02678432563940684,3,1
843,10,0.04088067635893822,1,1
844,8,0.02775257391234239,3,1
845,7,0.09204430319368839,4,1
846,6,0.0462197732180357,5,1
847,10,0.03959720954298973,1,1
848,8,0.052070409059524536,3,1
849,5,0.09229155723005533,6,1
850,8,0.07339658712347348,3,1
851,-12,0.18817218393087387,3,0
852,7,0.04035321553237736,4,1
853,9,0.04737227223813534,2,1
854,-26,0.053988664939596843,37,1
855,7,0.03631704254075885,4,1
856,9,0.044374519027769566,2,1
857,7,0.08244787668809295,4,1
858,9,0.017194423358887434,2,1
859,9,0.028591038659214973,2,1
860,7,0.029269282706081867,4,1
861,8,0.02705118680993716,3,1
862,6,0.04964163899421692,5,1
863,7,0.025890514254570007,4,1
864,7,0.08101954124867916,4,1
865,10,0.047689806669950485,1,1
866,-13,0.05034298232446114,24,1
867,-10,0.040504589676856995,1,0
868,7,0.03542051883414388,4,1
869,9,0.05504549480974674,2,1
870,6,0.05175237581133842,5,1
871,7,0.023468885803595185,4,1
872,7,0.15087780682370067,4,1
873,7,0.05806949897669256,4,1
874,9,0.037387777119874954,2,1
875,8,0.03946800592044989,3,1
876,9,0.029615692794322968,2,1
877,7,0.049064700957387686,4,1
878,8,0.05568556611736616,3,1
879,4,0.04831305731620107,7,1
880,9,0.040645770728588104,2,1
881,8,0.06362378597259521,3,1
882,10,0.023408886045217514,1,1
883,10,0.021576816216111183,1,1
884,7,0.06211924273520708,4,1
885,10,0.020638417452573776,1,1
886,8,0.05209712063272794,3,1
887,10,0.03913253918290138,1,1
888,9,0.049438019283115864,2,1
889,10,0.033393677324056625,1,1
890,9,0.0736799743026495,2,1
891,8,0.03842045304675897,3,1
892,9,0.01803437201306224,2,1
893,8,0.15516660020997128,3,1
894,6,0.023997351713478565,5,1
895,8,0.031606837486227356,3,1
896,10,0.018370535224676132,1,1
897,9,0.02413624245673418,2,1
898,-7,0.04442752794259124,18,1
899,-49,0.07279844640288502,40,0
900,8,0.04583099422355493,3,1
901,-50,0.07609498757869006,50,0
902,-20,0.03341950103640556,11,0
903,9,0.04934830963611603,2,1
904,9,0.03451807424426079,2,1
905,9,0.016024085693061352,2,1
906,9,0.017513157799839973,2,1
907,10,0.015957264229655266,1,1
908,10,0.01473049633204937,1,1
909,8,0.02649806874493758,3,1
910,3,0.026590842055156827,8,1
911,8,0.017442900066574413,3,1
912,8,0.018177852655450504,3,1
913,8,0.1448975708335638,3,1
914,9,0.02069873735308647,2,1
915,8,0.16970361955463886,3,1
916,9,0.0528796287253499,2,1
917,8,0.0387791283428669,3,1
918,9,0.015106029342859983,2,1
919,9,0.21353191137313843,2,1
920,10,0.015036746859550476,1,1
921,-50,0.04814572905190289,50,0
922,-50,0.06612222081981599,50,0
923,8,0.021142291525999706,3,1
924,7,0.11127546988427639,4,1
925,9,0.2218067580834031,2,1
926,-10,0.09891106689437515,21,1
927,8,0.04081196834643682,3,1
928,6,0.040292173624038696,5,1
929,9,0.05458930600434542,2,1
930,10,0.03478512167930603,1,1
931,7,0.028341140365228057,4,1
932,-59,0.050992829157039524,50,0
933,7,0.0675172028131783,4,1
934,8,0.045240540678302445,3,1
935,8,0.10438985750079155,3,1
936,-8,0.05376315577641914,19,1
937,10,0.015924613922834396,1,1
938,8,0.013843508747716745,3,1
939,9,0.04495776258409023,2,1
940,9,0.10295310616493225,2,1
941,9,0.028668584302067757,2,1
942,10,0.18405689299106598,1,1
943,9,0.007090677972882986,2,1
944,9,0.04471845459192991,2,1
945,10,0.042669836431741714,1,1
946,10,0.08231622725725174,1,1
947,-21,0.08181813242845237,32,1
948,9,0.08587698638439178,2,1
949,9,0.0499885119497776,2,1
950,10,0.22364792227745056,1,1
951,8,0.034009781666100025,3,1
952,8,0.029198103894790012,3,1
953,9,0.07696494460105896,2,1
954,9,0.04792643431574106,2,1
955,7,0.07679383223876357,4,1
956,7,0.02469556825235486,4,1
957,10,0.03910904750227928,1,1
958,9,0.024004196748137474,2,1
959,9,0.04226550925523043,2,1
960,7,0.04255901905708015,4,1
961,10,0.03623761609196663,1,1
962,6,0.03903988189995289,5,1
963,6,0.045896797068417074,5,1
964,3,0.013787159463390708,8,1
965,10,0.01756562478840351,1,1
966,6,0.12455007582902908,5,1
967,5,0.025704598985612392,6,1
968,7,0.07430366100743413,4,1
969,9,0.1884399875998497,2,1
970,-12,0.08245925853649776,3,0
971,10,0.16536271572113037,1,1
972,9,0.15084609761834145,2,1
973,8,0.13431746140122414,3,1
974,9,0.0745883360505104,2,1
975,10,0.04164176434278488,1,1
976,9,0.11942015588283539,2,1
977,-13,0.055360076017677784,4,0
978,-10,0.5157527923583984,1,0
979,-50,0.08900512959808111,50,0
980,7,0.1617733258754015,4,1
981,8,0.15651325633128485,3,1
982,9,0.03786735236644745,2,1
983,9,0.0321469996124506,2,1
984,7,0.056734479032456875,4,1
985,6,0.043290024250745775,5,1
986,8,0.04797940018276373,3,1
987,9,0.2271790886297822,2,1
988,7,0.05038054380565882,4,1
989,5,0.0490619388098518,6,1
990,10,0.049959972500801086,1,1
991,10,0.11992117762565613,1,1
992,10,0.0388033501803875,1,1
993,6,0.044997057691216466,5,1
994,7,0.022767162416130304,4,1
995,7,0.17827650206163526,4,1
996,9,0.034608619287610054,2,1
997,10,0.10498804599046707,1,1
998,8,0.033509100476900734,3,1
999,7,0.13239256339147687,4,1
1000,10,0.04525349289178848,1,1
1,9,0.08377021923661232,2,1
2,-50,0.06089527895674109,50,0
3,8,0.1109802679469188,3,1
4,10,0.0452582910656929,1,1
5,8,0.027052019412318867,3,1
6,8,0.029865726207693417,3,1
7,8,0.0429625470812122,3,1
8,9,0.01779122743755579,2,1
9,9,0.04804519843310118,2,1
10,10,0.029832083731889725,1,1
11,9,0.0636965436860919,2,1
12,8,0.05916136254866918,3,1
13,9,0.16776431165635586,2,1
14,8,0.03999945521354675,3,1
15,10,0.029256727546453476,1,1
16,9,0.017754550091922283,2,1
17,10,0.01900847628712654,1,1
18,10,0.00845299381762743,1,1
19,-2,0.0465966509655118,13,1
20,9,0.027691111899912357,2,1
21,10,0.04089304432272911,1,1
22,8,0.15935074165463448,3,1
23,9,0.020249519031494856,2,1
24,9,0.04599557304754853,2,1
25,10,0.008981787599623203,1,1
26,8,0.014410744110743204,3,1
27,9,0.023868655785918236,2,1
28,9,0.08626801241189241,2,1
29,9,0.07652727514505386,2,1
30,7,0.03268122486770153,4,1
31,9,0.02203450445085764,2,1
32,10,0.05756963789463043,1,1
33,10,0.01151880994439125,1,1
34,3,0.0846394719555974,8,1
35,10,0.024997787550091743,1,1
36,9,0.05737860128283501,2,1
37,9,0.022385209798812866,2,1
38,8,0.033193172266085945,3,1
39,-50,0.07341565441340209,50,0
40,10,0.020749274641275406,1,1
41,8,0.19485112900535265,3,1
42,8,0.06862049673994382,3,1
43,-7,0.05175061565306452,18,1
44,5,0.05319378897547722,6,1
45,8,0.04704249526063601,3,1
46,8,0.05963273594776789,3,1
47,7,0.02829137211665511,4,1
48,10,0.04563955217599869,1,1
49,9,0.043538276106119156,2,1
50,9,0.031222310848534107,2,1
51,7,0.04125920869410038,4,1
52,8,0.05455391357342402,3,1
53,-12,0.07121972638465789,23,1
54,7,0.03635789267718792,4,1
55,7,0.049094102811068296,4,1
56,8,0.04087895403305689,3,1
57,6,0.03897536098957062,5,1
58,8,0.030188364287217457,3,1
59,9,0.04420945607125759,2,1
60,8,0.040767127027114235,3,1
61,9,0.04243822023272514,2,1
62,7,0.026490527670830488,4,1
63,6,0.03500889539718628,5,1
64,8,0.03994539938867092,3,1
65,8,0.06179830183585485,3,1
66,10,0.06798476725816727,1,1
67,-5,0.04995958518702537,16,1
68,7,0.045967708341777325,4,1
69,9,0.044335274025797844,2,1
70,5,0.03954875376075506,6,1
71,9,0.02583883237093687,2,1
72,9,0.03627524524927139,2,1
73,7,0.06335412198677659,4,1
74,9,0.041983261704444885,2,1
75,6,0.03196901325136423,5,1
76,8,0.03539567689100901,3,1
77,6,0.015130081586539746,5,1
78,7,0.04274182952940464,4,1
79,10,0.01647655852138996,1,1
80,9,0.041960264556109905,2,1
81,10,0.01346856914460659,1,1
82,7,0.03185142204165459,4,1
83,7,0.07247089268639684,4,1
84,10,0.03289824724197388,1,1
85,9,0.02934222389012575,2,1
86,9,0.03654783871024847,2,1
87,8,0.021319440255562466,3,1
88,9,0.016124908812344074,2,1
89,8,0.0633363996942838,3,1
90,7,0.021366473520174623,4,1
91,7,0.02833088207989931,4,1
92,9,0.2425453970208764,2,1
93,7,0.03479684283956885,4,1
94,8,0.2611622450252374,3,1
95,9,0.046412549912929535,2,1
96,9,0.012167090084403753,2,1
97,8,0.0701952651143074,3,1
98,7,0.0668780729174614,4,1
99,9,0.09513743594288826,2,1
100,8,0.03395105774203936,3,1
101,9,0.24695924296975136,2,1
102,9,0.0384506918489933,2,1
103,8,0.0401492714881897,3,1
104,7,0.04951620753854513,4,1
105,8,0.023245275641481083,3,1
106,7,0.021813031751662493,4,1
107,7,0.03936097165569663,4,1
108,7,0.05892081093043089,4,1
109,7,0.029217440634965897,4,1
110,10,0.11099846661090851,1,1
111,7,0.05664931330829859,4,1
112,6,0.04042589627206326,5,1
113,9,0.025695866905152798,2,1
114,9,0.010421402752399445,2,1
115,8,0.013441021709392468,3,1
116,9,0.02812318131327629,2,1
117,8,0.018440633391340572,3,1
118,10,0.055317472666502,1,1
119,-4,0.033776171940068406,15,1
120,6,0.038822801783680916,5,1
121,8,0.0364023515333732,3,1
122,9,0.03683787910267711,2,1
123,10,0.009091364219784737,1,1
124,8,0.031715611616770424,3,1
125,7,0.020207735942676663,4,1
126,10,0.007969481870532036,1,1
127,10,0.008216425776481628,1,1
128,7,0.030247421702370048,4,1
129,8,0.027756720160444576,3,1
130,8,0.03254934089879195,3,1
131,5,0.028872008435428143,6,1
132,7,0.13565615681000054,4,1
133,9,0.02902277372777462,2,1
134,-15,0.05610162607179238,26,1
135,9,0.02711242064833641,2,1
136,10,0.1106388121843338,1,1
137,9,0.04486793838441372,2,1
138,9,0.15027306647971272,2,1
139,7,0.1603600261732936,4,1
140,-14,0.05615335404872894,5,0
141,6,0.08591147251427174,5,1
142,10,0.07828833162784576,1,1
143,10,0.04776148498058319,1,1
144,8,0.0650570144255956,3,1
145,8,0.05620450712740421,3,1
146,10,0.1987544447183609,1,1
147,9,0.09315186366438866,2,1
148,6,0.041868696175515654,5,1
149,-50,0.08051576424390078,50,0
150,8,0.13198355336984,3,1
151,-12,0.0745922155354334,23,1
152,9,0.04567787144333124,2,1
153,8,0.09537331014871597,3,1
154,9,0.06817790307104588,2,1
155,5,0.14439760955671468,6,1
156,6,0.042761487513780595,5,1
157,9,0.05202514864504337,2,1
158,9,0.027745023369789124,2,1
159,9,0.04524467932060361,2,1
160,10,0.019756628200411797,1,1
161,8,0.11664622525374095,3,1
162,9,0.023278053384274244,2,1
163,8,0.03588124985496203,3,1
164,6,0.018327530845999716,5,1
165,8,0.028924817219376564,3,1
166,10,0.036464136093854904,1,1
167,-4,0.06369196176528931,15,1
168,10,0.02026255801320076,1,1
169,9,0.03528478182852268,2,1
170,-29,0.03634616266936064,20,0
171,10,0.0478973425924778,1,1
172,8,0.04753590375185013,3,1
173,9,0.03946759179234505,2,1
174,10,0.018175886943936348,1,1
175,7,0.023904728703200817,4,1
176,9,0.014203548897057772,2,1
177,7,0.0370572954416275,4,1
178,7,0.029840516857802868,4,1
179,9,0.016134765464812517,2,1
180,10,0.013455144129693508,1,1
181,8,0.0335318916477263,3,1
182,10,0.22587965428829193,1,1
183,8,0.02944824347893397,3,1
184,10,0.023783160373568535,1,1
185,10,0.012766005471348763,1,1
186,8,0.057546322544415794,3,1
187,7,0.01823569438420236,4,1
188,7,0.043521381448954344,4,1
189,9,0.0501735657453537,2,1
190,10,0.017897432669997215,1,1
191,8,0.03740184878309568,3,1
192,9,0.028669070452451706,2,1
193,5,0.02618653808409969,6,1
194,6,0.02917730025947094,5,1
195,8,0.018136586373051006,3,1
196,10,0.010106890462338924,1,1
197,7,0.013081373181194067,4,1
198,9,0.029254226945340633,2,1
199,10,0.5753822326660156,1,1
200,5,0.15474124159663916,6,1
201,8,0.013939516929288706,3,1
202,3,0.025354318087920547,8,1
203,-50,0.05155159348621965,50,0
204,10,0.016337953507900238,1,1
205,9,0.04801604989916086,2,1
206,6,0.029260885342955588,5,1
207,8,0.043583607921997704,3,1
208,9,0.021502293646335602,2,1
209,8,0.03541323666771253,3,1
210,6,0.0349167849868536,5,1
211,9,0.04590661637485027,2,1
212,-10,0.03253813832998276,1,0
213,9,0.12007356621325016,2,1
214,8,0.024058286100625992,3,1
215,8,0.06697981307903926,3,1
216,7,0.08015451580286026,4,1
217,10,0.024620961397886276,1,1
218,8,0.0454700601597627,3,1
219,10,0.020419001579284668,1,1
220,8,0.04882815356055895,3,1
221,8,0.048993986720840134,3,1
222,9,0.08944745175540447,2,1
223,9,0.11150765977799892,2,1
224,9,0.11232331022620201,2,1
225,9,0.06910541467368603,2,1
226,9,0.014116290956735611,2,1
227,6,0.023877021670341492,5,1
228,10,0.03630145639181137,1,1
229,6,0.05169843286275864,5,1
230,6,0.02706447821110487,5,1
231,3,0.09552714496385306,8,1
232,9,0.2856261106207967,2,1
233,5,0.07131204847246408,6,1
234,-50,0.06677025934681297,50,0
235,7,0.06725788582116365,4,1
236,5,0.0358925253773729,6,1
237,8,0.0750818761686484,3,1
238,10,0.036667704582214355,1,1
239,-50,0.08143906172364951,50,0
240,7,0.040240796748548746,4,1
241,6,0.029828180186450483,5,1
242,9,0.04580448567867279,2,1
243,7,0.018074352061375976,4,1
244,7,0.03540110751055181,4,1
245,8,0.042612469444672264,3,1
246,6,0.03438029047101736,5,1
247,9,0.06826152838766575,2,1
248,8,0.02348678931593895,3,1
249,8,0.03261934655408064,3,1
250,5,0.025491731241345406,6,1
251,-1,0.04333017642299334,12,1
252,9,0.030190734658390284,2,1
253,10,0.07329735904932022,1,1
254,7,0.031189486850053072,4,1
255,7,0.019827015697956085,4,1
256,-30,0.06810997493032898,21,0
257,10,0.48207905888557434,1,1
258,-8,0.04303032576449608,19,1
259,-10,0.12925612926483154,1,0
260,8,0.04095325370629629,3,1
261,6,0.1288627043366432,5,1
262,9,0.02759398240596056,2,1
263,7,0.15217141597531736,4,1
264,8,0.05379629631837209,3,1
265,9,0.04319200478494167,2,1
266,8,0.030949410051107407,3,1
267,10,0.5036084055900574,1,1
268,-12,0.2201466684540113,3,0
269,9,0.11819068342447281,2,1
270,10,0.026224907487630844,1,1
271,7,0.14325559977442026,4,1
272,9,0.05684611015021801,2,1
273,8,0.02011931998034318,3,1
274,8,0.04466403151551882,3,1
275,8,0.1862824565420548,3,1
276,10,0.01766979694366455,1,1
277,-9,0.06069686785340309,20,1
278,8,0.19261484841505686,3,1
279,8,0.0423834960286816,3,1
280,7,0.13806134508922696,4,1
281,9,0.02750148344784975,2,1
282,10,0.04797171801328659,1,1
283,9,0.04154939763247967,2,1
284,10,0.14509078860282898,1,1
285,7,0.061027195770293474,4,1
286,10,0.015614568255841732,1,1
287,8,0.28274069478114444,3,1
288,8,0.04193620756268501,3,1
289,6,0.032934104278683665,5,1
290,10,0.027646388858556747,1,1
291,-50,0.07864271913655102,50,0
292,9,0.03732147719711065,2,1
293,8,0.06692286270360152,3,1
294,9,0.24143538903445005,2,1
295,8,0.04324725984285275,3,1
296,8,0.02784817044933637,3,1
297,9,0.03939931280910969,2,1
298,10,0.01608148403465748,1,1
299,9,0.031221695244312286,2,1
300,9,0.024339771829545498,2,1
301,-19,0.08635440282523632,10,0
302,-3,0.042324805698756664,14,1
303,-2,0.07919540979827826,13,1
304,6,0.10777713879942893,5,1
305,8,0.02795807582636674,3,1
306,6,0.09931809827685356,5,1
307,9,0.020176169695332646,2,1
308,7,0.1263187793083489,4,1
309,8,0.019571081114312012,3,1
310,9,0.08053760975599289,2,1
311,-26,0.04130870484582642,17,0
312,7,0.02059328742325306,4,1
313,8,0.037055029844244324,3,1
314,10,0.009326227940618992,1,1
315,10,0.011964852921664715,1,1
316,8,0.02378459523121516,3,1
317,9,0.21318507567048073,2,1
318,5,0.08591590480258067,6,1
319,8,0.19045385035375753,3,1
320,7,0.07101896964013577,4,1
321,-50,0.10529414800927044,50,0
322,10,0.06292450428009033,1,1
323,-28,0.08953481677331422,19,0
324,10,0.020006930455565453,1,1
325,9,0.1605553673580289,2,1
326,9,0.2293611355125904,2,1
327,7,0.04311210988089442,4,1
328,9,0.018184224143624306,2,1
329,10,0.023413334041833878,1,1
330,10,0.033027440309524536,1,1
331,8,0.09588859726985295,3,1
332,8,0.023940108095606167,3,1
333,6,0.08048257008194923,5,1
334,7,0.13285046350210905,4,1
335,7,0.08845452405512333,4,1
336,6,0.06713777780532837,5,1
337,8,0.06350685780247052,3,1
338,9,0.03518371097743511,2,1
339,9,0.05843548383563757,2,1
340,6,0.04863978624343872,5,1
341,9,0.1947917304933071,2,1
342,7,0.028438269160687923,4,1
343,9,0.04990068171173334,2,1
344,2,0.06689864376352893,9,1
345,9,0.02817562222480774,2,1
346,9,0.03537212684750557,2,1
347,7,0.02792375977151096,4,1
348,-9,0.05021044830791652,20,1
349,-31,0.10311601399867372,22,0
350,8,0.03854687760273615,3,1
351,7,0.1613016240298748,4,1
352,9,0.058689992874860764,2,1
353,-7,0.09987832812799348,18,1
354,7,0.10079800337553024,4,1
355,6,0.1111245483160019,5,1
356,7,0.04546293616294861,4,1
357,7,0.09126828424632549,4,1
358,9,0.03212206996977329,2,1
359,7,0.13049710495397449,4,1
360,-26,0.05854064697290168,17,0
361,7,0.06936935428529978,4,1
362,8,0.29016636684536934,3,1
363,9,0.15485867485404015,2,1
364,6,0.15231198221445083,5,1
365,8,0.06185886263847351,3,1
366,7,0.2572806142270565,4,1
367,9,0.037274825386703014,2,1
368,-50,0.08788641162216664,50,0
369,10,0.04789932444691658,1,1
370,9,0.05946358107030392,2,1
371,6,0.10866667572408914,5,1
372,8,0.027843110263347626,3,1
373,6,0.07656683269888162,5,1
374,7,0.08624064270406961,4,1
375,10,0.0575355626642704,1,1
376,7,0.15745098795741796,4,1
377,-19,0.09222267518440883,30,1
378,9,0.05739249847829342,2,1
379,-31,0.09004002055999907,22,0
380,7,0.06320153083652258,4,1
381,7,0.029292792081832886,4,1
382,9,0.03294244594871998,2,1
383,9,0.0858501922339201,2,1
384,6,0.08451351225376129,5,1
385,-22,0.08758886849902796,33,1
386,10,0.1371971070766449,1,1
387,6,0.16789996325969697,5,1
388,10,0.0701499953866005,1,1
389,10,0.6694015264511108,1,1
390,10,0.1268606334924698,1,1
391,7,0.11140288645401597,4,1
392,6,0.04805957302451134,5,1
393,9,0.07310012355446815,2,1
394,10,0.021274695172905922,1,1
395,3,0.10498062474653125,8,1
396,10,0.10430027544498444,1,1
397,10,0.05923117324709892,1,1
398,-7,0.10411011789821917,18,1
399,10,0.023200038820505142,1,1
400,9,0.07282256707549095,2,1
401,8,0.06095506623387337,3,1
402,8,0.05177350342273712,3,1
403,8,0.1560446967681249,3,1
404,10,0.04632720351219177,1,1
405,8,0.033972484370072685,3,1
406,7,0.0694351801648736,4,1
407,5,0.10592736800511678,6,1
408,10,0.025599874556064606,1,1
409,10,0.08671382069587708,1,1
410,10,0.08376629650592804,1,1
411,-36,0.0676367424745509,47,1
412,10,0.05828619375824928,1,1
413,10,0.018209336325526237,1,1
414,7,0.15666081104427576,4,1
415,10,0.046656303107738495,1,1
416,-22,0.06456985635062058,33,1
417,8,0.05805846427877744,3,1
418,9,0.02003236673772335,2,1
419,8,0.04537450149655342,3,1
420,10,0.040258292108774185,1,1
421,-13,0.07651109465708335,24,1
422,10,0.02979404293000698,1,1
423,-50,0.08467606768012047,50,0
424,7,0.04261947516351938,4,1
425,6,0.052084426209330556,5,1
426,9,0.07609781809151173,2,1
427,-50,0.07895514771342277,50,0
428,9,0.04885586351156235,2,1
429,10,0.06789104640483856,1,1
430,7,0.05396849196404219,4,1
431,9,0.05090984329581261,2,1
432,7,0.024487134302034974,4,1
433,8,0.07256292675932248,3,1
434,8,0.09295738612612088,3,1
435,10,0.08412998914718628,1,1
436,9,0.0617105346173048,2,1
437,7,0.13214684277772903,4,1
438,9,0.05535317584872246,2,1
439,10,0.06769523024559021,1,1
440,7,0.04923516884446144,4,1
441,10,0.15978138148784637,1,1
442,8,0.06378705923755963,3,1
443,9,0.036792813800275326,2,1
444,7,0.03837266797199845,4,1
445,9,0.06673287227749825,2,1
446,9,0.10148625820875168,2,1
447,9,0.05824127234518528,2,1
448,-29,0.14474413588177412,40,1
449,10,0.17936451733112335,1,1
450,10,0.13994504511356354,1,1
451,10,0.07466410100460052,1,1
452,8,0.1775495558977127,3,1
453,9,0.0505752582103014,2,1
454,8,0.062262160082658134,3,1
455,9,0.059802498668432236,2,1
456,9,0.06278375443071127,2,1
457,8,0.046884468446175255,3,1
458,9,0.0942373014986515,2,1
459,8,0.04333654542764028,3,1
460,10,0.17893457412719727,1,1
461,10,0.061336539685726166,1,1
462,-50,0.07336594386026263,50,0
463,8,0.06904429942369461,3,1
464,9,0.22614184021949768,2,1
465,9,0.028756868094205856,2,1
466,8,0.05889223888516426,3,1
467,10,0.03420183062553406,1,1
468,9,0.03575038071721792,2,1
469,7,0.04193073697388172,4,1
470,9,0.02656063623726368,2,1
471,2,0.037909396199716464,9,1
472,10,0.029028598219156265,1,1
473,5,0.07187944712738197,6,1
474,8,0.04079547089835008,3,1
475,8,0.05144491605460644,3,1
476,9,0.02766659762710333,2,1
477,9,0.14937031362205744,2,1
478,8,0.024252086877822876,3,1
479,8,0.054072678089141846,3,1
480,-36,0.09432005101537451,47,1
481,10,0.034080684185028076,1,1
482,9,0.07892784103751183,2,1
483,6,0.06409194767475128,5,1
484,7,0.05829599220305681,4,1
485,6,0.05190265532582998,5,1
486,10,0.06336839497089386,1,1
487,9,0.10464758798480034,2,1
488,9,0.09101839363574982,2,1
489,4,0.06842936681849617,7,1
490,9,0.028169280849397182,2,1
491,8,0.16192875057458878,3,1
492,10,0.020480457693338394,1,1
493,7,0.03965862840414047,4,1
494,7,0.038196024019271135,4,1
495,-10,0.010362861678004265,1,0
496,9,0.03341601602733135,2,1
497,7,0.038335264194756746,4,1
498,10,0.017336877062916756,1,1
499,8,0.017253049959739048,3,1
500,10,0.0695815160870552,1,1
501,8,0.12221851944923401,3,1
502,-5,0.0891207242384553,16,1
503,8,0.1864824319879214,3,1
504,6,0.031062205880880357,5,1
505,8,0.09216232380519311,3,1
506,7,0.05967528047040105,4,1
507,0,0.048562380400570954,11,1
508,9,0.04223317373543978,2,1
509,6,0.029114875569939615,5,1
510,10,0.01794489473104477,1,1
511,-50,0.04909426640719175,50,0
512,6,0.038666121661663055,5,1
513,8,0.10355522173146407,3,1
514,8,0.07302095151195924,3,1
515,10,0.02386496402323246,1,1
516,8,0.023140085861086845,3,1
517,8,0.040970783680677414,3,1
518,6,0.04004756137728691,5,1
519,8,0.1772616816063722,3,1
520,9,0.037256506737321615,2,1
521,9,0.007129572215490043,2,1
522,10,0.043622247874736786,1,1
523,9,0.08326530829071999,2,1
524,10,0.007121479604393244,1,1
525,6,0.010976438224315644,5,1
526,8,0.037726521492004395,3,1
527,9,0.01631875103339553,2,1
528,8,0.016073683897654217,3,1
529,8,0.026887367169062298,3,1
530,10,0.04943160340189934,1,1
531,8,0.0246557987605532,3,1
532,8,0.05350696171323458,3,1
533,6,0.07466828897595405,5,1
534,-13,0.06663532659877092,24,1
535,9,0.027154247276484966,2,1
536,-10,0.049066951764481406,21,1
537,10,0.0381481908261776,1,1
538,7,0.1412787646986544,4,1
539,-13,0.044977469369769096,4,0
540,-6,0.04750858970424708,17,1
541,-11,0.10241640617393634,22,1
542,7,0.057840180583298206,4,1
543,9,0.26843081414699554,2,1
544,9,0.08473802544176579,2,1
545,10,0.06209440901875496,1,1
546,-59,0.07259188763797284,50,0
547,10,0.4583451747894287,1,1
548,8,0.03901536017656326,3,1
549,-5,0.04471899592317641,16,1
550,10,0.01981997676193714,1,1
551,8,0.038754045963287354,3,1
552,7,0.05986834829673171,4,1
553,7,0.04603463597595692,4,1
554,9,0.036907779052853584,2,1
555,6,0.07716615796089173,5,1
556,9,0.04139879532158375,2,1
557,9,0.02904049400240183,2,1
558,9,0.04790511541068554,2,1
559,9,0.14411825593560934,2,1
560,9,0.0165650537237525,2,1
561,8,0.025314970562855404,3,1
562,7,0.17607497051358223,4,1
563,8,0.1335512070606152,3,1
564,9,0.02953349705785513,2,1
565,9,0.05670430697500706,2,1
566,-13,0.05620761689109107,24,1
567,7,0.0929263299331069,4,1
568,10,0.21494731307029724,1,1
569,8,0.0769589791695277,3,1
570,8,0.10192391773064931,3,1
571,8,0.18308623259266218,3,1
572,10,0.042066790163517,1,1
573,9,0.0744805559515953,2,1
574,9,0.06540163792669773,2,1
575,9,0.038192737847566605,2,1
576,9,0.08722784370183945,2,1
577,7,0.06014338228851557,4,1
578,9,0.07995575293898582,2,1
579,8,0.1527281440794468,3,1
580,9,0.022627627477049828,2,1
581,10,0.04788840934634209,1,1
582,9,0.11059670895338058,2,1
583,9,0.03136798366904259,2,1
584,10,0.023342758417129517,1,1
585,7,0.11380966566503048,4,1
586,8,0.06358291829625766,3,1
587,9,0.033771418035030365,2,1
588,9,0.027990948408842087,2,1
589,8,0.04550031510492166,3,1
590,10,0.060810137540102005,1,1
591,9,0.0532014574855566,2,1
592,9,0.04756978712975979,2,1
593,9,0.03941291384398937,2,1
594,10,0.03656591847538948,1,1
595,7,0.049782199785113335,4,1
596,10,0.10402526706457138,1,1
