episode,reward,loss,steps,success
1,-15,0.0,6,0
2,3,0.0,8,1
3,-7,1.3063380718231201,18,1
4,-22,1.063539981842041,13,0
5,-32,0.7956614014895066,23,0
6,-32,0.4987870482727885,23,0
7,-22,0.5277833205003005,13,0
8,-32,0.4492535923802575,43,1
9,7,0.4074000858236104,4,1
10,4,0.5753004082611629,7,1
11,-4,0.7833832800388336,15,1
12,-22,0.577858354896307,13,0
13,-22,0.4806809128763584,13,0
14,-8,0.4557532234803626,19,1
15,-17,0.657391007989645,8,0
16,-41,0.49803927866742015,32,0
17,4,0.6980258471199444,7,1
18,-11,0.8524140119552612,2,0
19,8,0.6364327470461527,3,1
20,0,0.5555040948092937,11,1
21,10,0.322263240814209,1,1
22,-24,0.7718598244090875,15,0
23,-52,0.5873779004742933,43,0
24,-27,0.48222702410486007,18,0
25,3,0.602792089805007,8,1
26,-32,0.4178444198940111,23,0
27,-17,0.5594373540952802,8,0
28,-18,0.3505824878811836,9,0
29,8,0.4695764084657033,3,1
30,-6,0.48007474105586023,17,1
31,-23,0.5117941301535157,34,1
32,-50,0.4371059446036816,50,0
33,3,0.5412179045379162,8,1
34,6,0.2947582006454468,5,1
35,9,0.06351461261510849,2,1
36,10,1.3309879302978516,1,1
37,-29,0.48330458216369154,20,0
38,-16,0.554794363953449,27,1
39,9,0.3916379902511835,2,1
40,-50,0.45441904477775097,50,0
41,-50,0.4412701276689768,50,0
42,-24,0.5606896797815959,15,0
43,-36,0.42497608065605164,27,0
44,7,0.477939710021019,4,1
45,-19,0.30846543349325656,10,0
46,-38,0.333955942171401,29,0
47,-8,0.3716797389482197,19,1
48,-50,0.3595790045708418,50,0
49,-24,0.36993349144856136,15,0
50,8,0.09258588900168736,3,1
51,-4,0.3506460944811503,15,1
52,0,0.41514792157845065,11,1
53,1,0.33026155047118666,10,1
54,-38,0.4156119666736701,29,0
55,-12,0.31263937234230665,23,1
56,-54,0.44385167592101626,45,0
57,10,0.13800296187400818,1,1
58,8,0.29242511962850887,3,1
59,-42,0.4482187327336181,33,0
60,-13,0.5175739359110594,4,0
61,-7,0.22641904258893597,18,1
62,-11,0.32994217053055763,2,0
63,-28,0.5222025003872419,19,0
64,-39,0.3000073495010535,30,0
65,-50,0.31889610178768635,50,0
66,-14,0.3918179526925087,5,0
67,-20,0.33231430974873627,11,0
68,-22,0.2643062099814415,13,0
69,-8,0.41074080333897944,19,1
70,-17,0.24158453289419413,8,0
71,-10,0.04488643258810043,1,0
72,-6,0.44960832814959917,17,1
73,-50,0.3195740187168121,50,0
74,-16,0.28832364241991726,7,0
75,-13,0.30149877071380615,4,0
76,-58,0.2788064091333321,49,0
77,-40,0.294239210986322,31,0
78,-5,0.13911084202118218,16,1
79,0,0.21966773610223422,11,1
80,-27,0.34835334347659036,38,1
81,0,0.4626586498184638,11,1
82,-12,0.2856067617734273,3,0
83,-44,0.4131106010505131,35,0
84,-4,0.35986689329147337,15,1
85,-23,0.3639173382627113,14,0
86,-59,0.387932296693325,50,0
87,-23,0.3622777855822018,14,0
88,-11,0.4293079525232315,2,0
89,-16,0.24224153054612024,7,0
90,-16,0.3032461681536266,7,0
91,4,0.267921371119363,7,1
92,-28,0.2471923062052482,39,1
93,8,0.35159394641717273,3,1
94,-10,0.06965078413486481,1,0
95,1,0.2704953495413065,10,1
96,4,0.2940496504306793,7,1
97,-25,0.2914402892347425,16,0
98,-12,0.6647036075592041,3,0
99,-17,0.31605946319177747,8,0
100,10,0.281021386384964,1,1
101,-12,0.2865069657564163,3,0
102,-50,0.3777295362949371,50,0
103,-7,0.3010203888018926,18,1
104,-47,0.32831085041949626,38,0
105,6,0.18774962574243545,5,1
106,-26,0.2423868039075066,17,0
107,-32,0.30343018567492797,43,1
108,-47,0.29552596949629095,38,0
109,9,0.3160548470914364,2,1
110,-50,0.351408596932888,50,0
111,-21,0.3092278065159917,32,1
112,6,0.16182188391685487,5,1
113,8,0.1750902682542801,3,1
114,10,0.5924563407897949,1,1
115,-9,0.2094395998865366,20,1
116,-50,0.3270783771574497,50,0
117,10,0.7579885721206665,1,1
118,-15,0.30822227895259857,6,0
119,10,0.15329119563102722,1,1
120,-50,0.3096758947521448,50,0
121,10,0.5482067465782166,1,1
122,9,0.11519084125757217,2,1
123,-13,0.23646671262880167,24,1
124,-39,0.3968382748464743,30,0
125,6,0.3389803349971771,5,1
126,9,0.253770362585783,2,1
127,2,0.2832888282007641,9,1
128,-12,0.08615372764567535,3,0
129,7,0.3440578281879425,4,1
130,-12,0.25940437366565067,3,0
131,-13,0.38613429976006347,24,1
132,-37,0.35041479766368866,28,0
133,-42,0.3087382235310294,33,0
134,-50,0.30393107563257216,50,0
135,9,0.2800116091966629,2,1
136,-17,0.38954403065145016,8,0
137,-38,0.33690590829569467,49,1
138,-36,0.28971707400806407,47,1
139,9,0.1394677385687828,2,1
140,1,0.26960234344005585,10,1
141,7,0.3812161199748516,4,1
142,1,0.39319891706109045,10,1
143,-50,0.4108738872408867,50,0
144,-11,0.15452276915311813,2,0
145,-10,0.09973461180925369,1,0
146,-39,0.3635782776772976,50,1
147,-29,0.3000348730944097,40,1
148,-11,0.4187471568584442,2,0
149,-12,0.2588333487510681,3,0
150,4,0.3271247925502913,7,1
151,-30,0.3149369537103467,41,1
152,-15,0.3174687626843269,26,1
153,-10,0.24581162631511688,1,0
154,-10,0.06855205446481705,1,0
155,-50,0.29805432096123696,50,0
156,-50,0.4165299628674984,50,0
157,-29,0.2966126210987568,40,1
158,9,0.48534421622753143,2,1
159,-55,0.3171015547831421,46,0
160,5,0.4751693879564603,6,1
161,10,0.697908341884613,1,1
162,-10,1.1693140268325806,1,0
163,10,0.17025528848171234,1,1
164,-10,0.05366065353155136,1,0
165,-11,0.10277780890464783,2,0
166,-50,0.37621702909469606,50,0
167,-50,0.2899918047711253,50,0
168,6,0.2519504114985466,5,1
169,9,0.3071325868368149,2,1
170,-13,0.2619778160005808,4,0
171,-19,0.2591444902122021,10,0
172,-50,0.3053454989939928,50,0
173,-46,0.4133177740952453,37,0
174,5,0.2690966681887706,6,1
175,-50,0.3403503184765577,50,0
176,-5,0.3940433319658041,16,1
177,-15,0.2339334823191166,6,0
178,-50,0.30431808717548847,50,0
179,7,0.26650447864085436,4,1
180,6,0.4423251286149025,5,1
181,-50,0.24638037607073784,50,0
182,-13,0.47357093915343285,4,0
183,-50,0.3012434685602784,50,0
184,-50,0.30714139886200426,50,0
185,5,0.26133180658022565,6,1
186,8,0.49491361776987713,3,1
187,10,0.05434780940413475,1,1
188,-50,0.3467698726058006,50,0
189,-15,0.38536516452829045,6,0
190,-2,0.1417374235506241,13,1
191,-12,0.30315506158639555,23,1
192,7,0.4321084823459387,4,1
193,-30,0.3130867511388801,21,0
194,-11,0.6425876170396805,2,0
195,8,0.4713253155350685,3,1
196,9,0.07936887815594673,2,1
197,-44,0.2752399974635669,35,0
198,-39,0.29430007085204124,50,1
199,9,0.0994945615530014,2,1
200,-22,0.12078600863997753,13,0
201,10,0.05329623445868492,1,1
202,-10,0.39719873666763306,1,0
203,-50,0.256794981174171,50,0
204,-12,0.34396227449178696,3,0
205,-50,0.29976833015680315,50,0
206,-10,0.3456971267504351,21,1
207,8,0.2084480399886767,3,1
208,7,0.07239863369613886,4,1
209,7,0.21121789794415236,4,1
210,9,0.18180546909570694,2,1
211,10,0.7696309685707092,1,1
212,-16,0.19892274691826767,27,1
213,-13,0.15301459655165672,4,0
214,-6,0.2899892538347665,17,1
215,-50,0.2817670292034745,50,0
216,-50,0.3932383773103356,50,0
217,-15,0.2569765898470695,26,1
218,-50,0.32298189111053943,50,0
219,-13,0.3324559647589922,24,1
220,-23,0.21345003486117897,34,1
221,-1,0.15565920621156693,12,1
222,7,0.19660465233027935,4,1
223,0,0.26003552905537863,11,1
224,-14,0.1647154226899147,5,0
225,-10,0.5043246150016785,1,0
226,-10,0.1629554033279419,1,0
227,5,0.35600627462069195,6,1
228,-50,0.347345559373498,50,0
229,-24,0.18831945856412252,15,0
230,-25,0.21618474530987442,16,0
231,9,0.3272658735513687,2,1
232,0,0.24046502126888794,11,1
233,8,0.3165435343980789,3,1
234,-5,0.3035417599603534,16,1
235,-10,0.17359402775764465,1,0
236,-21,0.28413424664177,32,1
237,3,0.2168570593930781,8,1
238,7,0.4023972093127668,4,1
239,-22,0.22567094252868133,33,1
240,-25,0.39278722275048494,16,0
241,5,0.1887004698316256,6,1
242,4,0.28959582320281435,7,1
243,8,0.1512600096563498,3,1
244,-50,0.33830937940627337,50,0
245,7,0.7005461156368256,4,1
246,4,0.36654793258224216,7,1
247,8,0.6243137915929159,3,1
248,6,0.20254433900117874,5,1
249,5,0.12472975254058838,6,1
250,10,0.11303016543388367,1,1
251,-44,0.28277490053858073,35,0
252,-50,0.3109534248709679,50,0
253,-2,0.44075232113783175,13,1
254,-12,0.2776344311626061,23,1
255,-50,0.28818482600152495,50,0
256,9,0.09311849251389503,2,1
257,-50,0.27428837344050405,50,0
258,-13,0.15295795910060406,4,0
259,-7,0.3480968003471692,18,1
260,1,0.3365008123219013,10,1
261,3,0.21655304171144962,8,1
262,-14,0.23866054862737657,5,0
263,-50,0.2785400812327862,50,0
264,-40,0.32074487798156276,31,0
265,-50,0.2513993836194277,50,0
266,9,0.47727714478969574,2,1
267,10,0.5153897404670715,1,1
268,4,0.30126356493149486,7,1
269,10,0.13017195463180542,1,1
270,-13,0.27120729722082615,4,0
271,10,0.04640030115842819,1,1
272,-7,0.2463007972886165,18,1
273,-15,0.3311844759931167,6,0
274,2,0.21753960309757125,9,1
275,9,0.11461661383509636,2,1
276,9,0.37575728818774223,2,1
277,8,0.3665378789107005,3,1
278,-16,0.46460691200835363,7,0
279,-43,0.38749726774061427,34,0
280,-42,0.36795059568954236,33,0
281,-50,0.3245214132964611,50,0
282,-5,0.24934633960947394,16,1
283,-10,0.09622350335121155,1,0
284,8,0.16102992494901022,3,1
285,-28,0.30299860748805496,19,0
286,-7,0.30769870844152236,18,1
287,6,0.2522584468126297,5,1
288,-10,0.20661501586437225,1,0
289,9,0.10721902921795845,2,1
290,8,0.16688826183478037,3,1
291,-10,0.040958333760499954,1,0
292,10,0.09529411047697067,1,1
293,-10,0.27612629532814026,1,0
294,-50,0.39253931064158676,50,0
295,-50,0.33826026275753973,50,0
296,10,0.06039952486753464,1,1
297,7,0.2869996502995491,4,1
298,-17,0.36082939417766674,28,1
299,8,0.5786219437917074,3,1
300,8,0.27718040843804675,3,1
301,2,0.28716621961858535,9,1
302,8,0.35608991980552673,3,1
303,-21,0.3834355266299099,32,1
304,-10,0.2236880213022232,1,0
305,-50,0.34547734349966047,50,0
306,10,0.3208523094654083,1,1
307,-3,0.37441966948764666,14,1
308,-14,0.277556519806385,25,1
309,7,0.33486800268292427,4,1
310,-14,0.41299922943115236,25,1
311,-50,0.3684427005052566,50,0
312,-30,0.28018274367219065,41,1
313,4,0.2886005938053131,7,1
314,7,0.47287196666002274,4,1
315,9,0.1036627572029829,2,1
316,-50,0.32190867632627485,50,0
317,10,0.14848817884922028,1,1
318,5,0.34782057752211887,6,1
319,6,0.13612295985221862,5,1
320,-12,0.5273847381273905,3,0
321,-18,0.3721929233935144,9,0
322,-50,0.3292367377132177,50,0
323,9,0.1620258130133152,2,1
324,10,0.25114595890045166,1,1
325,-4,0.3430804252624512,15,1
326,-50,0.3549386583268642,50,0
327,10,0.7512849569320679,1,1
328,6,0.24609424024820328,5,1
329,9,0.4018677547574043,2,1
330,-21,0.1788757499307394,12,0
331,-31,0.24352422117122582,42,1
332,10,0.16842861473560333,1,1
333,9,0.32464899867773056,2,1
334,10,0.1691380888223648,1,1
335,-50,0.3397244200110435,50,0
336,-11,0.23100952804088593,2,0
337,8,0.25441965957482654,3,1
338,-7,0.38659732126527363,18,1
339,-50,0.3484775271266699,50,0
340,-3,0.33984908355133875,14,1
341,1,0.25733461827039716,10,1
342,8,0.48277713855107623,3,1
343,-50,0.28526125483214854,50,0
344,-28,0.3746128344000914,39,1
345,-14,0.22978799641132355,5,0
346,5,0.36060526718695957,6,1
347,-33,0.2732512368397279,44,1
348,-3,0.27041341869958807,14,1
349,10,0.22283093631267548,1,1
350,-50,0.2724546106904745,50,0
351,2,0.29468192987971836,9,1
352,10,0.10225749015808105,1,1
353,8,0.2918277581532796,3,1
354,-50,0.2739112565666437,50,0
355,-9,0.23972863517701626,20,1
356,-9,0.21505834758281708,20,1
357,4,0.2153087705373764,7,1
358,-16,0.2036186362858172,27,1
359,-23,0.24130383559635707,14,0
360,-50,0.17797210417687892,50,0
361,9,0.2477894052863121,2,1
362,-20,0.19068434113456356,31,1
363,0,0.24210627207701857,11,1
364,9,0.08057079464197159,2,1
365,8,0.18365057309468588,3,1
366,8,0.27227842807769775,3,1
367,-25,0.15154727105982602,16,0
368,10,0.17419126629829407,1,1
369,-25,0.21312761888839304,16,0
370,10,0.07463499158620834,1,1
371,-50,0.19286575570702552,50,0
372,7,0.20422743819653988,4,1
373,-21,0.15677702135872096,32,1
374,10,0.2402724027633667,1,1
375,-13,0.33206751197576523,4,0
376,8,0.13651726891597113,3,1
377,-1,0.22998999742170176,12,1
378,7,0.16378075443208218,4,1
379,10,0.41699716448783875,1,1
380,-10,0.13324835896492004,1,0
381,-21,0.23718283197376877,32,1
382,6,0.22135639265179635,5,1
383,6,0.1765768349170685,5,1
384,-10,0.19050675630569458,1,0
385,10,0.04327336698770523,1,1
386,10,0.14207492768764496,1,1
387,-16,0.19304409623146057,27,1
388,-5,0.24247520929202437,16,1
389,1,0.17058199904859067,10,1
390,0,0.20542637174102393,11,1
391,-50,0.21506058812141418,50,0
392,5,0.28285203377405804,6,1
393,-50,0.19218894220888616,50,0
394,-20,0.14868189055811276,11,0
395,4,0.16338955983519554,7,1
396,7,0.08545588981360197,4,1
397,-29,0.11922424416989089,20,0
398,8,0.12011293073495229,3,1
399,-50,0.18571760974824428,50,0
400,10,0.10626785457134247,1,1
401,7,0.12698327656835318,4,1
402,7,0.11430088616907597,4,1
403,8,0.4628423477212588,3,1
404,9,0.1469518020749092,2,1
405,-19,0.1847326969106992,30,1
406,9,0.30362270772457123,2,1
407,8,0.21416396150986353,3,1
408,-11,0.23531587709757415,22,1
409,-7,0.14146393144296276,18,1
410,6,0.12064087465405464,5,1
411,-50,0.21544326230883598,50,0
412,-16,0.19682703113981656,7,0
413,-56,0.20726624424470233,47,0
414,5,0.19080100456873575,6,1
415,9,0.2973024845123291,2,1
416,-20,0.1846154743144589,31,1
417,9,0.23762277513742447,2,1
418,9,0.21963796019554138,2,1
419,-10,0.11310727894306183,1,0
420,-50,0.19149223998188972,50,0
421,8,0.13989966114362082,3,1
422,9,0.431108221411705,2,1
423,-15,0.2091658850415395,26,1
424,9,0.10752322524785995,2,1
425,-19,0.2288311319425702,30,1
426,9,0.39447131752967834,2,1
427,-33,0.17548237029801717,44,1
428,10,0.17077979445457458,1,1
429,10,0.43274590373039246,1,1
430,10,0.11582504212856293,1,1
431,7,0.09926669113337994,4,1
432,9,0.2624320387840271,2,1
433,8,0.2341823714474837,3,1
434,8,0.22800233960151672,3,1
435,-17,0.21690581193459885,28,1
436,9,0.16170082241296768,2,1
437,-50,0.2179664506018162,50,0
438,5,0.2094002105295658,6,1
439,10,0.22762560844421387,1,1
440,8,0.10936092585325241,3,1
441,10,0.1394062638282776,1,1
442,-38,0.20392773865625777,29,0
443,-50,0.17244270615279675,50,0
444,9,0.061616101302206516,2,1
445,8,0.08107043243944645,3,1
446,-50,0.18746130004525186,50,0
447,-32,0.1394919297941353,23,0
448,-50,0.18096722465008497,50,0
449,7,0.12892305105924606,4,1
450,8,0.23367265363534293,3,1
451,-50,0.20459428440779448,50,0
452,-50,0.11717631682753563,50,0
453,10,0.16739267110824585,1,1
454,9,0.08727738633751869,2,1
455,8,0.28596868241826695,3,1
456,-50,0.15710065882653,50,0
457,9,0.1065775416791439,2,1
458,7,0.15615947358310223,4,1
459,0,0.11081159453500401,11,1
460,9,0.2683739811182022,2,1
461,6,0.2389332503080368,5,1
462,-33,0.17176751157438214,44,1
463,-46,0.17546028900589491,37,0
464,-50,0.12834055982530118,50,0
465,-19,0.10999567955732345,10,0
466,-50,0.13231548219919204,50,0
467,-50,0.12541457902640105,50,0
468,9,0.13235506787896156,2,1
469,-3,0.13564283666866167,14,1
470,10,0.5308178663253784,1,1
471,-50,0.1319217100739479,50,0
472,3,0.12497177300974727,8,1
473,-10,0.14730034591186614,21,1
474,10,0.13996772468090057,1,1
475,8,0.14938192814588547,3,1
476,-12,0.10186334456438603,23,1
477,1,0.11159974709153175,10,1
478,-50,0.1476411696523428,50,0
479,-50,0.08644133370369672,50,0
480,-50,0.09162283089011908,50,0
481,-50,0.14325840897858144,50,0
482,6,0.17314006835222245,5,1
483,-10,0.0288515854626894,1,0
484,2,0.13568739303284222,9,1
485,-23,0.17100756375917367,14,0
486,7,0.19143344555050135,4,1
487,-4,0.11073917572697003,15,1
488,8,0.046598477909962334,3,1
489,-12,0.28259729345639545,3,0
490,-50,0.15738434199243784,50,0
491,8,0.07037721077601115,3,1
492,-50,0.1477757616341114,50,0
493,-14,0.11999796763062477,25,1
494,-50,0.1682326089218259,50,0
495,-10,0.046479132026433945,1,0
496,8,0.12178950756788254,3,1
497,10,0.08342435956001282,1,1
498,7,0.16141282953321934,4,1
499,-10,0.11755420001489776,21,1
500,10,0.1339014619588852,1,1
501,-11,0.12393958121538162,2,0
502,7,0.08397389482706785,4,1
503,8,0.09914007286230724,3,1
504,7,0.15130672603845596,4,1
505,9,0.08744356036186218,2,1
506,-50,0.15164957974106075,50,0
507,0,0.1544763141057708,11,1
508,-10,0.1732800453901291,1,0
509,5,0.0574953972051541,6,1
510,-18,0.21320646359688705,9,0
511,4,0.2376308191035475,7,1
512,4,0.2042216488293239,7,1
513,9,0.12664788961410522,2,1
514,-10,0.11621703952550888,1,0
515,8,0.39395712812741596,3,1
516,5,0.22219060361385345,6,1
517,9,0.10178900137543678,2,1
518,5,0.25438527142008144,6,1
519,9,0.12558581307530403,2,1
520,9,0.10779250040650368,2,1
521,10,0.21900290250778198,1,1
522,10,0.09970224648714066,1,1
523,-2,0.22137547771518046,13,1
524,5,0.12032004073262215,6,1
525,10,0.8471713066101074,1,1
526,9,0.07443849742412567,2,1
527,-50,0.17078901529312135,50,0
528,10,0.12092575430870056,1,1
529,9,0.1404433324933052,2,1
530,6,0.1973918005824089,5,1
531,-50,0.19876024793833494,50,0
532,3,0.12133471760898829,8,1
533,-13,0.12777383998036385,4,0
534,1,0.1448345433920622,10,1
535,8,0.1362707962592443,3,1
536,8,0.2510083317756653,3,1
537,-50,0.20305926825851203,50,0
538,9,0.1856565847992897,2,1
539,9,0.4741114675998688,2,1
540,-11,0.36870739981532097,2,0
541,-10,0.6837543845176697,1,0
542,-12,0.21912009517351785,3,0
543,8,0.043116205682357155,3,1
544,-50,0.22007060721516608,50,0
545,-50,0.22874203860759734,50,0
546,10,0.16553597152233124,1,1
547,-10,0.24272633592287698,21,1
548,-14,0.17448003634810447,25,1
549,-6,0.1839987065862207,17,1
550,-10,0.11945807188749313,1,0
551,8,0.21790974835554758,3,1
552,-50,0.17241970874369145,50,0
553,7,0.11434013396501541,4,1
554,9,0.0683518536388874,2,1
555,-30,0.15088992477172897,21,0
556,9,0.18867179937660694,2,1
557,8,0.08927277227242787,3,1
558,10,0.22297990322113037,1,1
559,7,0.15204335004091263,4,1
560,-17,0.201222955382296,28,1
561,9,0.09412472881376743,2,1
562,8,0.13526684542497,3,1
563,-50,0.19731676295399667,50,0
564,-5,0.17561528109945357,16,1
565,10,0.08940795809030533,1,1
566,7,0.19432653114199638,4,1
567,7,0.10824209731072187,4,1
568,9,0.3580276668071747,2,1
569,10,0.08193931728601456,1,1
570,-12,0.3177656332651774,3,0
571,-10,1.01412034034729,1,0
572,-17,0.1977071287110448,28,1
573,1,0.18134067635983228,10,1
574,6,0.11404659301042556,5,1
575,9,0.22254596650600433,2,1
576,10,0.15902452170848846,1,1
577,9,0.13851752877235413,2,1
578,-35,0.20005125965437162,46,1
579,10,0.07407406717538834,1,1
580,10,0.07476811856031418,1,1
581,10,0.49824434518814087,1,1
582,8,0.22999309996763864,3,1
583,-50,0.20860731858760118,50,0
584,-50,0.1599740505591035,50,0
585,-15,0.12385219292571911,26,1
586,-14,0.1388002386689186,25,1
587,9,0.2784191779792309,2,1
588,1,0.14873035177588462,10,1
589,-50,0.17038928881287574,50,0
590,9,0.07885941118001938,2,1
591,10,0.05828189104795456,1,1
592,8,0.14430459092060724,3,1
593,7,0.2089555487036705,4,1
594,-23,0.17667057945886078,34,1
595,9,0.09663769975304604,2,1
596,-50,0.15240965358912945,50,0
597,-11,0.09634051471948624,2,0
598,4,0.11430251811231885,7,1
599,10,0.03479963168501854,1,1
600,9,0.05834147706627846,2,1
601,-12,0.15211181893296863,23,1
602,10,0.14569194614887238,1,1
603,-50,0.16496172551065683,50,0
604,-50,0.16248467814177275,50,0
605,-10,0.15898276244600615,21,1
606,9,0.03536871448159218,2,1
607,10,0.30249300599098206,1,1
608,-31,0.14989668432445752,42,1
609,-50,0.11688646208494902,50,0
610,3,0.16376166162081063,8,1
611,-12,0.1767661819855372,3,0
612,-50,0.16088540501892568,50,0
613,-32,0.17977911017315332,43,1
614,-10,0.14667992293834686,1,0
615,10,0.24806053936481476,1,1
616,-50,0.15181665800511837,50,0
617,-38,0.13478020076849023,49,1
618,9,0.048335012048482895,2,1
619,-5,0.11506458936491981,16,1
620,7,0.25855177640914917,4,1
621,-50,0.14123678553849459,50,0
622,-19,0.13227906140188375,30,1
623,10,0.036653339862823486,1,1
624,-11,0.19466877728700638,2,0
625,-50,0.1473086154460907,50,0
626,8,0.08493863667050998,3,1
627,3,0.2022022306919098,8,1
628,-5,0.10242569143883884,16,1
629,9,0.4198567569255829,2,1
630,7,0.09030191134661436,4,1
631,6,0.06535103097558022,5,1
632,9,0.043265463784337044,2,1
633,-59,0.11453219525516033,50,0
634,8,0.20411541312932968,3,1
635,8,0.10513246928652127,3,1
636,10,0.041771966964006424,1,1
637,9,0.18672262877225876,2,1
638,4,0.08690253325871058,7,1
639,-37,0.1443387052277103,48,1
640,7,0.056537832133471966,4,1
641,5,0.18195465207099915,6,1
642,7,0.23183338902890682,4,1
643,-50,0.15158537209033965,50,0
644,7,0.0997695829719305,4,1
645,-24,0.0875644551590085,35,1
646,-4,0.10275026895105839,15,1
647,-50,0.11695816174149513,50,0
648,-50,0.06761638972908258,50,0
649,10,0.024883955717086792,1,1
650,-48,0.07806048217492226,39,0
651,9,0.15035788714885712,2,1
652,7,0.09134389087557793,4,1
653,6,0.11069503091275693,5,1
654,-10,0.061344847083091736,1,0
655,-7,0.11239289823505613,18,1
656,-18,0.12218018190871024,29,1
657,4,0.09918077609368733,7,1
658,9,0.0779129434376955,2,1
659,10,0.07451624423265457,1,1
660,-34,0.15031800261802145,45,1
661,2,0.10385248396131727,9,1
662,9,0.08367779105901718,2,1
663,-29,0.14373966865241528,40,1
664,-1,0.06270459123576681,12,1
665,9,0.029079708270728588,2,1
666,-50,0.1333500623330474,50,0
667,7,0.17069062404334545,4,1
668,-50,0.10883149746805429,50,0
669,-12,0.24207264930009842,3,0
670,-8,0.07774056817748044,19,1
671,9,0.10985711216926575,2,1
672,10,0.06397076696157455,1,1
673,7,0.16526478435844183,4,1
674,9,0.13040010258555412,2,1
675,7,0.10970641952008009,4,1
676,9,0.05018448270857334,2,1
677,-10,0.6083865165710449,1,0
678,8,0.06177199259400368,3,1
679,-50,0.11349383097141981,50,0
680,9,0.06612811237573624,2,1
681,9,0.11003930866718292,2,1
682,7,0.1082491036504507,4,1
683,8,0.3623643144965172,3,1
684,-50,0.13170819291844965,50,0
685,10,0.02519441582262516,1,1
686,9,0.021821041591465473,2,1
687,9,0.1522352583706379,2,1
688,-50,0.16081934109330176,50,0
689,8,0.1798861399292946,3,1
690,-34,0.11512813336319394,45,1
691,7,0.048530805855989456,4,1
692,10,0.040014952421188354,1,1
693,-50,0.11786232959479094,50,0
694,10,0.5192344784736633,1,1
695,9,0.12159835547208786,2,1
696,7,0.14551857858896255,4,1
697,-13,0.06733289454132318,4,0
698,9,0.19087863340973854,2,1
699,9,0.24064099416136742,2,1
700,9,0.33602480590343475,2,1
701,-17,0.17776814987882972,8,0
702,-3,0.08877263218164444,14,1
703,-3,0.1956998338656766,14,1
704,-13,0.19074563697601357,24,1
705,-14,0.1634157970547676,5,0
706,-10,0.17421774566173553,1,0
707,-7,0.1479264156272014,18,1
708,-3,0.16726068992699897,14,1
709,10,0.19665682315826416,1,1
710,10,0.15213975310325623,1,1
711,9,0.239639014005661,2,1
712,9,0.08420471847057343,2,1
713,7,0.3595925746485591,4,1
714,9,0.1322752721607685,2,1
715,9,0.3268268033862114,2,1
716,8,0.07227612721423309,3,1
717,9,0.1940477415919304,2,1
718,4,0.20466241666248866,7,1
719,-50,0.1597911211103201,50,0
720,7,0.10387551505118608,4,1
721,-50,0.21708728682249784,50,0
722,9,0.049767063930630684,2,1
723,-50,0.1821621187031269,50,0
724,7,0.04188169678673148,4,1
725,9,0.1282081250101328,2,1
726,8,0.08115158975124359,3,1
727,9,0.045181007124483585,2,1
728,8,0.03800565376877785,3,1
729,9,0.1775638535618782,2,1
730,-19,0.07055583102628589,10,0
731,-50,0.13510999690741302,50,0
732,-6,0.1548345985219759,17,1
733,-15,0.1038597126563008,26,1
734,9,0.300769604742527,2,1
735,-50,0.1387933113053441,50,0
736,-21,0.19151465059258044,32,1
737,7,0.05622159596532583,4,1
738,-11,0.13230649009346962,2,0
739,-50,0.1318182998895645,50,0
740,-8,0.1606677747086475,19,1
741,-3,0.18899959458836488,14,1
742,0,0.12631242417476393,11,1
743,6,0.06683554761111736,5,1
744,10,0.029462097212672234,1,1
745,9,0.04249599017202854,2,1
746,-11,0.07302881591022015,2,0
747,9,0.1572704240679741,2,1
748,9,0.2676476687192917,2,1
749,-50,0.09839123791083694,50,0
750,9,0.12376708537340164,2,1
751,-50,0.14129502970725297,50,0
752,-50,0.12629584509879352,50,0
753,7,0.06713086180388927,4,1
754,-10,0.05870406702160835,1,0
755,8,0.07021396607160568,3,1
756,7,0.08199458848685026,4,1
757,-50,0.10220275100320578,50,0
758,-14,0.11188535243272782,5,0
759,6,0.13140991926193238,5,1
760,-11,0.11179846305061471,22,1
761,6,0.14947565346956254,5,1
762,-50,0.15903818363323807,50,0
763,7,0.0736357644200325,4,1
764,-17,0.10409510401742798,28,1
765,-31,0.11659042133639257,42,1
766,8,0.21985189182062945,3,1
767,8,0.07076972723007202,3,1
768,-26,0.1474643001785955,37,1
769,-50,0.16748474188148976,50,0
770,10,0.06996524333953857,1,1
771,9,0.13057426735758781,2,1
772,8,0.06943915039300919,3,1
773,-7,0.11535451509472397,18,1
774,-14,0.10408355016261339,25,1
775,-11,0.500453345477581,2,0
776,6,0.06685604080557823,5,1
777,9,0.05949414428323507,2,1
778,7,0.03683065343648195,4,1
779,5,0.07765110768377781,6,1
780,10,0.03505558520555496,1,1
781,7,0.15625127824023366,4,1
782,-10,0.009849593043327332,1,0
783,8,0.06750900174180667,3,1
784,3,0.12065165129024535,8,1
785,-50,0.09961948279291391,50,0
786,7,0.19026342779397964,4,1
787,7,0.0949040437117219,4,1
788,7,0.11742564756423235,4,1
789,-50,0.12401401240378618,50,0
790,9,0.1311594694852829,2,1
791,9,0.2726697325706482,2,1
792,-2,0.11243421784960307,13,1
793,8,0.06973310187458992,3,1
794,10,0.05503716319799423,1,1
795,10,0.06973158568143845,1,1
796,6,0.051541173830628395,5,1
797,-50,0.10031512379646301,50,0
798,10,0.25417476892471313,1,1
799,8,0.1646733283996582,3,1
800,-50,0.17092255223542452,50,0
801,-4,0.13839523370067278,15,1
802,10,0.13771788775920868,1,1
803,-50,0.1371007739007473,50,0
804,10,0.04688531532883644,1,1
805,9,0.037381887435913086,2,1
806,-50,0.1214739827811718,50,0
807,-31,0.11169612709255446,42,1
808,-50,0.0855999381095171,50,0
809,-50,0.09908161845058203,50,0
810,-50,0.08849584804847836,50,0
811,6,0.05068713091313839,5,1
812,-35,0.10426888851305613,26,0
813,9,0.10450761765241623,2,1
814,7,0.19614398665726185,4,1
815,10,0.04161425679922104,1,1
816,-8,0.1549978271911019,19,1
817,-50,0.16949911452829838,50,0
818,-50,0.09903281373903156,50,0
819,8,0.32377021573483944,3,1
820,6,0.10661448165774345,5,1
821,-29,0.1436584632843733,20,0
822,8,0.03957434371113777,3,1
823,9,0.026248888112604618,2,1
824,-50,0.08815928930416703,50,0
825,6,0.11132265776395797,5,1
826,10,0.04893870651721954,1,1
827,9,0.0632126871496439,2,1
828,10,0.34539130330085754,1,1
829,10,0.09616027027368546,1,1
830,9,0.0775103010237217,2,1
831,5,0.23224006655315557,6,1
832,-11,0.12527995463460684,22,1
833,5,0.07371254203220208,6,1
834,3,0.20819018129259348,8,1
835,10,0.07123343646526337,1,1
836,-35,0.10411054713894492,46,1
837,-21,0.11314355727517977,32,1
838,7,0.0684317615814507,4,1
839,-5,0.13787955534644425,16,1
840,-26,0.15028346329927444,37,1
841,8,0.11382460656265418,3,1
842,-10,0.16996383666992188,1,0
843,9,0.21469568461179733,2,1
844,7,0.14042851328849792,4,1
845,-12,0.07270380978782971,3,0
846,8,0.08965862294038136,3,1
847,8,0.11565725008646648,3,1
848,9,0.04820898361504078,2,1
849,6,0.12346034198999405,5,1
850,7,0.363512862008065,4,1
851,-50,0.13333202481269837,50,0
852,-22,0.1395855929989081,13,0
853,-10,0.17759031057357788,1,0
854,9,0.07992091588675976,2,1
855,8,0.4048157309492429,3,1
856,-11,0.17751068689606406,22,1
857,7,0.10375050827860832,4,1
858,5,0.053925598661104836,6,1
859,9,0.06780114769935608,2,1
860,10,0.10774052143096924,1,1
861,7,0.1513946782797575,4,1
862,8,0.15966367721557617,3,1
863,7,0.19870410487055779,4,1
864,7,0.03558584372512996,4,1
865,9,0.2559211328625679,2,1
866,4,0.1951427741774491,7,1
867,8,0.1519622653722763,3,1
868,8,0.11372411747773488,3,1
869,-50,0.16116786800324917,50,0
870,-50,0.14196236319839955,50,0
871,7,0.11278746835887432,4,1
872,10,0.04427133873105049,1,1
873,-50,0.16107736241072415,50,0
874,8,0.09779079506794612,3,1
875,8,0.20632702112197876,3,1
876,0,0.16449310393495994,11,1
877,10,0.3187820613384247,1,1
878,-13,0.15609134174883366,4,0
879,9,0.2033713534474373,2,1
880,8,0.21202112858494124,3,1
881,-3,0.23051803758633987,14,1
882,-50,0.14877489574253558,50,0
883,6,0.374641452729702,5,1
884,-18,0.1808597931060298,29,1
885,-50,0.161314752176404,50,0
886,10,0.45630231499671936,1,1
887,6,0.1861231029033661,5,1
888,9,0.13597289845347404,2,1
889,10,0.031478069722652435,1,1
890,-4,0.16912389335532982,15,1
891,9,0.28892722353339195,2,1
892,-50,0.14267842222005128,50,0
893,7,0.09792113956063986,4,1
894,8,0.11462332804997762,3,1
895,-13,0.10605468042194843,4,0
896,9,0.052117813378572464,2,1
897,4,0.11871811587895666,7,1
898,-11,0.0704905055463314,2,0
899,9,0.495599165558815,2,1
900,-34,0.16396711801903116,45,1
901,7,0.29827795270830393,4,1
902,8,0.3468790613114834,3,1
903,6,0.1364268496632576,5,1
904,9,0.11811920255422592,2,1
905,9,0.38636043667793274,2,1
906,-50,0.13648746930062772,50,0
907,5,0.15849814812342325,6,1
908,9,0.11472580954432487,2,1
909,-50,0.11332700874656439,50,0
910,-23,0.12508007045835257,34,1
911,8,0.044089484959840775,3,1
912,2,0.12726977550321156,9,1
913,7,0.10803235694766045,4,1
914,9,0.28235388919711113,2,1
915,-50,0.1310702046379447,50,0
916,-50,0.12481041731312871,50,0
917,10,0.4338395297527313,1,1
918,-50,0.12654963232576846,50,0
919,-9,0.11429300121963024,20,1
920,-35,0.11251813545823097,46,1
921,9,0.04795452952384949,2,1
922,7,0.02437486732378602,4,1
923,-50,0.1255430899746716,50,0
924,7,0.2643561325967312,4,1
925,8,0.06306076298157375,3,1
926,8,0.04167138350506624,3,1
927,7,0.17579808551818132,4,1
928,10,0.12542957067489624,1,1
929,-50,0.12892961144447326,50,0
930,10,0.0126578314229846,1,1
931,9,0.06161050498485565,2,1
932,-50,0.10186213696375489,50,0
933,7,0.12038979306817055,4,1
934,-22,0.10306432831919554,33,1
935,-50,0.09901490218937398,50,0
936,9,0.04466954432427883,2,1
937,7,0.09833007119596004,4,1
938,-11,0.132843343033032,22,1
939,6,0.11720236837863922,5,1
940,9,0.05322931241244078,2,1
941,9,0.07020224258303642,2,1
942,9,0.09119077026844025,2,1
943,8,0.038871808598438896,3,1
944,-4,0.11158856240411599,15,1
945,8,0.1852212722102801,3,1
946,8,0.15258052200078964,3,1
947,7,0.1486037401482463,4,1
948,9,0.0959661416709423,2,1
949,10,0.05756159499287605,1,1
950,10,0.05778903141617775,1,1
951,-50,0.09200756108388304,50,0
952,9,0.047974804416298866,2,1
953,9,0.10732090473175049,2,1
954,8,0.04748702421784401,3,1
955,8,0.06491973871986072,3,1
956,-50,0.08225013555958867,50,0
957,-23,0.07497539119247128,34,1
958,10,0.13312968611717224,1,1
959,10,0.16610592603683472,1,1
960,-50,0.10671545714139938,50,0
961,-12,0.07738598684469859,3,0
962,-50,0.07476809138432144,50,0
963,-12,0.11097638805707295,3,0
964,-12,0.09139057745536168,3,0
965,10,0.0783604308962822,1,1
966,9,0.1144028902053833,2,1
967,8,0.026850173870722454,3,1
968,-12,0.06919105350971222,3,0
969,-50,0.08154189702123403,50,0
970,8,0.055637031172712646,3,1
971,-12,0.08165498698751132,3,0
972,-10,0.09500584006309509,1,0
973,-10,0.22915567457675934,1,0
974,10,0.05608917400240898,1,1
975,8,0.048792287707328796,3,1
976,8,0.11085795611143112,3,1
977,-50,0.10829792322590948,50,0
978,-50,0.1363587049767375,50,0
979,-10,0.15260183811187744,1,0
980,8,0.09699886292219162,3,1
981,7,0.1694578304886818,4,1
982,9,0.046412681229412556,2,1
983,8,0.15307286381721497,3,1
984,7,0.13059892877936363,4,1
985,-50,0.10210314456373454,50,0
986,8,0.09388374164700508,3,1
987,7,0.1326482817530632,4,1
988,9,0.23293327540159225,2,1
989,10,0.018846895545721054,1,1
990,10,0.04159156605601311,1,1
991,-50,0.09439371559768915,50,0
992,8,0.08652499318122864,3,1
993,6,0.09192937426269054,5,1
994,3,0.11533227073960006,8,1
995,8,0.11560129622618358,3,1
996,9,0.0788667593151331,2,1
997,10,0.13566358387470245,1,1
998,9,0.015267802402377129,2,1
999,7,0.08476589899510145,4,1
1000,7,0.08448017202317715,4,1
1,7,0.16454745456576347,4,1
2,9,0.07016338966786861,2,1
3,-50,0.0940610053949058,50,0
4,-17,0.08886629845281797,28,1
5,-50,0.07893470820039511,50,0
6,8,0.09053521975874901,3,1
7,6,0.11752089243382216,5,1
8,6,0.09134209901094437,5,1
9,-10,0.011249285191297531,1,0
10,7,0.06054862169548869,4,1
11,10,0.08593422174453735,1,1
12,9,0.06311210244894028,2,1
13,-50,0.10300385868176817,50,0
14,-3,0.1532788308603423,14,1
15,5,0.07728949499626954,6,1
16,9,0.26799484342336655,2,1
17,6,0.20005208402872085,5,1
18,10,0.0776936262845993,1,1
19,10,0.027321161702275276,1,1
20,9,0.03984777722507715,2,1
21,9,0.03345638047903776,2,1
22,5,0.15472901922961077,6,1
23,6,0.10413214340806007,5,1
24,6,0.11347833871841431,5,1
25,8,0.13357813904682794,3,1
26,-50,0.1611359741911292,50,0
27,10,0.3272610306739807,1,1
28,9,0.13461080193519592,2,1
29,-10,0.06794407218694687,1,0
30,10,0.056893013417720795,1,1
31,-10,0.13106149435043335,1,0
32,7,0.2276996225118637,4,1
33,10,0.106417216360569,1,1
34,7,0.17702002450823784,4,1
35,-50,0.1545839223265648,50,0
36,10,0.14924177527427673,1,1
37,-31,0.09927262911911715,22,0
38,9,0.2784762792289257,2,1
39,6,0.10985509529709817,5,1
40,-10,0.04762931168079376,1,0
41,8,0.06558961669603984,3,1
42,-11,0.04556587152183056,2,0
43,4,0.07094958743878774,7,1
44,10,0.10428890585899353,1,1
45,9,0.07070892490446568,2,1
46,10,0.012160001322627068,1,1
47,-36,0.1429623686536043,27,0
48,-50,0.15818012870848178,50,0
49,7,0.16984621668234468,4,1
50,8,0.09173638746142387,3,1
51,9,0.11387329362332821,2,1
52,8,0.1754189059138298,3,1
53,8,0.06469131136933963,3,1
54,10,0.12815013527870178,1,1
55,10,0.10175178945064545,1,1
56,-50,0.22174245897680522,50,0
57,-11,0.187847301363945,2,0
58,-50,0.16821383878588678,50,0
59,-50,0.13307500034570693,50,0
60,7,0.10850321128964424,4,1
61,8,0.4275673230489095,3,1
62,5,0.1190365372846524,6,1
63,9,0.23844391107559204,2,1
64,-50,0.11325102468952536,50,0
65,-12,0.03134618140757084,3,0
66,10,0.04673184081912041,1,1
67,7,0.052744858898222446,4,1
68,8,0.07158906882007916,3,1
69,-34,0.11075873099267483,25,0
70,9,0.06576919183135033,2,1
71,10,0.20670217275619507,1,1
72,-18,0.10584282656681948,29,1
73,-6,0.10108576890300303,17,1
74,6,0.0969959817826748,5,1
75,-50,0.1711962952464819,50,0
76,-12,0.1459458420674006,3,0
77,5,0.12413152183095615,6,1
78,8,0.08875162526965141,3,1
79,8,0.0920883019765218,3,1
80,8,0.163010706504186,3,1
81,9,0.2895759027451277,2,1
82,-50,0.11008193787187338,50,0
83,7,0.1839258074760437,4,1
84,8,0.24898367623488107,3,1
85,8,0.06663728257020314,3,1
86,10,0.10085685551166534,1,1
87,-14,0.13949399963021278,25,1
88,7,0.19159690104424953,4,1
89,7,0.15546544454991817,4,1
90,10,0.042396169155836105,1,1
91,-25,0.09991643158718944,16,0
92,10,0.03437283635139465,1,1
93,6,0.16156928688287736,5,1
94,-10,0.11363125459424087,21,1
95,10,0.12940248847007751,1,1
96,9,0.04034062381833792,2,1
97,10,0.18200866878032684,1,1
98,9,0.1112850233912468,2,1
99,7,0.09221986262127757,4,1
100,-15,0.14771879127678963,26,1
101,10,0.11620967090129852,1,1
102,10,0.371845006942749,1,1
103,10,0.12111853063106537,1,1
104,5,0.13715510194500288,6,1
105,9,0.08384414948523045,2,1
106,7,0.13085187692195177,4,1
107,-25,0.13935114676132798,36,1
108,-10,0.13499298691749573,1,0
109,8,0.13252051298817,3,1
110,-50,0.19311140917241573,50,0
111,10,0.05813607946038246,1,1
112,10,0.07476650923490524,1,1
113,-50,0.169059792496264,50,0
114,-50,0.14004565544426442,50,0
115,9,0.06718969158828259,2,1
116,-16,0.11557124286062187,27,1
117,-18,0.15745194090737236,9,0
118,9,0.21131158247590065,2,1
119,7,0.2779110446572304,4,1
120,9,0.07538086548447609,2,1
121,10,0.043451063334941864,1,1
122,8,0.10165681689977646,3,1
123,9,0.11472328752279282,2,1
124,9,0.24851736426353455,2,1
125,-10,0.04607563093304634,1,0
126,9,0.2820313945412636,2,1
127,-11,0.07507115229964256,2,0
128,10,0.18019641935825348,1,1
129,9,0.1437581330537796,2,1
130,-6,0.1411703029537902,17,1
131,10,0.25086456537246704,1,1
132,10,0.06575202941894531,1,1
133,10,0.16351522505283356,1,1
134,9,0.27660008519887924,2,1
135,-10,0.10692942887544632,1,0
136,-22,0.13605731330586202,33,1
137,10,0.21664957702159882,1,1
138,9,0.05444187670946121,2,1
139,6,0.1001669630408287,5,1
140,5,0.08505150924126308,6,1
141,10,0.22000083327293396,1,1
142,9,0.24079541116952896,2,1
143,-50,0.21375379573553802,50,0
144,10,0.20568549633026123,1,1
145,-20,0.18596302081019647,31,1
146,9,0.43313294649124146,2,1
147,8,0.061860556403795876,3,1
148,-10,0.031777460128068924,1,0
149,7,0.2318495875224471,4,1
150,-11,0.3908855472691357,2,0
151,9,0.12703408114612103,2,1
152,8,0.06974813342094421,3,1
153,-50,0.1726691300421953,50,0
154,10,0.23266839981079102,1,1
155,-13,0.1359590794891119,4,0
156,6,0.1738977774977684,5,1
157,9,0.10631173849105835,2,1
158,10,0.10889295488595963,1,1
159,10,0.12257225066423416,1,1
160,-2,0.19025495361823302,13,1
161,-50,0.19487480357289313,50,0
162,7,0.12814601138234138,4,1
163,-4,0.1632425807416439,15,1
164,-10,0.030737468972802162,1,0
165,9,0.1719520092010498,2,1
166,9,0.09523584134876728,2,1
167,6,0.16303573697805404,5,1
168,10,0.1782170981168747,1,1
169,8,0.12274845192829768,3,1
170,6,0.12554679736495017,5,1
171,9,0.07649483904242516,2,1
172,9,0.049661705270409584,2,1
173,9,0.0708494633436203,2,1
174,9,0.15707117319107056,2,1
175,-50,0.19443476356565953,50,0
176,10,0.03042730875313282,1,1
177,9,0.15253161825239658,2,1
178,7,0.10918179340660572,4,1
179,10,0.15976183116436005,1,1
180,-11,0.09087198786437511,2,0
181,5,0.12497871803740661,6,1
182,10,0.10147440433502197,1,1
183,6,0.19952276051044465,5,1
184,10,0.04747314006090164,1,1
185,7,0.23120538517832756,4,1
186,-50,0.15397766891866924,50,0
187,9,0.12495817989110947,2,1
188,8,0.21154513210058212,3,1
189,-25,0.13009408033556408,36,1
190,-50,0.17442010030150412,50,0
191,7,0.29255217127501965,4,1
192,9,0.09122676402330399,2,1
193,9,0.05725361593067646,2,1
194,9,0.23493606224656105,2,1
195,-11,0.21407794579863548,2,0
196,8,0.05023624002933502,3,1
197,9,0.04827834106981754,2,1
198,9,0.04261215776205063,2,1
199,-10,0.12376579642295837,1,0
200,7,0.0913166617974639,4,1
201,9,0.035548290237784386,2,1
202,-10,0.05338151752948761,1,0
203,6,0.3122837483882904,5,1
204,9,0.15137184783816338,2,1
205,9,0.10163884796202183,2,1
206,7,0.13903873367235065,4,1
207,9,0.031621721573174,2,1
208,9,0.13550768978893757,2,1
209,-50,0.19468573078513146,50,0
210,9,0.2773943245410919,2,1
211,-13,0.24523751018568873,24,1
212,8,0.20928814013799033,3,1
213,10,0.04771539196372032,1,1
214,10,0.10617147386074066,1,1
215,10,0.4807450473308563,1,1
216,8,0.24079311390717825,3,1
217,10,0.04591831564903259,1,1
218,7,0.06379999965429306,4,1
219,7,0.05353206675499678,4,1
220,-10,0.20806649327278137,1,0
221,10,0.11933223903179169,1,1
222,6,0.2017092823982239,5,1
223,-2,0.17142306325527337,13,1
224,9,0.17322473973035812,2,1
225,10,0.17200623452663422,1,1
226,8,0.2708789184689522,3,1
227,10,0.13814720511436462,1,1
228,9,0.22976435720920563,2,1
229,6,0.11835841685533524,5,1
230,7,0.2170357182621956,4,1
231,9,0.19054273515939713,2,1
232,-19,0.18133189442257086,30,1
233,-25,0.16295164895968306,36,1
234,8,0.1746023694674174,3,1
235,-50,0.15555003818124533,50,0
236,9,0.19791126251220703,2,1
237,10,0.10084789991378784,1,1
238,9,0.3488137684762478,2,1
239,-6,0.14015153795480728,17,1
240,-10,0.14310137927532196,1,0
241,6,0.23001206442713737,5,1
242,8,0.30919304490089417,3,1
243,-41,0.1852430390426889,32,0
244,-50,0.15835618119686842,50,0
245,9,0.15645983815193176,2,1
246,8,0.05905067672332128,3,1
247,9,0.16410014033317566,2,1
248,9,0.12342294305562973,2,1
249,8,0.2985170955459277,3,1
250,-2,0.18306526341117346,13,1
251,-50,0.11945322811603547,50,0
252,-16,0.1811708616161788,27,1
253,10,0.11035475134849548,1,1
254,5,0.18134908750653267,6,1
255,9,0.21667860448360443,2,1
256,9,0.1582292541861534,2,1
257,-50,0.14987366549670697,50,0
258,10,0.07397766411304474,1,1
259,-46,0.0970888946306061,37,0
260,8,0.13224098086357117,3,1
261,-11,0.11793205175887454,22,1
262,10,0.47452306747436523,1,1
263,7,0.14387448877096176,4,1
264,10,0.05037374421954155,1,1
265,-50,0.17882359594106675,50,0
266,8,0.06900786732633908,3,1
267,-50,0.14948060974478722,50,0
268,10,0.19431260228157043,1,1
269,9,0.0826723463833332,2,1
270,9,0.09008121304214001,2,1
271,-50,0.15180203709751366,50,0
272,6,0.18412662968039512,5,1
273,0,0.23947619714520194,11,1
274,-13,0.22206717915832996,4,0
275,10,0.24784502387046814,1,1
276,9,0.3723926544189453,2,1
277,7,0.10374198015779257,4,1
278,-5,0.13362196274101734,16,1
279,4,0.13043647153036936,7,1
280,-50,0.12956967517733575,50,0
281,8,0.07717891782522202,3,1
282,8,0.062480984876553215,3,1
283,8,0.10425055958330631,3,1
284,8,0.030778924003243446,3,1
285,-15,0.09457423452001351,26,1
286,7,0.06739978864789009,4,1
287,7,0.03367029456421733,4,1
288,-23,0.13651827203908137,14,0
289,6,0.11820571199059486,5,1
290,-50,0.1191699331253767,50,0
291,-13,0.06526390556246042,4,0
292,7,0.07371254824101925,4,1
293,-50,0.09092379232868553,50,0
294,7,0.14560527354478836,4,1
295,8,0.07205313444137573,3,1
296,8,0.05402547245224317,3,1
297,7,0.06873227562755346,4,1
298,8,0.08765491594870885,3,1
299,9,0.13354872912168503,2,1
300,10,0.02127590961754322,1,1
301,-50,0.12565246548503636,50,0
302,9,0.02466946141794324,2,1
303,8,0.09809229026238124,3,1
304,-7,0.12244013412338164,18,1
305,10,0.11085635423660278,1,1
306,-23,0.13615373193341143,34,1
307,9,0.1216109599918127,2,1
308,10,0.1265820562839508,1,1
309,4,0.11674014638577189,7,1
310,-26,0.12497629401450222,37,1
311,-19,0.1080219054594636,30,1
312,-10,0.11225566267967224,1,0
313,8,0.06806191305319469,3,1
314,9,0.035551642999053,2,1
315,10,0.11856179684400558,1,1
316,9,0.18483909219503403,2,1
317,2,0.12018184529410468,9,1
318,-5,0.11919398442842066,16,1
319,-11,0.16622330993413925,2,0
320,-40,0.08825571041914725,31,0
321,-1,0.1601796168833971,12,1
322,7,0.11038146913051605,4,1
323,8,0.07716913769642512,3,1
324,9,0.07970563136041164,2,1
325,-50,0.1498029026389122,50,0
326,-10,0.12506489845968427,21,1
327,8,0.23061193029085794,3,1
328,5,0.08914931553105514,6,1
329,9,0.21553457155823708,2,1
330,10,0.14236481487751007,1,1
331,9,0.07538423500955105,2,1
332,-50,0.13528436034917832,50,0
333,10,0.057553235441446304,1,1
334,-10,0.03847353905439377,1,0
335,10,0.1339086890220642,1,1
336,10,0.05884883925318718,1,1
337,-50,0.1808255365677178,50,0
338,7,0.1422323640435934,4,1
339,7,0.10038220044225454,4,1
340,8,0.0963849847515424,3,1
341,7,0.07803770061582327,4,1
342,9,0.052607666701078415,2,1
343,9,0.06805827468633652,2,1
344,9,0.07422742992639542,2,1
345,0,0.07958706536076286,11,1
346,10,0.02348046563565731,1,1
347,-12,0.09716999773745952,23,1
348,6,0.08696194589138032,5,1
349,8,0.22751934950550398,3,1
350,3,0.09873600583523512,8,1
351,8,0.11533474301298459,3,1
352,-16,0.12920174623529115,27,1
353,-50,0.15767602402716874,50,0
354,10,0.10989584028720856,1,1
355,-33,0.12765892573886298,44,1
356,10,0.048639167100191116,1,1
357,5,0.24817121401429176,6,1
358,10,0.22283212840557098,1,1
359,10,0.10904332250356674,1,1
360,-10,0.6792943477630615,1,0
361,10,0.07342380285263062,1,1
362,-50,0.1396433452144265,50,0
363,-50,0.134900634419173,50,0
364,9,0.16283990070223808,2,1
365,8,0.15783739338318506,3,1
366,6,0.06718832179903984,5,1
367,10,0.22120670974254608,1,1
368,-11,0.024534350261092186,2,0
369,-50,0.15046250155195595,50,0
370,9,0.17934830486774445,2,1
371,-27,0.1634724972965686,38,1
372,9,0.37389446794986725,2,1
373,5,0.2606155301133792,6,1
374,9,0.1443173661828041,2,1
375,-30,0.1793296897695178,21,0
376,8,0.11174098153909047,3,1
377,-10,0.06027192622423172,1,0
378,-50,0.1331977890431881,50,0
379,-10,0.04784954711794853,1,0
380,8,0.16887134313583374,3,1
381,10,0.0704575926065445,1,1
382,-50,0.1088270653411746,50,0
383,10,0.14463716745376587,1,1
384,8,0.2141677439212799,3,1
385,10,0.24714395403862,1,1
386,-10,0.10776662081480026,1,0
387,-50,0.1338751783094755,41,0
388,7,0.09260727744549513,4,1
389,9,0.24451858550310135,2,1
390,10,0.6001025438308716,1,1
391,-10,0.09854993224143982,1,0
392,-50,0.17674668479710817,50,0
393,-14,0.3282256931066513,5,0
394,-6,0.22550315409898758,17,1
395,-15,0.21156615068992743,26,1
396,9,0.20543451234698296,2,1
397,10,0.24876967072486877,1,1
398,-13,0.11064444854855537,4,0
399,-10,0.12794383544297444,21,1
400,7,0.1757800905033946,4,1
401,8,0.0230787501980861,3,1
402,9,0.28121019154787064,2,1
403,8,0.09450585519274075,3,1
404,9,0.08866852149367332,2,1
405,-50,0.21944446086883546,50,0
406,-57,0.17973225633613765,48,0
407,-50,0.1698515454120934,50,0
408,7,0.16647536028176546,4,1
409,9,0.1352113112807274,2,1
410,9,0.11988806538283825,2,1
411,10,0.07951375097036362,1,1
412,-50,0.16050613371655345,50,0
413,8,0.2826944688955943,3,1
414,9,0.19207016378641129,2,1
415,-10,0.0676485225558281,1,0
416,6,0.12239637784659863,5,1
417,-40,0.14373352132256953,31,0
418,7,0.037756156641989946,4,1
419,9,0.09430114179849625,2,1
420,7,0.2516267872415483,4,1
421,-16,0.21348391921707877,27,1
422,-12,0.09135350833336513,3,0
423,9,0.199824046343565,2,1
424,9,0.35863348841667175,2,1
425,-10,0.03920646011829376,1,0
426,6,0.16077805906534196,5,1
427,-50,0.19451981004327534,50,0
428,9,0.11791472788900137,2,1
429,9,0.02597103640437126,2,1
430,-10,0.1417388617992401,1,0
431,9,0.0674093198031187,2,1
432,-39,0.15548972866187494,30,0
433,-7,0.20762082892987463,18,1
434,-37,0.22072000824846327,48,1
435,8,0.1278122253715992,3,1
436,8,0.06983487804730733,3,1
437,9,0.25831665843725204,2,1
438,9,0.0736067071557045,2,1
439,-3,0.18481721303292684,14,1
440,-14,0.2281435763835907,25,1
441,-50,0.25804328963160517,50,0
442,4,0.1471098033445222,7,1
443,6,0.2691318988800049,5,1
444,10,0.15184806287288666,1,1
445,7,0.2526071984320879,4,1
446,8,0.10508317003647487,3,1
447,8,0.09118555734554927,3,1
448,10,0.5549968481063843,1,1
449,8,0.24379034837086996,3,1
450,9,0.27269062399864197,2,1
451,8,0.16278823713461557,3,1
452,9,0.44622404873371124,2,1
453,7,0.30921278335154057,4,1
454,10,0.39698341488838196,1,1
455,8,0.16703573738535246,3,1
456,7,0.26343575399369,4,1
457,-6,0.23704483798321554,17,1
458,10,0.3656340539455414,1,1
459,10,0.1313418447971344,1,1
460,8,0.11261545121669769,3,1
461,-34,0.19395589919553863,45,1
462,-10,0.2313138246536255,1,0
463,-10,0.0552000030875206,1,0
464,8,0.1323058878382047,3,1
465,-50,0.16881129115819932,50,0
466,-50,0.14493124190717935,50,0
467,6,0.11701607853174209,5,1
468,-37,0.16538158540303508,48,1
469,7,0.14619743637740612,4,1
470,-50,0.13936566192656755,50,0
471,8,0.14439944426218668,3,1
472,8,0.13936512048045793,3,1
473,10,0.2604888677597046,1,1
474,-13,0.1772880032658577,4,0
475,6,0.13976813927292825,5,1
476,8,0.12443138162295024,3,1
477,9,0.16936784889549017,2,1
478,3,0.1727492669597268,8,1
479,8,0.2242750326792399,3,1
480,-18,0.1331099561519093,9,0
481,10,0.26965925097465515,1,1
482,9,0.13221625983715057,2,1
483,5,0.1346685104072094,6,1
484,-21,0.19659636511156955,12,0
485,7,0.10051933419890702,4,1
486,-10,0.04360031336545944,1,0
487,10,0.021859178319573402,1,1
488,-10,0.14722748056408905,21,1
489,-11,0.2601091265678406,2,0
490,9,0.1332676187157631,2,1
491,9,0.08703713864088058,2,1
492,-10,0.18669252141955353,21,1
493,8,0.12516065190235773,3,1
494,9,0.1893993318080902,2,1
495,10,0.1588769555091858,1,1
496,9,0.1099708192050457,2,1
497,0,0.1509381024674936,11,1
498,9,0.08713161945343018,2,1
499,6,0.1876537799835205,5,1
500,-3,0.18909476338220493,14,1
501,9,0.1291545107960701,2,1
502,8,0.20618619521458945,3,1
503,-2,0.14812844762435326,13,1
504,-10,0.054502930492162704,1,0
505,2,0.2516690997613801,9,1
506,-21,0.14324760561188063,12,0
507,9,0.13824089244008064,2,1
508,10,0.04317131265997887,1,1
509,7,0.30617326498031616,4,1
510,10,0.04183162748813629,1,1
511,-23,0.1727431227586099,14,0
512,9,0.19398520328104496,2,1
513,8,0.06152321149905523,3,1
514,9,0.06559215858578682,2,1
515,9,0.21231523901224136,2,1
516,8,0.09263421470920245,3,1
517,-50,0.1782911166548729,50,0
518,9,0.1292809657752514,2,1
519,-50,0.16112363371998073,50,0
520,5,0.11251516516009967,6,1
521,9,0.1965603120625019,2,1
522,-29,0.13792868899181485,40,1
523,6,0.16332619041204452,5,1
524,9,0.1745120771229267,2,1
525,10,0.09229649603366852,1,1
526,10,0.12263023853302002,1,1
527,10,0.15059442818164825,1,1
528,-50,0.17371726099401713,50,0
529,10,0.1850927770137787,1,1
530,8,0.1400661108394464,3,1
531,9,0.1899813860654831,2,1
532,-50,0.15177563197910784,50,0
533,-50,0.15073062893003225,50,0
534,-11,0.12244051694869995,2,0
535,9,0.08341803401708603,2,1
536,-50,0.1184265210106969,50,0
537,-6,0.14620061821359046,17,1
538,10,0.037824150174856186,1,1
539,10,0.23880690336227417,1,1
540,-1,0.14434710082908472,12,1
541,-50,0.12097537513822317,50,0
542,8,0.23372134317954382,3,1
543,7,0.12082566134631634,4,1
544,-11,0.19693951308727264,2,0
545,10,0.17557016015052795,1,1
546,-18,0.1211093664811603,29,1
547,9,0.14540771581232548,2,1
548,10,0.03919411450624466,1,1
549,9,0.03958890773355961,2,1
550,-12,0.21328476692239443,3,0
551,9,0.18240273743867874,2,1
552,7,0.2753276973962784,4,1
553,10,0.09141593426465988,1,1
554,-17,0.14496829786470958,28,1
555,-10,0.09860822558403015,1,0
556,9,0.06794584356248379,2,1
557,10,0.05743852257728577,1,1
558,10,0.08837804943323135,1,1
559,-50,0.14619592644274235,50,0
560,8,0.08677964160839717,3,1
561,10,0.07263736426830292,1,1
562,9,0.283660177141428,2,1
563,10,0.06519999355077744,1,1
564,10,0.034581903368234634,1,1
565,9,0.03466939181089401,2,1
566,7,0.1506427964195609,4,1
567,-50,0.1363749299198389,50,0
568,-13,0.17901771313821277,24,1
569,-33,0.14992339418015696,44,1
570,-50,0.17600789360702038,50,0
571,9,0.09423567727208138,2,1
572,-50,0.12510424464941025,50,0
573,8,0.08330827703078587,3,1
574,-50,0.14173195600509644,50,0
575,-24,0.10463299925128619,15,0
576,9,0.21054926700890064,2,1
577,-3,0.11631527676114015,14,1
578,10,0.04992033541202545,1,1
579,10,0.08858861774206161,1,1
580,-50,0.10675684064626693,50,0
581,6,0.1509395182132721,5,1
582,-50,0.1124318704009056,50,0
583,9,0.0560978539288044,2,1
584,10,0.13992872834205627,1,1
585,10,0.034421730786561966,1,1
586,7,0.26736083440482616,4,1
587,-50,0.13904508702456952,50,0
588,-22,0.14081280599489357,33,1
589,9,0.0913926251232624,2,1
590,10,0.0547485277056694,1,1
591,-7,0.1683416198939085,18,1
592,9,0.06602463498711586,2,1
593,7,0.1520933983847499,4,1
594,4,0.06145913207105228,7,1
595,8,0.054107428838809334,3,1
596,-20,0.151076955300185,31,1
597,-50,0.13281306222081185,50,0
598,6,0.09320160150527954,5,1
599,-10,0.3121066689491272,1,0
600,10,0.061973825097084045,1,1
601,10,0.43000781536102295,1,1
602,-50,0.1397597302123904,50,0
603,7,0.1278549488633871,4,1
604,9,0.09085212647914886,2,1
605,8,0.09053101763129234,3,1
606,-10,0.019511302933096886,1,0
607,-10,0.16883021593093872,1,0
608,-2,0.11267801746726036,13,1
609,-13,0.1342854485847056,24,1
610,-29,0.10846911715343595,40,1
611,6,0.10675316229462624,5,1
612,8,0.1956053568671147,3,1
613,6,0.04380079358816147,5,1
614,8,0.07057616052528222,3,1
615,8,0.12799579401810965,3,1
616,-50,0.10824685260653495,50,0
617,9,0.1033004429191351,2,1
618,7,0.10127317253500223,4,1
619,-56,0.10465588614820166,47,0
620,9,0.03823992982506752,2,1
621,-4,0.10693590293327968,15,1
622,8,0.10393513987461726,3,1
623,8,0.13103745194772878,3,1
624,9,0.1627657413482666,2,1
625,-50,0.1619108533114195,50,0
626,10,0.034049272537231445,1,1
627,-31,0.18136076340895324,42,1
628,-7,0.15020224007053506,18,1
629,-12,0.05179360384742419,3,0
630,7,0.242721825838089,4,1
631,9,0.16441850364208221,2,1
632,10,0.0508822537958622,1,1
633,7,0.08416541013866663,4,1
634,10,0.18719366192817688,1,1
635,9,0.060777099803090096,2,1
636,-15,0.15462618944450066,26,1
637,9,0.06564829871058464,2,1
638,2,0.18882245363460648,9,1
639,6,0.04788390025496483,5,1
640,5,0.09729825829466184,6,1
641,-31,0.09762254720997243,42,1
642,-50,0.08320093739777804,50,0
643,9,0.05129910260438919,2,1
644,-20,0.0939825355045257,31,1
645,-50,0.09645966105163098,50,0
646,8,0.0943081167836984,3,1
647,10,0.08987706154584885,1,1
648,8,0.04050646970669428,3,1
649,9,0.1311311163008213,2,1
650,7,0.06670440919697285,4,1
651,-9,0.041872626589611175,20,1
652,10,0.08197778463363647,1,1
653,-50,0.09137529198080302,50,0
654,9,0.10421859100461006,2,1
655,8,0.15948161234458288,3,1
656,-1,0.1930392635986209,12,1
657,10,0.11999596655368805,1,1
658,7,0.07026205863803625,4,1
659,-20,0.18210993012921375,11,0
660,9,0.02990660909563303,2,1
661,10,0.05420390143990517,1,1
662,7,0.07597687467932701,4,1
663,10,0.051653750240802765,1,1
664,9,0.1315387301146984,2,1
665,-50,0.10739865310490132,50,0
666,10,0.038658998906612396,1,1
667,-13,0.1302383701937894,24,1
668,10,0.047071423381567,1,1
669,8,0.19971169034639993,3,1
670,7,0.038810779340565205,4,1
671,9,0.20040375739336014,2,1
672,10,0.04829461872577667,1,1
673,10,0.09295742213726044,1,1
674,-12,0.042071947207053505,3,0
675,-17,0.13419564966378467,28,1
676,-50,0.12167933963239193,50,0
677,10,0.06284161657094955,1,1
678,10,0.3435811698436737,1,1
679,9,0.12812844291329384,2,1
680,-50,0.11404411014169455,50,0
681,9,0.22815363109111786,2,1
682,9,0.13503184169530869,2,1
683,9,0.28128116205334663,2,1
684,9,0.0977034755051136,2,1
685,-10,0.17713044583797455,1,0
686,10,0.09967918694019318,1,1
687,9,0.09722134470939636,2,1
688,6,0.10638554692268372,5,1
689,7,0.2484912471845746,4,1
690,9,0.08360734209418297,2,1
691,-6,0.11623025685548782,17,1
692,10,0.22247080504894257,1,1
693,-50,0.10338259372860194,50,0
694,5,0.07653025661905606,6,1
695,8,0.04850278360148271,3,1
696,9,0.056072572246193886,2,1
697,9,0.04634449165314436,2,1
698,1,0.05537301916629076,10,1
699,-8,0.07110925945208262,19,1
700,-17,0.11582776185657297,28,1
701,-50,0.12176788076758385,50,0
702,9,0.05188672710210085,2,1
703,9,0.05182452127337456,2,1
704,8,0.18730909128983816,3,1
705,8,0.06295713782310486,3,1
706,8,0.16443808873494467,3,1
707,-11,0.14716127193109554,22,1
708,9,0.12299738079309464,2,1
709,10,0.09197449684143066,1,1
710,-3,0.09012630728206464,14,1
711,6,0.06924717463552951,5,1
712,-32,0.1109022898816092,43,1
713,10,0.2858715057373047,1,1
714,9,0.025307555682957172,2,1
715,3,0.08186796493828297,8,1
716,9,0.1007177010178566,2,1
717,10,0.2324308305978775,1,1
718,9,0.02300717495381832,2,1
719,7,0.15244664810597897,4,1
720,-50,0.12036012940108776,50,0
721,9,0.2517818659543991,2,1
722,4,0.1797101055937154,7,1
723,-10,0.10640224069356918,1,0
724,8,0.13610434780518213,3,1
725,10,0.09402739256620407,1,1
726,7,0.07350523490458727,4,1
727,8,0.1811996946732203,3,1
728,10,0.05130257457494736,1,1
729,8,0.09166155631343524,3,1
730,-50,0.08936680633574724,50,0
731,8,0.12996634592612585,3,1
732,8,0.12363216653466225,3,1
733,5,0.06916237405190866,6,1
734,10,0.0926559716463089,1,1
735,9,0.05652590002864599,2,1
736,-8,0.10636791552564032,19,1
737,10,0.10687486082315445,1,1
738,-11,0.2223132625222206,2,0
739,6,0.08165155947208405,5,1
740,8,0.10976322926580906,3,1
741,10,0.08201012015342712,1,1
742,6,0.13291098028421403,5,1
743,-13,0.07210391767633458,24,1
744,10,0.2842182517051697,1,1
745,8,0.16143718113501868,3,1
746,8,0.07504309092958768,3,1
747,-17,0.09814996079408697,28,1
748,10,0.06562629342079163,1,1
749,-50,0.09844517499208451,50,0
750,9,0.03004503156989813,2,1
751,10,0.08528502285480499,1,1
752,10,0.13143253326416016,1,1
753,-45,0.09106394819294412,36,0
754,2,0.06262438413169649,9,1
755,-10,0.07409347593784332,1,0
756,-11,0.08117306604981422,2,0
757,-10,0.10912434756755829,1,0
758,9,0.12776209972798824,2,1
759,6,0.052837034687399864,5,1
760,-50,0.08696759337559343,50,0
761,8,0.06567658173541228,3,1
762,2,0.12803183030337095,9,1
763,-4,0.11763628820578258,15,1
764,9,0.24896297603845596,2,1
765,-39,0.13219484772533177,50,1
766,7,0.21637151017785072,4,1
767,10,0.1171392872929573,1,1
768,9,0.28778912499547005,2,1
769,-50,0.10961501689627767,50,0
770,10,0.07105233520269394,1,1
771,-11,0.040695895440876484,2,0
772,10,0.03516882285475731,1,1
773,7,0.08233514800667763,4,1
774,10,0.10049095004796982,1,1
775,7,0.18271203059703112,4,1
776,10,0.08910603076219559,1,1
777,5,0.09862265239159267,6,1
778,7,0.08065496478229761,4,1
779,9,0.09005148336291313,2,1
780,8,0.21312828982869783,3,1
781,6,0.193946286290884,5,1
782,10,0.025591731071472168,1,1
783,8,0.057364863653977714,3,1
784,9,0.09265338070690632,2,1
785,10,0.0420050211250782,1,1
786,9,0.10122984275221825,2,1
787,9,0.08392821252346039,2,1
788,7,0.05941104842349887,4,1
789,-3,0.10968631173350982,14,1
790,10,0.1681051254272461,1,1
791,9,0.055873324163258076,2,1
792,7,0.17422290425747633,4,1
793,7,0.11308008059859276,4,1
794,-50,0.1055764688923955,50,0
795,-33,0.098612573124807,44,1
796,6,0.10004859268665314,5,1
797,9,0.04616624489426613,2,1
798,9,0.11362165212631226,2,1
799,-50,0.11110075064003468,50,0
800,0,0.08380247110670264,11,1
801,-50,0.09628996193408966,50,0
802,-15,0.09594642485563572,26,1
803,-10,0.017834391444921494,1,0
804,9,0.0820854976773262,2,1
805,-50,0.10261059887707233,50,0
806,7,0.14314596820622683,4,1
807,9,0.39096978306770325,2,1
808,7,0.09612802369520068,4,1
809,8,0.04983441469570001,3,1
810,9,0.057282538153231144,2,1
811,-39,0.10428868001326919,50,1
812,9,0.10475924983620644,2,1
813,7,0.059309705160558224,4,1
814,10,0.09462283551692963,1,1
815,9,0.11888163164258003,2,1
816,-50,0.07683346977457405,50,0
817,8,0.0626124410579602,3,1
818,10,0.03311104327440262,1,1
819,8,0.03625920911629995,3,1
820,-24,0.044120079030593236,15,0
821,9,0.028126616962254047,2,1
822,6,0.11943381801247596,5,1
823,10,0.006718549877405167,1,1
824,9,0.034636685624718666,2,1
825,7,0.06421608151867986,4,1
826,10,0.08648837357759476,1,1
827,10,0.12178516387939453,1,1
828,10,0.06360930949449539,1,1
829,-45,0.05302456395131432,36,0
830,8,0.05181971068183581,3,1
831,-41,0.07237827888457105,32,0
832,9,0.03349500149488449,2,1
833,9,0.2475522793829441,2,1
834,-13,0.0419196248985827,4,0
835,8,0.03747993210951487,3,1
836,-8,0.0927677632946717,19,1
837,-50,0.08302432413212955,50,0
838,-34,0.09810812769250737,45,1
839,9,0.10241635516285896,2,1
840,8,0.07963900826871395,3,1
841,-37,0.10055398754775524,28,0
842,7,0.1636908412910998,4,1
843,3,0.13154587906319648,8,1
844,9,0.21958814188838005,2,1
845,10,0.05813560262322426,1,1
846,9,0.26194771751761436,2,1
847,8,0.3031057380139828,3,1
848,8,0.07147413678467274,3,1
849,3,0.1386554786004126,8,1
850,8,0.20962614938616753,3,1
851,-10,0.05835072323679924,1,0
852,9,0.018128023482859135,2,1
853,10,0.007790866307914257,1,1
854,10,0.07201086729764938,1,1
855,-10,0.09630918469546097,21,1
856,10,0.2700607478618622,1,1
857,8,0.13471645613511404,3,1
858,2,0.2228859563668569,9,1
859,-50,0.11587408745661378,50,0
860,7,0.06803896091878414,4,1
861,-12,0.10925423478086789,3,0
862,10,0.06703086197376251,1,1
863,7,0.0914199436083436,4,1
864,9,0.0913756676018238,2,1
865,6,0.10304018147289754,5,1
866,7,0.04033114714547992,4,1
867,5,0.13057308085262775,6,1
868,10,0.4114086329936981,1,1
869,8,0.12818835427363715,3,1
870,10,0.04623164236545563,1,1
871,-11,0.11197105795145035,2,0
872,7,0.2174300877377391,4,1
873,10,0.08442919701337814,1,1
874,-50,0.13635151915252208,50,0
875,6,0.1199072889983654,5,1
876,-50,0.13749768298119305,50,0
877,-11,0.10558030695061792,22,1
878,10,0.3201656937599182,1,1
879,8,0.05392693355679512,3,1
880,10,0.028369594365358353,1,1
881,8,0.11560276026527087,3,1
882,-7,0.12004095584981972,18,1
883,7,0.05483794305473566,4,1
884,10,0.15166208148002625,1,1
885,6,0.10277012325823306,5,1
886,-47,0.12802113283817707,38,0
887,-14,0.15159964486956595,5,0
888,10,0.0664280354976654,1,1
889,7,0.07381645124405622,4,1
890,-5,0.1012550649465993,16,1
891,-10,0.061369456350803375,1,0
892,10,0.09218486398458481,1,1
893,-11,0.08996204659342766,2,0
894,6,0.1666811041533947,5,1
895,-50,0.14065358974039555,50,0
896,9,0.026561375707387924,2,1
897,7,0.030525806359946728,4,1
898,10,0.05558107793331146,1,1
899,10,0.01890965923666954,1,1
900,7,0.17750150943174958,4,1
901,-30,0.10159709366659324,21,0
902,-16,0.13230198980481536,27,1
903,10,0.269328236579895,1,1
904,9,0.31479453295469284,2,1
905,-23,0.13420421235701618,34,1
906,10,0.05973765254020691,1,1
907,8,0.10930593373874824,3,1
908,-23,0.12016833217485863,34,1
909,6,0.06411891765892505,5,1
910,9,0.07999016530811787,2,1
911,8,0.11104497561852138,3,1
912,10,0.12890739738941193,1,1
913,6,0.10804435387253761,5,1
914,-22,0.1184281030526528,13,0
915,7,0.14535456709563732,4,1
916,10,0.12441904842853546,1,1
917,9,0.11075777187943459,2,1
918,-10,0.0818735733628273,1,0
919,8,0.11736177653074265,3,1
920,9,0.22116431593894958,2,1
921,10,0.07900164276361465,1,1
922,9,0.08053333684802055,2,1
923,-11,0.24479661136865616,2,0
924,8,0.09015356625119846,3,1
925,9,0.107064139097929,2,1
926,10,0.06532162427902222,1,1
927,-50,0.16544029034674168,50,0
928,-50,0.17350787486881017,50,0
929,-46,0.12665224457914764,37,0
930,6,0.154406401515007,5,1
931,-20,0.1371336656232034,31,1
932,7,0.11612904816865921,4,1
933,9,0.14012520760297775,2,1
934,8,0.21772290766239166,3,1
935,6,0.13741699904203414,5,1
936,9,0.23135723173618317,2,1
937,8,0.1600376988450686,3,1
938,10,0.13197356462478638,1,1
939,7,0.15132375620305538,4,1
940,10,0.34545090794563293,1,1
941,-4,0.17794966797033945,15,1
942,8,0.23251052449146906,3,1
943,-50,0.14555286169052123,50,0
944,9,0.1594350002706051,2,1
945,7,0.07646909356117249,4,1
946,8,0.3488811602195104,3,1
947,9,0.34651925787329674,2,1
948,9,0.09693979099392891,2,1
949,10,0.14314697682857513,1,1
950,5,0.09812415329118569,6,1
951,10,0.18772104382514954,1,1
952,-25,0.12029375229030848,16,0
953,10,0.0523236021399498,1,1
954,10,0.08559013158082962,1,1
955,8,0.06515839820106824,3,1
956,8,0.09328701347112656,3,1
957,10,0.2209252566099167,1,1
958,-34,0.11686077386968666,45,1
959,10,0.42179396748542786,1,1
960,-28,0.1266100941082606,39,1
961,9,0.09807125106453896,2,1
962,10,0.11926866322755814,1,1
963,7,0.08905777521431446,4,1
964,-11,0.07352100871503353,2,0
965,8,0.10914163663983345,3,1
966,9,0.02600114233791828,2,1
967,9,0.17324063926935196,2,1
968,6,0.05861856341362,5,1
969,10,0.1475377380847931,1,1
970,10,0.4359408915042877,1,1
971,-13,0.04135851189494133,4,0
972,8,0.2545995482554038,3,1
973,5,0.07884362526237965,6,1
974,8,0.341875276217858,3,1
975,10,0.0229510348290205,1,1
976,5,0.08396435187508662,6,1
977,-8,0.1417748852583923,19,1
978,9,0.08152774348855019,2,1
979,9,0.12598049454391003,2,1
980,9,0.26028434187173843,2,1
981,-50,0.1104214058816433,50,0
982,5,0.10845430692036946,6,1
983,8,0.06537442033489545,3,1
984,8,0.0642723652223746,3,1
985,-10,0.01664149761199951,1,0
986,-7,0.06744784416837825,18,1
987,6,0.06065556332468987,5,1
988,8,0.046920874466498695,3,1
989,8,0.07703559597333272,3,1
990,2,0.18024981435802248,9,1
991,7,0.19551235437393188,4,1
992,8,0.14455393453439078,3,1
993,8,0.13419398168722788,3,1
994,9,0.32722852751612663,2,1
995,-37,0.13922045504053435,48,1
996,-4,0.1288874164223671,15,1
997,5,0.16786304550866285,6,1
998,9,0.06259540095925331,2,1
999,9,0.10509375482797623,2,1
1000,10,0.08925466239452362,1,1
1,-50,0.15574284628033638,50,0
2,8,0.13155578325192133,3,1
3,8,0.11888793855905533,3,1
4,-8,0.1421305311745719,19,1
5,7,0.1394305545836687,4,1
6,9,0.10011256486177444,2,1
7,-10,0.08786606788635254,1,0
8,9,0.06787811778485775,2,1
9,-16,0.1336089899694478,27,1
10,8,0.05032017392416795,3,1
11,-50,0.13656783144921064,50,0
12,10,0.5159213542938232,1,1
13,9,0.4030126929283142,2,1
14,9,0.05297237541526556,2,1
15,5,0.09137716392676036,6,1
16,-50,0.13510061586275696,50,0
17,-10,0.18566472828388214,1,0
18,10,0.1501142829656601,1,1
19,10,0.12187275290489197,1,1
20,8,0.3296092301607132,3,1
21,9,0.1024671345949173,2,1
22,10,0.16028879582881927,1,1
23,9,0.08626515045762062,2,1
24,-43,0.09353580747676246,34,0
25,10,0.19468457996845245,1,1
26,-9,0.1236052479594946,20,1
27,-29,0.18522926461882888,40,1
28,10,0.3551284074783325,1,1
29,9,0.11132381111383438,2,1
30,10,0.12615109980106354,1,1
31,-13,0.13384366314858198,24,1
32,7,0.24564518686383963,4,1
33,9,0.044889362528920174,2,1
34,-10,0.07472272962331772,1,0
35,7,0.14957096986472607,4,1
36,6,0.17276865094900132,5,1
37,7,0.11139296740293503,4,1
38,8,0.11051476870973904,3,1
39,9,0.18917405605316162,2,1
40,8,0.09329369167486827,3,1
41,8,0.16428021838267645,3,1
42,10,0.06030069664120674,1,1
43,9,0.04941811040043831,2,1
44,8,0.0984179253379504,3,1
45,9,0.07902076095342636,2,1
46,-29,0.16920244973152876,40,1
47,7,0.12463890668004751,4,1
48,7,0.12370254471898079,4,1
49,6,0.054026690870523454,5,1
50,9,0.2700277045369148,2,1
51,8,0.09802692010998726,3,1
52,4,0.18537140637636185,7,1
53,9,0.028729249723255634,2,1
54,-25,0.1468318486586213,16,0
55,-39,0.1300103320553899,50,1
56,7,0.0660343635827303,4,1
57,7,0.156119953840971,4,1
58,-50,0.14524889759719373,50,0
59,2,0.06356072074009313,9,1
60,9,0.0785088911652565,2,1
61,10,0.37347376346588135,1,1
62,7,0.11287146154791117,4,1
63,7,0.07963393814861774,4,1
64,-13,0.09633717685937881,24,1
65,8,0.0592481754720211,3,1
66,-52,0.10109435006716223,43,0
67,9,0.09883657842874527,2,1
68,9,0.0487089566886425,2,1
69,9,0.0847290139645338,2,1
70,9,0.08701181504875422,2,1
71,-35,0.09316550044772717,26,0
72,-50,0.13005962349474431,50,0
73,3,0.15230773063376546,8,1
74,-10,0.14394352141590344,21,1
75,10,0.05003059282898903,1,1
76,8,0.07397251452008884,3,1
77,-10,0.03247276693582535,1,0
78,-15,0.09085671634723742,6,0
79,9,0.14004484936594963,2,1
80,10,0.4016502797603607,1,1
81,10,0.06310220062732697,1,1
82,10,0.04117710143327713,1,1
83,-12,0.1253088414669037,23,1
84,8,0.043672906855742134,3,1
85,9,0.28302404284477234,2,1
86,7,0.12005251459777355,4,1
87,7,0.15156017616391182,4,1
88,10,0.053276561200618744,1,1
89,8,0.13012271374464035,3,1
90,9,0.09730587154626846,2,1
91,9,0.042730214074254036,2,1
92,8,0.10346236452460289,3,1
93,6,0.07808240428566933,5,1
94,6,0.09614064916968346,5,1
95,-22,0.12425714330031322,13,0
96,8,0.2669262687365214,3,1
97,-10,0.2967059910297394,1,0
98,-12,0.2910609245300293,3,0
99,4,0.21988402839217866,7,1
100,9,0.08788998983800411,2,1
101,10,0.06376904994249344,1,1
102,9,0.0730942115187645,2,1
103,10,0.21043503284454346,1,1
104,-17,0.0829236360732466,8,0
105,-11,0.23729230497371068,22,1
106,-10,0.22316652536392212,1,0
107,9,0.1466531977057457,2,1
108,7,0.12034507095813751,4,1
109,9,0.09863080456852913,2,1
110,8,0.09594577178359032,3,1
111,10,0.6906764507293701,1,1
112,9,0.5167708620429039,2,1
113,8,0.0821972352763017,3,1
114,8,0.16005987177292505,3,1
115,-11,0.1558043584227562,2,0
116,7,0.23099421057850122,4,1
117,3,0.15704039856791496,8,1
118,7,0.18259019125252962,4,1
119,10,0.09511829912662506,1,1
120,9,0.2938721589744091,2,1
121,9,0.12687557935714722,2,1
122,10,0.33483457565307617,1,1
123,7,0.1804369082674384,4,1
124,-1,0.18478352824846903,12,1
125,8,0.20326362736523151,3,1
126,10,0.6552065014839172,1,1
127,-50,0.14591347947716712,50,0
128,10,0.15128564834594727,1,1
129,-25,0.15257373824715614,36,1
130,5,0.12353154271841049,6,1
131,5,0.31393687427043915,6,1
132,-15,0.1461718829635244,26,1
133,10,0.19124959409236908,1,1
134,10,0.0805678740143776,1,1
135,-10,0.17375701665878296,1,0
136,7,0.11379355657845736,4,1
137,5,0.29237740362683934,6,1
138,-13,0.2641221331432462,4,0
139,10,0.33443987369537354,1,1
140,9,0.08409114927053452,2,1
141,7,0.24342088028788567,4,1
142,6,0.09689711332321167,5,1
143,6,0.1555266372859478,5,1
144,-50,0.17686877634376288,50,0
145,7,0.08378673903644085,4,1
146,8,0.19619009643793106,3,1
147,-4,0.15031249709427358,15,1
148,10,0.14338381588459015,1,1
149,9,0.11827087961137295,2,1
150,7,0.1684267707169056,4,1
151,7,0.12276477180421352,4,1
152,8,0.2154987851778666,3,1
153,8,0.1609517199297746,3,1
154,-1,0.15777583823849758,12,1
155,7,0.12411699257791042,4,1
156,3,0.3256823569536209,8,1
157,10,0.16855572164058685,1,1
158,10,0.24855510890483856,1,1
159,7,0.187842751853168,4,1
160,7,0.21016446501016617,4,1
161,8,0.29418885707855225,3,1
162,5,0.2340459997455279,6,1
163,9,0.09295772388577461,2,1
164,9,0.17911601066589355,2,1
165,9,0.3180733770132065,2,1
166,9,0.088106669485569,2,1
167,10,0.13266301155090332,1,1
168,8,0.36521171778440475,3,1
169,9,0.09688553586602211,2,1
170,8,0.18045047422250113,3,1
171,7,0.1415030937641859,4,1
172,8,0.2582117219765981,3,1
173,10,0.28682154417037964,1,1
174,10,0.20803675055503845,1,1
175,-5,0.2895318800583482,16,1
176,10,0.4847394526004791,1,1
177,8,0.286199485262235,3,1
178,-10,0.19265965248147646,21,1
179,-50,0.16620840415358543,50,0
180,9,0.1747555136680603,2,1
181,9,0.38766583800315857,2,1
182,8,0.16473745678861937,3,1
183,9,0.15124443918466568,2,1
184,7,0.18483030050992966,4,1
185,9,0.19594024866819382,2,1
186,10,0.08639360219240189,1,1
187,9,0.11801385879516602,2,1
188,9,0.1322570350021124,2,1
189,9,0.0614937050268054,2,1
190,9,0.10206043720245361,2,1
191,10,0.04411684349179268,1,1
192,10,0.03404218703508377,1,1
193,-18,0.14313878632824997,29,1
194,-15,0.20957563624072534,26,1
195,7,0.3337261788547039,4,1
196,7,0.11515806708484888,4,1
197,-14,0.3355591267347336,5,0
198,-24,0.16016451524836675,35,1
199,-30,0.12575324883729946,41,1
200,2,0.1716933531893624,9,1
201,-10,0.11228777468204498,1,0
202,8,0.15572616457939148,3,1
203,-2,0.15844035291901,13,1
204,7,0.19458250515162945,4,1
205,8,0.12018046528100967,3,1
206,8,0.2221654529372851,3,1
207,9,0.039503905922174454,2,1
208,7,0.09977743960916996,4,1
209,10,0.19803690910339355,1,1
210,9,0.43417297303676605,2,1
211,9,0.11770685389637947,2,1
212,8,0.23075730601946512,3,1
213,9,0.3658633753657341,2,1
214,8,0.32794883847236633,3,1
215,-5,0.2316291336901486,16,1
216,9,0.10752331838011742,2,1
217,7,0.07005287148058414,4,1
218,9,0.13565485551953316,2,1
219,7,0.11273960769176483,4,1
220,9,0.18759948760271072,2,1
221,6,0.09004277698695659,5,1
222,7,0.09592098370194435,4,1
223,-8,0.16227420576308904,19,1
224,10,0.19177410006523132,1,1
225,8,0.2483015606800715,3,1
226,-50,0.14563888564705849,50,0
227,10,0.37047964334487915,1,1
228,10,0.1592750996351242,1,1
229,8,0.27008585383494693,3,1
230,9,0.120865598320961,2,1
231,10,0.1856434941291809,1,1
232,-27,0.155752551888949,38,1
233,-50,0.10373850677162409,50,0
234,10,0.18898425996303558,1,1
235,7,0.2563317520543933,4,1
236,9,0.14417775720357895,2,1
237,6,0.13813735879957675,5,1
238,9,0.18393633514642715,2,1
239,-22,0.13029402381542957,33,1
240,9,0.09230191260576248,2,1
241,8,0.277475746969382,3,1
242,10,0.11807618290185928,1,1
243,8,0.14992284402251244,3,1
244,5,0.09262515356143315,6,1
245,9,0.11286968924105167,2,1
246,9,0.1430291384458542,2,1
247,8,0.05807760606209437,3,1
248,10,0.11548325419425964,1,1
249,10,0.07315340638160706,1,1
250,9,0.20714977756142616,2,1
251,8,0.1457510565718015,3,1
252,7,0.055994171649217606,4,1
253,8,0.13611137866973877,3,1
254,8,0.08771871775388718,3,1
255,8,0.1845418413480123,3,1
256,8,0.16699688136577606,3,1
257,-50,0.10986915349960327,50,0
258,9,0.17909590899944305,2,1
259,8,0.19186626374721527,3,1
260,-10,0.057932671159505844,1,0
261,8,0.06806640699505806,3,1
262,9,0.20580898597836494,2,1
263,-50,0.14814159560948612,50,0
264,6,0.12833213284611703,5,1
265,9,0.05862481892108917,2,1
266,10,0.29900607466697693,1,1
267,6,0.1649130791425705,5,1
268,-2,0.09906265024955456,13,1
269,8,0.1315719150006771,3,1
270,9,0.09289274737238884,2,1
271,6,0.09579368829727172,5,1
272,9,0.26093238592147827,2,1
273,7,0.10099263302981853,4,1
274,7,0.3126943055540323,4,1
275,-11,0.1698597650974989,2,0
276,9,0.07638305611908436,2,1
277,-4,0.1320597693324089,15,1
278,-10,0.26910537481307983,1,0
279,9,0.17447387892752886,2,1
280,9,0.06764845177531242,2,1
281,9,0.11187421157956123,2,1
282,7,0.08366339281201363,4,1
283,8,0.07625749334692955,3,1
284,-50,0.1189550105854869,50,0
285,8,0.10612894346316655,3,1
286,9,0.08698232099413872,2,1
287,-26,0.14189539630623424,17,0
288,9,0.03617794346064329,2,1
289,8,0.03729400162895521,3,1
290,-10,0.08811701089143753,1,0
291,8,0.0971393312017123,3,1
292,6,0.050833392143249514,5,1
293,6,0.23659164905548097,5,1
294,7,0.036117065232247114,4,1
295,9,0.12362154200673103,2,1
296,10,0.03396176919341087,1,1
297,8,0.1882998322447141,3,1
298,7,0.23333420976996422,4,1
299,5,0.26904159722228843,6,1
300,7,0.1715774955227971,4,1
301,5,0.19592392817139626,6,1
302,-16,0.13366701400705747,7,0
303,7,0.10597791243344545,4,1
304,9,0.19878378883004189,2,1
305,6,0.1404619947075844,5,1
306,10,0.015676405280828476,1,1
307,8,0.11683737362424533,3,1
308,10,0.21702834963798523,1,1
309,9,0.12552505731582642,2,1
310,-12,0.12384568154811859,3,0
311,7,0.32396864518523216,4,1
312,5,0.12554052906731764,6,1
313,10,0.16717278957366943,1,1
314,10,0.30373555421829224,1,1
315,9,0.33003541827201843,2,1
316,8,0.08057526499032974,3,1
317,5,0.06460854224860668,6,1
318,7,0.21499695256352425,4,1
319,10,0.030168728902935982,1,1
320,-50,0.1879472843557596,50,0
321,9,0.2818107232451439,2,1
322,10,0.3599274754524231,1,1
323,8,0.12049698332945506,3,1
324,8,0.12192233155171077,3,1
325,8,0.0664838186154763,3,1
326,8,0.21868354578812918,3,1
327,-50,0.1167629623785615,50,0
328,9,0.05600031279027462,2,1
329,8,0.05945999175310135,3,1
330,9,0.1446315422654152,2,1
331,10,0.0934579148888588,1,1
332,9,0.07379301264882088,2,1
333,-38,0.18056637995249156,49,1
334,9,0.044383857399225235,2,1
335,5,0.12564145773649216,6,1
336,0,0.07380655949765985,11,1
337,-7,0.15876239414016405,18,1
338,8,0.05555387958884239,3,1
339,7,0.04445098852738738,4,1
340,9,0.3551322463899851,2,1
341,8,0.12371713606019814,3,1
342,10,0.03751065582036972,1,1
343,6,0.23375898897647857,5,1
344,9,0.09813827276229858,2,1
345,7,0.11087211407721043,4,1
346,8,0.15239566067854562,3,1
347,10,0.10347490012645721,1,1
348,10,0.3760620057582855,1,1
349,9,0.14273715019226074,2,1
350,10,0.15914592146873474,1,1
351,-10,0.14925283956385793,21,1
352,8,0.054457515478134155,3,1
353,-50,0.12796512516215444,50,0
354,10,0.035658687353134155,1,1
355,8,0.2449165458480517,3,1
356,8,0.17166847921907902,3,1
357,-50,0.11067726526409388,50,0
358,10,0.4604046940803528,1,1
359,-42,0.10284136512288541,33,0
360,7,0.2843184154480696,4,1
361,9,0.07683340832591057,2,1
362,8,0.22599803656339645,3,1
363,8,0.07486370578408241,3,1
364,0,0.08160063946111636,11,1
365,8,0.1348543663819631,3,1
366,-26,0.10685498749508578,17,0
367,8,0.36027159293492633,3,1
368,-11,0.05272315442562103,2,0
369,9,0.10419107135385275,2,1
370,7,0.28241221606731415,4,1
371,8,0.14874797066052756,3,1
372,9,0.20134819857776165,2,1
373,8,0.08062917987505595,3,1
374,10,0.07826143503189087,1,1
375,6,0.10937947630882264,5,1
376,9,0.03129030764102936,2,1
377,9,0.09465822204947472,2,1
378,9,0.12021730095148087,2,1
379,9,0.0419640876352787,2,1
380,10,0.03551773354411125,1,1
381,-24,0.17212906953479562,35,1
382,9,0.07368050515651703,2,1
383,4,0.2419802945639406,7,1
384,10,0.49046429991722107,1,1
385,9,0.18004541099071503,2,1
386,9,0.19908002763986588,2,1
387,7,0.08606273867189884,4,1
388,8,0.09207158039013545,3,1
389,10,0.0633912980556488,1,1
390,-1,0.12663944872717062,12,1
391,8,0.22271796067555746,3,1
392,-12,0.09138507147630055,3,0
393,10,0.027844462543725967,1,1
394,7,0.15554972179234028,4,1
395,10,0.6400854587554932,1,1
396,9,0.10194532945752144,2,1
397,8,0.08425122126936913,3,1
398,9,0.08404634054750204,2,1
399,-11,0.3885624445974827,2,0
400,7,0.13658686727285385,4,1
401,6,0.09337154924869537,5,1
402,-38,0.17388569388766678,49,1
403,-32,0.20239367357693439,43,1
404,6,0.05789073333144188,5,1
405,-43,0.1829839077887728,34,0
406,-11,0.0480290949344635,2,0
407,10,0.061007387936115265,1,1
408,9,0.20705408975481987,2,1
409,10,0.13214075565338135,1,1
410,-14,0.11531507931649684,5,0
411,7,0.15006635338068008,4,1
412,9,0.17460712045431137,2,1
413,8,0.11849161610007286,3,1
414,9,0.07914336398243904,2,1
415,6,0.07902317196130752,5,1
416,-50,0.16623134277760981,50,0
417,8,0.2130874047676722,3,1
418,-2,0.20508770214823577,13,1
419,8,0.26698195437590283,3,1
420,8,0.07018404826521873,3,1
421,7,0.17731475178152323,4,1
422,6,0.11606394164264203,5,1
423,4,0.23538848438433238,7,1
424,8,0.10869866857926051,3,1
425,-24,0.18652835988572666,35,1
426,-50,0.12716484617441892,50,0
427,8,0.06009400108208259,3,1
428,-8,0.14202939366039477,19,1
429,7,0.14727999083697796,4,1
430,-7,0.13732076932986578,18,1
431,7,0.06660056859254837,4,1
432,-50,0.15425189200788736,50,0
433,6,0.12536141723394395,5,1
434,-6,0.12640632141162367,17,1
435,9,0.14477868005633354,2,1
436,10,0.14211909472942352,1,1
437,-50,0.15799574300646782,50,0
438,9,0.14318938553333282,2,1
439,9,0.09369461610913277,2,1
440,8,0.19796020910143852,3,1
441,9,0.14875776134431362,2,1
442,8,0.08314137533307076,3,1
443,-50,0.09091073326766491,50,0
444,10,0.02248171716928482,1,1
445,10,0.04645831882953644,1,1
446,9,0.20799435954540968,2,1
447,9,0.06152248941361904,2,1
448,9,0.35607633739709854,2,1
449,8,0.38521579404671985,3,1
450,10,0.028848033398389816,1,1
451,7,0.15280987275764346,4,1
452,-5,0.11595345567911863,16,1
453,9,0.25669488310813904,2,1
454,7,0.08807391673326492,4,1
455,9,0.16813819855451584,2,1
456,10,0.05659289285540581,1,1
457,10,0.026174228638410568,1,1
458,8,0.04659350340565046,3,1
459,9,0.04424934275448322,2,1
460,-50,0.1434232051111758,50,0
461,9,0.05056673474609852,2,1
462,6,0.13162424862384797,5,1
463,9,0.15519970655441284,2,1
464,10,0.047571759670972824,1,1
465,6,0.12646256014704704,5,1
466,6,0.09428663477301598,5,1
467,-30,0.13537729445208863,41,1
468,-10,0.11371205747127533,1,0
469,9,0.4533049315214157,2,1
470,10,0.03420249745249748,1,1
471,7,0.11053978186100721,4,1
472,8,0.07018802190820377,3,1
473,7,0.1562964622862637,4,1
474,7,0.0918525829911232,4,1
475,7,0.09408615110442042,4,1
476,10,0.266048401594162,1,1
477,8,0.07722796499729156,3,1
478,-14,0.17288825251162052,25,1
479,-50,0.14176399044692517,50,0
480,7,0.17742347344756126,4,1
481,5,0.07144517234216134,6,1
482,9,0.1909605674445629,2,1
483,9,0.04858376458287239,2,1
484,-20,0.13792682667413064,31,1
485,7,0.06586437113583088,4,1
486,-11,0.13127042725682259,2,0
487,9,0.053867677226662636,2,1
488,10,0.1707322895526886,1,1
489,-10,0.07458339631557465,1,0
490,7,0.20309214480221272,4,1
491,-50,0.12489367309957743,50,0
492,6,0.27114096432924273,5,1
493,9,0.10339249670505524,2,1
494,3,0.1521108669694513,8,1
495,7,0.07240887451916933,4,1
496,8,0.06566756715377171,3,1
497,10,0.20216208696365356,1,1
498,8,0.05101748431722323,3,1
499,10,0.047788310796022415,1,1
500,10,0.09074810147285461,1,1
501,9,0.072837945073843,2,1
502,-10,0.031965624541044235,1,0
503,8,0.07990753402312596,3,1
504,10,0.18406075239181519,1,1
505,9,0.0700391661375761,2,1
506,7,0.3114424869418144,4,1
507,-26,0.13158282441263264,37,1
508,5,0.12701018744458756,6,1
509,8,0.053668217112620674,3,1
510,-50,0.11180086888372898,50,0
511,7,0.08299472369253635,4,1
512,-50,0.16545048158615827,50,0
513,9,0.0875778067857027,2,1
514,9,0.0845985859632492,2,1
515,-5,0.1873105673585087,16,1
516,9,0.1143815703690052,2,1
517,8,0.21663279086351395,3,1
518,-8,0.08977563620397919,19,1
519,5,0.10149563197046518,6,1
520,9,0.06085404381155968,2,1
521,-6,0.21107578836381435,17,1
522,10,0.14681626856327057,1,1
523,9,0.4704177565872669,2,1
524,-34,0.1286057961732149,25,0
525,9,0.08632174879312515,2,1
526,10,0.03627150505781174,1,1
527,5,0.06597937612483899,6,1
528,8,0.05999394009510676,3,1
529,9,0.07182247191667557,2,1
530,9,0.4900953024625778,2,1
531,-10,0.03597737476229668,1,0
532,-14,0.21690165922045707,5,0
533,10,0.08165457099676132,1,1
534,-4,0.1122919712215662,15,1
535,8,0.03988132563730081,3,1
536,7,0.16416644398123026,4,1
537,9,0.5111071774736047,2,1
538,9,0.054641563445329666,2,1
539,-10,0.3695519268512726,1,0
540,9,0.03845098614692688,2,1
541,10,0.006724801380187273,1,1
542,-50,0.14412505876272916,50,0
543,-15,0.17333248673150173,26,1
544,8,0.14456169803937277,3,1
545,6,0.12850988730788232,5,1
546,10,0.04560653120279312,1,1
547,9,0.07118624076247215,2,1
548,7,0.1589840017259121,4,1
549,9,0.07607348635792732,2,1
550,10,0.10784623771905899,1,1
551,-12,0.13068958123524985,3,0
552,9,0.159518800675869,2,1
553,9,0.07465401664376259,2,1
554,-18,0.10616782712268419,29,1
555,10,0.13353602588176727,1,1
556,9,0.07570276409387589,2,1
557,10,0.17792761325836182,1,1
558,10,0.029834706336259842,1,1
559,10,0.0435769222676754,1,1
560,10,0.07417382299900055,1,1
561,9,0.09956689924001694,2,1
562,-47,0.12716832575633338,38,0
563,7,0.16663580760359764,4,1
564,10,0.19083431363105774,1,1
565,-11,0.10431484276936813,22,1
566,10,0.8131738305091858,1,1
567,-10,0.1034102812409401,1,0
568,8,0.032708862175544105,3,1
569,-10,0.04863441735506058,1,0
570,8,0.02524807956069708,3,1
571,9,0.2413605023175478,2,1
572,-50,0.10484092165715993,50,0
573,-50,0.16267505466938018,50,0
574,1,0.09768190886825323,10,1
575,9,0.24906344711780548,2,1
576,-50,0.1069311748072505,50,0
577,8,0.03085741028189659,3,1
578,7,0.05919588403776288,4,1
579,9,0.055960530415177345,2,1
580,10,0.048562753945589066,1,1
581,6,0.139779195189476,5,1
582,10,0.07857300341129303,1,1
583,9,0.39970559999346733,2,1
584,10,0.04498308524489403,1,1
585,8,0.02832612954080105,3,1
586,9,0.16730773448944092,2,1
587,8,0.041086738308270775,3,1
588,-18,0.17252528722044722,29,1
589,-12,0.1988928901652495,3,0
590,7,0.07598647754639387,4,1
591,8,0.11493634184201558,3,1
592,5,0.24239530165990195,6,1
593,10,0.031804148107767105,1,1
594,8,0.09145636856555939,3,1
595,6,0.1183599229902029,5,1
596,9,0.27241091802716255,2,1
597,-50,0.11209617860615254,50,0
598,9,0.09747536107897758,2,1
599,-11,0.28292039036750793,2,0
600,8,0.3472319046656291,3,1
601,7,0.12169142346829176,4,1
602,-50,0.18013338355347513,50,0
603,-50,0.14393894281238317,50,0
604,9,0.05473962053656578,2,1
605,9,0.07902402244508266,2,1
606,5,0.08622436163326104,6,1
607,10,0.40815430879592896,1,1
608,9,0.12677962705492973,2,1
609,8,0.04987176631887754,3,1
610,9,0.12141003832221031,2,1
611,9,0.09657519310712814,2,1
612,8,0.02668981688718001,3,1
613,8,0.2611279214421908,3,1
614,8,0.17602267116308212,3,1
615,9,0.11209099367260933,2,1
616,9,0.04452808480709791,2,1
617,8,0.09710575640201569,3,1
618,8,0.08287633707125981,3,1
619,-11,0.020287560299038887,2,0
620,9,0.12354689091444016,2,1
621,7,0.0866533787921071,4,1
622,8,0.20263257871071497,3,1
623,7,0.3692366797477007,4,1
624,-11,0.0658814087510109,2,0
625,10,0.12729869782924652,1,1
626,8,0.09245973204572995,3,1
627,-39,0.16186340488493442,50,1
628,8,0.044669803231954575,3,1
629,7,0.18618825636804104,4,1
630,6,0.07611434683203697,5,1
631,7,0.0782451843842864,4,1
632,10,0.03671294078230858,1,1
633,9,0.2933718003332615,2,1
634,7,0.18908492848277092,4,1
635,9,0.1254409458488226,2,1
636,6,0.24322651848196983,5,1
637,7,0.19306705822236836,4,1
638,0,0.2164060375229879,11,1
639,8,0.13359907766183218,3,1
640,9,0.16495249792933464,2,1
641,10,0.07683981209993362,1,1
642,6,0.10989896953105927,5,1
643,7,0.059215052518993616,4,1
644,10,0.061839621514081955,1,1
645,7,0.10590167576447129,4,1
646,6,0.0991670336574316,5,1
647,10,0.11917856335639954,1,1
648,8,0.05358311782280604,3,1
649,9,0.07953257858753204,2,1
650,8,0.05747662112116814,3,1
651,-2,0.2571034144896727,13,1
652,10,0.04059184342622757,1,1
653,10,0.08173327893018723,1,1
654,-50,0.11464295376092196,50,0
655,-37,0.09977659017645887,28,0
656,8,0.09709400435288747,3,1
657,7,0.030781010631471872,4,1
658,8,0.06286136495570342,3,1
659,7,0.05467831250280142,4,1
660,8,0.056677429005503654,3,1
661,-50,0.13728931177407502,50,0
662,9,0.24418549984693527,2,1
663,8,0.06884015972415607,3,1
664,9,0.04828835651278496,2,1
665,9,0.5066765546798706,2,1
666,-10,0.0924413725733757,1,0
667,10,0.27705681324005127,1,1
668,-27,0.14480117732953085,38,1
669,-50,0.11879084041342139,50,0
670,4,0.14212325747523988,7,1
671,-35,0.11726837890708576,46,1
672,9,0.47150227427482605,2,1
673,9,0.13259702175855637,2,1
674,9,0.13260236382484436,2,1
675,9,0.14430028200149536,2,1
676,10,0.04652789980173111,1,1
677,7,0.11629773955792189,4,1
678,9,0.11419451981782913,2,1
679,7,0.17817525006830692,4,1
680,10,0.10657438635826111,1,1
681,6,0.14753610268235207,5,1
682,9,0.057260291650891304,2,1
683,9,0.14827997982501984,2,1
684,8,0.2365179012219111,3,1
685,-50,0.14090862173587085,50,0
686,8,0.210318257411321,3,1
687,10,0.22496621310710907,1,1
688,7,0.15692644892260432,4,1
689,8,0.18026804427305856,3,1
690,8,0.15631255010763803,3,1
691,7,0.17676899209618568,4,1
692,8,0.10072750598192215,3,1
693,10,0.3160284757614136,1,1
694,10,0.07371397316455841,1,1
695,7,0.25502748414874077,4,1
696,-15,0.15788210985752252,26,1
697,10,0.24677154421806335,1,1
698,8,0.12425339221954346,3,1
699,-13,0.09011495439335704,4,0
700,5,0.16779450327157974,6,1
701,10,0.4888172447681427,1,1
702,10,0.49625495076179504,1,1
703,-32,0.1305724968917148,43,1
704,5,0.2627339909474055,6,1
705,10,0.2924773693084717,1,1
706,-11,0.21344953030347824,2,0
707,9,0.16442525386810303,2,1
708,8,0.1330516810218493,3,1
709,8,0.13162575662136078,3,1
710,9,0.13056125864386559,2,1
711,-5,0.1415394238429144,16,1
712,8,0.17225523789723715,3,1
713,7,0.12382745556533337,4,1
714,9,0.14058265835046768,2,1
715,9,0.26866092160344124,2,1
716,7,0.2715223915874958,4,1
717,9,0.24752160161733627,2,1
718,-11,0.21650081127882004,2,0
719,9,0.1128612756729126,2,1
720,6,0.13662889301776887,5,1
721,9,0.1554284505546093,2,1
722,-10,0.13912564400760902,21,1
723,8,0.12211719900369644,3,1
724,-10,0.4976324439048767,1,0
725,9,0.03705266863107681,2,1
726,9,0.024973477236926556,2,1
727,-37,0.13796129911982766,48,1
728,8,0.1832024666170279,3,1
729,7,0.04642322659492493,4,1
730,7,0.18518146639689803,4,1
731,7,0.3315436989068985,4,1
732,9,0.07735561206936836,2,1
733,8,0.06936634704470634,3,1
734,7,0.038798749912530184,4,1
735,10,0.1132798045873642,1,1
736,-18,0.12228309568660013,29,1
737,8,0.05514568338791529,3,1
738,10,0.042378250509500504,1,1
739,9,0.051284559071063995,2,1
740,10,0.01427149586379528,1,1
741,7,0.024470933713018894,4,1
742,9,0.04950415622442961,2,1
743,10,0.0888170450925827,1,1
744,6,0.029922622814774515,5,1
745,-50,0.12813374200835825,50,0
746,8,0.09103977431853612,3,1
747,7,0.07724288571625948,4,1
748,-58,0.12885311333348556,49,0
749,9,0.031039580702781677,2,1
750,8,0.13343904415766397,3,1
751,-10,0.06623281538486481,1,0
752,10,0.10362392663955688,1,1
753,10,0.04962983727455139,1,1
754,-50,0.11208763828501106,50,0
755,8,0.18992395947376886,3,1
756,-50,0.16265914391726255,50,0
757,10,0.055353403091430664,1,1
758,10,0.08299156278371811,1,1
759,-8,0.09751252173201035,19,1
760,8,0.12355712552865346,3,1
761,9,0.08547793701291084,2,1
762,8,0.05336594209074974,3,1
763,9,0.21088045835494995,2,1
764,10,0.41030192375183105,1,1
765,10,0.10529911518096924,1,1
766,8,0.0833599902689457,3,1
767,-9,0.09804632104933261,20,1
768,6,0.06334943249821663,5,1
769,7,0.13928413949906826,4,1
770,7,0.12172319553792477,4,1
771,8,0.12986265619595846,3,1
772,5,0.19531933218240738,6,1
773,6,0.1653814360499382,5,1
774,9,0.34608954191207886,2,1
775,9,0.1502690650522709,2,1
776,10,0.15796633064746857,1,1
777,10,0.05455523356795311,1,1
778,9,0.11672399938106537,2,1
779,10,0.05448395386338234,1,1
780,9,0.12242773175239563,2,1
781,-50,0.08086026250384748,50,0
782,9,0.0657566674053669,2,1
783,9,0.0245839087292552,2,1
784,10,0.06385599076747894,1,1
785,9,0.2291714921593666,2,1
786,0,0.06616686657071114,11,1
787,-13,0.12006128882057965,24,1
788,5,0.07890444714576006,6,1
789,8,0.13218751549720764,3,1
790,10,0.031948260962963104,1,1
791,-50,0.08708255890756846,50,0
792,5,0.08734870174278815,6,1
793,10,0.07734888046979904,1,1
794,10,0.09151475876569748,1,1
795,10,0.035283736884593964,1,1
796,10,0.25274166464805603,1,1
797,9,0.09415328130126,2,1
798,5,0.054393717708686985,6,1
799,10,0.04328804835677147,1,1
800,10,0.0413019135594368,1,1
801,9,0.0954915527254343,2,1
802,9,0.18873398751020432,2,1
803,10,0.1494274139404297,1,1
804,10,0.042642589658498764,1,1
805,6,0.0665882308036089,5,1
806,8,0.08120548973480861,3,1
807,9,0.06841134466230869,2,1
808,7,0.07316108327358961,4,1
809,7,0.03801087895408273,4,1
810,9,0.031286485493183136,2,1
811,8,0.04569928968946139,3,1
812,9,0.0242704632692039,2,1
813,9,0.11004090309143066,2,1
814,9,0.09699826315045357,2,1
815,8,0.0729211096962293,3,1
816,-18,0.09818890003551697,29,1
817,-1,0.08732225963224967,12,1
818,-11,0.024982810020446777,2,0
819,-50,0.10722487146034837,50,0
820,6,0.14899428486824035,5,1
821,6,0.06103778705000877,5,1
822,9,0.04391961172223091,2,1
823,10,0.10258331149816513,1,1
824,9,0.07337678410112858,2,1
825,5,0.0717647597193718,6,1
826,10,0.17302151024341583,1,1
827,10,0.05161775276064873,1,1
828,9,0.086402527987957,2,1
829,5,0.07109837885946035,6,1
830,-13,0.12822350021451712,24,1
831,8,0.1011251558860143,3,1
832,-10,0.12277445942163467,1,0
833,9,0.06263095326721668,2,1
834,10,0.0328373983502388,1,1
835,8,0.05655426097412904,3,1
836,9,0.044340113177895546,2,1
837,10,0.04767918586730957,1,1
838,8,0.12252170592546463,3,1
839,-19,0.1016557061423858,30,1
840,6,0.06826051436364651,5,1
841,9,0.21699060127139091,2,1
842,10,0.05274909362196922,1,1
843,8,0.06190043811996778,3,1
844,7,0.06363849714398384,4,1
845,10,0.025903183966875076,1,1
846,8,0.0985332162429889,3,1
847,9,0.045316072180867195,2,1
848,10,0.07846091687679291,1,1
849,-38,0.07129232094077201,29,0
850,8,0.05788462981581688,3,1
851,2,0.09288882050249311,9,1
852,6,0.05133660510182381,5,1
853,-10,0.023837335407733917,1,0
854,10,0.24725788831710815,1,1
855,7,0.04879503510892391,4,1
856,8,0.026544492691755295,3,1
857,-18,0.06246072680143447,29,1
858,6,0.05590905211865902,5,1
859,10,0.018152661621570587,1,1
860,9,0.04044021759182215,2,1
861,-18,0.09959231053703818,29,1
862,10,0.05347026512026787,1,1
863,10,0.036787208169698715,1,1
864,10,0.08940410614013672,1,1
865,9,0.3111299127340317,2,1
866,6,0.13783801570534707,5,1
867,6,0.0675231359899044,5,1
868,7,0.12528542964719236,4,1
869,10,0.026037145406007767,1,1
870,10,0.015202207490801811,1,1
871,8,0.10703834642966588,3,1
872,10,0.027032755315303802,1,1
873,7,0.07454835344105959,4,1
874,0,0.12409846552393654,11,1
875,10,0.02467404492199421,1,1
876,10,0.05699073523283005,1,1
877,-29,0.12982347765937446,40,1
878,8,0.11038880795240402,3,1
879,10,0.16152913868427277,1,1
880,8,0.09037674715121587,3,1
881,10,0.0795428454875946,1,1
882,-12,0.0821992779771487,3,0
883,-33,0.14456875719638032,44,1
884,-1,0.06900813430547714,12,1
885,7,0.029459519777446985,4,1
886,-50,0.11035978134721518,50,0
887,8,0.18547516440351805,3,1
888,9,0.3859658017754555,2,1
889,-50,0.10749250372871756,50,0
890,9,0.05573984235525131,2,1
891,6,0.06574967801570893,5,1
892,6,0.046519835293292996,5,1
893,-11,0.06625950150191784,2,0
894,10,0.17497387528419495,1,1
895,10,0.08554372936487198,1,1
896,9,0.08173924405127764,2,1
897,5,0.06423143235345681,6,1
898,7,0.09524068608880043,4,1
899,7,0.21499580331146717,4,1
900,8,0.08967687313755353,3,1
901,7,0.08060924289748073,4,1
902,8,0.09681407734751701,3,1
903,9,0.04054214246571064,2,1
904,9,0.030257221311330795,2,1
905,9,0.06703015323728323,2,1
906,8,0.11193471712370713,3,1
907,8,0.0645944873491923,3,1
908,10,0.22232234477996826,1,1
909,7,0.07843021396547556,4,1
910,9,0.06083352072164416,2,1
911,10,0.04258924350142479,1,1
912,9,0.17825677059590816,2,1
913,8,0.054884755363066993,3,1
914,7,0.24207757599651814,4,1
915,8,0.07390086228648822,3,1
916,-50,0.07239590160548687,50,0
917,-12,0.06478006889422734,3,0
918,9,0.09563369303941727,2,1
919,8,0.21888372426231703,3,1
920,9,0.07221631146967411,2,1
921,7,0.028873642906546593,4,1
922,-21,0.08144582094973885,32,1
923,7,0.15548027120530605,4,1
924,6,0.1130521461367607,5,1
925,10,0.06071911007165909,1,1
926,-32,0.136343146609359,43,1
927,8,0.06799407054980595,3,1
928,6,0.08996822088956832,5,1
929,9,0.08474871888756752,2,1
930,5,0.10141580986479919,6,1
931,7,0.19156733714044094,4,1
932,-12,0.10288685870667298,3,0
933,10,0.06130532920360565,1,1
934,7,0.056317626498639584,4,1
935,-1,0.05790303756172458,12,1
936,10,0.11486924439668655,1,1
937,9,0.0634038932621479,2,1
938,10,0.040415629744529724,1,1
939,-12,0.11427138446141845,23,1
940,-11,0.030764073133468628,2,0
941,9,0.030041493475437164,2,1
942,6,0.18633082136511803,5,1
943,-50,0.09996099907904864,50,0
944,-50,0.09942711971700191,50,0
945,7,0.03892009286209941,4,1
946,9,0.057821961119771004,2,1
947,7,0.05334473215043545,4,1
948,9,0.025139056146144867,2,1
949,-12,0.039443702126542725,3,0
950,-11,0.04324524477124214,2,0
951,-36,0.09505412727594376,27,0
952,8,0.19012710576256117,3,1
953,8,0.04735957893232504,3,1
954,7,0.03437083447352052,4,1
955,9,0.04344297759234905,2,1
956,9,0.03303650487214327,2,1
957,10,0.03814949467778206,1,1
958,7,0.15065046353265643,4,1
959,-50,0.1319870002940297,50,0
960,5,0.2438700101338327,6,1
961,10,0.06251827627420425,1,1
962,-2,0.1280638022491565,13,1
963,9,0.04580645449459553,2,1
964,10,0.022124402225017548,1,1
965,8,0.21550086388985315,3,1
966,-50,0.09965221155434847,50,0
967,9,0.10953038930892944,2,1
968,-10,0.062056999653577805,1,0
969,0,0.12255886366421526,11,1
970,6,0.1809092678129673,5,1
971,10,0.08307521045207977,1,1
972,10,0.056035615503787994,1,1
973,5,0.06517543985197942,6,1
974,7,0.06792017444968224,4,1
975,9,0.12427094019949436,2,1
976,10,0.06730444729328156,1,1
977,9,0.08420231193304062,2,1
978,10,0.42867332696914673,1,1
979,10,0.16449092328548431,1,1
980,10,0.600337028503418,1,1
981,8,0.07042664289474487,3,1
982,9,0.07291760202497244,2,1
983,-20,0.13362115597532642,31,1
984,-29,0.10200143922120333,40,1
985,-50,0.09628851383924485,50,0
986,-50,0.1034113321453333,50,0
987,9,0.09652123600244522,2,1
988,7,0.10291111748665571,4,1
989,-5,0.07309197052381933,16,1
990,9,0.07498555071651936,2,1
991,9,0.10709275305271149,2,1
992,7,0.07278125640004873,4,1
993,8,0.06636247783899307,3,1
994,-10,0.1530097872018814,1,0
995,5,0.08434241637587547,6,1
996,10,0.1376625895500183,1,1
997,10,0.1445588618516922,1,1
998,6,0.08402151539921761,5,1
999,10,0.033433906733989716,1,1
1000,5,0.06551572152723868,6,1
1,-10,0.06490924954414368,1,0
2,9,0.1752183437347412,2,1
3,8,0.0483001247048378,3,1
4,-5,0.10925671632867306,16,1
5,6,0.16818278133869172,5,1
6,-50,0.14079615265130996,50,0
7,-50,0.11054882682859897,50,0
8,8,0.22018606960773468,3,1
9,8,0.13112743695576987,3,1
10,9,0.21735696867108345,2,1
11,10,0.41213467717170715,1,1
12,-9,0.07944514821283519,20,1
13,10,0.06318941712379456,1,1
14,10,0.43719470500946045,1,1
15,9,0.10594017431139946,2,1
16,8,0.16543662051359811,3,1
17,5,0.18192593256632486,6,1
18,8,0.106388953824838,3,1
19,-10,0.036277592182159424,1,0
20,-10,0.051005057990550995,1,0
21,9,0.08730960078537464,2,1
22,9,0.07867419347167015,2,1
23,-50,0.11191319532692433,50,0
24,8,0.1539070581396421,3,1
25,8,0.09195162293811639,3,1
26,-50,0.11992186641320586,50,0
27,7,0.07632166892290115,4,1
28,4,0.14087095058390073,7,1
29,7,0.16804291307926178,4,1
30,7,0.2024527145549655,4,1
31,8,0.09805247808496158,3,1
32,9,0.09789758548140526,2,1
33,10,0.03435859829187393,1,1
34,8,0.1530344933271408,3,1
35,7,0.12272117100656033,4,1
36,9,0.12594123557209969,2,1
37,8,0.14842139557003975,3,1
38,10,0.2891901731491089,1,1
39,9,0.21435577422380447,2,1
40,10,0.08313670754432678,1,1
41,10,0.09851836413145065,1,1
42,6,0.16313864178955556,5,1
43,7,0.11822988837957382,4,1
44,-50,0.10943009678274393,50,0
45,-13,0.09542960207909346,24,1
46,10,0.12931972742080688,1,1
47,6,0.29902719855308535,5,1
48,9,0.14681438356637955,2,1
49,9,0.09176724590361118,2,1
50,9,0.1331561766564846,2,1
51,8,0.1074691837032636,3,1
52,7,0.12780216243118048,4,1
53,7,0.056004554964601994,4,1
54,9,0.046336354687809944,2,1
55,10,0.03632784262299538,1,1
56,9,0.2725483011454344,2,1
57,6,0.05502923354506493,5,1
58,8,0.07003339752554893,3,1
59,9,0.11565141379833221,2,1
60,10,0.04549999162554741,1,1
61,10,0.13249571621418,1,1
62,8,0.04406513770421346,3,1
63,9,0.02715083723887801,2,1
64,9,0.029367847368121147,2,1
65,7,0.1316337874159217,4,1
66,9,0.06593374907970428,2,1
67,-17,0.12002501197691474,28,1
68,7,0.07086057215929031,4,1
69,7,0.1011000070720911,4,1
70,8,0.08780283977588017,3,1
71,5,0.06313040231664975,6,1
72,-11,0.1144591819664294,22,1
73,-1,0.06803986725086968,12,1
74,8,0.12935193503896394,3,1
75,10,0.04849613830447197,1,1
76,7,0.06223665224388242,4,1
77,-40,0.14210754164284276,31,0
78,9,0.24219244346022606,2,1
79,7,0.2051757713779807,4,1
80,10,0.12593218684196472,1,1
81,9,0.08242207765579224,2,1
82,9,0.23944652453064919,2,1
83,7,0.14515506010502577,4,1
84,8,0.061328486849864326,3,1
85,-50,0.11974428899586201,50,0
86,9,0.06230218894779682,2,1
87,9,0.25781793147325516,2,1
88,9,0.0957074724137783,2,1
89,7,0.2063507279381156,4,1
90,10,0.0559881292283535,1,1
91,10,0.2201138585805893,1,1
92,7,0.08294436521828175,4,1
93,10,0.15210610628128052,1,1
94,6,0.112880839407444,5,1
95,8,0.12512263904015222,3,1
96,-15,0.09508099378301547,26,1
97,-50,0.07886092588305474,50,0
98,9,0.039552793838083744,2,1
99,10,0.05709298700094223,1,1
100,-50,0.08215940359979867,50,0
101,8,0.045901804231107235,3,1
102,10,0.027917485684156418,1,1
103,10,0.05892714112997055,1,1
104,8,0.05515118191639582,3,1
105,9,0.05180012807250023,2,1
106,-50,0.06543438773602248,50,0
107,8,0.1815977692604065,3,1
108,6,0.08253764361143112,5,1
109,7,0.06399909779429436,4,1
110,9,0.07861011475324631,2,1
111,8,0.07490650191903114,3,1
112,10,0.040688637644052505,1,1
113,10,0.07958275824785233,1,1
114,10,0.03726890683174133,1,1
115,5,0.06388435202340285,6,1
116,5,0.04883151035755873,6,1
117,5,0.07246719673275948,6,1
118,-19,0.06736513826375207,30,1
119,9,0.07844610512256622,2,1
120,10,0.06531374156475067,1,1
121,10,0.07005274295806885,1,1
122,8,0.028965211162964504,3,1
123,7,0.044554692693054676,4,1
124,6,0.034336519055068494,5,1
125,0,0.05927614478225058,11,1
126,8,0.0710285206635793,3,1
127,8,0.08505961795647939,3,1
128,9,0.03186038974672556,2,1
129,10,0.16812200844287872,1,1
130,10,0.020212337374687195,1,1
131,9,0.06546405609697104,2,1
132,-50,0.068744200989604,50,0
133,9,0.13107820600271225,2,1
134,-11,0.1326443776488304,2,0
135,9,0.04247560724616051,2,1
136,-7,0.09857079945504665,18,1
137,7,0.06195541378110647,4,1
138,9,0.020806423388421535,2,1
139,10,0.03819102421402931,1,1
140,7,0.023334690369665623,4,1
141,-50,0.0852803455851972,50,0
142,9,0.09357031062245369,2,1
143,-12,0.042239753529429436,3,0
144,7,0.09054799936711788,4,1
145,-10,0.12094570696353912,1,0
146,6,0.17176204845309256,5,1
147,8,0.06914763773481052,3,1
148,8,0.061000256488720574,3,1
149,10,0.1563102751970291,1,1
150,8,0.19153332461913428,3,1
151,10,0.07835648208856583,1,1
152,-2,0.1396344703837083,13,1
153,10,0.10144400596618652,1,1
154,8,0.03256737068295479,3,1
155,0,0.06638872758908705,11,1
156,10,0.06530880928039551,1,1
157,8,0.10383715853095055,3,1
158,10,0.09840097278356552,1,1
159,8,0.14200974504152933,3,1
160,10,0.21929821372032166,1,1
161,10,0.05441191792488098,1,1
162,7,0.07350253965705633,4,1
163,9,0.12884703278541565,2,1
164,8,0.07170337624847889,3,1
165,8,0.09388479217886925,3,1
166,8,0.05894358083605766,3,1
167,9,0.15977270156145096,2,1
168,8,0.08543425798416138,3,1
169,10,0.03507626801729202,1,1
170,7,0.060831875540316105,4,1
171,-50,0.10454334847629071,50,0
172,6,0.15354847237467767,5,1
173,-30,0.10697667234827106,41,1
174,10,0.03435724228620529,1,1
175,8,0.0857984758913517,3,1
176,-12,0.08544643719991048,3,0
177,8,0.14438256373008093,3,1
178,8,0.1334033856789271,3,1
179,7,0.11297819949686527,4,1
180,7,0.1373947076499462,4,1
181,9,0.23084043338894844,2,1
182,9,0.06697763875126839,2,1
183,9,0.06414604745805264,2,1
184,-11,0.16295231319963932,2,0
185,10,0.5978789329528809,1,1
186,9,0.03656698204576969,2,1
187,10,0.06926372647285461,1,1
188,10,0.10649725794792175,1,1
189,10,0.08680339902639389,1,1
190,10,0.44299861788749695,1,1
191,10,0.0915788784623146,1,1
192,10,0.12054267525672913,1,1
193,-32,0.09229339586327905,23,0
194,-24,0.09480272286704608,35,1
195,8,0.04449369696279367,3,1
196,9,0.1709074005484581,2,1
197,9,0.13803358562290668,2,1
198,8,0.07954498504598935,3,1
199,9,0.36801019310951233,2,1
200,6,0.06983392909169198,5,1
201,8,0.05777169515689214,3,1
202,-6,0.09466281127842034,17,1
203,8,0.17295687397321066,3,1
204,7,0.13672131672501564,4,1
205,7,0.04296725057065487,4,1
206,-10,0.042668864130973816,1,0
207,7,0.11657301243394613,4,1
208,8,0.06987843786676724,3,1
209,7,0.17594311945140362,4,1
210,8,0.042708457758029304,3,1
211,7,0.06346725579351187,4,1
212,7,0.10056493058800697,4,1
213,8,0.07025761033097903,3,1
214,-40,0.11315216899158494,31,0
215,10,0.04584598168730736,1,1
216,-10,0.09200579673051834,1,0
217,7,0.253120981156826,4,1
218,9,0.03248537052422762,2,1
219,9,0.11686483770608902,2,1
220,10,0.02002793923020363,1,1
221,7,0.23762480169534683,4,1
222,-1,0.10643084440380335,12,1
223,10,0.15677015483379364,1,1
224,9,0.05238023027777672,2,1
225,3,0.16514855530112982,8,1
226,-10,0.052675843238830566,1,0
227,10,0.4522915184497833,1,1
228,8,0.0698847845196724,3,1
229,9,0.05043536610901356,2,1
230,-17,0.12029853210385356,28,1
231,7,0.08745812252163887,4,1
232,10,0.04559189826250076,1,1
233,8,0.10620246082544327,3,1
234,7,0.20021178387105465,4,1
235,10,0.15017551183700562,1,1
236,8,0.06417597581942876,3,1
237,-4,0.22257399186491966,15,1
238,-10,0.1939416527748108,1,0
239,9,0.06394169852137566,2,1
240,-16,0.15446981734463147,7,0
241,8,0.22292049725850424,3,1
242,5,0.1672713135679563,6,1
243,7,0.15057750791311264,4,1
244,8,0.12372294316689174,3,1
245,-50,0.12396915189921856,50,0
246,6,0.15335647240281106,5,1
247,9,0.09996440261602402,2,1
248,9,0.07319378852844238,2,1
249,8,0.10664727290471394,3,1
250,8,0.06938499460617702,3,1
251,9,0.058990417048335075,2,1
252,8,0.10096698999404907,3,1
253,-13,0.13579764418924847,24,1
254,10,0.1198122575879097,1,1
255,-6,0.15532072885509798,17,1
256,0,0.08128372241150249,11,1
257,8,0.049018107975522675,3,1
258,10,0.04739326238632202,1,1
259,8,0.2963317309816678,3,1
260,9,0.12337534129619598,2,1
261,-50,0.09538568438962101,50,0
262,9,0.032934862188994884,2,1
263,-12,0.08538223554690678,3,0
264,10,0.1900596022605896,1,1
265,9,0.043875981122255325,2,1
266,7,0.0797084178775549,4,1
267,-18,0.22965493549903235,9,0
268,7,0.14552131853997707,4,1
269,8,0.09538450588782628,3,1
270,7,0.16942100785672665,4,1
271,10,0.06999527662992477,1,1
272,6,0.1554468311369419,5,1
273,-50,0.13437581241130828,50,0
274,9,0.08594118058681488,2,1
275,8,0.05006823192040125,3,1
276,10,0.038112491369247437,1,1
277,6,0.07267924025654793,5,1
278,9,0.08238711580634117,2,1
279,6,0.11109164729714394,5,1
280,-29,0.15608112160116433,20,0
281,7,0.08135298546403646,4,1
282,9,0.12086512427777052,2,1
283,9,0.028709445148706436,2,1
284,-50,0.10459548424929381,50,0
285,-50,0.092937902379781,50,0
286,8,0.1275797418008248,3,1
287,6,0.059366178885102275,5,1
288,7,0.20451413840055466,4,1
289,10,0.13164514303207397,1,1
290,-18,0.08995390285191865,29,1
291,9,0.09168675169348717,2,1
292,7,0.03937171120196581,4,1
293,9,0.05212000757455826,2,1
294,10,0.08035503327846527,1,1
295,10,0.10229258239269257,1,1
296,9,0.03136111795902252,2,1
297,-10,0.17137935757637024,1,0
298,-50,0.08865772783756257,50,0
299,10,0.07748260349035263,1,1
300,-13,0.12467164499685168,4,0
301,6,0.11973385512828827,5,1
302,8,0.05622767905394236,3,1
303,8,0.028525892024238903,3,1
304,6,0.03587719537317753,5,1
305,9,0.0916435644030571,2,1
306,10,0.04007832705974579,1,1
307,-3,0.09482608176767826,14,1
308,9,0.1128118559718132,2,1
309,-50,0.10992518663406373,50,0
310,0,0.07344367507506501,11,1
311,9,0.03569791745394468,2,1
312,6,0.045145264267921446,5,1
313,8,0.07183678820729256,3,1
314,9,0.0375589607283473,2,1
315,-50,0.11853438114747405,50,0
316,10,0.01795521378517151,1,1
317,9,0.04905662685632706,2,1
318,5,0.22169681560869017,6,1
319,8,0.10692094390590985,3,1
320,-12,0.06315942729512851,3,0
321,10,0.09507035464048386,1,1
322,7,0.10115107707679272,4,1
323,9,0.09138886630535126,2,1
324,-25,0.12117353029963043,36,1
325,9,0.1422659307718277,2,1
326,8,0.20120204240083694,3,1
327,9,0.07698449864983559,2,1
328,10,0.465511679649353,1,1
329,-3,0.12921007483133248,14,1
330,9,0.06843079812824726,2,1
331,-11,0.03195386007428169,2,0
332,-10,0.03383208438754082,1,0
333,8,0.02809423084060351,3,1
334,9,0.3760848306119442,2,1
335,8,0.06172373394171397,3,1
336,10,0.055514875799417496,1,1
337,10,0.4405266046524048,1,1
338,8,0.21468371401230493,3,1
339,9,0.06723487842828035,2,1
340,9,0.2950274795293808,2,1
341,-50,0.14415339941158892,50,0
342,-50,0.1067039779946208,50,0
343,7,0.0510326842777431,4,1
344,10,0.045651890337467194,1,1
345,7,0.042665693908929825,4,1
346,8,0.12399012471238773,3,1
347,10,0.035339124500751495,1,1
348,10,0.06592638790607452,1,1
349,10,0.10585745424032211,1,1
350,4,0.07882256380149297,7,1
351,10,0.16200028359889984,1,1
352,7,0.1102950912900269,4,1
353,-25,0.10311055964686805,36,1
354,-22,0.08863644645764278,13,0
355,7,0.07395824138075113,4,1
356,10,0.2687375843524933,1,1
357,10,0.06338155269622803,1,1
358,-11,0.11778309272432869,22,1
359,-50,0.10482558585703373,50,0
360,7,0.15326423570513725,4,1
361,9,0.1530918926000595,2,1
362,8,0.06559115772445996,3,1
363,6,0.08155439347028733,5,1
364,8,0.14651638021071753,3,1
365,-10,0.09363688218096893,21,1
366,-50,0.11163654208183288,50,0
367,7,0.09239555895328522,4,1
368,8,0.06596244499087334,3,1
369,9,0.09816285222768784,2,1
370,6,0.07746965810656548,5,1
371,8,0.07886822894215584,3,1
372,10,0.07831545174121857,1,1
373,7,0.066988336853683,4,1
374,-50,0.106057148873806,50,0
375,10,0.14391210675239563,1,1
376,8,0.15429005523522696,3,1
377,9,0.08744948171079159,2,1
378,4,0.07713575874056135,7,1
379,-50,0.11348285056650638,50,0
380,10,0.055266283452510834,1,1
381,7,0.07138895150274038,4,1
382,4,0.09210542775690556,7,1
383,9,0.08683960139751434,2,1
384,7,0.05886526545509696,4,1
385,-37,0.08306353246527058,28,0
386,9,0.07381318509578705,2,1
387,-10,0.06757651269435883,1,0
388,7,0.06555673386901617,4,1
389,10,0.10562166571617126,1,1
390,8,0.08051380515098572,3,1
391,8,0.14062279214461645,3,1
392,7,0.07149445172399282,4,1
393,-50,0.13190408959984778,50,0
394,7,0.08910362422466278,4,1
395,1,0.11161603769287468,10,1
396,-10,0.09115079790353775,1,0
397,7,0.06829318031668663,4,1
398,9,0.03670832701027393,2,1
399,9,0.08510755747556686,2,1
400,-50,0.1071172439493239,50,0
401,9,0.23883206024765968,2,1
402,10,0.08336369693279266,1,1
403,9,0.06501253694295883,2,1
404,9,0.11618687584996223,2,1
405,-50,0.09710348233580589,50,0
406,-50,0.07986088931560516,50,0
407,8,0.09094153344631195,3,1
408,7,0.05895418860018253,4,1
409,8,0.13525403290987015,3,1
410,9,0.09362495876848698,2,1
411,9,0.06259203795343637,2,1
412,7,0.08652588166296482,4,1
413,10,0.0596635676920414,1,1
414,8,0.05981730421384176,3,1
415,6,0.05480904243886471,5,1
416,7,0.06197855155915022,4,1
417,7,0.07410612422972918,4,1
418,9,0.09519202634692192,2,1
419,8,0.07882168019811313,3,1
420,9,0.22650189697742462,2,1
421,-11,0.0963292062621225,22,1
422,10,0.02559199184179306,1,1
423,6,0.046169457584619523,5,1
424,10,0.05258361995220184,1,1
425,-15,0.07477507398774226,6,0
426,10,0.035071052610874176,1,1
427,7,0.1683253049850464,4,1
428,10,0.04608352109789848,1,1
429,-31,0.07936271625970091,42,1
430,10,0.11191019415855408,1,1
431,9,0.08015093952417374,2,1
432,6,0.09074525535106659,5,1
433,-15,0.1662739229698976,6,0
434,-50,0.09944099206477404,50,0
435,10,0.05608893185853958,1,1
436,10,0.045725490897893906,1,1
437,9,0.1377284973859787,2,1
438,9,0.05489851348102093,2,1
439,-24,0.09599138365260192,35,1
440,10,0.06277346611022949,1,1
441,7,0.113356564193964,4,1
442,10,0.12125764042139053,1,1
443,10,0.07937905937433243,1,1
444,6,0.09398571401834488,5,1
445,7,0.09607031010091305,4,1
446,-12,0.09566093738312306,23,1
447,9,0.06324705109000206,2,1
448,6,0.049101711809635164,5,1
449,10,0.032946906983852386,1,1
450,9,0.04547391086816788,2,1
451,7,0.06362882256507874,4,1
452,-4,0.13548915535211564,15,1
453,6,0.05931551232933998,5,1
454,-31,0.11265094640354316,42,1
455,7,0.09177999384701252,4,1
456,8,0.05943572769562403,3,1
457,10,0.03937382996082306,1,1
458,8,0.14036199698845545,3,1
459,8,0.0561149629453818,3,1
460,9,0.05621802806854248,2,1
461,10,0.11784178763628006,1,1
462,8,0.05542027329405149,3,1
463,3,0.07077540038153529,8,1
464,10,0.08430849015712738,1,1
465,8,0.03563234396278858,3,1
466,10,0.0911640003323555,1,1
467,6,0.08402827940881252,5,1
468,8,0.18423709273338318,3,1
469,-10,0.08390366286039352,1,0
470,6,0.1580662839114666,5,1
471,8,0.08183684448401134,3,1
472,3,0.10560347023420036,8,1
473,-28,0.1020642836124469,39,1
474,6,0.10115749537944793,5,1
475,6,0.08039745390415191,5,1
476,-50,0.1135126094892621,50,0
477,9,0.13550639525055885,2,1
478,8,0.06855000307162602,3,1
479,7,0.10106293670833111,4,1
480,9,0.06854322552680969,2,1
481,9,0.14090240001678467,2,1
482,10,0.10836036503314972,1,1
483,8,0.09648681432008743,3,1
484,7,0.06354390690103173,4,1
485,9,0.05204971693456173,2,1
486,-50,0.07714740805327892,50,0
487,10,0.01637224480509758,1,1
488,3,0.06336878798902035,8,1
489,8,0.0450638122856617,3,1
490,-10,0.03815971314907074,1,0
491,8,0.036783638099829354,3,1
492,8,0.1873804604013761,3,1
493,5,0.049827039862672486,6,1
494,10,0.06249812990427017,1,1
495,6,0.04758266061544418,5,1
496,9,0.06245848536491394,2,1
497,9,0.024131692945957184,2,1
498,9,0.02449875045567751,2,1
499,9,0.12859105691313744,2,1
500,-15,0.06810808771600325,6,0
501,9,0.06094094831496477,2,1
502,10,0.5874212980270386,1,1
503,10,0.0742565244436264,1,1
504,10,0.0452461913228035,1,1
505,10,0.04997865855693817,1,1
506,9,0.027974766679108143,2,1
507,8,0.057451980809370674,3,1
508,9,0.05967610236257315,2,1
509,8,0.08320071548223495,3,1
510,9,0.04523205477744341,2,1
511,-13,0.09163722457985084,24,1
512,9,0.10431208088994026,2,1
513,-50,0.1124587807059288,50,0
514,9,0.03550385870039463,2,1
515,-39,0.12033183509483933,50,1
516,7,0.10826806910336018,4,1
517,-50,0.11171721115708351,50,0
518,8,0.19655366676549116,3,1
519,9,0.11699726060032845,2,1
520,8,0.06632157911856969,3,1
521,8,0.04442053847014904,3,1
522,8,0.027395854393641155,3,1
523,10,0.02722754329442978,1,1
524,-11,0.07231487333774567,2,0
525,8,0.04780847579240799,3,1
526,-14,0.10200783859938384,25,1
527,9,0.149493508040905,2,1
528,10,0.06431776285171509,1,1
529,-14,0.0759744155779481,25,1
530,8,0.07924659922719002,3,1
531,8,0.05276565129558245,3,1
532,7,0.1494657313451171,4,1
533,6,0.1378486528992653,5,1
534,7,0.07263445761054754,4,1
535,9,0.029221681877970695,2,1
536,8,0.07799429943164189,3,1
537,8,0.08075872560342152,3,1
538,7,0.07280769664794207,4,1
539,10,0.26007944345474243,1,1
540,5,0.09002391124765079,6,1
541,10,0.06897030770778656,1,1
542,10,0.06886542588472366,1,1
543,7,0.12094865180552006,4,1
544,7,0.16615645959973335,4,1
545,-50,0.08565998613834382,50,0
546,5,0.11642451956868172,6,1
547,7,0.2602964546531439,4,1
548,6,0.09174155220389366,5,1
549,-10,0.028729349374771118,1,0
550,10,0.028960924595594406,1,1
551,6,0.09190242774784566,5,1
552,7,0.06071583367884159,4,1
553,-2,0.07111045188055588,13,1
554,9,0.3313796818256378,2,1
555,9,0.10865431651473045,2,1
556,-30,0.0939495445842423,41,1
557,-20,0.08458098111253592,31,1
558,-10,0.05132816359400749,1,0
559,-6,0.12201019190251827,17,1
560,9,0.12378538399934769,2,1
561,6,0.07883644923567772,5,1
562,8,0.12713563442230225,3,1
563,8,0.04862808622419834,3,1
564,10,0.703792929649353,1,1
565,9,0.0628151223063469,2,1
566,-31,0.0875549999376138,42,1
567,-1,0.10371046140789986,12,1
568,8,0.18799418831864992,3,1
569,10,0.07078361511230469,1,1
570,9,0.07777835801243782,2,1
571,8,0.2498662918806076,3,1
572,6,0.06327019110321999,5,1
573,9,0.031166447326540947,2,1
574,10,0.12821273505687714,1,1
575,9,0.12038373202085495,2,1
576,7,0.09897114615887403,4,1
577,5,0.09205250504116218,6,1
578,-5,0.11343110806774348,16,1
579,10,0.02538301609456539,1,1
580,-12,0.2009397397438685,3,0
581,10,0.0810108333826065,1,1
582,-11,0.09737403132021427,2,0
583,5,0.050351724959909916,6,1
584,9,0.09508718550205231,2,1
585,5,0.13413458596915007,6,1
586,-2,0.10749521521994701,13,1
587,10,0.29921939969062805,1,1
588,8,0.13460423052310944,3,1
589,8,0.07643922915061314,3,1
590,4,0.16458319872617722,7,1
591,7,0.09446378704160452,4,1
592,7,0.122488958761096,4,1
593,10,0.03142913430929184,1,1
594,10,0.06313901394605637,1,1
595,7,0.06282697711139917,4,1
596,6,0.24895888119935988,5,1
597,8,0.07391174261768658,3,1
598,9,0.0715867206454277,2,1
599,-5,0.13245927880052477,16,1
600,10,0.05954355746507645,1,1
601,8,0.04554952681064606,3,1
602,-50,0.11306779224425555,50,0
603,9,0.03316354565322399,2,1
604,10,0.09424234926700592,1,1
605,-3,0.08177967961611492,14,1
606,8,0.025583717972040176,3,1
607,5,0.029578723944723606,6,1
608,10,0.009887287393212318,1,1
609,10,0.027706973254680634,1,1
610,5,0.047022828521827854,6,1
611,4,0.11635042108329278,7,1
612,-50,0.11188667178153992,50,0
613,6,0.03703832663595676,5,1
614,7,0.13236144604161382,4,1
615,8,0.04351338433722655,3,1
616,-3,0.0789036810664194,14,1
617,-10,0.024452989920973778,1,0
618,-19,0.09052784234906236,30,1
619,10,0.11658738553524017,1,1
620,7,0.0627224906347692,4,1
621,9,0.041581807658076286,2,1
622,9,0.04546400159597397,2,1
623,10,0.036927904933691025,1,1
624,-10,0.13067972660064697,1,0
625,9,0.03264924883842468,2,1
626,7,0.01956384559161961,4,1
627,8,0.03324746092160543,3,1
628,7,0.021924508968368173,4,1
629,10,0.10450658202171326,1,1
630,10,0.08731709420681,1,1
631,10,0.0709877610206604,1,1
632,4,0.041842112583773475,7,1
633,10,0.011388189159333706,1,1
634,10,0.010519690811634064,1,1
635,-19,0.14303161380812526,30,1
636,9,0.07174291275441647,2,1
637,-50,0.11267803359776735,50,0
638,7,0.09782668482512236,4,1
639,7,0.057987648993730545,4,1
640,9,0.10510323569178581,2,1
641,10,0.10712546110153198,1,1
642,-29,0.1221905566751957,40,1
643,8,0.060997228448589645,3,1
644,9,0.09194009751081467,2,1
645,4,0.06935776078275271,7,1
646,-50,0.09221975794062018,50,0
647,10,0.11263929307460785,1,1
648,9,0.036552781239151955,2,1
649,9,0.027697913348674774,2,1
650,9,0.16568715497851372,2,1
651,7,0.030215492006391287,4,1
652,9,0.06854403205215931,2,1
653,5,0.04368271213024855,6,1
654,10,0.011823680251836777,1,1
655,9,0.03190550860017538,2,1
656,7,0.10735601000487804,4,1
657,6,0.07879402972757817,5,1
658,-15,0.06170545289149651,26,1
659,8,0.06279490143060684,3,1
660,-10,0.15023933280081975,21,1
661,-50,0.10977917309850455,50,0
662,9,0.06209229677915573,2,1
663,-50,0.10755406536161899,50,0
664,-10,0.07111610472202301,1,0
665,8,0.06869683290521304,3,1
666,9,0.07508755475282669,2,1
667,10,0.09262136369943619,1,1
668,5,0.1889866686736544,6,1
669,9,0.2930196300148964,2,1
670,9,0.24205034971237183,2,1
671,7,0.08323990181088448,4,1
672,-11,0.06586942356079817,2,0
673,-21,0.13438622478861362,32,1
674,10,0.06989111006259918,1,1
675,8,0.126124806702137,3,1
676,7,0.11632693000137806,4,1
677,10,0.06066082417964935,1,1
678,8,0.09219336758057277,3,1
679,7,0.1598040647804737,4,1
680,7,0.25009011197835207,4,1
681,-12,0.11527486760979114,23,1
682,7,0.18020409625023603,4,1
683,9,0.1353103145956993,2,1
684,-10,0.0875721350312233,1,0
685,8,0.06780761356155078,3,1
686,9,0.11788492277264595,2,1
687,10,0.0807587131857872,1,1
688,3,0.11591358156874776,8,1
689,10,0.02117478847503662,1,1
690,10,0.04653593525290489,1,1
691,-24,0.11681013314851693,35,1
692,9,0.3278936296701431,2,1
693,7,0.10028335731476545,4,1
694,5,0.03888567412892977,6,1
695,7,0.10781636647880077,4,1
696,8,0.24289766202370325,3,1
697,9,0.09994623623788357,2,1
698,7,0.17209420539438725,4,1
699,7,0.06716773798689246,4,1
700,8,0.015218414987126986,3,1
701,10,0.0409209281206131,1,1
702,6,0.15927721560001373,5,1
703,-10,0.5375010371208191,1,0
704,6,0.18265617787837982,5,1
705,7,0.18125495128333569,4,1
706,3,0.12028991943225265,8,1
707,8,0.1285313939054807,3,1
708,5,0.15291785324613252,6,1
709,10,0.11164947599172592,1,1
710,9,0.10520895570516586,2,1
711,10,0.14010076224803925,1,1
712,7,0.24705887399613857,4,1
713,6,0.0353417307138443,5,1
714,9,0.019486109726130962,2,1
715,-10,0.015524856746196747,1,0
716,10,0.05707337334752083,1,1
717,10,0.09536787122488022,1,1
718,9,0.05489012412726879,2,1
719,9,0.28852856159210205,2,1
720,10,0.02120339497923851,1,1
721,9,0.24899636954069138,2,1
722,6,0.030457035824656486,5,1
723,9,0.0780471945181489,2,1
724,8,0.18468280881643295,3,1
725,9,0.04913756810128689,2,1
726,-10,0.1538291573524475,1,0
727,-50,0.12232722662389278,50,0
728,9,0.038545627146959305,2,1
729,9,0.11064101755619049,2,1
730,-7,0.1336417884255449,18,1
731,7,0.1282627359032631,4,1
732,8,0.06712261587381363,3,1
733,-48,0.11024553947246228,39,0
734,6,0.07590331137180328,5,1
735,10,0.05184512212872505,1,1
736,8,0.06244712322950363,3,1
737,10,0.409153014421463,1,1
738,10,0.016955316066741943,1,1
739,10,0.0325581431388855,1,1
740,9,0.21455617994070053,2,1
741,6,0.0918122261762619,5,1
742,-24,0.09779831634036132,35,1
743,10,0.046046044677495956,1,1
744,8,0.023105934572716553,3,1
745,7,0.09695175848901272,4,1
746,10,0.5332494974136353,1,1
747,8,0.12162077923615773,3,1
748,9,0.08853894099593163,2,1
749,9,0.09163486212491989,2,1
750,6,0.08041359186172485,5,1
751,8,0.04368873871862888,3,1
752,10,0.10791970044374466,1,1
753,7,0.06555823236703873,4,1
754,9,0.2632625550031662,2,1
755,7,0.10738773550838232,4,1
756,8,0.06583709145585696,3,1
757,9,0.08377652242779732,2,1
758,-27,0.10182650433853269,38,1
759,10,0.1230587288737297,1,1
760,-50,0.11472464239224792,50,0
761,-42,0.11096299501756827,33,0
762,8,0.24172892545660338,3,1
763,-50,0.12805614169687032,50,0
764,9,0.05349252000451088,2,1
765,-34,0.09285490654408932,25,0
766,9,0.269664054736495,2,1
767,7,0.0855857904534787,4,1
768,6,0.08559260480105876,5,1
769,8,0.06485703960061073,3,1
770,9,0.227618720382452,2,1
771,8,0.35002364218235016,3,1
772,6,0.11778853982686996,5,1
773,8,0.0834658294916153,3,1
774,8,0.15891773998737335,3,1
775,9,0.2519320584833622,2,1
776,8,0.09959121296803157,3,1
777,-50,0.10921835895627736,50,0
778,6,0.07300174608826637,5,1
779,9,0.08206454664468765,2,1
780,8,0.05601226290067037,3,1
781,8,0.2766093984246254,3,1
782,8,0.04087621346116066,3,1
783,10,0.039403751492500305,1,1
784,8,0.033187336598833404,3,1
785,6,0.10964966118335724,5,1
786,10,0.13401642441749573,1,1
787,7,0.026410233229398727,4,1
788,9,0.04137329198420048,2,1
789,10,0.056542590260505676,1,1
790,9,0.31426621228456497,2,1
791,7,0.0672960109077394,4,1
792,8,0.08647337183356285,3,1
793,10,0.030573615804314613,1,1
794,10,0.06824647635221481,1,1
795,6,0.1069128967821598,5,1
796,9,0.19004978612065315,2,1
797,8,0.18248986018200716,3,1
798,10,0.2944833040237427,1,1
799,10,0.010495826601982117,1,1
800,10,0.06613601744174957,1,1
801,9,0.07567112520337105,2,1
802,-50,0.07682393513619899,50,0
803,9,0.06557893939316273,2,1
804,9,0.02548916544765234,2,1
805,-10,0.04938909038901329,1,0
806,10,0.059012703597545624,1,1
807,8,0.0557509201268355,3,1
808,9,0.05114740878343582,2,1
809,9,0.0803460031747818,2,1
810,10,0.05147111415863037,1,1
811,7,0.1663684230297804,4,1
812,7,0.04207476880401373,4,1
813,6,0.04802384003996849,5,1
814,-12,0.046331545958916344,3,0
815,7,0.08802006300538778,4,1
816,8,0.051795631647109985,3,1
817,7,0.08300698921084404,4,1
818,-50,0.12048576794564723,50,0
819,6,0.21762451827526091,5,1
820,7,0.041482881642878056,4,1
821,9,0.23507172148674726,2,1
822,7,0.06321435607969761,4,1
823,7,0.08978583849966526,4,1
824,5,0.045278941125919424,6,1
825,10,0.0694887638092041,1,1
826,-50,0.07587648134678603,50,0
827,8,0.04709323061009248,3,1
828,5,0.061790174494187035,6,1
829,7,0.09610566543415189,4,1
830,7,0.23392111994326115,4,1
831,5,0.10040082068492968,6,1
832,-17,0.12729018228128552,28,1
833,8,0.06072010099887848,3,1
834,9,0.06205432116985321,2,1
835,-50,0.09400781016796828,50,0
836,7,0.08267234824597836,4,1
837,10,0.21644842624664307,1,1
838,9,0.12510260567069054,2,1
839,7,0.18277962319552898,4,1
840,9,0.04891921393573284,2,1
841,7,0.15316078905016184,4,1
842,7,0.20072741154581308,4,1
843,10,0.08133865147829056,1,1
844,8,0.04655368129412333,3,1
845,-49,0.09800253370776772,40,0
846,-10,0.13856929673680238,21,1
847,8,0.05612305551767349,3,1
848,10,0.19603025913238525,1,1
849,8,0.07800901060303052,3,1
850,8,0.06256695588429768,3,1
851,8,0.06184230620662371,3,1
852,7,0.1258798399940133,4,1
853,-50,0.11351655129343272,50,0
854,8,0.09161617855230968,3,1
855,-50,0.09717667274177075,50,0
856,10,0.3827159106731415,1,1
857,8,0.13384358833233514,3,1
858,8,0.07673536241054535,3,1
859,10,0.0937761515378952,1,1
860,9,0.15432538092136383,2,1
861,-10,0.040500931441783905,1,0
862,10,0.06390706449747086,1,1
863,8,0.053405528888106346,3,1
864,9,0.04361279308795929,2,1
865,9,0.07006371580064297,2,1
866,9,0.05132920853793621,2,1
867,9,0.07514566741883755,2,1
868,-22,0.08792099667092164,33,1
869,9,0.13076556473970413,2,1
870,-4,0.08255821168422699,15,1
871,9,0.05517849884927273,2,1
872,6,0.05482848882675171,5,1
873,-50,0.08477098958566785,50,0
874,10,0.029636625200510025,1,1
875,10,0.3109155595302582,1,1
876,8,0.05050091197093328,3,1
877,9,0.2251557670533657,2,1
878,8,0.11524767925341924,3,1
879,10,0.09713821858167648,1,1
880,7,0.05872578173875809,4,1
881,-11,0.07723816949874163,2,0
882,7,0.03768922574818134,4,1
883,-39,0.0728490119241178,50,1
884,-50,0.10949177518486977,50,0
885,8,0.06209038943052292,3,1
886,8,0.03039656641582648,3,1
887,7,0.08682298194617033,4,1
888,10,0.034087177366018295,1,1
889,9,0.03918285295367241,2,1
890,10,0.03141860291361809,1,1
891,7,0.04852653807029128,4,1
892,1,0.06441954281181098,10,1
893,8,0.10275488098462422,3,1
894,10,0.04468286409974098,1,1
895,10,0.04248514771461487,1,1
896,7,0.048209268134087324,4,1
897,9,0.030796473380178213,2,1
898,7,0.0501292881090194,4,1
899,8,0.1966038073102633,3,1
900,7,0.06574276741594076,4,1
901,10,0.13390615582466125,1,1
902,9,0.053896309807896614,2,1
903,10,0.017162518575787544,1,1
904,7,0.09320362797006965,4,1
905,8,0.2667307381828626,3,1
906,9,0.15414781868457794,2,1
907,8,0.033511502047379814,3,1
908,7,0.03979409905150533,4,1
909,8,0.18597367654244104,3,1
910,10,0.07343591004610062,1,1
911,4,0.05593562072941235,7,1
912,9,0.019745723344385624,2,1
913,-50,0.07806266352534294,50,0
914,7,0.12202011654153466,4,1
915,-50,0.08195524962618947,50,0
916,5,0.0681029415378968,6,1
917,9,0.1372009627521038,2,1
918,-5,0.13725753186736256,16,1
919,10,0.059686969965696335,1,1
920,8,0.055815973629554115,3,1
921,8,0.1643588754038016,3,1
922,10,0.18726754188537598,1,1
923,-50,0.06930998874828219,50,0
924,6,0.045593544095754626,5,1
925,10,0.013686987571418285,1,1
926,9,0.05743769742548466,2,1
927,10,0.059521839022636414,1,1
928,-11,0.1906015882268548,2,0
929,-41,0.08658090454991907,32,0
930,-38,0.0760982595384121,49,1
931,-3,0.0625651895201632,14,1
932,-50,0.09492421995848417,50,0
933,-50,0.0908842170983553,50,0
934,7,0.07072994532063603,4,1
935,10,0.062363721430301666,1,1
936,10,0.09052412956953049,1,1
937,-8,0.0832269934839324,19,1
938,8,0.1110324536760648,3,1
939,-13,0.06071049999445677,4,0
940,8,0.06802323336402576,3,1
941,-40,0.06394493315489061,31,0
942,7,0.031097078463062644,4,1
943,-50,0.12835406068712474,50,0
944,-58,0.0893138698777374,49,0
945,-50,0.06694188440218568,50,0
946,-20,0.07840358525995285,31,1
947,9,0.05509342812001705,2,1
948,-10,0.025386018678545952,1,0
949,8,0.035164810717105865,3,1
950,7,0.06326532270759344,4,1
951,10,0.030868513509631157,1,1
952,0,0.14509621330282904,11,1
953,6,0.09709664806723595,5,1
954,6,0.0979887917637825,5,1
955,-11,0.06610358320176601,2,0
956,10,0.04525702819228172,1,1
957,9,0.1260194629430771,2,1
958,10,0.08084221184253693,1,1
959,6,0.0505570150911808,5,1
960,8,0.14661128322283426,3,1
961,-10,0.015282964333891869,1,0
962,-15,0.09578787829153813,26,1
963,8,0.06650806342562039,3,1
964,4,0.24231111258268356,7,1
965,9,0.19877564907073975,2,1
966,7,0.06057572178542614,4,1
967,5,0.08439699498315652,6,1
968,8,0.12613218960662684,3,1
969,9,0.13657525554299355,2,1
970,3,0.09018357517197728,8,1
971,-40,0.08227541712262938,31,0
972,8,0.08500629539291064,3,1
973,9,0.07355571538209915,2,1
974,3,0.13892237609252334,8,1
975,8,0.1368748297293981,3,1
976,10,0.29991304874420166,1,1
977,7,0.1463626902550459,4,1
978,10,0.14792796969413757,1,1
979,8,0.02480216510593891,3,1
980,9,0.06093127280473709,2,1
981,10,0.0149395652115345,1,1
982,8,0.17397490888834,3,1
983,7,0.1599837876856327,4,1
984,-50,0.1220757463388145,50,0
985,9,0.087004903703928,2,1
986,9,0.13634582608938217,2,1
987,7,0.09830498322844505,4,1
988,10,0.08423322439193726,1,1
989,10,0.10919959843158722,1,1
990,7,0.14576533623039722,4,1
991,-1,0.07891787433375914,12,1
992,3,0.1384994660038501,8,1
993,-1,0.059986045118421316,12,1
994,9,0.1662853043526411,2,1
995,8,0.16306456178426743,3,1
996,9,0.07995688449591398,2,1
997,8,0.1544529696305593,3,1
998,8,0.08581338574488957,3,1
999,9,0.07113293930888176,2,1
1000,10,0.974036455154419,1,1
1,9,0.1317995022982359,2,1
2,10,0.046705808490514755,1,1
3,9,0.08627505972981453,2,1
4,10,0.08878778666257858,1,1
5,10,0.08458022773265839,1,1
6,10,0.03910527750849724,1,1
7,9,0.098125534132123,2,1
8,9,0.09106345102190971,2,1
9,9,0.21382018737494946,2,1
10,9,0.05904369242489338,2,1
11,9,0.27192642353475094,2,1
12,-50,0.13008632153272628,50,0
13,8,0.13067643406490484,3,1
14,-13,0.12864152000596127,24,1
15,10,0.28226393461227417,1,1
16,10,0.3184456527233124,1,1
17,8,0.09535375237464905,3,1
18,9,0.23496384918689728,2,1
19,6,0.1524744912981987,5,1
20,-50,0.1298204991593957,50,0
21,-10,0.11251045018434525,1,0
22,9,0.2139666434377432,2,1
23,8,0.10326294600963593,3,1
24,9,0.10538903065025806,2,1
25,9,0.0636155940592289,2,1
26,9,0.051190612837672234,2,1
27,10,0.03915982320904732,1,1
28,7,0.1950494395568967,4,1
29,-12,0.10831054548422496,3,0
30,-50,0.09816884566098452,50,0
31,8,0.04096518332759539,3,1
32,10,0.1739802211523056,1,1
33,5,0.22708982105056444,6,1
34,9,0.11465256661176682,2,1
35,5,0.0984428698817889,6,1
36,9,0.09462160989642143,2,1
37,10,0.07723314315080643,1,1
38,6,0.115079839900136,5,1
39,10,0.046410396695137024,1,1
40,-10,0.0653124451637268,1,0
41,7,0.11628890037536621,4,1
42,8,0.03800236868361632,3,1
43,9,0.17979437857866287,2,1
44,10,0.04562744125723839,1,1
45,-50,0.13388596419245005,50,0
46,4,0.05432964861392975,7,1
47,10,0.050895653665065765,1,1
48,8,0.052146175876259804,3,1
49,7,0.1439030710607767,4,1
50,8,0.045013067622979484,3,1
51,7,0.04000522708520293,4,1
52,9,0.09049420338124037,2,1
53,-14,0.10798501383513212,25,1
54,8,0.029799327875177067,3,1
55,10,0.027313489466905594,1,1
56,7,0.08285452239215374,4,1
57,9,0.22676662355661392,2,1
58,10,0.04316478967666626,1,1
59,-50,0.10585965938866139,50,0
60,8,0.17294016356269518,3,1
61,10,0.048125676810741425,1,1
62,-50,0.10010157868266106,50,0
63,8,0.32719146211942035,3,1
64,9,0.25324389431625605,2,1
65,6,0.09618233889341354,5,1
66,10,0.07777076959609985,1,1
67,8,0.09084038808941841,3,1
68,-50,0.09365406012162567,50,0
69,10,0.084480881690979,1,1
70,7,0.08208841644227505,4,1
71,9,0.1575598120689392,2,1
72,8,0.07111270477374394,3,1
73,-10,0.09075169265270233,1,0
74,10,0.042237453162670135,1,1
75,-50,0.08225115362554788,50,0
76,4,0.06674979254603386,7,1
77,7,0.08631200017407537,4,1
78,0,0.08304190017621625,11,1
79,3,0.07452128932345659,8,1
80,4,0.10860583984426089,7,1
81,-14,0.08028702288866044,5,0
82,9,0.04226827435195446,2,1
83,7,0.055242017144337296,4,1
84,-17,0.1359206213881927,28,1
85,9,0.1865464262664318,2,1
86,9,0.06642359681427479,2,1
87,6,0.07913549952208995,5,1
88,10,0.09198550134897232,1,1
89,0,0.08072473684495146,11,1
90,10,0.06411084532737732,1,1
91,9,0.2672112211585045,2,1
92,9,0.05835396610200405,2,1
93,6,0.15789681896567345,5,1
94,9,0.021316922269761562,2,1
95,6,0.17133659943938256,5,1
96,10,0.024013327434659004,1,1
97,6,0.06724001616239547,5,1
98,8,0.03265870921313763,3,1
99,8,0.03449267397324244,3,1
100,7,0.07664292654953897,4,1
101,7,0.1590791940689087,4,1
102,7,0.0829099789261818,4,1
103,10,0.1504276543855667,1,1
104,-10,0.1252211630344391,1,0
105,10,0.062034569680690765,1,1
106,10,0.549476146697998,1,1
107,9,0.07666889950633049,2,1
108,8,0.1785853405793508,3,1
109,9,0.1029377244412899,2,1
110,8,0.11009208485484123,3,1
111,9,0.08274481073021889,2,1
112,10,0.06946493685245514,1,1
113,-10,0.11380725353956223,1,0
114,9,0.35564230382442474,2,1
115,8,0.06790817528963089,3,1
116,10,0.026444539427757263,1,1
117,9,0.1342599280178547,2,1
118,9,0.06701830215752125,2,1
119,9,0.032138814218342304,2,1
120,9,0.04405411705374718,2,1
121,10,0.07293921709060669,1,1
122,6,0.10456749722361565,5,1
123,7,0.07341546472162008,4,1
124,9,0.16580479964613914,2,1
125,4,0.13599660247564316,7,1
126,10,0.05615616962313652,1,1
127,5,0.09726231545209885,6,1
128,7,0.0756142376922071,4,1
129,9,0.13029364123940468,2,1
130,6,0.10627470314502716,5,1
131,10,0.033947594463825226,1,1
132,0,0.07410435564815998,11,1
133,7,0.0842426735907793,4,1
134,8,0.05640671650568644,3,1
135,7,0.06787720881402493,4,1
136,6,0.20466570407152176,5,1
137,2,0.14230948562423387,9,1
138,8,0.05581191927194595,3,1
139,-5,0.13230068801203743,16,1
140,5,0.11688981422533591,6,1
141,10,0.09027712047100067,1,1
142,6,0.07659854218363762,5,1
143,10,0.027796434238553047,1,1
144,2,0.1886806156900194,9,1
145,10,0.10592304915189743,1,1
146,9,0.06768026016652584,2,1
147,10,0.1303672343492508,1,1
148,5,0.07167811691761017,6,1
149,6,0.07795980498194695,5,1
150,-50,0.11675951527431608,50,0
151,9,0.0813716184347868,2,1
152,6,0.13624888956546782,5,1
153,-3,0.054682295104222636,14,1
154,10,0.04666150361299515,1,1
155,6,0.059753169864416124,5,1
156,9,0.0963444858789444,2,1
157,-6,0.09217269170810194,17,1
158,6,0.10014378800988197,5,1
159,6,0.1430554658174515,5,1
160,3,0.1546013238839805,8,1
161,8,0.060797459135452904,3,1
162,6,0.057190350443124774,5,1
163,8,0.05411739399035772,3,1
164,9,0.14212945476174355,2,1
165,-50,0.11703200612217188,50,0
166,9,0.1270821113139391,2,1
167,5,0.15372419357299805,6,1
168,10,0.14144939184188843,1,1
169,9,0.11221779324114323,2,1
170,1,0.19842136316001416,10,1
171,-50,0.12667269177734852,50,0
172,6,0.1923184685409069,5,1
173,10,0.06666206568479538,1,1
174,7,0.09794829413294792,4,1
175,9,0.036694733425974846,2,1
176,9,0.04767128452658653,2,1
177,-10,0.12819920480251312,1,0
178,9,0.04460720904171467,2,1
179,10,0.08014735579490662,1,1
180,9,0.06296214833855629,2,1
181,7,0.2356260409578681,4,1
182,8,0.15801750620206198,3,1
183,-50,0.08170850988477468,50,0
184,7,0.10618405602872372,4,1
185,8,0.21812954048315683,3,1
186,9,0.10681186988949776,2,1
187,7,0.0852815629914403,4,1
188,-10,0.040275730192661285,1,0
189,9,0.05856646690517664,2,1
190,9,0.08023257739841938,2,1
191,10,0.08049161732196808,1,1
192,8,0.12316231926282246,3,1
193,-50,0.12976038500666617,50,0
194,5,0.11495784670114517,6,1
195,10,0.06066478043794632,1,1
196,10,0.02934560738503933,1,1
197,9,0.1570564340800047,2,1
198,10,0.0589308924973011,1,1
199,6,0.051372478157281874,5,1
200,10,0.034441377967596054,1,1
201,9,0.03162611834704876,2,1
202,10,0.018347276374697685,1,1
203,7,0.11849496141076088,4,1
204,7,0.19753947667777538,4,1
205,8,0.18224131440122923,3,1
206,7,0.04368331655859947,4,1
207,10,0.039020705968141556,1,1
208,9,0.10660481080412865,2,1
209,7,0.09285929473116994,4,1
210,-2,0.11168116460052821,13,1
211,9,0.12648486718535423,2,1
212,8,0.3587822876870632,3,1
213,8,0.10423759743571281,3,1
214,9,0.050785165280103683,2,1
215,9,0.17917555291205645,2,1
216,10,0.054745838046073914,1,1
217,9,0.14019311219453812,2,1
218,10,0.08430308848619461,1,1
219,10,0.19387061893939972,1,1
220,9,0.12219083216041327,2,1
221,8,0.10396632800499599,3,1
222,10,0.044834259897470474,1,1
223,10,0.048955656588077545,1,1
224,9,0.10116416215896606,2,1
225,9,0.099353794939816,2,1
226,6,0.04557822085916996,5,1
227,6,0.09911556579172612,5,1
228,10,0.06150564178824425,1,1
229,1,0.11673986278474331,10,1
230,-16,0.08734043273660871,27,1
231,6,0.04236977696418762,5,1
232,10,0.04902895167469978,1,1
233,-13,0.08900776195029418,24,1
234,10,0.020499171689152718,1,1
235,-11,0.050963323563337326,2,0
236,9,0.020628340542316437,2,1
237,8,0.027821095660328865,3,1
238,10,0.09596823155879974,1,1
239,6,0.18037364520132543,5,1
240,-50,0.11891838151961565,50,0
241,8,0.07380259285370509,3,1
242,6,0.12170739844441414,5,1
243,10,0.2533856928348541,1,1
244,8,0.24205743769804636,3,1
245,9,0.17394725233316422,2,1
246,-11,0.19184915348887444,2,0
247,9,0.10490452498197556,2,1
248,7,0.11066031269729137,4,1
249,8,0.09882792830467224,3,1
250,9,0.0503445640206337,2,1
251,8,0.05311101426680883,3,1
252,8,0.06752839684486389,3,1
253,9,0.15982123836874962,2,1
254,10,0.05091547220945358,1,1
255,6,0.0776889268308878,5,1
256,8,0.08631557474533717,3,1
257,-11,0.11880839057266712,22,1
258,10,0.07919424027204514,1,1
259,10,0.05391589552164078,1,1
260,9,0.08572201430797577,2,1
261,10,0.19508089125156403,1,1
262,10,0.052615195512771606,1,1
263,9,0.3203113004565239,2,1
264,9,0.08791277557611465,2,1
265,-33,0.117330265104432,44,1
266,-2,0.14355963038710448,13,1
267,10,0.07256381958723068,1,1
268,9,0.4546491615474224,2,1
269,8,0.21460659305254617,3,1
270,10,0.07154013216495514,1,1
271,-19,0.09282953521857659,30,1
272,9,0.07238679565489292,2,1
273,-17,0.10549263243696519,28,1
274,9,0.030993275344371796,2,1
275,-4,0.1403728858878215,15,1
276,10,0.12312285602092743,1,1
277,9,0.149991013109684,2,1
278,10,0.048651233315467834,1,1
279,9,0.0908755213022232,2,1
280,3,0.07213564147241414,8,1
281,-23,0.10038929887335091,34,1
282,9,0.160785760730505,2,1
283,10,0.04679472744464874,1,1
284,9,0.08421753346920013,2,1
285,10,0.037169620394706726,1,1
286,8,0.09093967080116272,3,1
287,9,0.21671652421355247,2,1
288,9,0.06762650981545448,2,1
289,9,0.27952374517917633,2,1
290,8,0.07338711495200793,3,1
291,9,0.25471669994294643,2,1
292,10,0.09407013654708862,1,1
293,-50,0.09471598755568265,50,0
294,-28,0.06243505162235938,19,0
295,8,0.0445368904620409,3,1
296,8,0.1034834658106168,3,1
297,8,0.09424677863717079,3,1
298,9,0.19894341006875038,2,1
299,8,0.06349477171897888,3,1
300,8,0.136323232203722,3,1
301,-30,0.08287299624303492,41,1
302,9,0.07223816215991974,2,1
303,8,0.08797961473464966,3,1
304,-10,0.07568414509296417,1,0
305,-50,0.10078032597899438,50,0
306,8,0.032375348110993706,3,1
307,8,0.08153098076581955,3,1
308,10,0.04252102971076965,1,1
309,10,0.09705549478530884,1,1
310,10,0.0685691311955452,1,1
311,8,0.06198655689756075,3,1
312,10,0.10383512079715729,1,1
313,-12,0.09641205041628817,23,1
314,8,0.07432052493095398,3,1
315,7,0.13153262343257666,4,1
316,9,0.07161471992731094,2,1
317,10,0.07700891047716141,1,1
318,-8,0.08768774020044427,19,1
319,-50,0.08436404261738062,50,0
320,8,0.05728668036560217,3,1
321,-50,0.06605278421193361,50,0
322,-31,0.07411480123515833,22,0
323,8,0.0630313977599144,3,1
324,10,0.06028130650520325,1,1
325,9,0.08436204493045807,2,1
326,8,0.03480443047980467,3,1
327,7,0.05028892261907458,4,1
328,9,0.06933402270078659,2,1
329,-6,0.0588152246987995,17,1
330,7,0.08357434161007404,4,1
331,8,0.052369111527999244,3,1
332,10,0.045497871935367584,1,1
333,-50,0.06368840884417296,50,0
334,6,0.042619189620018004,5,1
335,10,0.013669092208147049,1,1
336,8,0.07831228524446487,3,1
337,10,0.08590065687894821,1,1
338,8,0.05580468475818634,3,1
339,9,0.08007344603538513,2,1
340,6,0.04438228383660316,5,1
341,8,0.13250496610999107,3,1
342,-50,0.05965995511040092,50,0
343,9,0.029176983051002026,2,1
344,-50,0.07882072642445564,50,0
345,5,0.05999330244958401,6,1
346,10,0.05913510173559189,1,1
347,-50,0.06512513425201177,50,0
348,4,0.05956278980842659,7,1
349,9,0.0508543960750103,2,1
350,8,0.029719918966293335,3,1
351,-50,0.06039976369589567,50,0
352,9,0.05386870540678501,2,1
353,9,0.017669458407908678,2,1
354,4,0.056420563853212764,7,1
355,9,0.09009670466184616,2,1
356,-4,0.04937745655576388,15,1
357,9,0.08437321055680513,2,1
358,10,0.009535879828035831,1,1
359,-21,0.0587626746079574,12,0
360,7,0.027244162745773792,4,1
361,9,0.06221932731568813,2,1
362,6,0.1279902644455433,5,1
363,6,0.04374502301216125,5,1
364,-26,0.10061006538350792,17,0
365,-50,0.08319385562092066,50,0
366,7,0.07711577601730824,4,1
367,8,0.1125711736579736,3,1
368,8,0.08067340900500615,3,1
369,9,0.031180418096482754,2,1
370,7,0.06078594131395221,4,1
371,10,0.050970956683158875,1,1
372,9,0.05011182278394699,2,1
373,7,0.1580909714102745,4,1
374,9,0.07585888542234898,2,1
375,7,0.035836189053952694,4,1
376,9,0.10736773535609245,2,1
377,-25,0.06403777533624735,36,1
378,9,0.028038281947374344,2,1
379,10,0.09687086939811707,1,1
380,9,0.052525999024510384,2,1
381,-10,0.049733810126781464,1,0
382,-10,0.6098081469535828,1,0
383,6,0.05449624806642532,5,1
384,7,0.0752431289292872,4,1
385,8,0.07807174076636632,3,1
386,-11,0.05804715119302273,2,0
387,9,0.3127056062221527,2,1
388,8,0.07046833386023839,3,1
389,9,0.1309361308813095,2,1
390,9,0.03626102115958929,2,1
391,9,0.06220264546573162,2,1
392,6,0.14466958716511727,5,1
393,10,0.023555099964141846,1,1
394,10,0.12438587844371796,1,1
395,7,0.060819980688393116,4,1
396,8,0.045344676822423935,3,1
397,9,0.2908444469794631,2,1
398,9,0.042801981791853905,2,1
399,9,0.043350037187337875,2,1
400,-3,0.1086586179610874,14,1
401,1,0.07203833740204572,10,1
402,9,0.12160725891590118,2,1
403,-11,0.13490407541394234,2,0
404,8,0.09036768972873688,3,1
405,9,0.09915439411997795,2,1
406,7,0.03516414202749729,4,1
407,-10,0.0981588080702793,21,1
408,-50,0.08979046627879143,50,0
409,7,0.05414172541350126,4,1
410,8,0.1780447376271089,3,1
411,7,0.05458444729447365,4,1
412,9,0.036670779809355736,2,1
413,6,0.06583267003297806,5,1
414,9,0.05270905792713165,2,1
415,10,0.05048269033432007,1,1
416,7,0.046814116183668375,4,1
417,9,0.05252714455127716,2,1
418,8,0.14713355402151743,3,1
419,10,0.09410164505243301,1,1
420,3,0.06317135272547603,8,1
421,8,0.06892051423589389,3,1
422,8,0.0625597598652045,3,1
423,-28,0.1044387483300689,39,1
424,9,0.0672985315322876,2,1
425,8,0.16990950579444566,3,1
426,9,0.039588541723787785,2,1
427,10,0.018414873629808426,1,1
428,8,0.06127800792455673,3,1
429,8,0.06015568723281225,3,1
430,-11,0.07126927375793457,2,0
431,-50,0.11687776811420918,50,0
432,8,0.21628142272432646,3,1
433,8,0.028310696283976238,3,1
434,10,0.030334440991282463,1,1
435,10,0.06632167100906372,1,1
436,-37,0.06403212588546532,28,0
437,5,0.10617799839625756,6,1
438,6,0.04069284163415432,5,1
439,8,0.05711969484885534,3,1
440,9,0.12957763485610485,2,1
441,9,0.07054509036242962,2,1
442,10,0.07958732545375824,1,1
443,8,0.047339449326197304,3,1
444,3,0.12144555081613362,8,1
445,10,0.017410267144441605,1,1
446,9,0.04944317787885666,2,1
447,9,0.06545476987957954,2,1
448,-12,0.2631205829481284,3,0
449,10,0.5808929204940796,1,1
450,10,0.03504614531993866,1,1
451,9,0.08787432312965393,2,1
452,10,0.7414770126342773,1,1
453,9,0.042257245630025864,2,1
454,8,0.0458868183195591,3,1
455,7,0.179314898326993,4,1
456,9,0.020493488758802414,2,1
457,10,0.05457055941224098,1,1
458,7,0.036689422093331814,4,1
459,10,0.08398839086294174,1,1
460,10,0.02681342326104641,1,1
461,-16,0.10283838164199281,27,1
462,9,0.09276434406638145,2,1
463,5,0.22203669821222624,6,1
464,10,0.06115742027759552,1,1
465,5,0.05093169088164965,6,1
466,7,0.07320957258343697,4,1
467,9,0.08357766550034285,2,1
468,-10,0.14675837400413694,21,1
469,10,0.04042613133788109,1,1
470,8,0.20904275154074034,3,1
471,-12,0.04345974884927273,3,0
472,7,0.057268602307885885,4,1
473,8,0.20933403074741364,3,1
474,-13,0.17795183695852757,4,0
475,6,0.15908574759960176,5,1
476,8,0.08794554819663365,3,1
477,8,0.06700067097942035,3,1
478,8,0.029740290716290474,3,1
479,9,0.07175103295594454,2,1
480,-13,0.13309339620172977,4,0
481,7,0.14998229313641787,4,1
482,-1,0.13627672707661986,12,1
483,8,0.11312481760978699,3,1
484,9,0.0771299246698618,2,1
485,8,0.0551656149327755,3,1
486,-11,0.07080874592065811,2,0
487,-10,0.028416842222213745,1,0
488,-11,0.03985288180410862,2,0
489,7,0.1038039829581976,4,1
490,10,0.3731057345867157,1,1
491,9,0.041684579104185104,2,1
492,8,0.18807809924085936,3,1
493,8,0.08535080775618553,3,1
494,7,0.1760994717478752,4,1
495,2,0.12693227724068695,9,1
496,10,0.051424287259578705,1,1
497,8,0.2138421672085921,3,1
498,5,0.16943969763815403,6,1
499,9,0.02302363980561495,2,1
500,6,0.07534609213471413,5,1
501,10,0.0571836456656456,1,1
502,10,0.03633277118206024,1,1
503,10,0.055864352732896805,1,1
504,9,0.05983816273510456,2,1
505,6,0.1227242849767208,5,1
506,0,0.1675343984229998,11,1
507,10,0.06096797436475754,1,1
508,7,0.09684675512835383,4,1
509,9,0.09669316560029984,2,1
510,-10,0.017849573865532875,1,0
511,-17,0.14062665170058608,8,0
512,7,0.330138735473156,4,1
513,10,0.15540333092212677,1,1
514,9,0.36821786500513554,2,1
515,-50,0.22392920672893524,50,0
516,8,0.1123122622569402,3,1
517,8,0.33505572626988095,3,1
518,9,0.044035233557224274,2,1
519,9,0.04712729528546333,2,1
520,8,0.11999944845835368,3,1
521,7,0.227865569293499,4,1
522,9,0.058951953426003456,2,1
523,10,0.08371270447969437,1,1
524,9,0.0493236044421792,2,1
525,7,0.08978834562003613,4,1
526,8,0.11963826417922974,3,1
527,6,0.25816344320774076,5,1
528,10,0.2019239366054535,1,1
529,9,0.08717052638530731,2,1
530,7,0.15666868537664413,4,1
531,-55,0.16741934807404227,46,0
532,-50,0.12846290215849876,50,0
533,-23,0.1574700631420402,34,1
534,7,0.27392882108688354,4,1
535,-23,0.17291422747075558,34,1
536,7,0.13507589139044285,4,1
537,9,0.2061126008629799,2,1
538,9,0.11114485189318657,2,1
539,8,0.1219939390818278,3,1
540,9,0.07719765976071358,2,1
541,9,0.08205471560359001,2,1
542,9,0.037486905232071877,2,1
543,8,0.17860626429319382,3,1
544,7,0.042711831629276276,4,1
545,10,0.022795725613832474,1,1
546,8,0.04840769742925962,3,1
547,7,0.07265459094196558,4,1
548,9,0.11618229746818542,2,1
549,9,0.05528215691447258,2,1
550,5,0.07230144925415516,6,1
551,10,0.08440765738487244,1,1
552,-17,0.1448395110533706,28,1
553,5,0.16158203221857548,6,1
554,9,0.19572384655475616,2,1
555,7,0.21191073767840862,4,1
556,9,0.08261740207672119,2,1
557,7,0.08317089267075062,4,1
558,8,0.08789049585660298,3,1
559,10,0.15162380039691925,1,1
560,7,0.08225743472576141,4,1
561,9,0.11739472299814224,2,1
562,10,0.3839022219181061,1,1
563,10,0.04526090994477272,1,1
564,-50,0.11510020069777965,50,0
565,9,0.08795836195349693,2,1
566,7,0.0848459992557764,4,1
567,7,0.27111045457422733,4,1
568,9,0.2542922794818878,2,1
569,8,0.050140630453825,3,1
570,6,0.09468196034431457,5,1
571,8,0.054575966050227485,3,1
572,8,0.0414607897400856,3,1
573,10,0.13869550824165344,1,1
574,8,0.07606490825613339,3,1
575,9,0.0654214657843113,2,1
576,10,0.053979791700839996,1,1
577,8,0.10350733250379562,3,1
578,-2,0.09258262247133714,13,1
579,-50,0.1430633739940822,50,0
580,9,0.08189037069678307,2,1
581,10,0.08080367743968964,1,1
582,7,0.08036793395876884,4,1
583,-50,0.10495576661080122,50,0
584,9,0.07185841165482998,2,1
585,10,0.06918483227491379,1,1
586,9,0.056520091369748116,2,1
587,9,0.1207748893648386,2,1
588,8,0.06674646151562531,3,1
589,6,0.12989871725440025,5,1
590,9,0.03967072023078799,2,1
591,10,0.022375760599970818,1,1
592,-29,0.1298712193965912,40,1
593,9,0.06465494073927402,2,1
594,8,0.1674483691652616,3,1
595,-36,0.11534667629352276,47,1
596,8,0.06681355585654576,3,1
597,-50,0.11566633254289627,50,0
598,-10,0.08790888375647012,21,1
599,9,0.05889825336635113,2,1
600,9,0.05166053958237171,2,1
601,10,0.13820287585258484,1,1
602,6,0.042968820035457614,5,1
603,-4,0.08546948879957199,15,1
604,10,0.02887904644012451,1,1
605,8,0.036886274193724,3,1
606,10,0.1242610290646553,1,1
607,-22,0.15405122111909664,13,0
608,8,0.06484437485535939,3,1
609,8,0.2819526915748914,3,1
610,-50,0.07958116669207811,50,0
611,5,0.06600168626755476,6,1
612,-11,0.07825082625177773,22,1
613,-14,0.10081141248345375,25,1
614,10,0.2924244701862335,1,1
615,-34,0.07054502548029025,45,1
616,-9,0.07834373228251934,20,1
617,8,0.07376416027545929,3,1
618,10,0.04112725332379341,1,1
619,10,0.40961337089538574,1,1
620,7,0.14828235330060124,4,1
621,9,0.027468010783195496,2,1
622,10,0.0346602126955986,1,1
623,8,0.04941547910372416,3,1
624,10,0.05780395120382309,1,1
625,7,0.13184135779738426,4,1
626,10,0.05552731081843376,1,1
627,10,0.0912475734949112,1,1
628,7,0.13768903817981482,4,1
629,6,0.059264595806598666,5,1
630,7,0.21038277260959148,4,1
631,8,0.12852348387241364,3,1
632,9,0.02517897915095091,2,1
633,-3,0.07336653063872031,14,1
634,9,0.07366716302931309,2,1
635,8,0.0556609402410686,3,1
636,10,0.021519916132092476,1,1
637,7,0.08377712010405958,4,1
638,8,0.04138908659418424,3,1
639,-16,0.08760212030675676,27,1
640,10,0.3784075975418091,1,1
641,9,0.0788748599588871,2,1
642,7,0.08692337572574615,4,1
643,8,0.06583267822861671,3,1
644,6,0.06191376447677612,5,1
645,6,0.08056665584445,5,1
646,9,0.026472268626093864,2,1
647,9,0.11735957115888596,2,1
648,9,0.04396236687898636,2,1
649,6,0.04161434434354305,5,1
650,-2,0.06736868591262744,13,1
651,7,0.05929761193692684,4,1
652,-50,0.08459250487387181,50,0
653,-31,0.0919878003852708,42,1
654,8,0.0830908219019572,3,1
655,6,0.12232353389263154,5,1
656,8,0.0811815398434798,3,1
657,7,0.10766353737562895,4,1
658,7,0.15251984633505344,4,1
659,8,0.1077469972272714,3,1
660,9,0.05695983488112688,2,1
661,7,0.058285439386963844,4,1
662,10,0.028071776032447815,1,1
663,7,0.0695547815412283,4,1
664,10,0.3570680022239685,1,1
665,9,0.0856782179325819,2,1
666,7,0.06839966913685203,4,1
667,8,0.11332102864980698,3,1
668,-36,0.07899331016109344,47,1
669,7,0.10144921578466892,4,1
670,8,0.08665224661429723,3,1
671,-13,0.06678217470956345,24,1
672,-10,0.020316924899816513,1,0
673,-22,0.09020247665995901,33,1
674,9,0.16876960545778275,2,1
675,9,0.12090067937970161,2,1
676,-23,0.09366619323982912,34,1
677,10,0.07972153276205063,1,1
678,9,0.04270627163350582,2,1
679,9,0.09229222685098648,2,1
680,10,0.059278666973114014,1,1
681,5,0.06241500160346428,6,1
682,8,0.08374272907773654,3,1
683,7,0.06973776477389038,4,1
684,9,0.09442904964089394,2,1
685,10,0.07283997535705566,1,1
686,-12,0.07987609473259552,23,1
687,10,0.04718402400612831,1,1
688,6,0.05861912220716477,5,1
689,4,0.11441750638186932,7,1
690,6,0.11931267902255058,5,1
691,9,0.03504067845642567,2,1
692,6,0.05317404121160507,5,1
693,-11,0.2275825124233961,2,0
694,9,0.030994748696684837,2,1
695,7,0.047864798456430435,4,1
696,7,0.05958175775595009,4,1
697,10,0.018844064325094223,1,1
698,10,0.044419482350349426,1,1
699,8,0.024689769993225735,3,1
700,8,0.055767339964707695,3,1
701,5,0.1296667599429687,6,1
702,7,0.06326586194336414,4,1
703,10,0.04140830785036087,1,1
704,-11,0.08393479824404824,22,1
705,10,0.03546413406729698,1,1
706,10,0.2425268292427063,1,1
707,-2,0.08145405323459552,13,1
708,9,0.08443656377494335,2,1
709,9,0.05604987591505051,2,1
710,9,0.05254572257399559,2,1
711,8,0.04931333723167578,3,1
712,10,0.1878141462802887,1,1
713,9,0.13176655024290085,2,1
714,-50,0.08095210965722799,50,0
715,8,0.0936418945590655,3,1
716,-11,0.0968989934772253,2,0
717,6,0.1497502911835909,5,1
718,-21,0.09653615215211175,32,1
719,10,0.06028880551457405,1,1
720,7,0.05960845062509179,4,1
721,9,0.07874319329857826,2,1
722,8,0.1696271151304245,3,1
723,9,0.2206372320652008,2,1
724,8,0.11406045779585838,3,1
725,10,0.0446152538061142,1,1
726,8,0.14900762339433035,3,1
727,9,0.14970901794731617,2,1
728,8,0.05026292925079664,3,1
729,6,0.15826506465673446,5,1
730,10,0.10758679360151291,1,1
731,10,0.036764442920684814,1,1
732,10,0.07104301452636719,1,1
733,7,0.07304086443036795,4,1
734,8,0.11565415312846501,3,1
735,7,0.07206268422305584,4,1
736,6,0.06984254568815232,5,1
737,9,0.04044022597372532,2,1
738,9,0.03870937880128622,2,1
739,8,0.10318782180547714,3,1
740,10,0.1675696223974228,1,1
741,9,0.10965459421277046,2,1
742,8,0.10911436875661214,3,1
743,9,0.042019523680210114,2,1
744,10,0.02723071724176407,1,1
745,3,0.0623085955157876,8,1
746,10,0.06675180792808533,1,1
747,10,0.04176579788327217,1,1
748,10,0.2262827754020691,1,1
749,-50,0.06855508793145418,50,0
750,8,0.10343597580989201,3,1
751,9,0.048830016516149044,2,1
752,-10,0.03342908248305321,1,0
753,8,0.06784240901470184,3,1
754,8,0.05482172966003418,3,1
755,-18,0.11749639272175987,29,1
756,7,0.16450894344598055,4,1
757,9,0.04244644567370415,2,1
758,-50,0.0765264693647623,50,0
759,-11,0.08101795016872612,22,1
760,-50,0.08227076467126608,50,0
761,6,0.09145176820456982,5,1
762,9,0.09187393076717854,2,1
763,10,0.04258878529071808,1,1
764,7,0.07013666303828359,4,1
765,-50,0.08767896641045808,50,0
766,10,0.05488041788339615,1,1
767,-8,0.09614825827118598,19,1
768,8,0.06550314587851365,3,1
769,9,0.07479782775044441,2,1
770,7,0.11076142219826579,4,1
771,8,0.07638108481963475,3,1
772,7,0.0984141593798995,4,1
773,7,0.04408825980499387,4,1
774,8,0.03609733904401461,3,1
775,10,0.0316595621407032,1,1
776,10,0.01923818327486515,1,1
777,6,0.07819881550967693,5,1
778,8,0.07676027218500774,3,1
779,8,0.031771374866366386,3,1
780,10,0.08982488512992859,1,1
781,10,0.08639593422412872,1,1
782,4,0.07076410044516836,7,1
783,9,0.11265866085886955,2,1
784,4,0.0684364666896207,7,1
785,7,0.04438126366585493,4,1
786,10,0.038398198783397675,1,1
787,8,0.149252292389671,3,1
788,8,0.05132988405724367,3,1
789,7,0.0692252442240715,4,1
790,10,0.03924952819943428,1,1
791,8,0.06096128995219866,3,1
792,8,0.06998460118969281,3,1
793,9,0.10421502776443958,2,1
794,8,0.07478887091080348,3,1
795,2,0.0900357605682479,9,1
796,7,0.07793482858687639,4,1
797,10,0.04332411289215088,1,1
798,10,0.05379857122898102,1,1
799,7,0.26320604979991913,4,1
800,-5,0.08028933696914464,16,1
801,7,0.09823797177523375,4,1
802,5,0.07117055418590705,6,1
803,8,0.11474797129631042,3,1
804,8,0.09787917385498683,3,1
805,9,0.10695704631507397,2,1
806,9,0.10561001673340797,2,1
807,8,0.08071519682804744,3,1
808,5,0.08780921064317226,6,1
809,8,0.11230713874101639,3,1
810,8,0.07200067552427451,3,1
811,7,0.03287334833294153,4,1
812,-50,0.10354932384565473,50,0
813,10,0.03280220180749893,1,1
814,8,0.051541936894257866,3,1
815,-50,0.06451716568320989,50,0
816,10,0.013268918730318546,1,1
817,5,0.034912191797047853,6,1
818,8,0.048933690724273525,3,1
819,10,0.07465668022632599,1,1
820,10,0.01183876022696495,1,1
821,7,0.0381586067378521,4,1
822,10,0.01618487574160099,1,1
823,8,0.07936223223805428,3,1
824,-10,0.17367596924304962,1,0
825,9,0.08741065487265587,2,1
826,9,0.10539441369473934,2,1
827,9,0.08774441853165627,2,1
828,7,0.18072394747287035,4,1
829,7,0.05397358536720276,4,1
830,9,0.09319734945893288,2,1
831,10,0.03046848624944687,1,1
832,10,0.07328182458877563,1,1
833,9,0.05226887855678797,2,1
834,-50,0.10558959767222405,50,0
835,9,0.07755241170525551,2,1
836,-7,0.06304740295228031,18,1
837,9,0.06973046436905861,2,1
838,-29,0.12394932662136852,40,1
839,6,0.03873318918049336,5,1
840,10,0.06877594441175461,1,1
841,10,0.04579145461320877,1,1
842,8,0.1666098947947224,3,1
843,-8,0.08822138029101648,19,1
844,10,0.0466703400015831,1,1
845,-50,0.06104126837104559,50,0
846,4,0.057568389124103954,7,1
847,-50,0.06316222656518221,50,0
848,9,0.08703625807538629,2,1
849,8,0.1387755461037159,3,1
850,10,0.03198820725083351,1,1
851,-10,0.15567436814308167,1,0
852,10,0.024957746267318726,1,1
853,7,0.10858176648616791,4,1
854,9,0.02632106514647603,2,1
855,6,0.03817830868065357,5,1
856,10,0.11240632832050323,1,1
857,-50,0.06361909560859204,50,0
858,10,0.05199695751070976,1,1
859,-1,0.10517784394323826,12,1
860,10,0.08579942584037781,1,1
861,-50,0.05215541640296578,50,0
862,7,0.05285802436992526,4,1
863,7,0.05173471104353666,4,1
864,9,0.031042450107634068,2,1
865,10,0.022118600085377693,1,1
866,9,0.051229964941740036,2,1
867,9,0.04006713442504406,2,1
868,6,0.045649464800953866,5,1
869,10,0.015652362257242203,1,1
870,-7,0.08258817603604661,18,1
871,10,0.012499023228883743,1,1
872,9,0.17245861142873764,2,1
873,-50,0.05646585253998637,50,0
874,9,0.014574512373656034,2,1
875,10,0.014046022668480873,1,1
876,8,0.021136703280111153,3,1
877,-50,0.048415740197524426,50,0
878,8,0.05116967981060346,3,1
879,10,0.03993280977010727,1,1
880,10,0.07320338487625122,1,1
881,8,0.05620585257808367,3,1
882,7,0.03193584457039833,4,1
883,6,0.03752663806080818,5,1
884,4,0.026359466835856438,7,1
885,9,0.056277371011674404,2,1
886,7,0.045331370551139116,4,1
887,6,0.056060726195573805,5,1
888,8,0.05975028748313586,3,1
889,-50,0.06841468011960387,50,0
890,10,0.011852534487843513,1,1
891,9,0.0328350905328989,2,1
892,8,0.012124178155014912,3,1
893,10,0.018145091831684113,1,1
894,0,0.10906236889687451,11,1
895,7,0.0813868185505271,4,1
896,8,0.07115125035246213,3,1
897,-28,0.0492059343900436,39,1
898,8,0.07696446900566419,3,1
899,9,0.07425509579479694,2,1
900,8,0.07516952976584435,3,1
901,9,0.060608893632888794,2,1
902,10,0.041204143315553665,1,1
903,9,0.13231748342514038,2,1
904,7,0.06435253191739321,4,1
905,7,0.059855214320123196,4,1
906,10,0.034832913428545,1,1
907,7,0.07848294731229544,4,1
908,-43,0.057728920597583055,34,0
909,10,0.029559554532170296,1,1
910,10,0.02950499951839447,1,1
911,8,0.05367107316851616,3,1
912,7,0.0744772907346487,4,1
913,-13,0.043273523449897766,4,0
914,1,0.06576824188232422,10,1
915,-50,0.06830692283809185,50,0
916,8,0.06339346058666706,3,1
917,10,0.0149811040610075,1,1
918,5,0.03676053384939829,6,1
919,9,0.18717814981937408,2,1
920,10,0.08843819051980972,1,1
921,8,0.09023106843233109,3,1
922,-50,0.05694153986871243,50,0
923,5,0.05167635250836611,6,1
924,10,0.016764629632234573,1,1
925,-20,0.06972393729994374,31,1
926,9,0.042784184217453,2,1
927,5,0.06278059724718332,6,1
928,-21,0.07049229965195991,32,1
929,10,0.037869974970817566,1,1
930,10,0.030516138300299644,1,1
931,8,0.016401446734865505,3,1
932,9,0.04190140962600708,2,1
933,9,0.04064349923282862,2,1
934,7,0.050667217234149575,4,1
935,3,0.07057667640037835,8,1
936,7,0.061798988841474056,4,1
937,7,0.07605716958642006,4,1
938,10,0.09004204720258713,1,1
939,7,0.04053789749741554,4,1
940,9,0.08207971788942814,2,1
941,9,0.030568698421120644,2,1
942,5,0.06133396395792564,6,1
943,-11,0.06619853153824806,2,0
944,8,0.02337891577432553,3,1
945,9,0.25572691997513175,2,1
946,-31,0.07396861913037442,42,1
947,9,0.04266245383769274,2,1
948,6,0.10462917014956474,5,1
949,9,0.025852308608591557,2,1
950,9,0.04439982678741217,2,1
951,-50,0.08210220936685801,50,0
952,7,0.05026762094348669,4,1
953,-20,0.07222621583125809,11,0
954,10,0.10430541634559631,1,1
955,8,0.09806247800588608,3,1
956,7,0.09582054987549782,4,1
957,9,0.051713621243834496,2,1
958,10,0.5195316672325134,1,1
959,8,0.061120275408029556,3,1
960,-10,0.4708886444568634,1,0
961,9,0.09153593238443136,2,1
962,9,0.0438492139801383,2,1
963,-46,0.10207244386342731,37,0
964,7,0.04495734442025423,4,1
965,-35,0.08348024381405633,46,1
966,8,0.2252594754099846,3,1
967,10,0.07314582169055939,1,1
968,7,0.05431395769119263,4,1
969,7,0.07437908463180065,4,1
970,9,0.28398026525974274,2,1
971,9,0.1519417092204094,2,1
972,10,0.02451496385037899,1,1
973,10,0.05367181450128555,1,1
974,8,0.0819784365594387,3,1
975,10,0.09037477523088455,1,1
976,7,0.05248295841738582,4,1
977,8,0.0848463090757529,3,1
978,5,0.10943450670068462,6,1
979,5,0.03540389984846115,6,1
980,9,0.04973914660513401,2,1
981,5,0.14509505685418844,6,1
982,6,0.14227380119264127,5,1
983,8,0.028912699470917385,3,1
984,10,0.019846076145768166,1,1
985,9,0.044674379751086235,2,1
986,4,0.032047592901757786,7,1
987,7,0.056734451092779636,4,1
988,9,0.08073282334953547,2,1
989,9,0.10259585827589035,2,1
990,9,0.036995451897382736,2,1
991,0,0.08938151513310996,11,1
992,9,0.06352139636874199,2,1
993,-10,0.36067235469818115,1,0
994,-50,0.08407745700329543,50,0
995,7,0.04545677173882723,4,1
996,10,0.06193972006440163,1,1
997,7,0.03664894727990031,4,1
998,6,0.05329438075423241,5,1
999,9,0.08774565905332565,2,1
1000,5,0.10982872266322374,6,1
1,9,0.019574955105781555,2,1
2,8,0.10320969733099143,3,1
3,8,0.06415299947063129,3,1
4,7,0.06819219142198563,4,1
5,-11,0.06831949517469514,22,1
6,10,0.06854607164859772,1,1
7,8,0.14685345565279326,3,1
8,8,0.07346998403469722,3,1
9,10,0.0479883998632431,1,1
10,-11,0.053286172449588776,2,0
11,9,0.03670802712440491,2,1
12,10,0.017590351402759552,1,1
13,-28,0.0859789247982777,39,1
14,8,0.29311208923657733,3,1
15,7,0.05610095942392945,4,1
16,8,0.07603324639300506,3,1
17,9,0.04213763773441315,2,1
18,-11,0.11722111126238649,22,1
19,8,0.053305178259809814,3,1
20,7,0.1573583483695984,4,1
21,8,0.06391690671443939,3,1
22,9,0.07886810973286629,2,1
23,9,0.14511500671505928,2,1
24,7,0.18773699924349785,4,1
25,8,0.04606063788135847,3,1
26,9,0.07590365968644619,2,1
27,7,0.07487032935023308,4,1
28,8,0.09198507914940517,3,1
29,9,0.0884185116738081,2,1
30,7,0.042429485358297825,4,1
31,-39,0.07551855362951755,50,1
32,9,0.030659682117402554,2,1
33,10,0.06820335984230042,1,1
34,9,0.11041835322976112,2,1
35,1,0.13143043145537375,10,1
36,10,0.02587616629898548,1,1
37,7,0.11698185640852898,4,1
38,9,0.20065434649586678,2,1
39,-31,0.12644933359253974,42,1
40,10,0.024732070043683052,1,1
41,8,0.05551378553112348,3,1
42,9,0.05805700272321701,2,1
43,8,0.09571005528171857,3,1
44,-10,0.08111308515071869,1,0
45,-50,0.07406670961529016,50,0
46,9,0.13659558445215225,2,1
47,8,0.10870162645975749,3,1
48,8,0.14591720203558603,3,1
49,8,0.08271988232930501,3,1
50,9,0.03237604070454836,2,1
51,10,0.043429091572761536,1,1
52,6,0.08854616731405258,5,1
53,9,0.06962930038571358,2,1
54,-11,0.2451780717819929,2,0
55,8,0.04537904138366381,3,1
56,-13,0.10403506054232518,24,1
57,8,0.24887902041276297,3,1
58,6,0.25755839943885805,5,1
59,4,0.07783762684890203,7,1
60,5,0.12498890236020088,6,1
61,8,0.28597989430030185,3,1
62,9,0.05045370198786259,2,1
63,9,0.02449505776166916,2,1
64,-50,0.137658944260329,50,0
65,10,0.035791512578725815,1,1
66,10,0.12011486291885376,1,1
67,7,0.08054193574935198,4,1
68,9,0.03877500630915165,2,1
69,8,0.07619921242197354,3,1
70,7,0.16127789579331875,4,1
71,10,0.042245421558618546,1,1
72,8,0.05858940631151199,3,1
73,-14,0.14287790805101394,5,0
74,8,0.20977055157224336,3,1
75,7,0.1589499432593584,4,1
76,7,0.09152092225849628,4,1
77,10,0.17284487187862396,1,1
78,9,0.10814537480473518,2,1
79,7,0.07838035002350807,4,1
80,8,0.11692093312740326,3,1
81,7,0.07209905795753002,4,1
82,6,0.11149643547832966,5,1
83,7,0.13906969875097275,4,1
84,5,0.05893086393674215,6,1
85,8,0.1538595880071322,3,1
86,-19,0.15616078302264214,10,0
87,7,0.21337043680250645,4,1
88,-20,0.12909099982390482,31,1
89,8,0.06290495147307713,3,1
90,9,0.10685279965400696,2,1
91,7,0.08738881442695856,4,1
92,9,0.04458795487880707,2,1
93,9,0.07667101453989744,2,1
94,9,0.1688721515238285,2,1
95,7,0.08497213199734688,4,1
96,8,0.03678359929472208,3,1
97,7,0.16119802184402943,4,1
98,8,0.05868753728767236,3,1
99,8,0.04165655498703321,3,1
100,7,0.18138336203992367,4,1
101,8,0.1503886797775825,3,1
102,-10,0.07292366027832031,1,0
103,-10,0.5366358160972595,1,0
104,10,0.15953189134597778,1,1
105,9,0.0520598366856575,2,1
106,9,0.04171764012426138,2,1
107,6,0.15427572801709175,5,1
108,9,0.044288843870162964,2,1
109,9,0.0813692044466734,2,1
110,5,0.06594179508586724,6,1
111,10,0.1561727225780487,1,1
112,-19,0.12658030539751053,30,1
113,8,0.19608937203884125,3,1
114,7,0.06640007440000772,4,1
115,9,0.2074444778263569,2,1
116,9,0.08277767524123192,2,1
117,5,0.0550787520284454,6,1
118,10,0.0635494589805603,1,1
119,8,0.22316426783800125,3,1
120,8,0.0414687010149161,3,1
121,7,0.14963520923629403,4,1
122,8,0.043712895984450974,3,1
123,9,0.0630515068769455,2,1
124,10,0.08606179058551788,1,1
125,6,0.2016239121556282,5,1
126,9,0.2860574284568429,2,1
127,-11,0.07436210729859093,22,1
128,10,0.11302072554826736,1,1
129,9,0.06565629877150059,2,1
130,8,0.24908175071080527,3,1
131,10,0.1386091262102127,1,1
132,8,0.24565321082870165,3,1
133,10,0.045132238417863846,1,1
134,-21,0.08041937742382288,32,1
135,6,0.1650664947926998,5,1
136,7,0.10262638097628951,4,1
137,4,0.11302667909434863,7,1
138,7,0.08293959405273199,4,1
139,10,0.08424441516399384,1,1
140,8,0.1153700848420461,3,1
141,8,0.06038263191779455,3,1
142,9,0.07358918339014053,2,1
143,9,0.05618182756006718,2,1
144,8,0.04159386580189069,3,1
145,-6,0.10364337265491486,17,1
146,8,0.19456909348567328,3,1
147,9,0.072297103703022,2,1
148,-10,0.040640246123075485,1,0
149,8,0.03720928697536389,3,1
150,-4,0.20359192416071892,15,1
151,10,0.08674272894859314,1,1
152,10,0.10567273199558258,1,1
153,-50,0.09516250528395176,50,0
154,-13,0.1213812455534935,4,0
155,-50,0.09195790430530906,50,0
156,8,0.06420192743341128,3,1
157,10,0.06553097069263458,1,1
158,9,0.06471266411244869,2,1
159,9,0.03885498736053705,2,1
160,8,0.11502836147944133,3,1
161,9,0.048052823171019554,2,1
162,9,0.35683630406856537,2,1
163,9,0.026624111458659172,2,1
164,10,0.09496840834617615,1,1
165,10,0.042966485023498535,1,1
166,6,0.03473516292870045,5,1
167,7,0.03589800884947181,4,1
168,7,0.07963474560528994,4,1
169,6,0.1813056103885174,5,1
170,2,0.07853239526351292,9,1
171,8,0.061235095063845314,3,1
172,9,0.03651135228574276,2,1
173,-26,0.13193568559615193,37,1
174,10,0.028855251148343086,1,1
175,10,0.02918011136353016,1,1
176,-31,0.08576442139400613,42,1
177,10,0.06738846749067307,1,1
178,10,0.30893629789352417,1,1
179,-10,0.0718328133225441,1,0
180,-10,0.22591844201087952,1,0
181,6,0.061749494448304174,5,1
182,10,0.13572172820568085,1,1
183,9,0.22781910933554173,2,1
184,7,0.2477709762752056,4,1
185,9,0.1721123605966568,2,1
186,10,0.5742244720458984,1,1
187,8,0.039099122708042465,3,1
188,0,0.13535122420977463,11,1
189,7,0.14978272141888738,4,1
190,6,0.03254914358258247,5,1
191,10,0.28727588057518005,1,1
192,8,0.02113690786063671,3,1
193,-10,0.030582431703805923,1,0
194,6,0.1422852635383606,5,1
195,9,0.04702366888523102,2,1
196,10,0.08742626011371613,1,1
197,9,0.041102852672338486,2,1
198,10,0.1868002861738205,1,1
199,-14,0.1420152521133423,25,1
200,7,0.052423552609980106,4,1
201,7,0.12837692443281412,4,1
202,7,0.361498188925907,4,1
203,9,0.23267236910760403,2,1
204,6,0.04716057777404785,5,1
205,7,0.06802478339523077,4,1
206,9,0.13221784681081772,2,1
207,8,0.2532061530898015,3,1
208,8,0.0803497601300478,3,1
209,8,0.07577747354904811,3,1
210,10,0.1786302775144577,1,1
211,-25,0.11550808325409889,36,1
212,10,0.16692042350769043,1,1
213,10,0.3706642985343933,1,1
214,9,0.07424702681601048,2,1
215,9,0.06255913153290749,2,1
216,1,0.06994951628148556,10,1
217,6,0.08229348883032798,5,1
218,7,0.19876578263938427,4,1
219,-36,0.1477457300104477,27,0
220,7,0.0696903457865119,4,1
221,8,0.07583361119031906,3,1
222,7,0.09487411379814148,4,1
223,8,0.06216504176457723,3,1
224,6,0.06887702047824859,5,1
225,-32,0.1478970706202956,43,1
226,8,0.036380557964245476,3,1
227,9,0.1975550651550293,2,1
228,10,0.10097435116767883,1,1
229,8,0.1765409161647161,3,1
230,9,0.10925378277897835,2,1
231,9,0.040784578770399094,2,1
232,9,0.1436521988362074,2,1
233,9,0.1367790810763836,2,1
234,9,0.044530048966407776,2,1
235,-1,0.06292768257359664,12,1
236,7,0.08943604491651058,4,1
237,6,0.0759119801223278,5,1
238,10,0.2416471540927887,1,1
239,9,0.0846167802810669,2,1
240,4,0.06354280800691672,7,1
241,10,0.057264260947704315,1,1
242,9,0.057263582944869995,2,1
243,7,0.09937327541410923,4,1
244,6,0.12976320423185825,5,1
245,5,0.07738152767221133,6,1
246,-5,0.0612428009044379,16,1
247,8,0.11411704619725545,3,1
248,8,0.06101837630073229,3,1
249,10,0.03776083141565323,1,1
250,-5,0.08653009473346174,16,1
251,9,0.051394810900092125,2,1
252,10,0.043399617075920105,1,1
253,10,0.018747273832559586,1,1
254,8,0.21538827692468962,3,1
255,7,0.09535586647689342,4,1
256,9,0.0339715825393796,2,1
257,9,0.061979351565241814,2,1
258,-31,0.11155572553564395,42,1
259,-50,0.1058846578001976,50,0
260,9,0.07086260244250298,2,1
261,-4,0.07825302556157113,15,1
262,7,0.1157680843025446,4,1
263,8,0.09831430638829868,3,1
264,10,0.10053577274084091,1,1
265,9,0.08402303047478199,2,1
266,7,0.06846849992871284,4,1
267,-50,0.08940195174887776,50,0
268,5,0.08764264949907859,6,1
269,10,0.047932643443346024,1,1
270,-16,0.05585751854987056,27,1
271,7,0.11483414517715573,4,1
272,7,0.06630076561123133,4,1
273,10,0.046041518449783325,1,1
274,10,0.059764303267002106,1,1
275,9,0.11415236070752144,2,1
276,-37,0.08241346312154617,28,0
277,10,0.04323769733309746,1,1
278,9,0.05082270875573158,2,1
279,9,0.04563123360276222,2,1
280,9,0.04030474182218313,2,1
281,10,0.11390559375286102,1,1
282,9,0.04518314078450203,2,1
283,9,0.05511724762618542,2,1
284,8,0.09952723234891891,3,1
285,10,0.03481888398528099,1,1
286,8,0.0943678691983223,3,1
287,9,0.06599160470068455,2,1
288,9,0.07934471219778061,2,1
289,8,0.07949067155520122,3,1
290,10,0.029549863189458847,1,1
291,6,0.13630341440439225,5,1
292,9,0.03401348181068897,2,1
293,8,0.13243652135133743,3,1
294,9,0.2173205353319645,2,1
295,-50,0.08652472194284201,50,0
296,7,0.03376025706529617,4,1
297,9,0.05901441350579262,2,1
298,5,0.05588147463276982,6,1
299,10,0.15498074889183044,1,1
300,-13,0.09393403477345903,24,1
301,10,0.08817674964666367,1,1
302,5,0.06746566543976466,6,1
303,9,0.29835739731788635,2,1
304,8,0.06827082484960556,3,1
305,7,0.04538840358145535,4,1
306,7,0.039792818017303944,4,1
307,4,0.08116774034819432,7,1
308,10,0.25233325362205505,1,1
309,8,0.20397023856639862,3,1
310,9,0.26440985314548016,2,1
311,5,0.06881316937506199,6,1
312,-10,0.06326133012771606,1,0
313,-50,0.07290840979665518,50,0
314,9,0.08941170200705528,2,1
315,-16,0.054858062830236226,27,1
316,7,0.1471324162557721,4,1
317,8,0.04077341097096602,3,1
318,-33,0.08188080950640142,24,0
319,10,0.05788902938365936,1,1
320,10,0.1191224604845047,1,1
321,7,0.05442948453128338,4,1
322,8,0.06480904047687848,3,1
323,7,0.09140732884407043,4,1
324,8,0.14388287564118704,3,1
325,10,0.11124656349420547,1,1
326,8,0.08530938997864723,3,1
327,9,0.10109268501400948,2,1
328,6,0.05473215058445931,5,1
329,6,0.0636293649673462,5,1
330,-13,0.07762447201336424,24,1
331,9,0.32204326801002026,2,1
332,9,0.07238458842039108,2,1
333,10,0.05243310704827309,1,1
334,7,0.07765999063849449,4,1
335,9,0.0901624970138073,2,1
336,8,0.017776242767771084,3,1
337,9,0.11479145474731922,2,1
338,8,0.04284290255357822,3,1
339,-50,0.07749594846740365,50,0
340,-11,0.05537937395274639,2,0
341,-11,0.3025535214692354,2,0
342,-50,0.07643677037209272,50,0
343,9,0.11134914308786392,2,1
344,9,0.02521833498030901,2,1
345,4,0.05626521206327847,7,1
346,9,0.08590095490217209,2,1
347,8,0.09519762297471364,3,1
348,10,0.06613259017467499,1,1
349,-5,0.04881146171828732,16,1
350,8,0.06502475713690122,3,1
351,9,0.016622153110802174,2,1
352,8,0.054151141084730625,3,1
353,9,0.04045467637479305,2,1
354,8,0.03415209613740444,3,1
355,9,0.06860912218689919,2,1
356,8,0.05620574330290159,3,1
357,8,0.059330832213163376,3,1
358,10,0.023902777582406998,1,1
359,8,0.08493453885118167,3,1
360,9,0.11181836947798729,2,1
361,9,0.2788357473909855,2,1
362,8,0.11113005752364795,3,1
363,10,0.07555394619703293,1,1
364,9,0.06220190227031708,2,1
365,1,0.09083366617560387,10,1
366,8,0.09766310329238574,3,1
367,-42,0.0886702225966887,33,0
368,9,0.07972302660346031,2,1
369,-50,0.08423128258436918,50,0
370,8,0.2232625111937523,3,1
371,4,0.08052221259900502,7,1
372,-12,0.08635757944506148,23,1
373,7,0.09415853396058083,4,1
374,-3,0.16500723867544106,14,1
375,6,0.08601818531751633,5,1
376,-10,0.06912080943584442,1,0
377,8,0.04401780478656292,3,1
378,6,0.08119825907051563,5,1
379,10,0.10362768918275833,1,1
380,9,0.3203723840415478,2,1
381,9,0.060074176639318466,2,1
382,9,0.052341436967253685,2,1
383,9,0.0715644434094429,2,1
384,10,0.07670223712921143,1,1
385,-50,0.0877038304693997,50,0
386,8,0.11177709760765235,3,1
387,7,0.05262446356937289,4,1
388,4,0.052929832467011044,7,1
389,8,0.11923933277527492,3,1
390,8,0.11944334457317989,3,1
391,10,0.47123169898986816,1,1
392,9,0.12062523141503334,2,1
393,-12,0.1813561792174975,3,0
394,9,0.03630049340426922,2,1
395,-50,0.11217092722654343,50,0
396,8,0.11641799720625083,3,1
397,10,0.05280649662017822,1,1
398,9,0.0729528907686472,2,1
399,9,0.09946065582334995,2,1
400,-5,0.12756311637349427,16,1
401,9,0.10285422205924988,2,1
402,8,0.137088925888141,3,1
403,9,0.06564044579863548,2,1
404,-3,0.14807027019560337,14,1
405,10,0.060764897614717484,1,1
406,10,0.15374983847141266,1,1
407,-41,0.07238862654776312,32,0
408,10,0.011473343707621098,1,1
409,10,0.10565223544836044,1,1
410,7,0.09672810602933168,4,1
411,8,0.26875921835501987,3,1
412,10,0.10039389133453369,1,1
413,9,0.06818122789263725,2,1
414,10,0.43279096484184265,1,1
415,10,0.06937724351882935,1,1
416,9,0.0948494728654623,2,1
417,8,0.11102629639208317,3,1
418,6,0.07090659812092781,5,1
419,7,0.04580830689519644,4,1
420,9,0.07702574506402016,2,1
421,8,0.03253615399201711,3,1
422,9,0.05490339919924736,2,1
423,8,0.06426889325181644,3,1
424,8,0.0744385135670503,3,1
425,10,0.029930567368865013,1,1
426,9,0.04133634455502033,2,1
427,9,0.32036008313298225,2,1
428,9,0.03569130226969719,2,1
429,9,0.018734684213995934,2,1
430,-27,0.1050958372162361,38,1
431,8,0.2816329002380371,3,1
432,8,0.06992574905355771,3,1
433,8,0.06062473480900129,3,1
434,-11,0.07807999290525913,2,0
435,10,0.06019746884703636,1,1
436,-10,0.01242091879248619,1,0
437,5,0.08736237697303295,6,1
438,-28,0.08369593998082937,39,1
439,-11,0.05591236799955368,2,0
440,-50,0.10095444165170192,50,0
441,-20,0.11977592062565588,31,1
442,0,0.15159404794262213,11,1
443,6,0.03783945664763451,5,1
444,-30,0.12569381713512398,21,0
445,9,0.07325105741620064,2,1
446,-11,0.046368283685296774,2,0
447,10,0.05622134730219841,1,1
448,8,0.05766384427746137,3,1
449,8,0.10710547491908073,3,1
450,7,0.04390393337234855,4,1
451,9,0.05427238158881664,2,1
452,9,0.033715459518134594,2,1
453,10,0.01766643486917019,1,1
454,7,0.17444173526018858,4,1
455,10,0.2914730906486511,1,1
456,7,0.04928959580138326,4,1
457,8,0.06811353377997875,3,1
458,7,0.19415336567908525,4,1
459,7,0.17162482347339392,4,1
460,8,0.11752870678901672,3,1
461,-50,0.095583178345114,50,0
462,9,0.05715971812605858,2,1
463,-12,0.05164754701157411,3,0
464,10,0.038329772651195526,1,1
465,5,0.10747549496591091,6,1
466,8,0.2235733171304067,3,1
467,9,0.0621017012745142,2,1
468,6,0.12088634371757508,5,1
469,10,0.04773588106036186,1,1
470,8,0.061017349983255066,3,1
471,10,0.4455667734146118,1,1
472,8,0.13910980646808943,3,1
473,9,0.03169446811079979,2,1
474,-13,0.11416660051327199,24,1
475,8,0.054302809139092766,3,1
476,9,0.11991296708583832,2,1
477,10,0.36174359917640686,1,1
478,7,0.1778974994085729,4,1
479,-10,0.04538494721055031,1,0
480,-12,0.24611367285251617,3,0
481,10,0.11721204221248627,1,1
482,7,0.1428302596323192,4,1
483,9,0.149546816945076,2,1
484,9,0.27487751841545105,2,1
485,10,0.07105651497840881,1,1
486,9,0.029291494749486446,2,1
487,7,0.07248086202889681,4,1
488,10,0.4768494963645935,1,1
489,6,0.04525887295603752,5,1
490,9,0.08197376411408186,2,1
491,-7,0.13619976594216293,18,1
492,9,0.16485007107257843,2,1
493,-10,0.1565189150472482,21,1
494,10,0.023715533316135406,1,1
495,10,0.12249793112277985,1,1
496,-17,0.07531057531014085,8,0
497,10,0.5119028091430664,1,1
498,9,0.04035019688308239,2,1
499,6,0.10506023541092872,5,1
500,-26,0.11730396616700534,37,1
501,8,0.08874779442946117,3,1
502,9,0.20314724184572697,2,1
503,10,0.12334682792425156,1,1
504,9,0.2564228046685457,2,1
505,-50,0.12805813565850258,50,0
506,9,0.09081203863024712,2,1
507,7,0.09320704266428947,4,1
508,8,0.13630985965331396,3,1
509,7,0.08940704446285963,4,1
510,8,0.1094892496864001,3,1
511,9,0.08818877302110195,2,1
512,-3,0.11850188805588655,14,1
513,8,0.18098117162783942,3,1
514,9,0.10350305587053299,2,1
515,-32,0.14087796271886938,43,1
516,-19,0.10439386997992793,30,1
517,10,0.10722503811120987,1,1
518,9,0.05184003338217735,2,1
519,10,0.04225324094295502,1,1
520,10,0.05414336174726486,1,1
521,-50,0.12049463782459498,50,0
522,9,0.17900361865758896,2,1
523,10,0.09389503300189972,1,1
524,8,0.06594550423324108,3,1
525,2,0.10209055865804355,9,1
526,10,0.07222693413496017,1,1
527,8,0.05517128109931946,3,1
528,9,0.03296414948999882,2,1
529,8,0.057124619682629905,3,1
530,5,0.11790448458244403,6,1
531,-24,0.10353543729122196,35,1
532,9,0.035086531192064285,2,1
533,6,0.2450408536940813,5,1
534,-10,0.05500274896621704,1,0
535,-18,0.10360390882425267,29,1
536,9,0.11277740262448788,2,1
537,8,0.13632942487796149,3,1
538,8,0.055299822241067886,3,1
539,10,0.03759155422449112,1,1
540,9,0.0550091415643692,2,1
541,8,0.09466406206289928,3,1
542,10,0.04923948645591736,1,1
543,-16,0.12389597731331985,27,1
544,7,0.07542568631470203,4,1
545,7,0.05041572544723749,4,1
546,8,0.0846187596519788,3,1
547,-50,0.11924161311239004,50,0
548,-10,0.14841897785663605,1,0
549,7,0.07773428922519088,4,1
550,10,0.031889792531728745,1,1
551,10,0.021797481924295425,1,1
552,-13,0.14986108088244995,24,1
553,9,0.08133535459637642,2,1
554,9,0.3129679262638092,2,1
555,-11,0.47112368792295456,2,0
556,9,0.21689691301435232,2,1
557,10,0.03146066889166832,1,1
558,8,0.1827668317904075,3,1
559,10,0.49995529651641846,1,1
560,9,0.08892812859266996,2,1
561,9,0.06267058290541172,2,1
562,8,0.04628737767537435,3,1
563,7,0.08954613748937845,4,1
564,10,0.09286558628082275,1,1
565,8,0.11514901121457417,3,1
566,8,0.04721362143754959,3,1
567,9,0.01591928070411086,2,1
568,7,0.15067296661436558,4,1
569,6,0.1335702309384942,5,1
570,8,0.2934781238436699,3,1
571,-50,0.09303771438077092,50,0
572,9,0.20649276115000248,2,1
573,-39,0.068829013997068,30,0
574,8,0.176926306138436,3,1
575,-20,0.08907076040463101,31,1
576,8,0.051341051856676735,3,1
577,1,0.07985969129949808,10,1
578,8,0.0631981131931146,3,1
579,7,0.14694102574139833,4,1
580,7,0.04493103548884392,4,1
581,7,0.05012821266427636,4,1
582,8,0.31293392181396484,3,1
583,9,0.2166113182902336,2,1
584,4,0.1732563240719693,7,1
585,7,0.2243943940848112,4,1
586,9,0.34411757439374924,2,1
587,8,0.08778632680575053,3,1
588,10,0.10713758319616318,1,1
589,-12,0.097291248081171,23,1
590,7,0.13286016136407852,4,1
591,9,0.050140440464019775,2,1
592,4,0.1864065160708768,7,1
593,8,0.08107058579723041,3,1
594,-18,0.1127207338296134,29,1
595,9,0.23376737534999847,2,1
596,9,0.048269676975905895,2,1
597,-11,0.11973660883747718,22,1
598,6,0.08694312758743764,5,1
599,9,0.10561160370707512,2,1
600,8,0.11963377830882867,3,1
601,5,0.09335661803682645,6,1
602,7,0.15043852431699634,4,1
603,-50,0.1902146808989346,50,0
604,6,0.045830099284648894,5,1
605,9,0.05280332453548908,2,1
606,8,0.04542537281910578,3,1
607,7,0.0481796208769083,4,1
608,8,0.0381137914955616,3,1
609,10,0.18992161750793457,1,1
610,8,0.02336084780593713,3,1
611,6,0.05332864969968796,5,1
612,10,0.07741688936948776,1,1
613,8,0.11715683837731679,3,1
614,5,0.13287525655080876,6,1
615,9,0.08717876300215721,2,1
616,9,0.13613557443022728,2,1
617,8,0.046040340016285576,3,1
618,10,0.030067078769207,1,1
619,10,0.023466091603040695,1,1
620,9,0.24943949934095144,2,1
621,7,0.11171535402536392,4,1
622,-19,0.11414095563814045,30,1
623,8,0.08381792157888412,3,1
624,10,0.01861020177602768,1,1
625,10,0.050071343779563904,1,1
626,8,0.050746504217386246,3,1
627,9,0.04497791826725006,2,1
628,7,0.05237516202032566,4,1
629,-3,0.11460423675764884,14,1
630,10,0.3039003014564514,1,1
631,8,0.06465776637196541,3,1
632,10,0.07611873745918274,1,1
633,8,0.04393948490420977,3,1
634,7,0.11633631261065602,4,1
635,10,0.06398079544305801,1,1
636,9,0.12996992468833923,2,1
637,7,0.05243963794782758,4,1
638,7,0.14544930588454008,4,1
639,7,0.15895388182252645,4,1
640,-4,0.16714569901426632,15,1
641,10,0.1185646653175354,1,1
642,6,0.15187467634677887,5,1
643,10,0.06513414531946182,1,1
644,9,0.02104763872921467,2,1
645,7,0.09167719120159745,4,1
646,8,0.032945988699793816,3,1
647,9,0.3009374141693115,2,1
648,9,0.2522539719939232,2,1
649,-32,0.09838139854891356,43,1
650,9,0.03322829958051443,2,1
651,8,0.047931461284557976,3,1
652,9,0.06945971958339214,2,1
653,-19,0.12196551114320756,30,1
654,10,0.07263730466365814,1,1
655,8,0.08715676640470822,3,1
656,8,0.1618757670124372,3,1
657,8,0.06158087030053139,3,1
658,-23,0.12176080966102225,14,0
659,6,0.07362754382193089,5,1
660,-10,0.10775766854307481,21,1
661,10,0.08041539788246155,1,1
662,5,0.062446861527860165,6,1
663,-50,0.11070163462311029,50,0
664,10,0.0235196091234684,1,1
665,10,0.1792742908000946,1,1
666,9,0.039463236927986145,2,1
667,6,0.1529633954167366,5,1
668,8,0.10770496229330699,3,1
669,-7,0.09124166011396381,18,1
670,8,0.06217514785627524,3,1
671,9,0.1794695369899273,2,1
672,4,0.10703823502574648,7,1
673,8,0.231820460408926,3,1
674,6,0.17704756408929825,5,1
675,-11,0.019552876241505146,2,0
676,7,0.0852528540417552,4,1
677,8,0.048023708164691925,3,1
678,10,0.014336176216602325,1,1
679,-50,0.13861030953004957,50,0
680,-15,0.1082876783150893,26,1
681,8,0.056447528302669525,3,1
682,10,0.03331609070301056,1,1
683,10,0.05695713311433792,1,1
684,7,0.027201340766623616,4,1
685,8,0.021534119732677937,3,1
686,8,0.040713575358192124,3,1
687,6,0.03856551311910152,5,1
688,9,0.03569409251213074,2,1
689,8,0.11289793128768603,3,1
690,7,0.030263637425377965,4,1
691,10,0.02221626229584217,1,1
692,10,0.363377183675766,1,1
693,-10,0.06677675992250443,1,0
694,10,0.041436817497015,1,1
695,7,0.06383295403793454,4,1
696,10,0.008580969646573067,1,1
697,7,0.07024606689810753,4,1
698,6,0.057108739763498305,5,1
699,9,0.04586389660835266,2,1
700,10,0.030284028500318527,1,1
701,6,0.03959384709596634,5,1
702,10,0.037226539105176926,1,1
703,9,0.02038743905723095,2,1
704,-50,0.10537596253678203,50,0
705,9,0.017517794389277697,2,1
706,10,0.03683454170823097,1,1
707,10,0.0928519070148468,1,1
708,-50,0.10478486631065607,50,0
709,9,0.052302103489637375,2,1
710,5,0.03172514711817106,6,1
711,-50,0.06663045292720199,50,0
712,10,0.43712860345840454,1,1
713,3,0.08634745643939823,8,1
714,7,0.15723547525703907,4,1
715,9,0.081620953977108,2,1
716,9,0.07676197215914726,2,1
717,9,0.06258092075586319,2,1
718,6,0.06714957281947136,5,1
719,9,0.03887835144996643,2,1
720,10,0.09696649014949799,1,1
721,9,0.2175549864768982,2,1
722,9,0.058975376188755035,2,1
723,5,0.11819496906052034,6,1
724,9,0.23261449113488197,2,1
725,4,0.04286584111728838,7,1
726,10,0.013422871008515358,1,1
727,8,0.16109714408715567,3,1
728,9,0.039500491227954626,2,1
729,9,0.04094814136624336,2,1
730,8,0.016314255073666573,3,1
731,5,0.08904177819689114,6,1
732,9,0.047955095767974854,2,1
733,10,0.40776321291923523,1,1
734,9,0.18692563101649284,2,1
735,7,0.10696160420775414,4,1
736,9,0.049707161262631416,2,1
737,8,0.07774633044997852,3,1
738,-50,0.12983290795236826,50,0
739,9,0.08198926784098148,2,1
740,8,0.28609973440567654,3,1
741,8,0.15466837336619696,3,1
742,9,0.08768361248075962,2,1
743,10,0.07809389382600784,1,1
744,10,0.1370483785867691,1,1
745,10,0.19593259692192078,1,1
746,10,0.5543320775032043,1,1
747,-10,0.029109841212630272,1,0
748,9,0.021646298468112946,2,1
749,9,0.040995148941874504,2,1
750,10,0.09667451679706573,1,1
751,10,0.364570677280426,1,1
752,7,0.18942579813301563,4,1
753,7,0.09495412278920412,4,1
754,8,0.1677441547314326,3,1
755,10,0.04514086991548538,1,1
756,8,0.24248617887496948,3,1
757,-15,0.15870712511241436,26,1
758,10,0.06492280215024948,1,1
759,6,0.11582476198673249,5,1
760,-50,0.09929099425673485,50,0
761,7,0.14497781172394753,4,1
762,7,0.1636408930644393,4,1
763,9,0.0973222441971302,2,1
764,9,0.3287815637886524,2,1
765,8,0.06548548582941294,3,1
766,10,0.11793911457061768,1,1
767,5,0.04879806532214085,6,1
768,6,0.04156219977885485,5,1
769,10,0.027092959731817245,1,1
770,-11,0.020043951459228992,2,0
771,9,0.029660553205758333,2,1
772,8,0.08657206470767657,3,1
773,7,0.23296870850026608,4,1
774,8,0.023511359778543312,3,1
775,-18,0.10648128592633996,29,1
776,8,0.06477694710095723,3,1
777,7,0.06574337463825941,4,1
778,8,0.1548585593700409,3,1
779,5,0.08997778656582038,6,1
780,-11,0.09419484063982964,2,0
781,7,0.2767098033800721,4,1
782,10,0.028040947392582893,1,1
783,9,0.08121789619326591,2,1
784,9,0.04118192940950394,2,1
785,5,0.0763377919793129,6,1
786,-13,0.13096241559833288,24,1
787,-50,0.14057568706572054,50,0
788,10,0.04834834858775139,1,1
789,6,0.1146166555583477,5,1
790,7,0.07105733826756477,4,1
791,-16,0.12064569736658423,27,1
792,9,0.11038939654827118,2,1
793,8,0.11064897974332173,3,1
794,10,0.043657321482896805,1,1
795,9,0.10027365386486053,2,1
796,10,0.09470099210739136,1,1
797,7,0.04149585776031017,4,1
798,10,0.04139223322272301,1,1
799,9,0.06247118301689625,2,1
800,10,0.48238852620124817,1,1
801,0,0.08917865648188374,11,1
802,9,0.33135468512773514,2,1
803,9,0.03557584993541241,2,1
804,10,0.016025977209210396,1,1
805,8,0.060331289966901146,3,1
806,10,0.06903946399688721,1,1
807,10,0.03797173127532005,1,1
808,5,0.059828068440159164,6,1
809,9,0.08032593224197626,2,1
810,9,0.05569614004343748,2,1
811,6,0.07916447110474109,5,1
812,-11,0.3187597841024399,2,0
813,10,0.0716189444065094,1,1
814,7,0.0894492482766509,4,1
815,8,0.2169286049902439,3,1
816,10,0.13070499897003174,1,1
817,-14,0.05564756982028484,25,1
818,-10,0.01907668076455593,1,0
819,10,0.018705714493989944,1,1
820,10,0.03347143530845642,1,1
821,9,0.02491525188088417,2,1
822,5,0.10285700671374798,6,1
823,10,0.05243789777159691,1,1
824,10,0.01542541291564703,1,1
825,10,0.014380035921931267,1,1
826,10,0.03268291801214218,1,1
827,10,0.339417040348053,1,1
828,-13,0.05113231623545289,4,0
829,6,0.13058847151696681,5,1
830,-50,0.13937311384826898,50,0
831,8,0.09684784337878227,3,1
832,7,0.05899940524250269,4,1
833,8,0.09153750787178676,3,1
834,7,0.08447370072826743,4,1
835,10,0.556088387966156,1,1
836,-15,0.13377760243243897,26,1
837,10,0.06156889721751213,1,1
838,8,0.04831314211090406,3,1
839,9,0.3214029725641012,2,1
840,5,0.2051066259543101,6,1
841,9,0.09473759308457375,2,1
842,8,0.06099170446395874,3,1
843,9,0.14019184932112694,2,1
844,10,0.02882011979818344,1,1
845,9,0.04279536381363869,2,1
846,8,0.09318153311808904,3,1
847,7,0.04077436635270715,4,1
848,10,0.021829677745699883,1,1
849,-57,0.10697095330882196,48,0
850,-38,0.08189622077102564,49,1
851,9,0.2459265934303403,2,1
852,-12,0.1343622257312139,3,0
853,6,0.03225026838481426,5,1
854,9,0.01936846785247326,2,1
855,10,0.5090019702911377,1,1
856,9,0.02377957059070468,2,1
857,-9,0.11751388334669173,20,1
858,9,0.0207840777002275,2,1
859,8,0.048484248419602714,3,1
860,-10,0.06821850084123157,21,1
861,7,0.05789776728488505,4,1
862,9,0.10040703462436795,2,1
863,-20,0.14213603146133885,31,1
864,10,0.09351334720849991,1,1
865,10,0.20731547474861145,1,1
866,10,0.019723623991012573,1,1
867,8,0.03319840505719185,3,1
868,9,0.03250638488680124,2,1
869,-50,0.10578076276928186,50,0
870,9,0.039403815288096666,2,1
871,8,0.048079690585533776,3,1
872,9,0.05641240440309048,2,1
873,-50,0.07861367553472519,50,0
874,9,0.010578230954706669,2,1
875,7,0.020330331288278103,4,1
876,8,0.1366445024808248,3,1
877,9,0.05158169846981764,2,1
878,10,0.022784359753131866,1,1
879,8,0.08876220385233562,3,1
880,9,0.21329914964735508,2,1
881,10,0.06099927797913551,1,1
882,9,0.2210242971777916,2,1
883,10,0.043126288801431656,1,1
884,-18,0.09640693300050394,29,1
885,10,0.06817108392715454,1,1
886,2,0.07562319872279961,9,1
887,10,0.1494191437959671,1,1
888,10,0.056200023740530014,1,1
889,9,0.13939450681209564,2,1
890,-10,0.1406083106994629,1,0
891,10,0.29238662123680115,1,1
892,9,0.26472291350364685,2,1
893,-22,0.09360931252101154,33,1
894,10,0.02968142367899418,1,1
895,7,0.06776233576238155,4,1
896,8,0.08832753946383794,3,1
897,-10,0.022580573335289955,1,0
898,5,0.03873394926389059,6,1
899,-50,0.07643346819095313,50,0
900,-10,0.04904157668352127,1,0
901,7,0.0970835667103529,4,1
902,8,0.15433605201542377,3,1
903,8,0.05444882313410441,3,1
904,9,0.037398066371679306,2,1
905,6,0.04986946359276771,5,1
906,9,0.146323099732399,2,1
907,-50,0.09058760635554791,50,0
908,9,0.040076758712530136,2,1
909,6,0.09985946156084538,5,1
910,8,0.2169322269037366,3,1
911,9,0.04420895501971245,2,1
912,-50,0.09644626693800092,50,0
913,8,0.02676006716986497,3,1
914,10,0.0723990947008133,1,1
915,8,0.019417058676481247,3,1
916,10,0.3438062071800232,1,1
917,-18,0.09030286703879635,9,0
918,8,0.036423654605944954,3,1
919,7,0.04470220161601901,4,1
920,8,0.2557075346509616,3,1
921,-50,0.11924869687296451,50,0
922,9,0.081777423620224,2,1
923,8,0.2544957424203555,3,1
924,1,0.10609510885551572,10,1
925,-17,0.15041717953447784,28,1
926,-8,0.14877252986556605,19,1
927,6,0.08741055727005005,5,1
928,8,0.03485720232129097,3,1
929,8,0.03181775286793709,3,1
930,9,0.040844475850462914,2,1
931,8,0.08881280943751335,3,1
932,5,0.08798879819611709,6,1
933,9,0.08304019644856453,2,1
934,-16,0.09587116373909844,27,1
935,5,0.09745141925911109,6,1
936,10,0.12102317810058594,1,1
937,8,0.11917148406306903,3,1
938,9,0.05961247719824314,2,1
939,9,0.22782175242900848,2,1
940,10,0.03860599920153618,1,1
941,6,0.15535701662302018,5,1
942,9,0.07383660972118378,2,1
943,9,0.11147330328822136,2,1
944,10,0.12891851365566254,1,1
945,-33,0.08231875920583578,44,1
946,10,0.2503480911254883,1,1
947,9,0.17012665420770645,2,1
948,9,0.06801203638315201,2,1
949,9,0.0974484495818615,2,1
950,1,0.16448356211185455,10,1
951,10,0.04851153492927551,1,1
952,9,0.15804559364914894,2,1
953,9,0.15441489219665527,2,1
954,9,0.2711629644036293,2,1
955,9,0.24299776181578636,2,1
956,8,0.055365016063054405,3,1
957,7,0.14718367718160152,4,1
958,9,0.1385465431958437,2,1
959,-11,0.14035388082265854,2,0
960,7,0.13355586305260658,4,1
961,6,0.08372541293501853,5,1
962,6,0.08519806042313575,5,1
963,-22,0.12377901894576622,33,1
964,7,0.05418807966634631,4,1
965,9,0.18156661465764046,2,1
966,9,0.19870561733841896,2,1
967,7,0.053848844952881336,4,1
968,10,0.025406744331121445,1,1
969,10,0.029203882440924644,1,1
970,5,0.17549791807929674,6,1
971,10,0.10371267795562744,1,1
972,10,0.042511921375989914,1,1
973,9,0.12017794698476791,2,1
974,-26,0.09317288643403633,37,1
975,9,0.0651147784665227,2,1
976,8,0.1075231023132801,3,1
977,9,0.08765105530619621,2,1
978,7,0.09432596620172262,4,1
979,8,0.07862710083524387,3,1
980,6,0.06338103339076043,5,1
981,-3,0.05245638385947261,14,1
982,7,0.15649970341473818,4,1
983,8,0.12923608223597208,3,1
984,1,0.04261223655194044,10,1
985,9,0.1940230429172516,2,1
986,10,0.150344118475914,1,1
987,-5,0.09435657470021397,16,1
988,9,0.036501362919807434,2,1
989,9,0.035243794322013855,2,1
990,9,0.11846615932881832,2,1
991,8,0.05332199577242136,3,1
992,8,0.04730576276779175,3,1
993,7,0.05491100437939167,4,1
994,9,0.04998965747654438,2,1
995,-12,0.07528876761595409,3,0
996,10,0.014771419577300549,1,1
997,7,0.06618857476860285,4,1
998,10,0.07357847690582275,1,1
999,8,0.16316642984747887,3,1
1000,9,0.05313880741596222,2,1
1,10,0.03169867768883705,1,1
2,9,0.1272861398756504,2,1
3,8,0.05272407457232475,3,1
4,10,0.023516036570072174,1,1
5,9,0.035572923719882965,2,1
6,5,0.08062034007161856,6,1
7,8,0.03726749308407307,3,1
8,-29,0.08045679316855966,40,1
9,7,0.1495636673644185,4,1
10,7,0.101546217687428,4,1
11,10,0.049472760409116745,1,1
12,4,0.0810964075582368,7,1
13,6,0.07140637710690498,5,1
14,8,0.10667247325181961,3,1
15,10,0.14499959349632263,1,1
16,8,0.07391120245059331,3,1
17,9,0.02767991740256548,2,1
18,10,0.08448517322540283,1,1
19,7,0.14538144040852785,4,1
20,9,0.03129435144364834,2,1
21,8,0.08684427058324218,3,1
22,8,0.04232860046128432,3,1
23,10,0.04245372861623764,1,1
24,-25,0.06181491813105014,36,1
25,8,0.0543636679649353,3,1
26,9,0.08889815211296082,2,1
27,-14,0.06161096166819334,25,1
28,10,0.0804881900548935,1,1
29,9,0.05306999385356903,2,1
30,5,0.06977582350373268,6,1
31,10,0.06041843444108963,1,1
32,9,0.030874483287334442,2,1
33,-50,0.07072674054652453,50,0
34,5,0.05064341425895691,6,1
35,7,0.0666960459202528,4,1
36,-10,0.024845246225595474,1,0
37,6,0.11460837125778198,5,1
38,6,0.0811709638684988,5,1
39,-2,0.13796388014004782,13,1
40,-23,0.08839983346738986,14,0
41,7,0.1402328498661518,4,1
42,8,0.12885863768557707,3,1
43,10,0.029652683064341545,1,1
44,9,0.03142920322716236,2,1
45,8,0.04727537247041861,3,1
46,9,0.06757418438792229,2,1
47,7,0.10093200346454978,4,1
48,8,0.16974511494239172,3,1
49,7,0.06307469541206956,4,1
50,9,0.09868795797228813,2,1
51,-29,0.09161876710131764,40,1
52,-50,0.06367791131138802,50,0
53,7,0.046852811705321074,4,1
54,7,0.034937558230012655,4,1
55,10,0.1406107246875763,1,1
56,9,0.033510525710880756,2,1
57,7,0.1174101596698165,4,1
58,9,0.050864667631685734,2,1
59,7,0.06638958491384983,4,1
60,8,0.05192603295048078,3,1
61,9,0.0863135289400816,2,1
62,8,0.13081772749622664,3,1
63,8,0.04931510053575039,3,1
64,7,0.04972198000177741,4,1
65,5,0.05690364446491003,6,1
66,8,0.05256582796573639,3,1
67,6,0.05004023220390082,5,1
68,7,0.13804805022664368,4,1
69,6,0.11456351391971112,5,1
70,7,0.07735070399940014,4,1
71,-50,0.09432023521512747,50,0
72,8,0.11770481119553249,3,1
73,9,0.03798418305814266,2,1
74,10,0.0724736675620079,1,1
75,-21,0.10639076369504134,12,0
76,5,0.053061364529033504,6,1
77,10,0.16036993265151978,1,1
78,9,0.05704626813530922,2,1
79,10,0.16128607094287872,1,1
80,8,0.07684445381164551,3,1
81,9,0.08271836116909981,2,1
82,10,0.035625189542770386,1,1
83,-50,0.08190992707386613,50,0
84,9,0.046610573306679726,2,1
85,8,0.0590123621126016,3,1
86,8,0.15514550978938738,3,1
87,9,0.14349235780537128,2,1
88,9,0.21396332327276468,2,1
89,8,0.16702606653173765,3,1
90,10,0.017643973231315613,1,1
91,10,0.029108518734574318,1,1
92,9,0.04850712604820728,2,1
93,5,0.04370484749476115,6,1
94,10,0.025015011429786682,1,1
95,10,0.16062256693840027,1,1
96,8,0.09953433026870091,3,1
97,9,0.08085736446082592,2,1
98,9,0.027458882424980402,2,1
99,9,0.06286499090492725,2,1
100,10,0.0041576894000172615,1,1
101,8,0.06771244543294112,3,1
102,10,0.0567610040307045,1,1
103,-10,0.09565013487424169,21,1
104,10,0.08646706491708755,1,1
105,8,0.06793016443649928,3,1
106,6,0.07602825835347175,5,1
107,-36,0.10043973580716138,47,1
108,-6,0.06357962068389444,17,1
109,10,0.019006183370947838,1,1
110,-15,0.10775711294263601,6,0
111,8,0.05704648854831854,3,1
112,10,0.01326167955994606,1,1
113,-29,0.0706934854388237,20,0
114,9,0.07002190500497818,2,1
115,10,0.061806801706552505,1,1
116,9,0.11988367140293121,2,1
117,7,0.07068431610241532,4,1
118,7,0.14419562090188265,4,1
119,9,0.043510121293365955,2,1
120,7,0.0596201540902257,4,1
121,9,0.271240895614028,2,1
122,-25,0.10868597708435522,36,1
123,10,0.029276244342327118,1,1
124,9,0.04822811111807823,2,1
125,8,0.045278988778591156,3,1
126,8,0.02790299275269111,3,1
127,10,0.048066407442092896,1,1
128,10,0.11350105702877045,1,1
129,-44,0.0573846122383007,35,0
130,10,0.056111305952072144,1,1
131,-10,0.13355909314538753,21,1
132,8,0.04119825394203266,3,1
133,-12,0.07369494847143473,23,1
134,-3,0.07826757750340871,14,1
135,10,0.04305976629257202,1,1
136,7,0.08838763553649187,4,1
137,-50,0.09092727608978748,50,0
138,9,0.09205580316483974,2,1
139,10,0.07188306748867035,1,1
140,5,0.15291918627917767,6,1
141,9,0.05318877846002579,2,1
142,8,0.06789062668879826,3,1
143,9,0.04289218597114086,2,1
144,9,0.0899615939706564,2,1
145,10,0.3799588680267334,1,1
146,7,0.12735537067055702,4,1
147,8,0.12360559155543645,3,1
148,10,0.17524603009223938,1,1
149,9,0.04980742745101452,2,1
150,9,0.29141145572066307,2,1
151,7,0.0964028611779213,4,1
152,5,0.09810793896516164,6,1
153,-10,0.14946290850639343,1,0
154,8,0.05835532769560814,3,1
155,7,0.044961517211049795,4,1
156,-5,0.1280787322903052,16,1
157,8,0.04106937597195307,3,1
158,7,0.19733095541596413,4,1
159,8,0.15220872685313225,3,1
160,10,0.05662769824266434,1,1
161,-10,0.08671180061286404,21,1
162,10,0.08731092512607574,1,1
163,6,0.15795688144862652,5,1
164,8,0.08964385309567054,3,1
165,8,0.21626300240556398,3,1
166,10,0.09923626482486725,1,1
167,-10,0.04057372361421585,1,0
168,8,0.07047559817632039,3,1
169,-12,0.04754297435283661,3,0
170,8,0.05152257780234019,3,1
171,8,0.04876982420682907,3,1
172,7,0.05828531598672271,4,1
173,9,0.06328972429037094,2,1
174,-14,0.08198797181248665,5,0
175,7,0.05425712000578642,4,1
176,10,0.05634814500808716,1,1
177,7,0.14414586406201124,4,1
178,9,0.061862191185355186,2,1
179,-50,0.09547966968268157,50,0
180,7,0.21705452259629965,4,1
181,6,0.0989530250430107,5,1
182,7,0.07218224182724953,4,1
183,10,0.07536320388317108,1,1
184,10,0.15336059033870697,1,1
185,9,0.04833656921982765,2,1
186,5,0.041716798674315214,6,1
187,10,0.055802904069423676,1,1
188,8,0.07657905916372935,3,1
189,8,0.039979005232453346,3,1
190,8,0.10241284469763438,3,1
191,10,0.062226999551057816,1,1
192,-2,0.08877957211090969,13,1
193,6,0.050608931481838225,5,1
194,6,0.044632784090936184,5,1
195,10,0.055357225239276886,1,1
196,9,0.04928192310035229,2,1
197,10,0.032947733998298645,1,1
198,10,0.012047195807099342,1,1
199,7,0.06958723720163107,4,1
200,8,0.1643340258548657,3,1
201,10,0.025417082011699677,1,1
202,9,0.0299849109724164,2,1
203,8,0.04001058886448542,3,1
204,10,0.08157462626695633,1,1
205,-7,0.09171824415938722,18,1
206,4,0.09792546661836761,7,1
207,-34,0.07442044139736229,45,1
208,7,0.13742388598620892,4,1
209,7,0.048939517699182034,4,1
210,-50,0.10523865304887295,50,0
211,9,0.031861201860010624,2,1
212,8,0.05243161196509997,3,1
213,10,0.14396853744983673,1,1
214,-50,0.08637659884989261,50,0
215,10,0.07996231317520142,1,1
216,9,0.04137345030903816,2,1
217,10,0.12109137326478958,1,1
218,10,0.044967927038669586,1,1
219,9,0.14019414596259594,2,1
220,9,0.05510072596371174,2,1
221,8,0.03803324947754542,3,1
222,8,0.044442002971967064,3,1
223,10,0.07700145989656448,1,1
224,7,0.09340473730117083,4,1
225,9,0.15403921902179718,2,1
226,10,0.14466257393360138,1,1
227,6,0.10232885628938675,5,1
228,9,0.06745460256934166,2,1
229,5,0.1314702443778515,6,1
230,8,0.05553774535655975,3,1
231,9,0.056186243891716,2,1
232,9,0.04221944883465767,2,1
233,10,0.05183333903551102,1,1
234,8,0.08603641577064991,3,1
235,8,0.079111331452926,3,1
236,10,0.04894935339689255,1,1
237,9,0.06009923107922077,2,1
238,8,0.04436660744249821,3,1
239,9,0.05251297168433666,2,1
240,8,0.044453167666991554,3,1
241,10,0.05291525274515152,1,1
242,8,0.03941954237719377,3,1
243,8,0.04381570344169935,3,1
244,9,0.16226394101977348,2,1
245,9,0.08347957953810692,2,1
246,8,0.07344337925314903,3,1
247,7,0.11805259622633457,4,1
248,7,0.06963153276592493,4,1
249,9,0.04692505672574043,2,1
250,8,0.044627257933219276,3,1
251,9,0.0657108910381794,2,1
252,8,0.060794600596030555,3,1
253,10,0.08958292007446289,1,1
254,7,0.1015914287418127,4,1
255,8,0.052283319334189095,3,1
256,-12,0.09193144252766734,23,1
257,9,0.18898944929242134,2,1
258,9,0.11196023970842361,2,1
259,10,0.09047910571098328,1,1
260,9,0.06280958093702793,2,1
261,-3,0.07763204164803028,14,1
262,8,0.15071558703978857,3,1
263,10,0.1087583377957344,1,1
264,8,0.07330814997355144,3,1
265,8,0.038104550912976265,3,1
266,10,0.014371155761182308,1,1
267,9,0.04560757242143154,2,1
268,8,0.041432660073041916,3,1
269,-5,0.0721873784204945,16,1
270,9,0.14714884012937546,2,1
271,6,0.08039274103939534,5,1
272,8,0.06239094088474909,3,1
273,10,0.06624523550271988,1,1
274,7,0.08055982924997807,4,1
275,-10,0.15484264492988586,1,0
276,8,0.08547345300515492,3,1
277,7,0.17545397952198982,4,1
278,-28,0.0871720081685405,19,0
279,10,0.13328026235103607,1,1
280,10,0.1620173454284668,1,1
281,6,0.09211173802614211,5,1
282,9,0.07715476304292679,2,1
283,7,0.11463012266904116,4,1
284,-50,0.06808371786028147,50,0
285,8,0.047670612732569374,3,1
286,10,0.053185995668172836,1,1
287,-14,0.0545708929002285,25,1
288,8,0.1246591458717982,3,1
289,-25,0.09150729258544743,16,0
290,10,0.041155483573675156,1,1
291,8,0.08146233235796292,3,1
292,9,0.02970027830451727,2,1
293,6,0.06023832820355892,5,1
294,10,0.08196106553077698,1,1
295,-16,0.07358320578242894,27,1
296,9,0.020061166491359472,2,1
297,10,0.027842268347740173,1,1
298,8,0.21651905278364816,3,1
299,9,0.0189753957092762,2,1
300,7,0.026762647787109017,4,1
301,6,0.02455972321331501,5,1
302,-9,0.04825572459958494,20,1
303,8,0.08138885349035263,3,1
304,9,0.03894274029880762,2,1
305,9,0.1349480114877224,2,1
306,9,0.05238253902643919,2,1
307,5,0.09097464693089326,6,1
308,-17,0.10409498075023293,8,0
309,-6,0.046779315918684006,17,1
310,8,0.033585273971160255,3,1
311,4,0.04478330910205841,7,1
312,8,0.11396254350741704,3,1
313,6,0.13390358574688435,5,1
314,9,0.03420386277139187,2,1
315,-11,0.10479462942616506,22,1
316,9,0.0680829007178545,2,1
317,-28,0.05858027572051073,39,1
318,8,0.07668744027614594,3,1
319,9,0.04754040949046612,2,1
320,8,0.049556189527114235,3,1
321,8,0.16367674681047598,3,1
322,8,0.05759568947056929,3,1
323,-10,0.03144831210374832,1,0
324,8,0.029033020759622257,3,1
325,-19,0.09859835905954242,30,1
326,10,0.05083586275577545,1,1
327,8,0.06367960199713707,3,1
328,8,0.07888962638874848,3,1
329,10,0.1253429800271988,1,1
330,9,0.30211702547967434,2,1
331,9,0.0645738486200571,2,1
332,10,0.4790836274623871,1,1
333,9,0.04143969062715769,2,1
334,8,0.2018628070751826,3,1
335,-13,0.09356010247332354,24,1
336,10,0.05022064596414566,1,1
337,9,0.3017416149377823,2,1
338,10,0.03514987975358963,1,1
339,-22,0.05903727211283915,33,1
340,9,0.03233063127845526,2,1
341,9,0.017247138544917107,2,1
342,10,0.03984580188989639,1,1
343,8,0.04733586683869362,3,1
344,-6,0.10109386779367924,17,1
345,9,0.04089613724499941,2,1
346,8,0.05323281635840734,3,1
347,6,0.035537343844771384,5,1
348,8,0.03723850970466932,3,1
349,9,0.0640991386026144,2,1
350,10,0.03631271421909332,1,1
351,9,0.241753195412457,2,1
352,7,0.03475525602698326,4,1
353,9,0.1752297654747963,2,1
354,8,0.05460260187586149,3,1
355,5,0.04816445925583442,6,1
356,7,0.0387123660184443,4,1
357,10,0.10082516819238663,1,1
358,9,0.0406679455190897,2,1
359,7,0.04345046961680055,4,1
360,8,0.07778819774587949,3,1
361,7,0.029436470940709114,4,1
362,10,0.037967145442962646,1,1
363,-25,0.07273899357662433,36,1
364,8,0.16822696228822073,3,1
365,-13,0.07868560209559898,24,1
366,8,0.16835017378131548,3,1
367,-8,0.04728559424218379,19,1
368,5,0.13821629993617535,6,1
369,10,0.05300557240843773,1,1
370,9,0.07136401161551476,2,1
371,7,0.15649321861565113,4,1
372,9,0.04928827844560146,2,1
373,8,0.09356425205866496,3,1
374,10,0.037921302020549774,1,1
375,7,0.14223414659500122,4,1
376,9,0.12053130567073822,2,1
377,7,0.05910541210323572,4,1
378,10,0.19621479511260986,1,1
379,9,0.06912779062986374,2,1
380,9,0.20443003810942173,2,1
381,7,0.11787387588992715,4,1
382,10,0.4200056791305542,1,1
383,-52,0.07151237452879201,43,0
384,10,0.032804325222969055,1,1
385,8,0.05768097067872683,3,1
386,8,0.04768256222208341,3,1
387,5,0.05661038185159365,6,1
388,7,0.04137916676700115,4,1
389,7,0.05224435171112418,4,1
390,8,0.141600268582503,3,1
391,5,0.08092593836287658,6,1
392,9,0.20762586034834385,2,1
393,9,0.09503931179642677,2,1
394,7,0.13410410191863775,4,1
395,9,0.05572292022407055,2,1
396,9,0.11667409166693687,2,1
397,7,0.16331112757325172,4,1
398,-12,0.12180755036356657,23,1
399,9,0.18058781512081623,2,1
400,10,0.05498191714286804,1,1
401,8,0.05486634218444427,3,1
402,6,0.06053297743201256,5,1
403,8,0.05717967450618744,3,1
404,-50,0.09988016750663518,50,0
405,5,0.08086173546810944,6,1
406,8,0.037170857191085815,3,1
407,8,0.04528491944074631,3,1
408,10,0.1747819036245346,1,1
409,8,0.06583209459980328,3,1
410,9,0.047109732404351234,2,1
411,8,0.06523239985108376,3,1
412,8,0.03498065533737341,3,1
413,-50,0.07391589596867561,50,0
414,7,0.03419405175372958,4,1
415,-50,0.08733023842796683,50,0
416,6,0.03071664460003376,5,1
417,9,0.05201445519924164,2,1
418,10,0.026889702305197716,1,1
419,4,0.0310407927525895,7,1
420,9,0.01375291496515274,2,1
421,9,0.0498091746121645,2,1
422,9,0.18632338847965002,2,1
423,-50,0.0731121233664453,50,0
424,7,0.06947884056717157,4,1
425,6,0.12002172134816647,5,1
426,9,0.022495259530842304,2,1
427,6,0.0631449893116951,5,1
428,-5,0.043582357349805534,16,1
429,10,0.022502806037664413,1,1
430,-7,0.05756265711453226,18,1
431,10,0.3070222735404968,1,1
432,-11,0.18812472186982632,2,0
433,10,0.042416393756866455,1,1
434,7,0.16646292340010405,4,1
435,8,0.06677107078333695,3,1
436,5,0.131740001651148,6,1
437,10,0.043323300778865814,1,1
438,8,0.04662756249308586,3,1
439,10,0.05358711630105972,1,1
440,5,0.03931247598181168,6,1
441,8,0.02132252634813388,3,1
442,-50,0.08027178831398488,50,0
443,7,0.027510626707226038,4,1
444,10,0.008761240169405937,1,1
445,6,0.047769012209028,5,1
446,7,0.08464439120143652,4,1
447,9,0.18324360623955727,2,1
448,8,0.06613806635141373,3,1
449,9,0.027320055291056633,2,1
450,10,0.028560157865285873,1,1
451,6,0.052869459986686705,5,1
452,6,0.05218307115137577,5,1
453,9,0.04099935945123434,2,1
454,10,0.03106112591922283,1,1
455,7,0.12899075914174318,4,1
456,9,0.027238430455327034,2,1
457,-13,0.019784120027907193,4,0
458,5,0.026402228667090338,6,1
459,8,0.05387524453302225,3,1
460,8,0.26087117195129395,3,1
461,6,0.07801829800009727,5,1
462,10,0.07110143452882767,1,1
463,-5,0.09367620572447777,16,1
464,10,0.08996716886758804,1,1
465,-5,0.05944006331264973,16,1
466,8,0.05315153921643893,3,1
467,8,0.042672326788306236,3,1
468,9,0.0813356414437294,2,1
469,1,0.14123123176395894,10,1
470,9,0.035950309596955776,2,1
471,9,0.025316157843917608,2,1
472,8,0.05195498839020729,3,1
473,7,0.044865651056170464,4,1
474,9,0.0567939393222332,2,1
475,-24,0.08682903461158276,35,1
476,10,0.03992055729031563,1,1
477,-37,0.06320895097451285,48,1
478,7,0.16347763873636723,4,1
479,8,0.035712926338116326,3,1
480,9,0.0460278894752264,2,1
481,9,0.042190409265458584,2,1
482,6,0.11747722774744034,5,1
483,10,0.025024432688951492,1,1
484,5,0.03591064581026634,6,1
485,7,0.047648359555751085,4,1
486,7,0.0704238461330533,4,1
487,-50,0.0655271515250206,50,0
488,10,0.016370298340916634,1,1
489,10,0.031718455255031586,1,1
490,10,0.036758992820978165,1,1
491,9,0.053247157484292984,2,1
492,7,0.13034262135624886,4,1
493,9,0.11255379766225815,2,1
494,2,0.0841295938524935,9,1
495,5,0.12042379875977834,6,1
496,8,0.06918235495686531,3,1
497,9,0.04686417989432812,2,1
498,5,0.10098014647761981,6,1
499,9,0.034151164814829826,2,1
500,5,0.05215746909379959,6,1
501,9,0.09727110527455807,2,1
502,9,0.07412468269467354,2,1
503,9,0.050227079540491104,2,1
504,8,0.1823405126730601,3,1
505,6,0.0685253344476223,5,1
506,9,0.022991705685853958,2,1
507,10,0.027264026924967766,1,1
508,8,0.05613454058766365,3,1
509,-50,0.07066124565899372,50,0
510,8,0.05105237290263176,3,1
511,10,0.03444140776991844,1,1
512,7,0.102865737862885,4,1
513,8,0.03386374656111002,3,1
514,9,0.10645180195569992,2,1
515,8,0.045265317584077515,3,1
516,9,0.06122281774878502,2,1
517,9,0.05512631591409445,2,1
518,10,0.05079355090856552,1,1
519,6,0.060063299350440504,5,1
520,7,0.044525043573230505,4,1
521,10,0.054762888699769974,1,1
522,8,0.023681304107109707,3,1
523,7,0.05081321578472853,4,1
524,8,0.07901387413342793,3,1
525,10,0.06512737274169922,1,1
526,10,0.010373162105679512,1,1
527,5,0.051335740834474564,6,1
528,10,0.056263480335474014,1,1
529,9,0.0626054685562849,2,1
530,10,0.0630752295255661,1,1
531,8,0.14168885971109071,3,1
532,7,0.07776031829416752,4,1
533,7,0.12119955709204078,4,1
534,9,0.06921714916825294,2,1
535,9,0.10854659229516983,2,1
536,8,0.09617331065237522,3,1
537,7,0.0954987546429038,4,1
538,10,0.09121286869049072,1,1
539,10,0.18284063041210175,1,1
540,7,0.10450668074190617,4,1
541,7,0.07269999338313937,4,1
542,7,0.057785903103649616,4,1
543,-50,0.07625309981405735,50,0
544,7,0.1286188941448927,4,1
545,10,0.05087283253669739,1,1
546,9,0.02457316592335701,2,1
547,10,0.018912656232714653,1,1
548,-50,0.052221617866307496,50,0
549,7,0.13097007432952523,4,1
550,7,0.06205687113106251,4,1
551,10,0.06471430510282516,1,1
552,9,0.08285235427320004,2,1
553,7,0.10355804953724146,4,1
554,8,0.12619979431231818,3,1
555,7,0.07679080776870251,4,1
556,9,0.08500076271593571,2,1
557,9,0.05867196060717106,2,1
558,6,0.0441922215744853,5,1
559,6,0.05906777754426003,5,1
560,6,0.04184661656618118,5,1
561,9,0.0364531809464097,2,1
562,9,0.03909211792051792,2,1
563,8,0.06714851098755996,3,1
564,8,0.024623007824023564,3,1
565,6,0.037150331772863865,5,1
566,9,0.06030340678989887,2,1
567,9,0.04685874655842781,2,1
568,9,0.04166933335363865,2,1
569,10,0.016045881435275078,1,1
570,10,0.027424780651926994,1,1
571,8,0.09805208537727594,3,1
572,6,0.07111038379371167,5,1
573,9,0.05618814844638109,2,1
574,9,0.08977416530251503,2,1
575,7,0.04567082645371556,4,1
576,9,0.07077289000153542,2,1
577,6,0.03463295549154281,5,1
578,9,0.0385972298681736,2,1
579,9,0.09915411844849586,2,1
580,9,0.04827484767884016,2,1
581,9,0.021321549080312252,2,1
582,-24,0.07472321862975756,15,0
583,10,0.053820692002773285,1,1
584,8,0.10342852895458539,3,1
585,8,0.06292062252759933,3,1
586,9,0.03882032725960016,2,1
587,10,0.0689898431301117,1,1
588,-11,0.03982110880315304,2,0
589,-50,0.07827812930569053,50,0
590,-23,0.06471014483010068,34,1
591,10,0.0636860579252243,1,1
592,10,0.021904094144701958,1,1
593,-13,0.06000766561677059,24,1
594,8,0.0450380432109038,3,1
595,8,0.052764639568825565,3,1
596,9,0.0277934605255723,2,1
597,6,0.13902805149555206,5,1
598,7,0.23018054943531752,4,1
599,10,0.03289466351270676,1,1
600,9,0.07071972265839577,2,1
601,-15,0.05908496541759142,26,1
602,10,0.020342908799648285,1,1
603,4,0.06950550393334456,7,1
604,9,0.05910616181790829,2,1
605,7,0.12463102675974369,4,1
606,-12,0.05998010498781999,3,0
607,7,0.04489518515765667,4,1
608,8,0.053236755852897964,3,1
609,9,0.0755576454102993,2,1
610,-11,0.09270981326699257,2,0
611,8,0.05648086965084076,3,1
612,6,0.052706537395715715,5,1
613,7,0.14303413359448314,4,1
614,9,0.08530215173959732,2,1
615,6,0.13399458974599837,5,1
616,-21,0.03612545427555839,12,0
617,10,0.015671441331505775,1,1
618,-10,0.07834327220916748,1,0
619,7,0.15192614821717143,4,1
620,10,0.016109876334667206,1,1
621,10,0.09178493916988373,1,1
622,5,0.0575523708636562,6,1
623,8,0.021805818503101666,3,1
624,10,0.013679780066013336,1,1
625,9,0.27394808642566204,2,1
626,7,0.1499474118463695,4,1
627,7,0.03992878366261721,4,1
628,9,0.045009955763816833,2,1
629,9,0.02927341591566801,2,1
630,10,0.03174907714128494,1,1
631,7,0.041284358594566584,4,1
632,7,0.016841717762872577,4,1
633,6,0.046415454149246214,5,1
634,10,0.051654983311891556,1,1
635,8,0.02177401042232911,3,1
636,9,0.06628184393048286,2,1
637,-55,0.06277764228213092,46,0
638,8,0.25878986716270447,3,1
639,10,0.028605183586478233,1,1
640,5,0.03167924036582311,6,1
641,-10,0.022361643612384796,1,0
642,10,0.013604431413114071,1,1
643,9,0.06591111049056053,2,1
644,8,0.044398508965969086,3,1
645,10,0.49171876907348633,1,1
646,10,0.09470804035663605,1,1
647,7,0.17067724582739174,4,1
648,-8,0.09324949215117254,19,1
649,8,0.0343184427668651,3,1
650,9,0.24905290454626083,2,1
651,10,0.03932219743728638,1,1
652,-29,0.0755647778045386,40,1
653,6,0.1257456958293915,5,1
654,9,0.030074634589254856,2,1
655,-16,0.1249887056786705,27,1
656,8,0.055612715582052864,3,1
657,10,0.034727662801742554,1,1
658,9,0.03395379148423672,2,1
659,9,0.042265817523002625,2,1
660,10,0.04140790179371834,1,1
661,6,0.050115715526044366,5,1
662,9,0.04822656139731407,2,1
663,6,0.034155377000570294,5,1
664,-17,0.05751106093105461,28,1
665,9,0.04586983658373356,2,1
666,10,0.03969407454133034,1,1
667,10,0.030222125351428986,1,1
668,-10,0.040642112493515015,1,0
669,7,0.0724785728380084,4,1
670,10,0.42309901118278503,1,1
671,7,0.13448475813493133,4,1
672,6,0.029898021183907986,5,1
673,7,0.0525480005890131,4,1
674,8,0.03333458056052526,3,1
675,-50,0.06628385124728084,50,0
676,9,0.3239377811551094,2,1
677,10,0.036512453109025955,1,1
678,-1,0.04704085124346117,12,1
679,4,0.057329975600753515,7,1
680,-6,0.0860182229319916,17,1
681,-11,0.07354325987398624,2,0
682,7,0.24931328766979277,4,1
683,3,0.04205835796892643,8,1
684,10,0.025543415918946266,1,1
685,9,0.03379799425601959,2,1
686,8,0.025147320702672005,3,1
687,9,0.0684461984783411,2,1
688,8,0.025833404312531155,3,1
689,9,0.03027784265577793,2,1
690,9,0.021726523526012897,2,1
691,8,0.04623862293859323,3,1
692,5,0.14046556813021502,6,1
693,8,0.038510700687766075,3,1
694,10,0.039119403809309006,1,1
695,-10,0.052581075578927994,1,0
696,8,0.02615459884206454,3,1
697,7,0.062053671572357416,4,1
698,8,0.03270388642946879,3,1
699,8,0.032384359588225685,3,1
700,9,0.050235288217663765,2,1
701,4,0.08856748283973762,7,1
702,10,0.08374673128128052,1,1
703,10,0.03270633891224861,1,1
704,6,0.018239676766097546,5,1
705,9,0.04301466606557369,2,1
706,10,0.03060765378177166,1,1
707,-23,0.09503972397318908,14,0
708,8,0.21494428968677917,3,1
709,6,0.03719271309673786,5,1
710,-21,0.07919762429082766,32,1
711,6,0.05020315200090408,5,1
712,8,0.23645253852009773,3,1
713,8,0.047209031879901886,3,1
714,9,0.04689168743789196,2,1
715,7,0.15840245503932238,4,1
716,8,0.17256319522857666,3,1
717,9,0.03597305994480848,2,1
718,9,0.11385060846805573,2,1
719,6,0.239667334407568,5,1
720,9,0.050869449973106384,2,1
721,8,0.13899381396671137,3,1
722,10,0.05425474792718887,1,1
723,7,0.05924174003303051,4,1
724,8,0.1700950531909863,3,1
725,9,0.05260157957673073,2,1
726,6,0.13354366570711135,5,1
727,10,0.017851486802101135,1,1
728,-50,0.07983260637149214,50,0
729,7,0.0693612638860941,4,1
730,8,0.09418774396181107,3,1
731,7,0.06231434736400843,4,1
732,10,0.03303571045398712,1,1
733,-10,0.06387569010257721,1,0
734,7,0.03203457221388817,4,1
735,8,0.05528318136930466,3,1
736,-50,0.11655166137963534,50,0
737,10,0.06946848332881927,1,1
738,9,0.02709442563354969,2,1
739,7,0.1728011635132134,4,1
740,9,0.04342067055404186,2,1
741,6,0.07550930380821227,5,1
742,9,0.03968238644301891,2,1
743,7,0.25564559712074697,4,1
744,5,0.05787186759213606,6,1
745,9,0.020667127333581448,2,1
746,7,0.04873685771599412,4,1
747,9,0.06611403077840805,2,1
748,6,0.09044462963938713,5,1
749,8,0.03352714081605276,3,1
750,9,0.22899767383933067,2,1
751,9,0.06651019304990768,2,1
752,8,0.0381624661386013,3,1
753,10,0.011652992106974125,1,1
754,-30,0.061145049156393946,41,1
755,9,0.03447206597775221,2,1
756,7,0.09467938914895058,4,1
757,-10,0.04044423997402191,1,0
758,9,0.05581421218812466,2,1
759,7,0.0804135906510055,4,1
760,8,0.03607879392802715,3,1
761,-12,0.04891118655602137,3,0
762,5,0.2111669940253099,6,1
763,10,0.2723432183265686,1,1
764,8,0.04631326192369064,3,1
765,8,0.07458418980240822,3,1
766,8,0.028285223990678787,3,1
767,8,0.15262821689248085,3,1
768,10,0.3447212278842926,1,1
769,10,0.02160711959004402,1,1
770,-10,0.018981516361236572,1,0
771,8,0.17012006975710392,3,1
772,-31,0.09524652922880791,42,1
773,-50,0.08525648130103945,50,0
774,9,0.20936987921595573,2,1
775,6,0.20417047515511513,5,1
776,6,0.1737354002892971,5,1
777,9,0.04318910837173462,2,1
778,10,0.03938066586852074,1,1
779,10,0.06474108248949051,1,1
780,5,0.2134986628467838,6,1
781,-9,0.08087317366153002,20,1
782,8,0.1584285261730353,3,1
783,10,0.06755033135414124,1,1
784,8,0.05419432185590267,3,1
785,9,0.12878974247723818,2,1
786,10,0.09313974529504776,1,1
787,7,0.13794830441474915,4,1
788,-32,0.0975546146591389,43,1
789,8,0.14515828465421995,3,1
790,9,0.021510993130505085,2,1
791,7,0.054789057932794094,4,1
792,6,0.09415521509945393,5,1
793,9,0.04071998968720436,2,1
794,4,0.05219242562140737,7,1
795,9,0.06459587812423706,2,1
796,9,0.018661843612790108,2,1
797,9,0.08336580358445644,2,1
798,8,0.01955544762313366,3,1
799,7,0.0600170586258173,4,1
800,-12,0.0633291273067395,3,0
801,6,0.03998616226017475,5,1
802,7,0.04967797559220344,4,1
803,8,0.39508987342317897,3,1
804,10,0.03174436092376709,1,1
805,6,0.1398793339729309,5,1
806,6,0.10928207188844681,5,1
807,10,0.01571423001587391,1,1
808,10,0.048072487115859985,1,1
809,8,0.25807711233695346,3,1
810,6,0.06517973635345697,5,1
811,6,0.17105230540037156,5,1
812,6,0.04361619986593723,5,1
813,7,0.06903625465929508,4,1
814,9,0.15087749063968658,2,1
815,7,0.032106669154018164,4,1
816,9,0.04104304313659668,2,1
817,7,0.11172933131456375,4,1
818,-12,0.09099644803158614,23,1
819,8,0.2813141942024231,3,1
820,-14,0.1377936878800392,25,1
821,9,0.31303928792476654,2,1
822,9,0.04785653296858072,2,1
823,-10,0.29566770792007446,1,0
824,8,0.08003285278876622,3,1
825,8,0.053492724895477295,3,1
826,6,0.14707935377955436,5,1
827,3,0.1081527448259294,8,1
828,10,0.031185995787382126,1,1
829,10,0.45576366782188416,1,1
830,6,0.15919967405498028,5,1
831,8,0.17347277514636517,3,1
832,10,0.028435388579964638,1,1
833,10,0.07290734350681305,1,1
834,6,0.08969805799424649,5,1
835,10,0.08114515244960785,1,1
836,-5,0.08174196421168745,16,1
837,10,0.05676250159740448,1,1
838,5,0.0925819252928098,6,1
839,10,0.030422519892454147,1,1
840,7,0.0607436615973711,4,1
841,8,0.17824787894884744,3,1
842,7,0.09321594517678022,4,1
843,-16,0.17806299669401987,7,0
844,-21,0.09955211138003506,32,1
845,8,0.06988087172309558,3,1
846,9,0.05261831823736429,2,1
847,8,0.04566300722459952,3,1
848,6,0.044562406837940216,5,1
849,-10,0.20740777254104614,1,0
850,9,0.02565879002213478,2,1
851,10,0.03876807913184166,1,1
852,9,0.22878284752368927,2,1
853,10,0.29761314392089844,1,1
854,-18,0.11486644015229981,29,1
855,9,0.31591849587857723,2,1
856,8,0.09217739167312781,3,1
857,9,0.30327432602643967,2,1
858,-14,0.0946842797100544,25,1
859,6,0.045551933348178864,5,1
860,10,0.050297826528549194,1,1
861,9,0.045115213841199875,2,1
862,10,0.03754844143986702,1,1
863,8,0.02138844442864259,3,1
864,9,0.09415129944682121,2,1
865,-4,0.1584740070005258,15,1
866,8,0.07121134673555692,3,1
867,8,0.1515954714268446,3,1
868,-10,0.011044607497751713,1,0
869,8,0.1274042675892512,3,1
870,7,0.23442683275789022,4,1
871,9,0.05084571614861488,2,1
872,10,0.01109705213457346,1,1
873,6,0.06985025629401206,5,1
874,7,0.09509661560878158,4,1
875,7,0.17222377564758062,4,1
876,-6,0.055023073766599685,17,1
877,7,0.12752946990076452,4,1
878,10,0.04398858919739723,1,1
879,8,0.13405181157092252,3,1
880,9,0.04012147430330515,2,1
881,9,0.24601033981889486,2,1
882,10,0.049457892775535583,1,1
883,-50,0.10139892490580678,50,0
884,10,0.04316144436597824,1,1
885,9,0.04899314232170582,2,1
886,-10,0.023428218439221382,1,0
887,9,0.050162321887910366,2,1
888,7,0.0372067941352725,4,1
889,-3,0.09443559537508658,14,1
890,-1,0.048662625097980104,12,1
891,7,0.06981813069432974,4,1
892,-12,0.035349274054169655,3,0
893,8,0.150746563449502,3,1
894,10,0.041389238089323044,1,1
895,8,0.14617893596490225,3,1
896,9,0.2745028678327799,2,1
897,5,0.08040469543387492,6,1
898,10,0.08310503512620926,1,1
899,9,0.2110382877290249,2,1
900,8,0.04567987906436125,3,1
901,5,0.1128044268116355,6,1
902,5,0.05829686609407266,6,1
903,7,0.16242094105109572,4,1
904,6,0.11114264950156212,5,1
905,8,0.1696072667837143,3,1
906,9,0.062387729063630104,2,1
907,10,0.029270313680171967,1,1
908,10,0.4288232922554016,1,1
909,6,0.04630514644086361,5,1
910,8,0.16711625208457312,3,1
911,9,0.027079005725681782,2,1
912,8,0.3321341002980868,3,1
913,1,0.17195243472233415,10,1
914,9,0.027505097910761833,2,1
915,7,0.04560060752555728,4,1
916,9,0.049131134524941444,2,1
917,-16,0.086290224213843,27,1
918,6,0.11419230289757251,5,1
919,9,0.1345847211778164,2,1
920,-11,0.1464454440230673,22,1
921,8,0.18030558774868646,3,1
922,-10,0.04737839102745056,1,0
923,8,0.3300790376961231,3,1
924,10,0.030322778970003128,1,1
925,10,0.04016919806599617,1,1
926,-3,0.12245488153504473,14,1
927,9,0.05809124652296305,2,1
928,9,0.028319962322711945,2,1
929,3,0.14518389385193586,8,1
930,8,0.07666513447960217,3,1
931,9,0.03825489478185773,2,1
932,6,0.06489431150257588,5,1
933,7,0.2605407275259495,4,1
934,9,0.09908511117100716,2,1
935,5,0.11402237166961034,6,1
936,-50,0.15281988196074964,50,0
937,9,0.043931981548666954,2,1
938,10,0.05254023149609566,1,1
939,8,0.09243562445044518,3,1
940,9,0.09540552273392677,2,1
941,7,0.05148744536563754,4,1
942,-27,0.13142229604387753,38,1
943,7,0.04463603533804417,4,1
944,10,0.10719864815473557,1,1
945,8,0.03253067657351494,3,1
946,9,0.020851358771324158,2,1
947,9,0.03335562068969011,2,1
948,9,0.05376914516091347,2,1
949,8,0.14259816333651543,3,1
950,10,0.04876820370554924,1,1
951,8,0.018963417038321495,3,1
952,10,0.00931120477616787,1,1
953,8,0.1090071468303601,3,1
954,8,0.05166759838660558,3,1
955,8,0.038130590692162514,3,1
956,9,0.042053123004734516,2,1
957,9,0.08096123300492764,2,1
958,7,0.14732759818434715,4,1
959,4,0.11510453772331987,7,1
960,9,0.06761235743761063,2,1
961,9,0.03695404715836048,2,1
962,-50,0.090954196061939,50,0
963,9,0.07257046923041344,2,1
964,-6,0.12571733006659677,17,1
965,8,0.05475992833574613,3,1
966,9,0.16351077891886234,2,1
967,9,0.1417993102222681,2,1
968,7,0.17135773366317153,4,1
969,9,0.034478290006518364,2,1
970,10,0.07976531982421875,1,1
971,10,0.2477956861257553,1,1
972,9,0.19806466158479452,2,1
973,9,0.12676111608743668,2,1
974,5,0.04733033773178855,6,1
975,6,0.06498580351471901,5,1
976,8,0.034913238137960434,3,1
977,7,0.040696908719837666,4,1
978,7,0.04733968898653984,4,1
979,8,0.03440323037405809,3,1
980,8,0.1922606024891138,3,1
981,6,0.03789313025772571,5,1
982,10,0.0973493754863739,1,1
983,-35,0.0915989498405353,46,1
984,7,0.06278107361868024,4,1
985,10,0.02755572274327278,1,1
986,-11,0.04666604660451412,2,0
987,9,0.07070609368383884,2,1
988,-10,0.016700398176908493,1,0
989,10,0.01680930331349373,1,1
990,7,0.25803951546549797,4,1
991,8,0.1648996484776338,3,1
992,10,0.04244222864508629,1,1
993,10,0.053600095212459564,1,1
994,10,0.07665062695741653,1,1
995,9,0.07494253199547529,2,1
996,9,0.05866715498268604,2,1
997,9,0.05691256746649742,2,1
998,10,0.024271436035633087,1,1
999,5,0.05695215736826261,6,1
1000,10,0.024534769356250763,1,1
1,7,0.08326125424355268,4,1
2,6,0.061472727730870244,5,1
3,-11,0.06070473697036505,2,0
4,-15,0.06014804699673103,26,1
5,-4,0.14225538497169812,15,1
6,8,0.14833066860834757,3,1
7,10,0.11178722977638245,1,1
8,10,0.04882608726620674,1,1
9,9,0.03517003729939461,2,1
10,6,0.17370276376605034,5,1
11,9,0.1906951256096363,2,1
12,5,0.03397328406572342,6,1
13,8,0.18546783551573753,3,1
14,8,0.05712598810593287,3,1
15,7,0.12102904729545116,4,1
16,9,0.06699766591191292,2,1
17,10,0.04402109235525131,1,1
18,6,0.1445718824863434,5,1
19,10,0.1444399207830429,1,1
20,8,0.19360613574584326,3,1
21,10,0.08851396292448044,1,1
22,10,0.13761495053768158,1,1
23,-35,0.10680924084685418,46,1
24,6,0.1282162845134735,5,1
25,9,0.04837673902511597,2,1
26,-32,0.12518525398943736,23,0
27,9,0.04841352254152298,2,1
28,10,0.028525084257125854,1,1
29,8,0.05690662314494451,3,1
30,7,0.15553911868482828,4,1
31,7,0.04764110688120127,4,1
32,-50,0.09292066033929586,50,0
33,7,0.06474154070019722,4,1
34,7,0.04274505842477083,4,1
35,8,0.0654881199200948,3,1
36,7,0.19648126093670726,4,1
37,7,0.09630255494266748,4,1
38,8,0.06451378266016643,3,1
39,9,0.04555192030966282,2,1
40,-10,0.032801177352666855,1,0
41,10,0.6022046208381653,1,1
42,7,0.2893600380048156,4,1
43,6,0.0705133643001318,5,1
44,9,0.03492659516632557,2,1
45,10,0.4474508762359619,1,1
46,9,0.03361566737294197,2,1
47,10,0.053868792951107025,1,1
48,10,0.03532616049051285,1,1
49,-50,0.1115546315908432,50,0
50,9,0.19381089508533478,2,1
51,5,0.10630062532921632,6,1
52,9,0.0668109692633152,2,1
53,-7,0.09460852015763521,18,1
54,10,0.3784506618976593,1,1
55,10,0.02390597201883793,1,1
56,9,0.022444277070462704,2,1
57,3,0.08690872602164745,8,1
58,10,0.04196811467409134,1,1
59,8,0.08428024624784787,3,1
60,7,0.045308401342481375,4,1
61,10,0.058158028870821,1,1
62,9,0.07073575258255005,2,1
63,10,0.028612911701202393,1,1
64,-20,0.12214202469875736,31,1
65,8,0.14467243663966656,3,1
66,-50,0.1311099355109036,50,0
67,-2,0.10832352219865872,13,1
68,9,0.05255058594048023,2,1
69,9,0.04163943510502577,2,1
70,9,0.036156557500362396,2,1
71,9,0.028774834237992764,2,1
72,-6,0.09255840245853453,17,1
73,-50,0.08893296566791832,50,0
74,10,0.019276874139904976,1,1
75,9,0.02206073421984911,2,1
76,8,0.14605529606342316,3,1
77,9,0.19576762802898884,2,1
78,6,0.02938372902572155,5,1
79,8,0.07437546427051227,3,1
80,9,0.10935054533183575,2,1
81,0,0.146601862358776,11,1
82,8,0.02926355538268884,3,1
83,10,0.029097899794578552,1,1
84,9,0.055320137180387974,2,1
85,9,0.020467290189117193,2,1
86,7,0.034726315876469016,4,1
87,3,0.06914825178682804,8,1
88,8,0.1303011185179154,3,1
89,-10,0.01544543169438839,1,0
90,-5,0.10198963354923762,16,1
91,8,0.06670608495672543,3,1
92,6,0.03737156614661217,5,1
93,10,0.5340511202812195,1,1
94,7,0.22184525802731514,4,1
95,8,0.06562399119138718,3,1
96,7,0.11597419157624245,4,1
97,10,0.08286096900701523,1,1
98,8,0.09750506530205409,3,1
99,10,0.07208280265331268,1,1
100,8,0.04474595685799917,3,1
101,7,0.06435927096754313,4,1
102,7,0.0824259677901864,4,1
103,4,0.04786833934485912,7,1
104,9,0.022409641183912754,2,1
105,7,0.14756013173609972,4,1
106,-50,0.12816822044551374,50,0
107,-6,0.1318898105665165,17,1
108,9,0.12333794310688972,2,1
109,8,0.0820565161605676,3,1
110,9,0.07471131160855293,2,1
111,4,0.146633881809456,7,1
112,8,0.16609223186969757,3,1
113,8,0.052085419495900474,3,1
114,10,0.0571671761572361,1,1
115,10,0.09080994874238968,1,1
116,10,0.025069989264011383,1,1
117,10,0.08504645526409149,1,1
118,-11,0.02979895193129778,2,0
119,8,0.06645069892207782,3,1
120,5,0.10885795547316472,6,1
121,10,0.028868308290839195,1,1
122,8,0.03254826242725054,3,1
123,8,0.03619361793001493,3,1
124,-38,0.11094488289055167,49,1
125,8,0.17397055278221765,3,1
126,8,0.033280553917090096,3,1
127,-9,0.07134997826069593,20,1
128,9,0.0405855942517519,2,1
129,5,0.1963823794697722,6,1
130,9,0.020833801478147507,2,1
131,9,0.017384828999638557,2,1
132,10,0.06861086934804916,1,1
133,8,0.02327636380990346,3,1
134,9,0.07392827607691288,2,1
135,6,0.03575519695878029,5,1
136,6,0.05629618763923645,5,1
137,9,0.5031968355178833,2,1
138,8,0.3265383516748746,3,1
139,10,0.09021653234958649,1,1
140,6,0.07372327223420143,5,1
141,10,0.1908448487520218,1,1
142,10,0.05684681236743927,1,1
143,9,0.0625291783362627,2,1
144,-9,0.0651732030324638,20,1
145,-19,0.09684196667124828,30,1
146,9,0.08286217972636223,2,1
147,9,0.13789758831262589,2,1
148,9,0.2635022960603237,2,1
149,9,0.24652238562703133,2,1
150,7,0.0663882028311491,4,1
151,8,0.06145333250363668,3,1
152,-11,0.17552168760448694,2,0
153,10,0.24451325833797455,1,1
154,5,0.14520919043570757,6,1
155,-10,0.03510446846485138,1,0
156,9,0.2786801215261221,2,1
157,9,0.04936686158180237,2,1
158,0,0.11474341645159504,11,1
159,-10,0.10002751271462157,21,1
160,10,0.06203325092792511,1,1
161,9,0.04112619161605835,2,1
162,9,0.1325373537838459,2,1
163,5,0.03733991257225474,6,1
164,-10,0.02889481745660305,1,0
165,10,0.1638890653848648,1,1
166,8,0.1704739878575007,3,1
167,-36,0.1166170541434846,47,1
168,10,0.059947315603494644,1,1
169,9,0.22573556099087,2,1
170,7,0.0627669538371265,4,1
171,7,0.08652477897703648,4,1
172,7,0.08230384066700935,4,1
173,9,0.36915387213230133,2,1
174,5,0.1238989494740963,6,1
175,-50,0.14528061198070646,50,0
176,8,0.19501473382115364,3,1
177,8,0.06269737891852856,3,1
178,6,0.11740243956446647,5,1
179,7,0.04751219600439072,4,1
180,9,0.05546420253813267,2,1
181,9,0.08790910057723522,2,1
182,10,0.05041632428765297,1,1
183,6,0.21845256835222243,5,1
184,9,0.17588852252811193,2,1
185,-28,0.12899995346864065,39,1
186,10,0.08668576180934906,1,1
187,9,0.07719235867261887,2,1
188,7,0.08101749047636986,4,1
189,9,0.05768718384206295,2,1
190,6,0.025174037739634513,5,1
191,10,0.21092939376831055,1,1
192,-9,0.10317558208480478,20,1
193,10,0.04169042780995369,1,1
194,10,0.3189341723918915,1,1
195,-50,0.1058527946844697,50,0
196,8,0.05563362315297127,3,1
197,9,0.11791778728365898,2,1
198,8,0.04408824692169825,3,1
199,9,0.030170055106282234,2,1
200,-9,0.09077385682612657,20,1
201,-50,0.08234980016946793,50,0
202,9,0.010193544905632734,2,1
203,9,0.055494628846645355,2,1
204,9,0.030281564220786095,2,1
205,-10,0.035490082865137426,21,1
206,8,0.01591565211613973,3,1
207,10,0.02865590900182724,1,1
208,-30,0.06326351510133685,41,1
209,-12,0.05826644537349542,3,0
210,9,0.20870451210066676,2,1
211,9,0.04148874059319496,2,1
212,8,0.07786120908955733,3,1
213,9,0.061201123520731926,2,1
214,10,0.04586704075336456,1,1
215,9,0.05186210386455059,2,1
216,8,0.07949544365207355,3,1
217,9,0.2556218570098281,2,1
218,-50,0.061858184561133386,50,0
219,9,0.050506080500781536,2,1
220,10,0.07914263010025024,1,1
221,6,0.04596261866390705,5,1
222,10,0.4764382243156433,1,1
223,7,0.07177747040987015,4,1
224,6,0.12178629897534847,5,1
225,7,0.08892669971100986,4,1
226,9,0.05405277479439974,2,1
227,9,0.24862464144825935,2,1
228,-7,0.05172155600868993,18,1
229,9,0.07087744772434235,2,1
230,8,0.04153737798333168,3,1
231,8,0.02811761883397897,3,1
232,-29,0.09837216762825847,20,0
233,9,0.054024471901357174,2,1
234,10,0.04586030915379524,1,1
235,9,0.031276632100343704,2,1
236,9,0.19176641199737787,2,1
237,8,0.024756936356425285,3,1
238,1,0.10849085776135325,10,1
239,-54,0.11193029938472641,45,0
240,8,0.07256164215505123,3,1
241,6,0.09843745790421962,5,1
242,10,0.04592040553689003,1,1
243,0,0.03823761294849894,11,1
244,9,0.054768363013863564,2,1
245,6,0.023897719476372002,5,1
246,7,0.08856881316751242,4,1
247,4,0.10996840441865581,7,1
248,10,0.03537340834736824,1,1
249,9,0.09511274099349976,2,1
250,8,0.06006865700085958,3,1
251,8,0.04428979133566221,3,1
252,9,0.24671227484941483,2,1
253,7,0.03492564335465431,4,1
254,9,0.025855681858956814,2,1
255,8,0.17155212784806886,3,1
256,9,0.21922094002366066,2,1
257,8,0.02251432587703069,3,1
258,10,0.024473339319229126,1,1
259,-46,0.10091365287332116,37,0
260,9,0.1862798733636737,2,1
261,10,0.016534438356757164,1,1
262,10,0.06873878836631775,1,1
263,7,0.13752005668357015,4,1
264,9,0.052119579166173935,2,1
265,6,0.03295665113255382,5,1
266,6,0.04027033280581236,5,1
267,9,0.03474297188222408,2,1
268,9,0.20240435004234314,2,1
269,7,0.020971423014998436,4,1
270,9,0.07118783332407475,2,1
271,9,0.30765170603990555,2,1
272,-7,0.08480555289942357,18,1
273,8,0.19944915920495987,3,1
274,8,0.18013620376586914,3,1
275,8,0.09432096406817436,3,1
276,9,0.06433831714093685,2,1
277,9,0.010236257687211037,2,1
278,8,0.11938275303691626,3,1
279,-8,0.09918236899140634,19,1
280,-50,0.07753960959613324,50,0
281,-2,0.08872746131741084,13,1
282,6,0.08109343722462654,5,1
283,10,0.026277929544448853,1,1
284,5,0.10958358117689689,6,1
285,7,0.036297984421253204,4,1
286,4,0.13305358216166496,7,1
287,8,0.0169378745680054,3,1
288,8,0.05002773739397526,3,1
289,8,0.045369045808911324,3,1
290,-10,0.021595420315861702,1,0
291,10,0.07398861646652222,1,1
292,6,0.0707213457673788,5,1
293,10,0.018417973071336746,1,1
294,8,0.04053545122345289,3,1
295,9,0.10557122528553009,2,1
296,8,0.042585247196257114,3,1
297,6,0.14584497287869452,5,1
298,-7,0.07812244657220112,18,1
299,8,0.21702434495091438,3,1
300,7,0.09017143025994301,4,1
301,8,0.06629912306865056,3,1
302,7,0.12436543591320515,4,1
303,7,0.20084910187870264,4,1
304,9,0.13712351955473423,2,1
305,9,0.09476933162659407,2,1
306,9,0.04164956882596016,2,1
307,7,0.2147623933851719,4,1
308,8,0.14122054229180017,3,1
309,-13,0.060518527403473854,4,0
310,-10,0.0468190461397171,1,0
311,8,0.06421830194691817,3,1
312,8,0.19519512231151262,3,1
313,8,0.09056008234620094,3,1
314,7,0.08328038943000138,4,1
315,-50,0.10583210114389657,50,0
316,9,0.03539629094302654,2,1
317,10,0.03380716219544411,1,1
318,9,0.024234343320131302,2,1
319,9,0.08815470524132252,2,1
320,-8,0.15212426138551613,19,1
321,6,0.04019392132759094,5,1
322,8,0.11602924267450969,3,1
323,7,0.04947600560262799,4,1
324,8,0.01551471215983232,3,1
325,8,0.040769786263505615,3,1
326,-15,0.12195170262398627,26,1
327,9,0.05292532220482826,2,1
328,-50,0.08656202029436827,50,0
329,-11,0.07255948876792734,22,1
330,10,0.28353235125541687,1,1
331,5,0.09474040288478136,6,1
332,6,0.03577631022781134,5,1
333,-11,0.04878861829638481,2,0
334,7,0.02781264390796423,4,1
335,5,0.02987838877985875,6,1
336,7,0.2631541716400534,4,1
337,9,0.032809571363031864,2,1
338,10,0.019490141421556473,1,1
339,7,0.1632589939981699,4,1
340,8,0.03811905160546303,3,1
341,9,0.03451405465602875,2,1
342,8,0.0835992048184077,3,1
343,9,0.057921161875128746,2,1
344,8,0.03994072539110979,3,1
345,9,0.22627303376793861,2,1
346,9,0.027735263109207153,2,1
347,9,0.05488653853535652,2,1
348,9,0.04470247495919466,2,1
349,7,0.14118046686053276,4,1
350,10,0.08169809728860855,1,1
351,9,0.07532541453838348,2,1
352,10,0.1303388923406601,1,1
353,8,0.10441239178180695,3,1
354,8,0.07423794517914455,3,1
355,10,0.09922072291374207,1,1
356,9,0.05314043164253235,2,1
357,9,0.051220446825027466,2,1
358,8,0.07748504852255185,3,1
359,9,0.05200158804655075,2,1
360,9,0.04887229669839144,2,1
361,9,0.02539557870477438,2,1
362,5,0.12278649831811587,6,1
363,7,0.04143817303702235,4,1
364,7,0.0665846336632967,4,1
365,8,0.02489526818195979,3,1
366,-10,0.009998993948101997,1,0
367,10,0.03964896500110626,1,1
368,-20,0.08468991980677651,31,1
369,8,0.019741442054510117,3,1
370,10,0.01920929364860058,1,1
371,9,0.05926911532878876,2,1
372,9,0.05215160455554724,2,1
373,8,0.0760192833840847,3,1
374,8,0.09909311433633168,3,1
375,9,0.31747947819530964,2,1
376,8,0.045866698026657104,3,1
377,7,0.0665795486420393,4,1
378,6,0.32932218015193937,5,1
379,9,0.24542698077857494,2,1
380,10,0.007797028869390488,1,1
381,9,0.20472980290651321,2,1
382,8,0.1894657959540685,3,1
383,-25,0.05856104275315172,36,1
384,9,0.1932007297873497,2,1
385,8,0.0256907610843579,3,1
386,9,0.04153258120641112,2,1
387,8,0.0640309564769268,3,1
388,8,0.06213244174917539,3,1
389,9,0.2266876269131899,2,1
390,8,0.04413181977967421,3,1
391,3,0.061152937123551965,8,1
392,9,0.04363674856722355,2,1
393,7,0.08582539204508066,4,1
394,10,0.05395745113492012,1,1
395,7,0.16629389021545649,4,1
396,9,0.052942804992198944,2,1
397,-17,0.09399449539237789,28,1
398,9,0.06041461601853371,2,1
399,8,0.21666575968265533,3,1
400,8,0.0646332645167907,3,1
401,2,0.0937695565323035,9,1
402,9,0.03214823268353939,2,1
403,6,0.13031101301312448,5,1
404,7,0.02355584059841931,4,1
405,7,0.08561457693576813,4,1
406,2,0.1136968553894096,9,1
407,10,0.03265674412250519,1,1
408,-16,0.08657651932703124,27,1
409,10,0.10120794922113419,1,1
410,-25,0.04819541040342301,16,0
411,-50,0.10374986320734024,50,0
412,9,0.1991646927781403,2,1
413,9,0.08830881118774414,2,1
414,9,0.1221647821366787,2,1
415,-50,0.08194160014390946,50,0
416,9,0.04258423671126366,2,1
417,9,0.34971727430820465,2,1
418,10,0.022997241467237473,1,1
419,8,0.03764760804673036,3,1
420,8,0.03239024616777897,3,1
421,7,0.09207916632294655,4,1
422,6,0.06333128176629543,5,1
423,-29,0.09583051139488816,20,0
424,9,0.022094921208918095,2,1
425,10,0.038975633680820465,1,1
426,7,0.18119112867861986,4,1
427,10,0.44428837299346924,1,1
428,10,0.018257254734635353,1,1
429,10,0.027908839285373688,1,1
430,9,0.02302805706858635,2,1
431,8,0.026958368252962828,3,1
432,7,0.08058011066168547,4,1
433,10,0.17318162322044373,1,1
434,-11,0.23989207297563553,2,0
435,8,0.058019623160362244,3,1
436,7,0.040263555478304625,4,1
437,9,0.029042739421129227,2,1
438,6,0.058881218545138836,5,1
439,8,0.3229678673669696,3,1
440,8,0.02608204446732998,3,1
441,7,0.051473925821483135,4,1
442,10,0.024627594277262688,1,1
443,-50,0.12879377420991658,50,0
444,7,0.056273676455020905,4,1
445,6,0.12291472349315882,5,1
446,10,0.48634806275367737,1,1
447,6,0.04075246341526508,5,1
448,10,0.014082269743084908,1,1
449,6,0.12076754681766033,5,1
450,10,0.005500177852809429,1,1
451,8,0.1507595848912994,3,1
452,8,0.0262361578643322,3,1
453,5,0.08871503733098507,6,1
454,9,0.25675601698458195,2,1
455,6,0.01819560891017318,5,1
456,10,0.06003743037581444,1,1
457,7,0.03741795429959893,4,1
458,9,0.05980810895562172,2,1
459,10,0.026656311005353928,1,1
460,9,0.22340819612145424,2,1
461,-50,0.08346686830744147,50,0
462,-50,0.0945605594664812,50,0
463,-50,0.06846151936799288,50,0
464,8,0.024217950801054638,3,1
465,10,0.0553763173520565,1,1
466,9,0.04499439895153046,2,1
467,7,0.05392482224851847,4,1
468,7,0.050532213877886534,4,1
469,6,0.02955213226377964,5,1
470,8,0.047689817224939667,3,1
471,8,0.047733062878251076,3,1
472,10,0.02529633231461048,1,1
473,9,0.1982457283884287,2,1
474,9,0.016718178521841764,2,1
475,8,0.03753141748408476,3,1
476,9,0.1944389771670103,2,1
477,7,0.03238180186599493,4,1
478,8,0.024782953783869743,3,1
479,7,0.026858262484893203,4,1
480,10,0.05811518803238869,1,1
481,8,0.1593204171707233,3,1
482,7,0.02985314978286624,4,1
483,9,0.03804132342338562,2,1
484,10,0.05725342780351639,1,1
485,6,0.05920806974172592,5,1
486,7,0.23325967974960804,4,1
487,10,0.039113856852054596,1,1
488,9,0.03207225538790226,2,1
489,5,0.14148034000148377,6,1
490,9,0.08737222850322723,2,1
491,9,0.16878013126552105,2,1
492,8,0.044700262447198234,3,1
493,9,0.4957702998071909,2,1
494,-50,0.062226156406104564,50,0
495,8,0.0175929203008612,3,1
496,10,0.05141131207346916,1,1
497,10,0.0486605167388916,1,1
498,9,0.032939077354967594,2,1
499,1,0.04698801767081022,10,1
500,7,0.03621839499101043,4,1
501,5,0.11088409088551998,6,1
502,10,0.0567103810608387,1,1
503,10,0.020227527245879173,1,1
504,9,0.05201905593276024,2,1
505,9,0.0730962511152029,2,1
506,9,0.1727170031517744,2,1
507,8,0.024727820108334225,3,1
508,6,0.14368556886911393,5,1
509,5,0.10635480160514514,6,1
510,10,0.01876583881676197,1,1
511,5,0.09016345410297315,6,1
512,9,0.03304119501262903,2,1
513,-1,0.04071427811868489,12,1
514,-10,0.01304581854492426,1,0
515,10,0.021847454831004143,1,1
516,9,0.019563214387744665,2,1
517,8,0.10840331266323726,3,1
518,-7,0.08756021053219835,18,1
519,10,0.10127326846122742,1,1
520,7,0.13606538344174623,4,1
521,9,0.0183789087459445,2,1
522,7,0.15775456302799284,4,1
523,7,0.2099718153476715,4,1
524,9,0.055307330563664436,2,1
525,10,0.17015360295772552,1,1
526,9,0.03616433730348945,2,1
527,8,0.022922621108591557,3,1
528,10,0.05950223281979561,1,1
529,10,0.47174862027168274,1,1
530,9,0.05757386749610305,2,1
531,10,0.22280392050743103,1,1
532,9,0.037851497530937195,2,1
533,10,0.03479679301381111,1,1
534,7,0.035972419660538435,4,1
535,7,0.15457368968054652,4,1
536,8,0.06461175779501598,3,1
537,8,0.04517023575802644,3,1
538,10,0.08661658316850662,1,1
539,8,0.1486305439223846,3,1
540,8,0.01680577763666709,3,1
541,8,0.03266620604942242,3,1
542,7,0.11689360346645117,4,1
543,9,0.03399270959198475,2,1
544,9,0.2274150662124157,2,1
545,7,0.04790767002850771,4,1
546,9,0.050101250410079956,2,1
547,9,0.026499024126678705,2,1
548,9,0.0469594094902277,2,1
549,7,0.13376712519675493,4,1
550,1,0.049466770701110364,10,1
551,6,0.053537710756063464,5,1
552,10,0.42130109667778015,1,1
553,10,0.05728135257959366,1,1
554,7,0.14440139196813107,4,1
555,6,0.12820225208997726,5,1
556,8,0.056861129899819694,3,1
557,-50,0.04628117872402072,50,0
558,10,0.027475375682115555,1,1
559,5,0.15787409587452808,6,1
560,9,0.029528724029660225,2,1
561,7,0.04632346425205469,4,1
562,8,0.04759198923905691,3,1
563,9,0.2926647737622261,2,1
564,7,0.04582116659730673,4,1
565,8,0.10511380278815825,3,1
566,-50,0.06766262300312519,50,0
567,9,0.07827955856919289,2,1
568,10,0.048835452646017075,1,1
569,10,0.04887497052550316,1,1
570,9,0.054762864485383034,2,1
571,9,0.034494997933506966,2,1
572,9,0.07691751047968864,2,1
573,-22,0.0786690486482147,33,1
574,-30,0.0665742639088776,41,1
575,10,0.040723301470279694,1,1
576,10,0.025358375161886215,1,1
577,9,0.027493934147059917,2,1
578,10,0.042025402188301086,1,1
579,8,0.033047876320779324,3,1
580,8,0.028906047344207764,3,1
581,8,0.021010195836424828,3,1
582,10,0.021621333435177803,1,1
583,10,0.06054786220192909,1,1
584,7,0.026617972645908594,4,1
585,8,0.025073243925968807,3,1
586,-6,0.07541361571673084,17,1
587,-23,0.0859580241581973,34,1
588,9,0.055125296115875244,2,1
589,10,0.1203281432390213,1,1
590,10,0.024606792256236076,1,1
591,10,0.05382903665304184,1,1
592,9,0.05114372633397579,2,1
593,8,0.027267457606891792,3,1
594,9,0.1421968825161457,2,1
595,7,0.0536096366122365,4,1
596,8,0.031654165436824165,3,1
597,9,0.04216364398598671,2,1
598,8,0.03722611193855604,3,1
599,10,0.05713457986712456,1,1
600,9,0.022869035601615906,2,1
601,7,0.04672168055549264,4,1
602,8,0.05468585932006439,3,1
603,10,0.056006018072366714,1,1
604,7,0.15571153769269586,4,1
605,8,0.04604733735322952,3,1
606,7,0.0651401593349874,4,1
607,7,0.06241139164194465,4,1
608,6,0.12665571868419648,5,1
609,8,0.050703610914448895,3,1
610,8,0.06117249528566996,3,1
611,8,0.053175160040458046,3,1
612,-10,0.018373720347881317,1,0
613,-17,0.07521353286158826,28,1
614,9,0.08724814094603062,2,1
615,8,0.23081124077240625,3,1
616,-19,0.053018731717020276,30,1
617,10,0.020583422854542732,1,1
618,9,0.016551476903259754,2,1
619,9,0.03778349235653877,2,1
620,8,0.19968110819657645,3,1
621,-12,0.052666700134674706,3,0
622,-5,0.11810869787586853,16,1
623,5,0.054609219854076706,6,1
624,10,0.05941174551844597,1,1
625,8,0.032562250892321266,3,1
626,9,0.09934617765247822,2,1
627,9,0.03373883571475744,2,1
628,7,0.05907284002751112,4,1
629,9,0.027652679476886988,2,1
630,9,0.23989492654800415,2,1
631,9,0.03494151867926121,2,1
632,-5,0.09923879080452025,16,1
633,5,0.04533264817049106,6,1
634,6,0.1555814877152443,5,1
635,2,0.08167788572609425,9,1
636,8,0.08304564654827118,3,1
637,6,0.040571718290448186,5,1
638,8,0.03347409889101982,3,1
639,6,0.06987831182777882,5,1
640,9,0.061259716749191284,2,1
641,7,0.043999443762004375,4,1
642,7,0.1314890757203102,4,1
643,9,0.06136479414999485,2,1
644,10,0.010951321572065353,1,1
645,7,0.08404559455811977,4,1
646,9,0.0406456533819437,2,1
647,10,0.3247341811656952,1,1
648,9,0.01587576512247324,2,1
649,8,0.0658090574045976,3,1
650,-50,0.053672863650135696,50,0
651,10,0.25092074275016785,1,1
652,8,0.04842650331556797,3,1
653,-22,0.08052281245137706,33,1
654,9,0.05901588872075081,2,1
655,9,0.04229757376015186,2,1
656,7,0.07841780595481396,4,1
657,7,0.15391639433801174,4,1
658,6,0.17048238068819047,5,1
659,9,0.04438827186822891,2,1
660,8,0.0470524188131094,3,1
661,9,0.21865812502801418,2,1
662,6,0.03794983439147472,5,1
663,5,0.04675904164711634,6,1
664,10,0.2114330232143402,1,1
665,9,0.02061049547046423,2,1
666,-24,0.06622939386538097,35,1
667,8,0.022863924503326416,3,1
668,-50,0.07547628406435251,50,0
669,8,0.14180975096921125,3,1
670,8,0.038093987852334976,3,1
671,10,0.24008288979530334,1,1
672,7,0.04314122023060918,4,1
673,6,0.07634365037083626,5,1
674,9,0.030721968039870262,2,1
675,8,0.05194569999972979,3,1
676,9,0.06464189849793911,2,1
677,-50,0.06108291994780302,50,0
678,7,0.0973701011389494,4,1
679,7,0.08443915192037821,4,1
680,7,0.05477245431393385,4,1
681,9,0.046606242656707764,2,1
682,-11,0.03478987608104944,2,0
683,10,0.03763479366898537,1,1
684,5,0.04398576697955529,6,1
685,10,0.03646434098482132,1,1
686,10,0.048444561660289764,1,1
687,8,0.04171952667335669,3,1
688,10,0.011796153150498867,1,1
689,9,0.2267606216482818,2,1
690,6,0.021067834831774233,5,1
691,9,0.04379495978355408,2,1
692,9,0.07404704578220844,2,1
693,7,0.02511376654729247,4,1
694,8,0.03398870428403219,3,1
695,10,0.03548620641231537,1,1
696,8,0.060817825607955456,3,1
697,8,0.2420776883761088,3,1
698,5,0.054800135704378285,6,1
699,8,0.047424567863345146,3,1
700,10,0.0180837232619524,1,1
701,10,0.030201464891433716,1,1
702,10,0.08558837324380875,1,1
703,8,0.057321143026153244,3,1
704,8,0.037001222682495914,3,1
705,9,0.04876904468983412,2,1
706,8,0.04506919284661611,3,1
707,10,0.07784552872180939,1,1
708,10,0.018316421657800674,1,1
709,9,0.03777328971773386,2,1
710,8,0.04003089418013891,3,1
711,9,0.06592213734984398,2,1
712,10,0.07747206091880798,1,1
713,-11,0.02402928890660405,2,0
714,9,0.09028754010796547,2,1
715,9,0.06579969450831413,2,1
716,10,0.04589386284351349,1,1
717,7,0.043830011039972305,4,1
718,8,0.1568669838209947,3,1
719,10,0.11212585866451263,1,1
720,5,0.06217467226088047,6,1
721,8,0.07556039964159329,3,1
722,9,0.07229463756084442,2,1
723,8,0.059972900276382766,3,1
724,8,0.026427612950404484,3,1
725,10,0.0746743455529213,1,1
726,10,0.14294211566448212,1,1
727,8,0.07661660636464755,3,1
728,9,0.04917263984680176,2,1
729,8,0.029802382923662663,3,1
730,8,0.11380806068579356,3,1
731,8,0.04251854866743088,3,1
732,8,0.07494690579672654,3,1
733,7,0.05580725148320198,4,1
734,10,0.02760324813425541,1,1
735,10,0.011199118569493294,1,1
736,6,0.0463987335562706,5,1
737,8,0.03761165030300617,3,1
738,7,0.04538932163268328,4,1
739,8,0.05066277335087458,3,1
740,5,0.07215653577198584,6,1
741,8,0.11907616940637429,3,1
742,9,0.05614318186417222,2,1
743,8,0.07942861194411914,3,1
744,8,0.06357521563768387,3,1
745,-8,0.036514065767589365,19,1
746,10,0.012784956023097038,1,1
747,6,0.08077457770705224,5,1
748,9,0.3114445172250271,2,1
749,7,0.08698250632733107,4,1
750,7,0.18787202844396234,4,1
751,8,0.07583253085613251,3,1
752,8,0.21725971500078836,3,1
753,6,0.06979128569364548,5,1
754,7,0.2433490427210927,4,1
755,-34,0.08348001553159622,45,1
756,10,0.01716657727956772,1,1
757,6,0.05175475142896176,5,1
758,10,0.058947280049324036,1,1
759,10,0.020269427448511124,1,1
760,10,0.02239871583878994,1,1
761,9,0.06206616945564747,2,1
762,9,0.04079095833003521,2,1
763,9,0.05613511800765991,2,1
764,4,0.04561854113957712,7,1
765,8,0.0449863076210022,3,1
766,7,0.04608044866472483,4,1
767,4,0.06700051363025393,7,1
768,10,0.206813246011734,1,1
769,8,0.0372296708325545,3,1
770,-11,0.04000774119049311,2,0
771,9,0.046555010601878166,2,1
772,7,0.032603222876787186,4,1
773,4,0.21161144971847534,7,1
774,9,0.1750778891146183,2,1
775,9,0.05751094315201044,2,1
776,10,0.03258092701435089,1,1
777,9,0.05471725948154926,2,1
778,6,0.12822330929338932,5,1
779,10,0.02167874574661255,1,1
780,9,0.1876948531717062,2,1
781,7,0.05600592168048024,4,1
782,8,0.056085020303726196,3,1
783,7,0.1605765214189887,4,1
784,10,0.025135893374681473,1,1
785,9,0.03957812860608101,2,1
786,10,0.09555675089359283,1,1
787,10,0.11048494279384613,1,1
788,9,0.06999721564352512,2,1
789,-31,0.05801558184127013,42,1
790,8,0.044229475781321526,3,1
791,10,0.043756600469350815,1,1
792,6,0.05792477987706661,5,1
793,9,0.024714338593184948,2,1
794,6,0.0420377254486084,5,1
795,10,0.12910763919353485,1,1
796,8,0.04183068312704563,3,1
797,-10,0.0432751439511776,1,0
798,9,0.055760474409908056,2,1
799,10,0.04384914040565491,1,1
800,8,0.18804614742596945,3,1
801,10,0.03764728456735611,1,1
802,-50,0.08617571439594031,50,0
803,-50,0.07710085483267903,50,0
804,-11,0.048643349754539406,22,1
805,7,0.07098298333585262,4,1
806,10,0.03208812326192856,1,1
807,-50,0.0419219053350389,50,0
808,10,0.03980829194188118,1,1
809,-50,0.06281889034435154,50,0
810,-10,0.030906857922673225,1,0
811,-11,0.029812179505825043,2,0
812,10,0.02783062681555748,1,1
813,8,0.15533230950435004,3,1
814,8,0.04652780729035536,3,1
815,8,0.16342449312408766,3,1
816,-50,0.06467839875258505,50,0
817,8,0.026756872112552326,3,1
818,9,0.02668153215199709,2,1
819,7,0.02124137314967811,4,1
820,-50,0.05046750519424677,50,0
821,10,0.06018414348363876,1,1
822,9,0.05731071159243584,2,1
823,9,0.028948219493031502,2,1
824,5,0.020226280204951763,6,1
825,8,0.03161093064894279,3,1
826,7,0.06181497126817703,4,1
827,7,0.15463161654770374,4,1
828,10,0.03411313146352768,1,1
829,-12,0.046413464026282665,23,1
830,8,0.03410477191209793,3,1
831,10,0.021974248811602592,1,1
832,9,0.030534613877534866,2,1
833,10,0.04454624280333519,1,1
834,-18,0.061327607499371314,29,1
835,9,0.05370894633233547,2,1
836,-50,0.083308639600873,50,0
837,7,0.13361212890595198,4,1
838,9,0.019538412801921368,2,1
839,9,0.09328317455947399,2,1
840,-50,0.06341670425608754,50,0
841,9,0.04358326364308596,2,1
842,10,0.025764092803001404,1,1
843,9,0.022492664866149426,2,1
844,10,0.03794396296143532,1,1
845,9,0.030907037667930126,2,1
846,7,0.057449737098068,4,1
847,6,0.05511224865913391,5,1
848,10,0.06508365273475647,1,1
849,4,0.030173484901232377,7,1
850,7,0.06984334345906973,4,1
851,10,0.06062360107898712,1,1
852,8,0.08934061229228973,3,1
853,10,0.060393497347831726,1,1
854,8,0.04911420059700807,3,1
855,8,0.038244469091296196,3,1
856,5,0.04140785988420248,6,1
857,6,0.034936840459704396,5,1
858,9,0.04075957741588354,2,1
859,9,0.024117013439536095,2,1
860,10,0.026569876819849014,1,1
861,4,0.02483012500618185,7,1
862,7,0.028799835592508316,4,1
863,-24,0.08688805286905595,35,1
864,7,0.04691011365503073,4,1
865,7,0.034236849285662174,4,1
866,9,0.02154104132205248,2,1
867,9,0.045304566621780396,2,1
868,-1,0.1446600165994217,12,1
869,9,0.02375379018485546,2,1
870,6,0.029075006395578383,5,1
871,9,0.013579153455793858,2,1
872,9,0.02877109870314598,2,1
873,10,0.025325383991003036,1,1
874,9,0.021028767339885235,2,1
875,4,0.03279015049338341,7,1
876,7,0.08740424085408449,4,1
877,10,0.030110102146863937,1,1
878,10,0.014468716457486153,1,1
879,9,0.0373776089400053,2,1
880,10,0.05560780689120293,1,1
881,7,0.041646805591881275,4,1
882,6,0.04793709814548493,5,1
883,8,0.01857138518244028,3,1
884,-3,0.05755667195522359,14,1
885,8,0.046655202905337013,3,1
886,8,0.07021712511777878,3,1
887,-50,0.06914406426250935,50,0
888,8,0.04650714620947838,3,1
889,-10,0.03859516233205795,1,0
890,9,0.03715377673506737,2,1
891,-32,0.08489594197030677,43,1
892,6,0.07865849360823632,5,1
893,7,0.05431261705234647,4,1
894,7,0.0386266577988863,4,1
895,8,0.027845758323868115,3,1
896,8,0.026369160041213036,3,1
897,8,0.037508166705568634,3,1
898,7,0.037250518798828125,4,1
899,9,0.057686664164066315,2,1
900,7,0.06812446285039186,4,1
901,-21,0.11011536358273588,32,1
902,7,0.0663683689199388,4,1
903,9,0.04934198781847954,2,1
904,7,0.105457978323102,4,1
905,10,0.48114070296287537,1,1
906,10,0.06583109498023987,1,1
907,9,0.03241943567991257,2,1
908,9,0.032298493199050426,2,1
909,6,0.03539760075509548,5,1
910,7,0.026725386967882514,4,1
911,8,0.019229150066773098,3,1
912,-2,0.0431973273650958,13,1
913,8,0.08312523365020752,3,1
914,10,0.04261896759271622,1,1
915,7,0.05294831097126007,4,1
916,9,0.038973717018961906,2,1
917,-20,0.05460777211814157,31,1
918,9,0.13764168228954077,2,1
919,10,0.10842983424663544,1,1
920,5,0.1308169470479091,6,1
921,8,0.07439091553290685,3,1
922,7,0.03632368799299002,4,1
923,9,0.02756425365805626,2,1
924,9,0.06499401526525617,2,1
925,7,0.06216374319046736,4,1
926,10,0.10971216857433319,1,1
927,7,0.06205713236704469,4,1
928,-44,0.06859384926834276,35,0
929,9,0.07410970143973827,2,1
930,10,0.23483996093273163,1,1
931,8,0.1635227513809999,3,1
932,8,0.1170622929930687,3,1
933,8,0.12305258959531784,3,1
934,10,0.0559084415435791,1,1
935,8,0.023724433034658432,3,1
936,4,0.07223495428583451,7,1
937,8,0.17351748297611871,3,1
938,8,0.13327759255965552,3,1
939,8,0.04615707943836848,3,1
940,-10,0.03146326169371605,1,0
941,9,0.09811656177043915,2,1
942,8,0.04269586379329363,3,1
943,-30,0.08818688098250366,41,1
944,10,0.018406691029667854,1,1
945,9,0.033493089489638805,2,1
946,9,0.24150240421295166,2,1
947,9,0.08282424136996269,2,1
948,-20,0.061158965942600084,31,1
949,10,0.026844721287488937,1,1
950,-16,0.054095128018941195,7,0
951,-29,0.09604123258031905,20,0
952,10,0.0445607528090477,1,1
953,8,0.1701871119439602,3,1
954,6,0.042727922275662425,5,1
955,10,0.04723494127392769,1,1
956,9,0.055110733956098557,2,1
957,9,0.049624270759522915,2,1
958,-50,0.08938643947243691,50,0
959,10,0.06589874625205994,1,1
960,9,0.032335177063941956,2,1
961,-13,0.0768438985493655,24,1
962,7,0.08959038555622101,4,1
963,5,0.05396774380157391,6,1
964,9,0.053337981924414635,2,1
965,9,0.03332161623984575,2,1
966,8,0.19439369812607765,3,1
967,10,0.044595882296562195,1,1
968,8,0.05726022397478422,3,1
969,10,0.12003098428249359,1,1
970,7,0.15507681481540203,4,1
971,9,0.023016213439404964,2,1
972,6,0.07201839834451676,5,1
973,8,0.04806368425488472,3,1
974,8,0.09378413731853168,3,1
975,8,0.06437377072870731,3,1
976,-26,0.07469605659512249,37,1
977,8,0.0607982873916626,3,1
978,9,0.03693896718323231,2,1
979,8,0.06912261495987575,3,1
980,-17,0.06861520199371236,28,1
981,7,0.096405821852386,4,1
982,10,0.12573426961898804,1,1
983,10,0.039017945528030396,1,1
984,9,0.023213415406644344,2,1
985,9,0.02097186539322138,2,1
986,10,0.29272356629371643,1,1
987,-8,0.051867749394946976,19,1
988,7,0.0375619251281023,4,1
989,7,0.04511527856811881,4,1
990,10,0.05537058040499687,1,1
991,10,0.10947492718696594,1,1
992,10,0.05682133883237839,1,1
993,5,0.04194733671223124,6,1
994,10,0.029563473537564278,1,1
995,10,0.23175743222236633,1,1
996,-50,0.0513133143633604,50,0
997,8,0.03783365028599898,3,1
998,8,0.02803008568783601,3,1
999,10,0.025738608092069626,1,1
1000,9,0.08467124681919813,2,1
1,7,0.05395722622051835,4,1
2,8,0.12280435115098953,3,1
3,9,0.022948029451072216,2,1
4,8,0.030304025237758953,3,1
5,10,0.015025715343654156,1,1
6,5,0.028659485280513763,6,1
7,10,0.019815191626548767,1,1
8,7,0.16136829368770123,4,1
9,-50,0.05181657027453184,50,0
10,5,0.07589848277469476,6,1
11,10,0.04333151876926422,1,1
12,8,0.06771618686616421,3,1
13,10,0.01809275709092617,1,1
14,10,0.11199464648962021,1,1
15,8,0.03912825137376785,3,1
16,7,0.06767969904467463,4,1
17,-13,0.03464469833609959,24,1
18,-50,0.0465766603499651,50,0
19,8,0.02351929433643818,3,1
20,8,0.06086976546794176,3,1
21,6,0.13603364005684854,5,1
22,8,0.06857023760676384,3,1
23,8,0.04857332011063894,3,1
24,7,0.032518668565899134,4,1
25,-50,0.0351615658402443,50,0
26,7,0.03970675449818373,4,1
27,7,0.025321084773167968,4,1
28,8,0.05930517241358757,3,1
29,7,0.03821269515901804,4,1
30,10,0.025655552744865417,1,1
31,6,0.03594088889658451,5,1
32,10,0.014449190348386765,1,1
33,-10,0.022168375551700592,1,0
34,9,0.022832093760371208,2,1
35,8,0.01796006007740895,3,1
36,7,0.036274413112550974,4,1
37,10,0.05308111384510994,1,1
38,7,0.0687031839042902,4,1
39,1,0.04398354040458798,10,1
40,8,0.04374512409170469,3,1
41,-50,0.052324872966855764,50,0
42,-17,0.04338604707403907,28,1
43,9,0.12874452862888575,2,1
44,9,0.025664247572422028,2,1
45,9,0.08864247798919678,2,1
46,6,0.044007410667836665,5,1
47,9,0.024647114798426628,2,1
48,9,0.11029646545648575,2,1
49,9,0.10355033911764622,2,1
50,8,0.08724253190060456,3,1
51,10,0.013825993984937668,1,1
52,10,0.28386765718460083,1,1
53,8,0.015063553117215633,3,1
54,10,0.013770656660199165,1,1
55,7,0.030319263925775886,4,1
56,9,0.03362150304019451,2,1
57,9,0.02068160241469741,2,1
58,8,0.0373544292524457,3,1
59,8,0.06925234012305737,3,1
60,-10,0.008719277568161488,1,0
61,10,0.01093006506562233,1,1
62,10,0.02762536332011223,1,1
63,-50,0.07982249470427633,50,0
64,9,0.02066563395783305,2,1
65,8,0.04641784851749738,3,1
66,10,0.06402307748794556,1,1
67,8,0.06519459498425324,3,1
68,7,0.03102629166096449,4,1
69,7,0.13823904329910874,4,1
70,9,0.006608206313103437,2,1
71,7,0.05529357213526964,4,1
72,8,0.16331060199687877,3,1
73,-50,0.05989801410585642,50,0
74,7,0.03485932480543852,4,1
75,9,0.043206194415688515,2,1
76,8,0.04709231977661451,3,1
77,10,0.07052888721227646,1,1
78,9,0.11821739003062248,2,1
79,9,0.04943699389696121,2,1
80,9,0.015465110074728727,2,1
81,10,0.01991439238190651,1,1
82,7,0.024594716262072325,4,1
83,8,0.028829701244831085,3,1
84,9,0.02884283196181059,2,1
85,8,0.02727204654365778,3,1
86,8,0.033497379471858345,3,1
87,9,0.03971700184047222,2,1
88,10,0.12857665121555328,1,1
89,9,0.03623220743611455,2,1
90,9,0.013803269248455763,2,1
91,10,0.05277279019355774,1,1
92,7,0.0314911687746644,4,1
93,9,0.021818098612129688,2,1
94,8,0.05253053021927675,3,1
95,10,0.02414212003350258,1,1
96,7,0.07447173073887825,4,1
97,9,0.12006924767047167,2,1
98,10,0.029692428186535835,1,1
99,9,0.03450582642108202,2,1
100,9,0.024546385742723942,2,1
101,6,0.0193968765437603,5,1
102,8,0.025378511287271976,3,1
103,8,0.04639419727027416,3,1
104,-18,0.05685698982842009,29,1
105,10,0.04740079492330551,1,1
106,10,0.0958741158246994,1,1
107,6,0.04602638669312,5,1
108,8,0.056658623119195305,3,1
109,7,0.05757217016071081,4,1
110,9,0.04340486414730549,2,1
111,7,0.07710074493661523,4,1
112,9,0.04355597496032715,2,1
113,8,0.023762412058810394,3,1
114,9,0.02636895887553692,2,1
115,8,0.04305385425686836,3,1
116,9,0.017840239219367504,2,1
117,9,0.052583918906748295,2,1
118,7,0.07250387966632843,4,1
119,7,0.07786935474723577,4,1
120,7,0.04600626137107611,4,1
121,8,0.037812466422716774,3,1
122,6,0.04601901546120644,5,1
123,10,0.020317457616329193,1,1
124,10,0.1407482773065567,1,1
125,10,0.04309574514627457,1,1
126,7,0.05129213724285364,4,1
127,7,0.03537831036373973,4,1
128,7,0.04342654440551996,4,1
129,8,0.03815231844782829,3,1
130,10,0.028132595121860504,1,1
131,8,0.048363386342922844,3,1
132,7,0.05063658254221082,4,1
133,6,0.043182572536170485,5,1
134,6,0.06699605546891689,5,1
135,-23,0.08013027533888817,14,0
136,10,0.035644084215164185,1,1
137,9,0.04738125950098038,2,1
138,8,0.05350711631278197,3,1
139,6,0.04832339622080326,5,1
140,10,0.048053890466690063,1,1
141,9,0.04555898532271385,2,1
142,-19,0.07156308672080437,30,1
143,9,0.054686667397618294,2,1
144,-2,0.05052352281144032,13,1
145,8,0.03638933474818865,3,1
146,7,0.06716447649523616,4,1
147,-9,0.05967194135300815,20,1
148,8,0.07803090165058772,3,1
149,9,0.060686562210321426,2,1
150,7,0.03952347906306386,4,1
151,7,0.050885808654129505,4,1
152,9,0.06903151422739029,2,1
153,4,0.04351917175309999,7,1
154,7,0.03864254197105765,4,1
155,10,0.05171086639165878,1,1
156,-50,0.06596814319491387,50,0
157,7,0.057423265650868416,4,1
158,8,0.18414589452246824,3,1
159,9,0.027021918445825577,2,1
160,7,0.022655564360320568,4,1
161,10,0.03213580697774887,1,1
162,-50,0.07303256589919328,50,0
163,10,0.11666904389858246,1,1
164,9,0.02737598679959774,2,1
165,9,0.022176626604050398,2,1
166,10,0.05995866656303406,1,1
167,-53,0.029136433038564228,44,0
168,9,0.011923548066988587,2,1
169,8,0.02334478994210561,3,1
170,8,0.016275179261962574,3,1
171,8,0.014892765631278356,3,1
172,7,0.02473437483422458,4,1
173,10,0.017478058114647865,1,1
174,7,0.05613777320832014,4,1
175,9,0.0224755285307765,2,1
176,9,0.017325672786682844,2,1
177,7,0.03336847655009478,4,1
178,9,0.01985974656417966,2,1
179,9,0.011415330925956368,2,1
180,-25,0.06653818604536355,36,1
181,10,0.026770561933517456,1,1
182,9,0.06202268972992897,2,1
183,10,0.04136914387345314,1,1
184,10,0.09927539527416229,1,1
185,7,0.1031398051418364,4,1
186,10,0.08195559680461884,1,1
187,10,0.033661119639873505,1,1
188,8,0.017766322940587997,3,1
189,1,0.037519675493240354,10,1
190,8,0.0399133563041687,3,1
191,-10,0.01470439974218607,1,0
192,8,0.11451072866717975,3,1
193,9,0.20912975072860718,2,1
194,-12,0.07317914716575456,23,1
195,9,0.12618288304656744,2,1
196,6,0.04536613710224628,5,1
197,9,0.022904982790350914,2,1
198,-8,0.05619897678690521,19,1
199,10,0.0193291287869215,1,1
200,5,0.0948846375880142,6,1
201,6,0.04691688977181911,5,1
202,8,0.05723691234985987,3,1
203,9,0.048494404181838036,2,1
204,10,0.02373116835951805,1,1
205,10,0.0817914828658104,1,1
206,10,0.02017400786280632,1,1
207,9,0.04784861020743847,2,1
208,8,0.13375198592742285,3,1
209,8,0.09585053473711014,3,1
210,8,0.0789505448192358,3,1
211,10,0.042657237499952316,1,1
212,-15,0.06915451715198848,26,1
213,7,0.060867334716022015,4,1
214,8,0.04624360799789429,3,1
215,8,0.04377374487618605,3,1
216,8,0.05500203122695287,3,1
217,7,0.03585091792047024,4,1
218,8,0.08809402709205945,3,1
219,8,0.04626303166151047,3,1
220,10,0.10874775797128677,1,1
221,10,0.08960723876953125,1,1
222,10,0.03221519663929939,1,1
223,5,0.1301022401700417,6,1
224,5,0.06705852163334687,6,1
225,8,0.03236379474401474,3,1
226,8,0.050063055008649826,3,1
227,10,0.16991043090820312,1,1
228,8,0.047452084720134735,3,1
229,9,0.04028074303641915,2,1
230,10,0.051649969071149826,1,1
231,-23,0.07544671593453078,34,1
232,9,0.06644217111170292,2,1
233,10,0.016748566180467606,1,1
234,10,0.06159386783838272,1,1
235,7,0.08161904755979776,4,1
236,7,0.1275924169458449,4,1
237,10,0.13384608924388885,1,1
238,7,0.1300325756892562,4,1
239,10,0.034944284707307816,1,1
240,10,0.1365688145160675,1,1
241,8,0.11664457122484843,3,1
242,10,0.06254223734140396,1,1
243,-29,0.07823253981769085,40,1
244,7,0.09619604237377644,4,1
245,9,0.04895945265889168,2,1
246,6,0.062095336616039276,5,1
247,-15,0.06319008620742422,26,1
248,9,0.014862082432955503,2,1
249,8,0.06300641347964604,3,1
250,8,0.040145346273978554,3,1
251,9,0.015446625649929047,2,1
252,9,0.23216930404305458,2,1
253,9,0.04213704727590084,2,1
254,9,0.023102298378944397,2,1
255,8,0.049788977950811386,3,1
256,8,0.07666089075307052,3,1
257,9,0.04525388963520527,2,1
258,10,0.04354865103960037,1,1
259,7,0.04425740521401167,4,1
260,7,0.024650770239531994,4,1
261,10,0.030811568722128868,1,1
262,9,0.06588818039745092,2,1
263,9,0.020572558976709843,2,1
264,9,0.03989142365753651,2,1
265,9,0.03950700908899307,2,1
266,6,0.030711735226213933,5,1
267,-46,0.0532196574416515,37,0
268,8,0.052695403496424355,3,1
269,10,0.04866374656558037,1,1
270,8,0.04694990813732147,3,1
271,-18,0.06392062840790584,29,1
272,9,0.05162805691361427,2,1
273,8,0.1895357146859169,3,1
274,-3,0.040301049194697826,14,1
275,9,0.03915560990571976,2,1
276,9,0.025292683392763138,2,1
277,-7,0.06905983109027147,18,1
278,-11,0.0651065418496728,22,1
279,-17,0.10351652838289738,8,0
280,8,0.02581530126432578,3,1
281,6,0.11078815050423145,5,1
282,9,0.04344313312321901,2,1
283,-3,0.03783000732905099,14,1
284,8,0.16403059413035712,3,1
285,-13,0.08369420503731817,24,1
286,6,0.05770720578730106,5,1
287,7,0.03941825916990638,4,1
288,9,0.21782980673015118,2,1
289,6,0.05997711680829525,5,1
290,8,0.04295609022180239,3,1
291,9,0.04547570552676916,2,1
292,-9,0.04424756485968828,20,1
293,9,0.06648825667798519,2,1
294,-50,0.061119881719350816,50,0
295,10,0.09215622395277023,1,1
296,5,0.04747139879812797,6,1
297,10,0.027812542393803596,1,1
298,9,0.20935365743935108,2,1
299,-50,0.04925185400992632,50,0
300,-6,0.056765868876348526,17,1
301,8,0.06565438769757748,3,1
302,9,0.04084324464201927,2,1
303,9,0.03490873891860247,2,1
304,10,0.2140543907880783,1,1
305,6,0.08204973787069321,5,1
306,-11,0.06334835875102064,22,1
307,-50,0.05704994186758995,50,0
308,7,0.06181008089333773,4,1
309,-13,0.05934000721511742,24,1
310,-50,0.053386331433430315,50,0
311,8,0.07546677067875862,3,1
312,9,0.04559009335935116,2,1
313,8,0.050930927197138466,3,1
314,5,0.03981120030706128,6,1
315,7,0.031245181104168296,4,1
316,10,0.05266603082418442,1,1
317,9,0.020010600797832012,2,1
318,8,0.05644617974758148,3,1
319,8,0.1150157085309426,3,1
320,8,0.06184221555789312,3,1
321,9,0.08282057382166386,2,1
322,-10,0.015560097992420197,1,0
323,9,0.041824109852313995,2,1
324,10,0.07319758087396622,1,1
325,10,0.07830335199832916,1,1
326,7,0.029690515948459506,4,1
327,8,0.05981933946410815,3,1
328,9,0.04670744761824608,2,1
329,8,0.03183135141928991,3,1
330,10,0.09534229338169098,1,1
331,8,0.06815909159680207,3,1
332,10,0.022518061101436615,1,1
333,9,0.05939984694123268,2,1
334,8,0.02079602408533295,3,1
335,9,0.04258900322020054,2,1
336,-50,0.0846237601339817,50,0
337,7,0.05517980083823204,4,1
338,5,0.0638878873238961,6,1
339,10,0.013640208169817924,1,1
340,8,0.14230772480368614,3,1
341,8,0.07510048896074295,3,1
342,7,0.04699843283742666,4,1
343,8,0.032611871138215065,3,1
344,8,0.04941744729876518,3,1
345,-16,0.04394576181140211,27,1
346,10,0.038570430129766464,1,1
347,8,0.036867753913005195,3,1
348,9,0.20489123463630676,2,1
349,8,0.04304544317225615,3,1
350,10,0.008336194790899754,1,1
351,7,0.04460586002096534,4,1
352,8,0.1398938000202179,3,1
353,7,0.10411980375647545,4,1
354,-10,0.15508346259593964,1,0
355,8,0.12980410208304724,3,1
356,9,0.1278790943324566,2,1
357,8,0.06392278398076694,3,1
358,7,0.1860587727278471,4,1
359,7,0.10450916364789009,4,1
360,9,0.08091150037944317,2,1
361,3,0.0833858153782785,8,1
362,4,0.07062423548528127,7,1
363,9,0.041653042659163475,2,1
364,7,0.04863196238875389,4,1
365,10,0.04415443167090416,1,1
366,7,0.07919907476752996,4,1
367,10,0.059083230793476105,1,1
368,-23,0.09691014539982591,14,0
369,10,0.3972392678260803,1,1
370,4,0.08198421794388976,7,1
371,7,0.10414332081563771,4,1
372,10,0.0994555652141571,1,1
373,5,0.09188743773847818,6,1
374,9,0.05265289172530174,2,1
375,6,0.10012033581733704,5,1
376,10,0.043461114168167114,1,1
377,10,0.060509152710437775,1,1
378,9,0.056592922657728195,2,1
379,9,0.07522735744714737,2,1
380,9,0.16109656542539597,2,1
381,10,0.04240697622299194,1,1
382,9,0.04729270376265049,2,1
383,5,0.0839614812284708,6,1
384,10,0.20098070800304413,1,1
385,8,0.10442399481932323,3,1
386,4,0.0975855743246419,7,1
387,7,0.10190781578421593,4,1
388,7,0.060683272778987885,4,1
389,8,0.1910267248749733,3,1
390,9,0.06686419993638992,2,1
391,-12,0.06774197437840959,23,1
392,-22,0.09038484965761502,33,1
393,3,0.03300478321034461,8,1
394,7,0.07504134345799685,4,1
395,-23,0.09233876230085597,34,1
396,8,0.2088890274365743,3,1
397,9,0.03603527136147022,2,1
398,-10,0.07286892831325531,1,0
399,10,0.021492503583431244,1,1
400,8,0.034654115016261734,3,1
401,8,0.09955655535062154,3,1
402,7,0.09609560947865248,4,1
403,-50,0.08555484771728515,50,0
404,7,0.04995787190273404,4,1
405,6,0.12126359492540359,5,1
406,3,0.04183947644196451,8,1
407,6,0.04179738610982895,5,1
408,9,0.03203541785478592,2,1
409,9,0.042778316885232925,2,1
410,9,0.018996012397110462,2,1
411,8,0.040496657912929855,3,1
412,7,0.06691273488104343,4,1
413,9,0.028941677883267403,2,1
414,10,0.01904354989528656,1,1
415,10,0.16841977834701538,1,1
416,8,0.0354984433700641,3,1
417,6,0.06265972591936589,5,1
418,10,0.03983413055539131,1,1
419,9,0.051307570189237595,2,1
420,9,0.09455952700227499,2,1
421,7,0.08154178224503994,4,1
422,9,0.05916013941168785,2,1
423,7,0.09677454270422459,4,1
424,8,0.0762491337954998,3,1
425,9,0.05931317247450352,2,1
426,-12,0.04949723613326964,23,1
427,7,0.08360521262511611,4,1
428,8,0.05034452055891355,3,1
429,10,0.02295464649796486,1,1
430,10,0.05311424657702446,1,1
431,8,0.038781976948181786,3,1
432,10,0.07080630958080292,1,1
433,10,0.04477885738015175,1,1
434,7,0.06747964583337307,4,1
435,9,0.03143160231411457,2,1
436,5,0.02535753541936477,6,1
437,8,0.14090420554081598,3,1
438,7,0.06442758580669761,4,1
439,10,0.1642378717660904,1,1
440,7,0.048149324022233486,4,1
441,9,0.05552005581557751,2,1
442,7,0.059904602356255054,4,1
443,-50,0.06667416216805577,50,0
444,9,0.037887245416641235,2,1
445,9,0.09174996055662632,2,1
446,8,0.040583442275722824,3,1
447,8,0.04802021694680055,3,1
448,7,0.13262107642367482,4,1
449,7,0.024807186797261238,4,1
450,6,0.08701134026050568,5,1
451,8,0.09173141481975715,3,1
452,10,0.039816733449697495,1,1
453,9,0.05682823061943054,2,1
454,8,0.1459927149116993,3,1
455,-50,0.049213719572871926,50,0
456,9,0.09606251306831837,2,1
457,-30,0.054366396473986764,21,0
458,7,0.04882585536688566,4,1
459,9,0.2892853617668152,2,1
460,9,0.1816704459488392,2,1
461,7,0.04491081275045872,4,1
462,8,0.0560723269979159,3,1
463,9,0.10012349858880043,2,1
464,9,0.10306673683226109,2,1
465,7,0.11506766732782125,4,1
466,10,0.0635276660323143,1,1
467,9,0.04748597927391529,2,1
468,-28,0.0415166348266678,39,1
469,10,0.1064760833978653,1,1
470,10,0.12862277030944824,1,1
471,9,0.075110774487257,2,1
472,9,0.14267961867153645,2,1
473,7,0.0467642480507493,4,1
474,10,0.04094059020280838,1,1
475,8,0.2247979665795962,3,1
476,9,0.03250900935381651,2,1
477,7,0.06808670097962022,4,1
478,7,0.06384116783738136,4,1
479,9,0.06926872208714485,2,1
480,10,0.020542005077004433,1,1
481,5,0.04516726018240055,6,1
482,7,0.047996569657698274,4,1
483,10,0.033535487949848175,1,1
484,9,0.030053711496293545,2,1
485,9,0.033198182471096516,2,1
486,8,0.033666795740524925,3,1
487,7,0.02379323053173721,4,1
488,8,0.03622910752892494,3,1
489,8,0.2150672860443592,3,1
490,6,0.04533630795776844,5,1
491,9,0.03514423221349716,2,1
492,10,0.04402947425842285,1,1
493,10,0.060228534042835236,1,1
494,9,0.08121007308363914,2,1
495,7,0.06611680099740624,4,1
496,8,0.02702468354254961,3,1
497,9,0.0314925741404295,2,1
498,9,0.05856459587812424,2,1
499,9,0.033380258828401566,2,1
500,8,0.01357731098930041,3,1
501,5,0.043550328041116394,6,1
502,8,0.17807341242829958,3,1
503,-7,0.087843909393996,18,1
504,-50,0.0560462025552988,50,0
505,7,0.05025370977818966,4,1
506,9,0.04008927009999752,2,1
507,10,0.07502537965774536,1,1
508,10,0.03143126517534256,1,1
509,7,0.06419965717941523,4,1
510,2,0.07472907317181428,9,1
511,9,0.05987701378762722,2,1
512,9,0.038030946627259254,2,1
513,8,0.02369370839248101,3,1
514,-10,0.030968423932790756,1,0
515,10,0.02345903590321541,1,1
516,9,0.03690499905496836,2,1
517,9,0.036251697689294815,2,1
518,7,0.021894025849178433,4,1
519,10,0.03942541033029556,1,1
520,-10,0.016872789710760117,1,0
521,-5,0.06132471328601241,16,1
522,10,0.035715244710445404,1,1
523,7,0.039697194122709334,4,1
524,10,0.02784118242561817,1,1
525,7,0.04106415016576648,4,1
526,9,0.02167730312794447,2,1
527,9,0.025060269981622696,2,1
528,7,0.028009106870740652,4,1
529,9,0.21337164007127285,2,1
530,9,0.05152439698576927,2,1
531,5,0.056952119494477906,6,1
532,-5,0.08367796934908256,16,1
533,7,0.050644502975046635,4,1
534,10,0.01995295286178589,1,1
535,9,0.08056105673313141,2,1
536,10,0.02693791314959526,1,1
537,4,0.13817743823996612,7,1
538,9,0.04974072240293026,2,1
539,10,0.06497822701931,1,1
540,9,0.03229254484176636,2,1
541,9,0.019618071615695953,2,1
542,10,0.034031547605991364,1,1
543,9,0.02457447536289692,2,1
544,6,0.04489932600408793,5,1
545,7,0.035669170785695314,4,1
546,9,0.041175845079123974,2,1
547,9,0.04508372861891985,2,1
548,9,0.053928183391690254,2,1
549,9,0.026966755278408527,2,1
550,8,0.0215587109948198,3,1
551,8,0.019619071545700233,3,1
552,9,0.01620645821094513,2,1
553,8,0.029974380508065224,3,1
554,9,0.03439093567430973,2,1
555,9,0.03220941685140133,2,1
556,9,0.051508788019418716,2,1
557,8,0.032267569253842034,3,1
558,3,0.08191446086857468,8,1
559,-50,0.05478130903095007,50,0
560,9,0.03787174075841904,2,1
561,9,0.03963205683976412,2,1
562,7,0.03419894212856889,4,1
563,10,0.01438185665756464,1,1
564,10,0.07784613221883774,1,1
565,7,0.04348524892702699,4,1
566,-15,0.07564334865086354,26,1
567,9,0.03220095671713352,2,1
568,6,0.03559872545301914,5,1
569,0,0.07229974806647409,11,1
570,8,0.01813509625693162,3,1
571,9,0.0705318283289671,2,1
572,7,0.04398767929524183,4,1
573,8,0.22408762481063604,3,1
574,10,0.6176729798316956,1,1
575,9,0.030107786878943443,2,1
576,-31,0.06579674857979019,42,1
577,8,0.02695528386781613,3,1
578,-10,0.07619989281963735,21,1
579,9,0.0467755738645792,2,1
580,10,0.06633558869361877,1,1
581,-2,0.04924304066942288,13,1
582,9,0.04865296185016632,2,1
583,5,0.039274075999855995,6,1
584,-14,0.04916719861328602,25,1
585,9,0.04335116222500801,2,1
586,-10,0.04130237549543381,1,0
587,9,0.03463784605264664,2,1
588,-17,0.06586835589925093,28,1
589,8,0.04796444624662399,3,1
590,7,0.05220833420753479,4,1
591,7,0.050787691958248615,4,1
592,7,0.19749376736581326,4,1
593,9,0.030759252607822418,2,1
594,8,0.03560607818265756,3,1
595,8,0.02832125003139178,3,1
596,10,0.0847444012761116,1,1
597,9,0.024818832986056805,2,1
598,9,0.03470345214009285,2,1
599,10,0.02976353093981743,1,1
600,9,0.05622055381536484,2,1
601,1,0.04649894330650568,10,1
602,8,0.038664525374770164,3,1
603,6,0.04097347036004066,5,1
604,-7,0.03991310350182983,18,1
605,9,0.06611525267362595,2,1
606,5,0.049883920388917126,6,1
607,7,0.022251981543377042,4,1
608,5,0.0767486661983033,6,1
609,10,0.020888760685920715,1,1
610,10,0.032919201999902725,1,1
611,10,0.03253908455371857,1,1
612,8,0.022692075620094936,3,1
613,7,0.1090242275968194,4,1
614,8,0.016498934167126816,3,1
615,6,0.0627205241471529,5,1
616,9,0.06673403270542622,2,1
617,4,0.06502525721277509,7,1
618,-50,0.08431482091546058,50,0
619,10,0.03602510318160057,1,1
620,9,0.04784770589321852,2,1
621,-18,0.05614345520734787,9,0
622,10,0.10634282231330872,1,1
623,10,0.017636382952332497,1,1
624,6,0.18866351544857024,5,1
625,9,0.048772867769002914,2,1
626,7,0.11200332920998335,4,1
627,7,0.12783855758607388,4,1
628,8,0.029580125274757545,3,1
629,7,0.02906271000392735,4,1
630,9,0.08462645299732685,2,1
631,9,0.06953924149274826,2,1
632,9,0.3133642338216305,2,1
633,8,0.04644263908267021,3,1
634,8,0.051386198649803795,3,1
635,10,0.08767744898796082,1,1
636,10,0.053982242941856384,1,1
637,10,0.09391272068023682,1,1
638,9,0.040247341617941856,2,1
639,10,0.0675458237528801,1,1
640,8,0.053205868850151695,3,1
641,-22,0.08279647147565176,33,1
642,6,0.0650846779346466,5,1
643,8,0.04894284221033255,3,1
644,9,0.057510120794177055,2,1
645,7,0.0553381210193038,4,1
646,10,0.020793210715055466,1,1
647,10,0.16765320301055908,1,1
648,8,0.02894142208000024,3,1
649,6,0.07978667244315148,5,1
650,5,0.03247066835562388,6,1
651,7,0.027062856126576662,4,1
652,7,0.03423832845874131,4,1
653,8,0.02535821373263995,3,1
654,10,0.0496857576072216,1,1
655,6,0.03206875585019588,5,1
656,9,0.03365590609610081,2,1
657,10,0.016640881076455116,1,1
658,9,0.06805544346570969,2,1
659,8,0.10246408730745316,3,1
660,8,0.022658672804633778,3,1
661,-22,0.06469823644411835,33,1
662,8,0.16661343226830164,3,1
663,9,0.06235887901857495,2,1
664,10,0.0476546473801136,1,1
665,8,0.08652756238977115,3,1
666,7,0.04483850300312042,4,1
667,8,0.04955393200119337,3,1
668,9,0.02755449339747429,2,1
669,9,0.06145478691905737,2,1
670,5,0.040342983013639845,6,1
671,10,0.02215195819735527,1,1
672,8,0.036057651663819947,3,1
673,9,0.025197717361152172,2,1
674,10,0.49095240235328674,1,1
675,10,0.04837970808148384,1,1
676,-25,0.05442331423465577,36,1
677,8,0.05091075847546259,3,1
678,-12,0.04749374153713385,3,0
679,10,0.033930353820323944,1,1
680,7,0.24218221078626812,4,1
681,9,0.04353213496506214,2,1
682,7,0.03555484674870968,4,1
683,-1,0.05204594096479317,12,1
684,-14,0.1365159373730421,5,0
685,8,0.03602335105339686,3,1
686,8,0.06919834266106288,3,1
687,10,0.15116950869560242,1,1
688,10,0.05408952385187149,1,1
689,7,0.07402682956308126,4,1
690,10,0.03185496851801872,1,1
691,9,0.029137431643903255,2,1
692,7,0.17122476920485497,4,1
693,10,0.47276636958122253,1,1
694,8,0.07497532231112321,3,1
695,10,0.11167706549167633,1,1
696,7,0.06538384780287743,4,1
697,9,0.03419355768710375,2,1
698,10,0.570745587348938,1,1
699,8,0.19325109074513117,3,1
700,10,0.02207387238740921,1,1
701,9,0.05255509167909622,2,1
702,9,0.05554184131324291,2,1
703,8,0.2207284551113844,3,1
704,5,0.04032896583278974,6,1
705,9,0.034018744714558125,2,1
706,9,0.042244814336299896,2,1
707,8,0.04690131482978662,3,1
708,9,0.033431737683713436,2,1
709,9,0.2782174702733755,2,1
710,6,0.023858298920094966,5,1
711,7,0.18630337063223124,4,1
712,4,0.037862665951251984,7,1
713,10,0.03672274574637413,1,1
714,8,0.09345837558309238,3,1
715,7,0.041745730908587575,4,1
716,10,0.11670082807540894,1,1
717,8,0.040579390401641525,3,1
718,8,0.026497912282745045,3,1
719,5,0.12212957255542278,6,1
720,10,0.05468596890568733,1,1
721,5,0.13727088489880165,6,1
722,10,0.02835552580654621,1,1
723,9,0.08848060294985771,2,1
724,9,0.05002863239496946,2,1
725,10,0.06757071614265442,1,1
726,7,0.0881713917478919,4,1
727,8,0.06058797240257263,3,1
728,9,0.04344348981976509,2,1
729,8,0.05664519965648651,3,1
730,9,0.0429671835154295,2,1
731,9,0.06109503284096718,2,1
732,8,0.05045082916816076,3,1
733,-6,0.1331052380230497,17,1
734,-50,0.06977130137383938,50,0
735,10,0.03008333221077919,1,1
736,6,0.03270448856055737,5,1
737,8,0.3643900863826275,3,1
738,10,0.05679253861308098,1,1
739,6,0.06330855861306191,5,1
740,10,0.03838803246617317,1,1
741,4,0.06318273501736778,7,1
742,7,0.045178195694461465,4,1
743,4,0.05491661253784384,7,1
744,7,0.16345863416790962,4,1
745,8,0.09471426904201508,3,1
746,7,0.05920455697923899,4,1
747,6,0.03766572568565607,5,1
748,9,0.05751027166843414,2,1
749,10,0.019664712250232697,1,1
750,9,0.03620979003608227,2,1
751,7,0.15683337720111012,4,1
752,8,0.07449790835380554,3,1
753,6,0.05819709897041321,5,1
754,8,0.2231272632877032,3,1
755,8,0.05788959562778473,3,1
756,8,0.04757329014440378,3,1
757,10,0.05364588275551796,1,1
758,10,0.04385191202163696,1,1
759,9,0.054307978600263596,2,1
760,9,0.05705083720386028,2,1
761,7,0.04302809480577707,4,1
762,9,0.02952590212225914,2,1
763,10,0.01905534230172634,1,1
764,10,0.01698237471282482,1,1
765,10,0.04222309961915016,1,1
766,7,0.03878580732271075,4,1
767,9,0.055114706978201866,2,1
768,9,0.2854477297514677,2,1
769,9,0.06792507693171501,2,1
770,8,0.041009558364748955,3,1
771,-22,0.07116885855793953,33,1
772,10,0.03675510361790657,1,1
773,7,0.0503581278026104,4,1
774,8,0.03490769304335117,3,1
775,8,0.0325774804999431,3,1
776,-22,0.07921026534203326,33,1
777,8,0.03072437768181165,3,1
778,7,0.03127590101212263,4,1
779,10,0.03528272360563278,1,1
780,8,0.03233842986325423,3,1
781,5,0.047380415722727776,6,1
782,8,0.18137090280652046,3,1
783,8,0.23039530093471208,3,1
784,9,0.02202225849032402,2,1
785,6,0.07270386628806591,5,1
786,8,0.059480588883161545,3,1
787,-46,0.08442801116286097,37,0
788,10,0.02704315260052681,1,1
789,8,0.027073648447791736,3,1
790,8,0.20272415379683176,3,1
791,4,0.08138449383633477,7,1
792,10,0.025912120938301086,1,1
793,10,0.03875843062996864,1,1
794,7,0.07971847523003817,4,1
795,8,0.06350749731063843,3,1
796,7,0.0354308788664639,4,1
797,9,0.030881334096193314,2,1
798,10,0.04421137645840645,1,1
799,8,0.02884603478014469,3,1
800,1,0.04027677103877068,10,1
801,6,0.19513194262981415,5,1
802,9,0.07599830441176891,2,1
803,8,0.18077391882737479,3,1
804,8,0.04059879730145136,3,1
805,8,0.041210283214847244,3,1
806,7,0.22072564251720905,4,1
807,-14,0.09648191954940558,25,1
808,6,0.18766495920717716,5,1
809,-39,0.06834752233698964,50,1
810,7,0.06421822775155306,4,1
811,9,0.17473473399877548,2,1
812,10,0.04267025738954544,1,1
813,9,0.04870201647281647,2,1
814,9,0.021108608692884445,2,1
815,10,0.08057120442390442,1,1
816,6,0.09367625340819359,5,1
817,6,0.07974370904266834,5,1
818,8,0.03537818603217602,3,1
819,8,0.05579091173907121,3,1
820,9,0.04891771078109741,2,1
821,9,0.2639041356742382,2,1
822,10,0.048112522810697556,1,1
823,-32,0.07458513375198425,43,1
824,8,0.03655061932901541,3,1
825,-10,0.07964126020669937,1,0
826,9,0.051308322697877884,2,1
827,7,0.08942316379398108,4,1
828,8,0.15382360915342966,3,1
829,8,0.23511473089456558,3,1
830,8,0.15066350251436234,3,1
831,10,0.08779817819595337,1,1
832,9,0.023579994216561317,2,1
833,7,0.04926875326782465,4,1
834,7,0.03290871484205127,4,1
835,7,0.034215417923405766,4,1
836,7,0.03718438185751438,4,1
837,7,0.24606768880039454,4,1
838,6,0.16124188974499704,5,1
839,9,0.030472857877612114,2,1
840,8,0.03673978398243586,3,1
841,10,0.1807621270418167,1,1
842,9,0.05488217622041702,2,1
843,9,0.030971132218837738,2,1
844,9,0.077236857265234,2,1
845,9,0.07295361161231995,2,1
846,9,0.14180412143468857,2,1
847,9,0.05295064300298691,2,1
848,9,0.0339433029294014,2,1
849,9,0.07912752870470285,2,1
850,-10,0.04928414062375114,21,1
851,10,0.06373396515846252,1,1
852,10,0.04010103642940521,1,1
853,8,0.04552779160439968,3,1
854,7,0.054762307554483414,4,1
855,6,0.10334254056215286,5,1
856,9,0.11252301558852196,2,1
857,6,0.06968340091407299,5,1
858,8,0.12679368630051613,3,1
859,5,0.04840538029869398,6,1
860,8,0.1337782343228658,3,1
861,5,0.07849207380786538,6,1
862,6,0.07171344812959432,5,1
863,7,0.05513488780707121,4,1
864,8,0.07543784752488136,3,1
865,9,0.12738696113228798,2,1
866,9,0.1233065202832222,2,1
867,8,0.10664681593577068,3,1
868,9,0.04885720834136009,2,1
869,7,0.11382130160927773,4,1
870,8,0.05999822666247686,3,1
871,8,0.07226413115859032,3,1
872,-9,0.095820049662143,20,1
873,10,0.06496487557888031,1,1
874,8,0.050012726336717606,3,1
875,6,0.04528795629739761,5,1
876,7,0.05306795611977577,4,1
877,7,0.04699923982843757,4,1
878,10,0.08570652455091476,1,1
879,-10,0.05681455135345459,1,0
880,6,0.0392561960965395,5,1
881,7,0.05868937075138092,4,1
882,10,0.021706128492951393,1,1
883,9,0.06254447810351849,2,1
884,7,0.07565783942118287,4,1
885,7,0.17333331424742937,4,1
886,9,0.03335502743721008,2,1
887,9,0.02489756979048252,2,1
888,9,0.08157946541905403,2,1
889,10,0.01837427169084549,1,1
890,8,0.04193855387469133,3,1
891,7,0.07559469249099493,4,1
892,8,0.22045395212868849,3,1
893,8,0.06650452502071857,3,1
894,7,0.07356826588511467,4,1
895,9,0.0703354524448514,2,1
896,8,0.05529359852274259,3,1
897,7,0.07102555176243186,4,1
898,8,0.04385547526180744,3,1
899,8,0.11639862942198913,3,1
900,10,0.03893580660223961,1,1
901,7,0.054461664985865355,4,1
902,8,0.09050397264460723,3,1
903,7,0.1463674260303378,4,1
904,7,0.0768827754072845,4,1
905,9,0.034257326275110245,2,1
906,8,0.2506035144130389,3,1
907,9,0.03247552923858166,2,1
908,3,0.05847805831581354,8,1
909,9,0.07116106897592545,2,1
910,8,0.050490494817495346,3,1
911,-10,0.11055101454257965,1,0
912,7,0.14653782732784748,4,1
913,10,0.04915716499090195,1,1
914,8,0.04884569595257441,3,1
915,-11,0.12117028795182705,2,0
916,8,0.13701398919026056,3,1
917,7,0.12010827707126737,4,1
918,8,0.03012305498123169,3,1
919,10,0.09680677205324173,1,1
920,9,0.05906379409134388,2,1
921,10,0.03708326071500778,1,1
922,-27,0.06878621116476624,38,1
923,7,0.03872554702684283,4,1
924,9,0.023481165058910847,2,1
925,7,0.03672259580343962,4,1
926,6,0.03689282909035683,5,1
927,-50,0.07318630039691926,50,0
928,10,0.044498104602098465,1,1
929,10,0.03809758648276329,1,1
930,7,0.04965108307078481,4,1
931,8,0.01987064691881339,3,1
932,9,0.06823066808283329,2,1
933,5,0.03236562293022871,6,1
934,9,0.043183708563447,2,1
935,9,0.05872909538447857,2,1
936,8,0.03212513402104378,3,1
937,8,0.03394967007140318,3,1
938,7,0.04255623696371913,4,1
939,7,0.05422615585848689,4,1
940,10,0.021222777664661407,1,1
941,-11,0.024768070317804813,2,0
942,8,0.04927891058226427,3,1
943,7,0.025066448841243982,4,1
944,5,0.0336788035929203,6,1
945,8,0.043360378593206406,3,1
946,10,0.030709881335496902,1,1
947,7,0.03877959866076708,4,1
948,8,0.07159101280073325,3,1
949,6,0.041309714689850806,5,1
950,9,0.03638959489762783,2,1
951,7,0.04083005990833044,4,1
952,7,0.03217900777235627,4,1
953,8,0.0526309609413147,3,1
954,10,0.08638260513544083,1,1
955,3,0.09567015338689089,8,1
956,10,0.08325445652008057,1,1
957,7,0.023717273958027363,4,1
958,10,0.05742817372083664,1,1
959,9,0.0359770180657506,2,1
960,7,0.050311921164393425,4,1
961,6,0.046187865734100345,5,1
962,9,0.04706428945064545,2,1
963,-10,0.10372364521026611,1,0
964,6,0.055933842062950136,5,1
965,8,0.07925295705596606,3,1
966,7,0.15477198734879494,4,1
967,10,0.05102698877453804,1,1
968,4,0.06478670984506607,7,1
969,7,0.14721350651234388,4,1
970,10,0.16222058236598969,1,1
971,7,0.08406214043498039,4,1
972,-14,0.04072978086769581,5,0
973,8,0.03410403057932854,3,1
974,-10,0.022915082052350044,1,0
975,6,0.05634707994759083,5,1
976,8,0.13577978685498238,3,1
977,-1,0.043453482290109,12,1
978,8,0.2208953450123469,3,1
979,8,0.16375833004713058,3,1
980,5,0.052083389523128666,6,1
981,7,0.0919897248968482,4,1
982,8,0.0470263808965683,3,1
983,10,0.06379467248916626,1,1
984,3,0.044669201131910086,8,1
985,8,0.013834303555389246,3,1
986,9,0.18354447279125452,2,1
987,8,0.050637386739254,3,1
988,9,0.0350061422213912,2,1
989,10,0.05241832509636879,1,1
990,7,0.021459272131323814,4,1
991,7,0.03891531424596906,4,1
992,8,0.02252628095448017,3,1
993,8,0.062468683967987694,3,1
994,9,0.01986379688605666,2,1
995,6,0.13726194873452185,5,1
996,8,0.037622290973862015,3,1
997,8,0.1867079852769772,3,1
998,8,0.20699661473433176,3,1
999,10,0.05965891107916832,1,1
1000,9,0.02482101134955883,2,1
1,8,0.07997267320752144,3,1
2,8,0.2506961692124605,3,1
3,8,0.042563037325938545,3,1
4,-34,0.04378704350441694,25,0
5,7,0.06965113338083029,4,1
6,9,0.029359682463109493,2,1
7,9,0.03525081276893616,2,1
8,8,0.037769837925831475,3,1
9,9,0.030212655197829008,2,1
10,10,0.07708173990249634,1,1
11,10,0.0273364819586277,1,1
12,9,0.3249821774661541,2,1
13,10,0.12448856979608536,1,1
14,8,0.04184265900403261,3,1
15,8,0.22339882949988046,3,1
16,8,0.07632202282547951,3,1
17,7,0.09664785861968994,4,1
18,8,0.19251413767536482,3,1
19,5,0.08614237730701764,6,1
20,9,0.048470987007021904,2,1
21,5,0.04855897091329098,6,1
22,8,0.13283325731754303,3,1
23,7,0.04286215850152075,4,1
24,10,0.012178226374089718,1,1
25,-36,0.09384957506777124,47,1
26,6,0.14102328680455684,5,1
27,-11,0.05551336705684662,2,0
28,8,0.06717570933202903,3,1
29,10,0.04977722465991974,1,1
30,6,0.17598911970853806,5,1
31,10,0.02524016983807087,1,1
32,-10,0.12049800157546997,1,0
33,9,0.06002158671617508,2,1
34,6,0.1550226852297783,5,1
35,-7,0.09830694443856676,18,1
36,8,0.2193217153350512,3,1
37,10,0.06498655676841736,1,1
38,6,0.07355709001421928,5,1
39,6,0.1448661282658577,5,1
40,8,0.052092257887125015,3,1
41,8,0.0628810462852319,3,1
42,10,0.016407884657382965,1,1
43,10,0.14817510545253754,1,1
44,10,0.02348313480615616,1,1
45,10,0.07793796807527542,1,1
46,-50,0.08525050990283489,50,0
47,7,0.036707290448248386,4,1
48,10,0.04638671875,1,1
49,10,0.03843572735786438,1,1
50,9,0.2633331874385476,2,1
51,7,0.03979913052171469,4,1
52,7,0.054986739065498114,4,1
53,7,0.0274017583578825,4,1
54,8,0.03940162621438503,3,1
55,8,0.10019792926808198,3,1
56,7,0.16399074252694845,4,1
57,6,0.05649085938930511,5,1
58,10,0.07732627540826797,1,1
59,8,0.06389905015627544,3,1
60,7,0.04354421095922589,4,1
61,9,0.045849588699638844,2,1
62,7,0.06720542954280972,4,1
63,8,0.0269664383182923,3,1
64,9,0.04629865102469921,2,1
65,9,0.23881508316844702,2,1
66,8,0.05454250300923983,3,1
67,-12,0.07861697549621265,3,0
68,-10,0.03331129252910614,1,0
69,9,0.35438921488821507,2,1
70,5,0.1293140072375536,6,1
71,8,0.22892712553342184,3,1
72,10,0.0638815313577652,1,1
73,5,0.059059821690122284,6,1
74,10,0.02478341944515705,1,1
75,7,0.03979267505928874,4,1
76,-17,0.07072489163173097,28,1
77,8,0.02978660787145297,3,1
78,10,0.03126631677150726,1,1
79,8,0.03662703682978948,3,1
80,-9,0.05650056814774871,20,1
81,8,0.0495716817677021,3,1
82,10,0.09989896416664124,1,1
83,6,0.05897854268550873,5,1
84,8,0.06715968996286392,3,1
85,10,0.47022753953933716,1,1
86,9,0.04880287032574415,2,1
87,8,0.044893200198809304,3,1
88,-10,0.052343301475048065,1,0
89,8,0.046855137993892036,3,1
90,5,0.0360205148657163,6,1
91,9,0.2683433648198843,2,1
92,10,0.011448660865426064,1,1
93,-36,0.12115090019587013,27,0
94,7,0.16249842010438442,4,1
95,5,0.04295058020701011,6,1
96,10,0.020700696855783463,1,1
97,8,0.10295817907899618,3,1
98,7,0.03467314504086971,4,1
99,6,0.035675742849707606,5,1
100,-50,0.05815573927946389,50,0
101,10,0.5220126509666443,1,1
102,7,0.07683738879859447,4,1
103,10,0.05515621602535248,1,1
104,9,0.05525667779147625,2,1
105,9,0.08987782709300518,2,1
106,7,0.1285694488324225,4,1
107,8,0.07314938803513844,3,1
108,6,0.10622273348271846,5,1
109,-34,0.1663648628940185,45,1
110,-11,0.04499320685863495,2,0
111,9,0.09901655465364456,2,1
112,8,0.05388103177150091,3,1
113,10,0.08044083416461945,1,1
114,9,0.05850812792778015,2,1
115,9,0.4384276308119297,2,1
116,10,0.0835692510008812,1,1
117,7,0.04400165844708681,4,1
118,8,0.023612457637985546,3,1
119,9,0.0395278912037611,2,1
120,9,0.036921098828315735,2,1
121,7,0.03315861662849784,4,1
122,8,0.18798340236147246,3,1
123,10,0.04590023308992386,1,1
124,8,0.31542379160722095,3,1
125,10,0.03759722039103508,1,1
126,7,0.04880948085337877,4,1
127,9,0.26793705113232136,2,1
128,10,0.06629753857851028,1,1
129,5,0.05048326961696148,6,1
130,10,0.030400853604078293,1,1
131,10,0.03127346187829971,1,1
132,7,0.041103283409029245,4,1
133,8,0.07657436840236187,3,1
134,8,0.2927897423505783,3,1
135,8,0.13860483591755232,3,1
136,9,0.03399454057216644,2,1
137,8,0.05126290520032247,3,1
138,9,0.026438369415700436,2,1
139,9,0.04315907508134842,2,1
140,8,0.2028077623496453,3,1
141,10,0.014673219993710518,1,1
142,5,0.03700730763375759,6,1
143,7,0.0765373152680695,4,1
144,6,0.12223828174173831,5,1
145,9,0.028539064340293407,2,1
146,10,0.08583183586597443,1,1
147,8,0.03683398353556792,3,1
148,7,0.025149560067802668,4,1
149,9,0.29219344444572926,2,1
150,10,0.019718166440725327,1,1
151,8,0.03795193942884604,3,1
152,9,0.10060740262269974,2,1
153,7,0.1390709960833192,4,1
154,8,0.036269765347242355,3,1
155,6,0.05528977215290069,5,1
156,8,0.050145991146564484,3,1
157,6,0.18786871023476123,5,1
158,7,0.11826613172888756,4,1
159,8,0.03738356754183769,3,1
160,4,0.05163586592035634,7,1
161,9,0.03537542186677456,2,1
162,7,0.12756032217293978,4,1
163,-12,0.1776899409790834,3,0
164,8,0.09817672769228618,3,1
165,7,0.07895814534276724,4,1
166,6,0.158847900852561,5,1
167,6,0.0369077492505312,5,1
168,9,0.3417413430288434,2,1
169,5,0.04372774499158064,6,1
170,9,0.055266181007027626,2,1
171,10,0.03738919273018837,1,1
172,7,0.05141953844577074,4,1
173,7,0.2558328593149781,4,1
174,8,0.04196903730432192,3,1
175,8,0.17480265100797018,3,1
176,2,0.14306576922535896,9,1
177,6,0.09643572978675366,5,1
178,9,0.09583976119756699,2,1
179,9,0.1687730737030506,2,1
180,5,0.1316005333016316,6,1
181,8,0.054047991832097374,3,1
182,-18,0.05320784180528588,9,0
183,8,0.034474361687898636,3,1
184,8,0.08351431662837665,3,1
185,8,0.1731454643110434,3,1
186,7,0.0980066591873765,4,1
187,9,0.054896315559744835,2,1
188,9,0.23086456023156643,2,1
189,9,0.09510622918605804,2,1
190,8,0.07686005408565204,3,1
191,-22,0.1310603048539523,33,1
192,9,0.10189264826476574,2,1
193,7,0.07504828181117773,4,1
194,9,0.13524186424911022,2,1
195,8,0.24146894427637258,3,1
196,10,0.1700173318386078,1,1
197,8,0.18214058130979538,3,1
198,9,0.05478513799607754,2,1
199,9,0.06338601373136044,2,1
200,7,0.17641522642225027,4,1
201,8,0.19615325207511583,3,1
202,10,0.02575753442943096,1,1
203,6,0.06957426220178604,5,1
204,8,0.05703874801596006,3,1
205,9,0.024928518570959568,2,1
206,8,0.04164188479383787,3,1
207,8,0.14207115148504576,3,1
208,-35,0.10593952045131189,26,0
209,9,0.04484870471060276,2,1
210,-11,0.06137017719447613,2,0
211,7,0.0775136835873127,4,1
212,9,0.2818460389971733,2,1
213,-10,0.10140625813177653,21,1
214,-50,0.09814750945195555,50,0
215,8,0.13393060863018036,3,1
216,10,0.08724825084209442,1,1
217,9,0.06870056688785553,2,1
218,7,0.1329435408115387,4,1
219,8,0.07523825392127037,3,1
220,6,0.12486374229192734,5,1
221,5,0.16716048618157706,6,1
222,7,0.11782983131706715,4,1
223,6,0.07033023387193679,5,1
224,10,0.09070264548063278,1,1
225,8,0.052861147870620094,3,1
226,7,0.05536062968894839,4,1
227,10,0.17646118998527527,1,1
228,9,0.04502325598150492,2,1
229,10,0.01590881310403347,1,1
230,7,0.09684134088456631,4,1
231,10,0.05834319815039635,1,1
232,8,0.04533771052956581,3,1
233,9,0.17233388870954514,2,1
234,10,0.03815578669309616,1,1
235,9,0.22240301221609116,2,1
236,8,0.1716856968899568,3,1
237,9,0.05076923780143261,2,1
238,10,0.10445008426904678,1,1
239,-34,0.10168156007097827,45,1
240,7,0.09629235602915287,4,1
241,-2,0.08122860138806012,13,1
242,5,0.06284810944149892,6,1
243,10,0.05194002017378807,1,1
244,10,0.025609614327549934,1,1
245,7,0.05313474731519818,4,1
246,5,0.10489650412152211,6,1
247,7,0.060198604594916105,4,1
248,7,0.09702913742512465,4,1
249,-26,0.08814589271472918,37,1
250,9,0.03362162783741951,2,1
251,6,0.02911500595510006,5,1
252,9,0.050000857561826706,2,1
253,8,0.032530405869086586,3,1
254,7,0.0972019899636507,4,1
255,10,0.053362809121608734,1,1
256,9,0.06737320497632027,2,1
257,6,0.3035583049058914,5,1
258,-10,0.03729456663131714,1,0
259,7,0.07121020089834929,4,1
260,9,0.1443174658343196,2,1
261,10,0.06001240760087967,1,1
262,9,0.02387063205242157,2,1
263,5,0.12498590846856435,6,1
264,2,0.09160201417075263,9,1
265,10,0.13769446313381195,1,1
266,-10,0.11109140515327454,1,0
267,-26,0.09978880349765806,17,0
268,8,0.09367839495340984,3,1
269,8,0.07404794792334239,3,1
270,7,0.05053521040827036,4,1
271,9,0.20406577736139297,2,1
272,10,0.07836258411407471,1,1
273,8,0.16608609755833945,3,1
274,8,0.06669757018486659,3,1
275,8,0.06148576612273852,3,1
276,8,0.0384518721451362,3,1
277,-50,0.11223022455349564,50,0
278,7,0.2102313544601202,4,1
279,10,0.0447101928293705,1,1
280,7,0.05987519957125187,4,1
281,6,0.05000289231538772,5,1
282,8,0.05937270075082779,3,1
283,8,0.11583030472199123,3,1
284,10,0.06788331270217896,1,1
285,7,0.09301760513335466,4,1
286,10,0.025182340294122696,1,1
287,8,0.04147665575146675,3,1
288,4,0.09005453011819295,7,1
289,8,0.061170220375061035,3,1
290,8,0.0676849124332269,3,1
291,8,0.08591170608997345,3,1
292,8,0.17130236824353537,3,1
293,10,0.03096434846520424,1,1
294,10,0.04126844182610512,1,1
295,9,0.039581965655088425,2,1
296,10,0.12065928429365158,1,1
297,10,0.09057189524173737,1,1
298,9,0.12654324807226658,2,1
299,7,0.07188597228378057,4,1
300,9,0.038407448679208755,2,1
301,8,0.12233240281542142,3,1
302,7,0.11132584977895021,4,1
303,9,0.07302209734916687,2,1
304,6,0.16909822896122934,5,1
305,9,0.07705612853169441,2,1
306,-50,0.0746325728110969,50,0
307,7,0.15610238583758473,4,1
308,7,0.07340080756694078,4,1
309,7,0.042700035497546196,4,1
310,-4,0.06029291916638613,15,1
311,8,0.032804989566405617,3,1
312,-1,0.1487868521362543,12,1
313,6,0.06610189378261566,5,1
314,7,0.04756545228883624,4,1
315,10,0.03940647467970848,1,1
316,8,0.046793910985191665,3,1
317,7,0.057432061061263084,4,1
318,6,0.04267759472131729,5,1
319,8,0.05478214596708616,3,1
320,9,0.04395679570734501,2,1
321,7,0.07373404735699296,4,1
322,10,0.03449791669845581,1,1
323,8,0.30118465423583984,3,1
324,10,0.0236850306391716,1,1
325,5,0.042142060274879135,6,1
326,9,0.05628570728003979,2,1
327,9,0.09766079485416412,2,1
328,8,0.14612038185199103,3,1
329,-10,0.0443253256380558,1,0
330,5,0.06233337723339597,6,1
331,8,0.19737188269694647,3,1
332,10,0.2632271945476532,1,1
333,6,0.09064837247133255,5,1
334,9,0.19129566475749016,2,1
335,9,0.08922330476343632,2,1
336,9,0.03919029049575329,2,1
337,8,0.035712962659696736,3,1
338,10,0.022907625883817673,1,1
339,10,0.028169214725494385,1,1
340,6,0.05176189094781876,5,1
341,8,0.0855574073890845,3,1
342,-34,0.12808949030935765,25,0
343,10,0.020763397216796875,1,1
344,10,0.037716884166002274,1,1
345,7,0.02534082205966115,4,1
346,9,0.15167314279824495,2,1
347,9,0.04175479616969824,2,1
348,8,0.043004775109390415,3,1
349,9,0.04133748449385166,2,1
350,7,0.11631664261221886,4,1
351,10,0.02819187194108963,1,1
352,10,0.04687260463833809,1,1
353,8,0.041847108552853264,3,1
354,9,0.049741584807634354,2,1
355,10,0.04486847296357155,1,1
356,9,0.15550201758742332,2,1
357,8,0.03934794167677561,3,1
358,8,0.18160723460217318,3,1
359,5,0.1624950704475244,6,1
360,8,0.0909951056043307,3,1
361,10,0.04830026254057884,1,1
362,6,0.15140209048986436,5,1
363,8,0.15569410162667432,3,1
364,7,0.06372962240129709,4,1
365,6,0.04995988868176937,5,1
366,-20,0.09745881850680997,31,1
367,6,0.10216200202703477,5,1
368,9,0.04654444009065628,2,1
369,-15,0.08057397374740013,26,1
370,8,0.05173389365275701,3,1
371,10,0.07010886818170547,1,1
372,9,0.13567120768129826,2,1
373,8,0.12844128161668777,3,1
374,10,0.3273316025733948,1,1
375,-50,0.09518888294696808,50,0
376,7,0.08197756763547659,4,1
377,10,0.33433395624160767,1,1
378,7,0.10222537163645029,4,1
379,8,0.0789991704126199,3,1
380,9,0.08628856763243675,2,1
381,9,0.1902816779911518,2,1
382,10,0.12460453063249588,1,1
383,9,0.09073186293244362,2,1
384,8,0.07009498650828998,3,1
385,6,0.050465264916419984,5,1
386,7,0.05077713867649436,4,1
387,9,0.045824430882930756,2,1
388,-33,0.09058230298317292,44,1
389,10,0.02478889934718609,1,1
390,8,0.07425825794537862,3,1
391,6,0.06706844344735145,5,1
392,6,0.039513542875647546,5,1
393,9,0.35402747243642807,2,1
394,8,0.04572443446765343,3,1
395,10,0.03342915698885918,1,1
396,9,0.053956761956214905,2,1
397,10,0.018303923308849335,1,1
398,8,0.050455814227461815,3,1
399,10,0.05298757180571556,1,1
400,10,0.049952056258916855,1,1
401,9,0.042174176312983036,2,1
402,10,0.04931190609931946,1,1
403,8,0.11187027270595233,3,1
404,-19,0.0683817444058756,30,1
405,-50,0.048005653880536556,50,0
406,9,0.062496619299054146,2,1
407,8,0.02822984444598357,3,1
408,5,0.08613342170914014,6,1
409,2,0.05029188613924715,9,1
410,10,0.09976672381162643,1,1
411,6,0.039776690676808356,5,1
412,9,0.06784773990511894,2,1
413,9,0.029109543189406395,2,1
414,5,0.05575403509040674,6,1
415,-2,0.040579902151456244,13,1
416,7,0.042630200274288654,4,1
417,9,0.07909405697137117,2,1
418,8,0.04791025072336197,3,1
419,8,0.09746225054065387,3,1
420,10,0.11820610612630844,1,1
421,8,0.0553105299671491,3,1
422,8,0.030805617570877075,3,1
423,10,0.05798708274960518,1,1
424,9,0.042805181816220284,2,1
425,10,0.025909168645739555,1,1
426,7,0.13215074874460697,4,1
427,10,0.36418718099594116,1,1
428,-29,0.05472378460690379,40,1
429,9,0.08393466472625732,2,1
430,8,0.04680166890223821,3,1
431,-50,0.0666825733706355,50,0
432,10,0.024765031412243843,1,1
433,9,0.03782301023602486,2,1
434,8,0.05251045556118091,3,1
435,-50,0.0450413672067225,50,0
436,7,0.06508966442197561,4,1
437,9,0.05914292763918638,2,1
438,7,0.07497260719537735,4,1
439,-13,0.045885901898145676,4,0
440,8,0.16908329725265503,3,1
441,5,0.025830790555725496,6,1
442,7,0.03594961739145219,4,1
443,8,0.05649063549935818,3,1
444,6,0.05494214966893196,5,1
445,-14,0.04898649118840694,25,1
446,8,0.0882065234084924,3,1
447,10,0.031212182715535164,1,1
448,7,0.07908756006509066,4,1
449,7,0.16885335417464375,4,1
450,9,0.021230007521808147,2,1
451,5,0.031139880729218323,6,1
452,9,0.25099626928567886,2,1
453,10,0.05209501460194588,1,1
454,8,0.05154986182848612,3,1
455,9,0.04577258415520191,2,1
456,4,0.05480696260929108,7,1
457,7,0.04232968529686332,4,1
458,7,0.06015479005873203,4,1
459,10,0.03205425664782524,1,1
460,-50,0.06279440499842166,50,0
461,8,0.05515187854568163,3,1
462,10,0.06317581981420517,1,1
463,7,0.0653252606280148,4,1
464,-50,0.07879768876358867,50,0
465,6,0.09965974241495132,5,1
466,9,0.1254112757742405,2,1
467,8,0.08535327141483624,3,1
468,8,0.033108847215771675,3,1
469,9,0.046504246070981026,2,1
470,-7,0.051325320887068905,18,1
471,7,0.07020053267478943,4,1
472,7,0.05671451427042484,4,1
473,10,0.06798360496759415,1,1
474,8,0.053049344569444656,3,1
475,9,0.14453931152820587,2,1
476,8,0.06715528666973114,3,1
477,10,0.08878973871469498,1,1
478,8,0.05538701390226682,3,1
479,9,0.044996459037065506,2,1
480,9,0.03887980431318283,2,1
481,10,0.04682958871126175,1,1
482,9,0.12424088828265667,2,1
483,8,0.027234111602107685,3,1
484,-14,0.08318328686058521,25,1
485,9,0.05351710133254528,2,1
486,-10,0.0585528521665505,21,1
487,8,0.05212835098306338,3,1
488,8,0.04538446292281151,3,1
489,10,0.09611308574676514,1,1
490,10,0.03700347617268562,1,1
491,10,0.03114853985607624,1,1
492,10,0.07561808079481125,1,1
493,10,0.07806820422410965,1,1
494,-13,0.05570871771002809,24,1
495,10,0.020734582096338272,1,1
496,9,0.02239069528877735,2,1
497,7,0.033878680784255266,4,1
498,9,0.020918221678584814,2,1
499,-16,0.049607622171086926,7,0
500,8,0.024799676922460396,3,1
501,9,0.023224003612995148,2,1
502,9,0.03718834510073066,2,1
503,6,0.07987315915524959,5,1
504,10,0.05184356868267059,1,1
505,8,0.03828910986582438,3,1
506,8,0.08942445119222005,3,1
507,10,0.03160479664802551,1,1
508,10,0.05949653685092926,1,1
509,8,0.06748981401324272,3,1
510,6,0.039040742069482805,5,1
511,6,0.06308980919420719,5,1
512,6,0.1322290375828743,5,1
513,7,0.1465488951653242,4,1
514,7,0.06596517842262983,4,1
515,9,0.08634726703166962,2,1
516,10,0.07535956054925919,1,1
517,7,0.032536104787141085,4,1
518,10,0.07122612744569778,1,1
519,-11,0.03987640701234341,2,0
520,-19,0.06598592065274715,30,1
521,4,0.05391422765595572,7,1
522,8,0.03406901968022188,3,1
523,7,0.05654334183782339,4,1
524,7,0.04419033322483301,4,1
525,8,0.1063824233909448,3,1
526,7,0.06886042095720768,4,1
527,10,0.1105194240808487,1,1
528,8,0.025571314928432304,3,1
529,9,0.28808402456343174,2,1
530,-50,0.04808743534609675,50,0
531,9,0.029417601879686117,2,1
532,6,0.07365912050008774,5,1
533,9,0.01714882394298911,2,1
534,6,0.06450345814228058,5,1
535,7,0.05246287304908037,4,1
536,10,0.04359564185142517,1,1
537,5,0.047044250493248306,6,1
538,6,0.06028404571115971,5,1
539,-50,0.08161557849496603,50,0
540,8,0.035484260569016136,3,1
541,10,0.044951800256967545,1,1
542,4,0.07642167354268688,7,1
543,9,0.10244891420006752,2,1
544,10,0.04849730432033539,1,1
545,6,0.05999118648469448,5,1
546,9,0.04518997110426426,2,1
547,10,0.04781850054860115,1,1
548,8,0.03996719171603521,3,1
549,8,0.06424623851974805,3,1
550,10,0.10278463363647461,1,1
551,6,0.058846139907836915,5,1
552,8,0.026851269726951916,3,1
553,6,0.06283307932317257,5,1
554,9,0.05196605809032917,2,1
555,10,0.014882699586451054,1,1
556,9,0.07880912814289331,2,1
557,8,0.05031284596771002,3,1
558,6,0.03621385097503662,5,1
559,8,0.025095020110408466,3,1
560,-17,0.05204412211397929,28,1
561,10,0.04645449295639992,1,1
562,8,0.03413156047463417,3,1
563,8,0.030455998455484707,3,1
564,9,0.017547499854117632,2,1
565,10,0.013941948302090168,1,1
566,9,0.021410747431218624,2,1
567,8,0.034455205934743084,3,1
568,-10,0.046392906457185745,1,0
569,9,0.03020085860043764,2,1
570,7,0.018286719918251038,4,1
571,10,0.034676555544137955,1,1
572,1,0.03156234715133906,10,1
573,8,0.021410297602415085,3,1
574,9,0.022616726346313953,2,1
575,8,0.028280034971733887,3,1
576,10,0.005915275774896145,1,1
577,9,0.034004998626187444,2,1
578,10,0.06536123901605606,1,1
579,6,0.015461008809506894,5,1
580,8,0.023953783015410107,3,1
581,9,0.020598691888153553,2,1
582,10,0.04788593575358391,1,1
583,9,0.03511712094768882,2,1
584,-35,0.05631892767775318,46,1
585,2,0.04038747607005967,9,1
586,-50,0.07489216854795813,50,0
587,7,0.05048996163532138,4,1
588,9,0.05138633493334055,2,1
589,9,0.019030297175049782,2,1
590,10,0.015684010460972786,1,1
591,6,0.0233163945376873,5,1
592,9,0.023211918771266937,2,1
593,9,0.05000586807727814,2,1
594,-14,0.04429776381701231,25,1
595,8,0.03153797425329685,3,1
596,9,0.05166840460151434,2,1
597,6,0.02761163003742695,5,1
598,-17,0.05312278264734362,28,1
599,8,0.04062059583763281,3,1
600,9,0.03072897531092167,2,1
601,9,0.0423953328281641,2,1
602,8,0.02672460302710533,3,1
603,7,0.03148985607549548,4,1
604,7,0.1680274372920394,4,1
605,10,0.020960109308362007,1,1
606,5,0.02985985460691154,6,1
607,10,0.011433360166847706,1,1
608,9,0.046571191400289536,2,1
609,9,0.019248854368925095,2,1
610,9,0.08654891513288021,2,1
611,10,0.0678996592760086,1,1
612,9,0.028087738901376724,2,1
613,7,0.040607193717733026,4,1
614,8,0.060631342232227325,3,1
615,9,0.06466368958353996,2,1
616,8,0.04591533417503039,3,1
617,8,0.04839880640308062,3,1
618,4,0.03013426690761532,7,1
619,7,0.034486828837543726,4,1
620,6,0.05609895009547472,5,1
621,9,0.016812855377793312,2,1
622,7,0.030564055545255542,4,1
623,8,0.031667484591404595,3,1
624,9,0.023879846092313528,2,1
625,10,0.041555099189281464,1,1
626,9,0.012122551444917917,2,1
627,9,0.03659489564597607,2,1
628,8,0.03560662269592285,3,1
629,7,0.029947318602353334,4,1
630,9,0.013384228805080056,2,1
631,10,0.03742583096027374,1,1
632,8,0.03172112349420786,3,1
633,9,0.015789836179465055,2,1
634,8,0.037250714376568794,3,1
635,2,0.030045671698947746,9,1
636,9,0.03270714916288853,2,1
637,10,0.11652233451604843,1,1
638,6,0.028318190574645997,5,1
639,8,0.02644694286088149,3,1
640,10,0.03523373603820801,1,1
641,8,0.028128076810389757,3,1
642,10,0.06703832745552063,1,1
643,-12,0.05447044284285411,23,1
644,4,0.0408397942249264,7,1
645,-5,0.03649369068443775,16,1
646,5,0.02882879910369714,6,1
647,6,0.07708550281822682,5,1
648,8,0.058511193841695786,3,1
649,10,0.11934962868690491,1,1
650,-4,0.08893962713579337,15,1
651,9,0.03390965424478054,2,1
652,-4,0.037357079610228536,15,1
653,8,0.06850543928643067,3,1
654,-50,0.07680880470201373,50,0
655,6,0.04607717152684927,5,1
656,9,0.01902641449123621,2,1
657,6,0.037712245061993596,5,1
658,9,0.0358086284250021,2,1
659,10,0.019722456112504005,1,1
660,-9,0.03649527691304684,20,1
661,-11,0.04194500483572483,2,0
662,8,0.031210048745075863,3,1
663,9,0.05572069622576237,2,1
664,6,0.028817911446094514,5,1
665,10,0.015570342540740967,1,1
666,9,0.19703387189656496,2,1
667,8,0.027174176648259163,3,1
668,-12,0.01803142422189315,3,0
669,7,0.056198871694505215,4,1
670,9,0.036149486899375916,2,1
671,7,0.051220184192061424,4,1
672,-50,0.05210456756874919,50,0
673,10,0.025251340121030807,1,1
674,10,0.05177326500415802,1,1
675,8,0.037825049832463264,3,1
676,9,0.052573757246136665,2,1
677,7,0.1662448039278388,4,1
678,3,0.05536437500268221,8,1
679,6,0.1596671175211668,5,1
680,10,0.02933855541050434,1,1
681,-4,0.13752242689952254,15,1
682,10,0.017247246578335762,1,1
683,9,0.07862280681729317,2,1
684,8,0.06596837813655536,3,1
685,10,0.014918006025254726,1,1
686,5,0.07835144146035115,6,1
687,10,0.014617451466619968,1,1
688,-17,0.041767229908145964,8,0
689,9,0.22700180020183325,2,1
690,-21,0.07916697251494043,32,1
691,10,0.0607120655477047,1,1
692,-50,0.0723165687546134,50,0
693,10,0.0838894471526146,1,1
694,-13,0.054827937429460384,24,1
695,10,0.03150616213679314,1,1
696,-3,0.09007014706730843,14,1
697,10,0.022517312318086624,1,1
698,8,0.14538229877750078,3,1
699,5,0.03139055908347169,6,1
700,7,0.12051129527390003,4,1
701,10,0.058771248906850815,1,1
702,9,0.039040058851242065,2,1
703,-34,0.06213309857994318,45,1
704,7,0.043504745699465275,4,1
705,10,0.02103150635957718,1,1
706,-50,0.07187792613375478,41,0
707,10,0.04148847609758377,1,1
708,6,0.03072843365371227,5,1
709,7,0.1077937837690115,4,1
710,9,0.053358422592282295,2,1
711,9,0.08658968657255173,2,1
712,8,0.03415445300439993,3,1
713,9,0.038671826012432575,2,1
714,9,0.02255063969641924,2,1
715,8,0.07717745254437129,3,1
716,5,0.12343877212454875,6,1
717,10,0.03631163761019707,1,1
718,9,0.029254090040922165,2,1
719,8,0.0413962205251058,3,1
720,8,0.025973360054194927,3,1
721,9,0.06586738303303719,2,1
722,7,0.10258343815803528,4,1
723,10,0.12536083161830902,1,1
724,6,0.15074720345437526,5,1
725,8,0.05711080816884836,3,1
726,10,0.08060427755117416,1,1
727,7,0.026213809847831726,4,1
728,6,0.07912609018385411,5,1
729,0,0.04936419571326538,11,1
730,9,0.14883243292570114,2,1
731,-25,0.05454457672830257,36,1
732,6,0.08661940582096576,5,1
733,-12,0.07516100281930488,23,1
734,-22,0.09050729334580176,33,1
735,10,0.08617904037237167,1,1
736,-50,0.06237256670370698,50,0
737,6,0.05058742929250002,5,1
738,8,0.06578189693391323,3,1
739,7,0.07532352907583117,4,1
740,8,0.0796777152766784,3,1
741,-8,0.06108258635197815,19,1
742,10,0.07367164641618729,1,1
743,8,0.08545296732336283,3,1
744,8,0.055983652671178184,3,1
745,7,0.04524118499830365,4,1
746,8,0.0850457102060318,3,1
747,8,0.03453397502501806,3,1
748,10,0.0170718003064394,1,1
749,6,0.04435426108539105,5,1
750,10,0.07168999314308167,1,1
751,8,0.04170599983384212,3,1
752,8,0.04104462265968323,3,1
753,10,0.012433115392923355,1,1
754,8,0.036350986920297146,3,1
755,10,0.047182098031044006,1,1
756,9,0.030598833225667477,2,1
757,10,0.016575751826167107,1,1
758,10,0.02114282362163067,1,1
759,10,0.00925050862133503,1,1
760,8,0.034650225192308426,3,1
761,7,0.036965650506317616,4,1
762,9,0.024720858316868544,2,1
763,9,0.03822639398276806,2,1
764,7,0.024541231337934732,4,1
765,-6,0.054423297098016035,17,1
766,9,0.01379848294891417,2,1
767,10,0.04822690412402153,1,1
768,7,0.03805503295734525,4,1
769,-11,0.022534359712153673,2,0
770,-41,0.07682040927466005,32,0
771,9,0.01570914126932621,2,1
772,8,0.015717640829583008,3,1
773,8,0.034348447186251484,3,1
774,8,0.19434213700393835,3,1
775,9,0.03108728863298893,2,1
776,8,0.03364744347830614,3,1
777,8,0.03465519348780314,3,1
778,8,0.02545432684322198,3,1
779,10,0.016966458410024643,1,1
780,8,0.039780693128705025,3,1
781,9,0.09295907989144325,2,1
782,10,0.03480697050690651,1,1
783,10,0.011507244780659676,1,1
784,10,0.028833137825131416,1,1
785,8,0.03487179055809975,3,1
786,10,0.11219567060470581,1,1
787,10,0.07933609187602997,1,1
788,7,0.10942102689296007,4,1
789,9,0.03791117388755083,2,1
790,-12,0.24164829154809317,3,0
791,9,0.017994478344917297,2,1
792,8,0.06736215949058533,3,1
793,9,0.036457967944443226,2,1
794,-50,0.09317867327481508,50,0
795,8,0.03951718658208847,3,1
796,9,0.059535467997193336,2,1
797,10,0.038262125104665756,1,1
798,8,0.08580588052670161,3,1
799,8,0.08683750778436661,3,1
800,-10,0.2534821629524231,1,0
801,5,0.12162351608276367,6,1
802,-15,0.12942347883318478,26,1
803,8,0.11033644527196884,3,1
804,7,0.08057916071265936,4,1
805,-50,0.06272551361471415,50,0
806,10,0.02340436540544033,1,1
807,9,0.028617731295526028,2,1
808,-50,0.0721078472211957,50,0
809,8,0.037032619739572205,3,1
810,8,0.02943805418908596,3,1
811,-10,0.015768583863973618,1,0
812,10,0.017828043550252914,1,1
813,6,0.028369846194982527,5,1
814,10,0.014761416241526604,1,1
815,5,0.06458551964412133,6,1
816,9,0.09195863083004951,2,1
817,10,0.1317824423313141,1,1
818,8,0.08933548256754875,3,1
819,7,0.07736791204661131,4,1
820,6,0.07053834795951844,5,1
821,9,0.06092063896358013,2,1
822,7,0.2183983875438571,4,1
823,8,0.026545921030143898,3,1
824,10,0.0221002995967865,1,1
825,9,0.10981875844299793,2,1
826,10,0.08972390741109848,1,1
827,9,0.04155300557613373,2,1
828,10,0.05054385960102081,1,1
829,6,0.04956713132560253,5,1
830,9,0.024866108782589436,2,1
831,9,0.049316536635160446,2,1
832,9,0.021518895402550697,2,1
833,8,0.032269230112433434,3,1
834,8,0.09032580628991127,3,1
835,8,0.19098395792146525,3,1
836,10,0.06948412209749222,1,1
837,5,0.10498209235568841,6,1
838,-10,0.09769438207149506,1,0
839,9,0.041319893673062325,2,1
840,7,0.07218846399337053,4,1
841,9,0.0567719005048275,2,1
842,9,0.17361969221383333,2,1
843,9,0.2568695768713951,2,1
844,9,0.05475998297333717,2,1
845,9,0.039030855521559715,2,1
846,7,0.06888929754495621,4,1
847,-15,0.10626918371193685,26,1
848,8,0.07739987845222156,3,1
849,10,0.10287873446941376,1,1
850,10,0.3226473331451416,1,1
851,8,0.03832293053468069,3,1
852,10,0.05120615288615227,1,1
853,8,0.0476321317255497,3,1
854,10,0.03873780369758606,1,1
855,9,0.038070956245064735,2,1
856,-24,0.0541572456913335,35,1
857,5,0.08082554178933303,6,1
858,5,0.07658142161866029,6,1
859,4,0.07582600893718856,7,1
860,9,0.08470406010746956,2,1
861,7,0.05152278020977974,4,1
862,10,0.02527833729982376,1,1
863,10,0.0580626055598259,1,1
864,-9,0.07129085240885616,20,1
865,-16,0.052210923111825076,27,1
866,10,0.02565387636423111,1,1
867,8,0.1744317834575971,3,1
868,9,0.08840230107307434,2,1
869,10,0.25208836793899536,1,1
870,7,0.15153018198907375,4,1
871,8,0.03777937466899554,3,1
872,9,0.0293264240026474,2,1
873,8,0.03976192449529966,3,1
874,10,0.07092198729515076,1,1
875,7,0.05872063245624304,4,1
876,-50,0.06434763314202428,50,0
877,7,0.09876318462193012,4,1
878,-59,0.05579141773283482,50,0
879,9,0.06444825977087021,2,1
880,9,0.042336685582995415,2,1
881,-8,0.0633699998847748,19,1
882,8,0.027674078320463497,3,1
883,8,0.16861931731303534,3,1
884,9,0.01987143885344267,2,1
885,8,0.1939387507736683,3,1
886,-14,0.08902398560196162,25,1
887,10,0.06920980662107468,1,1
888,9,0.04669445380568504,2,1
889,8,0.09340584526459376,3,1
890,6,0.07740103006362915,5,1
891,8,0.03334634999434153,3,1
892,9,0.021323733497411013,2,1
893,7,0.047520732041448355,4,1
894,9,0.03282008785754442,2,1
895,8,0.024719137077530224,3,1
896,7,0.05652304645627737,4,1
897,8,0.16806662951906523,3,1
898,9,0.04240378551185131,2,1
899,10,0.06323003023862839,1,1
900,6,0.06821374073624611,5,1
901,8,0.07433773080507915,3,1
902,9,0.0443241149187088,2,1
903,9,0.0542115792632103,2,1
904,7,0.18776001315563917,4,1
905,8,0.060333053270975746,3,1
906,10,0.061912063509225845,1,1
907,9,0.02514762245118618,2,1
908,9,0.034779174253344536,2,1
909,10,0.08021026104688644,1,1
910,10,0.3548194468021393,1,1
911,10,0.03493542969226837,1,1
912,7,0.036620301194489,4,1
913,9,0.05832479614764452,2,1
914,-23,0.05587058256873313,34,1
915,7,0.045356238493695855,4,1
916,10,0.04107033461332321,1,1
917,7,0.049899641424417496,4,1
918,8,0.030205894261598587,3,1
919,-8,0.06424241503210444,19,1
920,-10,0.03629658743739128,1,0
921,9,0.04659413360059261,2,1
922,7,0.14825437031686306,4,1
923,6,0.08470877967774867,5,1
924,8,0.21643206725517908,3,1
925,10,0.04143919795751572,1,1
926,7,0.16785901971161366,4,1
927,9,0.04169675149023533,2,1
928,9,0.03222213312983513,2,1
929,-26,0.06820042310534297,37,1
930,10,0.01455589197576046,1,1
931,10,0.45360317826271057,1,1
932,9,0.03800645098090172,2,1
933,10,0.02064783126115799,1,1
934,-24,0.042426919085638864,35,1
935,7,0.05014496902003884,4,1
936,9,0.0774754099547863,2,1
937,7,0.1133570121601224,4,1
938,8,0.05429357414444288,3,1
939,8,0.0634805541485548,3,1
940,6,0.09087049402296543,5,1
941,7,0.02706429804675281,4,1
942,8,0.025791409735878307,3,1
943,10,0.03082844242453575,1,1
944,10,0.04303508996963501,1,1
945,7,0.06367995962500572,4,1
946,-50,0.07458059750497341,50,0
947,10,0.05622366815805435,1,1
948,6,0.017428865283727647,5,1
949,9,0.04334963299334049,2,1
950,4,0.053532978386751244,7,1
951,-50,0.072388552762568,50,0
952,9,0.05497501790523529,2,1
953,8,0.041676570971806846,3,1
954,8,0.04408465946714083,3,1
955,10,0.04821718856692314,1,1
956,-50,0.05651401530951262,50,0
957,7,0.037656274158507586,4,1
958,9,0.04508229158818722,2,1
959,8,0.0824929258475701,3,1
960,7,0.04448854923248291,4,1
961,-11,0.0694077243520455,22,1
962,-24,0.053549504705837796,35,1
963,6,0.023346266150474547,5,1
964,6,0.03190262243151665,5,1
965,-21,0.05360923410626128,32,1
966,9,0.249920342117548,2,1
967,8,0.06572485559930404,3,1
968,7,0.20370033010840416,4,1
969,8,0.03166095819324255,3,1
970,6,0.0318565359339118,5,1
971,9,0.05152363469824195,2,1
972,9,0.04157598689198494,2,1
973,8,0.07415321841835976,3,1
974,10,0.030183644965291023,1,1
975,9,0.026371227577328682,2,1
976,7,0.07219394249841571,4,1
977,7,0.017936241114512086,4,1
978,10,0.02157476730644703,1,1
979,6,0.04715212304145098,5,1
980,-10,0.021475721150636673,1,0
981,5,0.026575305809577305,6,1
982,7,0.11707150796428323,4,1
983,6,0.11561626363545656,5,1
984,8,0.06424150119225185,3,1
985,8,0.0632159352923433,3,1
986,10,0.027856063097715378,1,1
987,10,0.019580069929361343,1,1
988,-10,0.017362970858812332,1,0
989,8,0.03077689589311679,3,1
990,10,0.013051020912826061,1,1
991,10,0.01418189238756895,1,1
992,-11,0.02940388536080718,2,0
993,7,0.03958287101704627,4,1
994,8,0.03832687623798847,3,1
995,10,0.06539694964885712,1,1
996,10,0.024450577795505524,1,1
997,9,0.44063557498157024,2,1
998,8,0.10253227315843105,3,1
999,7,0.04121081670746207,4,1
1000,10,0.041500601917505264,1,1
1,9,0.04124725889414549,2,1
2,8,0.15835169330239296,3,1
3,10,0.0134409936144948,1,1
4,9,0.07577736489474773,2,1
5,9,0.040424018166959286,2,1
6,9,0.02733540628105402,2,1
7,7,0.035397395957261324,4,1
8,6,0.13102866038680078,5,1
9,8,0.11360337709387143,3,1
10,8,0.03191776884098848,3,1
11,8,0.14018389085928598,3,1
12,6,0.03446304202079773,5,1
13,4,0.10743823421320745,7,1
14,10,0.020831797271966934,1,1
15,8,0.04051099872837464,3,1
16,7,0.14212493738159537,4,1
17,8,0.33148759851853055,3,1
18,8,0.04794851845751206,3,1
19,7,0.05507649015635252,4,1
20,6,0.12246743887662888,5,1
21,9,0.019586452282965183,2,1
22,7,0.10646799369715154,4,1
23,8,0.05412209530671438,3,1
24,8,0.18117750311891237,3,1
25,8,0.056441349908709526,3,1
26,10,0.019191071391105652,1,1
27,1,0.06338813612237573,10,1
28,9,0.038499931804835796,2,1
29,-23,0.11188767910269755,14,0
30,-6,0.07165240233435351,17,1
31,8,0.030334337304035824,3,1
32,8,0.108753751963377,3,1
33,10,0.026134897023439407,1,1
34,10,0.4762088358402252,1,1
35,6,0.048718783631920816,5,1
36,9,0.24608106538653374,2,1
37,8,0.04075103811919689,3,1
38,8,0.0849069394171238,3,1
39,9,0.016674899496138096,2,1
40,10,0.4160923361778259,1,1
41,8,0.07020035634438197,3,1
42,9,0.03476910851895809,2,1
43,-2,0.06342715153900477,13,1
44,8,0.04673455903927485,3,1
45,8,0.18099568660060564,3,1
46,8,0.12025382493933041,3,1
47,3,0.05183626723010093,8,1
48,-5,0.1050617357250303,16,1
49,6,0.06617796309292316,5,1
50,7,0.18255498632788658,4,1
51,6,0.05946714207530022,5,1
52,9,0.06405578181147575,2,1
53,10,0.0464678518474102,1,1
54,-14,0.05894951865077019,25,1
55,9,0.039129361510276794,2,1
56,7,0.049377212300896645,4,1
57,10,0.043316908180713654,1,1
58,10,0.033539172261953354,1,1
59,10,0.02469523251056671,1,1
60,10,0.03792896866798401,1,1
61,8,0.03915153257548809,3,1
62,8,0.027439313009381294,3,1
63,5,0.024814598262310028,6,1
64,9,0.03449705662205815,2,1
65,8,0.0654541477560997,3,1
66,8,0.04796828143298626,3,1
67,10,0.09436796605587006,1,1
68,10,0.014263716526329517,1,1
69,10,0.023949988186359406,1,1
70,7,0.0199335056822747,4,1
71,-1,0.04703908382604519,12,1
72,8,0.051204186553756394,3,1
73,10,0.04514405131340027,1,1
74,6,0.058359257876873016,5,1
75,10,0.07505791634321213,1,1
76,8,0.05099121915797392,3,1
77,10,0.06218213587999344,1,1
78,7,0.0426585259847343,4,1
79,-31,0.08530016780076992,42,1
80,8,0.039394065737724304,3,1
81,9,0.04952166602015495,2,1
82,-15,0.0880625110047941,26,1
83,10,0.020887959748506546,1,1
84,7,0.05530614871531725,4,1
85,-50,0.08200664520263672,50,0
86,9,0.09479368105530739,2,1
87,7,0.04597185552120209,4,1
88,10,0.02709735557436943,1,1
89,-30,0.08312536084226199,21,0
90,9,0.025874308310449123,2,1
91,9,0.018344935029745102,2,1
92,6,0.20097703617066145,5,1
93,6,0.04471596777439117,5,1
94,9,0.023596431128680706,2,1
95,8,0.05161235015839338,3,1
96,6,0.03766875751316547,5,1
97,-41,0.0970132714137435,32,0
98,-14,0.06657591447234154,25,1
99,9,0.04131998959928751,2,1
100,9,0.034572672098875046,2,1
101,7,0.23492014035582542,4,1
102,10,0.03526633232831955,1,1
103,8,0.041904268165429435,3,1
104,10,0.04094257578253746,1,1
105,7,0.2126201679930091,4,1
106,-1,0.04281368339434266,12,1
107,8,0.03795549956460794,3,1
108,5,0.04139270850767692,6,1
109,-9,0.07585347648710013,20,1
110,7,0.031022258568555117,4,1
111,10,0.027822569012641907,1,1
112,9,0.26130783557891846,2,1
113,7,0.04348461423069239,4,1
114,7,0.04227060824632645,4,1
115,7,0.05507329711690545,4,1
116,7,0.04188373778015375,4,1
117,8,0.03449097244689862,3,1
118,-50,0.08133306715637445,50,0
119,9,0.07292143441736698,2,1
120,7,0.07354766828939319,4,1
121,8,0.05982224519054095,3,1
122,7,0.03448066348209977,4,1
123,10,0.058749690651893616,1,1
124,8,0.2551778430740039,3,1
125,10,0.08472763001918793,1,1
126,-11,0.040247440338134766,2,0
127,-6,0.09113790456424742,17,1
128,8,0.023230355853835743,3,1
129,9,0.09854774922132492,2,1
130,9,0.023100603371858597,2,1
131,10,0.3953099548816681,1,1
132,7,0.03237883420661092,4,1
133,10,0.029038159176707268,1,1
134,9,0.043957822024822235,2,1
135,4,0.2058586874710662,7,1
136,8,0.18377735465765,3,1
137,9,0.109129898250103,2,1
138,10,0.02228451333940029,1,1
139,9,0.0673757903277874,2,1
140,8,0.05071174601713816,3,1
141,5,0.08935817827781041,6,1
142,7,0.06997457146644592,4,1
143,6,0.0390109334141016,5,1
144,5,0.04082808488359054,6,1
145,6,0.03488826006650925,5,1
146,10,0.020271455869078636,1,1
147,9,0.12018403969705105,2,1
148,10,0.024617215618491173,1,1
149,9,0.04335915111005306,2,1
150,8,0.04882067193587621,3,1
151,0,0.07317851568487557,11,1
152,7,0.03969190921634436,4,1
153,9,0.10413770005106926,2,1
154,-50,0.09296456426382065,50,0
155,6,0.02993484362959862,5,1
156,9,0.03927542548626661,2,1
157,10,0.027836604043841362,1,1
158,7,0.13713849941268563,4,1
159,8,0.16879788848261038,3,1
160,10,0.07734382897615433,1,1
161,9,0.028915779665112495,2,1
162,9,0.04681968688964844,2,1
163,10,0.01932414621114731,1,1
164,7,0.04211457492783666,4,1
165,10,0.018329938873648643,1,1
166,10,0.062459006905555725,1,1
167,10,0.03494923189282417,1,1
168,-50,0.07275598319247364,50,0
169,7,0.02720602066256106,4,1
170,10,0.019273454323410988,1,1
171,9,0.056891905143857,2,1
172,7,0.05009597726166248,4,1
173,9,0.07443458028137684,2,1
174,9,0.02069677785038948,2,1
175,7,0.028359130956232548,4,1
176,-4,0.0808012900253137,15,1
177,8,0.04022441742320856,3,1
178,7,0.12935803923755884,4,1
179,8,0.019421773341794808,3,1
180,10,0.03388615697622299,1,1
181,3,0.03963134007062763,8,1
182,8,0.16691364906728268,3,1
183,-6,0.08563906737767599,17,1
184,10,0.05511124059557915,1,1
185,9,0.09134486690163612,2,1
186,4,0.033036616763898304,7,1
187,8,0.030216103419661522,3,1
188,9,0.019175144843757153,2,1
189,9,0.03399110585451126,2,1
190,8,0.051839091504613556,3,1
191,3,0.11673739727120847,8,1
192,9,0.016864660196006298,2,1
193,9,0.055970441084355116,2,1
194,7,0.07752623874694109,4,1
195,9,0.0822906382381916,2,1
196,-50,0.09241387883201241,50,0
197,8,0.10910660028457642,3,1
198,7,0.10134700778871775,4,1
199,8,0.1944977045059204,3,1
200,10,0.17960728704929352,1,1
201,9,0.08856859058141708,2,1
202,8,0.08643930529554684,3,1
203,5,0.09065569378435612,6,1
204,6,0.06010022982954979,5,1
205,7,0.14272934664040804,4,1
206,10,0.04858293756842613,1,1
207,8,0.058092632641394935,3,1
208,6,0.05317959021776915,5,1
209,6,0.040058691427111624,5,1
210,-11,0.053006263449788094,2,0
211,8,0.07193375627199809,3,1
212,9,0.028133289888501167,2,1
213,10,0.06324606388807297,1,1
214,10,0.0905284732580185,1,1
215,8,0.058124142388502754,3,1
216,9,0.019562653731554747,2,1
217,10,0.030904047191143036,1,1
218,10,0.05851684883236885,1,1
219,10,0.02449656091630459,1,1
220,9,0.01655935775488615,2,1
221,7,0.04816512018442154,4,1
222,7,0.038076665718108416,4,1
223,10,0.05095231905579567,1,1
224,10,0.06490982323884964,1,1
225,8,0.05706029882033666,3,1
226,10,0.03968948498368263,1,1
227,-12,0.023290279631813366,3,0
228,8,0.20589582125345865,3,1
229,10,0.5070092082023621,1,1
230,5,0.10708355934669574,6,1
231,-10,0.02115708962082863,1,0
232,10,0.4428187310695648,1,1
233,9,0.037778954952955246,2,1
234,10,0.019062696024775505,1,1
235,7,0.03005588473752141,4,1
236,7,0.12908021942712367,4,1
237,8,0.2137007713317871,3,1
238,9,0.1312604807317257,2,1
239,8,0.035397992158929505,3,1
240,6,0.13785606138408185,5,1
241,9,0.022311963140964508,2,1
242,10,0.0278887040913105,1,1
243,-11,0.07843056532808325,22,1
244,7,0.056728607043623924,4,1
245,8,0.516190767288208,3,1
246,6,0.09995620399713516,5,1
247,8,0.05826944299042225,3,1
248,5,0.09765590106447537,6,1
249,9,0.07014863193035126,2,1
250,8,0.048963124553362526,3,1
251,10,0.0481066070497036,1,1
252,-13,0.0901704840362072,4,0
253,8,0.07160657209654649,3,1
254,-4,0.09206568251053492,15,1
255,7,0.1111411564052105,4,1
256,6,0.06608584448695183,5,1
257,8,0.06937192504604657,3,1
258,7,0.07800474483519793,4,1
259,8,0.05763689956317345,3,1
260,8,0.025294767692685127,3,1
261,9,0.04575527086853981,2,1
262,10,0.0265872273594141,1,1
263,7,0.07840126287192106,4,1
264,7,0.08112461469136178,4,1
265,9,0.02368264552205801,2,1
266,8,0.19211739798386893,3,1
267,10,0.10356555879116058,1,1
268,10,0.013471868820488453,1,1
269,9,0.27126563992351294,2,1
270,6,0.11833440400660038,5,1
271,10,0.08199223130941391,1,1
272,7,0.05222453270107508,4,1
273,5,0.15073613139490286,6,1
274,10,0.16598235070705414,1,1
275,10,0.15798035264015198,1,1
276,7,0.27158517204225063,4,1
277,7,0.17371379770338535,4,1
278,-10,0.0955350250005722,1,0
279,8,0.15491596423089504,3,1
280,8,0.07812719295422237,3,1
281,9,0.09892065264284611,2,1
282,8,0.059604727973540626,3,1
283,9,0.08203035220503807,2,1
284,5,0.1047265933205684,6,1
285,9,0.07003884389996529,2,1
286,6,0.07373957447707653,5,1
287,9,0.05384279601275921,2,1
288,7,0.04850831627845764,4,1
289,10,0.07420436292886734,1,1
290,6,0.07272157594561576,5,1
291,-23,0.16668643720228882,34,1
292,8,0.16890548169612885,3,1
293,8,0.2030503898859024,3,1
294,10,0.3554501533508301,1,1
295,9,0.034423310309648514,2,1
296,6,0.11094924807548523,5,1
297,7,0.17157716816291213,4,1
298,-11,0.07631909474730492,2,0
299,9,0.05251597613096237,2,1
300,1,0.17803709506988524,10,1
301,6,0.05493472814559937,5,1
302,8,0.05086349633832773,3,1
303,7,0.10810143407434225,4,1
304,10,0.12051261216402054,1,1
305,10,0.02157830446958542,1,1
306,8,0.33266599227984744,3,1
307,7,0.10870653158053756,4,1
308,10,0.0709594264626503,1,1
309,7,0.04095079470425844,4,1
310,9,0.044947958551347256,2,1
311,-4,0.13015478427211444,15,1
312,9,0.07044375501573086,2,1
313,7,0.19906125776469707,4,1
314,10,0.037198830395936966,1,1
315,4,0.07745060165013586,7,1
316,5,0.06514721115430196,6,1
317,9,0.02338465303182602,2,1
318,8,0.1530796488126119,3,1
319,10,0.2152823954820633,1,1
320,8,0.15081791579723358,3,1
321,7,0.034365924540907145,4,1
322,8,0.04629974067211151,3,1
323,8,0.10918928931156795,3,1
324,-10,0.12415142357349396,1,0
325,10,0.5649287104606628,1,1
326,9,0.09825917705893517,2,1
327,-16,0.09207181579300336,7,0
328,10,0.11658620089292526,1,1
329,9,0.07081592548638582,2,1
330,10,0.06781145185232162,1,1
331,9,0.039381980895996094,2,1
332,8,0.11295720686515172,3,1
333,8,0.052096471190452576,3,1
334,7,0.08776041213423014,4,1
335,7,0.16822893638163805,4,1
336,8,0.039578872422377266,3,1
337,10,0.46784597635269165,1,1
338,-50,0.09955565694719554,50,0
339,-18,0.10531613365586462,29,1
340,9,0.27769078873097897,2,1
341,-8,0.14657971713888018,19,1
342,9,0.0410030297935009,2,1
343,8,0.05605679998795191,3,1
344,10,0.03382354602217674,1,1
345,5,0.03534562870239218,6,1
346,8,0.04557663947343826,3,1
347,8,0.08272319411238034,3,1
348,7,0.16067063808441162,4,1
349,6,0.052735906839370725,5,1
350,8,0.1339966207742691,3,1
351,7,0.2586058769375086,4,1
352,3,0.06651045195758343,8,1
353,8,0.30069348340233165,3,1
354,9,0.10941604152321815,2,1
355,9,0.020069907419383526,2,1
356,9,0.08291397988796234,2,1
357,8,0.027000362053513527,3,1
358,10,0.024205507710576057,1,1
359,7,0.050187927670776844,4,1
360,8,0.033857268591721855,3,1
361,10,0.058590881526470184,1,1
362,7,0.07120020966976881,4,1
363,-11,0.09375317767262459,2,0
364,9,0.3111001178622246,2,1
365,9,0.05936983786523342,2,1
366,8,0.22758955135941505,3,1
367,6,0.22964722365140916,5,1
368,5,0.07432871125638485,6,1
369,5,0.0675275990118583,6,1
370,9,0.07093073800206184,2,1
371,10,0.4056912660598755,1,1
372,9,0.0266233803704381,2,1
373,9,0.09637664258480072,2,1
374,2,0.08036193882839547,9,1
375,10,0.06413066387176514,1,1
376,-50,0.09695197030901909,50,0
377,-10,0.19638130068778992,1,0
378,8,0.0480568657318751,3,1
379,9,0.0698336036875844,2,1
380,8,0.05751374612251917,3,1
381,6,0.036355726048350336,5,1
382,9,0.06634735129773617,2,1
383,-11,0.5179984420537949,2,0
384,4,0.08684507438114711,7,1
385,8,0.045848884930213295,3,1
386,9,0.0281088724732399,2,1
387,9,0.046494243666529655,2,1
388,10,0.04879983514547348,1,1
389,8,0.035473077868421875,3,1
390,5,0.04559702022622029,6,1
391,9,0.22369586024433374,2,1
392,8,0.04246716946363449,3,1
393,8,0.045094398160775505,3,1
394,10,0.03125794231891632,1,1
395,8,0.045514230926831566,3,1
396,7,0.14180905534885824,4,1
397,7,0.11637023370712996,4,1
398,8,0.04439913729826609,3,1
399,7,0.042364620603621006,4,1
400,7,0.06309940293431282,4,1
401,7,0.03971558273769915,4,1
402,8,0.0598186037192742,3,1
403,8,0.11477296302715938,3,1
404,8,0.07127367580930392,3,1
405,10,0.039967868477106094,1,1
406,10,0.05950886756181717,1,1
407,8,0.037128777553637825,3,1
408,9,0.010541209485381842,2,1
409,8,0.18841412415107092,3,1
410,8,0.034519135331114136,3,1
411,8,0.02797904486457507,3,1
412,-3,0.17323765318308557,14,1
413,9,0.043615102767944336,2,1
414,-48,0.08419051336554381,39,0
415,10,0.08538229018449783,1,1
416,9,0.430752232670784,2,1
417,9,0.07043574005365372,2,1
418,9,0.06415463984012604,2,1
419,9,0.07551131397485733,2,1
420,10,0.1312025487422943,1,1
421,9,0.06194040738046169,2,1
422,8,0.05590743198990822,3,1
423,9,0.0739828385412693,2,1
424,9,0.52399792522192,2,1
425,7,0.039373660925775766,4,1
426,10,0.028414297848939896,1,1
427,9,0.2292683832347393,2,1
428,10,0.03567066416144371,1,1
429,9,0.1179338963702321,2,1
430,9,0.05693070963025093,2,1
431,7,0.045409612357616425,4,1
432,-12,0.02876070700585842,3,0
433,-50,0.1276469577103853,50,0
434,6,0.1559289313852787,5,1
435,-14,0.14607917428016662,25,1
436,5,0.10123542758325736,6,1
437,7,0.03455963218584657,4,1
438,-11,0.4153646379709244,2,0
439,6,0.05305491164326668,5,1
440,10,0.0690157487988472,1,1
441,8,0.31232083837191266,3,1
442,7,0.029804290737956762,4,1
443,9,0.15736668184399605,2,1
444,7,0.0909345424734056,4,1
445,10,0.07935871928930283,1,1
446,8,0.04976497838894526,3,1
447,6,0.20001258626580237,5,1
448,6,0.0807632677257061,5,1
449,9,0.09109393879771233,2,1
450,10,0.01810714602470398,1,1
451,10,0.10320834815502167,1,1
452,10,0.13969962298870087,1,1
453,10,0.05928593873977661,1,1
454,9,0.07443105801939964,2,1
455,8,0.05093172068397204,3,1
456,8,0.0793376447012027,3,1
457,10,0.059317491948604584,1,1
458,10,0.04939691722393036,1,1
459,9,0.19176315609365702,2,1
460,10,0.04550263285636902,1,1
461,6,0.05202544331550598,5,1
462,7,0.12421786040067673,4,1
463,9,0.038198383525013924,2,1
464,8,0.030419035504261654,3,1
465,7,0.07990711089223623,4,1
466,9,0.09204786643385887,2,1
467,8,0.11476183931032817,3,1
468,8,0.09414822856585185,3,1
469,8,0.06314048295219739,3,1
470,9,0.04353773966431618,2,1
471,7,0.03462206944823265,4,1
472,8,0.13492939372857413,3,1
473,9,0.04031765088438988,2,1
474,8,0.07881431157390277,3,1
475,10,0.020313221961259842,1,1
476,7,0.08649176824837923,4,1
477,10,0.043916333466768265,1,1
478,10,0.06786398589611053,1,1
479,7,0.15101645980030298,4,1
480,10,0.06470739096403122,1,1
481,8,0.06185774008433024,3,1
482,8,0.05675753206014633,3,1
483,9,0.24508791603147984,2,1
484,10,0.06612963229417801,1,1
485,7,0.11070226784795523,4,1
486,10,0.0710122361779213,1,1
487,10,0.06853832304477692,1,1
488,10,0.04576835408806801,1,1
489,7,0.08597488701343536,4,1
490,5,0.10926879880328973,6,1
491,8,0.0590132400393486,3,1
492,10,0.023890262469649315,1,1
493,6,0.058487608283758166,5,1
494,-34,0.08651174178553953,45,1
495,9,0.019740745425224304,2,1
496,9,0.036822276189923286,2,1
497,7,0.08419182826764882,4,1
498,9,0.040428170934319496,2,1
499,7,0.036673780414275825,4,1
500,9,0.034574827179312706,2,1
501,7,0.06802636664360762,4,1
502,7,0.22548757400363684,4,1
503,6,0.11550604440271854,5,1
504,10,0.06810528039932251,1,1
505,9,0.04636448621749878,2,1
506,6,0.05684619471430778,5,1
507,10,0.03147047758102417,1,1
508,8,0.20013630390167236,3,1
509,9,0.2076696678996086,2,1
510,8,0.03202279657125473,3,1
511,9,0.02002434805035591,2,1
512,10,0.02668478526175022,1,1
513,9,0.22536705527454615,2,1
514,-9,0.08192648021504283,20,1
515,8,0.030650300284226734,3,1
516,10,0.024700181558728218,1,1
517,6,0.19198236018419265,5,1
518,4,0.06070757444415774,7,1
519,6,0.0318007281050086,5,1
520,-13,0.09519391103337209,24,1
521,6,0.026861352473497392,5,1
522,7,0.06446809787303209,4,1
523,10,0.007777050137519836,1,1
524,9,0.2127759363502264,2,1
525,10,0.008772257715463638,1,1
526,5,0.08544736355543137,6,1
527,10,0.025800786912441254,1,1
528,8,0.09256772510707378,3,1
529,7,0.0467912582680583,4,1
530,8,0.2672244881590207,3,1
531,7,0.04650034382939339,4,1
532,10,0.03570392355322838,1,1
533,5,0.07896131897966067,6,1
534,7,0.03439366305246949,4,1
535,8,0.029027350867787998,3,1
536,8,0.18030420566598573,3,1
537,7,0.04482551384717226,4,1
538,9,0.056934828869998455,2,1
539,9,0.0590892331674695,2,1
540,9,0.043631112203001976,2,1
541,8,0.18747183432181677,3,1
542,7,0.03609081730246544,4,1
543,8,0.06574368104338646,3,1
544,9,0.21214614808559418,2,1
545,7,0.04107269737869501,4,1
546,8,0.16604529973119497,3,1
547,6,0.10943568255752326,5,1
548,8,0.04731212928891182,3,1
549,-30,0.06584440921319694,41,1
550,10,0.04421272128820419,1,1
551,9,0.026227436494082212,2,1
552,7,0.05243315547704697,4,1
553,2,0.12108516361978319,9,1
554,8,0.02453591177860896,3,1
555,10,0.04092435911297798,1,1
556,10,0.025169242173433304,1,1
557,9,0.058870664332062006,2,1
558,9,0.0336654344573617,2,1
559,10,0.03999295458197594,1,1
560,-3,0.0830030736646482,14,1
561,9,0.03847772255539894,2,1
562,9,0.08455915562808514,2,1
563,10,0.038032229989767075,1,1
564,10,0.057324644178152084,1,1
565,8,0.06157394126057625,3,1
566,7,0.16041093040257692,4,1
567,8,0.1890818135191997,3,1
568,8,0.045675572007894516,3,1
569,9,0.05207883007824421,2,1
570,7,0.1632364485412836,4,1
571,-4,0.09420934151858092,15,1
572,9,0.07480044849216938,2,1
573,8,0.18269443015257517,3,1
574,6,0.06728174462914467,5,1
575,7,0.027393633499741554,4,1
576,8,0.058262178053458534,3,1
577,6,0.038892487809062,5,1
578,5,0.05186313996091485,6,1
579,8,0.09177702416976292,3,1
580,7,0.029744017869234085,4,1
581,-30,0.10809650031350009,41,1
582,8,0.18084745605786642,3,1
583,7,0.04576941719278693,4,1
584,7,0.060996963642537594,4,1
585,5,0.06717938107127945,6,1
586,8,0.07195143215358257,3,1
587,7,0.1481178216636181,4,1
588,9,0.03610282391309738,2,1
589,9,0.04872864484786987,2,1
590,7,0.10360823012888432,4,1
591,10,0.059184569865465164,1,1
592,7,0.060263048857450485,4,1
593,7,0.1445928094908595,4,1
594,9,0.08911127783358097,2,1
595,10,0.04637522250413895,1,1
596,9,0.04937698878347874,2,1
597,5,0.06626361049711704,6,1
598,7,0.04745031427592039,4,1
599,-10,0.07596267759799957,1,0
600,9,0.07077068090438843,2,1
601,9,0.02738451398909092,2,1
602,10,0.04924120381474495,1,1
603,8,0.04177522783478101,3,1
604,9,0.2062730984762311,2,1
605,10,0.06632065773010254,1,1
606,9,0.03082904312759638,2,1
607,8,0.022439373036225636,3,1
608,8,0.03924056018392245,3,1
609,7,0.22582124173641205,4,1
610,10,0.04450652003288269,1,1
611,8,0.06413224215308826,3,1
612,10,0.07561486214399338,1,1
613,7,0.06281495373696089,4,1
614,-12,0.08542130266626675,3,0
615,4,0.15109849721193314,7,1
616,7,0.1429047780111432,4,1
617,9,0.04332515597343445,2,1
618,8,0.03483115695416927,3,1
619,10,0.0331120528280735,1,1
620,10,0.13308902084827423,1,1
621,10,0.08300989121198654,1,1
622,6,0.12956877872347833,5,1
623,-2,0.10818246837991935,13,1
624,7,0.09642242174595594,4,1
625,6,0.13195372894406318,5,1
626,6,0.047297288477420804,5,1
627,7,0.028363095596432686,4,1
628,5,0.13350863568484783,6,1
629,9,0.0285691749304533,2,1
630,8,0.058865547801057495,3,1
631,10,0.019680770114064217,1,1
632,10,0.022801559418439865,1,1
633,10,0.0272767823189497,1,1
634,8,0.051353465455273785,3,1
635,8,0.04076554129521052,3,1
636,5,0.08994269122680028,6,1
637,9,0.031459501944482327,2,1
638,7,0.024263050872832537,4,1
639,8,0.054406133790810905,3,1
640,-10,0.06396431475877762,1,0
641,8,0.0639147845407327,3,1
642,8,0.038418530176083245,3,1
643,9,0.22902793623507023,2,1
644,8,0.037882935255765915,3,1
645,9,0.11261327937245369,2,1
646,-7,0.05841413393823637,18,1
647,-11,0.11110461143438112,22,1
648,-30,0.10193227381422752,41,1
649,9,0.05622456409037113,2,1
650,8,0.08873331795136134,3,1
651,2,0.08287774750755893,9,1
652,6,0.044156008213758466,5,1
653,6,0.06087735295295715,5,1
654,7,0.06593625945970416,4,1
655,-3,0.11729700464223113,14,1
656,6,0.1276964869350195,5,1
657,9,0.07924255728721619,2,1
658,9,0.2622334584593773,2,1
659,7,0.16832567565143108,4,1
660,5,0.06489032662163179,6,1
661,9,0.04532177746295929,2,1
662,10,0.3313770294189453,1,1
663,8,0.29879964143037796,3,1
664,8,0.08002771685520808,3,1
665,8,0.06298978626728058,3,1
666,7,0.038463943637907505,4,1
667,7,0.03917177952826023,4,1
668,3,0.10967791348230094,8,1
669,9,0.02432169858366251,2,1
670,10,0.027142025530338287,1,1
671,10,0.0898008644580841,1,1
672,9,0.0609117615967989,2,1
673,8,0.14954964630305767,3,1
674,8,0.03977323385576407,3,1
675,7,0.05097382888197899,4,1
676,8,0.03378432057797909,3,1
677,7,0.11132638342678547,4,1
678,8,0.03528349411984285,3,1
679,10,0.06996029615402222,1,1
680,9,0.0533315259963274,2,1
681,6,0.0341589855030179,5,1
682,6,0.10696081183850766,5,1
683,10,0.0482669472694397,1,1
684,10,0.09756164252758026,1,1
685,8,0.028893498082955677,3,1
686,8,0.13449067001541457,3,1
687,10,0.027918729931116104,1,1
688,10,0.050528861582279205,1,1
689,7,0.05914710741490126,4,1
690,8,0.06264692544937134,3,1
691,10,0.025891462340950966,1,1
692,8,0.07275962829589844,3,1
693,5,0.044082432674864926,6,1
694,7,0.04609103128314018,4,1
695,10,0.045728329569101334,1,1
696,-55,0.081958150146934,46,0
697,9,0.044835749082267284,2,1
698,6,0.13589290268719195,5,1
699,-50,0.07969009149819613,50,0
700,7,0.05680930055677891,4,1
701,7,0.12284405482932925,4,1
702,7,0.10418441379442811,4,1
703,7,0.06391798099502921,4,1
704,6,0.027416976168751717,5,1
705,9,0.050305262207984924,2,1
706,10,0.06072128191590309,1,1
707,8,0.3342815513412158,3,1
708,9,0.04182646982371807,2,1
709,8,0.033492847345769405,3,1
710,5,0.038975077060361706,6,1
711,7,0.10656964965164661,4,1
712,6,0.08194567710161209,5,1
713,6,0.10699882134795188,5,1
714,8,0.031233251715699833,3,1
715,8,0.06766075020035107,3,1
716,10,0.03786929324269295,1,1
717,8,0.15387925505638123,3,1
718,8,0.08751593778530757,3,1
719,9,0.05274951085448265,2,1
720,10,0.06284788995981216,1,1
721,8,0.022810103371739388,3,1
722,7,0.05567051703110337,4,1
723,10,0.058100663125514984,1,1
724,10,0.06874497979879379,1,1
725,10,0.026847779750823975,1,1
726,-2,0.07626172620803118,13,1
727,9,0.09569578245282173,2,1
728,8,0.17297333851456642,3,1
729,10,0.20493021607398987,1,1
730,9,0.09806272946298122,2,1
731,9,0.03062836453318596,2,1
732,10,0.04882380738854408,1,1
733,8,0.16018186757961908,3,1
734,9,0.042496541514992714,2,1
735,9,0.051938002929091454,2,1
736,3,0.04639356769621372,8,1
737,9,0.05999648943543434,2,1
738,9,0.23260526359081268,2,1
739,8,0.0445530836780866,3,1
740,9,0.04358332231640816,2,1
741,-10,0.06444691121578217,1,0
742,-34,0.07352166718078984,45,1
743,-50,0.08432392030954361,50,0
744,9,0.045537758618593216,2,1
745,9,0.037624919787049294,2,1
746,9,0.03171682916581631,2,1
747,8,0.03270335371295611,3,1
748,9,0.08996943011879921,2,1
749,8,0.02712624395887057,3,1
750,9,0.026012489572167397,2,1
751,10,0.01605745032429695,1,1
752,7,0.05365553917363286,4,1
753,9,0.03079166542738676,2,1
754,10,0.02875475585460663,1,1
755,8,0.1371242714424928,3,1
756,8,0.031282259772221245,3,1
757,7,0.027439646888524294,4,1
758,9,0.024028982035815716,2,1
759,10,0.018376179039478302,1,1
760,7,0.035114618483930826,4,1
761,9,0.02782867569476366,2,1
762,9,0.032779332250356674,2,1
763,8,0.050733683009942375,3,1
764,10,0.03167974576354027,1,1
765,7,0.18292368203401566,4,1
766,1,0.04263464976102114,10,1
767,7,0.10256931884214282,4,1
768,10,0.3306941092014313,1,1
769,9,0.13100393489003181,2,1
770,7,0.03639747994020581,4,1
771,10,0.032782506197690964,1,1
772,10,0.02450730837881565,1,1
773,5,0.10875764582306147,6,1
774,7,0.035669495817273855,4,1
775,4,0.07794620096683502,7,1
776,8,0.02187013377745946,3,1
777,8,0.055113501846790314,3,1
778,8,0.057852188125252724,3,1
779,7,0.1193044155370444,4,1
780,7,0.1085409359075129,4,1
781,10,0.03959054499864578,1,1
782,8,0.04064315712700287,3,1
783,6,0.04216230697929859,5,1
784,8,0.11781402677297592,3,1
785,10,0.34087637066841125,1,1
786,7,0.10047920979559422,4,1
787,8,0.05175600697596868,3,1
788,5,0.09164606096843879,6,1
789,4,0.04437787005943911,7,1
790,7,0.15527878887951374,4,1
791,9,0.0532318614423275,2,1
792,10,0.04832611605525017,1,1
793,5,0.062252214488883816,6,1
794,8,0.0669168084859848,3,1
795,8,0.07869185196856658,3,1
796,10,0.06404145807027817,1,1
797,1,0.10567167587578297,10,1
798,9,0.2583035007119179,2,1
799,10,0.09279967844486237,1,1
800,10,0.04907916858792305,1,1
801,10,0.035339679569005966,1,1
802,10,0.15880870819091797,1,1
803,10,0.03157961368560791,1,1
804,10,0.2973833978176117,1,1
805,8,0.06499920537074406,3,1
806,9,0.01944613829255104,2,1
807,9,0.15839837491512299,2,1
808,9,0.09336376562714577,2,1
809,8,0.05327315628528595,3,1
810,9,0.06336444616317749,2,1
811,7,0.04407288832589984,4,1
812,10,0.05981040745973587,1,1
813,9,0.20190166682004929,2,1
814,10,0.013716660439968109,1,1
815,9,0.043534611351788044,2,1
816,-10,0.0394175685942173,1,0
817,-11,0.12321379205042665,22,1
818,-50,0.08141390196979045,50,0
819,9,0.04168420284986496,2,1
820,7,0.04678370151668787,4,1
821,-11,0.2564302496612072,2,0
822,7,0.04192277789115906,4,1
823,8,0.0377554160853227,3,1
824,10,0.018676651641726494,1,1
825,9,0.1566672958433628,2,1
826,-50,0.1077122937142849,50,0
827,9,0.03350811265408993,2,1
828,6,0.08632421530783177,5,1
829,7,0.10185272619128227,4,1
830,7,0.15720998821780086,4,1
831,10,0.02099565789103508,1,1
832,8,0.053070602317651115,3,1
833,9,0.024072445929050446,2,1
834,10,0.018262367695569992,1,1
835,6,0.03567775189876556,5,1
836,5,0.06160702587415775,6,1
837,8,0.04286860798796018,3,1
838,8,0.060898385321100555,3,1
839,-11,0.03127178642898798,2,0
840,-12,0.07377223528759635,23,1
841,9,0.012664387235417962,2,1
842,-10,0.029091525822877884,1,0
843,6,0.03230327181518078,5,1
844,-28,0.15475345207139468,39,1
845,9,0.1293425466865301,2,1
846,9,0.03825356625020504,2,1
847,8,0.051733036835988365,3,1
848,8,0.0801363152762254,3,1
849,9,0.04091088194400072,2,1
850,10,0.041654329746961594,1,1
851,10,0.014004472643136978,1,1
852,-10,0.06453799456357956,1,0
853,-29,0.05061083228792995,40,1
854,10,0.04321755841374397,1,1
855,10,0.0293667521327734,1,1
856,10,0.013323795981705189,1,1
857,9,0.014510496519505978,2,1
858,9,0.022129700519144535,2,1
859,8,0.16243630461394787,3,1
860,8,0.02378679687778155,3,1
861,-50,0.08501686388626695,50,0
862,9,0.10301931574940681,2,1
863,8,0.07813287526369095,3,1
864,-17,0.09042481369605022,28,1
865,8,0.030440279593070347,3,1
866,9,0.08066351339221,2,1
867,8,0.030704582730929058,3,1
868,8,0.1667870736370484,3,1
869,5,0.06937548518180847,6,1
870,10,0.05823882296681404,1,1
871,9,0.2398844063282013,2,1
872,7,0.23144675884395838,4,1
873,8,0.04533521582682928,3,1
874,5,0.12317979025344054,6,1
875,8,0.31645755873372156,3,1
876,-21,0.07296838524052873,32,1
877,7,0.03653513267636299,4,1
878,9,0.025986933149397373,2,1
879,10,0.1837218552827835,1,1
880,9,0.12661127373576164,2,1
881,7,0.13952639792114496,4,1
882,8,0.1099484624962012,3,1
883,8,0.231661440183719,3,1
884,8,0.049967472131053604,3,1
885,8,0.08511846140027046,3,1
886,9,0.0385285634547472,2,1
887,8,0.03567353511850039,3,1
888,10,0.0315476730465889,1,1
889,9,0.023702644743025303,2,1
890,9,0.06261390075087547,2,1
891,7,0.03349663456901908,4,1
892,9,0.024901543743908405,2,1
893,6,0.020616751722991468,5,1
894,9,0.0640963613986969,2,1
895,7,0.13310939026996493,4,1
896,10,0.05329417437314987,1,1
897,10,0.007912006229162216,1,1
898,8,0.04638280098636945,3,1
899,8,0.024947627757986385,3,1
900,10,0.023935647681355476,1,1
901,8,0.06550793163478374,3,1
902,7,0.05038956506177783,4,1
903,10,0.4113531708717346,1,1
904,10,0.229721337556839,1,1
905,9,0.06040709838271141,2,1
906,7,0.03274283744394779,4,1
907,8,0.05207949380079905,3,1
908,10,0.37845805287361145,1,1
909,6,0.017814348451793194,5,1
910,3,0.062370939762331545,8,1
911,10,0.5731433629989624,1,1
912,9,0.038310376927256584,2,1
913,8,0.037556240955988564,3,1
914,10,0.45525699853897095,1,1
915,9,0.07785356231033802,2,1
916,9,0.04917543288320303,2,1
917,7,0.03579519176855683,4,1
918,10,0.052769728004932404,1,1
919,-42,0.042950157753445885,33,0
920,9,0.0993184968829155,2,1
921,9,0.05158224003389478,2,1
922,9,0.0842383112758398,2,1
923,9,0.026629582047462463,2,1
924,7,0.033862038515508175,4,1
925,7,0.05629203002899885,4,1
926,10,0.035485345870256424,1,1
927,8,0.018046054989099503,3,1
928,7,0.1348393214866519,4,1
929,7,0.11842956230975688,4,1
930,-50,0.058091224897652866,50,0
931,8,0.07825852185487747,3,1
932,9,0.039294445887207985,2,1
933,7,0.10022714408114552,4,1
934,9,0.0374147891998291,2,1
935,9,0.0500255711376667,2,1
936,8,0.023811458920439083,3,1
937,8,0.1348103086153666,3,1
938,-15,0.05481873809670409,6,0
939,10,0.10237453132867813,1,1
940,8,0.02034579465786616,3,1
941,4,0.06492715182581119,7,1
942,6,0.057753856852650644,5,1
943,8,0.038847907135883965,3,1
944,8,0.041543975472450256,3,1
945,10,0.03808599337935448,1,1
946,8,0.043089731906851135,3,1
947,6,0.03378124330192804,5,1
948,10,0.10553382337093353,1,1
949,7,0.03684590011835098,4,1
950,10,0.34820225834846497,1,1
951,9,0.017336524091660976,2,1
952,10,0.016167135909199715,1,1
953,8,0.05261710099875927,3,1
954,6,0.046475983783602716,5,1
955,7,0.1327019790187478,4,1
956,-1,0.09424890934800108,12,1
957,9,0.03710607159882784,2,1
958,10,0.028877124190330505,1,1
959,9,0.04062335751950741,2,1
960,-28,0.06205051492613096,39,1
961,4,0.040266504511237144,7,1
962,-16,0.04074532438621477,27,1
963,7,0.06233246345072985,4,1
964,7,0.020389886340126395,4,1
965,8,0.027208204691608746,3,1
966,8,0.11924941341082256,3,1
967,10,0.011339282616972923,1,1
968,-10,0.025117704644799232,1,0
969,10,0.02416924573481083,1,1
970,8,0.022317629928390186,3,1
971,7,0.06788660539314151,4,1
972,10,0.01763564720749855,1,1
973,8,0.02845466509461403,3,1
974,-50,0.04365659705363214,50,0
975,8,0.19178573600947857,3,1
976,-18,0.13596719429539195,29,1
977,7,0.04958813078701496,4,1
978,9,0.0319528141990304,2,1
979,9,0.1978963240981102,2,1
980,9,0.024809659458696842,2,1
981,5,0.12358822301030159,6,1
982,7,0.11646464699879289,4,1
983,8,0.2559622998038928,3,1
984,9,0.042008234187960625,2,1
985,-50,0.044029717268422246,50,0
986,9,0.024025323800742626,2,1
987,6,0.02694844137877226,5,1
988,8,0.023167065034310024,3,1
989,-50,0.05487345958128571,50,0
990,9,0.015039111487567425,2,1
991,8,0.019558370113372803,3,1
992,8,0.020469074758390587,3,1
993,5,0.09673004318028688,6,1
994,8,0.04845517501235008,3,1
995,7,0.14653512183576822,4,1
996,10,0.08479244261980057,1,1
997,-10,0.0237522441893816,1,0
998,10,0.0831509679555893,1,1
999,8,0.033652509252230324,3,1
1000,10,0.022168461233377457,1,1
1,-10,0.028185589239001274,1,0
2,7,0.03660081699490547,4,1
3,-28,0.04598219486835756,19,0
4,9,0.49332553148269653,2,1
5,9,0.0639549121260643,2,1
6,9,0.02885986864566803,2,1
7,10,0.009068520739674568,1,1
8,10,0.012352602556347847,1,1
9,8,0.014201213295261065,3,1
10,-50,0.07345935594290495,50,0
11,7,0.0693726148456335,4,1
12,9,0.024373850785195827,2,1
13,9,0.21946682082489133,2,1
14,8,0.09454181759307782,3,1
15,7,0.1839083363302052,4,1
16,7,0.031217037001624703,4,1
17,10,0.020166631788015366,1,1
18,6,0.08004523180425167,5,1
19,3,0.042302573565393686,8,1
20,8,0.03441006628175577,3,1
21,10,0.05856921151280403,1,1
22,8,0.025302821770310402,3,1
23,7,0.03771682549268007,4,1
24,-50,0.07902316506952048,50,0
25,7,0.0688911871984601,4,1
26,9,0.06247735861688852,2,1
27,7,0.0392741528339684,4,1
28,6,0.05669332332909107,5,1
29,6,0.045121462643146516,5,1
30,10,0.020381152629852295,1,1
31,7,0.04694132483564317,4,1
32,6,0.13839938826858997,5,1
33,7,0.031734165735542774,4,1
34,7,0.041890633292496204,4,1
35,8,0.11309891069928805,3,1
36,8,0.06259895861148834,3,1
37,6,0.03537065666168928,5,1
38,7,0.06232044450007379,4,1
39,5,0.06908354877183835,6,1
40,-50,0.07210337806493045,50,0
41,-50,0.07337047129869462,50,0
42,8,0.12078788628180821,3,1
43,7,0.05533249489963055,4,1
44,10,0.054085955023765564,1,1
45,10,0.06365321576595306,1,1
46,9,0.11551368609070778,2,1
47,10,0.028231004253029823,1,1
48,5,0.04806033335626125,6,1
49,7,0.1665809378027916,4,1
50,10,0.022189941257238388,1,1
51,9,0.059418970718979836,2,1
52,10,0.02464880980551243,1,1
53,9,0.02885508816689253,2,1
54,10,0.02187967859208584,1,1
55,5,0.03946282450730602,6,1
56,8,0.034635983407497406,3,1
57,7,0.07308728666976094,4,1
58,10,0.016395075246691704,1,1
59,-4,0.09473230727016926,15,1
60,5,0.0428726173316439,6,1
61,8,0.159475219125549,3,1
62,5,0.18872301373630762,6,1
63,8,0.01857694300512473,3,1
64,10,0.02578883245587349,1,1
65,-1,0.16157075172911087,12,1
66,8,0.01804473903030157,3,1
67,9,0.23667881451547146,2,1
68,9,0.16469162702560425,2,1
69,7,0.05870654247701168,4,1
70,8,0.035089015339811645,3,1
71,8,0.040681673834721245,3,1
72,8,0.06435644750793774,3,1
73,10,0.12122318148612976,1,1
74,10,0.027283838018774986,1,1
75,8,0.03923035102585951,3,1
76,9,0.018120320979505777,2,1
77,7,0.030297267716377974,4,1
78,9,0.03297098632901907,2,1
79,9,0.03596341144293547,2,1
80,9,0.060938093811273575,2,1
81,-50,0.06541751896962524,50,0
82,9,0.05136322230100632,2,1
83,8,0.024663907165328663,3,1
84,7,0.05621432140469551,4,1
85,8,0.03615588198105494,3,1
86,9,0.04384393058717251,2,1
87,8,0.022486828888456028,3,1
88,9,0.04699343629181385,2,1
89,-50,0.059942888040095565,50,0
90,9,0.06860010698437691,2,1
91,9,0.10032262653112411,2,1
92,4,0.0457665603607893,7,1
93,-1,0.09324911671380202,12,1
94,8,0.0350207065542539,3,1
95,6,0.06062076650559902,5,1
96,7,0.04864464374259114,4,1
97,9,0.07085107825696468,2,1
98,10,0.029157593846321106,1,1
99,10,0.396219402551651,1,1
100,-14,0.052700386568903926,5,0
101,9,0.028376640286296606,2,1
102,7,0.18362681567668915,4,1
103,9,0.044417163357138634,2,1
104,9,0.07259983848780394,2,1
105,8,0.05353328647712866,3,1
106,-22,0.04399461146782745,33,1
107,10,0.02235877327620983,1,1
108,8,0.04311924365659555,3,1
109,-10,0.07827163966638702,21,1
110,9,0.05314432084560394,2,1
111,10,0.05415027588605881,1,1
112,8,0.040501950308680534,3,1
113,-50,0.0773670294135809,50,0
114,9,0.029658720828592777,2,1
115,9,0.027388235554099083,2,1
116,9,0.043571218848228455,2,1
117,5,0.01980641856789589,6,1
118,8,0.06220449134707451,3,1
119,9,0.0519427340477705,2,1
120,9,0.01987797999754548,2,1
121,8,0.013297753098110357,3,1
122,9,0.11537622287869453,2,1
123,9,0.24155346117913723,2,1
124,7,0.1656027464196086,4,1
125,10,0.13553009927272797,1,1
126,10,0.06862518191337585,1,1
127,8,0.09822875012954076,3,1
128,10,0.06797187775373459,1,1
129,7,0.04082039184868336,4,1
130,7,0.04216861305758357,4,1
131,7,0.03597878711298108,4,1
132,10,0.08320223540067673,1,1
133,-4,0.07067537953456243,15,1
134,6,0.03707801662385464,5,1
135,10,0.025174876675009727,1,1
136,8,0.04448592786987623,3,1
137,-10,0.05556829459965229,21,1
138,7,0.07247248850762844,4,1
139,5,0.1066912120829026,6,1
140,-10,0.06554540991783142,1,0
141,5,0.11602522153407335,6,1
142,8,0.07512395208080609,3,1
143,10,0.031203392893075943,1,1
144,-50,0.06893185418099165,50,0
145,9,0.061304861679673195,2,1
146,8,0.03285587951540947,3,1
147,10,0.03789641335606575,1,1
148,9,0.0237521817907691,2,1
149,10,0.05215083435177803,1,1
150,7,0.0430540326051414,4,1
151,6,0.0656979389488697,5,1
152,9,0.04949357733130455,2,1
153,8,0.04638495606680711,3,1
154,-18,0.04511697529333419,29,1
155,6,0.038084288313984874,5,1
156,10,0.01713041216135025,1,1
157,7,0.02215662458911538,4,1
158,-10,0.018423374742269516,1,0
159,10,0.026462189853191376,1,1
160,10,0.01565336063504219,1,1
161,5,0.02823148698856433,6,1
162,8,0.018983214472730953,3,1
163,8,0.21844341357549033,3,1
164,8,0.05657461037238439,3,1
165,3,0.03527776792179793,8,1
166,10,0.08701721578836441,1,1
167,9,0.027605533599853516,2,1
168,8,0.05222564128537973,3,1
169,3,0.029604578739963472,8,1
170,10,0.006707258988171816,1,1
171,9,0.05590337701141834,2,1
172,10,0.05577686429023743,1,1
173,9,0.07228069473057985,2,1
174,4,0.05747194734535047,7,1
175,10,0.07025418430566788,1,1
176,9,0.060996053740382195,2,1
177,-9,0.06453149942681194,20,1
178,8,0.026619780187805493,3,1
179,7,0.0316402860917151,4,1
180,9,0.07284990698099136,2,1
181,10,0.020320996642112732,1,1
182,9,0.08092492632567883,2,1
183,6,0.05373138077557087,5,1
184,6,0.13051193170249462,5,1
185,7,0.06614067265763879,4,1
186,-11,0.06260042637586594,2,0
187,8,0.08527197937170665,3,1
188,-12,0.0866834291567405,3,0
189,7,0.042518037371337414,4,1
190,8,0.023148412505785625,3,1
191,7,0.053232225589454174,4,1
192,9,0.022163513116538525,2,1
193,8,0.06217183545231819,3,1
194,9,0.0584449078887701,2,1
195,10,0.05762358009815216,1,1
196,10,0.04235665872693062,1,1
197,9,0.08630906976759434,2,1
198,9,0.05639700032770634,2,1
199,7,0.0568220354616642,4,1
200,8,0.18647263261179128,3,1
201,8,0.04934464084605376,3,1
202,7,0.06421447219327092,4,1
203,10,0.06823886930942535,1,1
204,8,0.21929349998633066,3,1
205,7,0.29715791158378124,4,1
206,-12,0.06455740539114112,23,1
207,7,0.0462747304700315,4,1
208,8,0.07418768977125485,3,1
209,10,0.047451604157686234,1,1
210,5,0.11814969467620055,6,1
211,8,0.027371302247047424,3,1
212,6,0.045622704178094865,5,1
213,10,0.04456985741853714,1,1
214,10,0.07539531588554382,1,1
215,7,0.15018308232538402,4,1
216,7,0.1551776397973299,4,1
217,5,0.041687091502050556,6,1
218,9,0.034463971853256226,2,1
219,9,0.03890973702073097,2,1
220,8,0.07269734392563502,3,1
221,7,0.03845239314250648,4,1
222,7,0.01719289692118764,4,1
223,8,0.05244192325820526,3,1
224,7,0.028537632431834936,4,1
225,-26,0.0808516191866468,17,0
226,6,0.14979996718466282,5,1
227,9,0.04603751748800278,2,1
228,9,0.11176050081849098,2,1
229,7,0.13401034544222057,4,1
230,9,0.026180535554885864,2,1
231,8,0.18183215831716856,3,1
232,9,0.040432858280837536,2,1
233,8,0.04120822623372078,3,1
234,9,0.03461372759193182,2,1
235,4,0.03157723455556801,7,1
236,10,0.02693006582558155,1,1
237,9,0.28026885725557804,2,1
238,9,0.01786251086741686,2,1
239,8,0.01863220240920782,3,1
240,10,0.49574369192123413,1,1
241,8,0.04662199939290682,3,1
242,9,0.25193485151976347,2,1
243,7,0.05023590358905494,4,1
244,8,0.05408608913421631,3,1
245,8,0.049493671084443726,3,1
246,9,0.03392762131989002,2,1
247,7,0.051169239450246096,4,1
248,7,0.025098886340856552,4,1
249,8,0.18273438171794018,3,1
250,-12,0.038913087298472725,3,0
251,9,0.02531459741294384,2,1
252,9,0.055608104914426804,2,1
253,9,0.052157359197735786,2,1
254,7,0.05830239737406373,4,1
255,7,0.024250088492408395,4,1
256,-3,0.055273083969950676,14,1
257,7,0.08620048314332962,4,1
258,9,0.04235624149441719,2,1
259,9,0.08182984590530396,2,1
260,7,0.1513649164699018,4,1
261,8,0.2168650565048059,3,1
262,5,0.08648126696546872,6,1
263,10,0.5832075476646423,1,1
264,9,0.28322359919548035,2,1
265,9,0.023662712424993515,2,1
266,4,0.05037468485534191,7,1
267,10,0.01230935100466013,1,1
268,7,0.3011671416461468,4,1
269,8,0.03188486893971761,3,1
270,8,0.03678949705014626,3,1
271,10,0.046267591416835785,1,1
272,7,0.20055447844788432,4,1
273,7,0.05878094490617514,4,1
274,10,0.10151420533657074,1,1
275,8,0.06050192813078562,3,1
276,8,0.05018205568194389,3,1
277,9,0.03774544922634959,2,1
278,8,0.062274822344382606,3,1
279,9,0.05145453102886677,2,1
280,10,0.04742085933685303,1,1
281,8,0.017367686455448467,3,1
282,9,0.04480106569826603,2,1
283,10,0.061495326459407806,1,1
284,8,0.23282483716805777,3,1
285,7,0.19162323512136936,4,1
286,9,0.024976988323032856,2,1
287,9,0.029311981052160263,2,1
288,10,0.02937673032283783,1,1
289,3,0.14582046610303223,8,1
290,7,0.2536684996448457,4,1
291,8,0.03812286506096522,3,1
292,8,0.021241509666045506,3,1
293,9,0.01625154074281454,2,1
294,10,0.5277054309844971,1,1
295,9,0.2494121566414833,2,1
296,9,0.02229319792240858,2,1
297,7,0.043861471116542816,4,1
298,-50,0.09209608484059573,50,0
299,6,0.12332418113946915,5,1
300,8,0.19526282822092375,3,1
301,9,0.0226794620975852,2,1
302,10,0.031061740592122078,1,1
303,6,0.13803306557238101,5,1
304,9,0.023590185213834047,2,1
305,6,0.046161990612745285,5,1
306,8,0.045230346421400704,3,1
307,8,0.26495979167521,3,1
308,-10,0.03045603632926941,1,0
309,8,0.028313242209454376,3,1
310,8,0.18595427771409354,3,1
311,7,0.03358283964917064,4,1
312,8,0.0724411675085624,3,1
313,7,0.03907941421493888,4,1
314,9,0.03952005784958601,2,1
315,-14,0.08946769323199988,25,1
316,7,0.029891605488955975,4,1
317,6,0.07425034418702126,5,1
318,10,0.032767895609140396,1,1
319,9,0.0594586580991745,2,1
320,8,0.21109621971845627,3,1
321,8,0.027073097104827564,3,1
322,10,0.05181216448545456,1,1
323,10,0.032956574112176895,1,1
324,10,0.025379296392202377,1,1
325,7,0.1346641881391406,4,1
326,9,0.09898378327488899,2,1
327,8,0.17579369122783342,3,1
328,10,0.06335610896348953,1,1
329,6,0.07385501265525818,5,1
330,-13,0.09896816530575354,24,1
331,7,0.14444770803675056,4,1
332,9,0.06184457056224346,2,1
333,9,0.05804324708878994,2,1
334,7,0.1460404577665031,4,1
335,8,0.19562727212905884,3,1
336,8,0.17689823669691881,3,1
337,9,0.027575143612921238,2,1
338,8,0.12626488755146661,3,1
339,9,0.05146258510649204,2,1
340,-50,0.0937559223920107,50,0
341,10,0.02230573073029518,1,1
342,8,0.19523375357190767,3,1
343,7,0.039652768056839705,4,1
344,7,0.03869408252649009,4,1
345,10,0.508213996887207,1,1
346,8,0.04065743709603945,3,1
347,8,0.05914179980754852,3,1
348,8,0.1886108350008726,3,1
349,7,0.05112704262137413,4,1
350,9,0.09700974822044373,2,1
351,8,0.05074560393889745,3,1
352,10,0.06312747299671173,1,1
353,7,0.07868578191846609,4,1
354,10,0.05213889852166176,1,1
355,6,0.054676280915737153,5,1
356,-11,0.038728307001292706,2,0
357,7,0.1568633895367384,4,1
358,8,0.032592003544171654,3,1
359,9,0.2559934891760349,2,1
360,10,0.07779211550951004,1,1
361,8,0.0801153468588988,3,1
362,-13,0.07930411817505956,24,1
363,8,0.06788197966913383,3,1
364,9,0.037048086524009705,2,1
365,9,0.06257492862641811,2,1
366,-27,0.0776290907769611,38,1
367,10,0.03011053428053856,1,1
368,6,0.07356472983956337,5,1
369,10,0.38869690895080566,1,1
370,10,0.05842718109488487,1,1
371,5,0.10018620515863101,6,1
372,9,0.06993743032217026,2,1
373,8,0.02503049746155739,3,1
374,9,0.04097933042794466,2,1
375,7,0.13073313515633345,4,1
376,7,0.045585429295897484,4,1
377,8,0.04832791412870089,3,1
378,-50,0.05748546827584505,50,0
379,8,0.14355678918461004,3,1
380,-50,0.12294051269069314,50,0
381,8,0.03325552182892958,3,1
382,7,0.09072217810899019,4,1
383,8,0.04679719234506289,3,1
384,8,0.10843089471260707,3,1
385,5,0.12480735126882792,6,1
386,9,0.07909236289560795,2,1
387,6,0.07792126685380936,5,1
388,10,0.0349404476583004,1,1
389,6,0.06330351755023003,5,1
390,8,0.1233224372069041,3,1
391,10,0.03765953332185745,1,1
392,8,0.062229533990224205,3,1
393,9,0.06348570808768272,2,1
394,9,0.026958786882460117,2,1
395,9,0.03522695880383253,2,1
396,10,0.07439731806516647,1,1
397,8,0.040217241893212,3,1
398,8,0.013848602771759033,3,1
399,9,0.03412777651101351,2,1
400,-5,0.11357627541292459,16,1
401,10,0.10923779755830765,1,1
402,9,0.05382187105715275,2,1
403,9,0.03188704885542393,2,1
404,-30,0.07833377378652008,41,1
405,9,0.05552643723785877,2,1
406,9,0.0705164484679699,2,1
407,-10,0.04438834264874458,1,0
408,-50,0.06862727969884873,50,0
409,8,0.14894454181194305,3,1
410,8,0.05291701232393583,3,1
411,9,0.09871703200042248,2,1
412,9,0.032548622228205204,2,1
413,6,0.06312844157218933,5,1
414,8,0.10466115983823936,3,1
415,10,0.02881011925637722,1,1
416,10,0.03342054784297943,1,1
417,9,0.06726956367492676,2,1
418,9,0.04882466420531273,2,1
419,9,0.021564915776252747,2,1
420,7,0.08444733079522848,4,1
421,7,0.06708910781890154,4,1
422,3,0.12491948902606964,8,1
423,10,0.11037062108516693,1,1
424,9,0.03875240217894316,2,1
425,7,0.06127758417278528,4,1
426,10,0.060040559619665146,1,1
427,8,0.07332660009463628,3,1
428,6,0.05425514206290245,5,1
429,8,0.06947287544608116,3,1
430,8,0.10890688622991244,3,1
431,7,0.04321446642279625,4,1
432,10,0.09382966160774231,1,1
433,9,0.03329619951546192,2,1
434,9,0.03757846914231777,2,1
435,5,0.047754782562454544,6,1
436,9,0.3140203580260277,2,1
437,8,0.04414576354126135,3,1
438,-50,0.069629130885005,50,0
439,-37,0.05574675013000766,48,1
440,-3,0.048030028119683266,14,1
441,9,0.03375646099448204,2,1
442,10,0.03265547752380371,1,1
443,8,0.038489433005452156,3,1
444,8,0.10855488603313763,3,1
445,9,0.17428154963999987,2,1
446,8,0.10146970301866531,3,1
447,9,0.08627372980117798,2,1
448,8,0.0495180773238341,3,1
449,-10,0.03742162883281708,1,0
450,8,0.038830396408836045,3,1
451,7,0.05214370973408222,4,1
452,8,0.044272138426701226,3,1
453,10,0.025447417050600052,1,1
454,7,0.07372414320707321,4,1
455,6,0.0711813136935234,5,1
456,8,0.0402430302153031,3,1
457,9,0.0607161670923233,2,1
458,6,0.13236298114061357,5,1
459,7,0.18296076077967882,4,1
460,8,0.03550080334146818,3,1
461,8,0.03438849871357282,3,1
462,9,0.0288406228646636,2,1
463,8,0.17870963861544928,3,1
464,6,0.04759759977459908,5,1
465,10,0.06224442273378372,1,1
466,10,0.07961571216583252,1,1
467,7,0.07217086106538773,4,1
468,10,0.08505555987358093,1,1
469,9,0.04289393313229084,2,1
470,7,0.06619064509868622,4,1
471,9,0.08831659704446793,2,1
472,9,0.04578570928424597,2,1
473,7,0.09765934571623802,4,1
474,8,0.04912457739313444,3,1
475,8,0.07253078371286392,3,1
476,9,0.09952451661229134,2,1
477,10,0.06903509795665741,1,1
478,-10,0.03921905905008316,1,0
479,9,0.06731479242444038,2,1
480,10,0.029530130326747894,1,1
481,10,0.0656459778547287,1,1
482,7,0.04291386320255697,4,1
483,7,0.09528001677244902,4,1
484,8,0.04140217353900274,3,1
485,9,0.04281946271657944,2,1
486,10,0.027388818562030792,1,1
487,6,0.03052130024880171,5,1
488,8,0.06464452669024467,3,1
489,8,0.046515783915917076,3,1
490,9,0.07291732728481293,2,1
491,6,0.10193459633737803,5,1
492,-50,0.0625280812010169,50,0
493,6,0.028512416407465935,5,1
494,9,0.036593878641724586,2,1
495,8,0.19167602714151144,3,1
496,9,0.1274780035018921,2,1
497,9,0.051723234355449677,2,1
498,8,0.04540494581063589,3,1
499,10,0.027206426486372948,1,1
500,6,0.03329708352684975,5,1
501,6,0.03189606033265591,5,1
502,10,0.025198789313435555,1,1
503,10,0.020611735060811043,1,1
504,10,0.015317922458052635,1,1
505,6,0.04121119901537895,5,1
506,-50,0.0641831794474274,50,0
507,7,0.04249546444043517,4,1
508,8,0.05450508619348208,3,1
509,8,0.14839960634708405,3,1
510,7,0.24889953061938286,4,1
511,-26,0.05056887052047092,37,1
512,3,0.07010417617857456,8,1
513,7,0.04520641639828682,4,1
514,6,0.11315382793545722,5,1
515,7,0.13168545486405492,4,1
516,10,0.04607461392879486,1,1
517,10,0.02045181393623352,1,1
518,9,0.0380548145622015,2,1
519,10,0.035408858209848404,1,1
520,8,0.04658930997053782,3,1
521,10,0.03649379685521126,1,1
522,6,0.05226786620914936,5,1
523,8,0.03789760358631611,3,1
524,4,0.023294481981013502,7,1
525,10,0.042246729135513306,1,1
526,-5,0.07604471681406721,16,1
527,7,0.1531762294471264,4,1
528,5,0.12713865377008915,6,1
529,10,0.05704554542899132,1,1
530,9,0.0917310081422329,2,1
531,-10,0.03775399923324585,1,0
532,6,0.048669136315584186,5,1
533,9,0.03927444666624069,2,1
534,9,0.03255521412938833,2,1
535,9,0.05217159911990166,2,1
536,9,0.03405785746872425,2,1
537,8,0.03452871615688006,3,1
538,8,0.06224551238119602,3,1
539,8,0.057975322008132935,3,1
540,9,0.045403169468045235,2,1
541,9,0.05630026198923588,2,1
542,7,0.1390655729919672,4,1
543,8,0.04384302099545797,3,1
544,-29,0.06611775388009847,40,1
545,9,0.03126975707709789,2,1
546,7,0.027272889157757163,4,1
547,-29,0.04036569749005139,20,0
548,-12,0.034251257156332336,3,0
549,7,0.0584509763866663,4,1
550,6,0.2090292476117611,5,1
551,9,0.031892867758870125,2,1
552,7,0.025502022821456194,4,1
553,8,0.036539273957411446,3,1
554,8,0.057762802888949714,3,1
555,9,0.43947498593479395,2,1
556,10,0.018583757802844048,1,1
557,8,0.03455980556706587,3,1
558,-11,0.30130807776004076,2,0
559,10,0.08734627813100815,1,1
560,7,0.12666994333267212,4,1
561,7,0.028462633956223726,4,1
562,9,0.020868822932243347,2,1
563,6,0.28036976531147956,5,1
564,9,0.373398020863533,2,1
565,8,0.02992347627878189,3,1
566,-11,0.019269694574177265,2,0
567,7,0.034138665068894625,4,1
568,8,0.05744379758834839,3,1
569,7,0.02464747056365013,4,1
570,8,0.052440185099840164,3,1
571,9,0.026271757669746876,2,1
572,9,0.04089217260479927,2,1
573,9,0.128734914585948,2,1
574,8,0.03586575264732043,3,1
575,10,0.036770500242710114,1,1
576,9,0.021153639070689678,2,1
577,9,0.035471318289637566,2,1
578,9,0.03964843600988388,2,1
579,10,0.012908880598843098,1,1
580,10,0.5744234323501587,1,1
581,9,0.2109301369637251,2,1
582,8,0.05130643676966429,3,1
583,9,0.030723075848072767,2,1
584,7,0.06567420158535242,4,1
585,-13,0.10942762368358672,24,1
586,7,0.05851885746233165,4,1
587,8,0.027034766972064972,3,1
588,9,0.07044975087046623,2,1
589,10,0.017558934167027473,1,1
590,9,0.026896946597844362,2,1
591,7,0.0730821960605681,4,1
592,10,0.014993185177445412,1,1
593,9,0.06402413174510002,2,1
594,9,0.20021729916334152,2,1
595,6,0.2096382688730955,5,1
596,10,0.6400455236434937,1,1
597,9,0.2096950951963663,2,1
598,10,0.0475526824593544,1,1
599,8,0.0571347177028656,3,1
600,4,0.048474692340408056,7,1
601,10,0.01716204546391964,1,1
602,8,0.02275180257856846,3,1
603,7,0.057246231473982334,4,1
604,8,0.030327678347627323,3,1
605,9,0.010543274693191051,2,1
606,8,0.021333835708598297,3,1
607,8,0.03190295149882635,3,1
608,10,0.07666999846696854,1,1
609,6,0.11267970446497202,5,1
610,9,0.07164377719163895,2,1
611,7,0.042186675826087594,4,1
612,9,0.020514126867055893,2,1
613,7,0.04618471022695303,4,1
614,6,0.11298616230487823,5,1
615,10,0.08000123500823975,1,1
616,9,0.06482765637338161,2,1
617,-50,0.09075857490301133,50,0
618,-22,0.11630992726846175,33,1
619,-17,0.07538730963798505,28,1
620,7,0.03440072969533503,4,1
621,9,0.06916334107518196,2,1
622,-24,0.07567836660891772,15,0
623,8,0.06847079222400983,3,1
624,9,0.31876687332987785,2,1
625,10,0.04345584660768509,1,1
626,7,0.2505609570071101,4,1
627,6,0.038447095081210136,5,1
628,5,0.07764044031500816,6,1
629,10,0.047679439187049866,1,1
630,9,0.05698129162192345,2,1
631,8,0.06418314389884472,3,1
632,8,0.024974367581307888,3,1
633,6,0.04028315506875515,5,1
634,9,0.06219520419836044,2,1
635,10,0.012180760502815247,1,1
636,9,0.0407570106908679,2,1
637,-1,0.052297545752177634,12,1
638,7,0.17052781581878662,4,1
639,-50,0.08688035514205694,50,0
640,8,0.06007771690686544,3,1
641,9,0.060345329344272614,2,1
642,-16,0.08255652055420258,27,1
643,10,0.08234052360057831,1,1
644,9,0.015431615523993969,2,1
645,9,0.03477742522954941,2,1
646,-33,0.043651560808277944,44,1
647,10,0.0178395826369524,1,1
648,9,0.04677996225655079,2,1
649,7,0.13932894729077816,4,1
650,8,0.02737870905548334,3,1
651,10,0.025229597464203835,1,1
652,6,0.02113843560218811,5,1
653,8,0.049621790647506714,3,1
654,9,0.31096999160945415,2,1
655,7,0.06562179094180465,4,1
656,6,0.07419167160987854,5,1
657,10,0.2649821639060974,1,1
658,8,0.040974296629428864,3,1
659,-5,0.10085479641566053,16,1
660,10,0.06681247055530548,1,1
661,10,0.02848067507147789,1,1
662,8,0.19218751477698484,3,1
663,9,0.015002435073256493,2,1
664,9,0.35158704314380884,2,1
665,7,0.0333650610409677,4,1
666,9,0.01575867459177971,2,1
667,9,0.015875250101089478,2,1
668,-10,0.15470486879348755,1,0
669,7,0.018920424859970808,4,1
670,-7,0.04280348292862376,18,1
671,7,0.13961326610296965,4,1
672,8,0.08604198383788268,3,1
673,7,0.0699924889486283,4,1
674,9,0.054222000762820244,2,1
675,8,0.033302778378129005,3,1
676,8,0.020770436773697536,3,1
677,8,0.014049585442990065,3,1
678,10,0.05506668984889984,1,1
679,-45,0.05518172145821154,36,0
680,7,0.17451184336096048,4,1
681,7,0.14235122501850128,4,1
682,6,0.05368144363164902,5,1
683,-50,0.07555892340838909,50,0
684,7,0.035887501668184996,4,1
685,10,0.12674511969089508,1,1
686,10,0.02224089577794075,1,1
687,7,0.11693140515126288,4,1
688,6,0.030301070399582387,5,1
689,6,0.06070414483547211,5,1
690,9,0.16383764892816544,2,1
691,8,0.03588001585255066,3,1
692,6,0.013329291436821222,5,1
693,8,0.17382060115536055,3,1
694,8,0.02597051626071334,3,1
695,6,0.04635027758777142,5,1
696,5,0.04302345604325334,6,1
697,7,0.016947438358329237,4,1
698,8,0.027268698749442894,3,1
699,8,0.0522134800752004,3,1
700,10,0.07916592061519623,1,1
701,6,0.04707163125276566,5,1
702,7,0.08443965297192335,4,1
703,6,0.12284163013100624,5,1
704,4,0.0984974035194942,7,1
705,9,0.10211547464132309,2,1
706,9,0.04559620190411806,2,1
707,9,0.022359123453497887,2,1
708,10,0.05336400121450424,1,1
709,10,0.031022649258375168,1,1
710,10,0.01199426781386137,1,1
711,5,0.03161350327233473,6,1
712,10,0.035783570259809494,1,1
713,10,0.1012129858136177,1,1
714,9,0.05908054672181606,2,1
715,8,0.026635950120786827,3,1
716,-8,0.07219363611779715,19,1
717,8,0.0340540191779534,3,1
718,10,0.014657750725746155,1,1
719,8,0.09994837207098801,3,1
720,7,0.0174123989418149,4,1
721,7,0.03963045938871801,4,1
722,-50,0.05027442360296845,50,0
723,8,0.023947833726803463,3,1
724,9,0.019953858572989702,2,1
725,8,0.35377627921601135,3,1
726,9,0.029933080077171326,2,1
727,10,0.009286466985940933,1,1
728,9,0.025165832601487637,2,1
729,5,0.022401186482359964,6,1
730,5,0.04517354971418778,6,1
731,8,0.02505351168413957,3,1
732,9,0.022381287068128586,2,1
733,9,0.023939323145896196,2,1
734,8,0.03781516042848428,3,1
735,6,0.04363544974476099,5,1
736,9,0.0819791778922081,2,1
737,6,0.02302635982632637,5,1
738,7,0.027762969257310033,4,1
739,10,0.007503130007535219,1,1
740,-50,0.0529052297398448,50,0
741,9,0.04185106139630079,2,1
742,5,0.10520289015645783,6,1
743,7,0.051108743995428085,4,1
744,8,0.17501274993022284,3,1
745,7,0.0387852150015533,4,1
746,9,0.18222534283995628,2,1
747,8,0.08916448677579562,3,1
748,9,0.06300645880401134,2,1
749,8,0.04333550358812014,3,1
750,8,0.0627037367473046,3,1
751,10,0.09798163175582886,1,1
752,5,0.03622114503135284,6,1
753,8,0.054657852898041405,3,1
754,8,0.04655727744102478,3,1
755,9,0.036107911728322506,2,1
756,5,0.1113567582021157,6,1
757,10,0.02398892492055893,1,1
758,7,0.03218514006584883,4,1
759,9,0.023834860417991877,2,1
760,9,0.14186649210751057,2,1
761,5,0.03466244755933682,6,1
762,8,0.02405614809443553,3,1
763,9,0.02074472699314356,2,1
764,9,0.019864835310727358,2,1
765,8,0.03835245221853256,3,1
766,8,0.03536925589044889,3,1
767,10,0.053454406559467316,1,1
768,7,0.030706803780049086,4,1
769,8,0.021091914735734463,3,1
770,7,0.02146760979667306,4,1
771,7,0.07372569758445024,4,1
772,8,0.16386283499499163,3,1
773,9,0.04083979316055775,2,1
774,7,0.14781875535845757,4,1
775,6,0.0588796466588974,5,1
776,-18,0.07550058578108919,29,1
777,7,0.022233182098716497,4,1
778,9,0.05018417723476887,2,1
779,9,0.3148233890533447,2,1
780,10,0.012371182441711426,1,1
781,9,0.030203627422451973,2,1
782,7,0.08144720736891031,4,1
783,6,0.106049644947052,5,1
784,8,0.018152385018765926,3,1
785,7,0.15738864382728934,4,1
786,-16,0.07241970900860098,27,1
787,8,0.028523182185987633,3,1
788,8,0.04805586487054825,3,1
789,9,0.03964271768927574,2,1
790,4,0.0300260420356478,7,1
791,7,0.2517813991289586,4,1
792,9,0.01912536658346653,2,1
793,9,0.029066129587590694,2,1
794,7,0.0575647484511137,4,1
795,10,0.035454243421554565,1,1
796,5,0.12427354169388612,6,1
797,9,0.040687527507543564,2,1
798,10,0.4749298691749573,1,1
799,10,0.028650861233472824,1,1
800,-27,0.05286428187456396,18,0
801,9,0.28331104293465614,2,1
802,10,0.07708922028541565,1,1
803,9,0.40276526659727097,2,1
804,10,0.014954512938857079,1,1
805,10,0.019931068643927574,1,1
806,9,0.020917157642543316,2,1
807,5,0.02988749338934819,6,1
808,8,0.06618408610423406,3,1
809,8,0.03381195353964964,3,1
810,7,0.05868525803089142,4,1
811,9,0.01693767961114645,2,1
812,8,0.019191036311288674,3,1
813,10,0.02900761365890503,1,1
814,8,0.22030684476097426,3,1
815,10,0.0208047553896904,1,1
816,5,0.04391975716377298,6,1
817,-13,0.051903621293604374,4,0
818,5,0.034297604424258075,6,1
819,5,0.04458285464594761,6,1
820,9,0.1741041075438261,2,1
821,10,0.0297527052462101,1,1
822,7,0.14629481709562242,4,1
823,8,0.022776346032818157,3,1
824,9,0.055828362703323364,2,1
825,10,0.05641332268714905,1,1
826,-10,0.05729841813445091,1,0
827,10,0.03861607611179352,1,1
828,10,0.03453812748193741,1,1
829,6,0.13876761682331562,5,1
830,9,0.16895871050655842,2,1
831,5,0.054728945096333824,6,1
832,10,0.020527392625808716,1,1
833,-50,0.0772267096862197,50,0
834,10,0.013686660677194595,1,1
835,-50,0.0632769212499261,50,0
836,7,0.1513054482638836,4,1
837,9,0.04880918748676777,2,1
838,6,0.07290644310414791,5,1
839,7,0.07145045418292284,4,1
840,-17,0.10314032801293901,28,1
841,8,0.04924524948000908,3,1
842,8,0.03715848488112291,3,1
843,-18,0.08363248590893786,29,1
844,9,0.0211070217192173,2,1
845,7,0.04050104646012187,4,1
846,6,0.15542538575828074,5,1
847,10,0.0074838572181761265,1,1
848,7,0.013626915868371725,4,1
849,8,0.04694350063800812,3,1
850,8,0.02864686120301485,3,1
851,10,0.09046873450279236,1,1
852,9,0.027397324331104755,2,1
853,9,0.018534728325903416,2,1
854,9,0.022701566107571125,2,1
855,-50,0.09066007476300002,50,0
856,8,0.06409179170926411,3,1
857,8,0.03679323196411133,3,1
858,10,0.0324210599064827,1,1
859,-9,0.09761887416243553,20,1
860,7,0.049440443981438875,4,1
861,10,0.030317721888422966,1,1
862,-50,0.0860903405211866,50,0
863,10,0.04565482586622238,1,1
864,8,0.045802380268772445,3,1
865,8,0.0703681396941344,3,1
866,10,0.5179729461669922,1,1
867,8,0.2836746933559577,3,1
868,9,0.017219618894159794,2,1
869,10,0.031020883470773697,1,1
870,9,0.022751868702471256,2,1
871,6,0.13636626936495305,5,1
872,-50,0.09466381998732686,50,0
873,-50,0.04067604903131723,50,0
874,10,0.014537762850522995,1,1
875,9,0.01621479168534279,2,1
876,10,0.4471258521080017,1,1
877,5,0.04324955819174647,6,1
878,-50,0.04506806437857449,50,0
879,10,0.005238265264779329,1,1
880,-50,0.07002214251086115,50,0
881,10,0.029075609520077705,1,1
882,9,0.018981185741722584,2,1
883,9,0.02671569399535656,2,1
884,-18,0.06687454384719503,29,1
885,9,0.029831459745764732,2,1
886,8,0.01594512475033601,3,1
887,-8,0.02065328400778143,19,1
888,10,0.017668044194579124,1,1
889,-50,0.03965306797996163,50,0
890,9,0.06842344254255295,2,1
891,-15,0.05374814519801965,26,1
892,10,0.014123443514108658,1,1
893,10,0.08572462201118469,1,1
894,-5,0.02932035908452235,16,1
895,10,0.012971751391887665,1,1
896,10,0.010001812130212784,1,1
897,-21,0.04278062511002645,32,1
898,5,0.017462923967589934,6,1
899,6,0.035852511413395405,5,1
900,10,0.01515893079340458,1,1
901,8,0.025062522230048973,3,1
902,8,0.01527558887998263,3,1
903,-24,0.053721443404044424,35,1
904,9,0.026797406375408173,2,1
905,10,0.020169822499155998,1,1
906,8,0.010608017755051454,3,1
907,8,0.022876823941866558,3,1
908,8,0.05338839814066887,3,1
909,6,0.06367305479943752,5,1
910,10,0.03037145920097828,1,1
911,9,0.03596735652536154,2,1
912,10,0.03915594890713692,1,1
913,7,0.022940367925912142,4,1
914,10,0.25098559260368347,1,1
915,7,0.03372228657826781,4,1
916,8,0.03572895067433516,3,1
917,8,0.02552883078654607,3,1
918,10,0.034841038286685944,1,1
919,7,0.018662704387679696,4,1
920,9,0.0249730353243649,2,1
921,9,0.01584849087521434,2,1
922,8,0.18149515924354395,3,1
923,-50,0.04190916690044105,50,0
924,8,0.05445203743875027,3,1
925,9,0.02237776294350624,2,1
926,6,0.06470242962241173,5,1
927,8,0.01686868506173293,3,1
928,9,0.018354061525315046,2,1
929,8,0.027055044348041218,3,1
930,6,0.043120305985212326,5,1
931,8,0.03135852453609308,3,1
932,10,0.028590891510248184,1,1
933,9,0.029892185237258673,2,1
934,6,0.11111223548650742,5,1
935,9,0.03700720705091953,2,1
936,10,0.03825875371694565,1,1
937,9,0.26176485419273376,2,1
938,7,0.043690724298357964,4,1
939,9,0.06437647342681885,2,1
940,7,0.028698076028376818,4,1
941,8,0.021371701421837013,3,1
942,8,0.10820713204642136,3,1
943,7,0.07484399643726647,4,1
944,9,0.126984603703022,2,1
945,9,0.017093997914344072,2,1
946,10,0.23674152791500092,1,1
947,8,0.04003246997793516,3,1
948,7,0.027635412523522973,4,1
949,8,0.1205148274699847,3,1
950,9,0.08877069037407637,2,1
951,-6,0.06129538306199452,17,1
952,9,0.044822342693805695,2,1
953,10,0.028580117970705032,1,1
954,10,0.0708295926451683,1,1
955,7,0.04440867993980646,4,1
956,10,0.09161653369665146,1,1
957,-10,0.022790296003222466,1,0
958,8,0.047578426698843636,3,1
959,8,0.03359163304169973,3,1
960,9,0.029467309825122356,2,1
961,7,0.028732774779200554,4,1
962,8,0.017931214533746243,3,1
963,-10,0.09432972967624664,1,0
964,9,0.027928952127695084,2,1
965,9,0.25245328806340694,2,1
966,9,0.02983556780964136,2,1
967,8,0.034632835537195206,3,1
968,10,0.03782273828983307,1,1
969,8,0.041256112356980644,3,1
970,9,0.23003513738512993,2,1
971,8,0.06255514547228813,3,1
972,8,0.03950825706124306,3,1
973,7,0.016823141602799296,4,1
974,7,0.021966030588373542,4,1
975,8,0.027024251719315846,3,1
976,9,0.022811824455857277,2,1
977,-5,0.033113278972450644,16,1
978,-1,0.03380122093949467,12,1
979,8,0.024288141168653965,3,1
980,9,0.3142949119210243,2,1
981,8,0.017035362621148426,3,1
982,8,0.04241699973742167,3,1
983,10,0.04836643859744072,1,1
984,9,0.03403759188950062,2,1
985,10,0.0410216823220253,1,1
986,7,0.017711438238620758,4,1
987,6,0.025936901196837427,5,1
988,-50,0.07541928563266992,50,0
989,-19,0.09061444556961457,30,1
990,8,0.10404428218801816,3,1
991,9,0.09222369641065598,2,1
992,8,0.07338257816930611,3,1
993,9,0.04173001926392317,2,1
994,6,0.12097726203501225,5,1
995,9,0.06676784250885248,2,1
996,-13,0.06293655474049349,24,1
997,7,0.045723576098680496,4,1
998,7,0.10438508354127407,4,1
999,9,0.04827833455055952,2,1
1000,9,0.04157993011176586,2,1
1,8,0.048911393930514656,3,1
2,9,0.018308370374143124,2,1
3,7,0.04917933791875839,4,1
4,9,0.049300044775009155,2,1
5,9,0.0504390150308609,2,1
6,8,0.0271838940680027,3,1
7,6,0.045597858354449274,5,1
8,9,0.041188331320881844,2,1
9,9,0.03208737261593342,2,1
10,9,0.01547145377844572,2,1
11,7,0.03687001881189644,4,1
12,-13,0.03790030907839537,4,0
13,10,0.01737038604915142,1,1
14,7,0.031391487224027514,4,1
15,9,0.03114677593111992,2,1
16,8,0.023242921258012455,3,1
17,10,0.05984516814351082,1,1
18,7,0.016968702198937535,4,1
19,9,0.02735055983066559,2,1
20,8,0.046190921527644,3,1
21,6,0.01803530640900135,5,1
22,9,0.2606058232486248,2,1
23,10,0.03765173628926277,1,1
24,8,0.01850363767395417,3,1
25,8,0.059868862542013325,3,1
26,8,0.023461609457929928,3,1
27,9,0.01383773097768426,2,1
28,7,0.0243742058519274,4,1
29,10,0.05439344048500061,1,1
30,10,0.013233215548098087,1,1
31,6,0.06608017235994339,5,1
32,8,0.0692623866101106,3,1
33,-5,0.10130427032709122,16,1
34,-22,0.08459047668359497,33,1
35,7,0.11699946317821741,4,1
36,9,0.2707318775355816,2,1
37,9,0.07896311953663826,2,1
38,10,0.061832018196582794,1,1
39,7,0.06730044819414616,4,1
40,-2,0.0319942979571911,13,1
41,9,0.03900376707315445,2,1
42,-5,0.04964261603890918,16,1
43,5,0.09526586222151916,6,1
44,8,0.024287402008970577,3,1
45,10,0.10729607194662094,1,1
46,7,0.025652475655078888,4,1
47,-12,0.04478166859758937,23,1
48,7,0.026845640037208796,4,1
49,8,0.02038217553248008,3,1
50,6,0.02205128539353609,5,1
51,8,0.05080036943157514,3,1
52,6,0.0808565154671669,5,1
53,-10,0.10852411442569324,21,1
54,10,0.01903430186212063,1,1
55,7,0.04134543868713081,4,1
56,9,0.043749140575528145,2,1
57,9,0.1438813880085945,2,1
58,10,0.029339490458369255,1,1
59,8,0.021509122103452682,3,1
60,10,0.019700029864907265,1,1
61,7,0.022675294196233153,4,1
62,7,0.03678576834499836,4,1
63,10,0.04399579390883446,1,1
64,-17,0.037561403188322275,28,1
65,7,0.11115587898530066,4,1
66,8,0.05078648899992307,3,1
67,7,0.013457005377858877,4,1
68,7,0.029262464377097785,4,1
69,-11,0.051736303478140726,22,1
70,9,0.05357685685157776,2,1
71,3,0.06975432042963803,8,1
72,10,0.04231985658407211,1,1
73,-50,0.08772830702364445,50,0
74,9,0.035779451951384544,2,1
75,10,0.11995868384838104,1,1
76,-50,0.06504849957302213,50,0
77,9,0.024060219526290894,2,1
78,4,0.06588089492704187,7,1
79,8,0.05531099128226439,3,1
80,9,0.06767866015434265,2,1
81,9,0.059556994587183,2,1
82,10,0.0380760133266449,1,1
83,10,0.1121671050786972,1,1
84,7,0.08024988253600895,4,1
85,7,0.08402932994067669,4,1
86,-32,0.06798504041724426,43,1
87,7,0.06522265262901783,4,1
88,6,0.05512094348669052,5,1
89,-12,0.04830146301537752,23,1
90,7,0.12215235130861402,4,1
91,3,0.028178291744552553,8,1
92,10,0.04009995609521866,1,1
93,-7,0.04291207203641534,18,1
94,8,0.02346926120420297,3,1
95,8,0.032775444289048515,3,1
96,8,0.02674913965165615,3,1
97,8,0.04845753622551759,3,1
98,-14,0.027653877176344394,25,1
99,7,0.09525113180279732,4,1
100,9,0.07383763790130615,2,1
101,9,0.037185702472925186,2,1
102,8,0.04599661442140738,3,1
103,5,0.12216957798227668,6,1
104,10,0.013971114531159401,1,1
105,8,0.04568489703039328,3,1
106,8,0.033245740458369255,3,1
107,9,0.03187245782464743,2,1
108,9,0.01491294801235199,2,1
109,8,0.037112679332494736,3,1
110,9,0.08039892464876175,2,1
111,9,0.06901653483510017,2,1
112,6,0.03963238541036844,5,1
113,8,0.019368233159184456,3,1
114,6,0.019203203916549682,5,1
115,9,0.0208191005513072,2,1
116,10,0.05599275603890419,1,1
117,8,0.03290053798506657,3,1
118,8,0.016760516290863354,3,1
119,7,0.01728293183259666,4,1
120,9,0.009109026286751032,2,1
121,8,0.05358674128850301,3,1
122,8,0.05865256084750096,3,1
123,9,0.015694651287049055,2,1
124,9,0.042097476311028004,2,1
125,10,0.051609255373477936,1,1
126,9,0.008609469281509519,2,1
127,8,0.0402796029423674,3,1
128,9,0.024605409475043416,2,1
129,8,0.02755014846722285,3,1
130,9,0.010369609110057354,2,1
131,8,0.009011135281374058,3,1
132,6,0.022937212884426118,5,1
133,9,0.016327665653079748,2,1
134,6,0.027782879024744033,5,1
135,8,0.015395297513653835,3,1
136,7,0.018043125281110406,4,1
137,10,0.050798241049051285,1,1
138,8,0.02166715047011773,3,1
139,7,0.03750435193069279,4,1
140,7,0.07693972252309322,4,1
141,-15,0.03587109526583495,26,1
142,9,0.012999949045479298,2,1
143,7,0.031985162873752415,4,1
144,7,0.06794243399053812,4,1
145,6,0.044821412116289136,5,1
146,-50,0.055375854093581436,50,0
147,7,0.05016516149044037,4,1
148,10,0.08450501412153244,1,1
149,9,0.028420758433640003,2,1
150,9,0.04614314716309309,2,1
151,-5,0.03936609433731064,16,1
152,9,0.07966804504394531,2,1
153,9,0.02013825811445713,2,1
154,8,0.021311445782581966,3,1
155,7,0.02325731562450528,4,1
156,6,0.0392493087798357,5,1
157,9,0.07339943945407867,2,1
158,9,0.034886036068201065,2,1
159,8,0.036874838173389435,3,1
160,7,0.04547878308221698,4,1
161,7,0.030296591110527515,4,1
162,7,0.03888800507411361,4,1
163,7,0.021352820098400116,4,1
164,7,0.016699636238627136,4,1
165,9,0.022068144753575325,2,1
166,7,0.029275482054799795,4,1
167,8,0.02482547052204609,3,1
168,9,0.013692508451640606,2,1
169,10,0.024363497272133827,1,1
170,7,0.03943820809945464,4,1
171,6,0.020393847860395907,5,1
172,7,0.039239628706127405,4,1
173,6,0.051188775151968,5,1
174,5,0.029721299807230633,6,1
175,8,0.026989623283346493,3,1
176,8,0.02959768722454707,3,1
177,9,0.06418229639530182,2,1
178,7,0.04144562780857086,4,1
179,8,0.04992752398053805,3,1
180,-26,0.03658034780843032,37,1
181,10,0.03471270948648453,1,1
182,10,0.04278571531176567,1,1
183,6,0.01914562601596117,5,1
184,7,0.03523236699402332,4,1
185,9,0.0249605355784297,2,1
186,9,0.0357348402030766,2,1
187,9,0.031312042847275734,2,1
188,5,0.027284668603291113,6,1
189,9,0.020774458535015583,2,1
190,7,0.015175164677202702,4,1
191,10,0.02035703882575035,1,1
192,7,0.0341594519559294,4,1
193,9,0.020758369006216526,2,1
194,9,0.018013374414294958,2,1
195,7,0.02308734052348882,4,1
196,8,0.020001199406882126,3,1
197,-16,0.03858000093519136,27,1
198,8,0.01985237157593171,3,1
199,10,0.010968463495373726,1,1
200,7,0.06293519958853722,4,1
201,9,0.05493204202502966,2,1
202,7,0.04047063132748008,4,1
203,10,0.07281890511512756,1,1
204,10,0.02085866779088974,1,1
205,-24,0.06231804580560752,35,1
206,-33,0.06324082174493621,24,0
207,10,0.0396854504942894,1,1
208,10,0.053965624421834946,1,1
209,-13,0.035381109841788806,24,1
210,9,0.01365773775614798,2,1
211,9,0.04279767535626888,2,1
212,8,0.024126282893121243,3,1
213,0,0.05500790908594023,11,1
214,-50,0.046699211113154886,50,0
215,10,0.02604467049241066,1,1
216,6,0.09958662539720535,5,1
217,10,0.057742889970541,1,1
218,9,0.03313041012734175,2,1
219,10,0.02906038798391819,1,1
220,7,0.12510566879063845,4,1
221,6,0.033548392727971076,5,1
222,8,0.02735947010417779,3,1
223,8,0.04185132682323456,3,1
224,7,0.07721819169819355,4,1
225,6,0.025468548014760017,5,1
226,10,0.024210918694734573,1,1
227,10,0.02409866638481617,1,1
228,6,0.0894297944381833,5,1
229,-12,0.03925125264441189,23,1
230,10,0.021998591721057892,1,1
231,-17,0.051476218471569676,28,1
232,10,0.06507788598537445,1,1
233,10,0.025027740746736526,1,1
234,8,0.03654410938421885,3,1
235,8,0.02146298127869765,3,1
236,10,0.014606082811951637,1,1
237,8,0.020485494906703632,3,1
238,-4,0.04373292773962021,15,1
239,8,0.03579189442098141,3,1
240,9,0.017141693737357855,2,1
241,7,0.052768406458199024,4,1
242,7,0.17016302701085806,4,1
243,6,0.016816852800548076,5,1
244,7,0.029395264573395252,4,1
245,10,0.013335349038243294,1,1
246,8,0.10252015044291814,3,1
247,8,0.029578786964217823,3,1
248,7,0.018855403875932097,4,1
249,10,0.011984102427959442,1,1
250,10,0.03904020041227341,1,1
251,7,0.08611186570487916,4,1
252,7,0.022341949632391334,4,1
253,9,0.022923470474779606,2,1
254,7,0.028298873687162995,4,1
255,8,0.019725013213853042,3,1
256,8,0.018818429360787075,3,1
257,9,0.00779131380841136,2,1
258,9,0.009392045671120286,2,1
259,7,0.016079033259302378,4,1
260,9,0.028683170210570097,2,1
261,9,0.009253057185560465,2,1
262,4,0.04351585158812148,7,1
263,-11,0.088541554287076,2,0
264,8,0.037740166609485946,3,1
265,10,0.04083501547574997,1,1
266,-12,0.05594681187168411,23,1
267,6,0.05840197391808033,5,1
268,9,0.013619563542306423,2,1
269,8,0.1148756630718708,3,1
270,9,0.06412157416343689,2,1
271,10,0.01374522503465414,1,1
272,10,0.012869661673903465,1,1
273,9,0.12766505032777786,2,1
274,8,0.018351645519336064,3,1
275,6,0.06116910632699728,5,1
276,6,0.0609554223716259,5,1
277,10,0.014358103275299072,1,1
278,-50,0.06530853541567921,50,0
279,7,0.25156341306865215,4,1
280,8,0.08504936223228772,3,1
281,-29,0.06419383361935616,20,0
282,9,0.033777729608118534,2,1
283,9,0.05437376070767641,2,1
284,-50,0.046650353353470564,50,0
285,9,0.03608263097703457,2,1
286,9,0.022650959435850382,2,1
287,10,0.027849383652210236,1,1
288,4,0.0534708204546145,7,1
289,9,0.27257663011550903,2,1
290,7,0.13842735486105084,4,1
291,-50,0.034807813446968795,50,0
292,8,0.03931101846198241,3,1
293,8,0.0376960722108682,3,1
294,9,0.2106690090149641,2,1
295,8,0.0271581020206213,3,1
296,10,0.021454427391290665,1,1
297,9,0.04375004395842552,2,1
298,7,0.02939714095555246,4,1
299,-36,0.07620059141751241,27,0
300,8,0.03664513553182284,3,1
301,9,0.08351552113890648,2,1
302,10,0.05002742260694504,1,1
303,10,0.03728502243757248,1,1
304,9,0.09895057510584593,2,1
305,7,0.07623553089797497,4,1
306,7,0.13216210063546896,4,1
307,9,0.036853316240012646,2,1
308,7,0.036188882775604725,4,1
309,5,0.0652386744817098,6,1
310,8,0.03325421176850796,3,1
311,-50,0.0507634845469147,50,0
312,6,0.02783437427133322,5,1
313,8,0.012705570397277674,3,1
314,10,0.005843169055879116,1,1
315,9,0.07704343926161528,2,1
316,9,0.014699595049023628,2,1
317,10,0.01672677882015705,1,1
318,10,0.015529082156717777,1,1
319,8,0.019771212401489418,3,1
320,9,0.01842189021408558,2,1
321,10,0.029842669144272804,1,1
322,9,0.01923670480027795,2,1
323,8,0.027061787744363148,3,1
324,9,0.038629482965916395,2,1
325,-50,0.04524127575568855,50,0
326,9,0.024638352915644646,2,1
327,7,0.10430832905694842,4,1
328,10,0.04017931967973709,1,1
329,-1,0.05659675458446145,12,1
330,-10,0.034687090665102005,1,0
331,5,0.04585187416523695,6,1
332,7,0.01600298867560923,4,1
333,8,0.029993927106261253,3,1
334,4,0.04358898036714111,7,1
335,5,0.0626497541864713,6,1
336,9,0.038829073309898376,2,1
337,4,0.10639285402638572,7,1
338,8,0.022860371818145115,3,1
339,9,0.02887015324085951,2,1
340,6,0.025498563796281813,5,1
341,8,0.02234915892283122,3,1
342,7,0.021080430131405592,4,1
343,-50,0.05633684953674674,50,0
344,-12,0.17357133018473783,3,0
345,7,0.06263822922483087,4,1
346,-27,0.04801303844310736,38,1
347,7,0.0970741962082684,4,1
348,6,0.03259126488119364,5,1
349,9,0.02144498284906149,2,1
350,9,0.03241950273513794,2,1
351,-50,0.07510952431708574,50,0
352,9,0.0080867949873209,2,1
353,8,0.021561250401039917,3,1
354,10,0.01903131976723671,1,1
355,10,0.03809446096420288,1,1
356,10,0.011884008534252644,1,1
357,8,0.011774159967899323,3,1
358,-21,0.0642301127469788,12,0
359,9,0.015338809229433537,2,1
360,-19,0.04178893235512078,10,0
361,-7,0.11351021785392529,18,1
362,9,0.14369565388187766,2,1
363,7,0.24400863284245133,4,1
364,8,0.044660922760764755,3,1
365,-50,0.1503616674616933,50,0
366,8,0.047215335071086884,3,1
367,10,0.2759321331977844,1,1
368,8,0.1934924547870954,3,1
369,9,0.33042892068624496,2,1
370,8,0.078168040762345,3,1
371,10,0.040033113211393356,1,1
372,9,0.03156931884586811,2,1
373,-3,0.09364422031545214,14,1
374,10,0.014245518483221531,1,1
375,7,0.04464998748153448,4,1
376,7,0.08199631050229073,4,1
377,9,0.09536608401685953,2,1
378,9,0.3329019043594599,2,1
379,9,0.0452450942248106,2,1
380,9,0.21624085679650307,2,1
381,5,0.11648417419443528,6,1
382,7,0.11529762973077595,4,1
383,7,0.08468390628695488,4,1
384,9,0.07316070050001144,2,1
385,5,0.1222187044719855,6,1
386,7,0.15283558797091246,4,1
387,4,0.08193848069225039,7,1
388,-50,0.1468150649778545,50,0
389,8,0.04771567570666472,3,1
390,6,0.1276815976947546,5,1
391,9,0.05411314219236374,2,1
392,8,0.09247940530379613,3,1
393,8,0.15240679557124773,3,1
394,8,0.31731143097082776,3,1
395,-12,0.29454369843006134,3,0
396,9,0.22631549835205078,2,1
397,10,0.24195708334445953,1,1
398,8,0.1368888020515442,3,1
399,10,0.09490558505058289,1,1
400,10,0.0855906680226326,1,1
401,9,0.09290323778986931,2,1
402,10,0.11729910969734192,1,1
403,7,0.20370609313249588,4,1
404,8,0.17006258418162665,3,1
405,-50,0.15298355963081123,50,0
406,10,0.058144986629486084,1,1
407,9,0.09438666142523289,2,1
408,10,0.05950775742530823,1,1
409,9,0.19110392779111862,2,1
410,9,0.03655060660094023,2,1
411,8,0.0838254950940609,3,1
412,7,0.05141027783975005,4,1
413,7,0.035523233003914356,4,1
414,10,0.17657506465911865,1,1
415,9,0.07577923499047756,2,1
416,9,0.013825344387441874,2,1
417,7,0.4344090037047863,4,1
418,10,0.21728062629699707,1,1
419,8,0.13494835793972015,3,1
420,8,0.20022579282522202,3,1
421,9,0.10326011851429939,2,1
422,9,0.1110575906932354,2,1
423,1,0.1702818289399147,10,1
424,10,0.1895810067653656,1,1
425,5,0.12592471204698086,6,1
426,6,0.16412433385848998,5,1
427,10,0.1309792697429657,1,1
428,7,0.10566745139658451,4,1
429,9,0.15469390898942947,2,1
430,8,0.0533400351802508,3,1
431,-50,0.16306968055665494,50,0
432,10,0.08829689770936966,1,1
433,-14,0.1304211911559105,25,1
434,6,0.08406772762537003,5,1
435,10,0.0998118445277214,1,1
436,10,0.20123626291751862,1,1
437,10,0.05116252973675728,1,1
438,7,0.07847031112760305,4,1
439,9,0.07192277163267136,2,1
440,9,0.052678002044558525,2,1
441,7,0.10407093353569508,4,1
442,6,0.0955936323851347,5,1
443,6,0.1091812014579773,5,1
444,9,0.161716740578413,2,1
445,9,0.13667427003383636,2,1
446,8,0.09019676844278972,3,1
447,3,0.15529516991227865,8,1
448,5,0.099165095637242,6,1
449,8,0.126091534892718,3,1
450,7,0.032419090857729316,4,1
451,10,0.08685071766376495,1,1
452,7,0.046617061365395784,4,1
453,9,0.035743072628974915,2,1
454,9,0.024022910743951797,2,1
455,9,0.09562350064516068,2,1
456,-12,0.11188252735882998,23,1
457,5,0.09118658180038135,6,1
458,9,0.05045112781226635,2,1
459,9,0.04390521068125963,2,1
460,7,0.09777440503239632,4,1
461,9,0.06748376041650772,2,1
462,10,0.03920608013868332,1,1
463,10,0.07422181963920593,1,1
464,7,0.126048575155437,4,1
465,7,0.03662773687392473,4,1
466,8,0.04470071693261465,3,1
467,8,0.026614554226398468,3,1
468,-27,0.10199411769740675,38,1
469,7,0.04805873520672321,4,1
470,9,0.05649516545236111,2,1
471,7,0.06034495774656534,4,1
472,9,0.029591628350317478,2,1
473,9,0.05713590048253536,2,1
474,10,0.045149803161621094,1,1
475,10,0.1126747578382492,1,1
476,7,0.023261455353349447,4,1
477,5,0.041825018202265106,6,1
478,9,0.034652354195714,2,1
479,10,0.024599198251962662,1,1
480,6,0.02925559803843498,5,1
481,9,0.19614874431863427,2,1
482,10,0.08181004226207733,1,1
483,5,0.1079741350064675,6,1
484,9,0.08107350114732981,2,1
485,10,0.023527346551418304,1,1
486,6,0.03754865080118179,5,1
487,7,0.054204697953537107,4,1
488,8,0.06978380680084229,3,1
489,10,0.014120347797870636,1,1
490,8,0.024621588177978992,3,1
491,9,0.03816192224621773,2,1
492,-4,0.09493825373550256,15,1
493,10,0.08162607997655869,1,1
494,6,0.09641529321670532,5,1
495,8,0.056501341673235096,3,1
496,-4,0.08519563674926758,15,1
497,9,0.07171956822276115,2,1
498,-17,0.11483822170911091,28,1
499,8,0.03332994319498539,3,1
500,10,0.12145764380693436,1,1
501,10,0.06753786653280258,1,1
502,9,0.10890299081802368,2,1
503,10,0.0828973576426506,1,1
504,8,0.054760256161292396,3,1
505,9,0.10399852879345417,2,1
506,-3,0.06907418662948268,14,1
507,8,0.06557578966021538,3,1
508,7,0.0774730877019465,4,1
509,7,0.1339469738304615,4,1
510,10,0.113896444439888,1,1
511,4,0.17003954201936722,7,1
512,9,0.0844331756234169,2,1
513,8,0.07309081653753917,3,1
514,-4,0.06835234127938747,15,1
515,10,0.03030259907245636,1,1
516,9,0.05893580615520477,2,1
517,9,0.04781876876950264,2,1
518,7,0.1249840403907001,4,1
519,10,0.03363673761487007,1,1
520,-50,0.07274691380560398,50,0
521,7,0.03343311417847872,4,1
522,9,0.024651373736560345,2,1
523,-11,0.062373352237045765,2,0
524,9,0.1678602546453476,2,1
525,-10,0.12000755681878045,21,1
526,7,0.0686101010069251,4,1
527,9,0.08302360493689775,2,1
528,7,0.08252766728401184,4,1
529,8,0.15997062250971794,3,1
530,8,0.02982704744984706,3,1
531,10,0.4049924612045288,1,1
532,8,0.21216856253643832,3,1
533,10,0.020082738250494003,1,1
534,8,0.04326586922009786,3,1
535,9,0.03705041669309139,2,1
536,9,0.017897767014801502,2,1
537,10,0.08918560296297073,1,1
538,10,0.03550087660551071,1,1
539,9,0.06810102798044682,2,1
540,10,0.015350516885519028,1,1
541,7,0.02775798412039876,4,1
542,7,0.046423782827332616,4,1
543,8,0.030791306247313816,3,1
544,-6,0.034009416313732374,17,1
545,7,0.025204524397850037,4,1
546,7,0.051958429627120495,4,1
547,10,0.01832490600645542,1,1
548,7,0.027243783231824636,4,1
549,6,0.2233014740049839,5,1
550,7,0.26255740970373154,4,1
551,9,0.07760367169976234,2,1
552,-12,0.11883014343355013,23,1
553,9,0.06498186476528645,2,1
554,-5,0.04574178182519972,16,1
555,10,0.11302880197763443,1,1
556,6,0.11450242921710015,5,1
557,6,0.051058109104633334,5,1
558,7,0.044532500207424164,4,1
559,-4,0.04720723759382963,15,1
560,9,0.02318277396261692,2,1
561,6,0.029904898814857007,5,1
562,10,0.026911618188023567,1,1
563,8,0.02240513575573762,3,1
564,9,0.04521055519580841,2,1
565,7,0.039579658885486424,4,1
566,7,0.05362457921728492,4,1
567,8,0.1382504403591156,3,1
568,8,0.08888817330201466,3,1
569,9,0.24094869382679462,2,1
570,8,0.06795549144347508,3,1
571,8,0.05570495625336965,3,1
572,8,0.06684068962931633,3,1
573,7,0.04932463727891445,4,1
574,6,0.04365192987024784,5,1
575,9,0.030996620655059814,2,1
576,5,0.041811732264856495,6,1
577,8,0.02291836341222127,3,1
578,9,0.022038730792701244,2,1
579,-2,0.0837533726858405,13,1
580,9,0.1390875279903412,2,1
581,10,0.11493626981973648,1,1
582,9,0.07060031220316887,2,1
583,6,0.11872194297611713,5,1
584,7,0.14772217348217964,4,1
585,7,0.18637958634644747,4,1
586,9,0.05686105228960514,2,1
587,9,0.059261735528707504,2,1
588,7,0.05740314722061157,4,1
589,7,0.061772183515131474,4,1
590,10,0.06329210102558136,1,1
591,8,0.051477473229169846,3,1
592,9,0.05074672773480415,2,1
593,7,0.03308923030272126,4,1
594,10,0.10953414440155029,1,1
595,8,0.04939450447758039,3,1
596,9,0.07182248868048191,2,1
597,10,0.033341486006975174,1,1
598,10,0.014149067923426628,1,1
599,9,0.012376673519611359,2,1
600,-5,0.03754612000193447,16,1
601,2,0.04625227592057652,9,1
602,8,0.029230910663803417,3,1
603,8,0.0372460080931584,3,1
604,5,0.04635027190670371,6,1
605,10,0.019104136154055595,1,1
606,-12,0.033282545084754624,3,0
607,9,0.043338462710380554,2,1
608,7,0.029288917779922485,4,1
609,7,0.06824330985546112,4,1
610,6,0.195542174577713,5,1
611,-1,0.07616203076516588,12,1
612,-11,0.022113408893346786,2,0
613,9,0.06349064968526363,2,1
614,-14,0.04624114887788892,25,1
615,8,0.020253475134571392,3,1
616,10,0.06264308840036392,1,1
617,9,0.016723023261874914,2,1
618,8,0.17849359195679426,3,1
619,10,0.06064937636256218,1,1
620,8,0.03444553663333257,3,1
621,10,0.009028181433677673,1,1
622,8,0.1633534493545691,3,1
623,8,0.0250445914765199,3,1
624,9,0.021565250353887677,2,1
625,9,0.011231341399252415,2,1
626,9,0.022927666548639536,2,1
627,7,0.020700901048257947,4,1
628,-10,0.031088579446077347,1,0
629,8,0.02005653517941634,3,1
630,9,0.016904540825635195,2,1
631,8,0.0346519040564696,3,1
632,10,0.02100495994091034,1,1
633,6,0.13646707199513913,5,1
634,7,0.0321559626609087,4,1
635,6,0.11077969372272492,5,1
636,9,0.04036005027592182,2,1
637,9,0.07382727786898613,2,1
638,9,0.05444939248263836,2,1
639,7,0.04928565165027976,4,1
640,9,0.10724444128572941,2,1
641,8,0.0502076285580794,3,1
642,5,0.050144421557585396,6,1
643,9,0.04662642814218998,2,1
644,-10,0.09221722930669785,1,0
645,7,0.198564775288105,4,1
646,7,0.045614452101290226,4,1
647,9,0.06634917855262756,2,1
648,9,0.02109195850789547,2,1
649,8,0.3144329600036144,3,1
650,10,0.40688878297805786,1,1
651,10,0.021684376522898674,1,1
652,9,0.29937903955578804,2,1
653,7,0.06551302247680724,4,1
654,7,0.04344543069601059,4,1
655,8,0.0706947073340416,3,1
656,10,0.04520677402615547,1,1
657,9,0.05462503060698509,2,1
658,7,0.04306783387437463,4,1
659,5,0.12158888609459002,6,1
660,8,0.028774778669079144,3,1
661,6,0.04069762080907822,5,1
662,6,0.027222076803445815,5,1
663,8,0.3222788106650114,3,1
664,-5,0.10105096537154168,16,1
665,5,0.12969297977785268,6,1
666,9,0.04399557877331972,2,1
667,9,0.02968655154109001,2,1
668,10,0.02331114187836647,1,1
669,9,0.05992410331964493,2,1
670,8,0.03561518403391043,3,1
671,-7,0.170246364057271,18,1
672,9,0.1876180451363325,2,1
673,8,0.12494167064627011,3,1
674,-20,0.10572478884170132,31,1
675,8,0.030214885870615642,3,1
676,6,0.13516536951065064,5,1
677,-50,0.07808073999360204,50,0
678,9,0.11603952199220657,2,1
679,10,0.03300822898745537,1,1
680,8,0.07471717086931069,3,1
681,7,0.084673963021487,4,1
682,-50,0.043237535133957866,50,0
683,9,0.01718493364751339,2,1
684,8,0.03501651994884014,3,1
685,10,0.056790485978126526,1,1
686,9,0.021347764879465103,2,1
687,-37,0.04393699472226823,48,1
688,9,0.19075272791087627,2,1
689,6,0.13345141522586346,5,1
690,10,0.045135319232940674,1,1
691,10,0.03174635395407677,1,1
692,8,0.04788609594106674,3,1
693,7,0.05239575821906328,4,1
694,8,0.055393567929665245,3,1
695,2,0.04455440201693111,9,1
696,10,0.04289114102721214,1,1
697,9,0.050473129376769066,2,1
698,9,0.019907581619918346,2,1
699,8,0.020213409326970577,3,1
700,6,0.10487505793571472,5,1
701,8,0.1286982030918201,3,1
702,7,0.016904505202546716,4,1
703,-8,0.08656653193266768,19,1
704,6,0.08425610028207302,5,1
705,8,0.028723419023056824,3,1
706,9,0.23550835251808167,2,1
707,10,0.024096529930830002,1,1
708,5,0.04993631752828757,6,1
709,6,0.11336528398096561,5,1
710,7,0.2565588802099228,4,1
711,8,0.026317115252216656,3,1
712,9,0.03786677215248346,2,1
713,9,0.027210658416152,2,1
714,8,0.12690228844682375,3,1
715,9,0.013466943986713886,2,1
716,3,0.04403535014716908,8,1
717,8,0.017018571806450684,3,1
718,-50,0.07840786105021834,50,0
719,9,0.022089545615017414,2,1
720,5,0.10440866090357304,6,1
721,-50,0.058414302878081796,50,0
722,8,0.16994712067147097,3,1
723,9,0.03623660281300545,2,1
724,9,0.014188754837960005,2,1
725,9,0.029518086463212967,2,1
726,9,0.05234492011368275,2,1
727,10,0.0256081223487854,1,1
728,8,0.06807242892682552,3,1
729,10,0.05602331459522247,1,1
730,7,0.030552981421351433,4,1
731,6,0.08674430456012487,5,1
732,6,0.03574104681611061,5,1
733,10,0.053062282502651215,1,1
734,9,0.042487396858632565,2,1
735,-17,0.03804344846867025,8,0
736,10,0.027658844366669655,1,1
737,5,0.1721179202819864,6,1
738,-10,0.01111452654004097,1,0
739,9,0.0392487570643425,2,1
740,7,0.13057358493097126,4,1
741,8,0.028525521357854206,3,1
742,7,0.033993910532444715,4,1
743,-4,0.027656333272655806,15,1
744,7,0.0448025893419981,4,1
745,8,0.02320298987130324,3,1
746,8,0.1281401291489601,3,1
747,9,0.02539129462093115,2,1
748,9,0.03042589221149683,2,1
749,8,0.03308782229820887,3,1
750,10,0.060400038957595825,1,1
751,6,0.12084516175091267,5,1
752,7,0.025936040561646223,4,1
753,9,0.06826892495155334,2,1
754,9,0.04194696061313152,2,1
755,9,0.024943570606410503,2,1
756,9,0.031418927013874054,2,1
757,-16,0.08849698643165606,27,1
758,7,0.05597399966791272,4,1
759,-35,0.06437228061258793,46,1
760,9,0.023745156824588776,2,1
761,8,0.03999157063663006,3,1
762,9,0.19380192458629608,2,1
763,8,0.023215319650868576,3,1
764,9,0.02167095709592104,2,1
765,10,0.00628292839974165,1,1
766,9,0.02401573397219181,2,1
767,-9,0.04259920734912157,20,1
768,10,0.019795462489128113,1,1
769,6,0.04092445652931929,5,1
770,8,0.06799326837062836,3,1
771,10,0.058348026126623154,1,1
772,8,0.027428676063815754,3,1
773,7,0.16626922320574522,4,1
774,8,0.13956090932091078,3,1
775,9,0.02277726773172617,2,1
776,7,0.0418408764526248,4,1
777,10,0.009465753100812435,1,1
778,-8,0.05147537167527174,19,1
779,7,0.11910381773486733,4,1
780,-8,0.0597195521879353,19,1
781,10,0.024694858118891716,1,1
782,9,0.03316481597721577,2,1
783,9,0.025914539583027363,2,1
784,9,0.0368250822648406,2,1
785,7,0.03573309676721692,4,1
786,10,0.01962578482925892,1,1
787,9,0.02419666387140751,2,1
788,10,0.01616739109158516,1,1
789,9,0.15616877563297749,2,1
790,9,0.04649020917713642,2,1
791,6,0.10218279752880335,5,1
792,5,0.02431915948788325,6,1
793,10,0.03422287851572037,1,1
794,8,0.030255022924393415,3,1
795,8,0.022181812673807144,3,1
796,10,0.0467648021876812,1,1
797,9,0.2209596484899521,2,1
798,10,0.060222722589969635,1,1
799,9,0.19974763505160809,2,1
800,10,0.03170910105109215,1,1
801,5,0.05288825836032629,6,1
802,9,0.01652246154844761,2,1
803,5,0.07780345203354955,6,1
804,9,0.14595539309084415,2,1
805,8,0.03138908060888449,3,1
806,8,0.0198814927910765,3,1
807,8,0.019654118455946445,3,1
808,7,0.04920431599020958,4,1
809,9,0.04778957739472389,2,1
810,6,0.034537527896463874,5,1
811,9,0.013441932387650013,2,1
812,9,0.03120448812842369,2,1
813,5,0.07530261762440205,6,1
814,8,0.04708740611871084,3,1
815,8,0.20405827835202217,3,1
816,7,0.042965675704181194,4,1
817,9,0.05099551938474178,2,1
818,9,0.06025685649365187,2,1
819,9,0.20365437306463718,2,1
820,7,0.03638621512800455,4,1
821,8,0.022517825787266094,3,1
822,7,0.05141180381178856,4,1
823,7,0.03458598745055497,4,1
824,9,0.028661957941949368,2,1
825,8,0.03775848572452863,3,1
826,7,0.11759090656414628,4,1
827,-50,0.04946526098996401,50,0
828,8,0.017734492818514507,3,1
829,7,0.14116051327437162,4,1
830,7,0.03319993196055293,4,1
831,9,0.05570681206882,2,1
832,-23,0.07072107082999804,34,1
833,10,0.020435035228729248,1,1
834,8,0.014456686563789845,3,1
835,10,0.03739939630031586,1,1
836,10,0.012896038591861725,1,1
837,8,0.015150177602966627,3,1
838,-1,0.04048879041026036,12,1
839,10,0.013698655180633068,1,1
840,-1,0.05019099754281342,12,1
841,-2,0.047788603947712824,13,1
842,8,0.0441829472159346,3,1
843,2,0.021882784501132038,9,1
844,10,0.0060019115917384624,1,1
845,-27,0.049667001230103015,38,1
846,9,0.03434759099036455,2,1
847,8,0.015794566832482815,3,1
848,4,0.1571600634072508,7,1
849,7,0.05369761027395725,4,1
850,7,0.04522001324221492,4,1
851,-50,0.042765647638589144,50,0
852,7,0.031021180097013712,4,1
853,8,0.02693887644757827,3,1
854,9,0.027786592952907085,2,1
855,10,0.04001883789896965,1,1
856,10,0.03172604739665985,1,1
857,9,0.02291249018162489,2,1
858,9,0.04704492725431919,2,1
859,7,0.125094537390396,4,1
860,8,0.020909317458669346,3,1
861,9,0.06409706920385361,2,1
862,-31,0.059105406615084836,42,1
863,8,0.026876212408145268,3,1
864,7,0.026599599048495293,4,1
865,8,0.09476810942093532,3,1
866,7,0.018962091766297817,4,1
867,7,0.02569054113700986,4,1
868,8,0.06916187393168609,3,1
869,9,0.019788732519373298,2,1
870,-30,0.06118499615979267,41,1
871,5,0.02521554349611203,6,1
872,8,0.027215181849896908,3,1
873,8,0.028357320154706638,3,1
874,8,0.06077004224061966,3,1
875,-12,0.07651480335904204,23,1
876,9,0.022012257017195225,2,1
877,8,0.029533829540014267,3,1
878,10,0.0190946813672781,1,1
879,9,0.03150005033239722,2,1
880,9,0.027505100704729557,2,1
881,9,0.05113018676638603,2,1
882,10,0.058978017419576645,1,1
883,8,0.030583603928486507,3,1
884,8,0.023428626048068207,3,1
885,10,0.02704019658267498,1,1
886,9,0.024200427811592817,2,1
887,7,0.068234384059906,4,1
888,9,0.09183496236801147,2,1
889,10,0.08222825080156326,1,1
890,9,0.15962745621800423,2,1
891,8,0.04032586266597112,3,1
892,7,0.11745000118389726,4,1
893,10,0.037627167999744415,1,1
894,7,0.02986774267628789,4,1
895,10,0.017096616327762604,1,1
896,10,0.020873676985502243,1,1
897,5,0.05354381958022714,6,1
898,7,0.03695157263427973,4,1
899,9,0.025762206874787807,2,1
900,7,0.029516885289922357,4,1
901,9,0.05485908407717943,2,1
902,9,0.02249513380229473,2,1
903,9,0.020195488817989826,2,1
904,-1,0.1011834532643358,12,1
905,-7,0.05839612867890133,18,1
906,9,0.04962586518377066,2,1
907,7,0.027661107014864683,4,1
908,9,0.03179961070418358,2,1
909,8,0.03805429550508658,3,1
910,8,0.0678525511175394,3,1
911,-38,0.06859783237153778,49,1
912,7,0.03879380505532026,4,1
913,10,0.07084094732999802,1,1
914,10,0.026938673108816147,1,1
915,7,0.04130197362974286,4,1
916,8,0.027775078391035397,3,1
917,8,0.015623994482060274,3,1
918,7,0.04679378285072744,4,1
919,9,0.015261142514646053,2,1
920,10,0.013021918013691902,1,1
921,6,0.03550005629658699,5,1
922,9,0.04186198953539133,2,1
923,6,0.024357492662966253,5,1
924,8,0.03906115827461084,3,1
925,8,0.01514331748088201,3,1
926,8,0.0321093718521297,3,1
927,7,0.026586536318063736,4,1
928,6,0.05804386585950851,5,1
929,-39,0.0716927172926565,30,0
930,5,0.05786529493828615,6,1
931,7,0.02728319074958563,4,1
932,9,0.12876133620738983,2,1
933,7,0.10536483721807599,4,1
934,7,0.04931233683601022,4,1
935,10,0.035454846918582916,1,1
936,8,0.04744441000123819,3,1
937,9,0.1660010190680623,2,1
938,5,0.05416260194033384,6,1
939,8,0.052526927863558136,3,1
940,10,0.05904204398393631,1,1
941,8,0.04684985304872195,3,1
942,8,0.0345866692562898,3,1
943,9,0.09685196727514267,2,1
944,7,0.06938103213906288,4,1
945,6,0.052215563505887984,5,1
946,10,0.02007710188627243,1,1
947,5,0.058297591128697,6,1
948,7,0.05157781229354441,4,1
949,7,0.10327907837927341,4,1
950,6,0.10163688398897648,5,1
951,6,0.046995403990149495,5,1
952,9,0.034383125603199005,2,1
953,6,0.04529880285263062,5,1
954,9,0.04651333950459957,2,1
955,7,0.03456837707199156,4,1
956,9,0.014064023736864328,2,1
957,9,0.028923838399350643,2,1
958,9,0.036884088069200516,2,1
959,7,0.03508322476409376,4,1
960,8,0.02451522710422675,3,1
961,9,0.18838381581008434,2,1
962,10,0.02998543344438076,1,1
963,10,0.015094001777470112,1,1
964,10,0.02843567356467247,1,1
965,6,0.08150544166564941,5,1
966,10,0.014771949499845505,1,1
967,6,0.027283865958452225,5,1
968,9,0.0342741534113884,2,1
969,10,0.0296475850045681,1,1
970,8,0.0335573460906744,3,1
971,9,0.14964350638911128,2,1
972,7,0.0605393317528069,4,1
973,7,0.05264090094715357,4,1
974,10,0.08110783249139786,1,1
975,7,0.03135120449587703,4,1
976,8,0.05726033573349317,3,1
977,-12,0.08484659530222416,23,1
978,9,0.0179939242079854,2,1
979,8,0.06081915646791458,3,1
980,6,0.04536161813884974,5,1
981,9,0.029989019967615604,2,1
982,9,0.07862374186515808,2,1
983,7,0.08926869626156986,4,1
984,10,0.06476110219955444,1,1
985,8,0.045848087718089424,3,1
986,9,0.07633078470826149,2,1
987,10,0.03985234349966049,1,1
988,9,0.05379498191177845,2,1
989,8,0.021640266602238018,3,1
990,8,0.014865250947574774,3,1
991,10,0.07963623106479645,1,1
992,9,0.04992050118744373,2,1
993,-4,0.05358095833410819,15,1
994,9,0.058607649989426136,2,1
995,9,0.053354762494564056,2,1
996,8,0.02351008417705695,3,1
997,10,0.006181906908750534,1,1
998,8,0.0366112565000852,3,1
999,8,0.05187295811871687,3,1
1000,10,0.044524285942316055,1,1
1,8,0.042389918118715286,3,1
2,7,0.029995583929121494,4,1
3,7,0.033534602727741,4,1
4,7,0.0917548993602395,4,1
5,9,0.03635147400200367,2,1
6,9,0.02869067434221506,2,1
7,8,0.024377438550194103,3,1
8,-18,0.03982956521213055,29,1
9,8,0.043372231225172676,3,1
10,6,0.0661587256938219,5,1
11,8,0.08051090190807979,3,1
12,9,0.04090023599565029,2,1
13,9,0.022358977235853672,2,1
14,9,0.04831281676888466,2,1
15,8,0.03593498965104421,3,1
16,5,0.030318658333271742,6,1
17,6,0.068833938986063,5,1
18,8,0.031095043445626896,3,1
19,-50,0.04766963781788945,50,0
20,6,0.03670552670955658,5,1
21,7,0.03636779868975282,4,1
22,7,0.041469502029940486,4,1
23,8,0.061597696195046105,3,1
24,10,0.05046699941158295,1,1
25,8,0.048900063460071884,3,1
26,9,0.11274422891438007,2,1
27,9,0.04187955241650343,2,1
28,9,0.03648449294269085,2,1
29,-15,0.035349151119589806,26,1
30,8,0.026304638634125393,3,1
31,6,0.028713169693946838,5,1
32,10,0.01591206155717373,1,1
33,8,0.05025544886787733,3,1
34,-2,0.05723380698607518,13,1
35,7,0.05764886783435941,4,1
36,-50,0.04696036668494344,50,0
37,5,0.03782720832775036,6,1
38,7,0.036747988779097795,4,1
39,7,0.03987582214176655,4,1
40,7,0.03742928663268685,4,1
41,10,0.023113025352358818,1,1
42,6,0.03166705295443535,5,1
43,8,0.04951772280037403,3,1
44,10,0.01243771705776453,1,1
45,9,0.018329557962715626,2,1
46,8,0.08295390754938126,3,1
47,9,0.050598666071891785,2,1
48,-13,0.039780964337599777,24,1
49,8,0.030464181676506996,3,1
50,8,0.028609903529286385,3,1
51,-26,0.04550475551671273,37,1
52,7,0.039543850813061,4,1
53,6,0.03477987423539162,5,1
54,10,0.01815454289317131,1,1
55,10,0.024596931412816048,1,1
56,9,0.02498122025281191,2,1
57,9,0.03925304487347603,2,1
58,9,0.024772323668003082,2,1
59,5,0.03803814109414816,6,1
60,10,0.059906937181949615,1,1
61,9,0.026252035051584244,2,1
62,8,0.02936163917183876,3,1
63,6,0.018228399474173783,5,1
64,8,0.012598888327678045,3,1
65,-25,0.03045267253441529,36,1
66,10,0.04171542078256607,1,1
67,10,0.013251823373138905,1,1
68,7,0.04692242806777358,4,1
69,8,0.027335668603579204,3,1
70,8,0.02821489858130614,3,1
71,8,0.013960578478872776,3,1
72,6,0.02588814962655306,5,1
73,-25,0.0341184727795836,36,1
74,7,0.03760443953797221,4,1
75,10,0.013876722194254398,1,1
76,8,0.06774464249610901,3,1
77,10,0.08123163878917694,1,1
78,10,0.0525800995528698,1,1
79,9,0.07416759431362152,2,1
80,10,0.01982623152434826,1,1
81,9,0.03259908081963658,2,1
82,-29,0.028849523898679764,40,1
83,6,0.051334279030561446,5,1
84,9,0.0289089847356081,2,1
85,9,0.025062652304768562,2,1
86,10,0.0412527434527874,1,1
87,7,0.032407998107373714,4,1
88,9,0.040411810390651226,2,1
89,9,0.044508013874292374,2,1
90,10,0.021416492760181427,1,1
91,4,0.05290676946086543,7,1
92,7,0.027583990013226867,4,1
93,7,0.034761559683829546,4,1
94,9,0.036570049822330475,2,1
95,8,0.021987417091925938,3,1
96,10,0.020455695688724518,1,1
97,7,0.08890784392133355,4,1
98,9,0.036559250205755234,2,1
99,10,0.033637456595897675,1,1
100,10,0.045948781073093414,1,1
101,10,0.017472950741648674,1,1
102,8,0.03987962380051613,3,1
103,8,0.037630751729011536,3,1
104,6,0.049896040558815004,5,1
105,10,0.034513041377067566,1,1
106,9,0.014525613747537136,2,1
107,9,0.02566833421587944,2,1
108,9,0.032536412589251995,2,1
109,-19,0.05126297896107038,30,1
110,-50,0.04502083720639348,50,0
111,7,0.04078550450503826,4,1
112,10,0.06108289584517479,1,1
113,6,0.048187990114092825,5,1
114,10,0.024364078417420387,1,1
115,10,0.060407478362321854,1,1
116,9,0.01975593902170658,2,1
117,8,0.045602764934301376,3,1
118,6,0.04242393784224987,5,1
119,4,0.049094021054250855,7,1
120,9,0.022024166770279408,2,1
121,7,0.027824499178677797,4,1
122,9,0.019197312649339437,2,1
123,5,0.036700117556999125,6,1
124,-17,0.03182204649783671,8,0
125,10,0.04644090682268143,1,1
126,9,0.05391227547079325,2,1
127,4,0.05107438750565052,7,1
128,8,0.031292968740065895,3,1
129,9,0.04158167541027069,2,1
130,8,0.03443459949145714,3,1
131,10,0.008261440321803093,1,1
132,9,0.04716484248638153,2,1
133,7,0.026503752218559384,4,1
134,8,0.039300040962795414,3,1
135,9,0.04368909168988466,2,1
136,-3,0.06432874667059098,14,1
137,7,0.040918438229709864,4,1
138,7,0.08383562136441469,4,1
139,5,0.05735571092615525,6,1
140,-28,0.044163193816366866,39,1
141,7,0.02600879967212677,4,1
142,8,0.016907147442301113,3,1
143,10,0.03748083859682083,1,1
144,7,0.045393673703074455,4,1
145,-7,0.07822158860249652,18,1
146,9,0.01364844897761941,2,1
147,7,0.046184374717995524,4,1
148,8,0.05846424773335457,3,1
149,10,0.038200683891773224,1,1
150,8,0.016099164883295696,3,1
151,10,0.11208222806453705,1,1
152,10,0.0679788738489151,1,1
153,7,0.027600139961577952,4,1
154,7,0.060168436262756586,4,1
155,5,0.059825750067830086,6,1
156,9,0.016685356851667166,2,1
157,10,0.02329949475824833,1,1
158,8,0.03954104706645012,3,1
159,5,0.02892046794295311,6,1
160,10,0.036689817905426025,1,1
161,10,0.017810439690947533,1,1
162,10,0.03293156996369362,1,1
163,8,0.02861458311478297,3,1
164,8,0.03438482340425253,3,1
165,9,0.03183890599757433,2,1
166,7,0.04288488463498652,4,1
167,8,0.04229691997170448,3,1
168,8,0.10148769027243058,3,1
169,9,0.019263670314103365,2,1
170,9,0.011854414362460375,2,1
171,7,0.05427687196061015,4,1
172,8,0.02422684182723363,3,1
173,10,0.010111073963344097,1,1
174,4,0.0799113806071026,7,1
175,-6,0.0522266240680919,17,1
176,7,0.047002135310322046,4,1
177,7,0.05318265222012997,4,1
178,10,0.011726793833076954,1,1
179,10,0.052569158375263214,1,1
180,8,0.020110311607519787,3,1
181,9,0.028208062052726746,2,1
182,7,0.03462712140753865,4,1
183,10,0.0268438458442688,1,1
184,6,0.05732586719095707,5,1
185,-20,0.05577317964766295,31,1
186,8,0.0751288825025161,3,1
187,-15,0.05714283076425394,6,0
188,-10,0.020212020725011826,1,0
189,8,0.04797541971007983,3,1
190,10,0.008375420235097408,1,1
191,8,0.032365432009100914,3,1
192,10,0.10211022943258286,1,1
193,9,0.08719244785606861,2,1
194,10,0.06930392980575562,1,1
195,9,0.041907500475645065,2,1
196,9,0.22309507429599762,2,1
197,7,0.05775386653840542,4,1
198,9,0.034966227132827044,2,1
199,10,0.017376365140080452,1,1
200,8,0.11080104733506839,3,1
201,10,0.049426548182964325,1,1
202,10,0.017697103321552277,1,1
203,10,0.416265070438385,1,1
204,8,0.03902954359849294,3,1
205,10,0.049389827996492386,1,1
206,9,0.0463543850928545,2,1
207,9,0.023314176127314568,2,1
208,7,0.055172128370031714,4,1
209,6,0.028180722519755362,5,1
210,8,0.1313881209741036,3,1
211,10,0.0113108204677701,1,1
212,7,0.020474977092817426,4,1
213,-10,0.03818175941705704,1,0
214,9,0.03405616898089647,2,1
215,8,0.05523875107367834,3,1
216,8,0.16995544576396546,3,1
217,6,0.10368165466934443,5,1
218,7,0.03846459882333875,4,1
219,10,0.10712071508169174,1,1
220,8,0.03273309829334418,3,1
221,7,0.028110257117077708,4,1
222,9,0.030642950907349586,2,1
223,7,0.035115917678922415,4,1
224,5,0.0888786477347215,6,1
225,8,0.029577113998432953,3,1
226,7,0.04468064196407795,4,1
227,7,0.02451017196290195,4,1
228,4,0.04380457741873605,7,1
229,-15,0.08604005315842536,26,1
230,8,0.04349171742796898,3,1
231,8,0.05232261183361212,3,1
232,7,0.2447482105344534,4,1
233,9,0.0715080164372921,2,1
234,-10,0.04472050815820694,1,0
235,-19,0.05703401025384665,30,1
236,7,0.08204493392258883,4,1
237,9,0.034300297498703,2,1
238,-14,0.1505699299275875,5,0
239,9,0.01938192080706358,2,1
240,8,0.047541987150907516,3,1
241,8,0.026321922118465107,3,1
242,9,0.01826107781380415,2,1
243,10,0.018016265705227852,1,1
244,8,0.17100228182971478,3,1
245,-32,0.14439238178665223,23,0
246,-50,0.07544786178665917,41,0
247,9,0.02317193988710642,2,1
248,6,0.06590228751301766,5,1
249,10,0.06063154339790344,1,1
250,6,0.05711056888103485,5,1
251,-7,0.07567152753472328,18,1
252,-11,0.27246750239282846,2,0
253,7,0.0644683544524014,4,1
254,10,0.024639228358864784,1,1
255,7,0.13896783255040646,4,1
256,10,0.44661495089530945,1,1
257,5,0.09058898811539014,6,1
258,10,0.04070289433002472,1,1
259,9,0.024382270872592926,2,1
260,-50,0.083018788266927,50,0
261,-25,0.09235870616976172,16,0
262,9,0.05948907323181629,2,1
263,0,0.04016293974762613,11,1
264,9,0.3947298377752304,2,1
265,8,0.13138300428787866,3,1
266,8,0.169145489577204,3,1
267,8,0.05974799022078514,3,1
268,8,0.04350622184574604,3,1
269,9,0.25373426266014576,2,1
270,6,0.014191596768796444,5,1
271,9,0.09965210501104593,2,1
272,3,0.09495887882076204,8,1
273,10,0.01431233435869217,1,1
274,8,0.041487871358791985,3,1
275,10,0.016038546338677406,1,1
276,-10,0.03226454183459282,1,0
277,9,0.20647145994007587,2,1
278,7,0.06018190458416939,4,1
279,8,0.06980508379638195,3,1
280,10,0.014549992978572845,1,1
281,6,0.09054031521081925,5,1
282,8,0.01750701665878296,3,1
283,8,0.046786382173498474,3,1
284,7,0.02748060319572687,4,1
285,7,0.03163694613613188,4,1
286,8,0.07100909079114597,3,1
287,8,0.17582139248649278,3,1
288,9,0.018313996493816376,2,1
289,8,0.05091773966948191,3,1
290,9,0.0768907479941845,2,1
291,9,0.026064987294375896,2,1
292,8,0.14138353647043309,3,1
293,10,0.018893232569098473,1,1
294,10,0.019835634157061577,1,1
295,7,0.02663507079705596,4,1
296,9,0.01003983011469245,2,1
297,7,0.25049197021871805,4,1
298,7,0.022523263469338417,4,1
299,9,0.01923801191151142,2,1
300,9,0.2080858675763011,2,1
301,6,0.09751816540956497,5,1
302,7,0.08279040642082691,4,1
303,8,0.04844347760081291,3,1
304,8,0.149949220319589,3,1
305,8,0.049552194153269134,3,1
306,6,0.10642355754971504,5,1
307,9,0.03829571697860956,2,1
308,-6,0.0767968900173026,17,1
309,10,0.12901677191257477,1,1
310,10,0.023839816451072693,1,1
311,9,0.17062887735664845,2,1
312,6,0.09440257959067822,5,1
313,-50,0.06966146035119891,50,0
314,6,0.12293128743767738,5,1
315,9,0.25527902878820896,2,1
316,9,0.033506016712635756,2,1
317,9,0.2835891880095005,2,1
318,10,0.017809037119150162,1,1
319,7,0.13990856567397714,4,1
320,9,0.06633708160370588,2,1
321,6,0.12043200805783272,5,1
322,8,0.185670072833697,3,1
323,9,0.07651077024638653,2,1
324,5,0.07125230506062508,6,1
325,9,0.05508383084088564,2,1
326,8,0.06467513864239056,3,1
327,5,0.030233931882927816,6,1
328,10,0.030083050951361656,1,1
329,9,0.21954394783824682,2,1
330,6,0.04567579999566078,5,1
331,1,0.06271697226911783,10,1
332,-11,0.02099710050970316,2,0
333,8,0.031578972935676575,3,1
334,9,0.22397606819868088,2,1
335,8,0.1927490265419086,3,1
336,10,0.020759116858243942,1,1
337,7,0.13283787947148085,4,1
338,5,0.14772351955374083,6,1
339,9,0.028058506548404694,2,1
340,5,0.12292304604003827,6,1
341,10,0.03160354867577553,1,1
342,9,0.05034152325242758,2,1
343,10,0.02528280019760132,1,1
344,10,0.028713153675198555,1,1
345,6,0.21607638224959375,5,1
346,8,0.22652846202254295,3,1
347,7,0.0610192259773612,4,1
348,10,0.08668729662895203,1,1
349,7,0.11131706647574902,4,1
350,-10,0.11392357368909177,21,1
351,9,0.03289667796343565,2,1
352,9,0.04176849313080311,2,1
353,8,0.08853860385715961,3,1
354,10,0.3086593747138977,1,1
355,6,0.13927756659686566,5,1
356,10,0.037841230630874634,1,1
357,-13,0.14904897194355726,4,0
358,9,0.06870559882372618,2,1
359,10,0.03493562340736389,1,1
360,5,0.13984539608160654,6,1
361,9,0.057302563451230526,2,1
362,9,0.27721668779850006,2,1
363,10,0.2190096080303192,1,1
364,8,0.11456896302600701,3,1
365,9,0.04661442153155804,2,1
366,9,0.026866769418120384,2,1
367,8,0.15803631953895092,3,1
368,9,0.05643416475504637,2,1
369,-40,0.09146755936765863,31,0
370,9,0.061775077134370804,2,1
371,10,0.04787759482860565,1,1
372,9,0.059566196985542774,2,1
373,7,0.05407040286809206,4,1
374,6,0.033477363735437395,5,1
375,9,0.09124619700014591,2,1
376,10,0.07581787556409836,1,1
377,8,0.07861132050553958,3,1
378,9,0.283806748688221,2,1
379,9,0.3066240921616554,2,1
380,8,0.05042292053500811,3,1
381,9,0.05388700868934393,2,1
382,7,0.149417613632977,4,1
383,7,0.0485317544080317,4,1
384,7,0.14332453114911914,4,1
385,8,0.04453085549175739,3,1
386,10,0.053367845714092255,1,1
387,8,0.055199826757113137,3,1
388,7,0.0529866861179471,4,1
389,7,0.06089151091873646,4,1
390,7,0.145461886189878,4,1
391,8,0.05679550518592199,3,1
392,9,0.030565383844077587,2,1
393,8,0.08321015660961469,3,1
394,8,0.025268432684242725,3,1
395,8,0.027281956747174263,3,1
396,10,0.019967999309301376,1,1
397,9,0.03912092000246048,2,1
398,7,0.026401192881166935,4,1
399,10,0.018046123906970024,1,1
400,7,0.03629171522334218,4,1
401,10,0.04448249936103821,1,1
402,8,0.04090623868008455,3,1
403,10,0.019059311598539352,1,1
404,8,0.051058528323968254,3,1
405,10,0.039657752960920334,1,1
406,6,0.057051798701286315,5,1
407,8,0.027793296923240025,3,1
408,-10,0.04011723133070128,21,1
409,10,0.06516232341527939,1,1
410,9,0.2151175867766142,2,1
411,9,0.028310824185609818,2,1
412,6,0.04487398788332939,5,1
413,10,0.04704088717699051,1,1
414,4,0.021055762256894792,7,1
415,7,0.04226931370794773,4,1
416,-50,0.08866267420351505,50,0
417,8,0.14624329780538878,3,1
418,9,0.04811965115368366,2,1
419,9,0.03048108145594597,2,1
420,8,0.04432641714811325,3,1
421,9,0.06330394372344017,2,1
422,9,0.03531459905207157,2,1
423,9,0.03201866056770086,2,1
424,9,0.2628602981567383,2,1
425,9,0.08716273866593838,2,1
426,9,0.017013608943670988,2,1
427,7,0.03968415269628167,4,1
428,7,0.04492421634495258,4,1
429,9,0.094490896910429,2,1
430,9,0.03486695606261492,2,1
431,4,0.035997954197227955,7,1
432,8,0.21626850217580795,3,1
433,10,0.02222258225083351,1,1
434,8,0.0398300193871061,3,1
435,6,0.07432491704821587,5,1
436,7,0.040729652624577284,4,1
437,9,0.028538757003843784,2,1
438,8,0.02613712754100561,3,1
439,9,0.019183948636054993,2,1
440,9,0.22516372334212065,2,1
441,7,0.09570856019854546,4,1
442,10,0.02916095033288002,1,1
443,6,0.03634346090257168,5,1
444,-6,0.11722041167976226,17,1
445,-6,0.09064797739333966,17,1
446,10,0.031076719984412193,1,1
447,9,0.025031935423612595,2,1
448,8,0.034433107202251755,3,1
449,10,0.0742962509393692,1,1
450,10,0.03242608904838562,1,1
451,8,0.05679967751105627,3,1
452,9,0.0650458037853241,2,1
453,7,0.04103802377358079,4,1
454,9,0.06516977585852146,2,1
455,8,0.03647362068295479,3,1
456,9,0.02085510827600956,2,1
457,3,0.1275275433436036,8,1
458,7,0.20145640149712563,4,1
459,8,0.04551711492240429,3,1
460,8,0.037664465606212616,3,1
461,-2,0.09224695081894214,13,1
462,7,0.04634752497076988,4,1
463,-50,0.056316553931683305,50,0
464,6,0.020729332603514193,5,1
465,9,0.0163111281581223,2,1
466,9,0.027072838507592678,2,1
467,9,0.02228101994842291,2,1
468,0,0.15608681399713864,11,1
469,6,0.10275913886725903,5,1
470,9,0.029892986174672842,2,1
471,10,0.13733968138694763,1,1
472,5,0.0448843048264583,6,1
473,8,0.1766655370593071,3,1
474,9,0.03629653621464968,2,1
475,7,0.02612509671598673,4,1
476,10,0.02420581504702568,1,1
477,8,0.045213013887405396,3,1
478,10,0.057803332805633545,1,1
479,7,0.19882643315941095,4,1
480,8,0.046843464796741806,3,1
481,7,0.05578667391091585,4,1
482,8,0.03526131436228752,3,1
483,9,0.32129426300525665,2,1
484,10,0.4390193223953247,1,1
485,8,0.04148401071627935,3,1
486,9,0.06592176668345928,2,1
487,-26,0.07657796688176491,37,1
488,9,0.21361696906387806,2,1
489,10,0.017795922234654427,1,1
490,7,0.025952059775590897,4,1
491,6,0.028531108796596528,5,1
492,7,0.019611847354099154,4,1
493,9,0.1017879992723465,2,1
494,8,0.04675015372534593,3,1
495,8,0.044070941706498466,3,1
496,8,0.06663026350239913,3,1
497,-8,0.055273352779055894,19,1
498,7,0.045292922761291265,4,1
499,10,0.03627656772732735,1,1
500,7,0.030427332036197186,4,1
501,9,0.03071174118667841,2,1
502,9,0.04606218822300434,2,1
503,9,0.023929962888360023,2,1
504,9,0.025636871345341206,2,1
505,9,0.01863578613847494,2,1
506,-10,0.030210226774215698,1,0
507,7,0.019335010088980198,4,1
508,6,0.13157005086541176,5,1
509,-31,0.07324476318345183,42,1
510,8,0.0332508102680246,3,1
511,7,0.07377101760357618,4,1
512,-17,0.06590236201217133,28,1
513,9,0.02268381416797638,2,1
514,10,0.060361098498106,1,1
515,7,0.027128483168780804,4,1
516,6,0.03179216124117375,5,1
517,9,0.013987192418426275,2,1
518,7,0.04773567686788738,4,1
519,9,0.21308532543480396,2,1
520,10,0.04112715646624565,1,1
521,10,0.033267438411712646,1,1
522,8,0.052417315542697906,3,1
523,8,0.030327111172179382,3,1
524,9,0.0386364720761776,2,1
525,-10,0.05041171982884407,1,0
526,9,0.019813320599496365,2,1
527,9,0.17604214511811733,2,1
528,10,0.06584241986274719,1,1
529,1,0.054630106687545775,10,1
530,9,0.04820726439356804,2,1
531,9,0.024968450888991356,2,1
532,9,0.047985720448195934,2,1
533,10,0.013656482100486755,1,1
534,8,0.04208918288350105,3,1
535,7,0.0466629583388567,4,1
536,9,0.049669329077005386,2,1
537,10,0.02894863486289978,1,1
538,9,0.01985684037208557,2,1
539,9,0.027744262479245663,2,1
540,9,0.09962943010032177,2,1
541,7,0.029978869948536158,4,1
542,10,0.06805188953876495,1,1
543,10,0.08158400654792786,1,1
544,9,0.015112409833818674,2,1
545,10,0.039998315274715424,1,1
546,8,0.026875514226655167,3,1
547,10,0.03287310153245926,1,1
548,9,0.043296522460877895,2,1
549,8,0.03477650322020054,3,1
550,8,0.10463993685940902,3,1
551,8,0.02515954353536169,3,1
552,5,0.1186484806239605,6,1
553,9,0.04927975684404373,2,1
554,6,0.1409791637212038,5,1
555,10,0.01552600972354412,1,1
556,-17,0.09063797098185335,28,1
557,5,0.0350786269021531,6,1
558,9,0.018338744062930346,2,1
559,10,0.04927365109324455,1,1
560,8,0.024917957683404286,3,1
561,8,0.2065622309843699,3,1
562,7,0.11381834512576461,4,1
563,8,0.024335599814852078,3,1
564,10,0.022593721747398376,1,1
565,7,0.050123542081564665,4,1
566,-50,0.061125858053565026,50,0
567,10,0.01296521257609129,1,1
568,7,0.13549860334023833,4,1
569,-26,0.05234948704567026,17,0
570,9,0.022515932098031044,2,1
571,7,0.03529779938980937,4,1
572,-50,0.07190662801265717,50,0
573,9,0.022701342590153217,2,1
574,8,0.2270890735089779,3,1
575,9,0.061038109473884106,2,1
576,-4,0.06611716306457917,15,1
577,4,0.07203175114201647,7,1
578,-34,0.07550816339337163,45,1
579,10,0.05050697177648544,1,1
580,7,0.17533457931131124,4,1
581,10,0.07616432011127472,1,1
582,10,0.38895395398139954,1,1
583,7,0.25371156074106693,4,1
584,6,0.08494436331093311,5,1
585,9,0.05334915220737457,2,1
586,8,0.031211216002702713,3,1
587,8,0.039339360470573105,3,1
588,9,0.041580324061214924,2,1
589,7,0.0558443246409297,4,1
590,7,0.030748493038117886,4,1
591,10,0.050488684326410294,1,1
592,8,0.06949503471453984,3,1
593,10,0.022657379508018494,1,1
594,-5,0.03864868689561263,16,1
595,8,0.032174756129582725,3,1
596,10,0.04369782283902168,1,1
597,9,0.023101516999304295,2,1
598,-50,0.05540721965953708,50,0
599,8,0.15418692429860434,3,1
600,9,0.059401096776127815,2,1
601,8,0.16703568895657858,3,1
602,10,0.0345771424472332,1,1
603,8,0.04621834121644497,3,1
604,8,0.023837742085258167,3,1
605,9,0.022035262547433376,2,1
606,8,0.02729920732478301,3,1
607,7,0.021718404022976756,4,1
608,5,0.03823879764725765,6,1
609,10,0.055320270359516144,1,1
610,8,0.023118368660410244,3,1
611,-50,0.05922459483146667,50,0
612,8,0.06217858071128527,3,1
613,6,0.031122727878391744,5,1
614,8,0.02278897011031707,3,1
615,9,0.058635395020246506,2,1
616,9,0.03199215978384018,2,1
617,9,0.016107158735394478,2,1
618,7,0.1208357613068074,4,1
619,-12,0.05988472712266704,23,1
620,9,0.022296330891549587,2,1
621,9,0.04635954648256302,2,1
622,8,0.06070814530054728,3,1
623,7,0.07978552766144276,4,1
624,10,0.007618546951562166,1,1
625,8,0.035561577416956425,3,1
626,6,0.0612225741147995,5,1
627,9,0.2427682988345623,2,1
628,4,0.06863479129970074,7,1
629,7,0.1318488772958517,4,1
630,8,0.05962490476667881,3,1
631,9,0.033723643980920315,2,1
632,7,0.023427022621035576,4,1
633,9,0.07274255901575089,2,1
634,9,0.04363172873854637,2,1
635,8,0.07561022912462552,3,1
636,9,0.07324247807264328,2,1
637,6,0.10101552084088325,5,1
638,6,0.06474767811596394,5,1
639,7,0.058305501006543636,4,1
640,9,0.027809543535113335,2,1
641,7,0.09436150034889579,4,1
642,10,0.019940244033932686,1,1
643,8,0.06823386065661907,3,1
644,8,0.07150543170670669,3,1
645,9,0.07056407630443573,2,1
646,9,0.09284772165119648,2,1
647,7,0.041041945572942495,4,1
648,8,0.04718783187369505,3,1
649,-50,0.07196147084236144,50,0
650,7,0.03513776604086161,4,1
651,7,0.035044276621192694,4,1
652,9,0.05173434969037771,2,1
653,5,0.036547565211852394,6,1
654,-50,0.04790362223982811,50,0
655,6,0.043571864068508145,5,1
656,7,0.040157480631023645,4,1
657,9,0.03054260089993477,2,1
658,8,0.04635122480491797,3,1
659,10,0.016726234927773476,1,1
660,7,0.11345730535686016,4,1
661,8,0.01962256369491418,3,1
662,7,0.1186700239777565,4,1
663,10,0.01250382512807846,1,1
664,10,0.1125362366437912,1,1
665,8,0.03528547411163648,3,1
666,8,0.01990270521491766,3,1
667,-6,0.023673647521611524,17,1
668,7,0.03750364645384252,4,1
669,10,0.003390013473108411,1,1
670,8,0.05873033497482538,3,1
671,10,0.08411751687526703,1,1
672,8,0.016134247183799744,3,1
673,6,0.016597587428987027,5,1
674,6,0.03992374762892723,5,1
675,9,0.011360731907188892,2,1
676,8,0.03306261636316776,3,1
677,9,0.033355443738400936,2,1
678,8,0.027991713645557564,3,1
679,6,0.025461521372199057,5,1
680,7,0.01636275020428002,4,1
681,8,0.03046848624944687,3,1
682,8,0.039723790561159454,3,1
683,9,0.01099732075817883,2,1
684,7,0.07847173837944865,4,1
685,9,0.09434465691447258,2,1
686,9,0.09744532499462366,2,1
687,8,0.03240003312627474,3,1
688,8,0.15044105239212513,3,1
689,-4,0.05407298008600871,15,1
690,5,0.05153865832835436,6,1
691,9,0.07715406268835068,2,1
692,8,0.063628734399875,3,1
693,9,0.05043402034789324,2,1
694,9,0.060433147475123405,2,1
695,8,0.047464098781347275,3,1
696,-50,0.04623818190768361,50,0
697,8,0.027816403657197952,3,1
698,7,0.03615760151296854,4,1
699,9,0.026605797931551933,2,1
700,9,0.021991564659401774,2,1
701,9,0.03507407754659653,2,1
702,8,0.037215313563744225,3,1
703,-22,0.06490938967237106,13,0
704,-16,0.05505891844492267,27,1
705,10,0.05301809310913086,1,1
706,10,0.029248643666505814,1,1
707,4,0.06232453829475811,7,1
708,7,0.14020636677742004,4,1
709,8,0.04431753605604172,3,1
710,8,0.04287396495540937,3,1
711,8,0.03271645245452722,3,1
712,8,0.18187268326679865,3,1
713,10,0.07217074185609818,1,1
714,9,0.03489992395043373,2,1
715,10,0.026987457647919655,1,1
716,6,0.038857050240039825,5,1
717,8,0.1730309451619784,3,1
718,6,0.14344236981123687,5,1
719,10,0.026755202561616898,1,1
720,9,0.02169943694025278,2,1
721,9,0.03496096562594175,2,1
722,7,0.041343131102621555,4,1
723,7,0.0604843245819211,4,1
724,9,0.02852546237409115,2,1
725,8,0.04993354218701521,3,1
726,9,0.0369766466319561,2,1
727,10,0.021769937127828598,1,1
728,-3,0.042036056119416444,14,1
729,6,0.11834074668586254,5,1
730,10,0.018361346796154976,1,1
731,8,0.19744274268547693,3,1
732,9,0.03460519760847092,2,1
733,8,0.02115835901349783,3,1
734,-19,0.06453951379905144,30,1
735,-20,0.033818507446877415,31,1
736,-15,0.04632401020409396,26,1
737,6,0.05548348613083363,5,1
738,9,0.035599974915385246,2,1
739,8,0.04198437804977099,3,1
740,9,0.01059843273833394,2,1
741,9,0.059817057102918625,2,1
742,4,0.03682191789682422,7,1
743,8,0.055020276457071304,3,1
744,8,0.03367317592104276,3,1
745,-14,0.06379400923848152,25,1
746,6,0.034502873197197914,5,1
747,7,0.03714025765657425,4,1
748,8,0.03647714542845885,3,1
749,6,0.031562423892319204,5,1
750,9,0.02010971214622259,2,1
751,10,0.028193913400173187,1,1
752,10,0.01616901159286499,1,1
753,7,0.15274228481575847,4,1
754,10,0.01680908352136612,1,1
755,9,0.02521472331136465,2,1
756,9,0.08745007961988449,2,1
757,8,0.018008131068199873,3,1
758,8,0.03476356963316599,3,1
759,10,0.02255089394748211,1,1
760,9,0.03526057489216328,2,1
761,7,0.053497823886573315,4,1
762,7,0.029780395794659853,4,1
763,10,0.023137832060456276,1,1
764,5,0.03466559822360674,6,1
765,8,0.050539144625266395,3,1
766,10,0.058570146560668945,1,1
767,6,0.05365272127091884,5,1
768,10,0.030178330838680267,1,1
769,7,0.02495230408385396,4,1
770,8,0.03543387415508429,3,1
771,10,0.0246589295566082,1,1
772,10,0.1524335741996765,1,1
773,7,0.1166256993310526,4,1
774,8,0.06184797485669454,3,1
775,7,0.042603077832609415,4,1
776,10,0.03533526882529259,1,1
777,-50,0.057752418499439954,50,0
778,-20,0.06799358061768791,11,0
779,9,0.02979415003210306,2,1
780,7,0.04833833547309041,4,1
781,7,0.051015205681324005,4,1
782,7,0.020332315703853965,4,1
783,0,0.03360404810783538,11,1
784,10,0.0613737478852272,1,1
785,5,0.07106063421815634,6,1
786,10,0.02430269494652748,1,1
787,10,0.06531241536140442,1,1
788,8,0.03489241562783718,3,1
789,5,0.03591744974255562,6,1
790,8,0.026311226810018223,3,1
791,9,0.11666185408830643,2,1
792,7,0.024296368705108762,4,1
793,6,0.12695112451910973,5,1
794,9,0.09973147138953209,2,1
795,8,0.016188346780836582,3,1
796,10,0.030938770622015,1,1
797,10,0.014778858982026577,1,1
798,10,0.014350495301187038,1,1
799,7,0.03520380053669214,4,1
800,8,0.052765920758247375,3,1
801,7,0.060394651256501675,4,1
802,5,0.03465008487304052,6,1
803,10,0.031808704137802124,1,1
804,9,0.0614645890891552,2,1
805,-5,0.06643598317168653,16,1
806,10,0.03360351547598839,1,1
807,7,0.04588162247091532,4,1
808,8,0.042632728815078735,3,1
809,8,0.1426493190228939,3,1
810,10,0.023500077426433563,1,1
811,8,0.047336844727396965,3,1
812,9,0.24416301678866148,2,1
813,8,0.022655316318074863,3,1
814,8,0.01617840180794398,3,1
815,10,0.012767714448273182,1,1
816,-50,0.05749679171480238,50,0
817,9,0.028160649351775646,2,1
818,8,0.12858448239664236,3,1
819,10,0.052907831966876984,1,1
820,-50,0.034176040505990386,50,0
821,10,0.09808424115180969,1,1
822,7,0.0461456123739481,4,1
823,-22,0.044321671833820415,33,1
824,8,0.02992613334208727,3,1
825,9,0.01370541611686349,2,1
826,8,0.028719112587471802,3,1
827,8,0.017922683308521908,3,1
828,9,0.013760659843683243,2,1
829,7,0.016495583462528884,4,1
830,7,0.013320501893758774,4,1
831,10,0.015151163563132286,1,1
832,10,0.02399539388716221,1,1
833,8,0.027590584320326645,3,1
834,10,0.1567583680152893,1,1
835,8,0.012881436385214329,3,1
836,10,0.025178613141179085,1,1
837,-10,0.011057284660637379,1,0
838,8,0.015161929341653982,3,1
839,9,0.15611198917031288,2,1
840,8,0.12717909862597784,3,1
841,8,0.01393309204528729,3,1
842,6,0.02151598297059536,5,1
843,7,0.016427558148279786,4,1
844,10,0.1239193007349968,1,1
845,8,0.01641735729450981,3,1
846,8,0.1524489733080069,3,1
847,10,0.011497663334012032,1,1
848,10,0.012720724567770958,1,1
849,6,0.09162684567272664,5,1
850,6,0.04494852852076292,5,1
851,10,0.027947168797254562,1,1
852,10,0.3719424307346344,1,1
853,6,0.018541828729212284,5,1
854,7,0.11419880390167236,4,1
855,10,0.014775793999433517,1,1
856,5,0.10329739081983765,6,1
857,8,0.012507316966851553,3,1
858,9,0.052417621947824955,2,1
859,8,0.010314040817320347,3,1
860,9,0.018673032522201538,2,1
861,10,0.04663356766104698,1,1
862,6,0.02111880974844098,5,1
863,9,0.02756952214986086,2,1
864,10,0.07738490402698517,1,1
865,7,0.04172036540694535,4,1
866,9,0.0557856447994709,2,1
867,10,0.05262184143066406,1,1
868,8,0.053859954699873924,3,1
869,10,0.02493208460509777,1,1
870,9,0.026569975540041924,2,1
871,8,0.02980717457830906,3,1
872,10,0.01914326287806034,1,1
873,10,0.013808200135827065,1,1
874,-10,0.028492936864495277,1,0
875,-50,0.03738761344924569,50,0
876,10,0.019757036119699478,1,1
877,8,0.053810340662797294,3,1
878,8,0.028447679554422695,3,1
879,10,0.02043600007891655,1,1
880,10,0.017094921320676804,1,1
881,10,0.42986559867858887,1,1
882,8,0.03186739950130383,3,1
883,10,0.016360506415367126,1,1
884,9,0.03141921851783991,2,1
885,7,0.04796919017098844,4,1
886,10,0.020845841616392136,1,1
887,-11,0.3816487342119217,2,0
888,8,0.018849799099067848,3,1
889,-22,0.04599261563271284,33,1
890,10,0.02586444839835167,1,1
891,-12,0.07944814366814883,23,1
892,9,0.04236350767314434,2,1
893,9,0.056270256638526917,2,1
894,7,0.0547756040468812,4,1
895,9,0.07502587791532278,2,1
896,-10,0.31469786167144775,1,0
897,9,0.02481560967862606,2,1
898,9,0.0935133807361126,2,1
899,8,0.17018465790897608,3,1
900,10,0.2314438670873642,1,1
901,8,0.19155814995368323,3,1
902,10,0.01977333426475525,1,1
903,8,0.05000656098127365,3,1
904,8,0.022520989179611206,3,1
905,-23,0.05911568839869955,34,1
906,9,0.03986215963959694,2,1
907,9,0.01960517978295684,2,1
908,6,0.10375081431120634,5,1
909,10,0.026053471490740776,1,1
910,9,0.023947578854858875,2,1
911,10,0.03475145623087883,1,1
912,4,0.02548820525407791,7,1
913,9,0.02027440583333373,2,1
914,7,0.03689727350138128,4,1
915,7,0.05951570579782128,4,1
916,9,0.26160381082445383,2,1
917,5,0.026452603672320645,6,1
918,8,0.11641130906840165,3,1
919,10,0.026082322001457214,1,1
920,6,0.10133470669388771,5,1
921,8,0.038423869758844376,3,1
922,9,0.03004279639571905,2,1
923,9,0.24374599009752274,2,1
924,8,0.15743164469798407,3,1
925,6,0.027771859802305697,5,1
926,8,0.10105385879675548,3,1
927,8,0.016895258178313572,3,1
928,-26,0.07815917208790779,37,1
929,8,0.16875819365183511,3,1
930,9,0.02787825558334589,2,1
931,7,0.0350632353220135,4,1
932,8,0.01972576106588046,3,1
933,4,0.022127019640590464,7,1
934,6,0.12848001383244992,5,1
935,10,0.02364639937877655,1,1
936,10,0.03591422736644745,1,1
937,7,0.028953155037015676,4,1
938,9,0.02575809508562088,2,1
939,10,0.017819354310631752,1,1
940,9,0.020759400445967913,2,1
941,7,0.14726788783445954,4,1
942,10,0.40833359956741333,1,1
943,-15,0.07032134025715865,26,1
944,10,0.025032293051481247,1,1
945,9,0.020403919741511345,2,1
946,9,0.10222138464450836,2,1
947,8,0.02797097402314345,3,1
948,9,0.027559205424040556,2,1
949,8,0.016047777608036995,3,1
950,7,0.027841551462188363,4,1
951,9,0.062373317778110504,2,1
952,8,0.014166796579957008,3,1
953,7,0.017243222217075527,4,1
954,9,0.014344827271997929,2,1
955,9,0.014036324806511402,2,1
956,8,0.03239259092758099,3,1
957,10,0.02048114687204361,1,1
958,6,0.028711175732314586,5,1
959,10,0.008430915884673595,1,1
960,7,0.043535077245905995,4,1
961,9,0.02078864723443985,2,1
962,10,0.03084941953420639,1,1
963,9,0.01830977201461792,2,1
964,8,0.023313737474381924,3,1
965,9,0.2479690695181489,2,1
966,10,0.026238005608320236,1,1
967,6,0.09185652621090412,5,1
968,8,0.03306531844039758,3,1
969,7,0.024936954956501722,4,1
970,8,0.05193709395825863,3,1
971,7,0.0921493882779032,4,1
972,10,0.02338765747845173,1,1
973,9,0.02571970783174038,2,1
974,7,0.03043024498037994,4,1
975,9,0.009585877880454063,2,1
976,9,0.02984229987487197,2,1
977,10,0.016267843544483185,1,1
978,8,0.1772212569291393,3,1
979,9,0.015352954855188727,2,1
980,9,0.02145300153642893,2,1
981,8,0.17452196528514227,3,1
982,10,0.42221859097480774,1,1
983,6,0.02826703283935785,5,1
984,8,0.017798273513714474,3,1
985,5,0.027000316651538014,6,1
986,1,0.08991408087313175,10,1
987,9,0.0409922543913126,2,1
988,8,0.07194264978170395,3,1
989,10,0.08701202273368835,1,1
990,8,0.036000484600663185,3,1
991,7,0.030871598981320858,4,1
992,9,0.045834142714738846,2,1
993,8,0.03251666482537985,3,1
994,6,0.02897372730076313,5,1
995,6,0.060755014419555664,5,1
996,9,0.20245718490332365,2,1
997,10,0.02239324524998665,1,1
998,10,0.024314604699611664,1,1
999,9,0.02153018256649375,2,1
1000,9,0.013692609500139952,2,1
1,5,0.14646005925411978,6,1
2,-16,0.05013464129081479,27,1
3,9,0.0437698382884264,2,1
4,7,0.05269026197493076,4,1
5,10,0.015358288772404194,1,1
6,9,0.021864796057343483,2,1
7,7,0.035735726822167635,4,1
8,7,0.025511568877846003,4,1
9,9,0.013633158057928085,2,1
10,8,0.05741329863667488,3,1
11,9,0.03539433982223272,2,1
12,8,0.035783104598522186,3,1
13,10,0.7611309289932251,1,1
14,7,0.048939763102680445,4,1
15,6,0.0582952294498682,5,1
16,-13,0.020413439255207777,4,0
17,8,0.02338434973110755,3,1
18,8,0.14428267224381366,3,1
19,8,0.029862097154061,3,1
20,7,0.013613913673907518,4,1
21,8,0.28127834635476273,3,1
22,8,0.010271115383754173,3,1
23,6,0.049706409126520155,5,1
24,6,0.023948808945715428,5,1
25,8,0.015548364880184332,3,1
26,6,0.04147957917302847,5,1
27,9,0.047870486974716187,2,1
28,9,0.1105482317507267,2,1
29,3,0.04662112891674042,8,1
30,7,0.07456488674506545,4,1
31,6,0.04699632339179516,5,1
32,9,0.03982117772102356,2,1
33,9,0.047783576883375645,2,1
34,10,0.06844313442707062,1,1
35,7,0.01760364370420575,4,1
36,7,0.06564195593819022,4,1
37,8,0.047407135367393494,3,1
38,8,0.050454918295145035,3,1
39,7,0.024093779269605875,4,1
40,10,0.03118591010570526,1,1
41,9,0.031265887431800365,2,1
42,9,0.05566451884806156,2,1
43,10,0.07494522631168365,1,1
44,8,0.14703964007397494,3,1
45,9,0.02733954694122076,2,1
46,9,0.01748591661453247,2,1
47,8,0.04960755196710428,3,1
48,8,0.03978433397909006,3,1
49,7,0.027323145419359207,4,1
50,-15,0.0654266878652076,6,0
51,8,0.02544499623278777,3,1
52,8,0.015648495716353256,3,1
53,9,0.0380929633975029,2,1
54,7,0.08698078733868897,4,1
55,5,0.0325889860590299,6,1
56,10,0.010375785641372204,1,1
57,10,0.031359776854515076,1,1
58,-11,0.19708790350705385,2,0
59,9,0.015068178065121174,2,1
60,8,0.045461549113194145,3,1
61,9,0.2327343374490738,2,1
62,7,0.051293580792844296,4,1
63,10,0.028531793504953384,1,1
64,7,0.04095658101141453,4,1
65,9,0.03262981865555048,2,1
66,9,0.02254351507872343,2,1
67,8,0.023669781784216564,3,1
68,7,0.11379902996122837,4,1
69,9,0.03968003112822771,2,1
70,10,0.02472335286438465,1,1
71,9,0.010019764769822359,2,1
72,10,0.016973741352558136,1,1
73,10,0.2437124103307724,1,1
74,9,0.08918361365795135,2,1
75,4,0.07280104567429849,7,1
76,7,0.052500620717182755,4,1
77,8,0.041067506497104965,3,1
78,7,0.14415684016421437,4,1
79,10,0.025467583909630775,1,1
80,-37,0.060823575457713254,48,1
81,8,0.03719943513472875,3,1
82,10,0.07799025624990463,1,1
83,-50,0.07036145502701402,50,0
84,10,0.06483110785484314,1,1
85,10,0.06461392343044281,1,1
86,-21,0.043677380618949734,12,0
87,9,0.03715252224355936,2,1
88,7,0.02920290222391486,4,1
89,9,0.024738267064094543,2,1
90,7,0.03747434867545962,4,1
91,9,0.021454591769725084,2,1
92,9,0.24969381466507912,2,1
93,8,0.01723599961648385,3,1
94,9,0.016909888945519924,2,1
95,8,0.18851015840967497,3,1
96,-5,0.09784365288214758,16,1
97,-11,0.0596445615996014,22,1
98,-26,0.08239159778364606,37,1
99,9,0.04404538497328758,2,1
100,6,0.042864584177732465,5,1
101,-12,0.02839725837111473,3,0
102,-5,0.08313467993866652,16,1
103,8,0.04646243341267109,3,1
104,7,0.17764195334166288,4,1
105,9,0.22801229683682323,2,1
106,4,0.055678426288068295,7,1
107,-9,0.10971207781694829,20,1
108,-8,0.19118278679486952,19,1
109,8,0.05792603393395742,3,1
110,6,0.02648766301572323,5,1
111,7,0.03250851412303746,4,1
112,10,0.5416409969329834,1,1
113,9,0.026650974061340094,2,1
114,9,0.3771240310743451,2,1
115,-28,0.09994624922863948,39,1
116,-4,0.1656955484300852,15,1
117,10,0.03272954002022743,1,1
118,8,0.08513470118244489,3,1
119,8,0.12112619789938132,3,1
120,8,0.10701966161529224,3,1
121,9,0.030179617926478386,2,1
122,9,0.03741913661360741,2,1
123,10,0.02866143360733986,1,1
124,9,0.027496201917529106,2,1
125,9,0.4607739467173815,2,1
126,8,0.10944204591214657,3,1
127,9,0.011456864885985851,2,1
128,9,0.0662471167743206,2,1
129,6,0.05063638910651207,5,1
130,10,0.030873186886310577,1,1
131,8,0.0663650215913852,3,1
132,10,0.06097426638007164,1,1
133,7,0.10832535242661834,4,1
134,10,0.013450070284307003,1,1
135,9,0.0500920582562685,2,1
136,10,0.010614548809826374,1,1
137,7,0.15061274310573936,4,1
138,7,0.034583906177431345,4,1
139,10,0.06838181614875793,1,1
140,9,0.045512452721595764,2,1
141,7,0.313523321878165,4,1
142,2,0.033851618982023664,9,1
143,-10,0.5171499252319336,1,0
144,8,0.035040260603030525,3,1
145,5,0.1031514514858524,6,1
146,-50,0.0972236860729754,50,0
147,10,0.039000943303108215,1,1
148,9,0.036855652928352356,2,1
149,3,0.05577773367986083,8,1
150,8,0.09597180287043254,3,1
151,9,0.128062566742301,2,1
152,9,0.20158154144883156,2,1
153,8,0.07706033252179623,3,1
154,9,0.025149586610496044,2,1
155,6,0.08596385344862938,5,1
156,6,0.11833966486155986,5,1
157,9,0.39989934861660004,2,1
158,6,0.050626419484615326,5,1
159,10,0.055102042853832245,1,1
160,8,0.03857977564136187,3,1
161,3,0.08247044216841459,8,1
162,7,0.06907774787396193,4,1
163,10,0.024183660745620728,1,1
164,6,0.06892911046743393,5,1
165,10,0.4932251572608948,1,1
166,8,0.19199827313423157,3,1
167,8,0.15603802477320036,3,1
168,7,0.15777287492528558,4,1
169,-50,0.09804692089557648,50,0
170,8,0.027685522412260372,3,1
171,-11,0.07137483028186993,22,1
172,-35,0.05917724049852594,46,1
173,8,0.04090843411783377,3,1
174,9,0.03603782691061497,2,1
175,7,0.053946507163345814,4,1
176,9,0.07147916965186596,2,1
177,8,0.043567740047971405,3,1
178,6,0.046674004197120665,5,1
179,9,0.029308388475328684,2,1
180,10,0.019813943654298782,1,1
181,7,0.11876737070269883,4,1
182,0,0.08859185298735445,11,1
183,8,0.022969617197910946,3,1
184,9,0.03057511616498232,2,1
185,7,0.050863203359767795,4,1
186,-22,0.04374830021212498,33,1
187,7,0.03881299635395408,4,1
188,7,0.1342339557595551,4,1
189,9,0.01503415871411562,2,1
190,10,0.021298721432685852,1,1
191,8,0.13260416376094022,3,1
192,1,0.06850306615233422,10,1
193,8,0.07171376173694928,3,1
194,8,0.08589728362858295,3,1
195,10,0.062269359827041626,1,1
196,8,0.07665400890012582,3,1
197,8,0.021147875115275383,3,1
198,9,0.22238247096538544,2,1
199,9,0.030725868418812752,2,1
200,7,0.0414110142737627,4,1
201,8,0.0228274321804444,3,1
202,9,0.03228273335844278,2,1
203,-3,0.05260188498401216,14,1
204,6,0.043020061776041986,5,1
205,8,0.030640138313174248,3,1
206,6,0.049183362536132334,5,1
207,9,0.09887433424592018,2,1
208,10,0.08132582157850266,1,1
209,6,0.1008032038807869,5,1
210,-11,0.019734122790396214,2,0
211,8,0.06868608295917511,3,1
212,6,0.03916294313967228,5,1
213,8,0.1155201109747092,3,1
214,6,0.03576772790402174,5,1
215,9,0.24827243760228157,2,1
216,10,0.03453003242611885,1,1
217,5,0.05187936375538508,6,1
218,8,0.057785929491122566,3,1
219,10,0.09451831877231598,1,1
220,7,0.1524465698748827,4,1
221,9,0.022435330785810947,2,1
222,9,0.026555311866104603,2,1
223,9,0.03940277174115181,2,1
224,9,0.03282874636352062,2,1
225,9,0.2419979441910982,2,1
226,9,0.04310387186706066,2,1
227,9,0.14660245925188065,2,1
228,5,0.058791389067967735,6,1
229,6,0.052894285693764684,5,1
230,6,0.04716756716370583,5,1
231,7,0.18267652112990618,4,1
232,7,0.12712793797254562,4,1
233,8,0.1931370204935471,3,1
234,8,0.07126342753569286,3,1
235,8,0.027216941739122074,3,1
236,5,0.02893231452132265,6,1
237,9,0.027133403345942497,2,1
238,10,0.018746858462691307,1,1
239,7,0.14469113247469068,4,1
240,7,0.08314089535269886,4,1
241,6,0.025919239223003387,5,1
242,8,0.06776446228226025,3,1
243,10,0.023977549746632576,1,1
244,10,0.018680389970541,1,1
245,9,0.02355746692046523,2,1
246,9,0.2518948167562485,2,1
247,9,0.021560929715633392,2,1
248,6,0.02549610733985901,5,1
249,-10,0.04457205906510353,1,0
250,5,0.058629579531649746,6,1
251,9,0.02669599186629057,2,1
252,7,0.04760335059836507,4,1
253,9,0.025377477519214153,2,1
254,10,0.02080678939819336,1,1
255,-29,0.0858904569875449,40,1
256,9,0.08039590623229742,2,1
257,10,0.08222329616546631,1,1
258,10,0.016246136277914047,1,1
259,9,0.03305219113826752,2,1
260,9,0.0271284282207489,2,1
261,7,0.14574787952005863,4,1
262,9,0.19562563905492425,2,1
263,9,0.03207463398575783,2,1
264,10,0.015069214627146721,1,1
265,10,0.016233131289482117,1,1
266,9,0.17191945109516382,2,1
267,6,0.023668481782078744,5,1
268,10,0.013445481657981873,1,1
269,9,0.024631538428366184,2,1
270,10,0.4220921993255615,1,1
271,9,0.04557782597839832,2,1
272,5,0.029830146580934525,6,1
273,7,0.023653367534279823,4,1
274,-31,0.05719024118124729,42,1
275,6,0.11991229020059109,5,1
276,9,0.04951030761003494,2,1
277,8,0.040124522211651005,3,1
278,8,0.040382352968057,3,1
279,5,0.03714709045986334,6,1
280,9,0.03550357185304165,2,1
281,10,0.01275711227208376,1,1
282,7,0.07907459698617458,4,1
283,7,0.029192076064646244,4,1
284,9,0.03282764181494713,2,1
285,1,0.08677057772874833,10,1
286,9,0.036154067143797874,2,1
287,10,0.019896570593118668,1,1
288,10,0.041355233639478683,1,1
289,8,0.02262151924272378,3,1
290,7,0.05077574891038239,4,1
291,10,0.05719836428761482,1,1
292,9,0.23486876115202904,2,1
293,4,0.03385857891823564,7,1
294,10,0.01625882275402546,1,1
295,9,0.056868994142860174,2,1
296,8,0.02270990051329136,3,1
297,9,0.03356773313134909,2,1
298,8,0.017226177112509806,3,1
299,9,0.03898936230689287,2,1
300,8,0.058498445277412735,3,1
301,6,0.03127682637423277,5,1
302,6,0.04764983169734478,5,1
303,10,0.42621174454689026,1,1
304,9,0.03313657082617283,2,1
305,10,0.024082090705633163,1,1
306,9,0.028890734538435936,2,1
307,9,0.016765029169619083,2,1
308,-15,0.08998789649026898,26,1
309,9,0.1980188563466072,2,1
310,9,0.03546441812068224,2,1
311,6,0.07866906225681305,5,1
312,6,0.030772905983030795,5,1
313,8,0.06575135855625074,3,1
314,9,0.22503510024398565,2,1
315,8,0.034936435520648956,3,1
316,10,0.019827930256724358,1,1
317,5,0.028968073117236297,6,1
318,7,0.039625064469873905,4,1
319,9,0.017525512259453535,2,1
320,8,0.012532811922331652,3,1
321,9,0.2588662654161453,2,1
322,10,0.009209348820149899,1,1
323,5,0.10339708564182122,6,1
324,10,0.026332126930356026,1,1
325,7,0.13178450893610716,4,1
326,3,0.03606776858214289,8,1
327,10,0.016897322610020638,1,1
328,7,0.043610307155177,4,1
329,8,0.025116858383019764,3,1
330,9,0.040211690589785576,2,1
331,0,0.07352617772465403,11,1
332,10,0.09942618757486343,1,1
333,8,0.043766808385650315,3,1
334,8,0.03804106389482816,3,1
335,8,0.02744501146177451,3,1
336,9,0.22434592340141535,2,1
337,7,0.04163354355841875,4,1
338,9,0.017507998272776604,2,1
339,9,0.028862662613391876,2,1
340,9,0.06321749649941921,2,1
341,10,0.04980786517262459,1,1
342,6,0.02429744563996792,5,1
343,10,0.01965351030230522,1,1
344,3,0.03555022273212671,8,1
345,8,0.031235757904748123,3,1
346,10,0.03656772896647453,1,1
347,9,0.03765220381319523,2,1
348,7,0.07942235469818115,4,1
349,10,0.02057807520031929,1,1
350,10,0.27723613381385803,1,1
351,8,0.017195021112759907,3,1
352,10,0.027117066085338593,1,1
353,10,0.03975856304168701,1,1
354,7,0.04409042024053633,4,1
355,7,0.12590066203847528,4,1
356,8,0.14291301369667053,3,1
357,7,0.021837826818227768,4,1
358,7,0.0484174732118845,4,1
359,9,0.02613570517860353,2,1
360,8,0.03795385112365087,3,1
361,-8,0.06058690809693776,19,1
362,10,0.40960291028022766,1,1
363,6,0.08539349008351564,5,1
364,9,0.05802636593580246,2,1
365,9,0.06224512495100498,2,1
366,10,0.029994819313287735,1,1
367,7,0.04410220216959715,4,1
368,7,0.03679279563948512,4,1
369,10,0.021530043333768845,1,1
370,8,0.14514530201752981,3,1
371,7,0.14598673023283482,4,1
372,8,0.028074932439873617,3,1
373,10,0.013474314473569393,1,1
374,9,0.014129607006907463,2,1
375,-4,0.03774446280052265,15,1
376,7,0.08677100436761975,4,1
377,10,0.029708586633205414,1,1
378,7,0.03576635383069515,4,1
379,6,0.1367962896823883,5,1
380,9,0.041404588147997856,2,1
381,8,0.02679537671307723,3,1
382,7,0.024069494102150202,4,1
383,7,0.14188205590471625,4,1
384,6,0.02893004138022661,5,1
385,9,0.030963879078626633,2,1
386,9,0.022436948493123055,2,1
387,-50,0.04404346266761422,50,0
388,8,0.03795850525299708,3,1
389,6,0.037787269055843356,5,1
390,7,0.030943881254643202,4,1
391,10,0.43795251846313477,1,1
392,9,0.021081555634737015,2,1
393,9,0.022792759351432323,2,1
394,-29,0.0422651250846684,40,1
395,10,0.025471340864896774,1,1
396,10,0.043303411453962326,1,1
397,10,0.032883793115615845,1,1
398,10,0.03513167053461075,1,1
399,8,0.03826861083507538,3,1
400,7,0.024599939351901412,4,1
401,8,0.032161127465466656,3,1
402,8,0.031143371636668842,3,1
403,9,0.14174680970609188,2,1
404,9,0.026802238076925278,2,1
405,-12,0.02562917706867059,3,0
406,8,0.028392304976781208,3,1
407,8,0.025773112351695698,3,1
408,9,0.142796253785491,2,1
409,8,0.04605288182695707,3,1
410,7,0.06199567439034581,4,1
411,9,0.03111885581165552,2,1
412,5,0.03162014686192075,6,1
413,-15,0.050974685340546645,26,1
414,9,0.028003226965665817,2,1
415,8,0.0305857186516126,3,1
416,8,0.03270773154993852,3,1
417,8,0.01786481247593959,3,1
418,6,0.02456248216331005,5,1
419,8,0.023858158849179745,3,1
420,8,0.022859116084873676,3,1
421,8,0.017610338206092518,3,1
422,8,0.026854053139686584,3,1
423,6,0.016956391837447883,5,1
424,10,0.02760472148656845,1,1
425,5,0.11794181199123462,6,1
426,7,0.016441209241747856,4,1
427,10,0.01666755974292755,1,1
428,8,0.028540976345539093,3,1
429,9,0.03686309698969126,2,1
430,8,0.021431888764103253,3,1
431,9,0.04071179870516062,2,1
432,8,0.03451289081325134,3,1
433,9,0.018248532433062792,2,1
434,5,0.05710846146879097,6,1
435,10,0.028630370274186134,1,1
436,10,0.016188450157642365,1,1
437,9,0.038805603981018066,2,1
438,9,0.14571359008550644,2,1
439,8,0.01950155757367611,3,1
440,9,0.11118180910125375,2,1
441,8,0.019204173081864912,3,1
442,8,0.01376617265244325,3,1
443,8,0.028648700875540573,3,1
444,9,0.02982407622039318,2,1
445,7,0.030740785179659724,4,1
446,7,0.019430378451943398,4,1
447,8,0.01467568272103866,3,1
448,-13,0.06581983659028386,24,1
449,9,0.021233062725514174,2,1
450,10,0.11468828469514847,1,1
451,-50,0.05765749739482999,50,0
452,8,0.17906007232765356,3,1
453,7,0.03418871434405446,4,1
454,10,0.04387137293815613,1,1
455,9,0.029524323530495167,2,1
456,10,0.04505021870136261,1,1
457,7,0.12843408016487956,4,1
458,7,0.04026213055476546,4,1
459,-50,0.04290223365649581,50,0
460,10,0.06724467128515244,1,1
461,8,0.030372623975078266,3,1
462,9,0.0347593929618597,2,1
463,-19,0.07087729331105948,10,0
464,9,0.015315803233534098,2,1
465,10,0.031176041811704636,1,1
466,8,0.04045011289417744,3,1
467,9,0.0334883201867342,2,1
468,8,0.04127510404214263,3,1
469,9,0.048102076165378094,2,1
470,9,0.009577469434589148,2,1
471,9,0.017201905138790607,2,1
472,8,0.13773838678995767,3,1
473,-50,0.036913639437407254,50,0
474,-32,0.03210291640053308,43,1
475,7,0.07818647101521492,4,1
476,7,0.05658729933202267,4,1
477,8,0.04801385228832563,3,1
478,7,0.028444691561162472,4,1
479,8,0.03477397312720617,3,1
480,8,0.04333137162029743,3,1
481,7,0.12304380536079407,4,1
482,9,0.020606915466487408,2,1
483,7,0.030884823761880398,4,1
484,7,0.03964680153876543,4,1
485,9,0.017947537824511528,2,1
486,9,0.046625422313809395,2,1
487,-20,0.04885646103010062,31,1
488,9,0.23032676707953215,2,1
489,8,0.026080161953965824,3,1
490,10,0.032024454325437546,1,1
491,10,0.014609886333346367,1,1
492,7,0.016808473272249103,4,1
493,8,0.033033398911356926,3,1
494,-13,0.049289088521618396,24,1
495,9,0.04791374318301678,2,1
496,6,0.03139339508488774,5,1
497,7,0.030152330407872796,4,1
498,10,0.040187954902648926,1,1
499,10,0.03924991562962532,1,1
500,10,0.030968422070145607,1,1
501,9,0.04646611399948597,2,1
502,-11,0.04852687990800901,22,1
503,9,0.0337830251082778,2,1
504,7,0.019061703234910965,4,1
505,9,0.008632971439510584,2,1
506,-50,0.03183622383512556,50,0
507,10,0.04800169914960861,1,1
508,8,0.04595091318090757,3,1
509,-6,0.03216877530383713,17,1
510,10,0.01866769604384899,1,1
511,6,0.021268573030829428,5,1
512,6,0.020131570845842363,5,1
513,5,0.03351791234066089,6,1
514,8,0.021610527920226257,3,1
515,7,0.02392486622557044,4,1
516,7,0.037261856254190207,4,1
517,9,0.05107240751385689,2,1
518,8,0.04582067330678304,3,1
519,10,0.015135915018618107,1,1
520,5,0.09023613234361012,6,1
521,9,0.043399350717663765,2,1
522,10,0.026906972751021385,1,1
523,-12,0.05986588140544684,23,1
524,6,0.02704613795503974,5,1
525,0,0.06004070050337098,11,1
526,9,0.050001319963485,2,1
527,10,0.06845565885305405,1,1
528,8,0.1512834168970585,3,1
529,8,0.1341179000834624,3,1
530,9,0.034630182664841413,2,1
531,8,0.13013785503183803,3,1
532,7,0.09841730119660497,4,1
533,10,0.021108048036694527,1,1
534,10,0.02505146525800228,1,1
535,7,0.020064411219209433,4,1
536,7,0.042008554795756936,4,1
537,9,0.022114341147243977,2,1
538,-50,0.05726177308708429,50,0
539,10,0.05838644132018089,1,1
540,10,0.0898481085896492,1,1
541,9,0.07478333450853825,2,1
542,8,0.08429496052364509,3,1
543,6,0.03451284300535917,5,1
544,10,0.044324841350317,1,1
545,5,0.06151186364392439,6,1
546,-50,0.043727343268692494,50,0
547,7,0.0392280831001699,4,1
548,-9,0.05920230231713504,20,1
549,10,0.04740963131189346,1,1
550,10,0.014892475679516792,1,1
551,10,0.03167838230729103,1,1
552,7,0.04266014997847378,4,1
553,4,0.03796364739537239,7,1
554,9,0.12716268096119165,2,1
555,10,0.1250329166650772,1,1
556,0,0.05315834072164514,11,1
557,10,0.10717099159955978,1,1
558,7,0.02667425130493939,4,1
559,8,0.02250856999307871,3,1
560,9,0.02500212751328945,2,1
561,-50,0.04810080458410084,50,0
562,8,0.02796832751482725,3,1
563,9,0.057007912546396255,2,1
564,-12,0.03853523755527061,23,1
565,10,0.010075915604829788,1,1
566,10,0.028811130672693253,1,1
567,10,0.007991062477231026,1,1
568,8,0.028958472112814587,3,1
569,6,0.0292943999171257,5,1
570,7,0.038481886964291334,4,1
571,10,0.05245877802371979,1,1
572,8,0.023159091050426166,3,1
573,8,0.018187659171720345,3,1
574,6,0.03951715081930161,5,1
575,9,0.016237677074968815,2,1
576,-10,0.02018895372748375,1,0
577,10,0.014434155076742172,1,1
578,9,0.03834538534283638,2,1
579,10,0.017140548676252365,1,1
580,-50,0.04926887793466449,50,0
581,7,0.015135819092392921,4,1
582,10,0.04606973007321358,1,1
583,9,0.03617187216877937,2,1
584,9,0.018002170138061047,2,1
585,-10,0.08823388069868088,1,0
586,10,0.015296071767807007,1,1
587,4,0.022971380102847303,7,1
588,9,0.010442690458148718,2,1
589,8,0.03854013575861851,3,1
590,8,0.03051150341828664,3,1
591,9,0.04221687372773886,2,1
592,8,0.019717795153458912,3,1
593,2,0.026409209705889225,9,1
594,7,0.04415570548735559,4,1
595,10,0.02988196536898613,1,1
596,7,0.0716107131447643,4,1
597,7,0.03444399731233716,4,1
598,10,0.054196156561374664,1,1
599,-13,0.01267602271400392,4,0
600,8,0.024260594819982845,3,1
601,10,0.08131043612957001,1,1
602,8,0.01839124256124099,3,1
603,8,0.04878247529268265,3,1
604,-10,0.005700570531189442,1,0
605,7,0.02277582010719925,4,1
606,9,0.014608468394726515,2,1
607,9,0.016848903615027666,2,1
608,8,0.050517175967494644,3,1
609,7,0.14562960295006633,4,1
610,7,0.0450320728123188,4,1
611,9,0.4760789596475661,2,1
612,-15,0.031255938847047776,26,1
613,-10,0.10910256322295893,21,1
614,10,0.019111867994070053,1,1
615,6,0.21827253103256225,5,1
616,-3,0.1200129437659468,14,1
617,9,0.043764468282461166,2,1
618,9,0.01740430574864149,2,1
619,7,0.030979714123532176,4,1
620,9,0.032672862987965345,2,1
621,7,0.0519248996861279,4,1
622,9,0.10018805786967278,2,1
623,8,0.06162806538244089,3,1
624,10,0.07497335970401764,1,1
625,8,0.04518858715891838,3,1
626,8,0.045753164837757744,3,1
627,7,0.2406896259635687,4,1
628,10,0.05713571608066559,1,1
629,8,0.051785642902056374,3,1
630,8,0.07030158241589864,3,1
631,10,0.0639231875538826,1,1
632,7,0.10657124547287822,4,1
633,8,0.05067187796036402,3,1
634,7,0.13125873636454344,4,1
635,10,0.027783656492829323,1,1
636,-50,0.0587141377851367,50,0
637,9,0.10286304680630565,2,1
638,9,0.019003794062882662,2,1
639,8,0.019123299978673458,3,1
640,8,0.15580312069505453,3,1
641,9,0.019808089826256037,2,1
642,9,0.03775195963680744,2,1
643,7,0.03817941574379802,4,1
644,10,0.021225836127996445,1,1
645,9,0.03513437695801258,2,1
646,9,0.01891761878505349,2,1
647,8,0.026664353907108307,3,1
648,8,0.029140258207917213,3,1
649,8,0.2986719235777855,3,1
650,9,0.02756173349916935,2,1
651,6,0.028630831465125083,5,1
652,8,0.03402924661835035,3,1
653,9,0.12706448137760162,2,1
654,8,0.1469219649831454,3,1
655,9,0.017875340301543474,2,1
656,-9,0.05495521370321512,20,1
657,6,0.04654291570186615,5,1
658,8,0.05372278578579426,3,1
659,8,0.04281960241496563,3,1
660,8,0.06348746952911218,3,1
661,9,0.02960364893078804,2,1
662,9,0.02606191113591194,2,1
663,7,0.05366366636008024,4,1
664,6,0.15718063116073608,5,1
665,7,0.12671936070546508,4,1
666,8,0.030643068874875706,3,1
667,7,0.017388173146173358,4,1
668,-17,0.03504562424495816,28,1
669,9,0.02605831529945135,2,1
670,8,0.02291191400339206,3,1
671,8,0.017839633859694004,3,1
672,9,0.029007503762841225,2,1
673,-14,0.058636512830853464,25,1
674,-2,0.03369959630072117,13,1
675,6,0.044886530935764314,5,1
676,8,0.02383237270017465,3,1
677,9,0.018783300183713436,2,1
678,-5,0.027831306273583323,16,1
679,9,0.049776095896959305,2,1
680,6,0.04088937602937222,5,1
681,8,0.022045216833551724,3,1
682,8,0.014080172715087732,3,1
683,9,0.05514347879216075,2,1
684,4,0.020990168542734215,7,1
685,10,0.01410657074302435,1,1
686,9,0.020632876316085458,2,1
687,5,0.018865979664648574,6,1
688,10,0.013053511269390583,1,1
689,8,0.015728467144072056,3,1
690,8,0.019148407503962517,3,1
691,6,0.10350343398749828,5,1
692,-44,0.07705725684229817,35,0
693,8,0.026301424639920395,3,1
694,6,0.016264280118048192,5,1
695,8,0.01665562391281128,3,1
696,9,0.06870312336832285,2,1
697,10,0.015758614987134933,1,1
698,9,0.026539715938270092,2,1
699,8,0.04698827490210533,3,1
700,10,0.011292895302176476,1,1
701,9,0.0638157157227397,2,1
702,10,0.02131076529622078,1,1
703,-24,0.046060196283672535,35,1
704,10,0.009892486967146397,1,1
705,7,0.029632752062752843,4,1
706,7,0.026452495250850916,4,1
707,6,0.08186843097209931,5,1
708,6,0.055385079607367514,5,1
709,9,0.0361791867762804,2,1
710,7,0.05542060825973749,4,1
711,9,0.02727754134684801,2,1
712,8,0.029170771439870197,3,1
713,6,0.10179317202419043,5,1
714,10,0.026514625176787376,1,1
715,10,0.017703456804156303,1,1
716,9,0.04673816286958754,2,1
717,6,0.02736527342349291,5,1
718,9,0.028900620993226767,2,1
719,9,0.029203523881733418,2,1
720,6,0.02576490230858326,5,1
721,6,0.027683942951261996,5,1
722,9,0.023697114549577236,2,1
723,8,0.024442923565705616,3,1
724,7,0.05099276453256607,4,1
725,7,0.04590989463031292,4,1
726,8,0.08440124740203221,3,1
727,5,0.06783767230808735,6,1
728,9,0.017898637801408768,2,1
729,9,0.023655810160562396,2,1
730,6,0.024492525309324265,5,1
731,8,0.035423375045259796,3,1
732,10,0.027020730078220367,1,1
733,9,0.012320904061198235,2,1
734,1,0.03682805728167295,10,1
735,10,0.010564303956925869,1,1
736,7,0.042641926323994994,4,1
737,7,0.04808976501226425,4,1
738,10,0.029560307040810585,1,1
739,9,0.03191146394237876,2,1
740,9,0.03795370738953352,2,1
741,7,0.04742638301104307,4,1
742,-14,0.08150005709379911,25,1
743,7,0.04277761047706008,4,1
744,10,0.007652132771909237,1,1
745,9,0.0159223317168653,2,1
746,8,0.020452771956721943,3,1
747,10,0.013742154464125633,1,1
748,9,0.059585944283753633,2,1
749,7,0.03930635773576796,4,1
750,10,0.08101457357406616,1,1
751,7,0.02080370276235044,4,1
752,10,0.017920328304171562,1,1
753,7,0.021253817016258836,4,1
754,-50,0.03729039629921317,50,0
755,10,0.018929796293377876,1,1
756,8,0.049817921593785286,3,1
757,6,0.09417039193212987,5,1
758,9,0.12317283730953932,2,1
759,9,0.042030466720461845,2,1
760,9,0.0379297467879951,2,1
761,-13,0.06336396606639028,4,0
762,9,0.0196010684594512,2,1
763,9,0.20270836632698774,2,1
764,7,0.02486370736733079,4,1
765,10,0.03868681192398071,1,1
766,9,0.019432455766946077,2,1
767,10,0.012325276620686054,1,1
768,-2,0.045143361418293074,13,1
769,9,0.0474316980689764,2,1
770,6,0.07193677350878716,5,1
771,-18,0.06928213599041619,29,1
772,10,0.07571513950824738,1,1
773,8,0.04447281174361706,3,1
774,8,0.017395585775375366,3,1
775,6,0.043454737029969694,5,1
776,3,0.05285514518618584,8,1
777,10,0.04426572844386101,1,1
778,8,0.035134180138508476,3,1
779,-10,0.06161895531806208,21,1
780,8,0.026213439802328747,3,1
781,5,0.04179107863456011,6,1
782,10,0.024684390053153038,1,1
783,6,0.12626577019691468,5,1
784,8,0.05271733862658342,3,1
785,8,0.06402499973773956,3,1
786,-3,0.07089884353003331,14,1
787,8,0.06807949021458626,3,1
788,10,0.046030089259147644,1,1
789,8,0.026993732278545696,3,1
790,10,0.057014964520931244,1,1
791,9,0.17830446735024452,2,1
792,8,0.026059708868463833,3,1
793,10,0.012741992250084877,1,1
794,9,0.028576131910085678,2,1
795,-30,0.05255167301566828,21,0
796,10,0.2921515703201294,1,1
797,9,0.11882848758250475,2,1
798,9,0.20848765969276428,2,1
799,9,0.09498806670308113,2,1
800,6,0.05909847840666771,5,1
801,9,0.17148678191006184,2,1
802,6,0.1250913716852665,5,1
803,8,0.06775214771429698,3,1
804,9,0.0690296720713377,2,1
805,-3,0.04813205976305263,14,1
806,9,0.026903110556304455,2,1
807,7,0.0509726251475513,4,1
808,-50,0.07693074898794293,50,0
809,8,0.11124668021996816,3,1
810,7,0.09603941347450018,4,1
811,-50,0.058364325985312465,50,0
812,7,0.04506482742726803,4,1
813,7,0.05548424180597067,4,1
814,10,0.03192123770713806,1,1
815,8,0.03664815239608288,3,1
816,8,0.05766580750544866,3,1
817,9,0.03205911675468087,2,1
818,8,0.13266422413289547,3,1
819,9,0.033445476554334164,2,1
820,7,0.035874425899237394,4,1
821,8,0.05765170976519585,3,1
822,7,0.03812413150444627,4,1
823,6,0.04257725235074759,5,1
824,8,0.0379185484101375,3,1
825,-50,0.06376636831089855,50,0
826,-32,0.05414854973381342,43,1
827,9,0.01733063254505396,2,1
828,7,0.020923894830048084,4,1
829,8,0.024859662478168804,3,1
830,9,0.021303627640008926,2,1
831,-10,0.028786770068109035,21,1
832,-5,0.053846592316403985,16,1
833,-6,0.049011780770824236,17,1
834,10,0.06813891232013702,1,1
835,6,0.06759682968258858,5,1
836,5,0.043411788841088615,6,1
837,8,0.03283659679194292,3,1
838,8,0.04225502038995425,3,1
839,9,0.05880137253552675,2,1
840,8,0.0725861353178819,3,1
841,9,0.019097387557849288,2,1
842,8,0.020817144463459652,3,1
843,8,0.08874862144390742,3,1
844,6,0.022101316414773465,5,1
845,8,0.022552421626945336,3,1
846,9,0.027367575094103813,2,1
847,9,0.03871036320924759,2,1
848,6,0.06016571540385485,5,1
849,6,0.04512629304081202,5,1
850,9,0.11367026716470718,2,1
851,10,0.07501615583896637,1,1
852,10,0.029767941683530807,1,1
853,10,0.03178992494940758,1,1
854,10,0.04855382442474365,1,1
855,9,0.023386986926198006,2,1
856,8,0.046708472073078156,3,1
857,9,0.046684904024004936,2,1
858,7,0.030504755675792694,4,1
859,10,0.028116170316934586,1,1
860,10,0.043915510177612305,1,1
861,8,0.03112780364851157,3,1
862,9,0.05033908039331436,2,1
863,7,0.022929910104721785,4,1
864,9,0.021916913334280252,2,1
865,10,0.054961297661066055,1,1
866,8,0.03430702102681001,3,1
867,10,0.021542007103562355,1,1
868,8,0.052893832325935364,3,1
869,9,0.20423365011811256,2,1
870,8,0.05556798664232095,3,1
871,6,0.044282176345586774,5,1
872,10,0.03626273572444916,1,1
873,7,0.05618871748447418,4,1
874,10,0.03858841583132744,1,1
875,8,0.07862665504217148,3,1
876,9,0.05652671866118908,2,1
877,8,0.02984440637131532,3,1
878,9,0.03738100826740265,2,1
879,-10,0.06585925817489624,1,0
880,9,0.03356447070837021,2,1
881,9,0.032128822058439255,2,1
882,9,0.0835521575063467,2,1
883,5,0.057776330349346004,6,1
884,-11,0.017920605838298798,2,0
885,8,0.021154400582114857,3,1
886,10,0.05019861087203026,1,1
887,9,0.023526453413069248,2,1
888,9,0.04634035937488079,2,1
889,-50,0.04507619356055085,41,0
890,-29,0.06395847662352025,20,0
891,1,0.0740121353417635,10,1
892,7,0.03898082813248038,4,1
893,-50,0.05269114544615149,50,0
894,8,0.03579424632092317,3,1
895,5,0.04749869151661793,6,1
896,7,0.03731774166226387,4,1
897,8,0.03688024046520392,3,1
898,6,0.01558796912431717,5,1
899,3,0.06747266068123281,8,1
900,-50,0.06158075767569244,50,0
901,3,0.0594678558409214,8,1
902,7,0.04719086363911629,4,1
903,7,0.19618242233991623,4,1
904,9,0.016286787576973438,2,1
905,10,0.3395308256149292,1,1
906,6,0.09149609059095383,5,1
907,-1,0.12724122684448957,12,1
908,8,0.0216918404524525,3,1
909,10,0.07757260650396347,1,1
910,10,0.07144086807966232,1,1
911,10,0.01613081619143486,1,1
912,9,0.03299578279256821,2,1
913,-38,0.08716376232249397,49,1
914,-10,0.012871804647147655,1,0
915,6,0.03138626366853714,5,1
916,-10,0.020083937793970108,1,0
917,8,0.04021001420915127,3,1
918,10,0.03892755135893822,1,1
919,10,0.01730501465499401,1,1
920,9,0.026824374683201313,2,1
921,10,0.016802718862891197,1,1
922,10,0.026281142607331276,1,1
923,8,0.17425087125351033,3,1
924,8,0.21326451562345028,3,1
925,8,0.039031273064514004,3,1
926,10,0.1819702684879303,1,1
927,6,0.012117324396967888,5,1
928,6,0.016844649985432624,5,1
929,10,0.1260487586259842,1,1
930,8,0.01641026046127081,3,1
931,6,0.11924390755593776,5,1
932,3,0.040190874598920345,8,1
933,9,0.041806580033153296,2,1
934,9,0.04207186587154865,2,1
935,-29,0.08953923108056187,40,1
936,10,0.041669245809316635,1,1
937,7,0.014669426018372178,4,1
938,8,0.03627112926915288,3,1
939,9,0.07922564819455147,2,1
940,9,0.03436990547925234,2,1
941,8,0.0445803664624691,3,1
942,8,0.029782433683673542,3,1
943,7,0.031395836267620325,4,1
944,8,0.0246963311607639,3,1
945,9,0.06650562305003405,2,1
946,9,0.06791175436228514,2,1
947,7,0.20315953041426837,4,1
948,10,0.02688850648701191,1,1
949,10,0.024526841938495636,1,1
950,10,0.02032151073217392,1,1
951,10,0.013641023077070713,1,1
952,8,0.06921801529824734,3,1
953,10,0.02568924054503441,1,1
954,-50,0.0661515093035996,50,0
955,8,0.061877354979515076,3,1
956,9,0.054069243371486664,2,1
957,-23,0.06239929169948612,14,0
958,-12,0.028977976491053898,3,0
959,10,0.019322510808706284,1,1
960,7,0.23008901067078114,4,1
961,10,0.041745785623788834,1,1
962,7,0.02482553431764245,4,1
963,9,0.025630563963204622,2,1
964,8,0.015010330826044083,3,1
965,4,0.03309484824006047,7,1
966,9,0.04567442648112774,2,1
967,6,0.039813725650310515,5,1
968,7,0.06976250605657697,4,1
969,8,0.032568626726667084,3,1
970,9,0.013158801011741161,2,1
971,8,0.036615217104554176,3,1
972,8,0.04120830663790306,3,1
973,10,0.029341911897063255,1,1
974,10,0.01270108949393034,1,1
975,8,0.04608550015836954,3,1
976,9,0.06070224195718765,2,1
977,7,0.1512158177793026,4,1
978,9,0.06743878871202469,2,1
979,10,0.07007082551717758,1,1
980,-2,0.08387608296022965,13,1
981,8,0.021997579062978428,3,1
982,8,0.032161866004268326,3,1
983,-11,0.03528879989277233,22,1
984,10,0.06027851998806,1,1
985,7,0.045140028931200504,4,1
986,9,0.03175079822540283,2,1
987,10,0.03544217348098755,1,1
988,9,0.048986831679940224,2,1
989,7,0.03375856298953295,4,1
990,10,0.045756611973047256,1,1
991,8,0.021801192313432693,3,1
992,8,0.036885375467439495,3,1
993,10,0.04032972455024719,1,1
994,9,0.22185860574245453,2,1
995,9,0.033501398749649525,2,1
996,9,0.030533242039382458,2,1
997,-16,0.03484643123078125,27,1
998,6,0.06869750246405601,5,1
999,8,0.15692605543881655,3,1
1000,7,0.03869287669658661,4,1
1,10,0.04742467403411865,1,1
2,8,0.03303267372151216,3,1
3,7,0.042677900521084666,4,1
4,10,0.05191703140735626,1,1
5,-10,0.03263633432132857,21,1
6,8,0.0473101856186986,3,1
7,8,0.0570556769768397,3,1
8,7,0.06191968359053135,4,1
9,9,0.07229969650506973,2,1
10,9,0.05777519568800926,2,1
11,10,0.01852256990969181,1,1
12,7,0.04041925026103854,4,1
13,10,0.43065711855888367,1,1
14,6,0.035139580816030504,5,1
15,10,0.48959124088287354,1,1
16,10,0.016384875401854515,1,1
17,9,0.022476729936897755,2,1
18,10,0.019977446645498276,1,1
19,-8,0.03779934449611526,19,1
20,7,0.019179810886271298,4,1
21,7,0.06422183383256197,4,1
22,10,0.038701627403497696,1,1
23,8,0.19231983398397764,3,1
24,7,0.15722981747239828,4,1
25,10,0.09087123721837997,1,1
26,8,0.057741728921731315,3,1
27,8,0.04041577378908793,3,1
28,7,0.05879631265997887,4,1
29,10,0.08044417947530746,1,1
30,8,0.029802891115347546,3,1
31,8,0.016366621168951195,3,1
32,10,0.035337336361408234,1,1
33,9,0.035253060050308704,2,1
34,7,0.1643157722428441,4,1
35,9,0.014339095912873745,2,1
36,10,0.3997105658054352,1,1
37,8,0.0336088202893734,3,1
38,6,0.0346402145922184,5,1
39,7,0.027980440761893988,4,1
40,9,0.06910029426217079,2,1
41,-11,0.2389861261472106,2,0
42,8,0.14216604564959803,3,1
43,6,0.07750828973948956,5,1
44,6,0.03163420604541898,5,1
45,7,0.03170752455480397,4,1
46,-3,0.057786692532577684,14,1
47,-50,0.08863520611077547,50,0
48,6,0.04479318372905254,5,1
49,9,0.02121885772794485,2,1
50,10,0.016051005572080612,1,1
51,9,0.12217276729643345,2,1
52,6,0.07538632676005363,5,1
53,7,0.05535009317100048,4,1
54,6,0.1545450359582901,5,1
55,10,0.05566227436065674,1,1
56,10,0.0241556279361248,1,1
57,8,0.048367323353886604,3,1
58,9,0.2412755861878395,2,1
59,5,0.03351858754952749,6,1
60,10,0.041208259761333466,1,1
61,9,0.0873744785785675,2,1
62,6,0.07199539802968502,5,1
63,9,0.23799755703657866,2,1
64,8,0.0251242450127999,3,1
65,10,0.10492733120918274,1,1
66,7,0.016470532165840268,4,1
67,9,0.056830624118447304,2,1
68,9,0.023137815296649933,2,1
69,5,0.03489363860959808,6,1
70,9,0.04063264839351177,2,1
71,8,0.02130220519999663,3,1
72,3,0.055894663324579597,8,1
73,10,0.027820391580462456,1,1
74,9,0.02002505399286747,2,1
75,7,0.0473747318610549,4,1
76,8,0.20595289207994938,3,1
77,9,0.04597100615501404,2,1
78,10,0.3426363468170166,1,1
79,8,0.135975560794274,3,1
80,10,0.017400570213794708,1,1
81,8,0.02624894492328167,3,1
82,9,0.02492103260010481,2,1
83,-50,0.04464027513749898,50,0
84,8,0.03355638372401396,3,1
85,6,0.04428675901144743,5,1
86,10,0.010880695655941963,1,1
87,6,0.02929179258644581,5,1
88,-11,0.05638837441802025,2,0
89,-10,0.021138397976756096,1,0
90,8,0.04791214813788732,3,1
91,8,0.03671726149817308,3,1
92,8,0.042161338652173676,3,1
93,5,0.06779489045341809,6,1
94,9,0.04973515123128891,2,1
95,8,0.037253143886725106,3,1
96,8,0.10536473399649064,3,1
97,10,0.0449700728058815,1,1
98,8,0.14806482382118702,3,1
99,5,0.032897020069261394,6,1
100,8,0.0463299248367548,3,1
101,10,0.017270702868700027,1,1
102,-9,0.12326022125780582,20,1
103,8,0.04341165845592817,3,1
104,10,0.04099191725254059,1,1
105,8,0.052129254365960755,3,1
106,5,0.08502815105021,6,1
107,2,0.03768865277783738,9,1
108,7,0.018068283330649137,4,1
109,8,0.04349606235822042,3,1
110,9,0.02904120460152626,2,1
111,-10,0.07095783948898315,1,0
112,7,0.04442350100725889,4,1
113,7,0.03967016446404159,4,1
114,6,0.08919849134981632,5,1
115,9,0.03382014203816652,2,1
116,10,0.08223748207092285,1,1
117,7,0.05410577170550823,4,1
118,10,0.019515451043844223,1,1
119,7,0.2842016899958253,4,1
120,6,0.04222392700612545,5,1
121,10,0.03646228462457657,1,1
122,9,0.3282848447561264,2,1
123,10,0.015760689973831177,1,1
124,8,0.01939476002007723,3,1
125,5,0.029491064759592216,6,1
126,7,0.04525529965758324,4,1
127,8,0.05961048603057861,3,1
128,10,0.095272958278656,1,1
129,10,0.05070403218269348,1,1
130,8,0.04918328486382961,3,1
131,-21,0.11212240268165867,12,0
132,9,0.029761980287730694,2,1
133,9,0.01891630981117487,2,1
134,9,0.023689229041337967,2,1
135,8,0.15767641738057137,3,1
136,9,0.03133880067616701,2,1
137,7,0.05182840581983328,4,1
138,8,0.023740229196846485,3,1
139,9,0.03175232093781233,2,1
140,8,0.04080893658101559,3,1
141,8,0.03338321608801683,3,1
142,7,0.12038137414492667,4,1
143,-50,0.07754239878617226,50,0
144,10,0.015333427116274834,1,1
145,9,0.020436706952750683,2,1
146,3,0.028771608136594296,8,1
147,5,0.04225854855030775,6,1
148,10,0.033105261623859406,1,1
149,8,0.14924189324180284,3,1
150,10,0.05920324847102165,1,1
151,-10,0.037376582622528076,1,0
152,8,0.2759254649281502,3,1
153,-34,0.07059742394420836,45,1
154,9,0.06744477525353432,2,1
155,8,0.18487402548392615,3,1
156,8,0.04204965569078922,3,1
157,10,0.030188769102096558,1,1
158,8,0.16686308508117995,3,1
159,-10,0.06990029662847519,1,0
160,9,0.0335585605353117,2,1
161,10,0.060235798358917236,1,1
162,10,0.019011402502655983,1,1
163,5,0.018879853033771116,6,1
164,7,0.016938001848757267,4,1
165,6,0.04479160308837891,5,1
166,2,0.041742467838856906,9,1
167,8,0.05385217939813932,3,1
168,9,0.028006842359900475,2,1
169,10,0.0865439921617508,1,1
170,8,0.03885074984282255,3,1
171,6,0.04881079755723476,5,1
172,9,0.03158932738006115,2,1
173,8,0.039842805514732994,3,1
174,10,0.02611168846487999,1,1
175,10,0.01916590891778469,1,1
176,10,0.027685483917593956,1,1
177,9,0.06713148020207882,2,1
178,10,0.0164484940469265,1,1
179,7,0.04627859406173229,4,1
180,7,0.10321392444893718,4,1
181,8,0.03153730183839798,3,1
182,10,0.02671832963824272,1,1
183,8,0.0330122464026014,3,1
184,8,0.01983794445792834,3,1
185,10,0.04489573836326599,1,1
186,6,0.035012860968708995,5,1
187,7,0.2996755079366267,4,1
188,10,0.04392749443650246,1,1
189,9,0.1207437515258789,2,1
190,10,0.04449889808893204,1,1
191,7,0.0903524518944323,4,1
192,9,0.015700236428529024,2,1
193,10,0.028194373473525047,1,1
194,8,0.049479116685688496,3,1
195,10,0.034355051815509796,1,1
196,6,0.023915458470582962,5,1
197,8,0.08371811918914318,3,1
198,7,0.01970650628209114,4,1
199,6,0.09456171728670597,5,1
200,-19,0.0543160930275917,30,1
201,7,0.03074897499755025,4,1
202,9,0.028557967860251665,2,1
203,10,0.009718331508338451,1,1
204,5,0.09059818275272846,6,1
205,7,0.13594610430300236,4,1
206,10,0.4654519259929657,1,1
207,-12,0.03511877766931835,23,1
208,9,0.03942180797457695,2,1
209,7,0.02470194175839424,4,1
210,7,0.04595537390559912,4,1
211,8,0.15264863893389702,3,1
212,-5,0.057871613185852766,16,1
213,8,0.03341184991101424,3,1
214,-50,0.07590372832491994,50,0
215,7,0.023819609778001904,4,1
216,10,0.009964051656425,1,1
217,7,0.222628700081259,4,1
218,8,0.042271060248215996,3,1
219,7,0.17114396998658776,4,1
220,-50,0.08419673224911094,50,0
221,8,0.08221570899089177,3,1
222,8,0.03551253924767176,3,1
223,9,0.06422155722975731,2,1
224,-23,0.048329628205725124,14,0
225,9,0.18498538061976433,2,1
226,8,0.023058715586860973,3,1
227,10,0.028275273740291595,1,1
228,10,0.034389741718769073,1,1
229,8,0.01779462133223812,3,1
230,10,0.07411433011293411,1,1
231,5,0.11938595989098151,6,1
232,-10,0.0356307253241539,1,0
233,9,0.05981083307415247,2,1
234,7,0.0560173240955919,4,1
235,8,0.12550503946840763,3,1
236,0,0.07413901782340625,11,1
237,8,0.019775113090872765,3,1
238,9,0.012701054103672504,2,1
239,8,0.019842931379874546,3,1
240,7,0.10888371663168073,4,1
241,10,0.9110515117645264,1,1
242,10,0.01664597913622856,1,1
243,9,0.3060218021273613,2,1
244,9,0.024304506368935108,2,1
245,9,0.24250047281384468,2,1
246,8,0.10300708810488383,3,1
247,6,0.020585718937218188,5,1
248,7,0.041336668422445655,4,1
249,10,0.05145001411437988,1,1
250,10,0.009021414443850517,1,1
251,7,0.08992198435589671,4,1
252,4,0.04581967248980488,7,1
253,8,0.05322323739528656,3,1
254,6,0.09991417452692986,5,1
255,8,0.19534507393836975,3,1
256,-26,0.035687317482798415,17,0
257,8,0.05854387146731218,3,1
258,9,0.019243844784796238,2,1
259,6,0.08825888242572547,5,1
260,-34,0.07305614921367831,45,1
261,10,0.04085420072078705,1,1
262,9,0.03874087892472744,2,1
263,8,0.04831640546520551,3,1
264,6,0.10645721219480038,5,1
265,10,0.008393173106014729,1,1
266,6,0.06140632070600986,5,1
267,9,0.06354852393269539,2,1
268,7,0.028227726696059108,4,1
269,10,0.011379685252904892,1,1
270,10,0.033602192997932434,1,1
271,10,0.017797313630580902,1,1
272,6,0.029411724768579006,5,1
273,8,0.032346668963630996,3,1
274,9,0.048524586483836174,2,1
275,8,0.02494213916361332,3,1
276,9,0.019280603621155024,2,1
277,9,0.023271074518561363,2,1
278,-10,0.01421417761594057,1,0
279,9,0.020442768931388855,2,1
280,7,0.037051706574857235,4,1
281,10,0.02584274671971798,1,1
282,8,0.02945852403839429,3,1
283,9,0.02094866242259741,2,1
284,7,0.20791642041876912,4,1
285,6,0.01805695369839668,5,1
286,9,0.06346863228827715,2,1
287,10,0.010651731863617897,1,1
288,8,0.017378524566690128,3,1
289,10,0.01742565631866455,1,1
290,9,0.16271127294749022,2,1
291,9,0.018934869673103094,2,1
292,10,0.02052648738026619,1,1
293,2,0.06305286609050301,9,1
294,9,0.11721201986074448,2,1
295,-50,0.09183730328455568,50,0
296,7,0.043105633463710546,4,1
297,6,0.0367235966026783,5,1
298,1,0.09293325236067176,10,1
299,8,0.029288180793325107,3,1
300,7,0.06239601131528616,4,1
301,7,0.13291484490036964,4,1
302,8,0.04370666667819023,3,1
303,8,0.2299117228637139,3,1
304,8,0.07851035830875237,3,1
305,7,0.2340197511948645,4,1
306,6,0.0204042162746191,5,1
307,9,0.03183710668236017,2,1
308,6,0.02739730179309845,5,1
309,7,0.07127882866188884,4,1
310,10,0.02981870248913765,1,1
311,6,0.10569610837846995,5,1
312,8,0.102962426841259,3,1
313,9,0.060657186433672905,2,1
314,-32,0.06676554793249005,23,0
315,9,0.05745198018848896,2,1
316,8,0.05171469164391359,3,1
317,6,0.08447698839008808,5,1
318,10,0.02827971801161766,1,1
319,7,0.056712327525019646,4,1
320,8,0.024957502260804176,3,1
321,8,0.03714958019554615,3,1
322,7,0.08299046382308006,4,1
323,8,0.04687103318671385,3,1
324,9,0.07626843452453613,2,1
325,10,0.07584528625011444,1,1
326,10,0.03367818519473076,1,1
327,10,0.03215606138110161,1,1
328,7,0.04993873182684183,4,1
329,10,0.021578660234808922,1,1
330,8,0.060395012299219765,3,1
331,8,0.02350197359919548,3,1
332,6,0.026934153959155084,5,1
333,7,0.034351478796452284,4,1
334,9,0.12340868264436722,2,1
335,6,0.12238218672573567,5,1
336,9,0.2560368552803993,2,1
337,8,0.19953356931606928,3,1
338,-10,0.06953217089176178,1,0
339,0,0.06982295274395835,11,1
340,10,0.02876875177025795,1,1
341,-35,0.09111426749195044,26,0
342,6,0.19027177412062884,5,1
343,8,0.036085132509469986,3,1
344,-10,0.02777387946844101,1,0
345,8,0.039101930956045784,3,1
346,8,0.02414629856745402,3,1
347,9,0.02041887305676937,2,1
348,5,0.027889718922475975,6,1
349,9,0.23713528737425804,2,1
350,7,0.07113443268463016,4,1
351,9,0.07375290617346764,2,1
352,6,0.16372662633657456,5,1
353,8,0.23089628294110298,3,1
354,8,0.04934423416852951,3,1
355,8,0.029735974967479706,3,1
356,6,0.044962695240974425,5,1
357,7,0.050229692831635475,4,1
358,7,0.024878306780010462,4,1
359,8,0.03221317504843076,3,1
360,9,0.029517382849007845,2,1
361,9,0.019331838469952345,2,1
362,9,0.03513827919960022,2,1
363,7,0.03037842269986868,4,1
364,6,0.11432043761014939,5,1
365,-50,0.09340157760307193,50,0
366,6,0.11087184250354767,5,1
367,6,0.05833511687815189,5,1
368,-11,0.06129169311713089,22,1
369,10,0.01871463470160961,1,1
370,9,0.02297235606238246,2,1
371,8,0.04802021601547798,3,1
372,7,0.04041488375514746,4,1
373,6,0.16586528345942497,5,1
374,8,0.046941304579377174,3,1
375,10,0.07163333147764206,1,1
376,8,0.06493974601229031,3,1
377,9,0.05282256565988064,2,1
378,4,0.040448171751839776,7,1
379,6,0.10550967305898666,5,1
380,10,0.03957878798246384,1,1
381,8,0.15147346382339796,3,1
382,8,0.12331015740831693,3,1
383,8,0.03201238811016083,3,1
384,10,0.05788880214095116,1,1
385,9,0.043092671781778336,2,1
386,5,0.09371824127932389,6,1
387,9,0.22788871452212334,2,1
388,4,0.035046963287251334,7,1
389,10,0.10643713176250458,1,1
390,8,0.029450340196490288,3,1
391,8,0.23212949931621552,3,1
392,6,0.06435799226164818,5,1
393,8,0.050025824457407,3,1
394,10,0.027730710804462433,1,1
395,9,0.23523464053869247,2,1
396,7,0.09955434314906597,4,1
397,8,0.054258896658817925,3,1
398,7,0.12428364250808954,4,1
399,5,0.1029910094415148,6,1
400,10,0.09792520105838776,1,1
401,10,0.054549768567085266,1,1
402,-50,0.08613863084465265,50,0
403,9,0.0309459138661623,2,1
404,10,0.039065975695848465,1,1
405,8,0.050545658295353256,3,1
406,7,0.031229312531650066,4,1
407,8,0.0460298682252566,3,1
408,9,0.09754730481654406,2,1
409,9,0.20296192541718483,2,1
410,10,0.04426286369562149,1,1
411,9,0.022041470743715763,2,1
412,9,0.03726029396057129,2,1
413,10,0.029012668877840042,1,1
414,9,0.18475114833563566,2,1
415,2,0.045025648549199104,9,1
416,9,0.022277149371802807,2,1
417,10,0.03475780040025711,1,1
418,-11,0.017376496456563473,2,0
419,10,0.023041779175400734,1,1
420,0,0.045285085385495964,11,1
421,10,0.011573652736842632,1,1
422,8,0.043429127583901085,3,1
423,-10,0.03539205342531204,1,0
424,-50,0.07817607617005706,50,0
425,8,0.049839990213513374,3,1
426,9,0.07286110892891884,2,1
427,8,0.026569924006859463,3,1
428,10,0.05594401806592941,1,1
429,8,0.22351508711775145,3,1
430,7,0.04266961384564638,4,1
431,10,0.024875333532691002,1,1
432,8,0.1348507652680079,3,1
433,9,0.025084244087338448,2,1
434,5,0.02298421909411748,6,1
435,10,0.019468070939183235,1,1
436,8,0.061472238351901375,3,1
437,10,0.4716789424419403,1,1
438,7,0.13256845134310424,4,1
439,9,0.09913067147135735,2,1
440,5,0.05116534264137348,6,1
441,8,0.02602916645507018,3,1
442,9,0.19893526658415794,2,1
443,10,0.36713531613349915,1,1
444,9,0.033242108300328255,2,1
445,8,0.16193250939249992,3,1
446,9,0.17286111321300268,2,1
447,8,0.1452385870118936,3,1
448,6,0.14740430042147637,5,1
449,8,0.031100410347183544,3,1
450,10,0.28701478242874146,1,1
451,8,0.03670231128732363,3,1
452,9,0.08874598518013954,2,1
453,10,0.2523514926433563,1,1
454,8,0.05571753345429897,3,1
455,10,0.03735794126987457,1,1
456,4,0.11203653232327529,7,1
457,6,0.12643893100321293,5,1
458,8,0.03034423167506854,3,1
459,-23,0.09253278697895653,34,1
460,10,0.14047028124332428,1,1
461,9,0.03710700012743473,2,1
462,10,0.18798303604125977,1,1
463,8,0.022362232208251953,3,1
464,7,0.11074643302708864,4,1
465,7,0.09758683270774782,4,1
466,8,0.020769011229276657,3,1
467,7,0.0642114202491939,4,1
468,7,0.03431192901916802,4,1
469,8,0.0844639465212822,3,1
470,10,0.18619021773338318,1,1
471,10,0.01746712625026703,1,1
472,9,0.062035175040364265,2,1
473,6,0.046411050111055376,5,1
474,9,0.06121782958507538,2,1
475,7,0.034441716969013214,4,1
476,8,0.041072542468706764,3,1
477,8,0.041799052308003105,3,1
478,8,0.0911860770235459,3,1
479,10,0.023340897634625435,1,1
480,9,0.06008017063140869,2,1
481,10,0.04333723336458206,1,1
482,6,0.043937279284000395,5,1
483,5,0.05922357396533092,6,1
484,7,0.06870849942788482,4,1
485,10,0.04365353286266327,1,1
486,6,0.0744163379073143,5,1
487,9,0.04481205344200134,2,1
488,9,0.031560965813696384,2,1
489,9,0.03901603817939758,2,1
490,10,0.051616132259368896,1,1
491,9,0.04324887506663799,2,1
492,9,0.046460382640361786,2,1
493,7,0.04280276736244559,4,1
494,7,0.03804228454828262,4,1
495,3,0.04869830561801791,8,1
496,1,0.04581351950764656,10,1
497,9,0.06767270062118769,2,1
498,9,0.027498637326061726,2,1
499,8,0.08818002355595429,3,1
500,8,0.09891616615156333,3,1
501,4,0.05394039462719645,7,1
502,9,0.0506439283490181,2,1
503,8,0.04616309329867363,3,1
504,8,0.04833870381116867,3,1
505,10,0.03508293256163597,1,1
506,10,0.21921603381633759,1,1
507,6,0.036868513002991675,5,1
508,10,0.07733755558729172,1,1
509,9,0.04855263605713844,2,1
510,8,0.045598854621251426,3,1
511,8,0.0480699905504783,3,1
512,9,0.04679463244974613,2,1
513,10,0.02283569425344467,1,1
514,9,0.012905982322990894,2,1
515,9,0.1023450642824173,2,1
516,9,0.04000992327928543,2,1
517,9,0.04261481203138828,2,1
518,9,0.12053299229592085,2,1
519,8,0.06121045909821987,3,1
520,9,0.029727153480052948,2,1
521,10,0.0378839336335659,1,1
522,10,0.013333958573639393,1,1
523,10,0.040607377886772156,1,1
524,7,0.01729017007164657,4,1
525,8,0.025182953104376793,3,1
526,10,0.029969308525323868,1,1
527,10,0.1673748791217804,1,1
528,8,0.12002221122384071,3,1
529,8,0.020339683319131534,3,1
530,9,0.04507557535544038,2,1
531,7,0.06864755880087614,4,1
532,6,0.026526717841625212,5,1
533,8,0.052584035942951836,3,1
534,9,0.0345813799649477,2,1
535,6,0.08217131532728672,5,1
536,9,0.025052492506802082,2,1
537,7,0.041205516550689936,4,1
538,6,0.043618688359856606,5,1
539,8,0.03224344924092293,3,1
540,9,0.1073956461623311,2,1
541,-6,0.0592294219223892,17,1
542,9,0.08605454303324223,2,1
543,10,0.061724357306957245,1,1
544,9,0.061905063688755035,2,1
545,5,0.03865654859691858,6,1
546,7,0.04964260081760585,4,1
547,10,0.06810938566923141,1,1
548,7,0.03944577416405082,4,1
549,8,0.07891069166362286,3,1
550,6,0.051920579187572,5,1
551,10,0.013517359271645546,1,1
552,8,0.030987530946731567,3,1
553,9,0.013543023262172937,2,1
554,9,0.0733875846490264,2,1
555,7,0.057024020701646805,4,1
556,8,0.0433616458127896,3,1
557,4,0.04401695089680808,7,1
558,7,0.028082418721169233,4,1
559,9,0.019816885702311993,2,1
560,9,0.03444177843630314,2,1
561,7,0.019282438326627016,4,1
562,10,0.029266804456710815,1,1
563,8,0.02565447861949603,3,1
564,7,0.040540910325944424,4,1
565,4,0.03341293640966926,7,1
566,10,0.013082938268780708,1,1
567,8,0.04912858145932356,3,1
568,10,0.06966697424650192,1,1
569,8,0.042274760703245796,3,1
570,10,0.05568622425198555,1,1
571,8,0.04971788823604584,3,1
572,7,0.054573602974414825,4,1
573,10,0.05620791018009186,1,1
574,9,0.04212447069585323,2,1
575,10,0.02024943195283413,1,1
576,9,0.05135221220552921,2,1
577,7,0.044230273459106684,4,1
578,9,0.027701581828296185,2,1
579,9,0.04958810284733772,2,1
580,5,0.035572277226795755,6,1
581,5,0.03788895594576994,6,1
582,8,0.025222123910983402,3,1
583,8,0.04471347977717718,3,1
584,6,0.024109409749507905,5,1
585,9,0.04313054122030735,2,1
586,7,0.03810352389700711,4,1
587,10,0.01694866642355919,1,1
588,7,0.032312638591974974,4,1
589,6,0.029696242511272432,5,1
590,6,0.02393007054924965,5,1
591,10,0.011263106018304825,1,1
592,10,0.013509489595890045,1,1
593,9,0.027529742568731308,2,1
594,9,0.06685201078653336,2,1
595,10,0.017164329066872597,1,1
596,9,0.01545451395213604,2,1
597,9,0.05135617032647133,2,1
598,9,0.042163483798503876,2,1
599,8,0.030786064453423023,3,1
600,8,0.022060390872259934,3,1
601,9,0.02097606286406517,2,1
602,7,0.01908899494446814,4,1
603,8,0.03171674255281687,3,1
604,7,0.04320575972087681,4,1
605,10,0.05182173103094101,1,1
606,7,0.04323828127235174,4,1
607,7,0.0343489907681942,4,1
608,6,0.0345936706289649,5,1
609,10,0.01841200329363346,1,1
610,10,0.0484701506793499,1,1
611,8,0.03422319578627745,3,1
612,10,0.022846201434731483,1,1
613,10,0.006550609599798918,1,1
614,-14,0.02664403758943081,25,1
615,7,0.017258523730561137,4,1
616,10,0.015125154517591,1,1
617,10,0.011300710029900074,1,1
618,9,0.03515657130628824,2,1
619,7,0.02629625448025763,4,1
620,6,0.027841025777161122,5,1
621,10,0.040094420313835144,1,1
622,8,0.041221863900621734,3,1
623,10,0.039099279791116714,1,1
624,8,0.04978903755545616,3,1
625,8,0.019253444547454517,3,1
626,10,0.0400528758764267,1,1
627,7,0.03698153235018253,4,1
628,8,0.032883999248345695,3,1
629,7,0.022074317326769233,4,1
630,7,0.03456190600991249,4,1
631,9,0.02615151833742857,2,1
632,9,0.014211544999852777,2,1
633,8,0.023493328442176182,3,1
634,9,0.045775240287184715,2,1
635,7,0.034169296734035015,4,1
636,8,0.053336008141438164,3,1
637,8,0.03491837717592716,3,1
638,9,0.02291338238865137,2,1
639,10,0.02115083858370781,1,1
640,10,0.021444885060191154,1,1
641,6,0.03274955563247204,5,1
642,7,0.030043148901313543,4,1
643,-5,0.02591395453782752,16,1
644,10,0.038690757006406784,1,1
645,-45,0.03277257928210828,36,0
646,-22,0.040079058543073406,33,1
647,7,0.025484318612143397,4,1
648,9,0.0482410192489624,2,1
649,5,0.03466754127293825,6,1
650,9,0.031859418377280235,2,1
651,10,0.04669441655278206,1,1
652,8,0.025224503129720688,3,1
653,9,0.030194295570254326,2,1
654,10,0.03713470697402954,1,1
655,8,0.03192607251306375,3,1
656,8,0.03835402615368366,3,1
657,10,0.030449094250798225,1,1
658,8,0.15711038125058016,3,1
659,7,0.03372013568878174,4,1
660,9,0.030880813486874104,2,1
661,-5,0.05577161686960608,16,1
662,-50,0.04659542225301266,50,0
663,8,0.026142801468571026,3,1
664,9,0.020888255909085274,2,1
665,10,0.03611873462796211,1,1
666,8,0.04836814912656943,3,1
667,7,0.019011914962902665,4,1
668,9,0.03747412655502558,2,1
669,8,0.014974966955681642,3,1
670,5,0.022607519757002592,6,1
671,9,0.01893308013677597,2,1
672,9,0.020159120671451092,2,1
673,8,0.03581195014218489,3,1
674,9,0.015126919373869896,2,1
675,8,0.016888361424207687,3,1
676,-50,0.031182251796126367,50,0
677,9,0.07222973741590977,2,1
678,10,0.09572779387235641,1,1
679,7,0.024296786170452833,4,1
680,7,0.03116003843024373,4,1
681,10,0.04635109379887581,1,1
682,7,0.03136564278975129,4,1
683,9,0.05518179386854172,2,1
684,9,0.04187851771712303,2,1
685,9,0.01874556764960289,2,1
686,8,0.0342409610748291,3,1
687,10,0.01809985563158989,1,1
688,8,0.02107947909583648,3,1
689,5,0.03476168494671583,6,1
690,-32,0.032554199637541935,43,1
691,8,0.01576688637336095,3,1
692,7,0.02760409819893539,4,1
693,7,0.027376758283935487,4,1
694,7,0.09077690402045846,4,1
695,8,0.02310397041340669,3,1
696,7,0.023239443777129054,4,1
697,-10,0.06616885960102081,1,0
698,9,0.0610880721360445,2,1
699,9,0.08556408435106277,2,1
700,10,0.03952174633741379,1,1
701,7,0.02010097401216626,4,1
702,6,0.03158178068697452,5,1
703,6,0.027337944507598876,5,1
704,10,0.017047833651304245,1,1
705,9,0.01662031840533018,2,1
706,10,0.007816231809556484,1,1
707,7,0.0863772677257657,4,1
708,10,0.024700570851564407,1,1
709,8,0.016920003108680248,3,1
710,6,0.1359153412282467,5,1
711,9,0.017462599091231823,2,1
712,9,0.024881449528038502,2,1
713,8,0.11295859888195992,3,1
714,6,0.02525352444499731,5,1
715,9,0.08962215855717659,2,1
716,10,0.02513337880373001,1,1
717,8,0.028094648693998654,3,1
718,10,0.014231889508664608,1,1
719,-45,0.06580892965818445,36,0
720,7,0.019826496951282024,4,1
721,9,0.03430853458121419,2,1
722,7,0.09327391861006618,4,1
723,8,0.016508829159041245,3,1
724,7,0.04452218720689416,4,1
725,-50,0.048050837852060796,50,0
726,10,0.017682619392871857,1,1
727,9,0.05939536541700363,2,1
728,6,0.09460067152976989,5,1
729,8,0.025406967538098495,3,1
730,5,0.03094806056469679,6,1
731,7,0.02816238207742572,4,1
732,6,0.02597743570804596,5,1
733,8,0.019409450391928356,3,1
734,6,0.02580215986818075,5,1
735,8,0.07279473263770342,3,1
736,10,0.033632710576057434,1,1
737,8,0.23863096442073584,3,1
738,7,0.10209567658603191,4,1
739,6,0.1335203655064106,5,1
740,9,0.04732747748494148,2,1
741,7,0.08238633163273335,4,1
742,6,0.14353340603411197,5,1
743,10,0.03717231750488281,1,1
744,7,0.06403451133519411,4,1
745,8,0.042775084264576435,3,1
746,6,0.03577353749424219,5,1
747,8,0.0760119619468848,3,1
748,10,0.023959124460816383,1,1
749,9,0.04755281563848257,2,1
750,8,0.023410813882946968,3,1
751,9,0.06182427238672972,2,1
752,-50,0.06558874847367406,50,0
753,10,0.020327556878328323,1,1
754,8,0.018736989547808964,3,1
755,6,0.06950589008629322,5,1
756,-12,0.03581325989216566,23,1
757,10,0.025502972304821014,1,1
758,9,0.024485205300152302,2,1
759,9,0.04809490265324712,2,1
760,-6,0.035804702297729606,17,1
761,8,0.055782937134305634,3,1
762,9,0.0752539299428463,2,1
763,8,0.06699442615111668,3,1
764,8,0.04977887806793054,3,1
765,9,0.019337852485477924,2,1
766,-10,0.08045333623886108,1,0
767,5,0.12694241106510162,6,1
768,10,0.023702042177319527,1,1
769,-24,0.08564641696533987,35,1
770,8,0.03640967048704624,3,1
771,7,0.0810312912799418,4,1
772,9,0.028718731366097927,2,1
773,10,0.06214982271194458,1,1
774,-16,0.034358377982344895,27,1
775,9,0.018945204094052315,2,1
776,8,0.01527960691601038,3,1
777,10,0.015686800703406334,1,1
778,8,0.055184527610739074,3,1
779,9,0.29900048673152924,2,1
780,7,0.03131844848394394,4,1
781,6,0.05033314414322376,5,1
782,6,0.0583241555839777,5,1
783,8,0.03466436639428139,3,1
784,9,0.08912656083703041,2,1
785,5,0.21962453704327345,6,1
786,6,0.03234519399702549,5,1
787,10,0.020467719063162804,1,1
788,9,0.014477531425654888,2,1
789,9,0.020540173165500164,2,1
790,8,0.03664236515760422,3,1
791,10,0.05193910002708435,1,1
792,8,0.01935517570624749,3,1
793,8,0.02386000193655491,3,1
794,8,0.027731178638835747,3,1
795,6,0.0530001163482666,5,1
796,8,0.03412473450104395,3,1
797,8,0.03278650467594465,3,1
798,7,0.07051246101036668,4,1
799,9,0.022270473651587963,2,1
800,10,0.08236940950155258,1,1
801,10,0.055834099650382996,1,1
802,8,0.03671980773409208,3,1
803,10,0.029714524745941162,1,1
804,10,0.018751876428723335,1,1
805,10,0.027560923248529434,1,1
806,8,0.03595327213406563,3,1
807,9,0.018759609200060368,2,1
808,9,0.02015557885169983,2,1
809,8,0.0366691288848718,3,1
810,7,0.02739177318289876,4,1
811,10,0.41705965995788574,1,1
812,8,0.04846007749438286,3,1
813,6,0.025507107377052307,5,1
814,10,0.016950400546193123,1,1
815,10,0.01962422952055931,1,1
816,8,0.026702340226620436,3,1
817,8,0.03220836895828446,3,1
818,10,0.016107650473713875,1,1
819,8,0.132706922168533,3,1
820,4,0.0503984700356211,7,1
821,7,0.02121782279573381,4,1
822,10,0.0076712965965271,1,1
823,7,0.0202617677859962,4,1
824,9,0.03505748510360718,2,1
825,8,0.04358951188623905,3,1
826,9,0.015419241972267628,2,1
827,6,0.025918767601251603,5,1
828,9,0.03663568012416363,2,1
829,9,0.02662938740104437,2,1
830,7,0.11007896298542619,4,1
831,9,0.04242116305977106,2,1
832,9,0.03744259290397167,2,1
833,9,0.043633027002215385,2,1
834,10,0.041483331471681595,1,1
835,8,0.06064628312985102,3,1
836,8,0.07293111210068066,3,1
837,9,0.027160330675542355,2,1
838,-10,0.03386766561085269,21,1
839,9,0.044113430660218,2,1
840,9,0.03362210327759385,2,1
841,9,0.03632830874994397,2,1
842,7,0.015748806996271014,4,1
843,8,0.0167428869754076,3,1
844,9,0.014415206387639046,2,1
845,10,0.011923549696803093,1,1
846,8,0.06556181299189727,3,1
847,8,0.04258879708747069,3,1
848,7,0.044675419107079506,4,1
849,3,0.04987460724078119,8,1
850,9,0.019907374866306782,2,1
851,6,0.028506145998835563,5,1
852,6,0.2381630063056946,5,1
853,8,0.028293040891488392,3,1
854,10,0.019568409770727158,1,1
855,8,0.029585324227809906,3,1
856,8,0.02034769890209039,3,1
857,8,0.04520986694842577,3,1
858,7,0.09820644371211529,4,1
859,8,0.033150977765520416,3,1
860,-4,0.03591976221650839,15,1
861,-10,0.017761526629328728,1,0
862,10,0.024630725383758545,1,1
863,-11,0.030012628063559532,2,0
864,-8,0.044117872946356475,19,1
865,10,0.018961697816848755,1,1
866,9,0.03148185322061181,2,1
867,-44,0.06502336354127952,35,0
868,6,0.0598749902099371,5,1
869,9,0.054760947823524475,2,1
870,10,0.027774635702371597,1,1
871,9,0.02515997551381588,2,1
872,9,0.0763294966891408,2,1
873,10,0.011491396464407444,1,1
874,8,0.043584403892358146,3,1
875,9,0.022933343425393105,2,1
876,9,0.275842048227787,2,1
877,7,0.04213163070380688,4,1
878,9,0.25089386850595474,2,1
879,10,0.05240664631128311,1,1
880,9,0.2791185826063156,2,1
881,-7,0.09823006857186556,18,1
882,9,0.03007251676172018,2,1
883,8,0.029431253671646118,3,1
884,7,0.05007007950916886,4,1
885,9,0.03256263490766287,2,1
886,8,0.02867217610279719,3,1
887,9,0.08899356797337532,2,1
888,9,0.034622926730662584,2,1
889,7,0.11479153577238321,4,1
890,7,0.02835121052339673,4,1
891,8,0.14338802049557367,3,1
892,9,0.17372865229845047,2,1
893,9,0.04941682331264019,2,1
894,6,0.09150514379143715,5,1
895,9,0.2811889620497823,2,1
896,9,0.05325032025575638,2,1
897,-10,0.02932676114141941,1,0
898,9,0.034853918477892876,2,1
899,10,0.026167692616581917,1,1
900,8,0.04985971190035343,3,1
901,9,0.29077364038676023,2,1
902,7,0.037747050169855356,4,1
903,7,0.04853657027706504,4,1
904,0,0.032438737763599915,11,1
905,9,0.02148814219981432,2,1
906,10,0.019177325069904327,1,1
907,6,0.23198412880301475,5,1
908,5,0.02717488321165244,6,1
909,9,0.026739331427961588,2,1
910,6,0.03411460556089878,5,1
911,6,0.05233339350670576,5,1
912,10,0.020315421745181084,1,1
913,9,0.3390161031857133,2,1
914,9,0.027500619180500507,2,1
915,7,0.028083160519599915,4,1
916,8,0.042708722253640495,3,1
917,-11,0.05429778341203928,2,0
918,-13,0.05702497996389866,4,0
919,4,0.038033860070364814,7,1
920,10,0.03723030909895897,1,1
921,6,0.11211700942367316,5,1
922,-25,0.0844367160461843,16,0
923,8,0.04750140135486921,3,1
924,9,0.16395528987050056,2,1
925,8,0.04070115648210049,3,1
926,10,0.04126371070742607,1,1
927,6,0.13525675367563963,5,1
928,7,0.03771679103374481,4,1
929,10,0.04910561814904213,1,1
930,10,0.5955786108970642,1,1
931,10,0.034558605402708054,1,1
932,9,0.03086693584918976,2,1
933,7,0.05189711507409811,4,1
934,10,0.018935712054371834,1,1
935,2,0.04791658671779765,9,1
936,9,0.2655016519129276,2,1
937,6,0.10739834681153297,5,1
938,9,0.03191753290593624,2,1
939,10,0.02442917600274086,1,1
940,10,0.05351840332150459,1,1
941,7,0.040932202246040106,4,1
942,8,0.048609587674339615,3,1
943,9,0.015783602371811867,2,1
944,9,0.02197179477661848,2,1
945,7,0.12957392120733857,4,1
946,10,0.020516948774456978,1,1
947,7,0.030884571839123964,4,1
948,7,0.09503314597532153,4,1
949,8,0.025697238743305206,3,1
950,8,0.29928946246703464,3,1
951,6,0.02418512459844351,5,1
952,-10,0.02908869832754135,1,0
953,6,0.046243251860141756,5,1
954,8,0.21425151328245798,3,1
955,8,0.04037437898417314,3,1
956,9,0.026498792693018913,2,1
957,8,0.18312719836831093,3,1
958,10,0.11580689251422882,1,1
959,10,0.030916625633835793,1,1
960,7,0.17448336724191904,4,1
961,8,0.05282233158747355,3,1
962,6,0.05062764920294285,5,1
963,10,0.015203326009213924,1,1
964,9,0.04029088653624058,2,1
965,9,0.0723529364913702,2,1
966,6,0.10549859032034874,5,1
967,-10,0.04704763740301132,1,0
968,9,0.5165911000221968,2,1
969,8,0.13474480994045734,3,1
970,9,0.021877550520002842,2,1
971,9,0.02392222359776497,2,1
972,10,0.04497620090842247,1,1
973,6,0.13175814189016818,5,1
974,10,0.019220370799303055,1,1
975,10,0.4400021731853485,1,1
976,8,0.16702257810781398,3,1
977,-28,0.07388526276470377,39,1
978,7,0.039686262141913176,4,1
979,10,0.08567270636558533,1,1
980,7,0.06263617519289255,4,1
981,10,0.04613298550248146,1,1
982,-10,0.029492050409317017,1,0
983,9,0.0758789163082838,2,1
984,7,0.10587310139089823,4,1
985,9,0.0310450978577137,2,1
986,8,0.038604247073332466,3,1
987,8,0.03514729564388593,3,1
988,9,0.05528883449733257,2,1
989,10,0.01843259297311306,1,1
990,-56,0.10982220529756964,47,0
991,9,0.017276532482355833,2,1
992,9,0.1455104872584343,2,1
993,9,0.26485324557870626,2,1
994,8,0.02556410680214564,3,1
995,7,0.1382489511743188,4,1
996,8,0.030368123203516006,3,1
997,7,0.029138663783669472,4,1
998,10,0.019250499084591866,1,1
999,9,0.04674321599304676,2,1
1000,9,0.04653174336999655,2,1
1,6,0.1250132519751787,5,1
2,8,0.15931975282728672,3,1
3,7,0.06798944808542728,4,1
4,9,0.035370802506804466,2,1
5,8,0.17820696160197258,3,1
6,8,0.05598630631963412,3,1
7,7,0.04061257652938366,4,1
8,9,0.021243388764560223,2,1
9,7,0.050418962724506855,4,1
10,9,0.1203629020601511,2,1
11,8,0.16054888690511385,3,1
12,9,0.04989105090498924,2,1
13,10,0.06176390498876572,1,1
14,7,0.29385428223758936,4,1
15,7,0.047248649410903454,4,1
16,-10,0.07250423760463794,21,1
17,8,0.26170812857647735,3,1
18,9,0.2552182390354574,2,1
19,8,0.15341064085563025,3,1
20,10,0.31547144055366516,1,1
21,9,0.06301509030163288,2,1
22,8,0.042570206026236214,3,1
23,1,0.07099271528422832,10,1
24,8,0.04663218433658282,3,1
25,9,0.06260867137461901,2,1
26,10,0.02986680343747139,1,1
27,6,0.036759404093027116,5,1
28,6,0.26029989421367644,5,1
29,9,0.0354495532810688,2,1
30,7,0.06830621371045709,4,1
31,8,0.023618928467233975,3,1
32,9,0.031970102339982986,2,1
33,8,0.050891886154810585,3,1
34,8,0.16572467486063638,3,1
35,8,0.04069736724098524,3,1
36,7,0.029265161603689194,4,1
37,-10,0.07815168797969818,1,0
38,8,0.03391264627377192,3,1
39,8,0.28066513563195866,3,1
40,8,0.0755179872115453,3,1
41,4,0.029745707953614847,7,1
42,9,0.01996725518256426,2,1
43,7,0.23475167155265808,4,1
44,7,0.08605430880561471,4,1
45,8,0.03888621708999077,3,1
46,8,0.19787625968456268,3,1
47,9,0.053140733391046524,2,1
48,8,0.047675504038731255,3,1
49,8,0.02904183293382327,3,1
50,-12,0.09796316580226024,3,0
51,9,0.20778912212699652,2,1
52,8,0.024243343931933243,3,1
53,-12,0.05095242088039716,3,0
54,9,0.08104928210377693,2,1
55,9,0.26408475637435913,2,1
56,10,0.03548870235681534,1,1
57,10,0.46316638588905334,1,1
58,7,0.02535445475950837,4,1
59,9,0.03146575763821602,2,1
60,9,0.026784482412040234,2,1
61,9,0.036407509818673134,2,1
62,10,0.06941787153482437,1,1
63,7,0.12908701389096677,4,1
64,7,0.14966011559590697,4,1
65,5,0.0712866469596823,6,1
66,10,0.06898882240056992,1,1
67,9,0.037358928471803665,2,1
68,3,0.03877638257108629,8,1
69,10,0.3894917666912079,1,1
70,9,0.06316589377820492,2,1
71,8,0.22647799303134283,3,1
72,10,0.020791200920939445,1,1
73,9,0.1042744629085064,2,1
74,10,0.02186364121735096,1,1
75,9,0.03809333220124245,2,1
76,9,0.0655278880149126,2,1
77,9,0.03433302789926529,2,1
78,5,0.17770556376005212,6,1
79,6,0.11078536212444305,5,1
80,10,0.4845755994319916,1,1
81,7,0.1084134834818542,4,1
82,7,0.03454983839765191,4,1
83,9,0.027616041712462902,2,1
84,9,0.05579451285302639,2,1
85,10,0.035532210022211075,1,1
86,6,0.09731410518288612,5,1
87,10,0.03963933140039444,1,1
88,10,0.4344136416912079,1,1
89,9,0.03241706266999245,2,1
90,5,0.03750581542650858,6,1
91,10,0.02649611234664917,1,1
92,9,0.04802161082625389,2,1
93,7,0.12054050737060606,4,1
94,9,0.05035680625587702,2,1
95,10,0.035618528723716736,1,1
96,8,0.24116323298464218,3,1
97,9,0.040545166470110416,2,1
98,9,0.05614358186721802,2,1
99,-12,0.060724155572445496,23,1
100,10,0.04579157382249832,1,1
101,8,0.18917552133401236,3,1
102,7,0.1150713237002492,4,1
103,10,0.3200777471065521,1,1
104,-13,0.08151340445814033,24,1
105,6,0.06523259505629539,5,1
106,3,0.051919001154601574,8,1
107,9,0.08736693300306797,2,1
108,10,0.06950433552265167,1,1
109,-23,0.08775256920073714,14,0
110,8,0.033834333841999374,3,1
111,7,0.048885509837418795,4,1
112,9,0.040313527919352055,2,1
113,-50,0.07445960383862257,50,0
114,6,0.025599035806953906,5,1
115,9,0.031315408647060394,2,1
116,8,0.06569148972630501,3,1
117,10,0.015462798997759819,1,1
118,10,0.045265261083841324,1,1
119,9,0.04059064947068691,2,1
120,10,0.0261777862906456,1,1
121,9,0.2596781849861145,2,1
122,7,0.07933140080422163,4,1
123,6,0.034678610041737556,5,1
124,9,0.04296251107007265,2,1
125,8,0.12948370911180973,3,1
126,9,0.026967194862663746,2,1
127,6,0.03642347808927297,5,1
128,8,0.14422143002351126,3,1
129,10,0.06547770649194717,1,1
130,9,0.033614639192819595,2,1
131,8,0.18069946765899658,3,1
132,7,0.027359141502529383,4,1
133,6,0.05733073689043522,5,1
134,10,0.04480128735303879,1,1
135,10,0.02346956729888916,1,1
136,9,0.048031676560640335,2,1
137,8,0.04338153203328451,3,1
138,6,0.020797623321413994,5,1
139,8,0.16278387481967607,3,1
140,9,0.04672674648463726,2,1
141,9,0.08734609372913837,2,1
142,8,0.057308667649825416,3,1
143,10,0.06715522706508636,1,1
144,10,0.07094721496105194,1,1
145,6,0.027913622185587884,5,1
146,9,0.04030510690063238,2,1
147,10,0.18940146267414093,1,1
148,9,0.04046568553894758,2,1
149,2,0.08696486014458868,9,1
150,10,0.029808972030878067,1,1
151,10,0.016578689217567444,1,1
152,7,0.01857865834608674,4,1
153,8,0.03627982549369335,3,1
154,9,0.10962323937565088,2,1
155,8,0.046268265694379807,3,1
156,10,0.035424452275037766,1,1
157,8,0.02390480786561966,3,1
158,5,0.04289919355263313,6,1
159,7,0.0330003947019577,4,1
160,10,0.019337020814418793,1,1
161,9,0.19328454043716192,2,1
162,6,0.04186801798641682,5,1
163,10,0.006716523785144091,1,1
164,10,0.0218898206949234,1,1
165,8,0.04136501873532931,3,1
166,10,0.016480030491948128,1,1
167,-38,0.08580749299453229,49,1
168,10,0.0396847203373909,1,1
169,10,0.028296686708927155,1,1
170,9,0.033258271403610706,2,1
171,8,0.09805686958134174,3,1
172,9,0.04490890633314848,2,1
173,9,0.03069773782044649,2,1
174,9,0.02337714657187462,2,1
175,8,0.026096163938442867,3,1
176,9,0.02382135670632124,2,1
177,7,0.03155305702239275,4,1
178,7,0.03843059577047825,4,1
179,10,0.041311852633953094,1,1
180,10,0.021007662639021873,1,1
181,8,0.02875987874964873,3,1
182,-50,0.04786585752852261,50,0
183,8,0.06453299894928932,3,1
184,10,0.06620510667562485,1,1
185,8,0.034399110823869705,3,1
186,8,0.05725128265718619,3,1
187,10,0.033827222883701324,1,1
188,-20,0.07863164368656374,31,1
189,9,0.048388756811618805,2,1
190,7,0.039725076872855425,4,1
191,9,0.03866789676249027,2,1
192,7,0.05825525987893343,4,1
193,7,0.03134910436347127,4,1
194,7,0.02836033934727311,4,1
195,8,0.023996743373572826,3,1
196,8,0.05452988358835379,3,1
197,9,0.047978454269468784,2,1
198,8,0.0400698883458972,3,1
199,7,0.03700174484401941,4,1
200,10,0.013715065084397793,1,1
201,8,0.06031918153166771,3,1
202,9,0.02143992856144905,2,1
203,9,0.01787511818110943,2,1
204,-10,0.05477536749094725,21,1
205,9,0.02711569983512163,2,1
206,7,0.0542074809782207,4,1
207,8,0.0607537484417359,3,1
208,10,0.017580434679985046,1,1
209,-10,0.07505939927484308,21,1
210,8,0.0752646674712499,3,1
211,5,0.08429211253921191,6,1
212,10,0.03726652264595032,1,1
213,9,0.018703443929553032,2,1
214,10,0.012205088511109352,1,1
215,9,0.12751078233122826,2,1
216,8,0.09851713043948014,3,1
217,9,0.03111421875655651,2,1
218,10,0.03253200650215149,1,1
219,10,0.03479011356830597,1,1
220,4,0.06556686679167407,7,1
221,8,0.027370606704304617,3,1
222,6,0.02968413569033146,5,1
223,10,0.06376197189092636,1,1
224,10,0.02922174334526062,1,1
225,8,0.04874760719637076,3,1
226,7,0.032697843853384256,4,1
227,4,0.05810871347784996,7,1
228,7,0.050572273787111044,4,1
229,10,0.10913188755512238,1,1
230,9,0.0897358600050211,2,1
231,-10,0.06852768565572444,21,1
232,8,0.059211062267422676,3,1
233,6,0.039353634044528005,5,1
234,9,0.08916850760579109,2,1
235,7,0.07375563657842577,4,1
236,9,0.07005104329437017,2,1
237,6,0.02847687602043152,5,1
238,10,0.03534402325749397,1,1
239,8,0.04043227123717467,3,1
240,10,0.036104217171669006,1,1
241,5,0.07752282358705997,6,1
242,7,0.042971277609467506,4,1
243,7,0.04571154387667775,4,1
244,7,0.09269164362922311,4,1
245,9,0.03485653176903725,2,1
246,8,0.06932965479791164,3,1
247,7,0.05344601906836033,4,1
248,7,0.017726650461554527,4,1
249,9,0.030628434382379055,2,1
250,10,0.036888185888528824,1,1
251,8,0.054349382407963276,3,1
252,10,0.019643841311335564,1,1
253,6,0.06657847594469786,5,1
254,8,0.057413045627375446,3,1
255,7,0.026186923030763865,4,1
256,10,0.09736264497041702,1,1
257,-50,0.04267507204785943,50,0
258,8,0.06336609336237113,3,1
259,8,0.0435409564524889,3,1
260,8,0.041790394422908626,3,1
261,-50,0.07785069527104498,50,0
262,5,0.04099135814855496,6,1
263,4,0.03839883554194655,7,1
264,6,0.05943493619561195,5,1
265,7,0.02890583616681397,4,1
266,7,0.03128923615440726,4,1
267,10,0.1762537658214569,1,1
268,8,0.08556681064267953,3,1
269,8,0.029681359728177387,3,1
270,-22,0.06332712386255011,33,1
271,9,0.04027282074093819,2,1
272,10,0.01866508089005947,1,1
273,7,0.03129151090979576,4,1
274,8,0.05481583500901858,3,1
275,8,0.0350957370052735,3,1
276,9,0.00863795098848641,2,1
277,6,0.08046943359076977,5,1
278,9,0.05379711743444204,2,1
279,9,0.03531564399600029,2,1
280,8,0.08248967801531155,3,1
281,9,0.04000960290431976,2,1
282,-6,0.045519263812286014,17,1
283,7,0.043494367972016335,4,1
284,8,0.050004073729117714,3,1
285,8,0.029836350431044895,3,1
286,8,0.0381406412149469,3,1
287,6,0.048539677541702984,5,1
288,8,0.036815441523989044,3,1
289,6,0.03134450539946556,5,1
290,8,0.055090496937433876,3,1
291,10,0.03328162804245949,1,1
292,8,0.026343117157618206,3,1
293,7,0.13378925807774067,4,1
294,10,0.18455016613006592,1,1
295,9,0.018885008059442043,2,1
296,9,0.03057459183037281,2,1
297,8,0.05588799280424913,3,1
298,10,0.09335958957672119,1,1
299,-11,0.015547591261565685,2,0
300,8,0.02214410404364268,3,1
301,8,0.02088876347988844,3,1
302,-10,0.02369380183517933,1,0
303,10,0.013272556476294994,1,1
304,10,0.011692080646753311,1,1
305,8,0.06832101692756017,3,1
306,4,0.11461981133158718,7,1
307,9,0.01728810602799058,2,1
308,8,0.11208427635331948,3,1
309,9,0.07895173877477646,2,1
310,7,0.04698658874258399,4,1
311,10,0.0882679894566536,1,1
312,7,0.041431613732129335,4,1
313,6,0.048778187856078147,5,1
314,8,0.06101200729608536,3,1
315,5,0.12400566289822261,6,1
316,9,0.05803229659795761,2,1
317,5,0.042920997366309166,6,1
318,9,0.24023225903511047,2,1
319,-50,0.10461674207821488,50,0
320,7,0.03372917976230383,4,1
321,9,0.07069296948611736,2,1
322,6,0.04440512917935848,5,1
323,-50,0.06733049616217614,50,0
324,-2,0.07455751185233776,13,1
325,9,0.03303532302379608,2,1
326,7,0.16428953781723976,4,1
327,9,0.034210401587188244,2,1
328,8,0.03733194184799989,3,1
329,9,0.024827011860907078,2,1
330,9,0.04237930290400982,2,1
331,8,0.04283950850367546,3,1
332,7,0.03547092597000301,4,1
333,9,0.04390391521155834,2,1
334,6,0.04482927247881889,5,1
335,10,0.2690095007419586,1,1
336,8,0.01836303621530533,3,1
337,6,0.0593394948169589,5,1
338,8,0.05345659020046393,3,1
339,8,0.06935404241085052,3,1
340,7,0.04257762199267745,4,1
341,9,0.05530374590307474,2,1
342,9,0.03596128150820732,2,1
343,9,0.05122150667011738,2,1
344,8,0.09238904590408008,3,1
345,8,0.042600611224770546,3,1
346,9,0.04141823621466756,2,1
347,8,0.0633745789527893,3,1
348,10,0.09131030738353729,1,1
349,-7,0.08545869516415729,18,1
350,8,0.0606949490805467,3,1
351,-6,0.05411171463920789,17,1
352,10,0.20285464823246002,1,1
353,7,0.17941849073395133,4,1
354,10,0.052361954003572464,1,1
355,10,0.017766738310456276,1,1
356,9,0.026021650061011314,2,1
357,9,0.02478988841176033,2,1
358,8,0.026109658802549045,3,1
359,-50,0.036746628507971765,50,0
360,10,0.03541484847664833,1,1
361,8,0.03480003401637077,3,1
362,7,0.12533672293648124,4,1
363,8,0.02815962831179301,3,1
364,9,0.027572542428970337,2,1
365,7,0.0888195401057601,4,1
366,7,0.1287656077183783,4,1
367,9,0.0379011332988739,2,1
368,9,0.10957188345491886,2,1
369,10,0.05094131827354431,1,1
370,5,0.08258894349758823,6,1
371,7,0.13862906070426106,4,1
372,10,0.017850831151008606,1,1
373,6,0.03893684297800064,5,1
374,7,0.033181366976350546,4,1
375,9,0.06309270299971104,2,1
376,6,0.1203252624720335,5,1
377,8,0.045718626429637275,3,1
378,8,0.0350819273541371,3,1
379,9,0.03815200924873352,2,1
380,9,0.04104997590184212,2,1
381,4,0.03806707342820508,7,1
382,-50,0.06623367393389344,50,0
383,9,0.2364322179928422,2,1
384,7,0.031045434065163136,4,1
385,7,0.039911963045597076,4,1
386,3,0.03143132582772523,8,1
387,7,0.05834384309127927,4,1
388,7,0.025019344175234437,4,1
389,10,0.040766581892967224,1,1
390,-50,0.05392037338577211,50,0
391,10,0.15793751180171967,1,1
392,8,0.14951959624886513,3,1
393,8,0.026744745050867397,3,1
394,3,0.03566882701124996,8,1
395,9,0.03653448820114136,2,1
396,9,0.032239919528365135,2,1
397,8,0.05075044929981232,3,1
398,-50,0.05271437035873532,50,0
399,9,0.011662987992167473,2,1
400,9,0.022466285154223442,2,1
401,9,0.05392259545624256,2,1
402,10,0.07524338364601135,1,1
403,10,0.03763889893889427,1,1
404,10,0.03929230198264122,1,1
405,10,0.04514855146408081,1,1
406,10,0.15169216692447662,1,1
407,-14,0.06659044697880745,5,0
408,7,0.026179114356637,4,1
409,6,0.03423466384410858,5,1
410,8,0.034889496862888336,3,1
411,7,0.024144466733559966,4,1
412,9,0.0586024122312665,2,1
413,8,0.061319226399064064,3,1
414,8,0.022667746370037396,3,1
415,9,0.017361297272145748,2,1
416,10,0.014789959415793419,1,1
417,10,0.0221589095890522,1,1
418,9,0.05168470833450556,2,1
419,9,0.14770131511613727,2,1
420,8,0.04457825608551502,3,1
421,9,0.11247897334396839,2,1
422,6,0.030479061231017113,5,1
423,10,0.02212064526975155,1,1
424,8,0.020641858999927837,3,1
425,8,0.019951437134295702,3,1
426,10,0.00842499453574419,1,1
427,7,0.04267704114317894,4,1
428,8,0.03238401499887308,3,1
429,10,0.019997835159301758,1,1
430,10,0.03713370859622955,1,1
431,10,0.017053790390491486,1,1
432,10,0.02015523426234722,1,1
433,8,0.02279573151220878,3,1
434,7,0.012141971266828477,4,1
435,9,0.0375560624524951,2,1
436,7,0.013580706203356385,4,1
437,10,0.00911747943609953,1,1
438,-6,0.08916747120811659,17,1
439,6,0.024203564040362835,5,1
440,8,0.028972854216893513,3,1
441,8,0.041145904610554375,3,1
442,9,0.0642465683631599,2,1
443,9,0.033498607110232115,2,1
444,9,0.02372067514806986,2,1
445,9,0.02640836127102375,2,1
446,8,0.04564338612059752,3,1
447,7,0.06872454890981317,4,1
448,9,0.029479901306331158,2,1
449,-2,0.04982536400739963,13,1
450,10,0.015217662788927555,1,1
451,3,0.10145200160332024,8,1
452,-37,0.054934724214641996,48,1
453,8,0.03532362480958303,3,1
454,5,0.047832149701813854,6,1
455,6,0.061827795952558516,5,1
456,7,0.03337822528555989,4,1
457,9,0.04645914398133755,2,1
458,6,0.05693492963910103,5,1
459,9,0.02270962717011571,2,1
460,7,0.04305840702727437,4,1
461,10,0.04265522211790085,1,1
462,7,0.05344183766283095,4,1
463,8,0.012129231821745634,3,1
464,10,0.027440201491117477,1,1
465,8,0.02205021803577741,3,1
466,7,0.11459417024161667,4,1
467,8,0.023832554928958416,3,1
468,8,0.039285516987244286,3,1
469,10,0.019306257367134094,1,1
470,9,0.08654223382472992,2,1
471,6,0.03458504676818848,5,1
472,7,0.037862859200686216,4,1
473,6,0.0682913962751627,5,1
474,7,0.013505100505426526,4,1
475,9,0.06711731478571892,2,1
476,7,0.02982116863131523,4,1
477,10,0.0250694639980793,1,1
478,8,0.01332260233660539,3,1
479,10,0.019952593371272087,1,1
480,10,0.06716464459896088,1,1
481,8,0.012974863095829884,3,1
482,-1,0.04620825848542154,12,1
483,7,0.01617216016165912,4,1
484,8,0.06642804201692343,3,1
485,6,0.06383423358201981,5,1
486,7,0.022891802713274956,4,1
487,8,0.02964853619535764,3,1
488,-50,0.04849455835297704,50,0
489,7,0.05779959773644805,4,1
490,9,0.024474656209349632,2,1
491,10,0.021232422441244125,1,1
492,10,0.11335553973913193,1,1
493,5,0.039204358123242855,6,1
494,9,0.04510253947228193,2,1
495,10,0.023903151974081993,1,1
496,10,0.03576400876045227,1,1
497,7,0.011784712900407612,4,1
498,8,0.024263498062888782,3,1
499,8,0.020812058821320534,3,1
500,-12,0.05965467169880867,3,0
501,10,0.03923862427473068,1,1
502,9,0.07552944496273994,2,1
503,10,0.02679518051445484,1,1
504,8,0.06888585537672043,3,1
505,-27,0.039312502638878005,38,1
506,9,0.028868102002888918,2,1
507,-12,0.04941990474859873,3,0
508,8,0.05258455500006676,3,1
509,9,0.029499824158847332,2,1
510,9,0.025402002967894077,2,1
511,5,0.02601692235718171,6,1
512,9,0.03866656683385372,2,1
513,8,0.11258731627215941,3,1
514,10,0.11010969430208206,1,1
515,9,0.061966510489583015,2,1
516,8,0.03526579340298971,3,1
517,9,0.08472354710102081,2,1
518,5,0.0845242915675044,6,1
519,7,0.08188140741549432,4,1
520,5,0.08605479619776209,6,1
521,9,0.020265365950763226,2,1
522,10,0.00664906669408083,1,1
523,6,0.042573335394263265,5,1
524,7,0.037956022191792727,4,1
525,8,0.03776343849798044,3,1
526,7,0.03179592406377196,4,1
527,-6,0.034394495956161446,17,1
528,-6,0.04611337853266912,17,1
529,6,0.03024271931499243,5,1
530,10,0.056533217430114746,1,1
531,9,0.015738068614155054,2,1
532,7,0.06179353501647711,4,1
533,6,0.10730189327150583,5,1
534,-13,0.04576013990057012,24,1
535,9,0.011780970264226198,2,1
536,7,0.028247639536857605,4,1
537,9,0.027668879367411137,2,1
538,9,0.231832979246974,2,1
539,6,0.047161296382546423,5,1
540,9,0.041732131503522396,2,1
541,9,0.019063697662204504,2,1
542,9,0.026335030794143677,2,1
543,10,0.026897691190242767,1,1
544,10,0.03243955597281456,1,1
545,-31,0.02917914898981425,22,0
546,10,0.048067159950733185,1,1
547,6,0.12015293575823308,5,1
548,10,0.032262563705444336,1,1
549,8,0.018355411166946094,3,1
550,9,0.03696983214467764,2,1
551,8,0.038920298839608826,3,1
552,7,0.03171687840949744,4,1
553,-6,0.029850723769734886,17,1
554,8,0.017829326602319878,3,1
555,10,0.41492217779159546,1,1
556,9,0.027960008941590786,2,1
557,-29,0.07033205401385204,40,1
558,9,0.05268480256199837,2,1
559,9,0.043301546946167946,2,1
560,9,0.13381852582097054,2,1
561,9,0.022185256704688072,2,1
562,7,0.06397855607792735,4,1
563,9,0.04926817584782839,2,1
564,6,0.046519466862082484,5,1
565,4,0.08782116909112249,7,1
566,7,0.020420118584297597,4,1
567,6,0.05802907422184944,5,1
568,9,0.03444056026637554,2,1
569,8,0.0512732844799757,3,1
570,9,0.27231964841485023,2,1
571,7,0.04469766840338707,4,1
572,8,0.029306973641117413,3,1
573,9,0.031106756068766117,2,1
574,10,0.05562416836619377,1,1
575,9,0.01975808385759592,2,1
576,8,0.03443132092555364,3,1
577,10,0.0304282084107399,1,1
578,9,0.0684494599699974,2,1
579,8,0.0522625936816136,3,1
580,6,0.14263058602809905,5,1
581,5,0.06273072926948468,6,1
582,6,0.02708555944263935,5,1
583,4,0.060177356004714966,7,1
584,10,0.07495171576738358,1,1
585,-50,0.050130677856504914,50,0
586,9,0.03457909822463989,2,1
587,5,0.10469570383429527,6,1
588,7,0.03262442583218217,4,1
589,10,0.019989844411611557,1,1
590,8,0.017510406362513702,3,1
591,9,0.029084375128149986,2,1
592,8,0.0314987376332283,3,1
593,-10,0.029784750193357468,21,1
594,-50,0.05825357948429882,50,0
595,7,0.10984435910359025,4,1
596,10,0.028878483921289444,1,1
597,10,0.013146250508725643,1,1
598,8,0.017556684091687202,3,1
599,9,0.027288713958114386,2,1
600,7,0.032356783747673035,4,1
601,9,0.018598048947751522,2,1
602,10,0.00982141587883234,1,1
603,7,0.026479257736355066,4,1
604,9,0.029209633357822895,2,1
605,7,0.1070321633014828,4,1
606,10,0.01867435686290264,1,1
607,10,0.04064604640007019,1,1
608,10,0.00839097611606121,1,1
609,10,0.02856229990720749,1,1
610,8,0.022501027366767328,3,1
611,6,0.01784867960959673,5,1
612,10,0.05729223042726517,1,1
613,7,0.011772206984460354,4,1
614,-33,0.06352523345655452,24,0
615,5,0.02547367475926876,6,1
616,7,0.033622360322624445,4,1
617,10,0.028433365747332573,1,1
618,9,0.021682684309780598,2,1
619,7,0.029904221184551716,4,1
620,6,0.04652558080852032,5,1
621,-50,0.09888447748497128,50,0
622,-29,0.04479600561317056,40,1
623,10,0.015931542962789536,1,1
624,-20,0.058758852913254694,31,1
625,-25,0.06686588270693189,36,1
626,10,0.0565161257982254,1,1
627,10,0.019890684634447098,1,1
628,8,0.036522352447112404,3,1
629,8,0.28784219299753505,3,1
630,9,0.01973837986588478,2,1
631,6,0.09976252429187298,5,1
632,10,0.025407472625374794,1,1
633,10,0.013369793072342873,1,1
634,8,0.052404758830865227,3,1
635,8,0.016185191615174215,3,1
636,10,0.02364199422299862,1,1
637,8,0.040141635884841285,3,1
638,10,0.01035755593329668,1,1
639,4,0.01736346006925617,7,1
640,10,0.013653334230184555,1,1
641,7,0.09525957936421037,4,1
642,8,0.01754471380263567,3,1
643,8,0.019966071161131065,3,1
644,6,0.028589629754424094,5,1
645,9,0.023805671371519566,2,1
646,8,0.02096550477047761,3,1
647,9,0.04859879985451698,2,1
648,10,0.0323607362806797,1,1
649,6,0.021473422273993494,5,1
650,9,0.27575513161718845,2,1
651,10,0.024634279310703278,1,1
652,10,0.02428264357149601,1,1
653,8,0.1913280071069797,3,1
654,7,0.04178350046277046,4,1
655,8,0.029741548312207062,3,1
656,10,0.018720760941505432,1,1
657,9,0.030895664356648922,2,1
658,-50,0.04530680377036333,50,0
659,6,0.016990833543241025,5,1
660,10,0.011810441501438618,1,1
661,9,0.023014917969703674,2,1
662,8,0.015512650832533836,3,1
663,8,0.039616878454883896,3,1
664,9,0.03943752869963646,2,1
665,9,0.03482938278466463,2,1
666,9,0.17466307617723942,2,1
667,10,0.018975554034113884,1,1
668,8,0.03325660806149244,3,1
669,6,0.030525732226669787,5,1
670,6,0.02474901229143143,5,1
671,10,0.017430318519473076,1,1
672,7,0.13746074447408319,4,1
673,-20,0.039346453072803635,31,1
674,8,0.02093724611525734,3,1
675,9,0.025782421231269836,2,1
676,8,0.03996154914299647,3,1
677,-35,0.059533873214744605,26,0
678,7,0.046386583941057324,4,1
679,8,0.025728695715467136,3,1
680,9,0.014746718108654022,2,1
681,-17,0.0648024049920163,28,1
682,8,0.03889749416460594,3,1
683,6,0.025985150784254073,5,1
684,7,0.06530334614217281,4,1
685,8,0.02629710299273332,3,1
686,8,0.026650618761777878,3,1
687,7,0.0461877528578043,4,1
688,7,0.022389754885807633,4,1
689,9,0.23005440086126328,2,1
690,8,0.020836871738235157,3,1
691,6,0.13781712129712104,5,1
692,9,0.03169151861220598,2,1
693,10,0.05385306850075722,1,1
694,6,0.04823779240250588,5,1
695,9,0.03959329891949892,2,1
696,-50,0.07346607029438018,50,0
697,9,0.07695210725069046,2,1
698,8,0.05237806464234988,3,1
699,9,0.1834888868033886,2,1
700,9,0.08311824314296246,2,1
701,5,0.055593313028415046,6,1
702,9,0.07445396482944489,2,1
703,-45,0.05669134956163665,36,0
704,10,0.06164726987481117,1,1
705,3,0.06444475229363889,8,1
706,9,0.11646454781293869,2,1
707,-15,0.07635500138768783,26,1
708,6,0.07969000712037086,5,1
709,6,0.04485740680247545,5,1
710,8,0.03163516583542029,3,1
711,6,0.02592928372323513,5,1
712,8,0.06331358787914117,3,1
713,-35,0.07494237216619345,26,0
714,7,0.021421588957309723,4,1
715,8,0.026345927268266678,3,1
716,9,0.01830967701971531,2,1
717,-5,0.02487092826049775,16,1
718,9,0.24530286341905594,2,1
719,7,0.030476452317088842,4,1
720,7,0.1310440180823207,4,1
721,10,0.01034572347998619,1,1
722,7,0.016760920407250524,4,1
723,7,0.22837274055927992,4,1
724,10,0.03772217035293579,1,1
725,7,0.10918904514983296,4,1
726,9,0.09315651562064886,2,1
727,10,0.098416268825531,1,1
728,-23,0.055107013240237444,34,1
729,9,0.042931389063596725,2,1
730,9,0.06385455094277859,2,1
731,8,0.020922855163613956,3,1
732,7,0.0739025950897485,4,1
733,10,0.011605200357735157,1,1
734,10,0.009295137599110603,1,1
735,7,0.05298202624544501,4,1
736,9,0.12569478899240494,2,1
737,9,0.04910461511462927,2,1
738,9,0.09913863614201546,2,1
739,10,0.03282669931650162,1,1
740,9,0.06959558837115765,2,1
741,9,0.1947241947054863,2,1
742,8,0.12758099101483822,3,1
743,10,0.07690512388944626,1,1
744,10,0.026579126715660095,1,1
745,9,0.04077840782701969,2,1
746,8,0.026544714036087196,3,1
747,8,0.044589124619960785,3,1
748,9,0.02265380509197712,2,1
749,9,0.04752227198332548,2,1
750,9,0.02773528266698122,2,1
751,7,0.03371351840905845,4,1
752,10,0.016157107427716255,1,1
753,7,0.13789876690134406,4,1
754,9,0.015804708935320377,2,1
755,5,0.10268001692990462,6,1
756,10,0.03114955686032772,1,1
757,8,0.019407447427511215,3,1
758,7,0.03529150318354368,4,1
759,6,0.059016720950603486,5,1
760,-11,0.015921514481306076,2,0
761,7,0.02217965852469206,4,1
762,8,0.0297689326107502,3,1
763,9,0.27161495201289654,2,1
764,8,0.08237097971141338,3,1
765,-8,0.04274956808474503,19,1
766,-15,0.08637332547312745,26,1
767,9,0.03321836702525616,2,1
768,7,0.0347772054374218,4,1
769,9,0.10432164650410414,2,1
770,7,0.042096109595149755,4,1
771,-50,0.08761364435777068,50,0
772,7,0.018258850323036313,4,1
773,4,0.06135582657796996,7,1
774,10,0.0692986398935318,1,1
775,6,0.09232797101140022,5,1
776,-10,0.10067121365240642,21,1
777,-11,0.08287422659552911,22,1
778,10,0.017315905541181564,1,1
779,8,0.06391055509448051,3,1
780,7,0.06904722191393375,4,1
781,10,0.0432761013507843,1,1
782,6,0.3007215760648251,5,1
783,-50,0.06750145027413965,50,0
784,10,0.19545933604240417,1,1
785,9,0.060160744935274124,2,1
786,9,0.04997439868748188,2,1
787,2,0.08887233005629645,9,1
788,6,0.04539922960102558,5,1
789,10,0.012614727020263672,1,1
790,10,0.24115774035453796,1,1
791,9,0.18275089329108596,2,1
792,10,0.033048056066036224,1,1
793,7,0.05592037085443735,4,1
794,10,0.030755259096622467,1,1
795,10,0.016802450641989708,1,1
796,-20,0.04770877542755296,31,1
797,9,0.07198564661666751,2,1
798,7,0.034345220774412155,4,1
799,8,0.02734432027985652,3,1
800,-10,0.03322939574718475,1,0
801,8,0.12842096077899137,3,1
802,-36,0.06547557211857527,47,1
803,7,0.0760604152455926,4,1
804,7,0.056361861526966095,4,1
805,10,0.13752835988998413,1,1
806,10,0.011534173972904682,1,1
807,10,0.03811578080058098,1,1
808,5,0.06262648260841767,6,1
809,5,0.07251895188043515,6,1
810,9,0.06783691793680191,2,1
811,7,0.09474610956385732,4,1
812,10,0.04126763716340065,1,1
813,10,0.028604447841644287,1,1
814,10,0.06130357086658478,1,1
815,6,0.045280540734529494,5,1
816,8,0.07829030727346738,3,1
817,8,0.0902724638581276,3,1
818,6,0.034644803032279015,5,1
819,8,0.030274968594312668,3,1
820,5,0.1377036633590857,6,1
821,8,0.03302060440182686,3,1
822,6,0.03595463335514069,5,1
823,6,0.032077255100011824,5,1
824,7,0.049231580924242735,4,1
825,7,0.09562152344733477,4,1
826,9,0.028117035515606403,2,1
827,7,0.12153027206659317,4,1
828,7,0.037873923778533936,4,1
829,7,0.129217560403049,4,1
830,9,0.2052257265895605,2,1
831,8,0.048180343583226204,3,1
832,9,0.04720244649797678,2,1
833,-11,0.10451558977365494,2,0
834,9,0.25862453877925873,2,1
835,8,0.028014459336797397,3,1
836,7,0.059441051445901394,4,1
837,10,0.17644460499286652,1,1
838,9,0.02719667088240385,2,1
839,9,0.03995638154447079,2,1
840,-31,0.0565395142794365,42,1
841,9,0.041240631602704525,2,1
842,10,0.04760066419839859,1,1
843,5,0.12332093700145681,6,1
844,9,0.238781554158777,2,1
845,8,0.18942830773691335,3,1
846,9,0.015472248662263155,2,1
847,-2,0.06870335068267125,13,1
848,-13,0.028313894290477037,4,0
849,7,0.2251081708818674,4,1
850,7,0.04265453480184078,4,1
851,6,0.054208604991436,5,1
852,10,0.018589502200484276,1,1
853,9,0.024178684689104557,2,1
854,9,0.02311595156788826,2,1
855,7,0.031640809029340744,4,1
856,10,0.021629588678479195,1,1
857,9,0.022185183595865965,2,1
858,10,0.19325405359268188,1,1
859,7,0.0738781918771565,4,1
860,10,0.04948682337999344,1,1
861,8,0.037721797823905945,3,1
862,9,0.028176069725304842,2,1
863,9,0.04845633637160063,2,1
864,10,0.027773698791861534,1,1
865,10,0.0780312567949295,1,1
866,8,0.019890741755565006,3,1
867,10,0.010609600692987442,1,1
868,10,0.008589903824031353,1,1
869,8,0.021868726549049217,3,1
870,7,0.06564339669421315,4,1
871,9,0.04670146759599447,2,1
872,10,0.023822953924536705,1,1
873,7,0.05330131365917623,4,1
874,7,0.10034994687885046,4,1
875,9,0.13002080470323563,2,1
876,8,0.10017705491433541,3,1
877,8,0.016628657778104145,3,1
878,9,0.01259088097140193,2,1
879,8,0.013389687364300093,3,1
880,7,0.011261463514529169,4,1
881,8,0.0752620945374171,3,1
882,10,0.051487620919942856,1,1
883,8,0.0368317241470019,3,1
884,8,0.07252928738792737,3,1
885,10,0.030519600957632065,1,1
886,-35,0.10520042260535635,26,0
887,9,0.02242233883589506,2,1
888,8,0.0665059561530749,3,1
889,7,0.1693476028740406,4,1
890,7,0.03465744131244719,4,1
891,10,0.03492425009608269,1,1
892,7,0.04265850642696023,4,1
893,10,0.01955103501677513,1,1
894,7,0.08335449360311031,4,1
895,-9,0.07529628039337695,20,1
896,10,0.03514021635055542,1,1
897,8,0.027481347943345707,3,1
898,9,0.021357065998017788,2,1
899,9,0.18745171837508678,2,1
900,7,0.02624154044315219,4,1
901,9,0.23332160292193294,2,1
902,6,0.1805202215909958,5,1
903,8,0.0646994449198246,3,1
904,8,0.05314229925473531,3,1
905,10,0.028675327077507973,1,1
906,10,0.0319688580930233,1,1
907,10,0.12557418644428253,1,1
908,9,0.04306699149310589,2,1
909,9,0.0215478939935565,2,1
910,5,0.06294219320019086,6,1
911,10,0.012338013388216496,1,1
912,10,0.030656320974230766,1,1
913,10,0.19812412559986115,1,1
914,8,0.08588461205363274,3,1
915,10,0.025981271639466286,1,1
916,9,0.013700980227440596,2,1
917,-10,0.013891924172639847,1,0
918,8,0.04186319808165232,3,1
919,9,0.021882877685129642,2,1
920,8,0.02552533708512783,3,1
921,9,0.0417530070990324,2,1
922,7,0.049849598202854395,4,1
923,8,0.060310610880454384,3,1
924,9,0.021814032457768917,2,1
925,9,0.07175806909799576,2,1
926,10,0.041970402002334595,1,1
927,10,0.05367564409971237,1,1
928,8,0.028594477102160454,3,1
929,10,0.0067705437541007996,1,1
930,10,0.0134565569460392,1,1
931,10,0.022804254665970802,1,1
932,8,0.10058542527258396,3,1
933,-16,0.061784802901524084,27,1
934,-10,0.017888769507408142,1,0
935,7,0.03421993646770716,4,1
936,9,0.02317933365702629,2,1
937,8,0.027025869737068813,3,1
938,10,0.016035689041018486,1,1
939,-1,0.08172150561586022,12,1
940,9,0.025792794302105904,2,1
941,7,0.04769277200102806,4,1
942,10,0.4689315855503082,1,1
943,8,0.045959617321689926,3,1
944,9,0.060106124728918076,2,1
945,7,0.03615663340315223,4,1
946,7,0.03688862035050988,4,1
947,10,0.056650418788194656,1,1
948,8,0.05414809131373962,3,1
949,6,0.031611476093530655,5,1
950,7,0.03514856845140457,4,1
951,9,0.10728382878005505,2,1
952,10,0.014331932179629803,1,1
953,8,0.031262349958221115,3,1
954,8,0.07852896302938461,3,1
955,9,0.06518273055553436,2,1
956,9,0.2890957035124302,2,1
957,9,0.06352658849209547,2,1
958,6,0.058741888403892516,5,1
959,9,0.02938112523406744,2,1
960,7,0.036284783855080605,4,1
961,-23,0.08710889225168263,34,1
962,10,0.029711199924349785,1,1
963,8,0.035775392005840935,3,1
964,7,0.02949552284553647,4,1
965,9,0.028096821159124374,2,1
966,7,0.055155422538518906,4,1
967,6,0.042818577215075496,5,1
968,6,0.04855302684009075,5,1
969,8,0.03078099216024081,3,1
970,9,0.038331697694957256,2,1
971,5,0.12460237586249907,6,1
972,8,0.036792438477277756,3,1
973,10,0.0352197140455246,1,1
974,7,0.025760021526366472,4,1
975,9,0.017180957831442356,2,1
976,9,0.062160270288586617,2,1
977,10,0.023121338337659836,1,1
978,10,0.021609408780932426,1,1
979,-50,0.06965836448594928,50,0
980,-10,0.048547614365816116,1,0
981,10,0.07373671233654022,1,1
982,-50,0.09026461189612746,50,0
983,8,0.03412664930025736,3,1
984,6,0.10177460238337517,5,1
985,7,0.04068262968212366,4,1
986,5,0.04772672584901253,6,1
987,10,0.04468571022152901,1,1
988,6,0.03289954885840416,5,1
989,8,0.02101685230930646,3,1
990,7,0.17154497653245926,4,1
991,8,0.061107736080884933,3,1
992,7,0.030601502396166325,4,1
993,9,0.018979624845087528,2,1
994,10,0.03808058053255081,1,1
995,10,0.013163941912353039,1,1
996,8,0.1723392034570376,3,1
997,9,0.015384729020297527,2,1
998,5,0.10033687110990286,6,1
999,10,0.016030503436923027,1,1
1000,-10,0.009793074801564217,1,0
1,10,0.44022348523139954,1,1
2,10,0.4389408826828003,1,1
3,9,0.01865875069051981,2,1
4,9,0.012553549371659756,2,1
5,8,0.03381987459336718,3,1
6,9,0.022883964702486992,2,1
7,10,0.03392830863595009,1,1
8,10,0.018404772505164146,1,1
9,8,0.02439212364455064,3,1
10,8,0.04432442877441645,3,1
11,10,0.02940213680267334,1,1
12,7,0.08126798691228032,4,1
13,10,0.02294154465198517,1,1
14,8,0.04378671944141388,3,1
15,9,0.031560574658215046,2,1
16,9,0.014094545040279627,2,1
17,6,0.05847829896956682,5,1
18,10,0.019081491976976395,1,1
19,7,0.028032820904627442,4,1
20,7,0.02572858426719904,4,1
21,-50,0.08030042462982237,50,0
22,8,0.07497118165095647,3,1
23,10,0.0734383836388588,1,1
24,7,0.1330327109899372,4,1
25,10,0.028836281970143318,1,1
26,9,0.04549542535096407,2,1
27,9,0.045023633167147636,2,1
28,9,0.035471655428409576,2,1
29,9,0.026920032687485218,2,1
30,8,0.02380849638332923,3,1
31,7,0.060583142563700676,4,1
32,10,0.012878469191491604,1,1
33,8,0.03092751589914163,3,1
34,8,0.01964163842300574,3,1
35,7,0.12713730055838823,4,1
36,10,0.01051501277834177,1,1
37,7,0.02533253561705351,4,1
38,9,0.034524183720350266,2,1
39,8,0.14900582811484733,3,1
40,9,0.045931071043014526,2,1
41,-50,0.08521018743515014,50,0
42,10,0.13961747288703918,1,1
43,10,0.07243666052818298,1,1
44,8,0.08354976897438367,3,1
45,8,0.08619700868924458,3,1
46,8,0.06416497007012367,3,1
47,7,0.0636343602091074,4,1
48,-20,0.07424046251584183,11,0
49,-7,0.07512258484752642,18,1
50,9,0.025498051196336746,2,1
51,7,0.04200982768088579,4,1
52,10,0.12452441453933716,1,1
53,10,0.055956918746232986,1,1
54,8,0.06228562444448471,3,1
55,-39,0.10155886601656676,50,1
56,9,0.051119159907102585,2,1
57,10,0.05991431325674057,1,1
58,-33,0.06356718104022245,24,0
59,-50,0.06165058199316263,50,0
60,7,0.09048910578712821,4,1
61,8,0.036058008670806885,3,1
62,8,0.044120137890179954,3,1
63,9,0.1004575751721859,2,1
64,10,0.04147299379110336,1,1
65,9,0.0299410130828619,2,1
66,8,0.05087977275252342,3,1
67,9,0.12761583551764488,2,1
68,8,0.03741860638062159,3,1
69,10,0.0536867119371891,1,1
70,9,0.07849674113094807,2,1
71,6,0.06319585889577865,5,1
72,-50,0.04950505644083023,50,0
73,10,0.058091018348932266,1,1
74,9,0.05251686088740826,2,1
75,6,0.04427669756114483,5,1
76,6,0.025532345287501812,5,1
77,9,0.05366428755223751,2,1
78,9,0.07916926499456167,2,1
79,10,0.015923500061035156,1,1
80,10,0.011619524098932743,1,1
81,8,0.02393939532339573,3,1
82,-50,0.08596622172743082,50,0
83,8,0.0485481092085441,3,1
84,7,0.0688725239597261,4,1
85,7,0.031883349642157555,4,1
86,9,0.017673722002655268,2,1
87,-50,0.05000953573733568,50,0
88,-33,0.08296801545657218,24,0
89,10,0.03411269187927246,1,1
90,10,0.058504946529865265,1,1
91,-14,0.04498230122029781,25,1
92,6,0.06839314252138137,5,1
93,8,0.022567488253116608,3,1
94,9,0.022048648446798325,2,1
95,8,0.022892485683163006,3,1
96,10,0.0051185088232159615,1,1
97,9,0.006410701898857951,2,1
98,5,0.01816114690154791,6,1
99,9,0.020519605837762356,2,1
100,9,0.02807561121881008,2,1
101,9,0.010267676785588264,2,1
102,8,0.03250084072351456,3,1
103,8,0.027718535624444485,3,1
104,9,0.11647159419953823,2,1
105,-10,0.03202201426029205,1,0
106,5,0.011317424941807985,6,1
107,10,0.020617369562387466,1,1
108,10,0.04798539727926254,1,1
109,9,0.02459653466939926,2,1
110,10,0.014861851930618286,1,1
111,9,0.06404116749763489,2,1
112,-6,0.08446109094930922,17,1
113,3,0.07003148342482746,8,1
114,9,0.047041427344083786,2,1
115,8,0.026167637513329584,3,1
116,10,0.019287055358290672,1,1
117,10,0.110377237200737,1,1
118,8,0.03410450927913189,3,1
119,9,0.020146513357758522,2,1
120,8,0.028816791251301765,3,1
121,0,0.056495329703797,11,1
122,7,0.07365772360935807,4,1
123,7,0.03782410454005003,4,1
124,6,0.058671139925718305,5,1
125,9,0.09965406358242035,2,1
126,10,0.07896926999092102,1,1
127,8,0.03565968076388041,3,1
128,10,0.08346433937549591,1,1
129,9,0.08004201389849186,2,1
130,6,0.0720311600714922,5,1
131,-19,0.05607582135125995,30,1
132,10,0.018367493525147438,1,1
133,-10,0.043848033994436264,1,0
134,8,0.03585169526437918,3,1
135,-38,0.07638473204356067,49,1
136,9,0.058627860620617867,2,1
137,10,0.06859048455953598,1,1
138,5,0.03348528407514095,6,1
139,9,0.0605861647054553,2,1
140,9,0.030897813849151134,2,1
141,6,0.041238057613372806,5,1
142,7,0.033855358604341745,4,1
143,9,0.021553494036197662,2,1
144,7,0.05437466315925121,4,1
145,8,0.0448806577672561,3,1
146,8,0.05809631012380123,3,1
147,10,0.031771544367074966,1,1
148,-50,0.052976107764989136,50,0
149,8,0.019280165744324524,3,1
150,9,0.1384490802884102,2,1
151,8,0.02645839812854926,3,1
152,8,0.1612210888415575,3,1
153,7,0.02806663326919079,4,1
154,7,0.017841915832832456,4,1
155,10,0.05344345420598984,1,1
156,10,0.016115667298436165,1,1
157,9,0.03548792842775583,2,1
158,9,0.023117882199585438,2,1
159,9,0.0309306550770998,2,1
160,8,0.018712298944592476,3,1
161,3,0.025755314622074366,8,1
162,10,0.023834973573684692,1,1
163,-16,0.04964368473048563,27,1
164,6,0.09031366780400277,5,1
165,9,0.21353681292384863,2,1
166,8,0.03460135248800119,3,1
167,8,0.02273086520532767,3,1
168,7,0.05321231856942177,4,1
169,-50,0.04195067100226879,50,0
170,6,0.06213057180866599,5,1
171,8,0.04100739676505327,3,1
172,10,0.05881096422672272,1,1
173,8,0.017215441291530926,3,1
174,10,0.032473254948854446,1,1
175,7,0.0227886198554188,4,1
176,9,0.05257517099380493,2,1
177,9,0.021332536358386278,2,1
178,9,0.06440763548016548,2,1
179,6,0.06939577534794808,5,1
180,7,0.04401965159922838,4,1
181,8,0.15279617781440416,3,1
182,-10,0.02561746910214424,1,0
183,8,0.038361613949139915,3,1
184,8,0.03862235198418299,3,1
185,9,0.032032978720963,2,1
186,8,0.024735260133941967,3,1
187,8,0.1191777450342973,3,1
188,7,0.17820705100893974,4,1
189,-5,0.04664648952893913,16,1
190,10,0.028631631284952164,1,1
191,6,0.0248336723074317,5,1
192,9,0.052091835997998714,2,1
193,5,0.1426161240475873,6,1
194,10,0.005441625136882067,1,1
195,8,0.033897398660580315,3,1
196,7,0.0592904279474169,4,1
197,8,0.04260445230950912,3,1
198,9,0.1151894461363554,2,1
199,10,0.02573692984879017,1,1
200,7,0.06197572313249111,4,1
201,7,0.025974194752052426,4,1
202,8,0.021838131671150524,3,1
203,8,0.044417434061566986,3,1
204,8,0.10449559924503167,3,1
205,9,0.012861340306699276,2,1
206,7,0.09765073237940669,4,1
207,10,0.18510153889656067,1,1
208,5,0.17586551668743292,6,1
209,6,0.04698584713041783,5,1
210,9,0.05433426797389984,2,1
211,6,0.1317153349518776,5,1
212,9,0.0662609152495861,2,1
213,10,0.0418441966176033,1,1
214,7,0.07991974148899317,4,1
215,7,0.048742266837507486,4,1
216,10,0.07606378197669983,1,1
217,-50,0.0701229871623218,50,0
218,6,0.04137151651084423,5,1
219,10,0.05327654257416725,1,1
220,9,0.1980361845344305,2,1
221,9,0.016300645656883717,2,1
222,10,0.011161385104060173,1,1
223,6,0.07458588778972626,5,1
224,-50,0.05599950809031725,50,0
225,7,0.05463747959583998,4,1
226,10,0.06309393048286438,1,1
227,9,0.1091187447309494,2,1
228,10,0.009544778615236282,1,1
229,6,0.06502043753862381,5,1
230,-18,0.0922011473248231,29,1
231,6,0.06478123925626278,5,1
232,9,0.029894961044192314,2,1
233,8,0.026865933866550524,3,1
234,10,0.014216981828212738,1,1
235,10,0.11535806208848953,1,1
236,-50,0.05615692822262645,50,0
237,5,0.1273447535932064,6,1
238,-10,0.06688329009782701,21,1
239,-4,0.06296603803833326,15,1
240,9,0.0412892010062933,2,1
241,6,0.042061830312013625,5,1
242,5,0.06286837160587311,6,1
243,8,0.022984087467193604,3,1
244,0,0.04080524223602631,11,1
245,8,0.026613693063457806,3,1
246,6,0.03520081155002117,5,1
247,7,0.056661915965378284,4,1
248,7,0.03514987090602517,4,1
249,9,0.029028507880866528,2,1
250,10,0.35009095072746277,1,1
251,8,0.01954078860580921,3,1
252,8,0.03037049000461896,3,1
253,6,0.03116125538945198,5,1
254,-50,0.046943903546780345,50,0
255,9,0.06481604836881161,2,1
256,9,0.03123199101537466,2,1
257,-50,0.03904766615480185,50,0
258,9,0.04899398796260357,2,1
259,10,0.013168824836611748,1,1
260,9,0.06628564093261957,2,1
261,10,0.04225582629442215,1,1
262,-27,0.0530894157062802,18,0
263,10,0.007886961102485657,1,1
264,7,0.022027963772416115,4,1
265,8,0.013256630239387354,3,1
266,8,0.013674838934093714,3,1
267,9,0.05395375518128276,2,1
268,5,0.04488425391415755,6,1
269,8,0.024283381799856823,3,1
270,10,0.09069137275218964,1,1
271,-50,0.04304830421693623,50,0
272,9,0.035697899758815765,2,1
273,9,0.06117371656000614,2,1
274,3,0.059909778472501785,8,1
275,7,0.035299678798764944,4,1
276,5,0.0470603151867787,6,1
277,6,0.030581502988934518,5,1
278,10,0.008406312204897404,1,1
279,-32,0.07996262577470652,43,1
280,9,0.040577673353254795,2,1
281,8,0.07467231278618176,3,1
282,7,0.08288889937102795,4,1
283,8,0.02586132474243641,3,1
284,1,0.06150436918251216,10,1
285,8,0.018896257504820824,3,1
286,9,0.04073730856180191,2,1
287,8,0.030197396874427795,3,1
288,7,0.015162600670009851,4,1
289,10,0.01730816438794136,1,1
290,8,0.02054226802041133,3,1
291,9,0.019626205787062645,2,1
292,-5,0.033928068762179464,16,1
293,-9,0.03670369422761723,20,1
294,7,0.056684632785618305,4,1
295,8,0.05906499673922857,3,1
296,7,0.05770897399634123,4,1
297,9,0.02760427724570036,2,1
298,10,0.04100894555449486,1,1
299,8,0.03677663952112198,3,1
300,6,0.045159691199660304,5,1
301,6,0.05508998483419418,5,1
302,8,0.026730125459531944,3,1
303,9,0.057183435186743736,2,1
304,7,0.0395058305002749,4,1
305,6,0.03441404290497303,5,1
306,-49,0.0426392505178228,40,0
307,7,0.018195756478235126,4,1
308,9,0.019797009881585836,2,1
309,7,0.01587741868570447,4,1
310,10,0.0374813973903656,1,1
311,4,0.021011321805417538,7,1
312,6,0.05398022346198559,5,1
313,8,0.07269093270103137,3,1
314,7,0.055612703785300255,4,1
315,-12,0.05138851205507914,3,0
316,9,0.04055313766002655,2,1
317,-26,0.04360491557813743,17,0
318,7,0.047908002976328135,4,1
319,8,0.041904158890247345,3,1
320,8,0.022170865287383396,3,1
321,9,0.01386126596480608,2,1
322,7,0.03374540666118264,4,1
323,10,0.051653727889060974,1,1
324,7,0.14209339953958988,4,1
325,8,0.06805484866102536,3,1
326,9,0.039250921458005905,2,1
327,9,0.02173179667443037,2,1
328,7,0.05227497173473239,4,1
329,6,0.05238557122647762,5,1
330,-10,0.024677813053131104,1,0
331,10,0.07536806911230087,1,1
332,9,0.035712010227143764,2,1
333,7,0.04393500147853047,4,1
334,9,0.02705948892980814,2,1
335,10,0.02399551309645176,1,1
336,8,0.07361681138475736,3,1
337,10,0.011567972600460052,1,1
338,9,0.03201509080827236,2,1
339,10,0.12552355229854584,1,1
340,9,0.01454559015110135,2,1
341,7,0.024247578345239162,4,1
342,8,0.0355701146957775,3,1
343,-5,0.06980087503325194,16,1
344,7,0.07766475854441524,4,1
345,10,0.02638867497444153,1,1
346,9,0.09874091111123562,2,1
347,9,0.11655564978718758,2,1
348,9,0.017435998655855656,2,1
349,8,0.039294408013423286,3,1
350,9,0.07412158325314522,2,1
351,-34,0.07294525437057019,25,0
352,8,0.05557548813521862,3,1
353,8,0.04865428805351257,3,1
354,9,0.02316271234303713,2,1
355,-50,0.06293688280507923,50,0
356,9,0.053620013408362865,2,1
357,-6,0.07790608386344769,17,1
358,8,0.20274237667520842,3,1
359,8,0.05002639597902695,3,1
360,5,0.028018895847102005,6,1
361,-21,0.07063942091190256,32,1
362,9,0.0476368423551321,2,1
363,9,0.057260289788246155,2,1
364,8,0.033259846890966095,3,1
365,8,0.19615223817527294,3,1
366,-10,0.1479915827512741,1,0
367,10,0.01172385923564434,1,1
368,7,0.05736207263544202,4,1
369,9,0.021462833508849144,2,1
370,7,0.04774131276644766,4,1
371,6,0.08805684633553028,5,1
372,7,0.05697048967704177,4,1
373,7,0.05439056269824505,4,1
374,7,0.034673774149268866,4,1
375,4,0.11958722530731133,7,1
376,7,0.05030538886785507,4,1
377,-25,0.05154325079638511,16,0
378,9,0.014884693082422018,2,1
379,8,0.028398757179578144,3,1
380,8,0.11498794083793958,3,1
381,8,0.17705116669336954,3,1
382,6,0.057961630448698995,5,1
383,6,0.0402912400662899,5,1
384,9,0.05719399452209473,2,1
385,9,0.08215722814202309,2,1
386,7,0.04155108332633972,4,1
387,-30,0.10598647914736009,41,1
388,9,0.030074739828705788,2,1
389,8,0.12687684843937555,3,1
390,8,0.05410163228710493,3,1
391,9,0.01535773929208517,2,1
392,8,0.025430943816900253,3,1
393,5,0.22786830846841136,6,1
394,8,0.03063187499841054,3,1
395,9,0.25165506079792976,2,1
396,9,0.023640080355107784,2,1
397,10,0.08658861368894577,1,1
398,9,0.07319010980427265,2,1
399,9,0.07685459405183792,2,1
400,8,0.04908847436308861,3,1
401,9,0.017842394299805164,2,1
402,10,0.020350007340312004,1,1
403,7,0.24968120898120105,4,1
404,6,0.1407142225652933,5,1
405,9,0.08140325918793678,2,1
406,8,0.06765016665061314,3,1
407,6,0.03403445370495319,5,1
408,7,0.03911366453394294,4,1
409,7,0.04480828810483217,4,1
410,7,0.12263331655412912,4,1
411,9,0.029172547161579132,2,1
412,-10,0.063077246149381,21,1
413,-27,0.07747901711416871,38,1
414,7,0.1755204237997532,4,1
415,10,0.038610950112342834,1,1
416,7,0.06617316766642034,4,1
417,7,0.05807823175564408,4,1
418,8,0.12955673535664877,3,1
419,8,0.08621829561889172,3,1
420,9,0.29627370089292526,2,1
421,8,0.030755681917071342,3,1
422,8,0.0373022947460413,3,1
423,10,0.03219098597764969,1,1
424,9,0.07603954523801804,2,1
425,7,0.028151998994871974,4,1
426,8,0.06268289250632127,3,1
427,9,0.029769616201519966,2,1
428,10,0.014920067973434925,1,1
429,9,0.24333237670361996,2,1
430,8,0.021859413323303063,3,1
431,-2,0.05689503739659603,13,1
432,7,0.09865419194102287,4,1
433,-2,0.09023365364051782,13,1
434,10,0.021200047805905342,1,1
435,4,0.07596055311816079,7,1
436,10,0.00991256907582283,1,1
437,8,0.1866688970476389,3,1
438,7,0.05636570858769119,4,1
439,7,0.08037256542593241,4,1
440,7,0.039202234242111444,4,1
441,9,0.06037343107163906,2,1
442,7,0.031127512454986572,4,1
443,7,0.04068072745576501,4,1
444,9,0.021331832744181156,2,1
445,9,0.03623742703348398,2,1
446,8,0.03552056383341551,3,1
447,8,0.035786018085976444,3,1
448,8,0.1695592332010468,3,1
449,7,0.021346319932490587,4,1
450,9,0.25960149616003036,2,1
451,9,0.031832423992455006,2,1
452,-39,0.04940929640084505,50,1
453,10,0.01612442173063755,1,1
454,8,0.20975368097424507,3,1
455,6,0.06492017973214388,5,1
456,8,0.026791394067307312,3,1
457,8,0.17164247638235489,3,1
458,10,0.00712279137223959,1,1
459,10,0.4519869387149811,1,1
460,10,0.020459750667214394,1,1
461,9,0.045844702050089836,2,1
462,8,0.04001491144299507,3,1
463,9,0.01564534194767475,2,1
464,9,0.05457702465355396,2,1
465,10,0.09309583157300949,1,1
466,7,0.02505578356795013,4,1
467,9,0.048263613134622574,2,1
468,9,0.02929975464940071,2,1
469,10,0.43286314606666565,1,1
470,10,0.022264400497078896,1,1
471,9,0.026494926773011684,2,1
472,7,0.11048259912058711,4,1
473,6,0.10864812843501567,5,1
474,8,0.03533425120015939,3,1
475,10,0.051564253866672516,1,1
476,8,0.1111856537560622,3,1
477,6,0.041209169290959836,5,1
478,1,0.06836562044918537,10,1
479,10,0.4083731174468994,1,1
480,10,0.07091553509235382,1,1
481,7,0.14988650474697351,4,1
482,8,0.15865453643103442,3,1
483,9,0.06096835434436798,2,1
484,10,0.08224031329154968,1,1
485,9,0.03297455795109272,2,1
486,7,0.052089930046349764,4,1
487,10,0.032252732664346695,1,1
488,8,0.06932903577884038,3,1
489,7,0.031411186791956425,4,1
490,7,0.0855001243762672,4,1
491,10,0.04964873194694519,1,1
492,10,0.06813627481460571,1,1
493,9,0.06690287496894598,2,1
494,9,0.02669484820216894,2,1
495,10,0.022264642640948296,1,1
496,3,0.048021026188507676,8,1
497,-15,0.06113298749551177,26,1
498,8,0.02940033624569575,3,1
499,8,0.20630525797605515,3,1
500,9,0.09955737367272377,2,1
501,10,0.07283429801464081,1,1
502,10,0.06783150881528854,1,1
503,10,0.013380512595176697,1,1
504,-50,0.04973142222501337,50,0
505,9,0.0204478669911623,2,1
506,7,0.032783151138573885,4,1
507,9,0.022769563365727663,2,1
508,10,0.026857011020183563,1,1
509,9,0.015283040702342987,2,1
510,7,0.10661092726513743,4,1
511,9,0.01573628792539239,2,1
512,9,0.028476594015955925,2,1
513,7,0.14619036600925028,4,1
514,10,0.19241639971733093,1,1
515,8,0.022679559886455536,3,1
516,8,0.15001692064106464,3,1
517,10,0.10499479621648788,1,1
518,8,0.03617975115776062,3,1
519,8,0.027396732630829018,3,1
520,10,0.034222546964883804,1,1
521,10,0.03171606734395027,1,1
522,8,0.06389001508553822,3,1
523,10,0.021266654133796692,1,1
524,7,0.036698640789836645,4,1
525,10,0.05481169372797012,1,1
526,6,0.03684896603226662,5,1
527,9,0.03542741760611534,2,1
528,9,0.26038774847984314,2,1
529,9,0.044109661132097244,2,1
530,6,0.035618950985372065,5,1
531,8,0.014800463182230791,3,1
532,10,0.020310118794441223,1,1
533,10,0.031700585037469864,1,1
534,10,0.0233603585511446,1,1
535,8,0.08144619626303513,3,1
536,9,0.03036263957619667,2,1
537,9,0.03244171105325222,2,1
538,6,0.03730909004807472,5,1
539,10,0.05947517231106758,1,1
540,-38,0.05692968888170257,49,1
541,-10,0.04617104005245935,21,1
542,9,0.02189858164638281,2,1
543,-12,0.041412511840462685,3,0
544,8,0.027420920009414356,3,1
545,-6,0.05060892360394492,17,1
546,5,0.044978439497450985,6,1
547,9,0.05258475709706545,2,1
548,10,0.03882751613855362,1,1
549,8,0.022617341950535774,3,1
550,9,0.0331249856390059,2,1
551,10,0.03631757199764252,1,1
552,-41,0.05881769038387574,32,0
553,8,0.02648784468571345,3,1
554,10,0.04317566007375717,1,1
555,10,0.010482209734618664,1,1
556,9,0.05630156584084034,2,1
557,10,0.014384628273546696,1,1
558,9,0.02763540344312787,2,1
559,9,0.017194426618516445,2,1
560,7,0.015521103283390403,4,1
561,8,0.026177433629830677,3,1
562,-27,0.02858960025600697,38,1
563,10,0.04401636868715286,1,1
564,7,0.04583827964961529,4,1
565,8,0.041535910218954086,3,1
566,10,0.02395647019147873,1,1
567,9,0.046185433864593506,2,1
568,7,0.04211189551278949,4,1
569,8,0.041153171410163246,3,1
570,9,0.016992407850921154,2,1
571,9,0.26707514841109514,2,1
572,-5,0.0668830667855218,16,1
573,10,0.07936910539865494,1,1
574,9,0.012463367078453302,2,1
575,7,0.03368788305670023,4,1
576,8,0.03641858355452617,3,1
577,10,0.03697308152914047,1,1
578,9,0.04824231006205082,2,1
579,8,0.048604320734739304,3,1
580,9,0.24738970398902893,2,1
581,9,0.033539531752467155,2,1
582,10,0.01797710545361042,1,1
583,9,0.012867920566350222,2,1
584,10,0.01129735168069601,1,1
585,7,0.1194514196831733,4,1
586,8,0.1287639836470286,3,1
587,7,0.030768395867198706,4,1
588,9,0.029244283214211464,2,1
589,10,0.03748226910829544,1,1
590,9,0.18884306773543358,2,1
591,7,0.03555073123425245,4,1
592,6,0.029600132256746292,5,1
593,10,0.4208105802536011,1,1
594,10,0.0278828963637352,1,1
595,8,0.016239467697838943,3,1
596,8,0.03709579383333524,3,1
597,8,0.04063122967878977,3,1
598,10,0.017691422253847122,1,1
599,8,0.03073648487528165,3,1
600,5,0.03864859789609909,6,1
601,8,0.03762600881357988,3,1
602,9,0.21708553656935692,2,1
603,7,0.03436981840059161,4,1
604,10,0.009964017197489738,1,1
605,9,0.033316303975880146,2,1
606,10,0.2998353838920593,1,1
607,9,0.041019923985004425,2,1
608,9,0.04249310027807951,2,1
609,8,0.07103638475139935,3,1
610,6,0.044954938814044,5,1
611,-6,0.10263838553253342,17,1
612,7,0.03408299805596471,4,1
613,10,0.04503880441188812,1,1
614,9,0.027843782678246498,2,1
615,7,0.03734020725823939,4,1
616,8,0.023985008398691814,3,1
617,9,0.07101888209581375,2,1
618,8,0.03371929625670115,3,1
619,9,0.021517904475331306,2,1
620,8,0.11823139463861783,3,1
621,9,0.03337545972317457,2,1
622,10,0.020663414150476456,1,1
623,6,0.0257915610447526,5,1
624,8,0.02373831005146106,3,1
625,8,0.020629536050061386,3,1
626,10,0.19931264221668243,1,1
627,10,0.047816354781389236,1,1
628,8,0.03167199405531088,3,1
629,6,0.1958887055516243,5,1
630,-11,0.04313510749489069,2,0
631,-18,0.06605385554333527,9,0
632,7,0.024605365470051765,4,1
633,8,0.018422399337093037,3,1
634,8,0.03245044189194838,3,1
635,6,0.09180802255868911,5,1
636,5,0.039396533742547035,6,1
637,8,0.018457274263103802,3,1
638,10,0.05762108787894249,1,1
639,10,0.25319209694862366,1,1
640,9,0.07793705724179745,2,1
641,9,0.03448549844324589,2,1
642,10,0.03274214267730713,1,1
643,1,0.10971924811601638,10,1
644,-10,0.5036142468452454,1,0
645,7,0.05458391364663839,4,1
646,9,0.08550686202943325,2,1
647,10,0.040526922792196274,1,1
648,6,0.02659775726497173,5,1
649,-10,0.07668340924595084,21,1
650,9,0.055773310363292694,2,1
651,6,0.0774985570460558,5,1
652,10,0.06965626776218414,1,1
653,9,0.0553303612396121,2,1
654,5,0.1677048827211062,6,1
655,9,0.02874271757900715,2,1
656,8,0.09628586967786153,3,1
657,7,0.07928839698433876,4,1
658,7,0.04570033773779869,4,1
659,7,0.06068370584398508,4,1
660,4,0.07893097773194313,7,1
661,10,0.10151305794715881,1,1
662,9,0.18386021815240383,2,1
663,9,0.06197734735906124,2,1
664,9,0.02713468950241804,2,1
665,10,0.09379954636096954,1,1
666,7,0.028037855168804526,4,1
667,8,0.0686297236631314,3,1
668,8,0.030679527670145035,3,1
669,9,0.3627149909734726,2,1
670,9,0.0231589637696743,2,1
671,10,0.025315310806035995,1,1
672,7,0.019198657013475895,4,1
673,6,0.02330772802233696,5,1
674,9,0.05067954584956169,2,1
675,8,0.030271238336960476,3,1
676,9,0.055590102449059486,2,1
677,7,0.040654728189110756,4,1
678,-2,0.07345763142578877,13,1
679,8,0.01612614483262102,3,1
680,8,0.07005156576633453,3,1
681,6,0.029534013755619527,5,1
682,10,0.04090556502342224,1,1
683,10,0.03813140466809273,1,1
684,9,0.16129857301712036,2,1
685,8,0.039713663049042225,3,1
686,8,0.03927170236905416,3,1
687,8,0.04309889177481333,3,1
688,2,0.07692983249823253,9,1
689,7,0.03453502943739295,4,1
690,8,0.1596984714269638,3,1
691,7,0.18790509784594178,4,1
692,7,0.024948148289695382,4,1
693,8,0.1776273421322306,3,1
694,9,0.02409933041781187,2,1
695,10,0.04462121054530144,1,1
696,9,0.05903093796223402,2,1
697,8,0.11727364112933476,3,1
698,8,0.05411894122759501,3,1
699,9,0.053920695558190346,2,1
700,9,0.18221165612339973,2,1
701,10,0.1594441682100296,1,1
702,9,0.07065491192042828,2,1
703,8,0.031236252437035244,3,1
704,6,0.053610982932150365,5,1
705,9,0.029104381799697876,2,1
706,6,0.052081673964858057,5,1
707,9,0.0262882923707366,2,1
708,-10,0.07334093749523163,1,0
709,7,0.09372468525543809,4,1
710,9,0.03248765226453543,2,1
711,-50,0.08566553024575115,50,0
712,9,0.25519033800810575,2,1
713,10,0.024391034618020058,1,1
714,10,0.05416688695549965,1,1
715,9,0.02395476121455431,2,1
716,9,0.055572064593434334,2,1
717,9,0.10366901010274887,2,1
718,10,0.011826763860881329,1,1
719,7,0.0532191451638937,4,1
720,8,0.04854489862918854,3,1
721,5,0.16408677181849876,6,1
722,7,0.20577451027929783,4,1
723,9,0.13657322619110346,2,1
724,9,0.13959195837378502,2,1
725,10,0.027731239795684814,1,1
726,8,0.10214893706142902,3,1
727,10,0.04750846326351166,1,1
728,8,0.04394381120800972,3,1
729,8,0.02371049424012502,3,1
730,9,0.11311233416199684,2,1
731,8,0.10065026270846526,3,1
732,8,0.07401989276210467,3,1
733,6,0.048956796526908875,5,1
734,7,0.032959945034235716,4,1
735,9,0.048232752829790115,2,1
736,-14,0.07155512645840645,25,1
737,9,0.0410333052277565,2,1
738,9,0.1870167925953865,2,1
739,7,0.10551932640373707,4,1
740,6,0.05939273983240127,5,1
741,6,0.052966312319040296,5,1
742,7,0.049085600301623344,4,1
743,-50,0.054200435802340505,50,0
744,9,0.05055895633995533,2,1
745,10,0.02203369140625,1,1
746,4,0.05862845001476152,7,1
747,6,0.043774303421378134,5,1
748,8,0.047397504250208534,3,1
749,8,0.04255677511294683,3,1
750,10,0.04322090744972229,1,1
751,8,0.09834589809179306,3,1
752,7,0.043689751997590065,4,1
753,10,0.07373954355716705,1,1
754,10,0.03903599828481674,1,1
755,9,0.10339220589958131,2,1
756,9,0.03951764805242419,2,1
757,4,0.05658943724951574,7,1
758,9,0.0364876757375896,2,1
759,-33,0.04970984079409391,24,0
760,8,0.07074047873417537,3,1
761,9,0.0365778524428606,2,1
762,6,0.10788934901356698,5,1
763,10,0.03789553418755531,1,1
764,9,0.02194755058735609,2,1
765,10,0.02625330165028572,1,1
766,6,0.058159935474395755,5,1
767,-13,0.07371978904120624,24,1
768,8,0.043774171421925225,3,1
769,10,0.016787873581051826,1,1
770,7,0.033113098703324795,4,1
771,0,0.04982976073568517,11,1
772,6,0.02425750009715557,5,1
773,10,0.03190581873059273,1,1
774,9,0.02250220300629735,2,1
775,9,0.016155472490936518,2,1
776,1,0.05515050273388624,10,1
777,9,0.05133526958525181,2,1
778,9,0.17356707341969013,2,1
779,9,0.029143018648028374,2,1
780,6,0.02428983561694622,5,1
781,8,0.03317017046113809,3,1
782,6,0.06524147503077984,5,1
783,10,0.026992933824658394,1,1
784,9,0.04962667264044285,2,1
785,10,0.043048109859228134,1,1
786,8,0.050354874382416405,3,1
787,8,0.030093662440776825,3,1
788,9,0.038656577467918396,2,1
789,8,0.03917754006882509,3,1
790,5,0.08754367148503661,6,1
791,4,0.05188344285956451,7,1
792,9,0.020678439177572727,2,1
793,7,0.04084372706711292,4,1
794,10,0.028947675600647926,1,1
795,9,0.021873588673770428,2,1
796,7,0.024872810929082334,4,1
797,10,0.01171789225190878,1,1
798,-10,0.028875865042209625,1,0
799,10,0.05467217043042183,1,1
800,9,0.06443445570766926,2,1
801,10,0.02818923629820347,1,1
802,9,0.025619965977966785,2,1
803,9,0.03312249854207039,2,1
804,7,0.03667759150266647,4,1
805,10,0.02473929151892662,1,1
806,-6,0.07252255027346752,17,1
807,7,0.1260795323178172,4,1
808,8,0.026923033098379772,3,1
809,10,0.021410267800092697,1,1
810,10,0.023165417835116386,1,1
811,10,0.044077515602111816,1,1
812,9,0.06276982743293047,2,1
813,9,0.0278270049020648,2,1
814,9,0.08404105808585882,2,1
815,9,0.020843487232923508,2,1
816,6,0.056317294389009474,5,1
817,10,0.027808964252471924,1,1
818,9,0.05356530100107193,2,1
819,10,0.05454874783754349,1,1
820,7,0.055014464538544416,4,1
821,9,0.02642495185136795,2,1
822,10,0.010081460699439049,1,1
823,-1,0.045454474786917366,12,1
824,-13,0.055147793143987656,4,0
825,10,0.016834711655974388,1,1
826,-29,0.056332240218762306,40,1
827,7,0.10908265877515078,4,1
828,9,0.036005746107548475,2,1
829,10,0.01882949098944664,1,1
830,10,0.027760664001107216,1,1
831,10,0.019557014107704163,1,1
832,10,0.028707507997751236,1,1
833,7,0.05806356016546488,4,1
834,8,0.03210471260050932,3,1
835,7,0.05861769104376435,4,1
836,8,0.07418449471394221,3,1
837,5,0.031644679605960846,6,1
838,9,0.03724274877458811,2,1
839,9,0.06623579002916813,2,1
840,-14,0.06981676355004311,25,1
841,10,0.03647351637482643,1,1
842,8,0.1679366653164228,3,1
843,10,0.03535499423742294,1,1
844,8,0.05405304146309694,3,1
845,9,0.03182921465486288,2,1
846,8,0.034885299081603684,3,1
847,6,0.056440191343426704,5,1
848,8,0.028895412261287372,3,1
849,6,0.04146614633500576,5,1
850,9,0.2465270310640335,2,1
851,9,0.20409058406949043,2,1
852,9,0.06706687808036804,2,1
853,8,0.0657966894408067,3,1
854,7,0.04011248145252466,4,1
855,10,0.0685272142291069,1,1
856,10,0.023441720753908157,1,1
857,8,0.03927040845155716,3,1
858,7,0.06468628812581301,4,1
859,7,0.05208724969998002,4,1
860,8,0.05531030396620432,3,1
861,7,0.03755129314959049,4,1
862,9,0.07678340375423431,2,1
863,10,0.06068180128931999,1,1
864,10,0.022348254919052124,1,1
865,9,0.032912357710301876,2,1
866,8,0.07033431592086951,3,1
867,-50,0.049095161631703375,50,0
868,7,0.022481787484139204,4,1
869,6,0.049028545059263705,5,1
870,10,0.007491136901080608,1,1
871,10,0.028789201751351357,1,1
872,-10,0.04300803096876258,21,1
873,9,0.05757668614387512,2,1
874,6,0.032499407045543195,5,1
875,8,0.04780644457787275,3,1
876,10,0.015339989215135574,1,1
877,9,0.023983852937817574,2,1
878,9,0.016553535126149654,2,1
879,9,0.017509031109511852,2,1
880,9,0.029352415818721056,2,1
881,9,0.03658055793493986,2,1
882,8,0.08985217909018199,3,1
883,9,0.02376543078571558,2,1
884,8,0.0660124992330869,3,1
885,9,0.02606613142415881,2,1
886,8,0.11326695792376995,3,1
887,7,0.07780975941568613,4,1
888,8,0.06369148443142574,3,1
889,10,0.04661507159471512,1,1
890,9,0.0485600046813488,2,1
891,8,0.019676428909103077,3,1
892,7,0.13381268549710512,4,1
893,7,0.03452412411570549,4,1
894,9,0.03448081761598587,2,1
895,9,0.032212426885962486,2,1
896,9,0.014628725126385689,2,1
897,10,0.1285814642906189,1,1
898,-36,0.05585636424415923,47,1
899,7,0.025587155483663082,4,1
900,6,0.045090099424123765,5,1
901,-17,0.041030402428337505,28,1
902,10,0.041813403367996216,1,1
903,8,0.019721518581112225,3,1
904,7,0.08338827872648835,4,1
905,8,0.020789059810340405,3,1
906,7,0.029311764519661665,4,1
907,7,0.01794644771143794,4,1
908,8,0.030140597994128864,3,1
909,10,0.024550940841436386,1,1
910,8,0.03463050536811352,3,1
911,8,0.021818048941592377,3,1
912,7,0.018471344141289592,4,1
913,0,0.02299104393883185,11,1
914,1,0.08968757605180144,10,1
915,9,0.1460543805733323,2,1
916,8,0.028583725293477375,3,1
917,9,0.03890605270862579,2,1
918,10,0.0171730387955904,1,1
919,10,0.04359455779194832,1,1
920,8,0.11628673101464908,3,1
921,8,0.03685710672289133,3,1
922,7,0.03260765131562948,4,1
923,7,0.03855315619148314,4,1
924,5,0.0928572453558445,6,1
925,3,0.0432114286813885,8,1
926,9,0.04705890826880932,2,1
927,9,0.2281380109488964,2,1
928,8,0.11283594121535619,3,1
929,8,0.06436855532228947,3,1
930,8,0.0601473202308019,3,1
931,10,0.02533131092786789,1,1
932,9,0.034067995846271515,2,1
933,8,0.02470979591210683,3,1
934,9,0.014844465535134077,2,1
935,7,0.0699366801418364,4,1
936,5,0.03303301256770889,6,1
937,10,0.011895074509084225,1,1
938,6,0.04967452026903629,5,1
939,8,0.1193658895790577,3,1
940,10,0.08866486698389053,1,1
941,9,0.0460159033536911,2,1
942,8,0.05383026599884033,3,1
943,9,0.08442938700318336,2,1
944,8,0.07444985024631023,3,1
945,10,0.03217184171080589,1,1
946,9,0.023836180567741394,2,1
947,10,0.050173938274383545,1,1
948,10,0.09775035828351974,1,1
949,-10,0.04779141768813133,1,0
950,10,0.21376296877861023,1,1
951,10,0.023186590522527695,1,1
952,9,0.04348398186266422,2,1
953,8,0.03541460633277893,3,1
954,9,0.041738783940672874,2,1
955,8,0.03833029791712761,3,1
956,-50,0.10003789678215981,50,0
957,9,0.27072790637612343,2,1
958,10,0.0811561793088913,1,1
959,9,0.04486650321632624,2,1
960,3,0.053208823315799236,8,1
961,5,0.06096875729660193,6,1
962,7,0.0922504486516118,4,1
963,8,0.09286975984772046,3,1
964,7,0.07762207742780447,4,1
965,10,0.06693634390830994,1,1
966,9,0.04615280404686928,2,1
967,8,0.060937123373150826,3,1
968,8,0.041655512526631355,3,1
969,9,0.02999607566744089,2,1
970,10,0.06227879971265793,1,1
971,8,0.03022603690624237,3,1
972,6,0.021517646685242652,5,1
973,9,0.039519245736300945,2,1
974,8,0.04013802111148834,3,1
975,10,0.05028001219034195,1,1
976,9,0.06898988224565983,2,1
977,8,0.0714827012270689,3,1
978,7,0.025041775777935982,4,1
979,8,0.04083274180690447,3,1
980,8,0.07620098255574703,3,1
981,-37,0.06361457181628793,48,1
982,7,0.06334876827895641,4,1
983,8,0.056170281022787094,3,1
984,9,0.022566414438188076,2,1
985,10,0.02971048094332218,1,1
986,7,0.04022010322660208,4,1
987,10,0.024322714656591415,1,1
988,9,0.03390700649470091,2,1
989,8,0.023421428476770718,3,1
990,-50,0.06155819598585367,50,0
991,7,0.043341257609426975,4,1
992,4,0.035124839549618106,7,1
993,7,0.038592821918427944,4,1
994,-10,0.011613352224230766,1,0
995,9,0.02846184466034174,2,1
996,5,0.02122482843697071,6,1
997,10,0.020748130977153778,1,1
998,6,0.05533295217901468,5,1
999,6,0.03957617394626141,5,1
1000,9,0.022008131258189678,2,1
1,9,0.08797843661159277,2,1
2,8,0.024146520843108494,3,1
3,9,0.02473339717835188,2,1
4,9,0.034551885444670916,2,1
5,8,0.05544176697731018,3,1
6,6,0.0405780715867877,5,1
7,7,0.19829995022155344,4,1
8,9,0.023498705588281155,2,1
9,7,0.06373711815103889,4,1
10,7,0.03607871429994702,4,1
11,7,0.030221964698284864,4,1
12,8,0.0385078489780426,3,1
13,9,0.02330234320834279,2,1
14,8,0.041538726848860584,3,1
15,10,0.041384391486644745,1,1
16,8,0.026526412926614285,3,1
17,8,0.04440807240704695,3,1
18,8,0.02599626686424017,3,1
19,5,0.05130291357636452,6,1
20,7,0.1224933365592733,4,1
21,9,0.02733179833739996,2,1
22,9,0.042836752720177174,2,1
23,8,0.15188665315508842,3,1
24,8,0.024128639760116737,3,1
25,9,0.019315140321850777,2,1
26,9,0.0068184006959199905,2,1
27,8,0.014944285154342651,3,1
28,8,0.041021354186038174,3,1
29,9,0.02081770822405815,2,1
30,5,0.036009231116622686,6,1
31,8,0.06163308645288149,3,1
32,8,0.029453301802277565,3,1
33,6,0.06568595841526985,5,1
34,9,0.08318441547453403,2,1
35,6,0.030400396697223185,5,1
36,7,0.053790818667039275,4,1
37,8,0.03056779100249211,3,1
38,10,0.02588132582604885,1,1
39,9,0.024561659432947636,2,1
40,7,0.02430657623335719,4,1
41,9,0.05229465942829847,2,1
42,10,0.06752924621105194,1,1
43,8,0.02566744697590669,3,1
44,8,0.019309759760896366,3,1
45,10,0.0445089265704155,1,1
46,-22,0.04202267476780848,33,1
47,8,0.03225533043344816,3,1
48,8,0.030041251331567764,3,1
49,9,0.025889062322676182,2,1
50,7,0.02537147607654333,4,1
51,8,0.03336058929562569,3,1
52,9,0.061988357454538345,2,1
53,7,0.05487948935478926,4,1
54,9,0.018275056965649128,2,1
55,8,0.030553868661324184,3,1
56,8,0.16255671779314676,3,1
57,10,0.029194554314017296,1,1
58,9,0.21329859644174576,2,1
59,10,0.026061110198497772,1,1
60,7,0.054544330574572086,4,1
61,7,0.12616627244278789,4,1
62,7,0.03702276339754462,4,1
63,7,0.10260958084836602,4,1
64,7,0.021226793061941862,4,1
65,9,0.023282872512936592,2,1
66,10,0.03497432544827461,1,1
67,9,0.02599482424557209,2,1
68,8,0.05024001250664393,3,1
69,7,0.09871620242483914,4,1
70,7,0.12522977450862527,4,1
71,9,0.032335465773940086,2,1
72,8,0.021010529870788257,3,1
73,9,0.03476262930780649,2,1
74,7,0.05490396078675985,4,1
75,9,0.024893274530768394,2,1
76,10,0.036475054919719696,1,1
77,10,0.051185671240091324,1,1
78,9,0.07899178471416235,2,1
79,9,0.12402539234608412,2,1
80,10,0.06421959400177002,1,1
81,7,0.034353540278971195,4,1
82,4,0.04065449136708464,7,1
83,6,0.03332404643297195,5,1
84,9,0.020612750202417374,2,1
85,7,0.021816292544826865,4,1
86,8,0.025019442662596703,3,1
87,10,0.028789065778255463,1,1
88,5,0.04051120486110449,6,1
89,8,0.016421435090402763,3,1
90,8,0.02752688806504011,3,1
91,10,0.020061681047081947,1,1
92,6,0.025202604942023754,5,1
93,8,0.11302258570988973,3,1
94,9,0.034183526411652565,2,1
95,9,0.022710616700351238,2,1
96,7,0.04324662871658802,4,1
97,5,0.04117747489362955,6,1
98,-55,0.047507935385827135,46,0
99,9,0.03299202024936676,2,1
100,10,0.01455929595977068,1,1
101,8,0.06107509260376295,3,1
102,6,0.03409338556230068,5,1
103,9,0.028239483013749123,2,1
104,9,0.031046167947351933,2,1
105,9,0.031047342345118523,2,1
106,9,0.11147371493279934,2,1
107,8,0.010375048654774824,3,1
108,8,0.009658902573088804,3,1
109,9,0.014669547788798809,2,1
110,8,0.07473419358332951,3,1
111,8,0.036327178900440536,3,1
112,8,0.17152005061507225,3,1
113,10,0.054998740553855896,1,1
114,10,0.04111243039369583,1,1
115,6,0.06621789410710335,5,1
116,-10,0.038280144333839417,1,0
117,9,0.01619540061801672,2,1
118,7,0.032277329824864864,4,1
119,-22,0.0731026204585126,33,1
120,-4,0.05364283633728822,15,1
121,8,0.02290547639131546,3,1
122,10,0.038228388875722885,1,1
123,8,0.12076945851246516,3,1
124,8,0.038222682351867356,3,1
125,9,0.18260896671563387,2,1
126,7,0.03859390830621123,4,1
127,10,0.011644062586128712,1,1
128,8,0.13778099728127322,3,1
129,6,0.015743388794362545,5,1
130,9,0.02140562003478408,2,1
131,7,0.04369605518877506,4,1
132,7,0.10095684556290507,4,1
133,9,0.016745714470744133,2,1
134,2,0.08774316538539198,9,1
135,7,0.02739600045606494,4,1
136,-16,0.05469102271039177,27,1
137,6,0.034863376244902614,5,1
138,8,0.04784744170804819,3,1
139,9,0.09776187874376774,2,1
140,7,0.03612197143957019,4,1
141,10,0.018194694072008133,1,1
142,8,0.28124129089216393,3,1
143,9,0.029384054243564606,2,1
144,7,0.06509967148303986,4,1
145,8,0.052853851889570556,3,1
146,8,0.06495323839286964,3,1
147,7,0.04464445961639285,4,1
148,6,0.03597119878977537,5,1
149,-13,0.05767113179899752,24,1
150,8,0.035742888537546,3,1
151,8,0.03895683276156584,3,1
152,8,0.04145200829952955,3,1
153,10,0.03162050247192383,1,1
154,10,0.03573424369096756,1,1
155,7,0.04481716710142791,4,1
156,7,0.12760630063712597,4,1
157,10,0.019858358427882195,1,1
158,7,0.03453540336340666,4,1
159,8,0.05562217409412066,3,1
160,10,0.4794997572898865,1,1
161,9,0.02909288229420781,2,1
162,9,0.04692590422928333,2,1
163,10,0.01576141268014908,1,1
164,8,0.031144944330056507,3,1
165,4,0.039952468393104415,7,1
166,8,0.039060973872741066,3,1
167,8,0.04316008587678274,3,1
168,7,0.06258125649765134,4,1
169,9,0.04740299843251705,2,1
170,8,0.07133192072312038,3,1
171,9,0.03481580130755901,2,1
172,8,0.03422746558984121,3,1
173,8,0.029339690692722797,3,1
174,8,0.07369940355420113,3,1
175,-50,0.050165504962205884,50,0
176,9,0.18434144090861082,2,1
177,10,0.03899146243929863,1,1
178,7,0.022274578921496868,4,1
179,8,0.01473091822117567,3,1
180,10,0.026079148054122925,1,1
181,9,0.01419424545019865,2,1
182,10,0.04031193256378174,1,1
183,10,0.013873705640435219,1,1
184,10,0.008137526921927929,1,1
185,1,0.04974793493747711,10,1
186,6,0.047634758055210114,5,1
187,9,0.05199364433065057,2,1
188,8,0.022016463490823906,3,1
189,9,0.044991040136665106,2,1
190,8,0.042871509989102684,3,1
191,9,0.029151909053325653,2,1
192,-8,0.045276847128805364,19,1
193,-50,0.03949899561703205,50,0
194,9,0.015336500946432352,2,1
195,10,0.03144054859876633,1,1
196,7,0.022475097328424454,4,1
197,9,0.020909682847559452,2,1
198,6,0.03313201274722814,5,1
199,7,0.030475959414616227,4,1
200,9,0.04316891171038151,2,1
201,9,0.03584411693736911,2,1
202,8,0.02816043794155121,3,1
203,5,0.016115879251932103,6,1
204,7,0.03451938764192164,4,1
205,9,0.0235213590785861,2,1
206,8,0.07349684524039428,3,1
207,7,0.03096413891762495,4,1
208,6,0.05898380856961012,5,1
209,9,0.01626344956457615,2,1
210,9,0.07088835164904594,2,1
211,8,0.13702538361152014,3,1
212,8,0.026275758321086567,3,1
213,10,0.042131006717681885,1,1
214,9,0.028181683272123337,2,1
215,8,0.05718897531429926,3,1
216,8,0.17139349101732174,3,1
217,7,0.02411510981619358,4,1
218,-7,0.07909984979778528,18,1
219,8,0.02426535574098428,3,1
220,10,0.023556968197226524,1,1
221,7,0.018279537092894316,4,1
222,6,0.025747539848089217,5,1
223,7,0.042577177518978715,4,1
224,9,0.1871736589819193,2,1
225,4,0.03046213649213314,7,1
226,9,0.010585463605821133,2,1
227,7,0.0400742175988853,4,1
228,6,0.013762068375945092,5,1
229,9,0.15070702973753214,2,1
230,10,0.03766267001628876,1,1
231,9,0.02287209127098322,2,1
232,-10,0.10101711750030518,1,0
233,8,0.09413784245649974,3,1
234,9,0.03306563850492239,2,1
235,8,0.12989605373392502,3,1
236,9,0.016238528303802013,2,1
237,10,0.011447356082499027,1,1
238,8,0.04270279469589392,3,1
239,9,0.02559109777212143,2,1
240,10,0.021620620042085648,1,1
241,8,0.02405072096735239,3,1
242,10,0.03322412818670273,1,1
243,9,0.010170821333304048,2,1
244,6,0.03291044533252716,5,1
245,8,0.06480054681499799,3,1
246,9,0.10479988344013691,2,1
247,6,0.14421406015753746,5,1
248,9,0.05417504534125328,2,1
249,9,0.049387065693736076,2,1
250,9,0.07011298462748528,2,1
251,-4,0.07892700570325056,15,1
252,10,0.04356871545314789,1,1
253,9,0.07357599213719368,2,1
254,10,0.08331457525491714,1,1
255,10,0.03368689864873886,1,1
256,6,0.09440277628600598,5,1
257,10,0.05024326592683792,1,1
258,8,0.08683504536747932,3,1
259,6,0.1374590929597616,5,1
260,10,0.051864612847566605,1,1
261,9,0.0869528092443943,2,1
262,-50,0.050764190107584,50,0
263,7,0.10562876332551241,4,1
264,8,0.05250473072131475,3,1
265,9,0.02414633985608816,2,1
266,6,0.064631113037467,5,1
267,-18,0.05204830347592461,29,1
268,10,0.04433343932032585,1,1
269,10,0.12511733174324036,1,1
270,8,0.10526788234710693,3,1
271,10,0.007615765556693077,1,1
272,10,0.021808380261063576,1,1
273,6,0.041793524846434595,5,1
274,10,0.024201728403568268,1,1
275,10,0.04689560830593109,1,1
276,7,0.02519736997783184,4,1
277,9,0.07841215468943119,2,1
278,8,0.020511421374976635,3,1
279,9,0.10554974898695946,2,1
280,9,0.026342707686126232,2,1
281,8,0.032562573750813804,3,1
282,9,0.03351485729217529,2,1
283,10,0.008909609168767929,1,1
284,6,0.05963125824928284,5,1
285,10,0.01668756641447544,1,1
286,9,0.027160328812897205,2,1
287,9,0.03321303613483906,2,1
288,9,0.027372518088668585,2,1
289,7,0.05132256355136633,4,1
290,8,0.05096031725406647,3,1
291,10,0.06607875972986221,1,1
292,9,0.11749711260199547,2,1
293,8,0.017760414630174637,3,1
294,9,0.04815300181508064,2,1
295,5,0.05746879397581021,6,1
296,7,0.02971524279564619,4,1
297,8,0.03838624805212021,3,1
298,8,0.027451389158765476,3,1
299,6,0.03639470562338829,5,1
300,10,0.012975500896573067,1,1
301,9,0.025973510928452015,2,1
302,8,0.05756771254042784,3,1
303,7,0.018253290560096502,4,1
304,10,0.02752153016626835,1,1
305,5,0.027537027839571238,6,1
306,10,0.015860889106988907,1,1
307,8,0.03785588374982277,3,1
308,9,0.07036865688860416,2,1
309,9,0.031546865589916706,2,1
310,9,0.01944165676832199,2,1
311,-10,0.04486976433101864,21,1
312,9,0.05510605592280626,2,1
313,9,0.03726883977651596,2,1
314,-11,0.025549933779984713,2,0
315,8,0.02441364402572314,3,1
316,6,0.022869087755680084,5,1
317,10,0.012412605807185173,1,1
318,9,0.019012825563549995,2,1
319,10,0.014398905448615551,1,1
320,8,0.0218863549331824,3,1
321,9,0.04018270969390869,2,1
322,6,0.0791100513190031,5,1
323,7,0.01891639898531139,4,1
324,10,0.04927726835012436,1,1
325,9,0.012224155012518167,2,1
326,8,0.04349609836935997,3,1
327,6,0.023527664691209794,5,1
328,7,0.04939575819298625,4,1
329,9,0.012468788772821426,2,1
330,7,0.028730381280183792,4,1
331,6,0.03488350510597229,5,1
332,9,0.016954799182713032,2,1
333,6,0.03398693380877375,5,1
334,6,0.014642730168998242,5,1
335,10,0.03773451969027519,1,1
336,10,0.018141554668545723,1,1
337,6,0.13808336053043604,5,1
338,4,0.05182562183056559,7,1
339,7,0.04868022911250591,4,1
340,6,0.04133928157389164,5,1
341,7,0.05245713051408529,4,1
342,10,0.0404675230383873,1,1
343,8,0.03140475290517012,3,1
344,8,0.040411521991093956,3,1
345,10,0.03499716520309448,1,1
346,8,0.04537129340072473,3,1
347,10,0.04919828101992607,1,1
348,-2,0.03253912223646274,13,1
349,9,0.05912497267127037,2,1
350,10,0.029534999281167984,1,1
351,4,0.14249724256140844,7,1
352,9,0.05027932673692703,2,1
353,8,0.08971770604451497,3,1
354,7,0.06323383282870054,4,1
355,-12,0.05190115235745907,3,0
356,8,0.04829306900501251,3,1
357,5,0.09284921487172444,6,1
358,9,0.01971543300896883,2,1
359,9,0.03545777313411236,2,1
360,7,0.02478249347768724,4,1
361,8,0.03746591880917549,3,1
362,10,0.043572988361120224,1,1
363,9,0.04391746409237385,2,1
364,9,0.28168486058712006,2,1
365,8,0.015215277050932249,3,1
366,9,0.04830709844827652,2,1
367,7,0.04976943228393793,4,1
368,9,0.039397645741701126,2,1
369,6,0.03455901630222798,5,1
370,8,0.05197899788618088,3,1
371,10,0.03078022412955761,1,1
372,-2,0.046175927855074406,13,1
373,10,0.04263661056756973,1,1
374,9,0.04338549263775349,2,1
375,8,0.03953632153570652,3,1
376,10,0.02011321857571602,1,1
377,10,0.03255840390920639,1,1
378,7,0.048023026436567307,4,1
379,9,0.05481691472232342,2,1
380,8,0.03754694697757562,3,1
381,-34,0.06957085811429553,45,1
382,10,0.036474648863077164,1,1
383,10,0.009432753548026085,1,1
384,9,0.010075816186144948,2,1
385,9,0.02386207366362214,2,1
386,9,0.0201945872977376,2,1
387,10,0.06735217571258545,1,1
388,9,0.02790106739848852,2,1
389,9,0.023189122788608074,2,1
390,8,0.027723173300425213,3,1
391,8,0.0994987500210603,3,1
392,10,0.013507818803191185,1,1
393,9,0.01697688829153776,2,1
394,5,0.04032911888013283,6,1
395,7,0.025924927089363337,4,1
396,10,0.1055016964673996,1,1
397,8,0.1288850475102663,3,1
398,10,0.3202337920665741,1,1
399,9,0.06364423036575317,2,1
400,9,0.020537622272968292,2,1
401,9,0.02503481786698103,2,1
402,9,0.24885491281747818,2,1
403,7,0.02757024485617876,4,1
404,9,0.0353271197527647,2,1
405,10,0.01023478340357542,1,1
406,8,0.025416495899359386,3,1
407,10,0.022391799837350845,1,1
408,9,0.030273483134806156,2,1
409,5,0.050440908409655094,6,1
410,8,0.0592091033856074,3,1
411,7,0.052047157660126686,4,1
412,7,0.06278199097141623,4,1
413,9,0.03754101227968931,2,1
414,6,0.047658872231841086,5,1
415,9,0.04602918028831482,2,1
416,7,0.029873186722397804,4,1
417,9,0.02278141025453806,2,1
418,9,0.03351674135774374,2,1
419,5,0.03554404775301615,6,1
420,4,0.03821262052016599,7,1
421,9,0.030058682896196842,2,1
422,7,0.04439844470471144,4,1
423,8,0.04057991380492846,3,1
424,9,0.06561764515936375,2,1
425,9,0.03852858301252127,2,1
426,8,0.027644124502937,3,1
427,9,0.02259904518723488,2,1
428,3,0.02944230497814715,8,1
429,-1,0.07690092424551646,12,1
430,5,0.029073286801576614,6,1
431,7,0.022170415148139,4,1
432,5,0.03259419680883487,6,1
433,8,0.054615484550595284,3,1
434,9,0.02022407576441765,2,1
435,9,0.037108113057911396,2,1
436,8,0.0316192756096522,3,1
437,7,0.03599412739276886,4,1
438,6,0.023324326053261756,5,1
439,8,0.03365855601926645,3,1
440,9,0.030039465054869652,2,1
441,10,0.023128489032387733,1,1
442,9,0.02162529109045863,2,1
443,10,0.02811668999493122,1,1
444,5,0.019582185428589582,6,1
445,-14,0.05771194279193878,25,1
446,9,0.028037731535732746,2,1
447,7,0.04666668316349387,4,1
448,9,0.029360597021877766,2,1
449,8,0.03393874689936638,3,1
450,10,0.038757555186748505,1,1
451,8,0.03727062543233236,3,1
452,7,0.046607330441474915,4,1
453,8,0.036957498639822006,3,1
454,8,0.06275312105814616,3,1
455,10,0.021248208358883858,1,1
456,8,0.039486633613705635,3,1
457,9,0.05439332500100136,2,1
458,8,0.03415956720709801,3,1
459,7,0.13611210696399212,4,1
460,6,0.02892420757561922,5,1
461,8,0.03718918624023596,3,1
462,10,0.017931662499904633,1,1
463,9,0.016029450576752424,2,1
464,10,0.05455935373902321,1,1
465,8,0.052371446043252945,3,1
466,10,0.05914788693189621,1,1
467,9,0.034308860544115305,2,1
468,7,0.037712980061769485,4,1
469,7,0.02309234067797661,4,1
470,7,0.020089904544875026,4,1
471,8,0.026622856656710308,3,1
472,10,0.023373177275061607,1,1
473,10,0.0797991007566452,1,1
474,3,0.021705126971937716,8,1
475,10,0.020948834717273712,1,1
476,7,0.026611879467964172,4,1
477,9,0.051723395474255085,2,1
478,7,0.03823197865858674,4,1
479,7,0.023411199683323503,4,1
480,4,0.02546542403953416,7,1
481,8,0.021331806977589924,3,1
482,9,0.023673248011618853,2,1
483,7,0.021130372770130634,4,1
484,9,0.019422665238380432,2,1
485,10,0.012846854515373707,1,1
486,6,0.0494973786175251,5,1
487,8,0.01940680140008529,3,1
488,9,0.027144042775034904,2,1
489,10,0.03733019530773163,1,1
490,9,0.03430010750889778,2,1
491,9,0.01925619412213564,2,1
492,8,0.0501537062227726,3,1
493,10,0.021363474428653717,1,1
494,10,0.0396411307156086,1,1
495,-12,0.017794060210386913,3,0
496,8,0.033092680076758065,3,1
497,9,0.014805605169385672,2,1
498,-10,0.03238491882525739,21,1
499,7,0.02775085112079978,4,1
500,9,0.03199328854680061,2,1
501,9,0.015299828723073006,2,1
502,-10,0.01251362357288599,1,0
503,10,0.04167364165186882,1,1
504,6,0.1989447560161352,5,1
505,7,0.03027886967174709,4,1
506,6,0.11063760016113519,5,1
507,10,0.03226831927895546,1,1
508,-12,0.03435035112003485,3,0
509,8,0.0179310558984677,3,1
510,7,0.026354948058724403,4,1
511,9,0.0323775839060545,2,1
512,6,0.10306005924940109,5,1
513,9,0.017028669826686382,2,1
514,8,0.03838906933863958,3,1
515,8,0.2004550894101461,3,1
516,-1,0.1985467675452431,12,1
517,9,0.034433149732649326,2,1
518,9,0.0540368277579546,2,1
519,5,0.02363406540825963,6,1
520,7,0.02831286215223372,4,1
521,9,0.019484650576487184,2,1
522,-50,0.06120275320485234,50,0
523,7,0.09938028175383806,4,1
524,-11,0.03318334006789056,22,1
525,-10,0.017210474237799644,1,0
526,7,0.026952366810292006,4,1
527,-2,0.02878433996095107,13,1
528,10,0.026608319953083992,1,1
529,9,0.046272341161966324,2,1
530,8,0.19327542992929617,3,1
531,7,0.04700541985221207,4,1
532,8,0.06911951986451943,3,1
533,8,0.027307411034901936,3,1
534,9,0.0301921758800745,2,1
535,10,0.019735008478164673,1,1
536,8,0.03239647516359886,3,1
537,8,0.08984042207400005,3,1
538,9,0.307390209287405,2,1
539,8,0.15801593412955603,3,1
540,7,0.0458771176636219,4,1
541,9,0.025698726065456867,2,1
542,8,0.09545802945892017,3,1
543,8,0.05033465754240751,3,1
544,6,0.13703470379114152,5,1
545,7,0.018457370344549417,4,1
546,8,0.1820167706658443,3,1
547,10,0.4559539556503296,1,1
548,10,0.14614391326904297,1,1
549,8,0.016630993224680424,3,1
550,7,0.02948695491068065,4,1
551,5,0.020153906662017107,6,1
552,8,0.12179095111787319,3,1
553,10,0.027121081948280334,1,1
554,10,0.017853930592536926,1,1
555,10,0.04346739500761032,1,1
556,8,0.047066496685147285,3,1
557,-50,0.08293729290366172,50,0
558,10,0.0255156047642231,1,1
559,7,0.03429060196503997,4,1
560,8,0.02454199641942978,3,1
561,10,0.021147381514310837,1,1
562,6,0.02922698259353638,5,1
563,10,0.02707909233868122,1,1
564,9,0.018155936151742935,2,1
565,10,0.03368663415312767,1,1
566,-10,0.026942649856209755,1,0
567,8,0.022338874638080597,3,1
568,10,0.01704796776175499,1,1
569,10,0.013354718685150146,1,1
570,9,0.07430072594434023,2,1
571,6,0.04056049957871437,5,1
572,9,0.03777002077549696,2,1
573,-12,0.03411530641218027,3,0
574,7,0.036591879557818174,4,1
575,7,0.0392570155672729,4,1
576,9,0.04334841575473547,2,1
577,9,0.05239187739789486,2,1
578,9,0.04291422665119171,2,1
579,10,0.014674700796604156,1,1
580,7,0.030609451700001955,4,1
581,10,0.059727005660533905,1,1
582,0,0.09496860045262358,11,1
583,8,0.0892849788069725,3,1
584,9,0.24694441258907318,2,1
585,8,0.024486199021339417,3,1
586,-15,0.06988782371179415,26,1
587,7,0.053379794117063284,4,1
588,8,0.033175827314456306,3,1
589,7,0.029394805431365967,4,1
590,8,0.02827148636182149,3,1
591,10,0.008181753568351269,1,1
592,-5,0.12937861843965948,16,1
593,7,0.06692789681255817,4,1
594,10,0.01883123815059662,1,1
595,10,0.04232112318277359,1,1
596,10,0.054030891507864,1,1
597,8,0.06645088208218415,3,1
598,-12,0.17251345608383417,3,0
599,9,0.034705737605690956,2,1
600,10,0.030963711440563202,1,1
601,10,0.04411855340003967,1,1
602,8,0.20484296542902788,3,1
603,9,0.21281665563583374,2,1
604,-2,0.10245245859886591,13,1
605,8,0.07251692687471707,3,1
606,6,0.03463883250951767,5,1
607,9,0.02743453998118639,2,1
608,9,0.020840229466557503,2,1
609,7,0.24845091812312603,4,1
610,10,0.013670068234205246,1,1
611,6,0.024782559275627135,5,1
612,7,0.184949217364192,4,1
613,6,0.023209686391055584,5,1
614,9,0.05440300703048706,2,1
615,7,0.02356805931776762,4,1
616,10,0.028080983087420464,1,1
617,8,0.03566207177937031,3,1
618,7,0.13008276862092316,4,1
619,-13,0.1209121965803206,4,0
620,-50,0.12491990491747856,50,0
621,9,0.45171842724084854,2,1
622,1,0.07486667856574059,10,1
623,6,0.09130679108202458,5,1
624,10,0.040187958627939224,1,1
625,7,0.04780088784173131,4,1
626,9,0.04719245806336403,2,1
627,8,0.041637481500705086,3,1
628,7,0.07322405511513352,4,1
629,6,0.09710948094725609,5,1
630,8,0.03427902236580849,3,1
631,8,0.1586163348207871,3,1
632,6,0.06825212426483632,5,1
633,5,0.1047520157104979,6,1
634,7,0.14425027836114168,4,1
635,10,0.02227168157696724,1,1
636,10,0.03150591999292374,1,1
637,6,0.04464112631976604,5,1
638,10,0.4839026927947998,1,1
639,8,0.04836718551814556,3,1
640,8,0.1836119182407856,3,1
641,7,0.04451002273708582,4,1
642,9,0.027839986607432365,2,1
643,6,0.14661125000566244,5,1
644,7,0.06965134479105473,4,1
645,8,0.05105369600156943,3,1
646,7,0.15198242012411356,4,1
647,9,0.05603610724210739,2,1
648,0,0.14645133827897636,11,1
649,8,0.017810098826885223,3,1
650,10,0.02229348011314869,1,1
651,9,0.25100037828087807,2,1
652,8,0.03562508771816889,3,1
653,10,0.013227266259491444,1,1
654,-22,0.05405358501681776,33,1
655,9,0.05964266322553158,2,1
656,6,0.056724424660205844,5,1
657,8,0.15164899018903574,3,1
658,7,0.04166350280866027,4,1
659,9,0.22032947093248367,2,1
660,10,0.40685123205184937,1,1
661,8,0.02999141253530979,3,1
662,10,0.033514369279146194,1,1
663,4,0.04679327245269503,7,1
664,5,0.10229282019038995,6,1
665,10,0.07338804006576538,1,1
666,9,0.03163150791078806,2,1
667,7,0.07655742671340704,4,1
668,8,0.04211941547691822,3,1
669,9,0.062188249081373215,2,1
670,-50,0.08989756850525737,50,0
671,8,0.12101113982498646,3,1
672,7,0.04453319916501641,4,1
673,3,0.07226378191262484,8,1
674,10,0.016152890399098396,1,1
675,8,0.022890394553542137,3,1
676,9,0.033507914282381535,2,1
677,8,0.02707682689651847,3,1
678,8,0.03685257832209269,3,1
679,7,0.025849852245301008,4,1
680,10,0.013172210194170475,1,1
681,6,0.051273448020219804,5,1
682,10,0.021971214562654495,1,1
683,9,0.024927660822868347,2,1
684,8,0.029628764217098553,3,1
685,10,0.0307263545691967,1,1
686,9,0.022593731060624123,2,1
687,9,0.02504722960293293,2,1
688,7,0.04064376279711723,4,1
689,8,0.05723620826999346,3,1
690,10,0.5479476451873779,1,1
691,-28,0.08241275332581538,39,1
692,9,0.04241794906556606,2,1
693,5,0.05815429209421078,6,1
694,9,0.026303968392312527,2,1
695,7,0.03108082851395011,4,1
696,9,0.030259092338383198,2,1
697,8,0.15530518194039664,3,1
698,8,0.026429413817822933,3,1
699,10,0.0665818601846695,1,1
700,6,0.2067020632326603,5,1
701,8,0.03340781480073929,3,1
702,10,0.03546624258160591,1,1
703,6,0.030441538244485856,5,1
704,9,0.038092998787760735,2,1
705,5,0.10183923567334811,6,1
706,9,0.034124831203371286,2,1
707,10,0.0159563310444355,1,1
708,7,0.13283472880721092,4,1
709,7,0.1071171322837472,4,1
710,10,0.019110949710011482,1,1
711,-9,0.0776013346388936,20,1
712,8,0.06646391625205676,3,1
713,9,0.021170220337808132,2,1
714,6,0.044356416538357736,5,1
715,10,0.08125846087932587,1,1
716,8,0.03606208165486654,3,1
717,10,0.04782327637076378,1,1
718,9,0.018618078902363777,2,1
719,7,0.03803205047734082,4,1
720,6,0.02716437093913555,5,1
721,9,0.01761258114129305,2,1
722,9,0.01557603431865573,2,1
723,10,0.023889673873782158,1,1
724,-50,0.07539872542023658,50,0
725,10,0.025761552155017853,1,1
726,8,0.028506583844621975,3,1
727,8,0.14889800486465296,3,1
728,10,0.04688597470521927,1,1
729,10,0.028344109654426575,1,1
730,8,0.06707538415988286,3,1
731,9,0.03523183800280094,2,1
732,9,0.026412807870656252,2,1
733,9,0.01519256504252553,2,1
734,6,0.04819382131099701,5,1
735,10,0.03716408088803291,1,1
736,9,0.04460609704256058,2,1
737,10,0.029929671436548233,1,1
738,10,0.05514312535524368,1,1
739,6,0.044785933941602706,5,1
740,6,0.02604678217321634,5,1
741,8,0.03500768976906935,3,1
742,7,0.09730636654421687,4,1
743,10,0.2441314309835434,1,1
744,9,0.042734418995678425,2,1
745,-27,0.07482506060558888,18,0
746,10,0.026402581483125687,1,1
747,9,0.0336159598082304,2,1
748,9,0.07081819139420986,2,1
749,9,0.02966390550136566,2,1
750,0,0.0541808908297257,11,1
751,9,0.02555113472044468,2,1
752,5,0.03843222217013439,6,1
753,10,0.03537946194410324,1,1
754,3,0.03517561545595527,8,1
755,10,0.034884605556726456,1,1
756,9,0.18419035896658897,2,1
757,9,0.03245056513696909,2,1
758,7,0.3377918004989624,4,1
759,10,0.014326607808470726,1,1
760,8,0.04737897217273712,3,1
761,10,0.01651083678007126,1,1
762,8,0.061399202793836594,3,1
763,10,0.06539714336395264,1,1
764,4,0.1321161389350891,7,1
765,10,0.29542282223701477,1,1
766,10,0.08874477446079254,1,1
767,9,0.028521710075438023,2,1
768,8,0.017264530683557194,3,1
769,10,0.20017173886299133,1,1
770,10,0.014780787751078606,1,1
771,9,0.08369973860681057,2,1
772,8,0.12699028352896372,3,1
773,8,0.12003119041522343,3,1
774,8,0.04835685280462106,3,1
775,9,0.05413851886987686,2,1
776,7,0.0935822892934084,4,1
777,8,0.20023435726761818,3,1
778,8,0.042200375348329544,3,1
779,9,0.04954436793923378,2,1
780,8,0.2508137958745162,3,1
781,9,0.03821823000907898,2,1
782,5,0.02394452675556143,6,1
783,9,0.025609961710870266,2,1
784,10,0.020387524738907814,1,1
785,10,0.024402238428592682,1,1
786,7,0.026555360527709126,4,1
787,9,0.04297736659646034,2,1
788,8,0.02976807051648696,3,1
789,9,0.03204186446964741,2,1
790,10,0.022317031398415565,1,1
791,6,0.04425638783723116,5,1
792,5,0.021276033173004787,6,1
793,8,0.022753527387976646,3,1
794,5,0.026403128014256556,6,1
795,9,0.2055574655532837,2,1
796,10,0.02268292009830475,1,1
797,10,0.021463021636009216,1,1
798,9,0.30322291795164347,2,1
799,10,0.012197312898933887,1,1
800,7,0.08500726893544197,4,1
801,8,0.017112260373930138,3,1
802,10,0.0374642089009285,1,1
803,8,0.09504794826110204,3,1
804,9,0.016958929132670164,2,1
805,7,0.029758481541648507,4,1
806,8,0.054045372953017555,3,1
807,6,0.022807811759412287,5,1
808,6,0.038523062318563464,5,1
809,8,0.03756303216020266,3,1
810,10,0.03043012134730816,1,1
811,9,0.022316817194223404,2,1
812,9,0.042915805242955685,2,1
813,9,0.06742732040584087,2,1
814,7,0.048671492375433445,4,1
815,7,0.03854551259428263,4,1
816,9,0.03177478350698948,2,1
817,-4,0.08442459168533484,15,1
818,6,0.08954917788505554,5,1
819,-50,0.05483573062345386,50,0
820,9,0.1413001362234354,2,1
821,6,0.053303398191928864,5,1
822,10,0.04181540012359619,1,1
823,8,0.02583492174744606,3,1
824,8,0.029106692721446354,3,1
825,8,0.02210465942819913,3,1
826,9,0.04723634757101536,2,1
827,9,0.021674673072993755,2,1
828,8,0.10604246333241463,3,1
829,10,0.027223313227295876,1,1
830,7,0.03054689196869731,4,1
831,9,0.027799435425549746,2,1
832,7,0.029654146637767553,4,1
833,8,0.042839095617334046,3,1
834,5,0.02371788676828146,6,1
835,7,0.032023914624005556,4,1
836,8,0.039358491698900856,3,1
837,9,0.12547412887215614,2,1
838,9,0.018697785679250956,2,1
839,9,0.047497973777353764,2,1
840,10,0.009943204000592232,1,1
841,10,0.015916192904114723,1,1
842,-33,0.06494380448323984,24,0
843,7,0.0802964773029089,4,1
844,9,0.07485229149460793,2,1
845,8,0.11055858929951985,3,1
846,-19,0.0494786339191099,30,1
847,7,0.04664319381117821,4,1
848,8,0.06307987061639626,3,1
849,8,0.043826895455519356,3,1
850,7,0.05203069746494293,4,1
851,5,0.10678394014636676,6,1
852,7,0.27010024106130004,4,1
853,6,0.046938644349575044,5,1
854,7,0.04084878764115274,4,1
855,8,0.01978478239228328,3,1
856,-10,0.024774495512247086,1,0
857,10,0.04607924818992615,1,1
858,7,0.023306711576879025,4,1
859,8,0.17031931380430856,3,1
860,9,0.03259625192731619,2,1
861,8,0.02004634526868661,3,1
862,8,0.03814492312570413,3,1
863,9,0.04622666584327817,2,1
864,7,0.04119152948260307,4,1
865,10,0.05623144656419754,1,1
866,9,0.08658256195485592,2,1
867,10,0.10132075846195221,1,1
868,8,0.061527956277132034,3,1
869,7,0.05780196841806173,4,1
870,6,0.044449400156736374,5,1
871,4,0.0660099767680679,7,1
872,4,0.10768113418349198,7,1
873,8,0.03712148033082485,3,1
874,5,0.05772113551696142,6,1
875,9,0.04854220151901245,2,1
876,7,0.14016022253781557,4,1
877,-10,0.03368605673313141,1,0
878,8,0.05031737002233664,3,1
879,8,0.09707571441928546,3,1
880,9,0.3024076260626316,2,1
881,9,0.01849075173959136,2,1
882,7,0.06271355040371418,4,1
883,9,0.046183591708540916,2,1
884,7,0.0374619634822011,4,1
885,7,0.03493608674034476,4,1
886,-50,0.07381159134209156,50,0
887,6,0.13231091536581516,5,1
888,8,0.033698584573964276,3,1
889,7,0.035834779031574726,4,1
890,9,0.03156221937388182,2,1
891,8,0.021649759262800217,3,1
892,9,0.03119008895009756,2,1
893,9,0.2836011089384556,2,1
894,6,0.02890639826655388,5,1
895,6,0.06771464683115483,5,1
896,8,0.17836256884038448,3,1
897,9,0.05167539604008198,2,1
898,9,0.2789159454405308,2,1
899,7,0.1459351540543139,4,1
900,-10,0.019910242408514023,1,0
901,9,0.030460810288786888,2,1
902,10,0.0162958987057209,1,1
903,8,0.03904032986611128,3,1
904,10,0.03520696237683296,1,1
905,5,0.09779169814040263,6,1
906,9,0.022265751846134663,2,1
907,10,0.027667202055454254,1,1
908,10,0.03346584364771843,1,1
909,6,0.05669884458184242,5,1
910,9,0.04208055790513754,2,1
911,9,0.17161552980542183,2,1
912,8,0.022515893603364628,3,1
913,10,0.022863665595650673,1,1
914,8,0.031393092746535935,3,1
915,-28,0.07411382741366442,39,1
916,9,0.019525669049471617,2,1
917,9,0.020237453281879425,2,1
918,8,0.2114312257617712,3,1
919,-2,0.143997885645009,13,1
920,10,0.04888442903757095,1,1
921,7,0.03626464493572712,4,1
922,-23,0.10819418309256434,34,1
923,9,0.03220958635210991,2,1
924,8,0.02595263036588828,3,1
925,8,0.0460922916730245,3,1
926,4,0.035591847130230496,7,1
927,8,0.0569008986155192,3,1
928,7,0.023575684055685997,4,1
929,6,0.15839478000998497,5,1
930,8,0.17232255979130665,3,1
931,6,0.07631146609783172,5,1
932,9,0.23255843576043844,2,1
933,3,0.04072571638971567,8,1
934,10,0.08496789634227753,1,1
935,8,0.041787296533584595,3,1
936,9,0.07529321312904358,2,1
937,9,0.03558867610991001,2,1
938,7,0.14148014364764094,4,1
939,9,0.12594016827642918,2,1
940,9,0.0393272927030921,2,1
941,7,0.1566200377419591,4,1
942,9,0.050381237640976906,2,1
943,8,0.051375253746906914,3,1
944,10,0.058902304619550705,1,1
945,8,0.056995214273532234,3,1
946,3,0.1023959091398865,8,1
947,6,0.038339984230697156,5,1
948,6,0.03704486973583698,5,1
949,6,0.04091679360717535,5,1
950,10,0.029659219086170197,1,1
951,8,0.17170561105012894,3,1
952,8,0.058831837028265,3,1
953,9,0.018647239543497562,2,1
954,8,0.06894886307418346,3,1
955,8,0.048761347929636635,3,1
956,8,0.1788481796781222,3,1
957,7,0.1271453215740621,4,1
958,8,0.11356196738779545,3,1
959,8,0.1488739252090454,3,1
960,10,0.030832748860120773,1,1
961,10,0.0184096097946167,1,1
962,6,0.1196972442790866,5,1
963,9,0.0656994953751564,2,1
964,6,0.09138872306793928,5,1
965,7,0.03256475320085883,4,1
966,6,0.02817732747644186,5,1
967,8,0.0459719467908144,3,1
968,-10,0.025152893736958504,1,0
969,7,0.03310990449972451,4,1
970,-5,0.07030400191433728,16,1
971,7,0.04802788607776165,4,1
972,7,0.03394735394977033,4,1
973,10,0.012577740475535393,1,1
974,9,0.03866555914282799,2,1
975,6,0.03252957463264465,5,1
976,7,0.031437975354492664,4,1
977,6,0.034442818537354467,5,1
978,9,0.03151058591902256,2,1
979,9,0.024848700501024723,2,1
980,7,0.12990189786069095,4,1
981,10,0.02416892908513546,1,1
982,6,0.026777055859565736,5,1
983,7,0.04340097168460488,4,1
984,9,0.069588677957654,2,1
985,8,0.03993819964428743,3,1
986,10,0.03115237131714821,1,1
987,8,0.04101208597421646,3,1
988,9,0.046766157262027264,2,1
989,8,0.019527749468882877,3,1
990,10,0.014860326424241066,1,1
991,7,0.036019925493746996,4,1
992,8,0.17217753330866495,3,1
993,8,0.06729544140398502,3,1
994,7,0.04368626978248358,4,1
995,7,0.0229307368863374,4,1
996,8,0.024621421471238136,3,1
997,8,0.163205831622084,3,1
998,9,0.02828981541097164,2,1
999,7,0.02934119012206793,4,1
1000,8,0.027739207570751507,3,1
1,-46,0.02810034733517347,37,0
2,6,0.12426355443894863,5,1
3,9,0.07146463356912136,2,1
4,8,0.036939989775419235,3,1
5,8,0.039785646523038544,3,1
6,-58,0.056228940660248,49,0
7,9,0.042381228879094124,2,1
8,6,0.10158116556704044,5,1
9,9,0.05663833301514387,2,1
10,8,0.01981263483564059,3,1
11,5,0.10874275211244822,6,1
12,10,0.03629598394036293,1,1
13,10,0.02320251800119877,1,1
14,8,0.0191072275241216,3,1
15,-9,0.05954084559343755,20,1
16,8,0.037657336642344795,3,1
17,8,0.036818224315841995,3,1
18,6,0.02636862136423588,5,1
19,10,0.02719768136739731,1,1
20,7,0.04319622018374503,4,1
21,10,0.037035927176475525,1,1
22,9,0.05658125039190054,2,1
23,10,0.40853172540664673,1,1
24,7,0.030561336316168308,4,1
25,9,0.03210505377501249,2,1
26,8,0.02789018830905358,3,1
27,8,0.03084820881485939,3,1
28,10,0.015995372086763382,1,1
29,9,0.023037055507302284,2,1
30,6,0.17077255751937628,5,1
31,7,0.020195469725877047,4,1
32,9,0.013675536029040813,2,1
33,9,0.01856737583875656,2,1
34,8,0.1725481835504373,3,1
35,10,0.05249740928411484,1,1
36,10,0.02712215855717659,1,1
37,8,0.18978145470221838,3,1
38,9,0.0377152506262064,2,1
39,8,0.03354128574331602,3,1
40,10,0.01687680557370186,1,1
41,7,0.11084471992217004,4,1
42,7,0.025616495870053768,4,1
43,10,0.02317778952419758,1,1
44,9,0.029919816181063652,2,1
45,10,0.03427715227007866,1,1
46,8,0.020259195938706398,3,1
47,10,0.03735583648085594,1,1
48,7,0.024935457622632384,4,1
49,8,0.21179759626587233,3,1
50,10,0.01918106898665428,1,1
51,9,0.15056515135802329,2,1
52,9,0.19473040662705898,2,1
53,10,0.04283340647816658,1,1
54,10,0.014510367065668106,1,1
55,7,0.02613290911540389,4,1
56,8,0.019496468516687553,3,1
57,8,0.03256352680424849,3,1
58,10,0.020002374425530434,1,1
59,7,0.01781750679947436,4,1
60,7,0.05098477145656943,4,1
61,10,0.01287814974784851,1,1
62,7,0.015687640756368637,4,1
63,10,0.02380024641752243,1,1
64,9,0.010963760782033205,2,1
65,8,0.021512147039175034,3,1
66,9,0.016238784417510033,2,1
67,9,0.04402669332921505,2,1
68,10,0.005720955785363913,1,1
69,7,0.035590000450611115,4,1
70,9,0.014706207439303398,2,1
71,9,0.017252833116799593,2,1
72,9,0.019100409001111984,2,1
73,9,0.027794715017080307,2,1
74,8,0.019498590379953384,3,1
75,9,0.013516296166926622,2,1
76,-12,0.08495514467358589,3,0
77,9,0.021723987068980932,2,1
78,9,0.04837530851364136,2,1
79,5,0.01993857246513168,6,1
80,9,0.02278939913958311,2,1
81,7,0.02525447914376855,4,1
82,9,0.03889816254377365,2,1
83,9,0.01807616464793682,2,1
84,-11,0.06604570065709678,22,1
85,4,0.07935662228347999,7,1
86,8,0.02697193684677283,3,1
87,4,0.04035258984991482,7,1
88,9,0.010543768759816885,2,1
89,7,0.025119905825704336,4,1
90,-10,0.059869706497660706,21,1
91,10,0.014222847297787666,1,1
92,9,0.20312711596488953,2,1
93,8,0.018467819628616173,3,1
94,6,0.04738042019307613,5,1
95,7,0.022863830206915736,4,1
96,8,0.03327080359061559,3,1
97,7,0.06158830365166068,4,1
98,6,0.10393834095448255,5,1
99,10,0.042911507189273834,1,1
100,9,0.040095582604408264,2,1
101,9,0.03907655831426382,2,1
102,7,0.019613845506682992,4,1
103,10,0.047530584037303925,1,1
104,8,0.3101584433267514,3,1
105,6,0.024749410152435303,5,1
106,6,0.11995362155139447,5,1
107,5,0.16052499723931155,6,1
108,8,0.03740898333489895,3,1
109,-35,0.06425344869089515,46,1
110,6,0.04257951118052006,5,1
111,-39,0.08842691325582563,50,1
112,10,0.030230581760406494,1,1
113,7,0.29416392417624593,4,1
114,9,0.02080753818154335,2,1
115,7,0.10594316944479942,4,1
116,7,0.025442305020987988,4,1
117,10,0.031100841239094734,1,1
118,10,0.021710222586989403,1,1
119,9,0.17371693532913923,2,1
120,8,0.03279359762867292,3,1
121,8,0.03904961794614792,3,1
122,7,0.02572150994092226,4,1
123,9,0.03568037133663893,2,1
124,4,0.03078785884593214,7,1
125,8,0.04525423670808474,3,1
126,-23,0.10226490792325314,34,1
127,10,0.3342178761959076,1,1
128,9,0.058863361831754446,2,1
129,6,0.05187050588428974,5,1
130,10,0.0646565705537796,1,1
131,8,0.04309163490931193,3,1
132,7,0.10546384821645916,4,1
133,8,0.08379701649149258,3,1
134,10,0.014024092815816402,1,1
135,8,0.02576541279753049,3,1
136,9,0.13873620331287384,2,1
137,9,0.3625040352344513,2,1
138,9,0.02599182538688183,2,1
139,10,0.034617602825164795,1,1
140,7,0.09759033843874931,4,1
141,7,0.0219187093898654,4,1
142,8,0.03818552320202192,3,1
143,9,0.15015947818756104,2,1
144,9,0.03611607104539871,2,1
145,8,0.021840476741393406,3,1
146,10,0.010719900019466877,1,1
147,8,0.04426954686641693,3,1
148,8,0.15362937872608504,3,1
149,7,0.04514950513839722,4,1
150,9,0.012551161227747798,2,1
151,8,0.0435199240843455,3,1
152,7,0.08783945930190384,4,1
153,-10,0.08103511890485174,21,1
154,6,0.056462349370121956,5,1
155,10,0.03397062048316002,1,1
156,6,0.24623036682605742,5,1
157,10,0.2763020396232605,1,1
158,9,0.2145949429832399,2,1
159,7,0.12852988904342055,4,1
160,7,0.050388714764267206,4,1
161,-20,0.05218118876819649,31,1
162,9,0.04905794560909271,2,1
163,-50,0.05086927445605397,50,0
164,9,0.04546413570642471,2,1
165,7,0.04484290070831776,4,1
166,9,0.14476476795971394,2,1
167,7,0.024267086060717702,4,1
168,10,0.0305603239685297,1,1
169,9,0.04396847914904356,2,1
170,9,0.02045270800590515,2,1
171,9,0.01753974612802267,2,1
172,10,0.019153691828250885,1,1
173,8,0.021971153405805428,3,1
174,6,0.12319963816553355,5,1
175,8,0.020187691785395145,3,1
176,8,0.011970466313262781,3,1
177,10,0.011288583278656006,1,1
178,9,0.01643091905862093,2,1
179,9,0.136722007766366,2,1
180,-50,0.05664573758840561,50,0
181,10,0.10938700288534164,1,1
182,8,0.03314672037959099,3,1
183,9,0.03863169252872467,2,1
184,10,0.01766381599009037,1,1
185,9,0.04134172573685646,2,1
186,9,0.014098590705543756,2,1
187,9,0.20088932290673256,2,1
188,7,0.03381088422611356,4,1
189,8,0.04800091249247392,3,1
190,-15,0.05323453711417432,26,1
191,6,0.04164988324046135,5,1
192,9,0.043819948099553585,2,1
193,10,0.027445070445537567,1,1
194,7,0.021833988837897778,4,1
195,7,0.03796233655884862,4,1
196,8,0.022918003300825756,3,1
197,7,0.0580402915365994,4,1
198,6,0.0170171732082963,5,1
199,6,0.034022318199276924,5,1
200,9,0.03352435864508152,2,1
201,5,0.030373062007129192,6,1
202,9,0.019965171348303556,2,1
203,8,0.027680734172463417,3,1
204,6,0.13146432414650916,5,1
205,8,0.029418207084139187,3,1
206,10,0.02753356657922268,1,1
207,7,0.031036479398608208,4,1
208,9,0.03253200463950634,2,1
209,7,0.0376581521704793,4,1
210,10,0.0395260751247406,1,1
211,5,0.061694570196171604,6,1
212,10,0.02795039303600788,1,1
213,-1,0.07669326663017273,12,1
214,9,0.23849555663764477,2,1
215,10,0.03803423419594765,1,1
216,9,0.30137867480516434,2,1
217,-11,0.05015581888570027,22,1
218,7,0.03224362037144601,4,1
219,-17,0.06492448026048285,28,1
220,8,0.06084806378930807,3,1
221,9,0.01843924866989255,2,1
222,8,0.039901379495859146,3,1
223,5,0.07464320305734873,6,1
224,10,0.1338271051645279,1,1
225,6,0.02837515063583851,5,1
226,10,0.03662367910146713,1,1
227,10,0.01849997416138649,1,1
228,9,0.013253228273242712,2,1
229,10,0.10641364008188248,1,1
230,10,0.3101748824119568,1,1
231,7,0.02891557151451707,4,1
232,8,0.02004565081248681,3,1
233,9,0.08872444741427898,2,1
234,10,0.018747452646493912,1,1
235,9,0.02211652882397175,2,1
236,10,0.11810362339019775,1,1
237,9,0.017477023415267467,2,1
238,8,0.04488346384217342,3,1
239,7,0.05158064095303416,4,1
240,7,0.034625999396666884,4,1
241,6,0.03365438003093004,5,1
242,10,0.027894068509340286,1,1
243,10,0.026424219831824303,1,1
244,7,0.016255350084975362,4,1
245,7,0.020461000269278884,4,1
246,8,0.010713396749148766,3,1
247,7,0.025473974645137787,4,1
248,10,0.03406809642910957,1,1
249,9,0.012605395633727312,2,1
250,9,0.011884340550750494,2,1
251,8,0.014393803973992666,3,1
252,9,0.01718816626816988,2,1
253,-15,0.042271608128570594,26,1
254,10,0.01754852384328842,1,1
255,9,0.039632342755794525,2,1
256,7,0.13020562287420034,4,1
257,6,0.024949904158711435,5,1
258,8,0.04118333011865616,3,1
259,-7,0.05737327137548062,18,1
260,9,0.1327189952135086,2,1
261,10,0.05657519772648811,1,1
262,8,0.018238679816325504,3,1
263,8,0.025708254426717758,3,1
264,8,0.029456188902258873,3,1
265,10,0.030123194679617882,1,1
266,8,0.054973131666580834,3,1
267,8,0.035192554195721946,3,1
268,10,0.023871934041380882,1,1
269,6,0.07450711131095886,5,1
270,-4,0.06539407707750797,15,1
271,10,0.40784168243408203,1,1
272,9,0.03401543293148279,2,1
273,8,0.0434594489634037,3,1
274,7,0.035891235806047916,4,1
275,6,0.041166779771447184,5,1
276,8,0.025389043614268303,3,1
277,9,0.026828620582818985,2,1
278,10,0.028543049469590187,1,1
279,8,0.1568773646528522,3,1
280,9,0.029908576980233192,2,1
281,8,0.0323611448208491,3,1
282,10,0.01787671260535717,1,1
283,7,0.11891628243029118,4,1
284,10,0.02027890458703041,1,1
285,7,0.019727402599528432,4,1
286,10,0.013867637142539024,1,1
287,9,0.05635334923863411,2,1
288,7,0.02130046463571489,4,1
289,-11,0.04593386175110936,2,0
290,10,0.017142944037914276,1,1
291,9,0.02184467203915119,2,1
292,9,0.020134296268224716,2,1
293,6,0.08969054017215967,5,1
294,9,0.020008260384202003,2,1
295,9,0.039712678641080856,2,1
296,7,0.1655138460919261,4,1
297,9,0.24755334854125977,2,1
298,9,0.02055587200447917,2,1
299,5,0.034142750625809036,6,1
300,8,0.043014648060003914,3,1
301,10,0.05395250767469406,1,1
302,9,0.027239633724093437,2,1
303,8,0.029801979040106136,3,1
304,7,0.05466831475496292,4,1
305,9,0.11520856246352196,2,1
306,8,0.028958080957333248,3,1
307,6,0.01733514666557312,5,1
308,7,0.023282334906980395,4,1
309,-15,0.07210554107307242,26,1
310,9,0.07164415530860424,2,1
311,8,0.02812135312706232,3,1
312,6,0.047468969598412514,5,1
313,10,0.049394410103559494,1,1
314,8,0.1520294975489378,3,1
315,10,0.025737658143043518,1,1
316,9,0.022877857089042664,2,1
317,8,0.02176541245232026,3,1
318,8,0.15416734106838703,3,1
319,9,0.04238012619316578,2,1
320,8,0.07392131475110848,3,1
321,10,0.05461867153644562,1,1
322,9,0.016524189617484808,2,1
323,8,0.027299169450998306,3,1
324,8,0.0411931611597538,3,1
325,-25,0.04347180331953698,36,1
326,9,0.018872715067118406,2,1
327,9,0.022824309766292572,2,1
328,9,0.020391701720654964,2,1
329,9,0.011491408571600914,2,1
330,9,0.022049362771213055,2,1
331,8,0.019377272265652817,3,1
332,8,0.01749768542746703,3,1
333,9,0.07697301730513573,2,1
334,9,0.1602682936936617,2,1
335,7,0.027671657968312502,4,1
336,7,0.033787197433412075,4,1
337,7,0.02062386553734541,4,1
338,10,0.030555110424757004,1,1
339,9,0.19327720254659653,2,1
340,-11,0.1276595015078783,2,0
341,8,0.05892875728507837,3,1
342,9,0.017986762337386608,2,1
343,8,0.02966116927564144,3,1
344,8,0.017558156823118527,3,1
345,7,0.07993333507329226,4,1
346,9,0.02502200100570917,2,1
347,7,0.054629492573440075,4,1
348,10,0.019135409966111183,1,1
349,9,0.03321811556816101,2,1
350,0,0.02970612421631813,11,1
351,6,0.14987730272114277,5,1
352,7,0.1448047049343586,4,1
353,10,0.029557649046182632,1,1
354,-13,0.02554445224814117,4,0
355,8,0.023313083375493687,3,1
356,10,0.01420542225241661,1,1
357,7,0.09704422997310758,4,1
358,9,0.02489688526839018,2,1
359,8,0.019579834925631683,3,1
360,8,0.0346308828641971,3,1
361,10,0.029926493763923645,1,1
362,7,0.13442539237439632,4,1
363,8,0.013209129683673382,3,1
364,10,0.02645885944366455,1,1
365,9,0.02548171766102314,2,1
366,3,0.13564126350684091,8,1
367,7,0.03676711115986109,4,1
368,9,0.04811609350144863,2,1
369,6,0.03886253423988819,5,1
370,6,0.02906398307532072,5,1
371,9,0.03171824477612972,2,1
372,9,0.016387739218771458,2,1
373,8,0.02282883444180091,3,1
374,10,0.012274800799787045,1,1
375,10,0.016347303986549377,1,1
376,8,0.016426827758550644,3,1
377,7,0.04325294564478099,4,1
378,9,0.010989144444465637,2,1
379,8,0.16494952080150446,3,1
380,9,0.017363300547003746,2,1
381,9,0.019508073572069407,2,1
382,9,0.026671734638512135,2,1
383,9,0.19565453007817268,2,1
384,6,0.08658718317747116,5,1
385,9,0.025242790579795837,2,1
386,10,0.022422878071665764,1,1
387,6,0.018567637354135514,5,1
388,9,0.015174713917076588,2,1
389,8,0.028847961065669853,3,1
390,8,0.19376902220149836,3,1
391,8,0.15814473666250706,3,1
392,9,0.017413216643035412,2,1
393,-48,0.05905143596614019,39,0
394,10,0.4175627827644348,1,1
395,6,0.10151283908635378,5,1
396,6,0.08702881503850221,5,1
397,7,0.09880567714571953,4,1
398,-50,0.03270085405558348,50,0
399,10,0.01917303539812565,1,1
400,8,0.023345304808268946,3,1
401,10,0.013337437063455582,1,1
402,8,0.015026495481530825,3,1
403,-50,0.04669487232342363,50,0
404,9,0.019004324451088905,2,1
405,6,0.026567235961556433,5,1
406,10,0.01286768913269043,1,1
407,9,0.017895369790494442,2,1
408,6,0.09753862116485834,5,1
409,8,0.042567793279886246,3,1
410,9,0.07673874869942665,2,1
411,9,0.027532135136425495,2,1
412,7,0.02058629016391933,4,1
413,10,0.08630850911140442,1,1
414,8,0.06021101400256157,3,1
415,7,0.025854473700746894,4,1
416,-39,0.04712887775152921,50,1
417,8,0.04313008642445008,3,1
418,8,0.021604820775489014,3,1
419,9,0.022379014641046524,2,1
420,9,0.0175654673948884,2,1
421,9,0.049330516718328,2,1
422,10,0.04219282791018486,1,1
423,10,0.01736454851925373,1,1
424,9,0.041758549865335226,2,1
425,8,0.02041587357719739,3,1
426,8,0.016896115926404793,3,1
427,7,0.08177874935790896,4,1
428,10,0.009671534411609173,1,1
429,10,0.009732690639793873,1,1
430,10,0.01648048684000969,1,1
431,8,0.018990631215274334,3,1
432,8,0.016690708696842194,3,1
433,7,0.013729308033362031,4,1
434,9,0.010837673675268888,2,1
435,10,0.06108926236629486,1,1
436,7,0.019497061846777797,4,1
437,9,0.009633205132558942,2,1
438,9,0.033071860671043396,2,1
439,7,0.008210683125071228,4,1
440,8,0.0073418438745041685,3,1
441,9,0.028758513741195202,2,1
442,7,0.03319494193419814,4,1
443,9,0.010740847326815128,2,1
444,7,0.021888996474444866,4,1
445,10,0.024806566536426544,1,1
446,7,0.008926653419621289,4,1
447,6,0.010876071732491254,5,1
448,9,0.01622300362214446,2,1
449,-22,0.04360752510414882,33,1
450,-14,0.16089732935652137,5,0
451,10,0.015117206610739231,1,1
452,6,0.02348566148430109,5,1
453,9,0.01925797387957573,2,1
454,8,0.02137727787097295,3,1
455,9,0.040771484375,2,1
456,9,0.04775212612003088,2,1
457,4,0.029215319348233088,7,1
458,9,0.047222573310136795,2,1
459,8,0.029775350044171017,3,1
460,6,0.024109105579555035,5,1
461,9,0.021127101965248585,2,1
462,7,0.13933468679897487,4,1
463,10,0.016561847180128098,1,1
464,9,0.1984660062007606,2,1
465,5,0.07873320944296817,6,1
466,9,0.013055169023573399,2,1
467,10,0.009280737489461899,1,1
468,8,0.018506585930784542,3,1
469,7,0.02146094013005495,4,1
470,-12,0.04222535718556331,23,1
471,8,0.026892612998684246,3,1
472,9,0.010384039487689734,2,1
473,6,0.041659786738455294,5,1
474,9,0.01410151133313775,2,1
475,9,0.00862176320515573,2,1
476,7,0.025577062740921974,4,1
477,1,0.024902928993105887,10,1
478,8,0.01988595724105835,3,1
479,8,0.05451735916237036,3,1
480,7,0.01182840601541102,4,1
481,8,0.016928851294020813,3,1
482,8,0.02025190182030201,3,1
483,7,0.02402635128237307,4,1
484,10,0.011682133190333843,1,1
485,7,0.03151518106460571,4,1
486,9,0.0173017424531281,2,1
487,9,0.023242449387907982,2,1
488,8,0.01729338802397251,3,1
489,5,0.03225926278779904,6,1
490,9,0.008524745237082243,2,1
491,8,0.02602991492797931,3,1
492,8,0.18502841393152872,3,1
493,6,0.018328090757131578,5,1
494,8,0.011213567573577166,3,1
495,10,0.05386855825781822,1,1
496,-5,0.06150798063026741,16,1
497,10,0.011965643614530563,1,1
498,6,0.016137796733528376,5,1
499,-20,0.038740452709457564,31,1
500,9,0.0065554785542190075,2,1
501,-15,0.045239273978110686,26,1
502,6,0.018860657699406147,5,1
503,8,0.010385390060643354,3,1
504,10,0.32336950302124023,1,1
505,8,0.022937627509236336,3,1
506,-18,0.05036095839700308,29,1
507,10,0.008777614682912827,1,1
508,9,0.02452487125992775,2,1
509,9,0.16848323121666908,2,1
510,9,0.02539797779172659,2,1
511,9,0.03335259296000004,2,1
512,5,0.01934160478413105,6,1
513,7,0.023251699283719063,4,1
514,5,0.028374880862732727,6,1
515,9,0.012064346112310886,2,1
516,10,0.015428826212882996,1,1
517,5,0.018692684980730217,6,1
518,10,0.02283339388668537,1,1
519,6,0.02355910688638687,5,1
520,9,0.03460118547081947,2,1
521,8,0.02217773658533891,3,1
522,8,0.019362323296566803,3,1
523,6,0.023342752642929555,5,1
524,10,0.003968923818320036,1,1
525,8,0.10876095574349165,3,1
526,4,0.08768997873578753,7,1
527,7,0.014673442696221173,4,1
528,6,0.012893284484744073,5,1
529,9,0.009510665433481336,2,1
530,10,0.007379486225545406,1,1
531,7,0.07504231599159539,4,1
532,9,0.014339974615722895,2,1
533,8,0.02080877125263214,3,1
534,-12,0.03985564064477449,23,1
535,-29,0.07006000697147101,20,0
536,10,0.059720419347286224,1,1
537,-10,0.06640598922967911,1,0
538,8,0.030590321247776348,3,1
539,8,0.04082580655813217,3,1
540,10,0.023226382210850716,1,1
541,10,0.013139544054865837,1,1
542,9,0.02327736373990774,2,1
543,7,0.012632224359549582,4,1
544,5,0.03879714679593841,6,1
545,7,0.01392121147364378,4,1
546,9,0.04200122877955437,2,1
547,8,0.11631000383446614,3,1
548,9,0.02387070655822754,2,1
549,8,0.033340856432914734,3,1
550,7,0.024115291191264987,4,1
551,9,0.011672002729028463,2,1
552,9,0.015388724859803915,2,1
553,9,0.11448140069842339,2,1
554,8,0.013210928378005823,3,1
555,10,0.007399743422865868,1,1
556,9,0.036938185803592205,2,1
557,7,0.17027145391330123,4,1
558,8,0.018545661121606827,3,1
559,10,0.0336969792842865,1,1
560,10,0.013145547360181808,1,1
561,6,0.022855698131024837,5,1
562,9,0.0318615036085248,2,1
563,8,0.0202507134526968,3,1
564,10,0.04171300679445267,1,1
565,7,0.03276408393867314,4,1
566,9,0.015047573018819094,2,1
567,-1,0.07007580002148946,12,1
568,9,0.04143519699573517,2,1
569,10,0.019299142062664032,1,1
570,10,0.02868509665131569,1,1
571,6,0.03084254004061222,5,1
572,8,0.05725633166730404,3,1
573,8,0.04954039243360361,3,1
574,7,0.022471653064712882,4,1
575,10,0.01603173092007637,1,1
576,5,0.027390528780718643,6,1
577,9,0.018963810987770557,2,1
578,7,0.019592258147895336,4,1
579,10,0.013060552068054676,1,1
580,9,0.13226335309445858,2,1
581,9,0.014707665890455246,2,1
582,10,0.0374225415289402,1,1
583,10,0.015413213521242142,1,1
584,9,0.014217482879757881,2,1
585,8,0.035164675364891686,3,1
586,6,0.053916478715837005,5,1
587,-11,0.014430216513574123,2,0
588,6,0.2923310250043869,5,1
589,10,0.020417168736457825,1,1
590,7,0.030478425789624453,4,1
591,10,0.008699702098965645,1,1
592,6,0.022337055765092373,5,1
593,-10,0.011222045868635178,1,0
594,8,0.07456303760409355,3,1
595,8,0.017717468552291393,3,1
596,10,0.06296301633119583,1,1
597,10,0.10416467487812042,1,1
598,10,0.016093986108899117,1,1
599,9,0.012647183146327734,2,1
600,8,0.09053938649594784,3,1
601,9,0.011022708378732204,2,1
602,7,0.021711523178964853,4,1
603,10,0.16500353813171387,1,1
604,2,0.07146433627025948,9,1
605,2,0.03603656186411778,9,1
606,9,0.27625278383493423,2,1
607,8,0.023606966560085613,3,1
608,7,0.03966065729036927,4,1
609,8,0.03007293368379275,3,1
610,10,0.018024662509560585,1,1
611,8,0.13588824744025865,3,1
612,7,0.034680493641644716,4,1
613,10,0.019661415368318558,1,1
614,7,0.025124316569417715,4,1
615,8,0.019647977004448574,3,1
616,10,0.02413894794881344,1,1
617,6,0.034899540990591046,5,1
618,9,0.23490336164832115,2,1
619,10,0.020873386412858963,1,1
620,10,0.01580539345741272,1,1
621,9,0.3235952854156494,2,1
622,6,0.037567763961851595,5,1
623,10,0.01801738142967224,1,1
624,8,0.3070588105668624,3,1
625,6,0.1896341171115637,5,1
626,-29,0.06697451381478459,40,1
627,8,0.09933481800059478,3,1
628,8,0.0170057180027167,3,1
629,10,0.2518240809440613,1,1
630,8,0.17532679066061974,3,1
631,-9,0.043495354149490593,20,1
632,9,0.057519663125276566,2,1
633,8,0.028339848543206852,3,1
634,9,0.01816636696457863,2,1
635,9,0.013254841789603233,2,1
636,8,0.01981637968371312,3,1
637,10,0.3799442648887634,1,1
638,6,0.028228291124105454,5,1
639,9,0.05320146679878235,2,1
640,6,0.019290513545274734,5,1
641,6,0.018303401581943036,5,1
642,10,0.05524219200015068,1,1
643,10,0.024120522662997246,1,1
644,8,0.03963158962627252,3,1
645,10,0.025368083268404007,1,1
646,-2,0.06447741690163429,13,1
647,9,0.027805297635495663,2,1
648,10,0.016939133405685425,1,1
649,7,0.07043707766570151,4,1
650,8,0.03756960108876228,3,1
651,10,0.06171206757426262,1,1
652,7,0.022961544804275036,4,1
653,10,0.019554266706109047,1,1
654,7,0.03868033387698233,4,1
655,4,0.03086516766675881,7,1
656,8,0.1309531064083179,3,1
657,5,0.0696928600470225,6,1
658,-26,0.054456894336318645,37,1
659,9,0.04648267664015293,2,1
660,9,0.023835374042391777,2,1
661,9,0.009515410289168358,2,1
662,7,0.027967853471636772,4,1
663,9,0.029551958199590445,2,1
664,10,0.01138857752084732,1,1
665,9,0.03345730435103178,2,1
666,8,0.021589981392025948,3,1
667,7,0.027940511237829924,4,1
668,7,0.02882849657908082,4,1
669,9,0.015464897267520428,2,1
670,8,0.14488839637488127,3,1
671,9,0.16384119354188442,2,1
672,8,0.07774453237652779,3,1
673,8,0.01372917927801609,3,1
674,10,0.013648772612214088,1,1
675,9,0.05594652146100998,2,1
676,8,0.0393715783332785,3,1
677,6,0.1146440114825964,5,1
678,0,0.05530974226580425,11,1
679,2,0.12765038944780827,9,1
680,8,0.017649888371427853,3,1
681,8,0.10842156658569972,3,1
682,8,0.029068486765027046,3,1
683,7,0.08138007204979658,4,1
684,-3,0.03991400803040181,14,1
685,7,0.02990316692739725,4,1
686,8,0.03588099653522173,3,1
687,7,0.03464077413082123,4,1
688,9,0.05284246802330017,2,1
689,7,0.11721100355498493,4,1
690,8,0.030295448377728462,3,1
691,10,0.040338046848773956,1,1
692,9,0.026087068021297455,2,1
693,8,0.0718007826556762,3,1
694,6,0.11388144306838513,5,1
695,9,0.03831186005845666,2,1
696,9,0.025404593907296658,2,1
697,-35,0.05664165967913425,46,1
698,10,0.029207639396190643,1,1
699,8,0.038971872379382454,3,1
700,10,0.03220999985933304,1,1
701,9,0.06395669747143984,2,1
702,8,0.03004394906262557,3,1
703,6,0.05516802920028567,5,1
704,8,0.05263879833122095,3,1
705,8,0.05923933597902457,3,1
706,10,0.028718335554003716,1,1
707,10,0.033083051443099976,1,1
708,9,0.04500903328880668,2,1
709,0,0.05945346690714359,11,1
710,10,0.0630880668759346,1,1
711,8,0.03575451299548149,3,1
712,5,0.0386331945968171,6,1
713,10,0.044604502618312836,1,1
714,9,0.01957449410110712,2,1
715,6,0.03213188294321299,5,1
716,8,0.04141022761662801,3,1
717,-54,0.04997092764824629,45,0
718,0,0.05034107528626919,11,1
719,4,0.16524082608520985,7,1
720,8,0.030964722856879234,3,1
721,10,0.038112442940473557,1,1
722,10,0.021423324942588806,1,1
723,10,0.09909773617982864,1,1
724,7,0.018507700879126787,4,1
725,10,0.04836925491690636,1,1
726,7,0.035859719151631,4,1
727,9,0.2919105552136898,2,1
728,9,0.020246758591383696,2,1
729,8,0.05121439260741075,3,1
730,10,0.025216806679964066,1,1
731,9,0.04301878483965993,2,1
732,7,0.02760056033730507,4,1
733,6,0.01473995428532362,5,1
734,9,0.02364865317940712,2,1
735,8,0.017400681972503662,3,1
736,10,0.01861930452287197,1,1
737,-32,0.05061793064131685,23,0
738,5,0.07173240588357051,6,1
739,10,0.1202879399061203,1,1
740,8,0.07439397027095158,3,1
741,9,0.02779959887266159,2,1
742,9,0.04160652356222272,2,1
743,9,0.019465372897684574,2,1
744,9,0.04151719994843006,2,1
745,10,0.15144211053848267,1,1
746,9,0.019055377691984177,2,1
747,7,0.03684764448553324,4,1
748,9,0.07707884628325701,2,1
749,6,0.10736053176224232,5,1
750,9,0.029060753993690014,2,1
751,9,0.032519251108169556,2,1
752,9,0.02721280325204134,2,1
753,6,0.02214986514300108,5,1
754,10,0.02055029198527336,1,1
755,10,0.13378360867500305,1,1
756,9,0.01751913409680128,2,1
757,7,0.07619893457740545,4,1
758,7,0.16519656777381897,4,1
759,-3,0.06319565153015512,14,1
760,7,0.06174545921385288,4,1
761,9,0.046289210207760334,2,1
762,10,0.04731760546565056,1,1
763,8,0.02933238260447979,3,1
764,6,0.03819467090070248,5,1
765,6,0.031062041968107225,5,1
766,10,0.2538035213947296,1,1
767,6,0.04658756703138352,5,1
768,8,0.04803858511149883,3,1
769,7,0.049976058304309845,4,1
770,9,0.07281098887324333,2,1
771,9,0.02209576405584812,2,1
772,10,0.03538503497838974,1,1
773,8,0.07968301326036453,3,1
774,8,0.04553454493482908,3,1
775,8,0.030274687334895134,3,1
776,9,0.031066177412867546,2,1
777,10,0.19362293183803558,1,1
778,8,0.16224247155090174,3,1
779,8,0.027531637189288933,3,1
780,7,0.027256153523921967,4,1
781,10,0.02016124315559864,1,1
782,9,0.051349520683288574,2,1
783,7,0.07051401305943727,4,1
784,9,0.029165925458073616,2,1
785,8,0.03670653452475866,3,1
786,7,0.02607419341802597,4,1
787,8,0.02887244087954362,3,1
788,7,0.04024450667202473,4,1
789,8,0.07365616162618001,3,1
790,10,0.03392728790640831,1,1
791,-10,0.049594514071941376,1,0
792,9,0.020771714858710766,2,1
793,9,0.03200358524918556,2,1
794,7,0.034477016888558865,4,1
795,6,0.14818939678370951,5,1
796,10,0.022563740611076355,1,1
797,0,0.07792562466453422,11,1
798,6,0.03090408369898796,5,1
799,10,0.05657345801591873,1,1
800,10,0.044545162469148636,1,1
801,10,0.03545790910720825,1,1
802,10,0.02132103033363819,1,1
803,7,0.030740074813365936,4,1
804,-8,0.07705464831700451,19,1
805,5,0.03434007599328955,6,1
806,9,0.02060696156695485,2,1
807,7,0.11681293579749763,4,1
808,9,0.0284049017354846,2,1
809,9,0.046715108677744865,2,1
810,9,0.07190716452896595,2,1
811,9,0.2984308023005724,2,1
812,8,0.1552511608848969,3,1
813,9,0.022753852419555187,2,1
814,7,0.02216997416689992,4,1
815,9,0.04152915999293327,2,1
816,9,0.0296062882989645,2,1
817,9,0.02205505780875683,2,1
818,8,0.028557022412618,3,1
819,8,0.02059060459335645,3,1
820,10,0.015236695297062397,1,1
821,6,0.04053286612033844,5,1
822,7,0.055712399538606405,4,1
823,7,0.05565697839483619,4,1
824,9,0.0681707113981247,2,1
825,7,0.02905044937506318,4,1
826,9,0.027191270142793655,2,1
827,-50,0.03425786130130291,50,0
828,10,0.007590682245790958,1,1
829,8,0.19220793774972358,3,1
830,7,0.15897153690457344,4,1
831,6,0.06043173000216484,5,1
832,9,0.03138237493112683,2,1
833,8,0.015814502723515034,3,1
834,-2,0.07247231069665688,13,1
835,6,0.10781770460307598,5,1
836,9,0.06871287897229195,2,1
837,10,0.030677668750286102,1,1
838,9,0.02729776408523321,2,1
839,9,0.05382376164197922,2,1
840,8,0.018799791112542152,3,1
841,10,0.036596283316612244,1,1
842,9,0.04482383280992508,2,1
843,9,0.0342601640149951,2,1
844,10,0.015151336789131165,1,1
845,9,0.018894626758992672,2,1
846,6,0.05966801531612873,5,1
847,10,0.037259336560964584,1,1
848,7,0.019962870981544256,4,1
849,8,0.04299889877438545,3,1
850,7,0.04918532632291317,4,1
851,7,0.035758957266807556,4,1
852,7,0.02970027388073504,4,1
853,8,0.020905560503403347,3,1
854,6,0.05937989577651024,5,1
855,9,0.2692577298730612,2,1
856,10,0.01764470338821411,1,1
857,-11,0.038185327483171765,22,1
858,10,0.01803673803806305,1,1
859,6,0.04634512849152088,5,1
860,8,0.02459064917638898,3,1
861,9,0.029047039337456226,2,1
862,7,0.029905777890235186,4,1
863,4,0.030083945287125453,7,1
864,7,0.03688854677602649,4,1
865,7,0.03628103528171778,4,1
866,9,0.021924995817244053,2,1
867,6,0.13889802768826484,5,1
868,9,0.011441085953265429,2,1
869,8,0.0620376979932189,3,1
870,8,0.022453218698501587,3,1
871,8,0.03369681164622307,3,1
872,10,0.013296037912368774,1,1
873,9,0.014536280184984207,2,1
874,8,0.02457516050587098,3,1
875,10,0.01621134951710701,1,1
876,8,0.16749011352658272,3,1
877,9,0.024663228541612625,2,1
878,8,0.024180912723143894,3,1
879,10,0.018905259668827057,1,1
880,10,0.02784850262105465,1,1
881,7,0.02511378424242139,4,1
882,7,0.03989497106522322,4,1
883,10,0.00919354148209095,1,1
884,7,0.01539777172729373,4,1
885,10,0.04526767134666443,1,1
886,-11,0.03969665616750717,2,0
887,7,0.02811130601912737,4,1
888,7,0.026541403029114008,4,1
889,7,0.1223285305313766,4,1
890,10,0.013974900357425213,1,1
891,9,0.2496476825326681,2,1
892,7,0.01908647338859737,4,1
893,9,0.042362747713923454,2,1
894,9,0.018037710804492235,2,1
895,5,0.02248592721298337,6,1
896,8,0.018809928248325985,3,1
897,8,0.040399150302012764,3,1
898,6,0.01439220067113638,5,1
899,9,0.00916765071451664,2,1
900,8,0.016546206859250862,3,1
901,9,0.016009585466235876,2,1
902,6,0.08922788826748729,5,1
903,9,0.031839530915021896,2,1
904,-50,0.05725342376157641,50,0
905,9,0.018952649552375078,2,1
906,8,0.0312518465022246,3,1
907,10,0.010030126199126244,1,1
908,-10,0.01557370088994503,1,0
909,10,0.04984206333756447,1,1
910,7,0.022230141330510378,4,1
911,9,0.027385135181248188,2,1
912,7,0.01843876182101667,4,1
913,7,0.13552836189046502,4,1
914,10,0.05063728615641594,1,1
915,9,0.13840749859809875,2,1
916,9,0.04846513271331787,2,1
917,9,0.2653110232204199,2,1
918,8,0.10832215348879497,3,1
919,10,0.023507200181484222,1,1
920,10,0.015257193706929684,1,1
921,9,0.018367834854871035,2,1
922,-50,0.05464952581562102,50,0
923,9,0.12086084485054016,2,1
924,9,0.16410410404205322,2,1
925,8,0.1847627895573775,3,1
926,10,0.013461466878652573,1,1
927,9,0.055835820734500885,2,1
928,8,0.10466889540354411,3,1
929,8,0.07416263843576114,3,1
930,-12,0.03061024844646454,3,0
931,10,0.05003519356250763,1,1
932,10,0.019881756976246834,1,1
933,10,0.026221653446555138,1,1
934,9,0.03686743229627609,2,1
935,7,0.06984371086582541,4,1
936,8,0.0528228177378575,3,1
937,9,0.14559825137257576,2,1
938,10,0.06803648918867111,1,1
939,10,0.03492218255996704,1,1
940,7,0.1374418898485601,4,1
941,9,0.08858153503388166,2,1
942,8,0.016872409110267956,3,1
943,9,0.3890586793422699,2,1
944,7,0.02227828837931156,4,1
945,10,0.019235048443078995,1,1
946,10,0.01124113891273737,1,1
947,7,0.04038699250668287,4,1
948,9,0.025466722436249256,2,1
949,5,0.019038576167076826,6,1
950,8,0.04537100624293089,3,1
951,10,0.01652001403272152,1,1
952,10,0.03827515244483948,1,1
953,7,0.03376274462789297,4,1
954,10,0.09656976163387299,1,1
955,7,0.14784801052883267,4,1
956,7,0.029474832117557526,4,1
957,8,0.03315304468075434,3,1
958,10,0.01328206155449152,1,1
959,10,0.024349920451641083,1,1
960,7,0.04143987852148712,4,1
961,10,0.05125657096505165,1,1
962,8,0.0416955736776193,3,1
963,8,0.05014069999257723,3,1
964,7,0.034628435503691435,4,1
965,-12,0.06523322314023972,3,0
966,-21,0.05155449177254923,32,1
967,8,0.04147258711357912,3,1
968,10,0.06078106909990311,1,1
969,10,0.06674473732709885,1,1
970,7,0.04017718927934766,4,1
971,9,0.02722268085926771,2,1
972,8,0.025483517597119015,3,1
973,6,0.02671831790357828,5,1
974,6,0.12315775267779827,5,1
975,9,0.0388652915135026,2,1
976,10,0.024264536798000336,1,1
977,10,0.11438961327075958,1,1
978,6,0.03694761991500854,5,1
979,9,0.02546998579055071,2,1
980,10,0.015187323093414307,1,1
981,10,0.024560891091823578,1,1
982,7,0.03371712286025286,4,1
983,9,0.20539222098886967,2,1
984,10,0.051005054265260696,1,1
985,-12,0.02892817525813977,3,0
986,7,0.023503759410232306,4,1
987,9,0.04197055194526911,2,1
988,9,0.052229275926947594,2,1
989,8,0.07139946520328522,3,1
990,10,0.017354007810354233,1,1
991,8,0.023829917733867962,3,1
992,9,0.018790241330862045,2,1
993,6,0.025801745988428593,5,1
994,7,0.03225886472500861,4,1
995,8,0.03721313551068306,3,1
996,5,0.059411233058199286,6,1
997,8,0.023589887966712315,3,1
998,9,0.01058867247775197,2,1
999,9,0.015024819876998663,2,1
1000,-5,0.09563787531806156,16,1
1,8,0.32389196505149204,3,1
2,8,0.05016414634883404,3,1
3,6,0.07505355626344681,5,1
4,7,0.1137725068256259,4,1
5,9,0.029490264132618904,2,1
6,9,0.08911249414086342,2,1
7,10,0.35202497243881226,1,1
8,10,0.020582370460033417,1,1
9,10,0.016544142737984657,1,1
10,6,0.034653771109879015,5,1
11,10,0.012960626743733883,1,1
12,8,0.29584246935943764,3,1
13,10,0.04803847149014473,1,1
14,5,0.045415814965963364,6,1
15,9,0.014199099503457546,2,1
16,10,0.017048776149749756,1,1
17,8,0.1650764960795641,3,1
18,7,0.030297255143523216,4,1
19,6,0.0642205249518156,5,1
20,8,0.04270250784854094,3,1
21,9,0.03252393566071987,2,1
22,10,0.017851106822490692,1,1
23,9,0.25753086153417826,2,1
24,10,0.026594284921884537,1,1
25,-21,0.061582316334048905,12,0
26,10,0.0533323734998703,1,1
27,9,0.04814622737467289,2,1
28,8,0.026806272566318512,3,1
29,8,0.18737575660149255,3,1
30,8,0.028425648498038452,3,1
31,-4,0.11152132203181585,15,1
32,-25,0.060511891135118075,36,1
33,9,0.015290990006178617,2,1
34,8,0.020750221485892933,3,1
35,5,0.021766317697862785,6,1
36,7,0.03937960509210825,4,1
37,5,0.08549365090827148,6,1
38,-18,0.07852909837624636,29,1
39,7,0.03291447483934462,4,1
40,10,0.048711758106946945,1,1
41,9,0.0213431715965271,2,1
42,8,0.06654409288118283,3,1
43,9,0.02109753992408514,2,1
44,9,0.02349015884101391,2,1
45,8,0.04380663918952147,3,1
46,9,0.019194309134036303,2,1
47,8,0.045794639425973095,3,1
48,8,0.047085454066594444,3,1
49,-1,0.10230413218960166,12,1
50,9,0.012679088395088911,2,1
51,-10,0.11478169315627643,21,1
52,7,0.02384385420009494,4,1
53,7,0.026441385503858328,4,1
54,6,0.026123734749853612,5,1
55,8,0.021438026800751686,3,1
56,9,0.032670293003320694,2,1
57,7,0.12283183448016644,4,1
58,7,0.028519340325146914,4,1
59,7,0.029839330003596842,4,1
60,6,0.021182112954556943,5,1
61,5,0.07582436160494883,6,1
62,9,0.013345159590244293,2,1
63,9,0.019268441945314407,2,1
64,7,0.10842437017709017,4,1
65,-29,0.03407402811571956,20,0
66,6,0.03395130224525929,5,1
67,7,0.13057421566918492,4,1
68,9,0.08758918568491936,2,1
69,9,0.16844437830150127,2,1
70,9,0.015488703269511461,2,1
71,10,0.01734180934727192,1,1
72,10,0.03646347299218178,1,1
73,10,0.02410663105547428,1,1
74,6,0.020488795638084412,5,1
75,8,0.13899310554067293,3,1
76,-44,0.10095941272697279,35,0
77,10,0.04228188470005989,1,1
78,3,0.0984915760345757,8,1
79,8,0.028194849689801533,3,1
80,9,0.015516905579715967,2,1
81,10,0.03667258471250534,1,1
82,6,0.06907572746276855,5,1
83,10,0.011683125980198383,1,1
84,8,0.03828789728383223,3,1
85,9,0.030985090881586075,2,1
86,8,0.012254643874863783,3,1
87,8,0.01934965265293916,3,1
88,10,0.04135339334607124,1,1
89,9,0.02500203251838684,2,1
90,7,0.016893413150683045,4,1
91,7,0.10505255404859781,4,1
92,-8,0.05400845888806017,19,1
93,5,0.025551730301231146,6,1
94,10,0.005900938995182514,1,1
95,9,0.015365553088486195,2,1
96,6,0.04243290200829506,5,1
97,7,0.046641718596220016,4,1
98,10,0.053811896592378616,1,1
99,9,0.026743748225271702,2,1
100,8,0.10572856416304906,3,1
101,8,0.041280996054410934,3,1
102,10,0.03310969099402428,1,1
103,9,0.02222602441906929,2,1
104,6,0.03640569262206554,5,1
105,-11,0.04894273728132248,2,0
106,7,0.10840262332931161,4,1
107,9,0.015225434675812721,2,1
108,9,0.009158235974609852,2,1
109,10,0.0834386870265007,1,1
110,8,0.026133475825190544,3,1
111,7,0.05007822439074516,4,1
112,10,0.07536830008029938,1,1
113,10,0.03476126864552498,1,1
114,6,0.12688514739274978,5,1
115,9,0.028921338729560375,2,1
116,6,0.18613914102315904,5,1
117,9,0.038645925000309944,2,1
118,9,0.041913727298378944,2,1
119,10,0.036000896245241165,1,1
120,9,0.022142108529806137,2,1
121,9,0.2454738151282072,2,1
122,7,0.03572367993183434,4,1
123,8,0.02592383014659087,3,1
124,10,0.02541712485253811,1,1
125,-42,0.08542563896061796,33,0
126,8,0.047828766827782,3,1
127,7,0.033104699570685625,4,1
128,6,0.021103791147470474,5,1
129,6,0.029279319010674952,5,1
130,8,0.06425887594620387,3,1
131,8,0.03944419821103414,3,1
132,9,0.016474276781082153,2,1
133,10,0.009672757238149643,1,1
134,9,0.05334215983748436,2,1
135,8,0.025667205452919006,3,1
136,9,0.02191296499222517,2,1
137,10,0.046598516404628754,1,1
138,8,0.10840432004382212,3,1
139,8,0.036905198047558464,3,1
140,6,0.1800210651010275,5,1
141,8,0.12580849416553974,3,1
142,7,0.1160666486248374,4,1
143,5,0.1268788060794274,6,1
144,7,0.10191916767507792,4,1
145,-3,0.08520637093377965,14,1
146,9,0.061154577881097794,2,1
147,6,0.019563879631459714,5,1
148,10,0.01264340989291668,1,1
149,7,0.03397108567878604,4,1
150,5,0.06080755094687144,6,1
151,10,0.10925218462944031,1,1
152,7,0.1830873591825366,4,1
153,5,0.0430055328955253,6,1
154,10,0.028415367007255554,1,1
155,9,0.03076856303960085,2,1
156,7,0.042611087672412395,4,1
157,9,0.10898729786276817,2,1
158,9,0.05010383576154709,2,1
159,7,0.0233546847011894,4,1
160,7,0.10250565269961953,4,1
161,10,0.037593815475702286,1,1
162,9,0.23141295462846756,2,1
163,6,0.15382345244288445,5,1
164,7,0.11244527413509786,4,1
165,10,0.023677537217736244,1,1
166,9,0.02300751581788063,2,1
167,10,0.021298853680491447,1,1
168,10,0.0286722369492054,1,1
169,7,0.046016255393624306,4,1
170,8,0.09844198512534301,3,1
171,10,0.03740617632865906,1,1
172,8,0.052448434134324394,3,1
173,10,0.13095158338546753,1,1
174,10,0.04663512110710144,1,1
175,7,0.02313664834946394,4,1
176,6,0.06640552021563054,5,1
177,7,0.028489664662629366,4,1
178,9,0.07459342572838068,2,1
179,10,0.11433898657560349,1,1
180,8,0.03960033878684044,3,1
181,9,0.02680195029824972,2,1
182,4,0.03096483594604901,7,1
183,9,0.0314348079264164,2,1
184,8,0.019206855446100235,3,1
185,9,0.02081371657550335,2,1
186,9,0.017917507328093052,2,1
187,10,0.02034662291407585,1,1
188,7,0.020239846780896187,4,1
189,8,0.08356925503661235,3,1
190,9,0.026541286148130894,2,1
191,9,0.038486551493406296,2,1
192,8,0.04233247973024845,3,1
193,9,0.031364524737000465,2,1
194,8,0.0636983613173167,3,1
195,6,0.0989223351702094,5,1
196,7,0.02602173830382526,4,1
197,10,0.021004492416977882,1,1
198,9,0.044707681983709335,2,1
199,9,0.04726178850978613,2,1
200,8,0.010440722107887268,3,1
201,8,0.032231359432140984,3,1
202,10,0.06354928761720657,1,1
203,8,0.027012881512443226,3,1
204,9,0.02019598986953497,2,1
205,9,0.013333909213542938,2,1
206,8,0.02932700825234254,3,1
207,10,0.144247904419899,1,1
208,9,0.022132212296128273,2,1
209,7,0.02884625317528844,4,1
210,4,0.05295708642474243,7,1
211,10,0.07673420011997223,1,1
212,9,0.02231268584728241,2,1
213,6,0.029532330483198165,5,1
214,8,0.03574566294749578,3,1
215,8,0.03983595781028271,3,1
216,8,0.06525190050403278,3,1
217,8,0.03377234687407812,3,1
218,10,0.022704636678099632,1,1
219,7,0.048209746833890676,4,1
220,10,0.03788295388221741,1,1
221,6,0.03321294784545899,5,1
222,10,0.025696253404021263,1,1
223,5,0.050000471994280815,6,1
224,10,0.029293542727828026,1,1
225,9,0.07202202454209328,2,1
226,10,0.022337567061185837,1,1
227,-4,0.03573912139981985,15,1
228,7,0.05650131497532129,4,1
229,7,0.06575173698365688,4,1
230,8,0.03536263294517994,3,1
231,8,0.034213656559586525,3,1
232,9,0.014613932697102427,2,1
233,6,0.03049026895314455,5,1
234,7,0.035698237363249063,4,1
235,7,0.03851314238272607,4,1
236,-50,0.05872431272640824,50,0
237,8,0.10666091615955035,3,1
238,7,0.04179298039525747,4,1
239,8,0.13811758160591125,3,1
240,7,0.0468584718182683,4,1
241,7,0.027510809246450663,4,1
242,8,0.02536701721449693,3,1
243,8,0.08215994760394096,3,1
244,9,0.02077759662643075,2,1
245,9,0.02587364986538887,2,1
246,-13,0.019113369518890977,4,0
247,7,0.016947163036093116,4,1
248,7,0.019815285690128803,4,1
249,6,0.048412591218948364,5,1
250,9,0.1967566180974245,2,1
251,-23,0.05012692116639193,34,1
252,6,0.1146303366869688,5,1
253,8,0.11369023844599724,3,1
254,8,0.054697420448064804,3,1
255,10,0.0487242266535759,1,1
256,1,0.05846751341596246,10,1
257,-2,0.10012526537936467,13,1
258,10,0.03083610348403454,1,1
259,9,0.043028876185417175,2,1
260,8,0.04365444928407669,3,1
261,8,0.09829770028591156,3,1
262,10,0.02369922213256359,1,1
263,-31,0.0988896390245784,42,1
264,7,0.04951844131574035,4,1
265,5,0.10741400284071763,6,1
266,10,0.03817339241504669,1,1
267,9,0.024915633723139763,2,1
268,9,0.030645902268588543,2,1
269,9,0.1347208023071289,2,1
270,10,0.03032892569899559,1,1
271,6,0.029541440308094025,5,1
272,9,0.08200186584144831,2,1
273,7,0.023670394904911518,4,1
274,8,0.029416876534620922,3,1
275,9,0.047792309895157814,2,1
276,7,0.10949048399925232,4,1
277,9,0.029808707535266876,2,1
278,7,0.029251581523567438,4,1
279,9,0.10881626978516579,2,1
280,7,0.05101741570979357,4,1
281,9,0.032271199859678745,2,1
282,10,0.026472683995962143,1,1
283,8,0.06080623591939608,3,1
284,8,0.043198877945542336,3,1
285,6,0.03020076993852854,5,1
286,9,0.0680125243961811,2,1
287,8,0.07161508500576019,3,1
288,9,0.029143836349248886,2,1
289,7,0.10642080311663449,4,1
290,-8,0.0758116754066003,19,1
291,10,0.02578144147992134,1,1
292,8,0.05239347120126089,3,1
293,-7,0.06886297195321983,18,1
294,7,0.03683154261671007,4,1
295,9,0.04159747716039419,2,1
296,7,0.14120440930128098,4,1
297,6,0.02144722230732441,5,1
298,10,0.050338614732027054,1,1
299,8,0.026280927161375683,3,1
300,5,0.029347398318350315,6,1
301,7,0.07217176631093025,4,1
302,8,0.1510661579668522,3,1
303,8,0.11317583546042442,3,1
304,9,0.01684245839715004,2,1
305,9,0.09790659695863724,2,1
306,10,0.09186981618404388,1,1
307,10,0.07248654216527939,1,1
308,8,0.028097781042257946,3,1
309,10,0.024784250184893608,1,1
310,10,0.06757242232561111,1,1
311,9,0.04574272129684687,2,1
312,6,0.04477443657815457,5,1
313,10,0.02294173464179039,1,1
314,10,0.029675105586647987,1,1
315,10,0.01535201445221901,1,1
316,7,0.04084604559466243,4,1
317,8,0.06488184289385875,3,1
318,8,0.03840880716840426,3,1
319,10,0.09818984568119049,1,1
320,9,0.08038117922842503,2,1
321,8,0.03192575586338838,3,1
322,8,0.16787657017509142,3,1
323,8,0.05056221783161163,3,1
324,9,0.01985730743035674,2,1
325,9,0.02644643560051918,2,1
326,8,0.03717536355058352,3,1
327,10,0.02268674224615097,1,1
328,7,0.035786376567557454,4,1
329,7,0.05988415889441967,4,1
330,10,0.02355854958295822,1,1
331,10,0.024517809972167015,1,1
332,9,0.028344567865133286,2,1
333,9,0.05423499085009098,2,1
334,9,0.04961716057732701,2,1
335,10,0.021943645551800728,1,1
336,8,0.029465471704800923,3,1
337,8,0.028971434260408085,3,1
338,8,0.0590607225894928,3,1
339,7,0.06314779166132212,4,1
340,9,0.0952758826315403,2,1
341,6,0.043684174120426175,5,1
342,9,0.07951979339122772,2,1
343,7,0.03292210237123072,4,1
344,8,0.03561125323176384,3,1
345,10,0.12313301116228104,1,1
346,8,0.03403721439341704,3,1
347,10,0.046170081943273544,1,1
348,9,0.06256699934601784,2,1
349,7,0.025209199637174606,4,1
350,7,0.12870290339924395,4,1
351,8,0.027238478263219196,3,1
352,7,0.026399731170386076,4,1
353,5,0.02785075595602393,6,1
354,10,0.019340036436915398,1,1
355,9,0.018653112463653088,2,1
356,-9,0.05367732355371117,20,1
357,8,0.03175094941010078,3,1
358,5,0.036012740805745125,6,1
359,10,0.020164526998996735,1,1
360,7,0.03551006503403187,4,1
361,9,0.05909530073404312,2,1
362,9,0.03919285163283348,2,1
363,8,0.17626697197556496,3,1
364,-4,0.040980528791745505,15,1
365,9,0.07372325006872416,2,1
366,7,0.0433183703571558,4,1
367,1,0.0670364961028099,10,1
368,9,0.015258326195180416,2,1
369,9,0.030108530074357986,2,1
370,7,0.02881414140574634,4,1
371,9,0.03582247532904148,2,1
372,10,0.04831415042281151,1,1
373,7,0.028602499049156904,4,1
374,8,0.01891514752060175,3,1
375,8,0.1438126896197597,3,1
376,6,0.019447974488139154,5,1
377,9,0.052585129626095295,2,1
378,8,0.05668175841371218,3,1
379,9,0.030453573912382126,2,1
380,7,0.03652632050216198,4,1
381,7,0.03585025807842612,4,1
382,10,0.026767026633024216,1,1
383,7,0.11396005004644394,4,1
384,9,0.03166743274778128,2,1
385,9,0.291305273771286,2,1
386,10,0.007415197789669037,1,1
387,3,0.030602486804127693,8,1
388,7,0.04357391642406583,4,1
389,8,0.03456705746551355,3,1
390,6,0.019064222276210786,5,1
391,9,0.08464413415640593,2,1
392,5,0.0434503050831457,6,1
393,7,0.03583328239619732,4,1
394,7,0.04044267535209656,4,1
395,8,0.028667882084846497,3,1
396,10,0.01231817714869976,1,1
397,6,0.028645296581089497,5,1
398,8,0.03284535308678945,3,1
399,7,0.030928298365324736,4,1
400,9,0.023116596043109894,2,1
401,8,0.03340511613835891,3,1
402,8,0.07570450194180012,3,1
403,5,0.04187168429295222,6,1
404,9,0.021921267732977867,2,1
405,6,0.038983557187020776,5,1
406,9,0.014781638514250517,2,1
407,7,0.04142075404524803,4,1
408,8,0.08380620678265889,3,1
409,9,0.08021146897226572,2,1
410,9,0.014936231542378664,2,1
411,-11,0.08144872076809406,2,0
412,6,0.03620423413813114,5,1
413,6,0.026739095523953437,5,1
414,10,0.5369493365287781,1,1
415,8,0.050887318017582096,3,1
416,7,0.0361589181702584,4,1
417,6,0.0211301539093256,5,1
418,8,0.015162529734273752,3,1
419,8,0.1752685308456421,3,1
420,8,0.02052004138628642,3,1
421,8,0.1903125885874033,3,1
422,7,0.043282209895551205,4,1
423,8,0.03445057695110639,3,1
424,9,0.038831834215670824,2,1
425,7,0.040065540466457605,4,1
426,9,0.02850895980373025,2,1
427,10,0.026520974934101105,1,1
428,10,0.029683852568268776,1,1
429,7,0.020587017526850104,4,1
430,7,0.022562063299119473,4,1
431,7,0.028445065254345536,4,1
432,9,0.028822856955230236,2,1
433,9,0.268804132938385,2,1
434,10,0.05556486174464226,1,1
435,7,0.1179098398424685,4,1
436,8,0.021985203648606937,3,1
437,10,0.031224172562360764,1,1
438,7,0.023685457417741418,4,1
439,7,0.02044892217963934,4,1
440,7,0.035100361332297325,4,1
441,9,0.007873359601944685,2,1
442,7,0.027227694168686867,4,1
443,7,0.04604557901620865,4,1
444,10,0.01429458986967802,1,1
445,10,0.0168274138122797,1,1
446,8,0.022318656245867412,3,1
447,9,0.03595179971307516,2,1
448,-10,0.042648643255233765,1,0
449,9,0.2262938404455781,2,1
450,8,0.04907098039984703,3,1
451,10,0.012185638770461082,1,1
452,8,0.02943473557631175,3,1
453,9,0.01374124176800251,2,1
454,9,0.03549177758395672,2,1
455,7,0.01899477792903781,4,1
456,9,0.03686443064361811,2,1
457,9,0.03632827289402485,2,1
458,7,0.018442884786054492,4,1
459,7,0.020683806971646845,4,1
460,9,0.011566944420337677,2,1
461,9,0.010094471741467714,2,1
462,-10,0.014802387915551662,1,0
463,10,0.017918050289154053,1,1
464,7,0.02961403736844659,4,1
465,9,0.01665219059213996,2,1
466,6,0.029987429082393647,5,1
467,8,0.019835937457780044,3,1
468,6,0.020752014592289925,5,1
469,6,0.03286290094256401,5,1
470,7,0.01608079648576677,4,1
471,8,0.013535522234936556,3,1
472,9,0.05515692103654146,2,1
473,7,0.14173030480742455,4,1
474,10,0.016731014475226402,1,1
475,-50,0.05534832222387195,50,0
476,6,0.018674041144549847,5,1
477,8,0.022915718456109364,3,1
478,7,0.037197917234152555,4,1
479,8,0.02228367328643799,3,1
480,6,0.037651851400732995,5,1
481,8,0.08860456850379705,3,1
482,9,0.03345821239054203,2,1
483,8,0.04070412367582321,3,1
484,9,0.0238342247903347,2,1
485,6,0.15466057751327753,5,1
486,-2,0.043693683038537316,13,1
487,7,0.028723164927214384,4,1
488,10,0.04405922070145607,1,1
489,9,0.025879358872771263,2,1
490,10,0.009489858523011208,1,1
491,10,0.016993779689073563,1,1
492,8,0.04321639301876227,3,1
493,7,0.04332879977300763,4,1
494,8,0.0385153628885746,3,1
495,6,0.03205727525055409,5,1
496,8,0.0291330274194479,3,1
497,8,0.06239975988864899,3,1
498,10,0.24264609813690186,1,1
499,9,0.035615104250609875,2,1
500,6,0.053689971566200256,5,1
501,10,0.0497187003493309,1,1
502,9,0.023807359859347343,2,1
503,-50,0.07667293223552406,50,0
504,9,0.04487094283103943,2,1
505,9,0.029349719639867544,2,1
506,5,0.02015112681935231,6,1
507,10,0.04917050898075104,1,1
508,7,0.01921034208498895,4,1
509,7,0.12435941444709897,4,1
510,8,0.03700670786201954,3,1
511,8,0.02163928250471751,3,1
512,9,0.053817084059119225,2,1
513,10,0.021458709612488747,1,1
514,9,0.013935916125774384,2,1
515,7,0.01426908583380282,4,1
516,-50,0.05833056198433042,50,0
517,7,0.0415445351973176,4,1
518,0,0.03589172813702713,11,1
519,8,0.038470168908437095,3,1
520,-50,0.0555235917493701,50,0
521,8,0.02057578507810831,3,1
522,8,0.024552338446180027,3,1
523,10,0.02219337597489357,1,1
524,-11,0.03828245045786554,22,1
525,9,0.05298752710223198,2,1
526,10,0.03870169818401337,1,1
527,10,0.03965161368250847,1,1
528,8,0.024662654226024944,3,1
529,8,0.0256051750232776,3,1
530,6,0.09206923395395279,5,1
531,9,0.02516480814665556,2,1
532,8,0.17356286322077116,3,1
533,-10,0.02434559352695942,1,0
534,10,0.028710229322314262,1,1
535,7,0.029267271514981985,4,1
536,6,0.11101311836391688,5,1
537,7,0.02201219741255045,4,1
538,6,0.0159328481182456,5,1
539,10,0.03617998957633972,1,1
540,8,0.12230056989938021,3,1
541,10,0.43572181463241577,1,1
542,10,0.013066894374787807,1,1
543,10,0.01058519259095192,1,1
544,6,0.019636708498001098,5,1
545,9,0.024926560930907726,2,1
546,8,0.03154419424633185,3,1
547,6,0.045480407774448395,5,1
548,9,0.016260290518403053,2,1
549,9,0.024872124195098877,2,1
550,7,0.03254485793877393,4,1
551,-50,0.0478902189899236,50,0
552,10,0.012514788657426834,1,1
553,9,0.028570422902703285,2,1
554,7,0.10092963534407318,4,1
555,10,0.04797859489917755,1,1
556,8,0.018157388394077618,3,1
557,6,0.03031411785632372,5,1
558,9,0.034281970001757145,2,1
559,6,0.03813186120241881,5,1
560,8,0.03273483800391356,3,1
561,8,0.02784176915884018,3,1
562,8,0.15684362469861904,3,1
563,8,0.023555421580870945,3,1
564,-50,0.03392156951129437,50,0
565,8,0.02209651004523039,3,1
566,9,0.012462383601814508,2,1
567,9,0.02993607148528099,2,1
568,8,0.018141592231889565,3,1
569,10,0.3542448580265045,1,1
570,7,0.015531558077782393,4,1
571,6,0.025244197994470596,5,1
572,-13,0.040124214021489024,24,1
573,9,0.17061306163668633,2,1
574,6,0.02529330588877201,5,1
575,8,0.026845801000793774,3,1
576,9,0.05114729609340429,2,1
577,6,0.16358321532607079,5,1
578,10,0.02189336158335209,1,1
579,5,0.01688892114907503,6,1
580,7,0.03786196559667587,4,1
581,8,0.013419230779012045,3,1
582,9,0.1477823741734028,2,1
583,8,0.014389545346299807,3,1
584,7,0.08467906224541366,4,1
585,10,0.010162998922169209,1,1
586,6,0.1570700854063034,5,1
587,9,0.14737659506499767,2,1
588,8,0.02997913273672263,3,1
589,7,0.02549197291955352,4,1
590,8,0.018867362290620804,3,1
591,9,0.01266581704840064,2,1
592,8,0.018302189807097118,3,1
593,7,0.013997779227793217,4,1
594,7,0.01930218283087015,4,1
595,6,0.06946329418569804,5,1
596,9,0.015774226281791925,2,1
597,-3,0.02151769818738103,14,1
598,9,0.030094357207417488,2,1
599,10,0.014506450854241848,1,1
600,10,0.01940026693046093,1,1
601,7,0.02614231826737523,4,1
602,8,0.10702499219526847,3,1
603,6,0.018137919716537,5,1
604,7,0.02154892310500145,4,1
605,8,0.019625052188833553,3,1
606,8,0.015493827561537424,3,1
607,-50,0.0368458937574178,50,0
608,8,0.022674620151519775,3,1
609,6,0.022052241303026677,5,1
610,5,0.044512413597355284,6,1
611,10,0.016625288873910904,1,1
612,6,0.02726173046976328,5,1
613,9,0.014238544972613454,2,1
614,6,0.07251855041831731,5,1
615,7,0.032622457947582006,4,1
616,9,0.033621953800320625,2,1
617,6,0.02688464689999819,5,1
618,9,0.04304824769496918,2,1
619,5,0.029613844119012356,6,1
620,7,0.028531559742987156,4,1
621,9,0.022305278107523918,2,1
622,8,0.02064675496270259,3,1
623,9,0.13256153464317322,2,1
624,8,0.09572886737684409,3,1
625,6,0.02837910521775484,5,1
626,9,0.013392678927630186,2,1
627,9,0.019336513243615627,2,1
628,8,0.024551034594575565,3,1
629,-50,0.023859791038557888,50,0
630,-11,0.03149745846167207,2,0
631,7,0.026164960814639926,4,1
632,10,0.01252761110663414,1,1
633,8,0.020834436640143394,3,1
634,9,0.011659789364784956,2,1
635,10,0.009507641196250916,1,1
636,10,0.017139390110969543,1,1
637,7,0.08252997021190822,4,1
638,8,0.015916973041991394,3,1
639,10,0.013747666031122208,1,1
640,9,0.018098060972988605,2,1
641,10,0.009217903017997742,1,1
642,-1,0.07978563041736682,12,1
643,9,0.013211327604949474,2,1
644,9,0.027003363706171513,2,1
645,10,0.04064213111996651,1,1
646,9,0.041760931722819805,2,1
647,9,0.03269647993147373,2,1
648,7,0.025082949548959732,4,1
649,6,0.04488380029797554,5,1
650,6,0.11408211514353753,5,1
651,9,0.21399510465562344,2,1
652,9,0.017691241577267647,2,1
653,9,0.04136762302368879,2,1
654,10,0.026341255754232407,1,1
655,10,0.011708823963999748,1,1
656,10,0.0774623453617096,1,1
657,8,0.02525736577808857,3,1
658,-18,0.02578301496546844,29,1
659,-25,0.08086349057137138,36,1
660,8,0.08251541915039222,3,1
661,7,0.028047736268490553,4,1
662,10,0.012061972171068192,1,1
663,10,0.01677883043885231,1,1
664,8,0.0139011285888652,3,1
665,10,0.03699318319559097,1,1
666,1,0.07449190393090248,10,1
667,8,0.06141349021345377,3,1
668,10,0.3291824758052826,1,1
669,8,0.060988244911034904,3,1
670,8,0.03825830419858297,3,1
671,-10,0.035096131930393834,21,1
672,8,0.028340996553500492,3,1
673,8,0.021211421117186546,3,1
674,-2,0.03351899214948599,13,1
675,9,0.06334845721721649,2,1
676,9,0.03524273540824652,2,1
677,8,0.04619545862078667,3,1
678,10,0.043234534561634064,1,1
679,8,0.03447210229933262,3,1
680,8,0.02999110830326875,3,1
681,6,0.0575008612126112,5,1
682,7,0.058562487829476595,4,1
683,7,0.020616487134248018,4,1
684,10,0.016680018976330757,1,1
685,9,0.013956986833363771,2,1
686,8,0.0327143594622612,3,1
687,8,0.08784429791073005,3,1
688,9,0.037461407482624054,2,1
689,9,0.028747095726430416,2,1
690,10,0.01860029436647892,1,1
691,6,0.050678842887282374,5,1
692,9,0.046124945394694805,2,1
693,6,0.04107715971767902,5,1
694,-3,0.03848187306097576,14,1
695,10,0.031177176162600517,1,1
696,9,0.02547202631831169,2,1
697,8,0.029877198860049248,3,1
698,7,0.08502173540182412,4,1
699,8,0.0250632440050443,3,1
700,10,0.01517442986369133,1,1
701,-50,0.035259742271155116,50,0
702,-11,0.020206610672175884,2,0
703,8,0.01797580998390913,3,1
704,10,0.01667211577296257,1,1
705,8,0.029696878045797348,3,1
706,8,0.04274699588616689,3,1
707,9,0.042862605303525925,2,1
708,10,0.04553388059139252,1,1
709,9,0.02423186507076025,2,1
710,-19,0.023111391067504882,10,0
711,1,0.06656576609238982,10,1
712,7,0.11976783256977797,4,1
713,8,0.050935392578442894,3,1
714,10,0.014683005400002003,1,1
715,8,0.020306508367260296,3,1
716,7,0.018072892213240266,4,1
717,10,0.03170664608478546,1,1
718,6,0.025068606436252593,5,1
719,10,0.025130344554781914,1,1
720,7,0.05101219634525478,4,1
721,6,0.08585279285907746,5,1
722,10,0.03874561935663223,1,1
723,8,0.03214695459852616,3,1
724,8,0.019834117343028385,3,1
725,9,0.14769787341356277,2,1
726,10,0.039450835436582565,1,1
727,10,0.01625964231789112,1,1
728,8,0.04595149463663498,3,1
729,-32,0.0713269323717023,43,1
730,7,0.03523502079769969,4,1
731,8,0.09899234243979056,3,1
732,10,0.03146186098456383,1,1
733,9,0.25122794695198536,2,1
734,8,0.14275263684491316,3,1
735,10,0.024763235822319984,1,1
736,-7,0.054109492235713534,18,1
737,10,0.01215637382119894,1,1
738,6,0.04821950830519199,5,1
739,6,0.06719670258462429,5,1
740,6,0.05444353967905045,5,1
741,7,0.03039536764845252,4,1
742,9,0.04619617387652397,2,1
743,9,0.025457855314016342,2,1
744,10,0.019723908975720406,1,1
745,9,0.021059369668364525,2,1
746,9,0.026584151200950146,2,1
747,10,0.016369003802537918,1,1
748,7,0.020864968886598945,4,1
749,9,0.04800911154597998,2,1
750,7,0.026922134682536125,4,1
751,8,0.03876034542918205,3,1
752,10,0.014283367432653904,1,1
753,7,0.10256134811788797,4,1
754,7,0.02429423574358225,4,1
755,9,0.029431219212710857,2,1
756,6,0.04272634722292423,5,1
757,10,0.017844127491116524,1,1
758,9,0.014602524228394032,2,1
759,9,0.04279286228120327,2,1
760,8,0.012931204090515772,3,1
761,8,0.009343536105006933,3,1
762,10,0.011136319488286972,1,1
763,9,0.008335021091625094,2,1
764,8,0.020053638766209286,3,1
765,10,0.01460369024425745,1,1
766,8,0.023047901690006256,3,1
767,10,0.03080488182604313,1,1
768,10,0.018053719773888588,1,1
769,6,0.014403956197202205,5,1
770,8,0.017509605425099533,3,1
771,7,0.014762397389858961,4,1
772,7,0.017461164155974984,4,1
773,9,0.013497746549546719,2,1
774,8,0.03191729945441087,3,1
775,6,0.029027147218585014,5,1
776,9,0.034910017624497414,2,1
777,7,0.02514910651370883,4,1
778,8,0.1479390189051628,3,1
779,9,0.040047320537269115,2,1
780,9,0.04775575641542673,2,1
781,1,0.018863873928785323,10,1
782,8,0.011330201911429564,3,1
783,9,0.20976301282644272,2,1
784,8,0.014659318762520948,3,1
785,9,0.02257733792066574,2,1
786,9,0.009668850339949131,2,1
787,9,0.03544287057593465,2,1
788,-6,0.045883571619496626,17,1
789,10,0.017254922538995743,1,1
790,8,0.02424563653767109,3,1
791,10,0.01571778394281864,1,1
792,8,0.132980074112614,3,1
793,8,0.15791104547679424,3,1
794,9,0.02716434746980667,2,1
795,-17,0.021729334257543087,8,0
796,9,0.16064731776714325,2,1
797,5,0.04979332908987999,6,1
798,8,0.03638953094681104,3,1
799,10,0.06988290697336197,1,1
800,9,0.04909250279888511,2,1
801,9,0.09138230234384537,2,1
802,10,0.011430550366640091,1,1
803,6,0.030405915156006814,5,1
804,9,0.025181316770613194,2,1
805,8,0.03793555063505968,3,1
806,5,0.10546590480953455,6,1
807,8,0.034458634754021965,3,1
808,9,0.04865034017711878,2,1
809,9,0.021796963177621365,2,1
810,9,0.08352355193346739,2,1
811,9,0.06196080334484577,2,1
812,8,0.11137650348246098,3,1
813,6,0.049314705282449724,5,1
814,9,0.02171197161078453,2,1
815,9,0.024106310214847326,2,1
816,10,0.021351810544729233,1,1
817,7,0.0453835625667125,4,1
818,7,0.027334000216796994,4,1
819,9,0.030077151954174042,2,1
820,8,0.048979099839925766,3,1
821,7,0.11919600237160921,4,1
822,6,0.024603712558746337,5,1
823,8,0.07202623536189397,3,1
824,9,0.41134306602180004,2,1
825,5,0.09053144914408524,6,1
826,8,0.029653549815217655,3,1
827,3,0.08101100893691182,8,1
828,9,0.02942682057619095,2,1
829,5,0.02552544620508949,6,1
830,10,0.06922934204339981,1,1
831,7,0.0269503490999341,4,1
832,10,0.014192485250532627,1,1
833,7,0.029884181451052427,4,1
834,9,0.026061768643558025,2,1
835,10,0.16188117861747742,1,1
836,8,0.10875584495564301,3,1
837,-10,0.2591049373149872,1,0
838,-15,0.06343279080465436,26,1
839,7,0.020999083295464516,4,1
840,10,0.009549849666655064,1,1
841,5,0.0202360440356036,6,1
842,-7,0.053889801311824054,18,1
843,8,0.047244315346082054,3,1
844,8,0.04196174691120783,3,1
845,-15,0.03409616287367848,26,1
846,8,0.02905959077179432,3,1
847,9,0.03137265145778656,2,1
848,8,0.021753185118238132,3,1
849,8,0.04252392674485842,3,1
850,-15,0.04284874242372238,26,1
851,10,0.18898706138134003,1,1
852,8,0.03012545220553875,3,1
853,7,0.033860207768157125,4,1
854,-26,0.04860933255907651,37,1
855,9,0.0176937454380095,2,1
856,10,0.01138019934296608,1,1
857,6,0.09096306748688221,5,1
858,9,0.0319392429664731,2,1
859,10,0.027318930253386497,1,1
860,-25,0.029762297112029046,16,0
861,8,0.08353496963779132,3,1
862,8,0.017007649565736454,3,1
863,10,0.10444720089435577,1,1
864,6,0.03233686052262783,5,1
865,4,0.026985508389770985,7,1
866,7,0.02816170873120427,4,1
867,7,0.0329343625344336,4,1
868,9,0.07016757689416409,2,1
869,8,0.0974228479899466,3,1
870,9,0.0251921433955431,2,1
871,9,0.03378027305006981,2,1
872,9,0.2178709153085947,2,1
873,8,0.03152337949723005,3,1
874,9,0.019887256436049938,2,1
875,-50,0.04543051954358816,50,0
876,6,0.030826230719685554,5,1
877,-20,0.04478607164515603,31,1
878,10,0.01566411927342415,1,1
879,8,0.032613711431622505,3,1
880,7,0.02215481153689325,4,1
881,7,0.01712391502223909,4,1
882,8,0.02039750727514426,3,1
883,9,0.02293787430971861,2,1
884,6,0.03516226597130299,5,1
885,10,0.01581195555627346,1,1
886,10,0.021305391564965248,1,1
887,8,0.029710080785055954,3,1
888,9,0.015842587687075138,2,1
889,8,0.03623441203186909,3,1
890,7,0.032893120078369975,4,1
891,9,0.019101880490779877,2,1
892,10,0.021095776930451393,1,1
893,7,0.036716828122735023,4,1
894,6,0.02687322795391083,5,1
895,10,0.010318653658032417,1,1
896,9,0.1193303931504488,2,1
897,7,0.03604501346126199,4,1
898,8,0.025882956261436146,3,1
899,8,0.041832430909077324,3,1
900,9,0.029285545460879803,2,1
901,10,0.036108944565057755,1,1
902,6,0.023001577146351336,5,1
903,7,0.0761285915505141,4,1
904,-16,0.04250287530677659,7,0
905,10,0.020212439820170403,1,1
906,4,0.07437562476843596,7,1
907,9,0.0178239019587636,2,1
908,9,0.033812967129051685,2,1
909,7,0.015779854264110327,4,1
910,-6,0.03997201456085724,17,1
911,9,0.04394714906811714,2,1
912,9,0.02641206793487072,2,1
913,9,0.0247869985178113,2,1
914,6,0.0276400214061141,5,1
915,8,0.026182477672894795,3,1
916,6,0.01727044377475977,5,1
917,6,0.022505876049399375,5,1
918,9,0.03473930526524782,2,1
919,5,0.06488275558998187,6,1
920,7,0.11743420432321727,4,1
921,9,0.027292532846331596,2,1
922,7,0.04451141762547195,4,1
923,9,0.1889445590786636,2,1
924,8,0.01850338311245044,3,1
925,5,0.02281975280493498,6,1
926,7,0.031656726030632854,4,1
927,7,0.01735225971788168,4,1
928,10,0.054398294538259506,1,1
929,8,0.03249393713970979,3,1
930,8,0.05587601102888584,3,1
931,9,0.03102437499910593,2,1
932,10,0.011179186403751373,1,1
933,10,0.026512766256928444,1,1
934,8,0.027326446647445362,3,1
935,7,0.03026088234037161,4,1
936,10,0.02077442966401577,1,1
937,8,0.0375428864111503,3,1
938,6,0.0960217896848917,5,1
939,8,0.03605243191123009,3,1
940,9,0.17581614945083857,2,1
941,7,0.022139706648886204,4,1
942,9,0.01876412145793438,2,1
943,10,0.020634988322854042,1,1
944,10,0.03903479874134064,1,1
945,-6,0.04011633392313824,17,1
946,8,0.022604572276274364,3,1
947,7,0.047809700947254896,4,1
948,5,0.03153355450679859,6,1
949,-5,0.031094969308469445,16,1
950,8,0.03549928218126297,3,1
951,7,0.0210239733569324,4,1
952,9,0.019079514779150486,2,1
953,7,0.03145262529142201,4,1
954,8,0.037447625771164894,3,1
955,10,0.05313790962100029,1,1
956,10,0.03914213180541992,1,1
957,8,0.02212702917555968,3,1
958,-10,0.02275390736758709,1,0
959,9,0.018325138371437788,2,1
960,8,0.02675435319542885,3,1
961,-50,0.042994741620495915,50,0
962,8,0.02384799097975095,3,1
963,7,0.02693225652910769,4,1
964,10,0.030448809266090393,1,1
965,7,0.037010724656283855,4,1
966,9,0.020136086270213127,2,1
967,9,0.06101589184254408,2,1
968,9,0.036560868844389915,2,1
969,10,0.013998505659401417,1,1
970,4,0.019875978651855673,7,1
971,8,0.01049152621999383,3,1
972,10,0.007402632385492325,1,1
973,7,0.023230948019772768,4,1
974,10,0.021275056526064873,1,1
975,-50,0.04518912335857749,50,0
976,8,0.029249930443863075,3,1
977,9,0.1623918078839779,2,1
978,9,0.022747304290533066,2,1
979,7,0.04976808978244662,4,1
980,5,0.036579650826752186,6,1
981,-2,0.03370327201600258,13,1
982,8,0.034012780214349426,3,1
983,9,0.030167908407747746,2,1
984,9,0.01601011771708727,2,1
985,9,0.03528004512190819,2,1
986,8,0.04171264171600342,3,1
987,6,0.028546979278326036,5,1
988,7,0.035552728455513716,4,1
989,8,0.02604786865413189,3,1
990,9,0.23489350453019142,2,1
991,8,0.04886266558120648,3,1
992,6,0.02227763943374157,5,1
993,8,0.023523433754841488,3,1
994,6,0.018939952552318572,5,1
995,9,0.017473223619163036,2,1
996,10,0.041923485696315765,1,1
997,7,0.018293982837349176,4,1
998,8,0.03661774595578512,3,1
999,8,0.008998941474904617,3,1
1000,5,0.0654973288377126,6,1
1,8,0.03761962614953518,3,1
2,9,0.012002001516520977,2,1
3,10,0.04491075873374939,1,1
4,7,0.02781757479533553,4,1
5,7,0.05205067293718457,4,1
6,9,0.01740103866904974,2,1
7,8,0.0237665344029665,3,1
8,3,0.02987045212648809,8,1
9,-7,0.05110586957178182,18,1
10,10,0.020696971565485,1,1
11,6,0.05956345126032829,5,1
12,6,0.027214325591921808,5,1
13,7,0.03642814885824919,4,1
14,8,0.03199927881360054,3,1
15,6,0.09074675291776657,5,1
16,10,0.04755653068423271,1,1
17,9,0.017681865952908993,2,1
18,7,0.07625221344642341,4,1
19,8,0.0431718019147714,3,1
20,8,0.01676203527798255,3,1
21,9,0.1041561160236597,2,1
22,8,0.024131204932928085,3,1
23,10,0.0242803692817688,1,1
24,9,0.018493174575269222,2,1
25,8,0.032911365230878196,3,1
26,8,0.057060523579518,3,1
27,9,0.021743787452578545,2,1
28,7,0.02596782590262592,4,1
29,10,0.016082502901554108,1,1
30,10,0.05080623924732208,1,1
31,9,0.010251123923808336,2,1
32,-50,0.044451356250792745,50,0
33,-44,0.03357781614842159,35,0
34,6,0.037338967248797414,5,1
35,9,0.024779201485216618,2,1
36,8,0.01427836762741208,3,1
37,8,0.08730813674628735,3,1
38,4,0.03201257676950523,7,1
39,8,0.05912725503245989,3,1
40,7,0.03651235508732498,4,1
41,5,0.02204718083764116,6,1
42,8,0.02024859997133414,3,1
43,9,0.03853279259055853,2,1
44,5,0.0873340970526139,6,1
45,7,0.026124072959646583,4,1
46,-11,0.018135477788746357,2,0
47,9,0.11383737064898014,2,1
48,10,0.49643316864967346,1,1
49,9,0.014114601071923971,2,1
50,10,0.01686203107237816,1,1
51,8,0.04356914075712363,3,1
52,8,0.027128584682941437,3,1
53,7,0.02218731213361025,4,1
54,7,0.06245838571339846,4,1
55,-20,0.04105683692520665,31,1
56,9,0.021884365007281303,2,1
57,7,0.07588652940467,4,1
58,7,0.0185018761549145,4,1
59,9,0.032757108099758625,2,1
60,-20,0.06125825000626425,31,1
61,10,0.01643095538020134,1,1
62,8,0.023323454583684605,3,1
63,6,0.04092795886099339,5,1
64,9,0.030272808857262135,2,1
65,6,0.022298563830554487,5,1
66,5,0.10437365621328354,6,1
67,10,0.01973663456737995,1,1
68,10,0.012389956042170525,1,1
69,8,0.16732909778753915,3,1
70,9,0.036966823041439056,2,1
71,9,0.028538917191326618,2,1
72,9,0.04785464331507683,2,1
73,8,0.03595543093979359,3,1
74,7,0.01715225912630558,4,1
75,-10,0.033642251044511795,1,0
76,-24,0.04367224496922323,35,1
77,9,0.29000092297792435,2,1
78,8,0.02995636872947216,3,1
79,10,0.026942167431116104,1,1
80,8,0.1336580142378807,3,1
81,6,0.02634437158703804,5,1
82,8,0.03735410484174887,3,1
83,9,0.027349143289029598,2,1
84,8,0.027809597551822662,3,1
85,8,0.13493646557132402,3,1
86,9,0.028572166338562965,2,1
87,9,0.013542860513553023,2,1
88,9,0.2521701790392399,2,1
89,10,0.019185343757271767,1,1
90,8,0.03279274981468916,3,1
91,8,0.042413738556206226,3,1
92,9,0.46335257589817047,2,1
93,8,0.05145464185625315,3,1
94,7,0.043000766076147556,4,1
95,10,0.015507183969020844,1,1
96,5,0.08504682220518589,6,1
97,7,0.05645863339304924,4,1
98,8,0.016886506074418623,3,1
99,6,0.03304494731128216,5,1
100,6,0.07261375058442354,5,1
101,-38,0.05802180547723357,49,1
102,10,0.02995784766972065,1,1
103,9,0.029981552623212337,2,1
104,10,0.02459838055074215,1,1
105,6,0.05167049188166857,5,1
106,9,0.019038542173802853,2,1
107,10,0.0525720939040184,1,1
108,7,0.0508725109975785,4,1
109,10,0.02235378324985504,1,1
110,10,0.02577592432498932,1,1
111,-11,0.047277186827903446,22,1
112,9,0.02698135655373335,2,1
113,7,0.05801669741049409,4,1
114,8,0.05550882716973623,3,1
115,8,0.03354539846380552,3,1
116,8,0.0662704558732609,3,1
117,10,0.11756879091262817,1,1
118,9,0.022271432913839817,2,1
119,10,0.036160774528980255,1,1
120,9,0.04824611730873585,2,1
121,10,0.01349723245948553,1,1
122,7,0.041351338382810354,4,1
123,9,0.04538049176335335,2,1
124,9,0.013629687950015068,2,1
125,7,0.04108747700229287,4,1
126,5,0.036850264916817345,6,1
127,9,0.041761692613363266,2,1
128,10,0.06645793467760086,1,1
129,10,0.03665418550372124,1,1
130,0,0.037113159048286354,11,1
131,8,0.02371278405189514,3,1
132,9,0.020157793536782265,2,1
133,10,0.01000998355448246,1,1
134,-5,0.045215764082968235,16,1
135,6,0.13188895732164382,5,1
136,9,0.023642973508685827,2,1
137,5,0.03137792771061262,6,1
138,8,0.0176948473478357,3,1
139,10,0.02593274787068367,1,1
140,9,0.024277955293655396,2,1
141,7,0.027162575628608465,4,1
142,10,0.0221126489341259,1,1
143,10,0.016865979880094528,1,1
144,10,0.04503614455461502,1,1
145,7,0.023438943549990654,4,1
146,9,0.012562263291329145,2,1
147,5,0.1022213261264066,6,1
148,9,0.017834309954196215,2,1
149,8,0.033907217904925346,3,1
150,7,0.023105795262381434,4,1
151,-16,0.038800488492207866,7,0
152,9,0.036692727357149124,2,1
153,7,0.03538200771436095,4,1
154,6,0.03079658430069685,5,1
155,8,0.016460858285427094,3,1
156,6,0.09756435267627239,5,1
157,-27,0.03999607371607501,38,1
158,7,0.10295041464269161,4,1
159,9,0.03847542963922024,2,1
160,8,0.1299001406878233,3,1
161,9,0.032941700890660286,2,1
162,7,0.06147681572474539,4,1
163,-56,0.04459996569029828,47,0
164,8,0.06482031817237537,3,1
165,10,0.022767644375562668,1,1
166,9,0.1468075029551983,2,1
167,7,0.02634999982547015,4,1
168,7,0.04718054132536054,4,1
169,9,0.029760665260255337,2,1
170,9,0.23610420804470778,2,1
171,7,0.10872156103141606,4,1
172,-18,0.028890436308251485,9,0
173,8,0.03880566482742628,3,1
174,5,0.037404721758017935,6,1
175,9,0.026874057948589325,2,1
176,10,0.02172592096030712,1,1
177,8,0.049448173493146896,3,1
178,8,0.17318666353821754,3,1
179,7,0.024916982278227806,4,1
180,8,0.02226075902581215,3,1
181,9,0.06910489872097969,2,1
182,6,0.051988820731639865,5,1
183,9,0.1233158502727747,2,1
184,9,0.02999862190335989,2,1
185,7,0.031149395741522312,4,1
186,9,0.02957442495971918,2,1
187,8,0.06194846952954928,3,1
188,9,0.04491810128092766,2,1
189,7,0.029446899658069015,4,1
190,6,0.02908538728952408,5,1
191,9,0.011932754889130592,2,1
192,8,0.012570521794259548,3,1
193,9,0.07119114510715008,2,1
194,7,0.03050113865174353,4,1
195,7,0.1272056638263166,4,1
196,8,0.015346216037869453,3,1
197,7,0.030982504598796368,4,1
198,7,0.18896231381222606,4,1
199,8,0.4358471855521202,3,1
200,10,0.0905861109495163,1,1
201,7,0.13635390205308795,4,1
202,8,0.02869787657012542,3,1
203,-57,0.052803035359829664,48,0
204,10,0.031874578446149826,1,1
205,9,0.08905009552836418,2,1
206,10,0.05564894899725914,1,1
207,8,0.17777192344268164,3,1
208,8,0.021122945472598076,3,1
209,10,0.49594998359680176,1,1
210,9,0.09106273669749498,2,1
211,8,0.03854546882212162,3,1
212,1,0.08566254824399948,10,1
213,10,0.03608336299657822,1,1
214,10,0.018993224948644638,1,1
215,8,0.0756091916312774,3,1
216,9,0.02720518968999386,2,1
217,6,0.10839921794831753,5,1
218,7,0.06717087840661407,4,1
219,8,0.044475375985105835,3,1
220,8,0.03992783216138681,3,1
221,8,0.06456034195919831,3,1
222,9,0.040208570659160614,2,1
223,7,0.025623650988563895,4,1
224,7,0.044197937939316034,4,1
225,9,0.05056936852633953,2,1
226,10,0.010768414475023746,1,1
227,7,0.18392003746703267,4,1
228,10,0.05269267037510872,1,1
229,9,0.033810123801231384,2,1
230,7,0.08498315420001745,4,1
231,4,0.06358582712709904,7,1
232,6,0.07092977948486805,5,1
233,9,0.055726426653563976,2,1
234,8,0.046745640536149345,3,1
235,10,0.030858436599373817,1,1
236,7,0.04495742777362466,4,1
237,7,0.14263605885207653,4,1
238,8,0.02700769528746605,3,1
239,8,0.0393524095416069,3,1
240,8,0.08903529743353526,3,1
241,7,0.021768368780612946,4,1
242,9,0.033982823602855206,2,1
243,6,0.0448338195681572,5,1
244,0,0.05110364830629392,11,1
245,6,0.026476658508181573,5,1
246,8,0.04740097373723984,3,1
247,8,0.05369243770837784,3,1
248,7,0.14178147166967392,4,1
249,7,0.054429490584880114,4,1
250,8,0.023825423171122868,3,1
251,8,0.049411576241254807,3,1
252,10,0.04371413215994835,1,1
253,10,0.014106866903603077,1,1
254,9,0.021278231404721737,2,1
255,8,0.1698737277959784,3,1
256,10,0.022984500974416733,1,1
257,7,0.0341534442268312,4,1
258,9,0.030246064998209476,2,1
259,10,0.338421493768692,1,1
260,7,0.028358122683130205,4,1
261,7,0.01969243329949677,4,1
262,6,0.07700321096926928,5,1
263,8,0.020719382911920547,3,1
264,9,0.08112301770597696,2,1
265,9,0.038676935248076916,2,1
266,9,0.03655526787042618,2,1
267,9,0.03294809814542532,2,1
268,5,0.0896886099750797,6,1
269,7,0.03628680715337396,4,1
270,-6,0.04085666072719237,17,1
271,9,0.026852287352085114,2,1
272,10,0.049110013991594315,1,1
273,7,0.06361979665234685,4,1
274,9,0.03739500790834427,2,1
275,9,0.03348332270979881,2,1
276,5,0.030477425704399746,6,1
277,9,0.025561701506376266,2,1
278,7,0.028605961706489325,4,1
279,8,0.039567356929183006,3,1
280,6,0.06039292365312576,5,1
281,9,0.05366877652704716,2,1
282,9,0.032397544011473656,2,1
283,9,0.026828282047063112,2,1
284,9,0.02024605730548501,2,1
285,9,0.16766622196882963,2,1
286,10,0.026780858635902405,1,1
287,8,0.07629408780485392,3,1
288,6,0.04953685402870178,5,1
289,9,0.02922791987657547,2,1
290,8,0.02709359861910343,3,1
291,7,0.15423891227692366,4,1
292,9,0.05908971466124058,2,1
293,8,0.019828928634524345,3,1
294,8,0.022572198572258156,3,1
295,7,0.018930913414806128,4,1
296,8,0.04362336297829946,3,1
297,7,0.06899832468479872,4,1
298,8,0.04721739577750365,3,1
299,6,0.07268452756106854,5,1
300,9,0.02704167366027832,2,1
301,5,0.03883478712911407,6,1
302,10,0.022167228162288666,1,1
303,8,0.03720981876055399,3,1
304,7,0.050067270174622536,4,1
305,7,0.06570901116356254,4,1
306,9,0.02142445370554924,2,1
307,10,0.036062851548194885,1,1
308,7,0.02783404104411602,4,1
309,9,0.01635170355439186,2,1
310,10,0.14397656917572021,1,1
311,10,0.026965007185935974,1,1
312,7,0.04364961804822087,4,1
313,6,0.035954346880316734,5,1
314,7,0.02268638275563717,4,1
315,7,0.023085088469088078,4,1
316,-2,0.02812213020829054,13,1
317,9,0.042885745875537395,2,1
318,7,0.05140487942844629,4,1
319,9,0.061591628938913345,2,1
320,9,0.04005725681781769,2,1
321,10,0.024094874039292336,1,1
322,7,0.041577670723199844,4,1
323,8,0.06745466155310471,3,1
324,10,0.03148858994245529,1,1
325,8,0.020248528569936752,3,1
326,10,0.2597849667072296,1,1
327,6,0.0788384573534131,5,1
328,8,0.025636226559678715,3,1
329,9,0.09580007568001747,2,1
330,6,0.03281659446656704,5,1
331,8,0.015803836286067963,3,1
332,10,0.07787533104419708,1,1
333,6,0.019932292774319647,5,1
334,10,0.034010693430900574,1,1
335,9,0.030161132104694843,2,1
336,6,0.021893388032913207,5,1
337,8,0.03502964166303476,3,1
338,10,0.05278448760509491,1,1
339,6,0.03803110606968403,5,1
340,9,0.02747819945216179,2,1
341,7,0.036308984737843275,4,1
342,7,0.021981656551361084,4,1
343,10,0.021885095164179802,1,1
344,10,0.018551133573055267,1,1
345,7,0.02128354413434863,4,1
346,9,0.021472864784300327,2,1
347,8,0.038311466574668884,3,1
348,-23,0.07662925841834616,34,1
349,7,0.022434277925640345,4,1
350,7,0.04037593211978674,4,1
351,10,0.09537704288959503,1,1
352,10,0.014585490338504314,1,1
353,10,0.022200176492333412,1,1
354,10,0.019281646236777306,1,1
355,7,0.04994910163804889,4,1
356,9,0.03643306251615286,2,1
357,10,0.15060150623321533,1,1
358,-38,0.03120587962069388,29,0
359,7,0.04298347979784012,4,1
360,9,0.04654857283458114,2,1
361,6,0.03967525437474251,5,1
362,10,0.016579871997237206,1,1
363,6,0.04259833768010139,5,1
364,8,0.02012036368250847,3,1
365,7,0.02466436382383108,4,1
366,8,0.11729146353900433,3,1
367,10,0.0323544442653656,1,1
368,-59,0.05043391352519393,50,0
369,10,0.013756683096289635,1,1
370,9,0.02047981508076191,2,1
371,10,0.012074093334376812,1,1
372,9,0.029672980774194002,2,1
373,6,0.024267921596765517,5,1
374,10,0.04430810734629631,1,1
375,-31,0.03868117595889738,42,1
376,7,0.03335898648947477,4,1
377,5,0.05252220404023925,6,1
378,10,0.009545329958200455,1,1
379,9,0.023148786276578903,2,1
380,-23,0.05026014998336049,34,1
381,10,0.030747629702091217,1,1
382,9,0.03911282680928707,2,1
383,-10,0.04783853515982628,1,0
384,7,0.032068852335214615,4,1
385,9,0.02391768991947174,2,1
386,8,0.08683738609155019,3,1
387,8,0.04083521539966265,3,1
388,10,0.014299195259809494,1,1
389,8,0.03945743106305599,3,1
390,8,0.07076527923345566,3,1
391,10,0.03233467787504196,1,1
392,-1,0.045368275217091046,12,1
393,4,0.04937105705695493,7,1
394,9,0.020467441529035568,2,1
395,9,0.18160295486450195,2,1
396,7,0.09338574763387442,4,1
397,9,0.038347311317920685,2,1
398,6,0.06319889798760414,5,1
399,10,0.02732391282916069,1,1
400,-13,0.03335779532790184,4,0
401,10,0.030917901545763016,1,1
402,-50,0.0461203813739121,50,0
403,7,0.12070752400904894,4,1
404,10,0.03442056104540825,1,1
405,6,0.05527262315154076,5,1
406,10,0.019304053857922554,1,1
407,9,0.013114027213305235,2,1
408,-50,0.08580196395516396,50,0
409,8,0.039882658049464226,3,1
410,10,0.025365682318806648,1,1
411,6,0.08461441174149513,5,1
412,6,0.07053847089409829,5,1
413,6,0.019867745414376258,5,1
414,7,0.043324523605406284,4,1
415,8,0.13917249937852225,3,1
416,10,0.06842125952243805,1,1
417,10,0.14478804171085358,1,1
418,9,0.1447407230734825,2,1
419,9,0.23893598467111588,2,1
420,9,0.05647978186607361,2,1
421,8,0.03379939869046211,3,1
422,7,0.06567500345408916,4,1
423,10,0.015533954836428165,1,1
424,8,0.02823565776149432,3,1
425,7,0.11362809641286731,4,1
426,9,0.07942789606750011,2,1
427,10,0.036850519478321075,1,1
428,4,0.037262163790208955,7,1
429,10,0.02655629627406597,1,1
430,10,0.14100971817970276,1,1
431,9,0.027595059014856815,2,1
432,10,0.1651529222726822,1,1
433,8,0.1318926401436329,3,1
434,-50,0.059426729176193474,50,0
435,9,0.028181874193251133,2,1
436,7,0.04893467715010047,4,1
437,10,0.08470746874809265,1,1
438,-3,0.06645122463149684,14,1
439,9,0.09308524057269096,2,1
440,10,0.08751001954078674,1,1
441,6,0.0928331084549427,5,1
442,7,0.03890249598771334,4,1
443,9,0.05099487118422985,2,1
444,9,0.025021977722644806,2,1
445,9,0.03363062907010317,2,1
446,6,0.03612202629446983,5,1
447,7,0.038457373389974236,4,1
448,9,0.01934655010700226,2,1
449,9,0.01688202377408743,2,1
450,9,0.020565963350236416,2,1
451,7,0.03661454189568758,4,1
452,9,0.07742330525070429,2,1
453,9,0.03290547803044319,2,1
454,10,0.02014460414648056,1,1
455,10,0.03043445758521557,1,1
456,6,0.054200317710638046,5,1
457,10,0.050438784062862396,1,1
458,8,0.034594797218839325,3,1
459,9,0.09734941273927689,2,1
460,9,0.05672896467149258,2,1
461,6,0.02734375707805157,5,1
462,8,0.04787507404883703,3,1
463,8,0.017470956780016422,3,1
464,9,0.04626787267625332,2,1
465,9,0.025386649183928967,2,1
466,-11,0.05537469033151865,2,0
467,6,0.03128166925162077,5,1
468,6,0.019711090251803398,5,1
469,7,0.09422144060954452,4,1
470,6,0.05840584337711334,5,1
471,8,0.040207713221510254,3,1
472,9,0.02609373163431883,2,1
473,9,0.17557149566709995,2,1
474,-50,0.045526418760418894,50,0
475,9,0.09412198700010777,2,1
476,6,0.034718997031450274,5,1
477,7,0.028896918520331383,4,1
478,8,0.03730520543952783,3,1
479,5,0.02510427574937542,6,1
480,9,0.017385107930749655,2,1
481,10,0.017819665372371674,1,1
482,8,0.03861982127030691,3,1
483,10,0.015430967323482037,1,1
484,10,0.013314522802829742,1,1
485,8,0.02104185086985429,3,1
486,10,0.01559019461274147,1,1
487,8,0.013807087515791258,3,1
488,-11,0.028501121327280998,2,0
489,10,0.01285823155194521,1,1
490,10,0.02830132655799389,1,1
491,10,0.007151478435844183,1,1
492,10,0.02301964908838272,1,1
493,10,0.01890789344906807,1,1
494,1,0.056549244979396465,10,1
495,8,0.04758695264657339,3,1
496,10,0.04252638667821884,1,1
497,7,0.022457868326455355,4,1
498,9,0.043133433908224106,2,1
499,8,0.11456240341067314,3,1
500,10,0.011198634281754494,1,1
501,9,0.050036877393722534,2,1
502,8,0.01942516180376212,3,1
503,7,0.022726870607584715,4,1
504,6,0.024621668457984924,5,1
505,8,0.025137826800346375,3,1
506,9,0.032259429804980755,2,1
507,9,0.028586776927113533,2,1
508,7,0.12333990284241736,4,1
509,7,0.03201604029163718,4,1
510,8,0.010349597005794445,3,1
511,7,0.05420174868777394,4,1
512,9,0.06520222499966621,2,1
513,10,0.027579016983509064,1,1
514,9,0.021353845484554768,2,1
515,9,0.014967027585953474,2,1
516,9,0.013531520497053862,2,1
517,8,0.031000469500819843,3,1
518,9,0.034184292890131474,2,1
519,10,0.18848323822021484,1,1
520,-14,0.06369023285806179,25,1
521,10,0.025028277188539505,1,1
522,10,0.023392492905259132,1,1
523,8,0.05877129981915156,3,1
524,9,0.1585768237709999,2,1
525,9,0.02503608725965023,2,1
526,10,0.019478775560855865,1,1
527,10,0.024369560182094574,1,1
528,10,0.014400988817214966,1,1
529,4,0.036497750718678744,7,1
530,6,0.04833061937242746,5,1
531,7,0.03513955790549517,4,1
532,9,0.06434219889342785,2,1
533,6,0.01990504525601864,5,1
534,7,0.02961293887346983,4,1
535,6,0.053889129869639875,5,1
536,6,0.042633720114827155,5,1
537,6,0.09797222130000591,5,1
538,10,0.15519949793815613,1,1
539,10,0.14909818768501282,1,1
540,10,0.04312621429562569,1,1
541,8,0.04213737075527509,3,1
542,-50,0.04256933020427823,50,0
543,8,0.046446210394303,3,1
544,6,0.02871091663837433,5,1
545,7,0.02116911206394434,4,1
546,7,0.030418896349146962,4,1
547,9,0.017759953625500202,2,1
548,7,0.04236413515172899,4,1
549,8,0.028030039742588997,3,1
550,8,0.04463694182535013,3,1
551,6,0.03368223942816258,5,1
552,9,0.05973672494292259,2,1
553,-13,0.02100164582952857,4,0
554,10,0.010546061210334301,1,1
555,6,0.019252445176243783,5,1
556,9,0.02569603780284524,2,1
557,9,0.0552238910458982,2,1
558,9,0.011867634486407042,2,1
559,6,0.018936561048030855,5,1
560,10,0.016245447099208832,1,1
561,9,0.2280320250429213,2,1
562,10,0.026060855016112328,1,1
563,8,0.06335231848061085,3,1
564,10,0.019840767607092857,1,1
565,8,0.022222310304641724,3,1
566,8,0.019663031212985516,3,1
567,-16,0.06688530724150715,27,1
568,7,0.06313901022076607,4,1
569,7,0.038732283748686314,4,1
570,10,0.031422436237335205,1,1
571,9,0.0342844445258379,2,1
572,7,0.018506274558603764,4,1
573,9,0.16449196264147758,2,1
574,7,0.022656778804957867,4,1
575,7,0.03853620728477836,4,1
576,9,0.023995227180421352,2,1
577,8,0.04420809835816423,3,1
578,7,0.04747234540991485,4,1
579,8,0.028901243582367897,3,1
580,8,0.049806675563255944,3,1
581,8,0.0378553606569767,3,1
582,7,0.033827930223196745,4,1
583,-11,0.030670304782688618,2,0
584,9,0.040926532819867134,2,1
585,8,0.027920553150276344,3,1
586,6,0.045432523265480994,5,1
587,8,0.01939762073258559,3,1
588,8,0.018012556557854015,3,1
589,7,0.04100083094090223,4,1
590,8,0.02283240606387456,3,1
591,10,0.02714485675096512,1,1
592,10,0.01435039471834898,1,1
593,6,0.03704350348562002,5,1
594,8,0.018468233135839302,3,1
595,6,0.032874583080410955,5,1
596,7,0.04166875081136823,4,1
597,10,0.06285422295331955,1,1
598,10,0.0298306904733181,1,1
599,10,0.0259756650775671,1,1
600,9,0.031996906735002995,2,1
601,7,0.05952642532065511,4,1
602,9,0.04186704196035862,2,1
603,9,0.017352392431348562,2,1
604,8,0.03772374056279659,3,1
605,7,0.02283912105485797,4,1
606,9,0.017439069226384163,2,1
607,-5,0.0371316684759222,16,1
608,5,0.08898055211951335,6,1
609,8,0.07763791084289551,3,1
610,9,0.06015126407146454,2,1
611,10,0.01913064904510975,1,1
612,10,0.025233695283532143,1,1
613,7,0.10889125475659966,4,1
614,10,0.0327581912279129,1,1
615,8,0.04138901301970085,3,1
616,9,0.043169232085347176,2,1
617,8,0.048608794808387756,3,1
618,-19,0.035471633076667786,10,0
619,6,0.03319925032556057,5,1
620,10,0.01663443259894848,1,1
621,5,0.029012468953927357,6,1
622,8,0.04684921974937121,3,1
623,8,0.032172237212459244,3,1
624,10,0.014578531496226788,1,1
625,9,0.016110836062580347,2,1
626,9,0.06622135173529387,2,1
627,7,0.020478971069678664,4,1
628,8,0.01819013524800539,3,1
629,8,0.02656015194952488,3,1
630,8,0.03828234846393267,3,1
631,9,0.03699471428990364,2,1
632,9,0.03501581773161888,2,1
633,9,0.023881815373897552,2,1
634,9,0.04534170962870121,2,1
635,8,0.026709632637600105,3,1
636,5,0.028478430739293497,6,1
637,7,0.022326218662783504,4,1
638,10,0.026913557201623917,1,1
639,5,0.028064712571601074,6,1
640,8,0.02635144566496213,3,1
641,8,0.030404402098308008,3,1
642,9,0.02495239768177271,2,1
643,8,0.03228558786213398,3,1
644,10,0.01604781113564968,1,1
645,10,0.018460392951965332,1,1
646,9,0.03515018243342638,2,1
647,-3,0.04746081626841,14,1
648,9,0.04619520157575607,2,1
649,9,0.07267850823700428,2,1
650,10,0.023310434073209763,1,1
651,10,0.03463554009795189,1,1
652,4,0.05070399173668453,7,1
653,7,0.030469786375761032,4,1
654,10,0.00908415112644434,1,1
655,9,0.035144008696079254,2,1
656,9,0.0228581503033638,2,1
657,10,0.016709420830011368,1,1
658,7,0.026737555861473083,4,1
659,10,0.020566612482070923,1,1
660,8,0.01232090312987566,3,1
661,6,0.02474506702274084,5,1
662,-7,0.06460039591830638,18,1
663,10,0.036397892981767654,1,1
664,6,0.035434745438396933,5,1
665,7,0.049853404983878136,4,1
666,10,0.02631198801100254,1,1
667,8,0.025206142105162144,3,1
668,-50,0.050754649192094804,50,0
669,9,0.039708965457975864,2,1
670,8,0.03263053546349207,3,1
671,9,0.02852315455675125,2,1
672,7,0.044753484427928925,4,1
673,9,0.09738050401210785,2,1
674,10,0.033046234399080276,1,1
675,9,0.05496564693748951,2,1
676,8,0.04145094317694505,3,1
677,8,0.058612110714117684,3,1
678,8,0.026364494115114212,3,1
679,5,0.030101901851594448,6,1
680,-50,0.0381668728031218,50,0
681,-18,0.030037807557603408,29,1
682,8,0.028130265573660534,3,1
683,7,0.017170483712106943,4,1
684,-1,0.030131149881829817,12,1
685,10,0.00863474141806364,1,1
686,9,0.028402392752468586,2,1
687,6,0.027759193815290926,5,1
688,9,0.04654943849891424,2,1
689,7,0.015545937581919134,4,1
690,7,0.024169550160877407,4,1
691,10,0.03150257095694542,1,1
692,9,0.02036852901801467,2,1
693,6,0.059481441229581836,5,1
694,7,0.03485293313860893,4,1
695,9,0.07021178491413593,2,1
696,9,0.02212478592991829,2,1
697,7,0.03295731544494629,4,1
698,10,0.053748972713947296,1,1
699,7,0.04536408884450793,4,1
700,10,0.030778365209698677,1,1
701,9,0.03841811418533325,2,1
702,7,0.02899237349629402,4,1
703,7,0.03205445874482393,4,1
704,8,0.034899462635318436,3,1
705,10,0.025731274858117104,1,1
706,8,0.07028460999329884,3,1
707,9,0.028607464395463467,2,1
708,9,0.02941185887902975,2,1
709,-11,0.014879840891808271,2,0
710,6,0.019948753900825976,5,1
711,9,0.035807082429528236,2,1
712,-10,0.6229378581047058,1,0
713,-12,0.014791094698011875,3,0
714,6,0.04007491432130337,5,1
715,6,0.054086942225694656,5,1
716,8,0.14287382178008556,3,1
717,7,0.09200271684676409,4,1
718,9,0.03288077749311924,2,1
719,7,0.16508503607474267,4,1
720,10,0.027470527216792107,1,1
721,9,0.021651788614690304,2,1
722,10,0.02499481849372387,1,1
723,10,0.042735934257507324,1,1
724,7,0.2113257935270667,4,1
725,-6,0.05639432272052064,17,1
726,8,0.021697701575855415,3,1
727,8,0.09902717918157578,3,1
728,10,0.13983768224716187,1,1
729,9,0.34381651133298874,2,1
730,10,0.02700759470462799,1,1
731,7,0.04039581399410963,4,1
732,7,0.055414896458387375,4,1
733,9,0.029664652422070503,2,1
734,-16,0.05490394623053295,27,1
735,8,0.016437699397404987,3,1
736,9,0.05556941032409668,2,1
737,10,0.0121863828971982,1,1
738,-4,0.03191341025133928,15,1
739,9,0.07109114807099104,2,1
740,9,0.030067156068980694,2,1
741,10,0.016796903684735298,1,1
742,4,0.051060891444129605,7,1
743,10,0.037311457097530365,1,1
744,-18,0.06694878897918709,29,1
745,9,0.030883309431374073,2,1
746,7,0.03182410355657339,4,1
747,9,0.042480746284127235,2,1
748,9,0.022567247971892357,2,1
749,7,0.0332363611087203,4,1
750,9,0.020859530195593834,2,1
751,7,0.07691361103206873,4,1
752,-50,0.04326339490711689,50,0
753,-7,0.03367763713726567,18,1
754,10,0.005008530803024769,1,1
755,-6,0.03566057388396824,17,1
756,8,0.06045694028337797,3,1
757,-50,0.045281691271811725,50,0
758,8,0.05804163465897242,3,1
759,9,0.018826541490852833,2,1
760,6,0.038924329355359076,5,1
761,6,0.01903326753526926,5,1
762,10,0.06791597604751587,1,1
763,9,0.0206034486182034,2,1
764,10,0.040643785148859024,1,1
765,10,0.03799346834421158,1,1
766,2,0.023381999590330653,9,1
767,8,0.018576607418557007,3,1
768,9,0.026412716135382652,2,1
769,7,0.030045272782444954,4,1
770,7,0.05453625717200339,4,1
771,9,0.05636992305517197,2,1
772,10,0.02697620540857315,1,1
773,10,0.018259305506944656,1,1
774,6,0.03809155859053135,5,1
775,7,0.018770725931972265,4,1
776,7,0.0226919271517545,4,1
777,8,0.04821504279971123,3,1
778,-18,0.04961222203241454,9,0
779,9,0.0723821222782135,2,1
780,7,0.03862163284793496,4,1
781,8,0.13225945830345154,3,1
782,8,0.037798088043928146,3,1
783,7,0.03740375768393278,4,1
784,9,0.05120568908751011,2,1
785,8,0.12568087068696818,3,1
786,7,0.041836007963865995,4,1
787,10,0.008121699094772339,1,1
788,7,0.045067920349538326,4,1
789,7,0.030153967905789614,4,1
790,7,0.04449295764788985,4,1
791,7,0.17370974831283092,4,1
792,9,0.0502018928527832,2,1
793,8,0.03746312235792478,3,1
794,9,0.011107360478490591,2,1
795,8,0.043390690038601555,3,1
796,10,0.04084223508834839,1,1
797,8,0.02280442789196968,3,1
798,6,0.04182767700403929,5,1
799,9,0.03176449844613671,2,1
800,8,0.18991079305609068,3,1
801,9,0.02247363142669201,2,1
802,9,0.03202788345515728,2,1
803,10,0.050366126000881195,1,1
804,8,0.03578918178876241,3,1
805,8,0.04774257416526476,3,1
806,10,0.035705290734767914,1,1
807,7,0.10408742120489478,4,1
808,9,0.053669897839426994,2,1
809,10,0.011512383818626404,1,1
810,6,0.057960395514965055,5,1
811,-24,0.03623755382640021,35,1
812,10,0.04362744465470314,1,1
813,10,0.032579205930233,1,1
814,10,0.018766945227980614,1,1
815,8,0.041295722126960754,3,1
816,8,0.030059163148204487,3,1
817,6,0.020402127876877785,5,1
818,-1,0.06827014056034386,12,1
819,9,0.01868896186351776,2,1
820,9,0.05077535519376397,2,1
821,7,0.05392628815025091,4,1
822,9,0.02606385014951229,2,1
823,10,0.022982042282819748,1,1
824,9,0.02180552016943693,2,1
825,8,0.02826603812475999,3,1
826,9,0.024390600621700287,2,1
827,8,0.11198957885305087,3,1
828,10,0.025848863646388054,1,1
829,10,0.015106488019227982,1,1
830,6,0.12186166234314441,5,1
831,7,0.023040563333779573,4,1
832,6,0.033533882722258566,5,1
833,8,0.09154795886327823,3,1
834,10,0.02656647562980652,1,1
835,9,0.009428484598174691,2,1
836,7,0.019526860676705837,4,1
837,8,0.015101613166431585,3,1
838,7,0.03322060126811266,4,1
839,10,0.030483495444059372,1,1
840,6,0.01764801237732172,5,1
841,9,0.016665184870362282,2,1
842,9,0.27031176118180156,2,1
843,7,0.03587154392153025,4,1
844,8,0.024342186748981476,3,1
845,7,0.034617915749549866,4,1
846,9,0.11620893701910973,2,1
847,6,0.02873934954404831,5,1
848,-3,0.052138912824115584,14,1
849,9,0.25722151808440685,2,1
850,5,0.023033252606789272,6,1
851,6,0.03300491273403168,5,1
852,-50,0.04214223237708211,50,0
853,7,0.023841998539865017,4,1
854,8,0.01939374767243862,3,1
855,7,0.021441427059471607,4,1
856,7,0.02392769162543118,4,1
857,7,0.1226255294168368,4,1
858,6,0.02814109679311514,5,1
859,7,0.020073988707736135,4,1
860,10,0.05555048584938049,1,1
861,8,0.012943383306264877,3,1
862,4,0.01646853830399258,7,1
863,7,0.011443348717875779,4,1
864,5,0.017530449355642002,6,1
865,7,0.016905891010537744,4,1
866,10,0.027516169473528862,1,1
867,9,0.017616599798202515,2,1
868,10,0.024031778797507286,1,1
869,7,0.155518809100613,4,1
870,10,0.02081560157239437,1,1
871,10,0.005271475296467543,1,1
872,9,0.013346177991479635,2,1
873,9,0.07508830865845084,2,1
874,10,0.014593806117773056,1,1
875,9,0.017999201081693172,2,1
876,9,0.0168938715942204,2,1
877,8,0.01797501277178526,3,1
878,9,0.015119230840355158,2,1
879,10,0.023794591426849365,1,1
880,10,0.037568315863609314,1,1
881,7,0.01145997573621571,4,1
882,7,0.016380387358367443,4,1
883,-8,0.02548157274232883,19,1
884,9,0.025555050931870937,2,1
885,8,0.09171985338131587,3,1
886,7,0.06693459488451481,4,1
887,-17,0.045075704875801294,28,1
888,6,0.023775752820074558,5,1
889,9,0.02215104829519987,2,1
890,8,0.019197745248675346,3,1
891,5,0.04488112094501654,6,1
892,9,0.03411857597529888,2,1
893,8,0.07917483026782672,3,1
894,-50,0.04470000669360161,50,0
895,8,0.046083555867274605,3,1
896,9,0.049699248280376196,2,1
897,10,0.034087732434272766,1,1
898,9,0.043846167623996735,2,1
899,8,0.027319632470607758,3,1
900,7,0.026922680204734206,4,1
901,7,0.025731097324751318,4,1
902,10,0.04317842796444893,1,1
903,8,0.0333073940128088,3,1
904,9,0.01635642070323229,2,1
905,10,0.02551780454814434,1,1
906,5,0.02589625461647908,6,1
907,-25,0.06836684432346374,16,0
908,10,0.19880662858486176,1,1
909,6,0.04803583938628435,5,1
910,10,0.07781479507684708,1,1
911,9,0.03364751022309065,2,1
912,6,0.06626065075397491,5,1
913,9,0.030029439367353916,2,1
914,9,0.03454347047954798,2,1
915,8,0.020449828977386158,3,1
916,10,0.05537424236536026,1,1
917,8,0.01614915207028389,3,1
918,7,0.03995510935783386,4,1
919,7,0.0332638188265264,4,1
920,9,0.032103768549859524,2,1
921,8,0.04514942318201065,3,1
922,10,0.46072110533714294,1,1
923,9,0.022695927880704403,2,1
924,9,0.031043576076626778,2,1
925,10,0.137108713388443,1,1
926,7,0.12283494137227535,4,1
927,10,0.018591471016407013,1,1
928,6,0.11595415063202381,5,1
929,7,0.03035430982708931,4,1
930,-10,0.026654276996850967,1,0
931,9,0.031393229961395264,2,1
932,8,0.01612786576151848,3,1
933,8,0.02040283816556136,3,1
934,7,0.05547844199463725,4,1
935,7,0.03219806496053934,4,1
936,6,0.029768547415733336,5,1
937,10,0.45847564935684204,1,1
938,6,0.03558090291917324,5,1
939,6,0.02916727978736162,5,1
940,10,0.021778849884867668,1,1
941,10,0.39354902505874634,1,1
942,10,0.00841386616230011,1,1
943,2,0.023349378257989883,9,1
944,10,0.02195741981267929,1,1
945,10,0.023823929950594902,1,1
946,7,0.1722595146857202,4,1
947,8,0.16527797685315213,3,1
948,6,0.10446099322289229,5,1
949,8,0.011366983565191427,3,1
950,7,0.023200367810204625,4,1
951,7,0.10139185993466526,4,1
952,8,0.010961416332672039,3,1
953,6,0.026171847805380823,5,1
954,10,0.017945917323231697,1,1
955,10,0.008155092597007751,1,1
956,10,0.0091438889503479,1,1
957,9,0.07378638908267021,2,1
958,7,0.05767973279580474,4,1
959,-8,0.05823796791465659,19,1
960,9,0.043478140607476234,2,1
961,9,0.03892173990607262,2,1
962,10,0.03212850168347359,1,1
963,8,0.16470900053779283,3,1
964,9,0.01852481998503208,2,1
965,-10,0.026971349492669106,1,0
966,9,0.02440430223941803,2,1
967,7,0.0177908381447196,4,1
968,7,0.02917955699376762,4,1
969,9,0.03734877146780491,2,1
970,8,0.01917982039352258,3,1
971,10,0.03904344514012337,1,1
972,7,0.05214910511858761,4,1
973,6,0.17437590882182122,5,1
974,8,0.03182628626624743,3,1
975,6,0.062107814848423,5,1
976,9,0.03696263208985329,2,1
977,9,0.02972416952252388,2,1
978,5,0.08370534586720169,6,1
979,10,0.0938163623213768,1,1
980,10,0.0737786591053009,1,1
981,-31,0.06269762086282883,42,1
982,8,0.032260600477457047,3,1
983,8,0.024417856087287266,3,1
984,7,0.021653369767591357,4,1
985,7,0.02811134117655456,4,1
986,10,0.024574952200055122,1,1
987,-50,0.0695657543465495,50,0
988,6,0.022534383833408354,5,1
989,8,0.022212200487653416,3,1
990,5,0.022427170537412167,6,1
991,7,0.17601165361702442,4,1
992,9,0.08165060728788376,2,1
993,8,0.06442954018712044,3,1
994,8,0.21789453302820525,3,1
995,9,0.04673773609101772,2,1
996,10,0.017701996490359306,1,1
997,10,0.1531570553779602,1,1
998,10,0.015770278871059418,1,1
999,9,0.031987442169338465,2,1
1000,7,0.03396183089353144,4,1
1,9,0.0418433197773993,2,1
2,9,0.0159362880513072,2,1
3,8,0.06483055651187897,3,1
4,7,0.0381353129632771,4,1
5,9,0.014708374626934528,2,1
6,1,0.034766667243093255,10,1
7,10,0.04885772988200188,1,1
8,8,0.2091883116712173,3,1
9,7,0.025333795696496964,4,1
10,10,0.05051042139530182,1,1
11,8,0.0414725790421168,3,1
12,9,0.014994103461503983,2,1
13,7,0.03421889152377844,4,1
14,9,0.2997289150953293,2,1
15,9,0.0826273187994957,2,1
16,8,0.0179895826925834,3,1
17,6,0.021050963550806046,5,1
18,10,0.010419088415801525,1,1
19,10,0.020899681374430656,1,1
20,7,0.020784916589036584,4,1
21,7,0.05618890933692455,4,1
22,9,0.016344837844371796,2,1
23,6,0.018395086470991372,5,1
24,5,0.03619435057044029,6,1
25,10,0.010354443453252316,1,1
26,10,0.03708542510867119,1,1
27,7,0.022631282918155193,4,1
28,7,0.035891628940589726,4,1
29,9,0.012336266227066517,2,1
30,10,0.03167962282896042,1,1
31,7,0.015883212676271796,4,1
32,10,0.02200218103826046,1,1
33,9,0.23877085885033011,2,1
34,8,0.04916200879961252,3,1
35,8,0.018899747791389625,3,1
36,8,0.039890874177217484,3,1
37,8,0.01588561851531267,3,1
38,9,0.22961918776854873,2,1
39,5,0.032924578447515764,6,1
40,4,0.029200387453394278,7,1
41,5,0.032237042052050434,6,1
42,10,0.04190785437822342,1,1
43,9,0.04228602163493633,2,1
44,6,0.025665370374917985,5,1
45,8,0.03238347793618838,3,1
46,6,0.10970261394977569,5,1
47,9,0.017019216902554035,2,1
48,5,0.03173236704121033,6,1
49,8,0.03994826848308245,3,1
50,-6,0.02841299564084586,17,1
51,10,0.027623087167739868,1,1
52,8,0.034548639630277954,3,1
53,7,0.032161167822778225,4,1
54,8,0.017679126001894474,3,1
55,10,0.02658000960946083,1,1
56,-12,0.04779365703301585,23,1
57,9,0.038098886609077454,2,1
58,6,0.017586209066212177,5,1
59,7,0.014705940382555127,4,1
60,9,0.0105743408203125,2,1
61,9,0.02562048379331827,2,1
62,6,0.027653703466057777,5,1
63,8,0.01133652605737249,3,1
64,8,0.01454157941043377,3,1
65,10,0.023162204772233963,1,1
66,10,0.17757444083690643,1,1
67,9,0.019777105655521154,2,1
68,10,0.010373021475970745,1,1
69,9,0.01244538277387619,2,1
70,8,0.013359571807086468,3,1
71,6,0.013428393471986055,5,1
72,6,0.12002066727727652,5,1
73,9,0.00734786014072597,2,1
74,7,0.016706466674804688,4,1
75,8,0.015714582987129688,3,1
76,9,0.00815604580566287,2,1
77,10,0.013428685255348682,1,1
78,7,0.030936094466596842,4,1
79,9,0.019480494782328606,2,1
80,8,0.02027266814062993,3,1
81,10,0.012473390437662601,1,1
82,8,0.06323759257793427,3,1
83,6,0.03243473023176193,5,1
84,9,0.2340947389602661,2,1
85,8,0.04310491681098938,3,1
86,7,0.1471487800590694,4,1
87,8,0.049091254671414696,3,1
88,9,0.020215271040797234,2,1
89,7,0.022291733417659998,4,1
90,9,0.02027041371911764,2,1
91,7,0.011931976303458214,4,1
92,8,0.02757150245209535,3,1
93,9,0.029226181097328663,2,1
94,10,0.04856568202376366,1,1
95,-12,0.3870023873945077,3,0
96,10,0.5667657256126404,1,1
97,10,0.06291228532791138,1,1
98,-50,0.06184359373524785,50,0
99,10,0.4383544623851776,1,1
100,-13,0.031709777074866,4,0
101,9,0.020990878343582153,2,1
102,7,0.058995440136641264,4,1
103,8,0.02210416893164317,3,1
104,10,0.02793985977768898,1,1
105,10,0.017793020233511925,1,1
106,10,0.01837928779423237,1,1
107,9,0.03390373568981886,2,1
108,5,0.11689887459700306,6,1
109,8,0.0241363358994325,3,1
110,8,0.023080707838137943,3,1
111,-10,0.021495085209608078,1,0
112,10,0.06338638067245483,1,1
113,9,0.028100865427404642,2,1
114,6,0.021436094120144845,5,1
115,7,0.025487062986940145,4,1
116,10,0.016695141792297363,1,1
117,6,0.02101827207952738,5,1
118,9,0.27999334689229727,2,1
119,4,0.030723293844078268,7,1
120,10,0.024027619510889053,1,1
121,7,0.018737581907771528,4,1
122,7,0.042446966050192714,4,1
123,8,0.032944535836577415,3,1
124,8,0.15849171206355095,3,1
125,6,0.12067499794065953,5,1
126,9,0.011159594636410475,2,1
127,9,0.04648590460419655,2,1
128,-20,0.06489012228144754,31,1
129,9,0.015192610677331686,2,1
130,8,0.030290703289210796,3,1
131,9,0.26600786950439215,2,1
132,-50,0.07243327399715781,50,0
133,-30,0.038377076637272425,41,1
134,8,0.029886094853281975,3,1
135,9,0.02424382045865059,2,1
136,8,0.025160393367211025,3,1
137,10,0.4923517107963562,1,1
138,9,0.03403724916279316,2,1
139,8,0.16743962715069452,3,1
140,9,0.020724935457110405,2,1
141,5,0.10590665135532618,6,1
142,7,0.026798602426424623,4,1
143,7,0.01810586720239371,4,1
144,10,0.006479696836322546,1,1
145,9,0.030770275741815567,2,1
146,9,0.009922230616211891,2,1
147,7,0.12454953393898904,4,1
148,10,0.00899597816169262,1,1
149,7,0.04992904094979167,4,1
150,10,0.05293995887041092,1,1
151,10,0.01807687245309353,1,1
152,6,0.08892701752483845,5,1
153,4,0.03087839457605566,7,1
154,10,0.019778307527303696,1,1
155,10,0.019153479486703873,1,1
156,10,0.013876443728804588,1,1
157,8,0.04370740739007791,3,1
158,7,0.11711965780705214,4,1
159,7,0.0336362540256232,4,1
160,10,0.09548744559288025,1,1
161,9,0.22191133443266153,2,1
162,6,0.02210149485617876,5,1
163,3,0.01885042164940387,8,1
164,8,0.014854682919879755,3,1
165,7,0.014464363222941756,4,1
166,6,0.029826562479138376,5,1
167,7,0.14715688722208142,4,1
168,7,0.1404820226598531,4,1
169,6,0.0147474505007267,5,1
170,8,0.088763823111852,3,1
171,5,0.16513721256827316,6,1
172,9,0.015879891347140074,2,1
173,9,0.0294428588822484,2,1
174,10,0.016227085143327713,1,1
175,9,0.01356694009155035,2,1
176,8,0.01373835684110721,3,1
177,8,0.1713414036979278,3,1
178,9,0.09358892776072025,2,1
179,6,0.036521991901099685,5,1
180,9,0.048349201679229736,2,1
181,8,0.17479434236884117,3,1
182,8,0.11327149532735348,3,1
183,10,0.05150777846574783,1,1
184,10,0.013910462148487568,1,1
185,10,0.014978157356381416,1,1
186,9,0.006062772823497653,2,1
187,6,0.15127046946436168,5,1
188,7,0.07254016073420644,4,1
189,8,0.008461055035392443,3,1
190,9,0.02632063999772072,2,1
191,8,0.048427759359280266,3,1
192,10,0.20916303992271423,1,1
193,8,0.023272740344206493,3,1
194,6,0.031118621304631233,5,1
195,9,0.014693021774291992,2,1
196,10,0.009434768930077553,1,1
197,6,0.044958045892417434,5,1
198,7,0.014784760773181915,4,1
199,6,0.035263069346547125,5,1
200,8,0.04204783961176872,3,1
201,10,0.026915624737739563,1,1
202,8,0.05185961350798607,3,1
203,7,0.04378640651702881,4,1
204,7,0.06673629814758897,4,1
205,8,0.07252495177090168,3,1
206,8,0.12633207626640797,3,1
207,10,0.00964852049946785,1,1
208,8,0.028541489814718563,3,1
209,8,0.02874255118270715,3,1
210,7,0.129327695351094,4,1
211,4,0.023062029321278845,7,1
212,10,0.04814606159925461,1,1
213,6,0.07863383553922176,5,1
214,6,0.12701890021562576,5,1
215,9,0.09332386404275894,2,1
216,6,0.03079109117388725,5,1
217,10,0.01760602742433548,1,1
218,7,0.04311979189515114,4,1
219,8,0.01794442068785429,3,1
220,7,0.06351817678660154,4,1
221,3,0.09183445340022445,8,1
222,9,0.046158650889992714,2,1
223,10,0.019500020891427994,1,1
224,10,0.09912082552909851,1,1
225,10,0.08977225422859192,1,1
226,10,0.01885817013680935,1,1
227,9,0.013940541073679924,2,1
228,8,0.08834443365534146,3,1
229,8,0.028884193239112694,3,1
230,-10,0.058241180499039945,21,1
231,-37,0.07094049944619958,48,1
232,6,0.04167497307062149,5,1
233,7,0.038453505374491215,4,1
234,9,0.022505154833197594,2,1
235,6,0.036444570124149325,5,1
236,6,0.027242000214755535,5,1
237,8,0.05334065233667692,3,1
238,8,0.01979508250951767,3,1
239,8,0.019830998964607716,3,1
240,10,0.021845581009984016,1,1
241,8,0.03206418392558893,3,1
242,8,0.036001536374290787,3,1
243,9,0.015822709072381258,2,1
244,8,0.01720419650276502,3,1
245,7,0.058301877696067095,4,1
246,9,0.03599885944277048,2,1
247,6,0.02433393392711878,5,1
248,7,0.033036084147170186,4,1
249,7,0.0522364005446434,4,1
250,9,0.06584135862067342,2,1
251,10,0.015080817975103855,1,1
252,8,0.0836527335147063,3,1
253,6,0.04218562059104443,5,1
254,8,0.03796649072319269,3,1
255,6,0.027550628781318663,5,1
256,9,0.03040386736392975,2,1
257,10,0.35441431403160095,1,1
258,7,0.045670257648453116,4,1
259,8,0.04995321358243624,3,1
260,10,0.03193877637386322,1,1
261,8,0.04128831376632055,3,1
262,9,0.07887614332139492,2,1
263,7,0.02653578808531165,4,1
264,9,0.03693822305649519,2,1
265,10,0.01585998386144638,1,1
266,7,0.037351008504629135,4,1
267,6,0.04022484347224235,5,1
268,8,0.037710623194773994,3,1
269,7,0.018273318884894252,4,1
270,8,0.16631612926721573,3,1
271,9,0.03857027739286423,2,1
272,10,0.11232349276542664,1,1
273,8,0.011414471392830213,3,1
274,6,0.049015635065734385,5,1
275,-8,0.0657420632380404,19,1
276,8,0.04272885620594025,3,1
277,8,0.030044597884019215,3,1
278,7,0.05765676964074373,4,1
279,6,0.03837584964931011,5,1
280,7,0.03885743208229542,4,1
281,9,0.03111830074340105,2,1
282,8,0.06388434084753196,3,1
283,8,0.03901461511850357,3,1
284,8,0.01918555423617363,3,1
285,9,0.023061823565512896,2,1
286,10,0.012436899356544018,1,1
287,9,0.040838575921952724,2,1
288,8,0.06561088934540749,3,1
289,8,0.024914441630244255,3,1
290,10,0.14712771773338318,1,1
291,8,0.023451820015907288,3,1
292,6,0.03637777138501406,5,1
293,8,0.020410950606067974,3,1
294,7,0.11691157799214125,4,1
295,8,0.02329532988369465,3,1
296,6,0.025599954277276994,5,1
297,8,0.014691531658172607,3,1
298,8,0.028077132999897003,3,1
299,9,0.03718365915119648,2,1
300,10,0.19657297432422638,1,1
301,-11,0.0236663855612278,2,0
302,9,0.02653703559190035,2,1
303,10,0.021781161427497864,1,1
304,9,0.013855488505214453,2,1
305,9,0.02213976066559553,2,1
306,10,0.02076086588203907,1,1
307,10,0.056324031203985214,1,1
308,9,0.013767092023044825,2,1
309,8,0.026136434947450955,3,1
310,8,0.027629411779344082,3,1
311,9,0.16987677058205009,2,1
312,7,0.01728040911257267,4,1
313,8,0.0247074452539285,3,1
314,-15,0.04286203465352838,26,1
315,6,0.019913272839039563,5,1
316,6,0.020051967911422254,5,1
317,7,0.03542702039703727,4,1
318,10,0.023458512499928474,1,1
319,10,0.22624434530735016,1,1
320,9,0.04514267574995756,2,1
321,8,0.05226785192886988,3,1
322,7,0.12230263371020555,4,1
323,10,0.02261882834136486,1,1
324,8,0.03219473734498024,3,1
325,10,0.020222606137394905,1,1
326,9,0.03403784893453121,2,1
327,-27,0.027692424340380564,18,0
328,9,0.05161671107634902,2,1
329,10,0.013619872741401196,1,1
330,6,0.022361028008162975,5,1
331,8,0.15945578056077161,3,1
332,6,0.04294619895517826,5,1
333,4,0.026450258945780142,7,1
334,6,0.03182829841971398,5,1
335,6,0.038013215735554697,5,1
336,8,0.013092645754416784,3,1
337,8,0.14503946031133333,3,1
338,6,0.06909126415848732,5,1
339,-10,0.02254103496670723,1,0
340,10,0.010100634768605232,1,1
341,8,0.10615782501796882,3,1
342,9,0.023995923809707165,2,1
343,9,0.01992378570139408,2,1
344,7,0.030741702299565077,4,1
345,-50,0.03955229657702148,50,0
346,10,0.038323309272527695,1,1
347,9,0.022184887435287237,2,1
348,10,0.040025874972343445,1,1
349,8,0.12339939425388972,3,1
350,5,0.043835220858454704,6,1
351,9,0.03788133803755045,2,1
352,7,0.04321311879903078,4,1
353,5,0.037903692883749805,6,1
354,9,0.2343478687107563,2,1
355,8,0.01953526120632887,3,1
356,10,0.045433491468429565,1,1
357,9,0.03718326427042484,2,1
358,8,0.018913111959894497,3,1
359,8,0.040860746055841446,3,1
360,10,0.030382756143808365,1,1
361,9,0.015708565711975098,2,1
362,9,0.016438810154795647,2,1
363,10,0.013292867690324783,1,1
364,10,0.06218646466732025,1,1
365,-11,0.047233602963387966,2,0
366,7,0.044628957752138376,4,1
367,9,0.02045801468193531,2,1
368,-11,0.03278077012774619,22,1
369,7,0.024785071844235063,4,1
370,9,0.03516693040728569,2,1
371,9,0.03292129747569561,2,1
372,9,0.02321210689842701,2,1
373,7,0.02449746010825038,4,1
374,7,0.014633320504799485,4,1
375,8,0.01617355551570654,3,1
376,9,0.1820833133533597,2,1
377,7,0.029262179974466562,4,1
378,7,0.08115078322589397,4,1
379,8,0.05476148674885432,3,1
380,8,0.03601774387061596,3,1
381,10,0.07074447721242905,1,1
382,9,0.061906203627586365,2,1
383,9,0.2861352488398552,2,1
384,8,0.10795123254259427,3,1
385,6,0.04811420701444149,5,1
386,6,0.023487527668476105,5,1
387,10,0.031097766011953354,1,1
388,8,0.03491762497772773,3,1
389,7,0.01994871301576495,4,1
390,9,0.021223023533821106,2,1
391,5,0.04504443549861511,6,1
392,6,0.03250744678080082,5,1
393,7,0.0487746091093868,4,1
394,8,0.038838340900838375,3,1
395,9,0.02203178219497204,2,1
396,7,0.025307355914264917,4,1
397,8,0.02811083508034547,3,1
398,9,0.014115851372480392,2,1
399,8,0.033118512481451035,3,1
400,8,0.03427234167853991,3,1
401,6,0.09940186068415642,5,1
402,9,0.025210872292518616,2,1
403,6,0.030067300982773305,5,1
404,6,0.018277005478739738,5,1
405,8,0.14689306169748306,3,1
406,9,0.016875194385647774,2,1
407,8,0.017901023849844933,3,1
408,9,0.02230077749118209,2,1
409,8,0.15016956875721613,3,1
410,8,0.03801789507269859,3,1
411,8,0.14801347690323988,3,1
412,9,0.019235280342400074,2,1
413,7,0.040045716566964984,4,1
414,10,0.030127596110105515,1,1
415,10,0.045823246240615845,1,1
416,9,0.1446239948272705,2,1
417,9,0.03123610094189644,2,1
418,9,0.07499895803630352,2,1
419,9,0.054091680562123656,2,1
420,9,0.05284563545137644,2,1
421,9,0.1374454377219081,2,1
422,8,0.017872523826857407,3,1
423,9,0.02814832143485546,2,1
424,8,0.03518748159209887,3,1
425,7,0.019633710151538253,4,1
426,8,0.027034302552541096,3,1
427,8,0.020787761857112248,3,1
428,5,0.02724600676447153,6,1
429,8,0.02075834230830272,3,1
430,-22,0.055078146950990864,33,1
431,10,0.019735904410481453,1,1
432,9,0.01579123269766569,2,1
433,7,0.02886440744623542,4,1
434,10,0.06124648451805115,1,1
435,9,0.016995384823530912,2,1
436,7,0.04402719740755856,4,1
437,8,0.04424732054273287,3,1
438,6,0.02684458754956722,5,1
439,5,0.02699198356519143,6,1
440,8,0.0207988191395998,3,1
441,6,0.033163545094430445,5,1
442,9,0.01820340845733881,2,1
443,10,0.03364178538322449,1,1
444,8,0.03056385274976492,3,1
445,9,0.0342160165309906,2,1
446,8,0.07601262629032135,3,1
447,10,0.009261972270905972,1,1
448,5,0.0190042609659334,6,1
449,5,0.02550261002033949,6,1
450,8,0.02857511242230733,3,1
451,10,0.01466965489089489,1,1
452,10,0.061903975903987885,1,1
453,8,0.01544559064010779,3,1
454,9,0.023696529679000378,2,1
455,9,0.055273910984396935,2,1
456,-24,0.028222537972033022,15,0
457,7,0.03998288232833147,4,1
458,9,0.013077471405267715,2,1
459,8,0.025079890464742977,3,1
460,8,0.015699822455644608,3,1
461,8,0.02148047648370266,3,1
462,8,0.1614093460763494,3,1
463,10,0.013932979665696621,1,1
464,10,0.027012193575501442,1,1
465,6,0.029862936586141586,5,1
466,9,0.030980074778199196,2,1
467,10,0.0190512016415596,1,1
468,8,0.02490421508749326,3,1
469,6,0.1122216634452343,5,1
470,8,0.026738198474049568,3,1
471,7,0.03169388696551323,4,1
472,9,0.03668521251529455,2,1
473,8,0.030513548602660496,3,1
474,10,0.011834167875349522,1,1
475,6,0.029119138978421687,5,1
476,8,0.013438327858845392,3,1
477,10,0.02818911522626877,1,1
478,-50,0.05461354875937104,50,0
479,10,0.007567085325717926,1,1
480,7,0.018467271700501442,4,1
481,7,0.025783361634239554,4,1
482,10,0.006319534033536911,1,1
483,9,0.018815139308571815,2,1
484,8,0.029537371049324673,3,1
485,7,0.164872471941635,4,1
486,7,0.015668693697080016,4,1
487,6,0.08112298399209976,5,1
488,5,0.03354393411427736,6,1
489,1,0.02658741483464837,10,1
490,6,0.01804987508803606,5,1
491,-22,0.03575025563777396,33,1
492,9,0.012469754088670015,2,1
493,8,0.02262096417446931,3,1
494,3,0.02744093257933855,8,1
495,10,0.017584051936864853,1,1
496,-11,0.07438274845480919,2,0
497,10,0.022601470351219177,1,1
498,7,0.017622977262362838,4,1
499,10,0.013975451700389385,1,1
500,9,0.0889525543898344,2,1
501,9,0.020080550108104944,2,1
502,9,0.02390723954886198,2,1
503,9,0.13970744144171476,2,1
504,-22,0.0525989682915119,13,0
505,7,0.019929219502955675,4,1
506,7,0.023928015492856503,4,1
507,-10,0.013421277515590191,1,0
508,10,0.0070983427576720715,1,1
509,-12,0.08550253137946129,23,1
510,6,0.023707259632647037,5,1
511,10,0.024308601394295692,1,1
512,7,0.05826415144838393,4,1
513,6,0.17920274138450623,5,1
514,9,0.016657883301377296,2,1
515,6,0.06740248426795006,5,1
516,9,0.027463404461741447,2,1
517,9,0.031875792890787125,2,1
518,10,0.024479534476995468,1,1
519,6,0.035861317068338394,5,1
520,9,0.024624595418572426,2,1
521,8,0.23899839942653975,3,1
522,7,0.01924912096001208,4,1
523,8,0.02506149560213089,3,1
524,-50,0.04740205535665155,50,0
525,9,0.2596265897154808,2,1
526,6,0.11494437418878078,5,1
527,7,0.016043234849348664,4,1
528,6,0.04569206982851028,5,1
529,8,0.04533741002281507,3,1
530,9,0.03306960128247738,2,1
531,7,0.030794089194387197,4,1
532,6,0.027034726552665235,5,1
533,5,0.02836871302376191,6,1
534,9,0.022395211271941662,2,1
535,7,0.03324660426005721,4,1
536,9,0.01485002739354968,2,1
537,7,0.12371592549607158,4,1
538,9,0.05182825494557619,2,1
539,8,0.031563328579068184,3,1
540,8,0.02341633786757787,3,1
541,8,0.039330324778954186,3,1
542,10,0.015713758766651154,1,1
543,9,0.016419141553342342,2,1
544,6,0.21634264290332794,5,1
545,8,0.032274072679380574,3,1
546,9,0.028413469437509775,2,1
547,9,0.02996953297406435,2,1
548,8,0.028046011924743652,3,1
549,10,0.028185153380036354,1,1
550,7,0.05826332187280059,4,1
551,-11,0.0520090930248526,22,1
552,-50,0.06560158610343933,50,0
553,9,0.03656808286905289,2,1
554,9,0.030727485194802284,2,1
555,9,0.04396962746977806,2,1
556,8,0.017765420799454052,3,1
557,6,0.05345039442181587,5,1
558,8,0.026998234912753105,3,1
559,10,0.011682084761559963,1,1
560,10,0.01590607687830925,1,1
561,9,0.018557917326688766,2,1
562,-34,0.06438379788771272,25,0
563,7,0.03312105219811201,4,1
564,8,0.016941385654111702,3,1
565,4,0.11585667835814613,7,1
566,8,0.05423988774418831,3,1
567,8,0.027428094918529194,3,1
568,7,0.05171136278659105,4,1
569,10,0.018820546567440033,1,1
570,9,0.04978554509580135,2,1
571,9,0.046256352216005325,2,1
572,9,0.07280844077467918,2,1
573,10,0.026428937911987305,1,1
574,9,0.053889013826847076,2,1
575,6,0.03582865595817566,5,1
576,-12,0.033147525042295456,3,0
577,10,0.024861352518200874,1,1
578,8,0.046736313651005425,3,1
579,8,0.17630198008070389,3,1
580,8,0.01882791394988696,3,1
581,8,0.045889086400469146,3,1
582,5,0.11134488756457965,6,1
583,6,0.08630956634879113,5,1
584,7,0.03913887403905392,4,1
585,-50,0.041501499023288486,50,0
586,9,0.04847393371164799,2,1
587,9,0.02449456136673689,2,1
588,8,0.18813367001712322,3,1
589,7,0.03539589140564203,4,1
590,7,0.03275283332914114,4,1
591,8,0.03330908374240001,3,1
592,8,0.013901298555235067,3,1
593,8,0.04031362819174925,3,1
594,8,0.02521904433767001,3,1
595,10,0.02341783232986927,1,1
596,4,0.09345712432903903,7,1
597,6,0.019397077988833188,5,1
598,8,0.030694954718152683,3,1
599,7,0.03640115004964173,4,1
600,-11,0.22793418169021606,2,0
601,7,0.010164649924263358,4,1
602,-12,0.022170171452065308,3,0
603,8,0.02243148162961006,3,1
604,9,0.05542202480137348,2,1
605,6,0.03652738574892282,5,1
606,10,0.014910005033016205,1,1
607,10,0.020375093445181847,1,1
608,8,0.055996562664707504,3,1
609,9,0.019743270240724087,2,1
610,7,0.013610028894618154,4,1
611,-12,0.023157430191834767,3,0
612,9,0.012189415283501148,2,1
613,9,0.03862548153847456,2,1
614,-10,0.0076483506709337234,1,0
615,7,0.1470483634620905,4,1
616,9,0.013370438013225794,2,1
617,10,0.0356113500893116,1,1
618,-12,0.09372350533047448,23,1
619,9,0.2913863752037287,2,1
620,10,0.01747811585664749,1,1
621,10,0.03581042215228081,1,1
622,9,0.012990460265427828,2,1
623,7,0.1470947521738708,4,1
624,10,0.06321192532777786,1,1
625,10,0.008825884200632572,1,1
626,8,0.20565165827671686,3,1
627,8,0.01992320983360211,3,1
628,8,0.1693266878525416,3,1
629,6,0.021485929563641547,5,1
630,10,0.45479241013526917,1,1
631,9,0.05838967673480511,2,1
632,9,0.04054827615618706,2,1
633,9,0.04027694184333086,2,1
634,8,0.023235475954910118,3,1
635,10,0.2724873125553131,1,1
636,9,0.048488051164895296,2,1
637,7,0.16377572063356638,4,1
638,10,0.094329334795475,1,1
639,9,0.1979499259032309,2,1
640,8,0.16734382354964814,3,1
641,-9,0.10330895809456705,20,1
642,3,0.08546257484704256,8,1
643,8,0.03814248957981666,3,1
644,8,0.0426593404263258,3,1
645,10,0.07585576176643372,1,1
646,8,0.028039677068591118,3,1
647,9,0.025756231974810362,2,1
648,9,0.027595458552241325,2,1
649,8,0.3109987986584504,3,1
650,10,0.03456857055425644,1,1
651,6,0.02267429754137993,5,1
652,10,0.02399473637342453,1,1
653,-10,0.024910641834139824,1,0
654,8,0.1736884539326032,3,1
655,8,0.025780154392123222,3,1
656,8,0.027847810958822567,3,1
657,8,0.027400953074296314,3,1
658,10,0.45767465233802795,1,1
659,-50,0.0963649308681488,50,0
660,8,0.02851935289800167,3,1
661,-13,0.020103173796087503,4,0
662,8,0.2569531053304672,3,1
663,-50,0.0659877348691225,50,0
664,10,0.023984603583812714,1,1
665,8,0.06302051308254401,3,1
666,9,0.07308971136808395,2,1
667,10,0.0379461906850338,1,1
668,8,0.0369846106817325,3,1
669,8,0.05741563253104687,3,1
670,10,0.03805982694029808,1,1
671,7,0.3287684712558985,4,1
672,10,0.04135962575674057,1,1
673,-50,0.11495387449860572,50,0
674,10,0.026614608243107796,1,1
675,7,0.1284956457093358,4,1
676,9,0.061270211823284626,2,1
677,-25,0.07686984520922932,36,1
678,10,0.025942780077457428,1,1
679,6,0.05906321629881859,5,1
680,7,0.0590371903963387,4,1
681,9,0.04637165553867817,2,1
682,9,0.032420516945421696,2,1
683,9,0.021163341589272022,2,1
684,7,0.16890001576393843,4,1
685,10,0.11658863723278046,1,1
686,8,0.045298634096980095,3,1
687,7,0.024593694834038615,4,1
688,8,0.08387806639075279,3,1
689,6,0.13255477249622344,5,1
690,8,0.1370302668462197,3,1
691,7,0.03663393063470721,4,1
692,10,0.06654077023267746,1,1
693,-50,0.07072413006797433,50,0
694,8,0.04329267516732216,3,1
695,10,0.019874028861522675,1,1
696,9,0.02509784698486328,2,1
697,10,0.018728144466876984,1,1
698,8,0.19843261626859507,3,1
699,8,0.1439302278061708,3,1
700,9,0.033078440465033054,2,1
701,6,0.12864835746586323,5,1
702,10,0.05071672052145004,1,1
703,10,0.023623522371053696,1,1
704,10,0.03010937012732029,1,1
705,9,0.126110321842134,2,1
706,9,0.02422270830720663,2,1
707,-10,0.02675240207463503,21,1
708,6,0.11368855312466622,5,1
709,6,0.029516343027353287,5,1
710,8,0.31718018651008606,3,1
711,7,0.030522560235112906,4,1
712,9,0.17361234687268734,2,1
713,8,0.1609549056738615,3,1
714,7,0.07586541213095188,4,1
715,9,0.03560818359255791,2,1
716,9,0.08243772340938449,2,1
717,7,0.03508242592215538,4,1
718,10,0.018455980345606804,1,1
719,-50,0.07195676890201867,50,0
720,8,0.09741312482704718,3,1
721,9,0.04177776351571083,2,1
722,8,0.02824396826326847,3,1
723,7,0.030972855165600777,4,1
724,9,0.23577207513153553,2,1
725,7,0.07045920100063086,4,1
726,-50,0.08576204963959753,50,0
727,10,0.02817658521234989,1,1
728,10,0.09998747706413269,1,1
729,10,0.028801092877984047,1,1
730,9,0.02804267778992653,2,1
731,9,0.3450004607439041,2,1
732,9,0.03739809803664684,2,1
733,5,0.0344425772006313,6,1
734,-10,0.031850285828113556,1,0
735,9,0.035576460883021355,2,1
736,9,0.024676183238625526,2,1
737,10,0.0304531529545784,1,1
738,3,0.02430642128456384,8,1
739,9,0.046703631058335304,2,1
740,4,0.03774996141770056,7,1
741,6,0.11967062558978796,5,1
742,6,0.17384512014687062,5,1
743,9,0.06512922048568726,2,1
744,-1,0.09490307203183572,12,1
745,8,0.031563550854722656,3,1
746,8,0.107227581863602,3,1
747,1,0.04343888955190778,10,1
748,9,0.016559997107833624,2,1
749,9,0.1855504335835576,2,1
750,5,0.018897930160164833,6,1
751,9,0.03993355482816696,2,1
752,-22,0.0985233462838964,33,1
753,10,0.028936157003045082,1,1
754,6,0.036615731194615364,5,1
755,6,0.024960243701934816,5,1
756,6,0.1111390182748437,5,1
757,6,0.11651962157338858,5,1
758,9,0.012286355253309011,2,1
759,-10,0.06804341006846655,21,1
760,9,0.022144234273582697,2,1
761,10,0.03681637719273567,1,1
762,10,0.028674960136413574,1,1
763,9,0.020128385163843632,2,1
764,9,0.08507184498012066,2,1
765,2,0.11171741183433267,9,1
766,9,0.031061701476573944,2,1
767,7,0.053294084034860134,4,1
768,7,0.3429560251533985,4,1
769,9,0.1764125064946711,2,1
770,9,0.04841558821499348,2,1
771,2,0.11220502843045527,9,1
772,7,0.10738794971257448,4,1
773,8,0.03527899459004402,3,1
774,7,0.1361064442899078,4,1
775,9,0.013544657733291388,2,1
776,6,0.1098061989992857,5,1
777,-16,0.07943666605623784,27,1
778,9,0.049129391089081764,2,1
779,9,0.2852962240576744,2,1
780,10,0.023818528279662132,1,1
781,9,0.05552625469863415,2,1
782,9,0.07998150959610939,2,1
783,9,0.03494344837963581,2,1
784,3,0.08768577850423753,8,1
785,9,0.053978389129042625,2,1
786,10,0.034550972282886505,1,1
787,9,0.03309725224971771,2,1
788,7,0.09003990748897195,4,1
789,9,0.02659430541098118,2,1
790,6,0.06655651777982712,5,1
791,9,0.0534154549241066,2,1
792,7,0.0643846457824111,4,1
793,4,0.08582027389534883,7,1
794,8,0.03585616685450077,3,1
795,10,0.03173571825027466,1,1
796,7,0.02560146152973175,4,1
797,10,0.022779636085033417,1,1
798,8,0.05839101100961367,3,1
799,4,0.13832963976476872,7,1
800,5,0.05144031128535668,6,1
801,10,0.029903201386332512,1,1
802,8,0.04216819784293572,3,1
803,9,0.20501120015978813,2,1
804,7,0.10689331497997046,4,1
805,1,0.09193283738568425,10,1
806,9,0.030831954441964626,2,1
807,8,0.04098289211591085,3,1
808,7,0.03519888734444976,4,1
809,9,0.38003240525722504,2,1
810,10,0.023131871595978737,1,1
811,9,0.06643016263842583,2,1
812,10,0.020455285906791687,1,1
813,6,0.025874828174710273,5,1
814,7,0.1594003364443779,4,1
815,9,0.03270729165524244,2,1
816,10,0.2106749266386032,1,1
817,8,0.03525215076903502,3,1
818,9,0.047768945805728436,2,1
819,9,0.017679845914244652,2,1
820,8,0.038723476231098175,3,1
821,9,0.050467150285840034,2,1
822,5,0.018293450741718214,6,1
823,10,0.010237549431622028,1,1
824,8,0.1687049133082231,3,1
825,6,0.19004337266087531,5,1
826,9,0.04935864079743624,2,1
827,9,0.03173015546053648,2,1
828,5,0.12319598905742168,6,1
829,8,0.03569104398290316,3,1
830,7,0.03155894158408046,4,1
831,7,0.028913881862536073,4,1
832,9,0.06679803319275379,2,1
833,8,0.17062151990830898,3,1
834,9,0.18278086744248867,2,1
835,8,0.12950085289776325,3,1
836,9,0.02980419062077999,2,1
837,9,0.018591830506920815,2,1
838,9,0.05301135778427124,2,1
839,10,0.017237309366464615,1,1
840,9,0.03584196092560887,2,1
841,8,0.11748044813672702,3,1
842,9,0.05551457405090332,2,1
843,9,0.028858705423772335,2,1
844,8,0.01982881190876166,3,1
845,6,0.10306180976331233,5,1
846,6,0.02665244899690151,5,1
847,8,0.025778237419823807,3,1
848,7,0.08290526317432523,4,1
849,6,0.08334162347018718,5,1
850,10,0.015851110219955444,1,1
851,8,0.045264710361758866,3,1
852,8,0.172778415804108,3,1
853,9,0.03280184417963028,2,1
854,7,0.06860733637586236,4,1
855,10,0.00853960681706667,1,1
856,10,0.034322332590818405,1,1
857,10,0.03202911093831062,1,1
858,10,0.023752762004733086,1,1
859,10,0.01640758477151394,1,1
860,9,0.030123502016067505,2,1
861,9,0.025832393672317266,2,1
862,8,0.05836526304483414,3,1
863,6,0.016154833137989044,5,1
864,7,0.09434550907462835,4,1
865,7,0.06932259630411863,4,1
866,7,0.027136542834341526,4,1
867,9,0.023568389005959034,2,1
868,10,0.022999543696641922,1,1
869,10,0.5633106231689453,1,1
870,9,0.24633892718702555,2,1
871,8,0.038207558604578175,3,1
872,7,0.013899748446419835,4,1
873,9,0.016052438877522945,2,1
874,8,0.04310470446944237,3,1
875,10,0.027209199965000153,1,1
876,9,0.07386941649019718,2,1
877,10,0.08004885166883469,1,1
878,6,0.10536368712782859,5,1
879,7,0.030806200811639428,4,1
880,7,0.14018565067090094,4,1
881,9,0.05090890824794769,2,1
882,8,0.19271152776976427,3,1
883,10,0.05475778132677078,1,1
884,8,0.13533961524566016,3,1
885,8,0.19975176577766737,3,1
886,8,0.0459616898248593,3,1
887,6,0.08198784627020358,5,1
888,8,0.02384374166528384,3,1
889,7,0.09202018892392516,4,1
890,8,0.10874083017309506,3,1
891,8,0.13074275851249695,3,1
892,10,0.026946673169732094,1,1
893,10,0.277042418718338,1,1
894,7,0.0487842233851552,4,1
895,8,0.03024791118999322,3,1
896,9,0.026770844124257565,2,1
897,9,0.2647933401167393,2,1
898,5,0.050471411707500614,6,1
899,7,0.04318602988496423,4,1
900,6,0.05335656777024269,5,1
901,10,0.06298168003559113,1,1
902,-12,0.06284233494459288,23,1
903,-10,0.12534686923027039,1,0
904,9,0.046489590778946877,2,1
905,9,0.02482182253152132,2,1
906,7,0.024694508407264948,4,1
907,9,0.18574896082282066,2,1
908,8,0.05969402504463991,3,1
909,-1,0.0514943248902758,12,1
910,8,0.09137315178910892,3,1
911,10,0.03395988047122955,1,1
912,10,0.020300673320889473,1,1
913,-3,0.09742749681962388,14,1
914,9,0.2273168507963419,2,1
915,7,0.015855472534894943,4,1
916,10,0.03141256794333458,1,1
917,9,0.021617726422846317,2,1
918,5,0.03579438555364808,6,1
919,10,0.0927678793668747,1,1
920,8,0.02557592714826266,3,1
921,8,0.05888805414239565,3,1
922,6,0.027155783027410507,5,1
923,9,0.03868857538327575,2,1
924,8,0.17242545696596304,3,1
925,7,0.02422904083505273,4,1
926,6,0.030350750125944615,5,1
927,10,0.014951160177588463,1,1
928,6,0.0305290000513196,5,1
929,8,0.10421496629714966,3,1
930,10,0.03665729984641075,1,1
931,6,0.029436878859996796,5,1
932,6,0.018955951556563377,5,1
933,8,0.10418661000827949,3,1
934,7,0.05762015702202916,4,1
935,-10,0.027646633929439952,21,1
936,7,0.016109112882986665,4,1
937,9,0.020064502023160458,2,1
938,8,0.02032756619155407,3,1
939,8,0.10173590357104938,3,1
940,7,0.018468461697921157,4,1
941,8,0.015525131796797117,3,1
942,9,0.016657661646604538,2,1
943,8,0.15346753845612207,3,1
944,7,0.020421565743163228,4,1
945,-10,0.026091162115335464,1,0
946,-51,0.04349418327079287,42,0
947,10,0.06626584380865097,1,1
948,7,0.10316787729971111,4,1
949,9,0.00644054333679378,2,1
950,10,0.0262141190469265,1,1
951,9,0.05144842714071274,2,1
952,10,0.0411158911883831,1,1
953,8,0.012940240403016409,3,1
954,7,0.11977494601160288,4,1
955,8,0.0386002603918314,3,1
956,10,0.02813245728611946,1,1
957,9,0.01393717946484685,2,1
958,9,0.014910780359059572,2,1
959,7,0.009190965327434242,4,1
960,7,0.066590087255463,4,1
961,7,0.01410581823438406,4,1
962,6,0.014417868945747614,5,1
963,8,0.022253626957535744,3,1
964,10,0.022964658215641975,1,1
965,7,0.09284815355204046,4,1
966,8,0.07264286217590173,3,1
967,7,0.025046694558113813,4,1
968,10,0.037394728511571884,1,1
969,9,0.22294635884463787,2,1
970,8,0.024681083858013153,3,1
971,10,0.044179003685712814,1,1
972,9,0.1255655251443386,2,1
973,10,0.09194204956293106,1,1
974,4,0.10509643211428608,7,1
975,9,0.03627069108188152,2,1
976,9,0.2237559612840414,2,1
977,6,0.027856682240962983,5,1
978,9,0.011355224065482616,2,1
979,9,0.03706635581329465,2,1
980,6,0.04077277816832066,5,1
981,10,0.047221992164850235,1,1
982,9,0.03867468237876892,2,1
983,5,0.03709312823290626,6,1
984,7,0.08860809123143554,4,1
985,7,0.03127412800677121,4,1
986,10,0.4982973635196686,1,1
987,9,0.029613427817821503,2,1
988,7,0.07599746529012918,4,1
989,9,0.05216266214847565,2,1
990,7,0.04576814780011773,4,1
991,3,0.08791511657182127,8,1
992,9,0.018515476025640965,2,1
993,7,0.05593622103333473,4,1
994,10,0.012310834601521492,1,1
995,10,0.018524710088968277,1,1
996,9,0.0225797388702631,2,1
997,10,0.022885533049702644,1,1
998,8,0.03827321156859398,3,1
999,10,0.5099306106567383,1,1
1000,8,0.025350942586859066,3,1
1,8,0.0274726835389932,3,1
2,9,0.03768354468047619,2,1
3,8,0.03142441809177399,3,1
4,10,0.016464686021208763,1,1
5,6,0.09861715752631425,5,1
6,8,0.03414701856672764,3,1
7,10,0.019785013049840927,1,1
8,10,0.0569235160946846,1,1
9,8,0.03407781974722942,3,1
10,10,0.03217262402176857,1,1
11,10,0.01854867860674858,1,1
12,9,0.012762025464326143,2,1
13,8,0.03052329272031784,3,1
14,9,0.0191354313865304,2,1
15,10,0.008671480230987072,1,1
16,8,0.04853232825795809,3,1
17,9,0.05506968731060624,2,1
18,8,0.03788995370268822,3,1
19,7,0.03789828915614635,4,1
20,10,0.011531372554600239,1,1
21,-1,0.04328306329747041,12,1
22,8,0.03358277305960655,3,1
23,8,0.02949911666413148,3,1
24,9,0.029852635227143764,2,1
25,7,0.13150083972141147,4,1
26,6,0.054275060445070265,5,1
27,8,0.18133665124575296,3,1
28,8,0.0841485783457756,3,1
29,8,0.04963183216750622,3,1
30,8,0.02303603881349166,3,1
31,9,0.14137275191023946,2,1
32,10,0.04048684611916542,1,1
33,8,0.04100844947000345,3,1
34,9,0.022514493204653263,2,1
35,9,0.0222788630053401,2,1
36,7,0.11874589836224914,4,1
37,7,0.12192551698535681,4,1
38,8,0.029196226658920448,3,1
39,7,0.16275989636778831,4,1
40,7,0.16022312361747026,4,1
41,10,0.07985742390155792,1,1
42,6,0.03194403573870659,5,1
43,10,0.03920063376426697,1,1
44,10,0.03574679046869278,1,1
45,7,0.02801422029733658,4,1
46,10,0.03273724019527435,1,1
47,10,0.011117875576019287,1,1
48,6,0.030229299888014795,5,1
49,9,0.019592758268117905,2,1
50,8,0.09703247497479121,3,1
51,9,0.03940588794648647,2,1
52,9,0.05626991577446461,2,1
53,-50,0.08640048453584313,50,0
54,9,0.0322086326777935,2,1
55,8,0.020995977024237316,3,1
56,10,0.02998395264148712,1,1
57,8,0.033738929157455765,3,1
58,9,0.11533397622406483,2,1
59,8,0.02221100963652134,3,1
60,4,0.06075026760143893,7,1
61,8,0.09847568223873775,3,1
62,10,0.043070435523986816,1,1
63,8,0.06785197680195172,3,1
64,6,0.07291727885603905,5,1
65,7,0.06753973569720984,4,1
66,8,0.027030385409792263,3,1
67,-23,0.06419149925932288,34,1
68,6,0.0470137182623148,5,1
69,9,0.09343793988227844,2,1
70,8,0.16025268969436487,3,1
71,8,0.03259935726722082,3,1
72,6,0.10809363387525081,5,1
73,10,0.011273675598204136,1,1
74,9,0.023126808926463127,2,1
75,9,0.24439748749136925,2,1
76,9,0.07381072826683521,2,1
77,8,0.0198958907276392,3,1
78,8,0.07018240044514339,3,1
79,7,0.02432381676044315,4,1
80,10,0.01191733404994011,1,1
81,-50,0.04719063635915518,50,0
82,7,0.0160583327524364,4,1
83,7,0.022173978155478835,4,1
84,7,0.07324242545291781,4,1
85,7,0.05001735733821988,4,1
86,9,0.040354637429118156,2,1
87,8,0.03476779178405801,3,1
88,9,0.03983893431723118,2,1
89,8,0.014603363970915476,3,1
90,8,0.022833885935445625,3,1
91,6,0.03619143664836884,5,1
92,7,0.03130920743569732,4,1
93,9,0.011777129024267197,2,1
94,8,0.0326379102965196,3,1
95,9,0.013166883029043674,2,1
96,10,0.061614084988832474,1,1
97,10,0.007256077602505684,1,1
98,9,0.01676477724686265,2,1
99,7,0.02093102829530835,4,1
100,8,0.02117957640439272,3,1
101,10,0.03643279895186424,1,1
102,8,0.033763435669243336,3,1
103,0,0.023878930263559927,11,1
104,8,0.016658563166856766,3,1
105,9,0.02506366092711687,2,1
106,5,0.022676407049099605,6,1
107,7,0.013586768414825201,4,1
108,7,0.0235028478782624,4,1
109,9,0.05034986883401871,2,1
110,5,0.03373909182846546,6,1
111,7,0.037373483180999756,4,1
112,-10,0.16098423302173615,1,0
113,10,0.018110038712620735,1,1
114,10,0.013801631517708302,1,1
115,9,0.09365224093198776,2,1
116,8,0.05043953532973925,3,1
117,8,0.05775834247469902,3,1
118,9,0.1901667695492506,2,1
119,9,0.020953156054019928,2,1
120,10,0.10295216739177704,1,1
121,9,0.07898339629173279,2,1
122,8,0.022706049184004467,3,1
123,8,0.03972511552274227,3,1
124,5,0.040200988141198955,6,1
125,9,0.02682636957615614,2,1
126,7,0.049915609415620565,4,1
127,8,0.1481772419065237,3,1
128,10,0.09476535767316818,1,1
129,6,0.03388955481350422,5,1
130,8,0.020578258981307346,3,1
131,9,0.0371273816563189,2,1
132,5,0.029738453061630327,6,1
133,9,0.049062104895710945,2,1
134,9,0.03052528388798237,2,1
135,9,0.16405261680483818,2,1
136,9,0.03184565529227257,2,1
137,7,0.026479467283934355,4,1
138,10,0.013210145756602287,1,1
139,7,0.02236578962765634,4,1
140,6,0.03129471093416214,5,1
141,8,0.01831971015781164,3,1
142,8,0.03301355677346388,3,1
143,9,0.04719051532447338,2,1
144,-50,0.04743281359784305,50,0
145,9,0.015220976434648037,2,1
146,8,0.020717664311329525,3,1
147,10,0.0320500023663044,1,1
148,9,0.08081912389025092,2,1
149,-50,0.05485265014693141,50,0
150,9,0.034941766411066055,2,1
151,8,0.027136091763774555,3,1
152,9,0.04316866211593151,2,1
153,10,0.023623142391443253,1,1
154,7,0.0347695997916162,4,1
155,10,0.04729969799518585,1,1
156,6,0.029274730756878854,5,1
157,9,0.048748765140771866,2,1
158,7,0.0359089276753366,4,1
159,5,0.028293198129783075,6,1
160,2,0.029449236889680225,9,1
161,9,0.01788073917850852,2,1
162,7,0.0882836093660444,4,1
163,7,0.018178524915128946,4,1
164,5,0.07070730611061056,6,1
165,9,0.016199607402086258,2,1
166,10,0.011438132263720036,1,1
167,8,0.04402703729768594,3,1
168,-54,0.02500329605407185,45,0
169,8,0.03170917555689812,3,1
170,9,0.0304951136931777,2,1
171,7,0.032504367642104626,4,1
172,5,0.01997425112252434,6,1
173,8,0.017267798849691946,3,1
174,9,0.09598999284207821,2,1
175,9,0.12962928507477045,2,1
176,7,0.060031221131794155,4,1
177,10,0.009929820895195007,1,1
178,9,0.18734277365729213,2,1
179,8,0.033305600906411804,3,1
180,-50,0.054601614642888305,50,0
181,7,0.032470811856910586,4,1
182,10,0.050840720534324646,1,1
183,6,0.017933453433215618,5,1
184,10,0.01047544740140438,1,1
185,8,0.03132424751917521,3,1
186,10,0.011334618553519249,1,1
187,10,0.05776047334074974,1,1
188,8,0.11364827988048394,3,1
189,7,0.03722410881891847,4,1
190,6,0.0510050605982542,5,1
191,9,0.08915265370160341,2,1
192,8,0.02045906614512205,3,1
193,7,0.041163927875459194,4,1
194,8,0.021246479203303654,3,1
195,10,0.021752042695879936,1,1
196,9,0.018961765803396702,2,1
197,7,0.03565485496073961,4,1
198,7,0.02055934863165021,4,1
199,7,0.029728227760642767,4,1
200,9,0.01644662581384182,2,1
201,10,0.018620314076542854,1,1
202,7,0.039107671007514,4,1
203,8,0.01613293991734584,3,1
204,7,0.027351722586899996,4,1
205,6,0.06114208716899157,5,1
206,-50,0.0397158613242209,50,0
207,10,0.07942066341638565,1,1
208,10,0.01552904024720192,1,1
209,10,0.12278984487056732,1,1
210,9,0.05807626619935036,2,1
211,8,0.047094475477933884,3,1
212,9,0.0848287008702755,2,1
213,8,0.07259845981995265,3,1
214,10,0.018816743046045303,1,1
215,9,0.025947158224880695,2,1
216,7,0.021334842313081026,4,1
217,10,0.039325274527072906,1,1
218,9,0.014117866288870573,2,1
219,7,0.11879716161638498,4,1
220,7,0.02029976062476635,4,1
221,10,0.015340124256908894,1,1
222,7,0.03345655836164951,4,1
223,6,0.023281828872859477,5,1
224,8,0.13000453108300766,3,1
225,9,0.014133471064269543,2,1
226,10,0.013878028839826584,1,1
227,9,0.017968549858778715,2,1
228,8,0.039969414472579956,3,1
229,6,0.037363963574171065,5,1
230,9,0.013886306434869766,2,1
231,9,0.015464512631297112,2,1
232,9,0.018650520127266645,2,1
233,7,0.010045807808637619,4,1
234,6,0.017974089086055755,5,1
235,8,0.014834988862276077,3,1
236,8,0.012008617787311474,3,1
237,8,0.020821945120890934,3,1
238,9,0.013613108545541763,2,1
239,10,0.0125724570825696,1,1
240,6,0.03817507978528738,5,1
241,7,0.013725657598115504,4,1
242,6,0.02086351802572608,5,1
243,8,0.012368297825256983,3,1
244,7,0.018126297276467085,4,1
245,7,0.012847432401031256,4,1
246,8,0.05863001414885124,3,1
247,8,0.018983939041694004,3,1
248,6,0.014124973304569721,5,1
249,5,0.020454335104053218,6,1
250,8,0.011484360788017511,3,1
251,8,0.015394731114308039,3,1
252,-50,0.042399320523254576,50,0
253,5,0.017362844664603472,6,1
254,9,0.014142574742436409,2,1
255,7,0.0755121863912791,4,1
256,10,0.029440412297844887,1,1
257,8,0.030592957511544228,3,1
258,8,0.08962502578894298,3,1
259,8,0.011776288971304893,3,1
260,8,0.023715798432628315,3,1
261,8,0.011387196059028307,3,1
262,6,0.012988656293600798,5,1
263,10,0.076167531311512,1,1
264,9,0.014376192353665829,2,1
265,10,0.009539571590721607,1,1
266,-50,0.0446153649315238,50,0
267,9,0.012234699446707964,2,1
268,-19,0.06239014072343707,10,0
269,7,0.018914399668574333,4,1
270,6,0.026809065230190755,5,1
271,10,0.022265803068876266,1,1
272,9,0.0168600520119071,2,1
273,9,0.022528797388076782,2,1
274,4,0.039606306834944656,7,1
275,10,0.07981226593255997,1,1
276,-10,0.044000741094350815,1,0
277,10,0.07921621203422546,1,1
278,9,0.018982239067554474,2,1
279,9,0.08418066054582596,2,1
280,8,0.027958925813436508,3,1
281,8,0.021123992279171944,3,1
282,6,0.03522559143602848,5,1
283,10,0.025908607989549637,1,1
284,-10,0.032355692237615585,1,0
285,9,0.027536999434232712,2,1
286,8,0.02317840823282798,3,1
287,5,0.07317646266892552,6,1
288,8,0.21603461851676306,3,1
289,9,0.026097853668034077,2,1
290,10,0.01301835011690855,1,1
291,9,0.014296986162662506,2,1
292,6,0.018637250550091265,5,1
293,6,0.06325723491609096,5,1
294,10,0.021300217136740685,1,1
295,6,0.024964917823672293,5,1
296,4,0.04450021471296038,7,1
297,9,0.030737044289708138,2,1
298,1,0.021004643850028516,10,1
299,9,0.012959256768226624,2,1
300,8,0.0290316604077816,3,1
301,8,0.020813866207997005,3,1
302,9,0.02899376768618822,2,1
303,9,0.014425969682633877,2,1
304,9,0.04165646806359291,2,1
305,10,0.009675501845777035,1,1
306,6,0.12351322416216134,5,1
307,6,0.13511443957686425,5,1
308,10,0.042021941393613815,1,1
309,9,0.020984381437301636,2,1
310,7,0.046437150333076715,4,1
311,8,0.19330428975323835,3,1
312,9,0.03742413967847824,2,1
313,7,0.020539297489449382,4,1
314,9,0.02272955677472055,2,1
315,8,0.014937922979394594,3,1
316,10,0.03479301929473877,1,1
317,9,0.024263808503746986,2,1
318,9,0.022587729152292013,2,1
319,8,0.024638918228447437,3,1
320,5,0.09604099889596303,6,1
321,7,0.01698232302442193,4,1
322,10,0.017741337418556213,1,1
323,9,0.012977639678865671,2,1
324,8,0.11951861934115489,3,1
325,9,0.007947174133732915,2,1
326,10,0.01110763568431139,1,1
327,7,0.01373411575332284,4,1
328,9,0.01774104731157422,2,1
329,10,0.005335449706763029,1,1
330,9,0.07780269999057055,2,1
331,6,0.050405665300786495,5,1
332,10,0.006035929545760155,1,1
333,-8,0.06868113430314943,19,1
334,7,0.1429314063861966,4,1
335,-35,0.035250372324998565,26,0
336,9,0.049447763711214066,2,1
337,9,0.12690908089280128,2,1
338,7,0.08635891508311033,4,1
339,5,0.08175033268829186,6,1
340,10,0.02426275983452797,1,1
341,9,0.018414384219795465,2,1
342,9,0.051970064640045166,2,1
343,8,0.04620457130173842,3,1
344,8,0.04903869734456142,3,1
345,8,0.02465755430360635,3,1
346,8,0.04704047987858454,3,1
347,7,0.12360636051744223,4,1
348,8,0.019195925444364548,3,1
349,9,0.037630857434123755,2,1
350,10,0.00827452726662159,1,1
351,8,0.16941271970669428,3,1
352,10,0.023356694728136063,1,1
353,7,0.029485447332262993,4,1
354,9,0.01944739744067192,2,1
355,8,0.11584967902551095,3,1
356,9,0.025821576826274395,2,1
357,10,0.028085971251130104,1,1
358,8,0.01783456653356552,3,1
359,8,0.0289190790305535,3,1
360,9,0.412913054227829,2,1
361,10,0.021961582824587822,1,1
362,9,0.01482420600950718,2,1
363,10,0.027744676917791367,1,1
364,8,0.040010505666335426,3,1
365,10,0.017712567001581192,1,1
366,8,0.022058476073046524,3,1
367,10,0.031864672899246216,1,1
368,8,0.01820121705532074,3,1
369,10,0.015799513086676598,1,1
370,8,0.014729672422011694,3,1
371,9,0.33561307191848755,2,1
372,9,0.1073901318013668,2,1
373,9,0.05063536483794451,2,1
374,9,0.049697116017341614,2,1
375,10,0.05178079754114151,1,1
376,6,0.05446940287947655,5,1
377,7,0.06379193998873234,4,1
378,9,0.058469779789447784,2,1
379,9,0.021587934345006943,2,1
380,9,0.22123519331216812,2,1
381,9,0.019391012378036976,2,1
382,8,0.029122907978792984,3,1
383,7,0.05763864191249013,4,1
384,10,0.1765914410352707,1,1
385,6,0.023062596470117568,5,1
386,9,0.03441463224589825,2,1
387,7,0.02293878933414817,4,1
388,9,0.03136808052659035,2,1
389,-15,0.056232530229653306,26,1
390,9,0.0871343407779932,2,1
391,9,0.017736962996423244,2,1
392,8,0.02395559288561344,3,1
393,10,0.023892639204859734,1,1
394,6,0.07487137019634246,5,1
395,9,0.019005357287824154,2,1
396,8,0.2040406974653403,3,1
397,10,0.013002350926399231,1,1
398,10,0.032560206949710846,1,1
399,8,0.016705039888620377,3,1
400,9,0.011663913261145353,2,1
401,8,0.02820911444723606,3,1
402,9,0.0132418442517519,2,1
403,10,0.01169153954833746,1,1
404,7,0.03988467052113265,4,1
405,10,0.011214233934879303,1,1
406,6,0.1959328157827258,5,1
407,9,0.014929072000086308,2,1
408,7,0.04491913411766291,4,1
409,10,0.014364255592226982,1,1
410,10,0.007947643287479877,1,1
411,7,0.01736449869349599,4,1
412,10,0.03353415057063103,1,1
413,10,0.013864697888493538,1,1
414,8,0.16948269587010145,3,1
415,9,0.2714697252959013,2,1
416,10,0.007839294150471687,1,1
417,7,0.01706884545274079,4,1
418,6,0.023083697073161602,5,1
419,10,0.021373607218265533,1,1
420,7,0.018758000805974007,4,1
421,9,0.02590914350003004,2,1
422,9,0.028769499622285366,2,1
423,8,0.03513668539623419,3,1
424,8,0.01817263538638751,3,1
425,8,0.03882602726419767,3,1
426,8,0.08968961518257856,3,1
427,9,0.030052502639591694,2,1
428,10,0.02504926361143589,1,1
429,10,0.01832875795662403,1,1
430,10,0.020240774378180504,1,1
431,9,0.05969851650297642,2,1
432,7,0.26589513826183975,4,1
433,10,0.03914562240242958,1,1
434,7,0.016911827260628343,4,1
435,-50,0.03777641508728266,50,0
436,-18,0.03503549664184965,29,1
437,9,0.027362113818526268,2,1
438,8,0.015366984531283379,3,1
439,9,0.26229397393763065,2,1
440,8,0.023052560165524483,3,1
441,10,0.011612866073846817,1,1
442,9,0.012116094585508108,2,1
443,8,0.012299242118994394,3,1
444,7,0.014427805319428444,4,1
445,-2,0.026674032641144898,13,1
446,10,0.057369280606508255,1,1
447,5,0.15286904790749153,6,1
448,9,0.029815928544849157,2,1
449,-1,0.036281097369889416,12,1
450,9,0.04084605723619461,2,1
451,9,0.015607953071594238,2,1
452,9,0.026096840389072895,2,1
453,8,0.012116525943080584,3,1
454,9,0.023545389994978905,2,1
455,10,0.02063927985727787,1,1
456,6,0.012170430645346642,5,1
457,6,0.04577012658119202,5,1
458,10,0.013813761062920094,1,1
459,7,0.015192473540082574,4,1
460,9,0.03233459033071995,2,1
461,8,0.014982159249484539,3,1
462,-8,0.06829164358542154,19,1
463,7,0.028994495514780283,4,1
464,5,0.030873744593312342,6,1
465,8,0.16693428127715984,3,1
466,10,0.020146746188402176,1,1
467,-12,0.0330353065704306,3,0
468,2,0.021153451667891607,9,1
469,10,0.2389070987701416,1,1
470,10,0.01514302659779787,1,1
471,9,0.012809662614017725,2,1
472,9,0.018767251633107662,2,1
473,8,0.019150325407584507,3,1
474,8,0.01880303459862868,3,1
475,7,0.030170722864568233,4,1
476,7,0.04559770040214062,4,1
477,9,0.017139482777565718,2,1
478,8,0.06113101479907831,3,1
479,6,0.0540291216224432,5,1
480,9,0.013285274617373943,2,1
481,7,0.02622715849429369,4,1
482,10,0.012584550306200981,1,1
483,10,0.011512266471982002,1,1
484,7,0.04987930227071047,4,1
485,10,0.060059573501348495,1,1
486,9,0.027605576440691948,2,1
487,6,0.1873808292672038,5,1
488,8,0.0647285000110666,3,1
489,8,0.021174628287553787,3,1
490,8,0.01714013113329808,3,1
491,5,0.032780157402157784,6,1
492,8,0.03977418132126331,3,1
493,7,0.1243754643946886,4,1
494,8,0.029034109475711983,3,1
495,5,0.12943743262439966,6,1
496,8,0.026456464392443497,3,1
497,10,0.017321662977337837,1,1
498,10,0.028659027069807053,1,1
499,8,0.021081843102971714,3,1
500,9,0.023444126592949033,2,1
501,9,0.03306771069765091,2,1
502,7,0.02511462033726275,4,1
503,9,0.030483203940093517,2,1
504,10,0.012762551195919514,1,1
505,9,0.012212303932756186,2,1
506,10,0.009704893454909325,1,1
507,8,0.02635149471461773,3,1
508,9,0.02563247410580516,2,1
509,7,0.024150512414053082,4,1
510,5,0.02751329184199373,6,1
511,9,0.02581620402634144,2,1
512,9,0.06734194979071617,2,1
513,7,0.034615375101566315,4,1
514,4,0.02877272612282208,7,1
515,7,0.023947665002197027,4,1
516,9,0.021520783426240087,2,1
517,9,0.016103463247418404,2,1
518,10,0.008977111428976059,1,1
519,-15,0.04926929544084347,26,1
520,7,0.042416795156896114,4,1
521,8,0.026873669276634853,3,1
522,9,0.04481570050120354,2,1
523,6,0.02444111220538616,5,1
524,9,0.17396501917392015,2,1
525,10,0.014672238379716873,1,1
526,10,0.018789395689964294,1,1
527,10,0.07620996236801147,1,1
528,8,0.0167397391051054,3,1
529,10,0.023865900933742523,1,1
530,7,0.05281561193987727,4,1
531,9,0.020846206229180098,2,1
532,7,0.02470859559252858,4,1
533,10,0.027791883796453476,1,1
534,8,0.02657332302381595,3,1
535,9,0.24107837304472923,2,1
536,5,0.029404023196548223,6,1
537,8,0.03767821192741394,3,1
538,9,0.03601075103506446,2,1
539,8,0.015473258215934038,3,1
540,8,0.1426964538792769,3,1
541,10,0.02110711857676506,1,1
542,8,0.017525194212794304,3,1
543,8,0.018818709068000317,3,1
544,8,0.025144098947445553,3,1
545,7,0.019027225207537413,4,1
546,6,0.023666578717529772,5,1
547,9,0.02037129458039999,2,1
548,7,0.01559563772752881,4,1
549,10,0.011305054649710655,1,1
550,7,0.0988578125834465,4,1
551,8,0.11386136462291081,3,1
552,8,0.015854152850806713,3,1
553,5,0.016724156215786934,6,1
554,8,0.020570526520411175,3,1
555,8,0.06285807397216558,3,1
556,9,0.019121423363685608,2,1
557,7,0.11448181909509003,4,1
558,10,0.010676681995391846,1,1
559,9,0.02511742990463972,2,1
560,8,0.049446215853095055,3,1
561,9,0.013885964639484882,2,1
562,9,0.030175046995282173,2,1
563,8,0.026376665259401005,3,1
564,8,0.019932454451918602,3,1
565,10,0.009956845082342625,1,1
566,9,0.020117432810366154,2,1
567,6,0.023449990525841714,5,1
568,10,0.027813522145152092,1,1
569,-12,0.03159800544381142,3,0
570,6,0.013165580760687589,5,1
571,8,0.01981546450406313,3,1
572,6,0.08638751627877354,5,1
573,10,0.017497528344392776,1,1
574,9,0.021173257380723953,2,1
575,9,0.012671515345573425,2,1
576,9,0.034233208745718,2,1
577,9,0.24166657496243715,2,1
578,9,0.01832637097686529,2,1
579,5,0.0709741769824177,6,1
580,10,0.012824609875679016,1,1
581,10,0.007719418965280056,1,1
582,9,0.014834464993327856,2,1
583,8,0.019437323324382305,3,1
584,8,0.16744218611468872,3,1
585,10,0.023287929594516754,1,1
586,10,0.00539962574839592,1,1
587,6,0.04298323728144169,5,1
588,8,0.020523636291424435,3,1
589,10,0.004464414436370134,1,1
590,10,0.020805394276976585,1,1
591,-10,0.4039391279220581,1,0
592,9,0.021053454838693142,2,1
593,10,0.008947017602622509,1,1
594,9,0.01897944649681449,2,1
595,9,0.21864080615341663,2,1
596,9,0.016541809309273958,2,1
597,10,0.053250882774591446,1,1
598,5,0.02638246879602472,6,1
599,9,0.01109382975846529,2,1
600,8,0.018740237535287935,3,1
601,8,0.18526391591876745,3,1
602,8,0.03490332141518593,3,1
603,8,0.02351655624806881,3,1
604,10,0.010233202017843723,1,1
605,8,0.025211218123634655,3,1
606,8,0.016667171381413937,3,1
607,7,0.029406384332105517,4,1
608,9,0.01063810009509325,2,1
609,8,0.014944859780371189,3,1
610,5,0.016470708418637514,6,1
611,9,0.01568272290751338,2,1
612,9,0.01860824692994356,2,1
613,10,0.013311372138559818,1,1
614,-12,0.022482773909966152,3,0
615,8,0.1715452525143822,3,1
616,7,0.08646754687651992,4,1
617,10,0.013025041669607162,1,1
618,8,0.017263366530338924,3,1
619,8,0.009405644920965036,3,1
620,8,0.16364054133494696,3,1
621,9,0.018244171515107155,2,1
622,9,0.025214926805347204,2,1
623,10,0.0155428322032094,1,1
624,9,0.02353998925536871,2,1
625,1,0.020911677926778793,10,1
626,10,0.009248519316315651,1,1
627,8,0.014220773863295713,3,1
628,10,0.04196745902299881,1,1
629,7,0.15615869115572423,4,1
630,9,0.24857852421700954,2,1
631,8,0.025199734916289646,3,1
632,-8,0.04141174423459329,19,1
633,8,0.11838365346193314,3,1
634,7,0.04865811951458454,4,1
635,10,0.015973936766386032,1,1
636,8,0.021564686050017674,3,1
637,8,0.042374431155622005,3,1
638,8,0.02095127912859122,3,1
639,7,0.044761454220861197,4,1
640,10,0.01310900878161192,1,1
641,9,0.16116702742874622,2,1
642,10,0.016360213980078697,1,1
643,8,0.06172345578670502,3,1
644,8,0.03487112248937289,3,1
645,9,0.01642894372344017,2,1
646,-50,0.04063516303896904,50,0
647,9,0.05194064415991306,2,1
648,10,0.02853306010365486,1,1
649,8,0.12444863220055898,3,1
650,8,0.0216746103639404,3,1
651,7,0.05419850628823042,4,1
652,10,0.03194018825888634,1,1
653,9,0.04395703226327896,2,1
654,7,0.029260059352964163,4,1
655,4,0.026637304175112928,7,1
656,10,0.02689899131655693,1,1
657,7,0.01290165912359953,4,1
658,9,0.013233701698482037,2,1
659,8,0.020669978111982346,3,1
660,9,0.03306978568434715,2,1
661,7,0.08025803556665778,4,1
662,9,0.18554828874766827,2,1
663,8,0.02618575592835744,3,1
664,6,0.10032454058527947,5,1
665,7,0.100508036557585,4,1
666,7,0.11291681556031108,4,1
667,7,0.030636057257652283,4,1
668,10,0.02809794433414936,1,1
669,6,0.036909018829464915,5,1
670,9,0.01221766835078597,2,1
671,-11,0.03321893699467182,2,0
672,7,0.06116508785635233,4,1
673,8,0.019363364515205223,3,1
674,-11,0.027137935161590576,2,0
675,-8,0.04274318930938056,19,1
676,7,0.03388681774958968,4,1
677,10,0.12438793480396271,1,1
678,10,0.01534971408545971,1,1
679,10,0.020608240738511086,1,1
680,8,0.03227202159663042,3,1
681,6,0.023302612267434596,5,1
682,7,0.017179787391796708,4,1
683,10,0.031530581414699554,1,1
684,9,0.02086139377206564,2,1
685,8,0.01099896306792895,3,1
686,10,0.04425375536084175,1,1
687,6,0.13694960437715054,5,1
688,8,0.01950232669090231,3,1
689,9,0.015349595807492733,2,1
690,9,0.01178903877735138,2,1
691,-10,0.015531354583799839,1,0
692,8,0.013151876783619324,3,1
693,10,0.41989225149154663,1,1
694,9,0.45390523970127106,2,1
695,-38,0.042919301299442505,29,0
696,7,0.07530701369978487,4,1
697,10,0.02086309716105461,1,1
698,8,0.01759298952917258,3,1
699,8,0.025783851121862728,3,1
700,8,0.01671440154314041,3,1
701,8,0.02825460924456517,3,1
702,8,0.048588780065377556,3,1
703,10,0.015353036113083363,1,1
704,9,0.027992631308734417,2,1
705,9,0.038973767310380936,2,1
706,9,0.038575952872633934,2,1
707,9,0.279596368316561,2,1
708,7,0.027245315490290523,4,1
709,7,0.07006894703954458,4,1
710,9,0.02095695771276951,2,1
711,10,0.03048446774482727,1,1
712,9,0.08154050633311272,2,1
713,7,0.0877360668964684,4,1
714,10,0.01660851575434208,1,1
715,7,0.026060444302856922,4,1
716,9,0.017864116933196783,2,1
717,8,0.020049080873529117,3,1
718,8,0.014702469110488892,3,1
719,8,0.03382001258432865,3,1
720,9,0.02072210982441902,2,1
721,2,0.05647746618423197,9,1
722,6,0.03586312048137188,5,1
723,6,0.042715029790997505,5,1
724,10,0.024664681404829025,1,1
725,9,0.25923335924744606,2,1
726,9,0.0346792321652174,2,1
727,10,0.0604834146797657,1,1
728,9,0.13385169208049774,2,1
729,6,0.06465683784335852,5,1
730,8,0.0421732726196448,3,1
731,10,0.07009360194206238,1,1
732,-49,0.08175828638486564,40,0
733,9,0.018092292826622725,2,1
734,9,0.029841454699635506,2,1
735,9,0.01817193813621998,2,1
736,7,0.02248166617937386,4,1
737,6,0.08856054861098528,5,1
738,6,0.08720272667706012,5,1
739,6,0.134541760571301,5,1
740,10,0.01737997867166996,1,1
741,9,0.025233938358724117,2,1
742,9,0.0278274598531425,2,1
743,10,0.01903555728495121,1,1
744,8,0.0592384043460091,3,1
745,8,0.019304723168412845,3,1
746,8,0.1248650389413039,3,1
747,8,0.11737349505225818,3,1
748,9,0.014710594899952412,2,1
749,10,0.007685724180191755,1,1
750,8,0.027725216932594776,3,1
751,10,0.009823235683143139,1,1
752,7,0.029742063721641898,4,1
753,8,0.024122303041319054,3,1
754,6,0.027539481595158576,5,1
755,9,0.030765697360038757,2,1
756,9,0.01729275705292821,2,1
757,8,0.04674868596096834,3,1
758,8,0.021841276437044144,3,1
759,9,0.030572023941203952,2,1
760,8,0.041016481816768646,3,1
761,8,0.03578760537008444,3,1
762,8,0.020857060017685097,3,1
763,8,0.042868842060367264,3,1
764,10,0.5424938797950745,1,1
765,10,0.021099478006362915,1,1
766,9,0.022437906824052334,2,1
767,7,0.025016136467456818,4,1
768,7,0.07323115319013596,4,1
769,7,0.08788810530677438,4,1
770,8,0.018589458738764126,3,1
771,9,0.021631072275340557,2,1
772,9,0.02282782271504402,2,1
773,10,0.014293331652879715,1,1
774,10,0.039255183190107346,1,1
775,8,0.027146231072644394,3,1
776,8,0.09029973049958546,3,1
777,8,0.026270555953184765,3,1
778,9,0.040926212444901466,2,1
779,8,0.02348317950963974,3,1
780,8,0.051871334513028465,3,1
781,8,0.13741036970168352,3,1
782,8,0.022206134162843227,3,1
783,9,0.0980460774153471,2,1
784,8,0.01018439419567585,3,1
785,7,0.19451597519218922,4,1
786,-31,0.07008065253363124,42,1
787,9,0.029956595040857792,2,1
788,10,0.05020250380039215,1,1
789,7,0.13271953724324703,4,1
790,7,0.11187091236934066,4,1
791,8,0.037243189911047615,3,1
792,7,0.15685920137912035,4,1
793,9,0.08944657444953918,2,1
794,10,0.285468190908432,1,1
795,10,0.021834731101989746,1,1
796,7,0.06807592581026256,4,1
797,10,0.11594723165035248,1,1
798,5,0.03905138839036226,6,1
799,7,0.034765108954161406,4,1
800,8,0.04343252753218015,3,1
801,8,0.0433643056700627,3,1
802,8,0.021484205809732277,3,1
803,10,0.022090032696723938,1,1
804,6,0.05512686260044575,5,1
805,9,0.03231486864387989,2,1
806,6,0.02224520482122898,5,1
807,10,0.009211880154907703,1,1
808,8,0.03064343115935723,3,1
809,8,0.019628072157502174,3,1
810,10,0.049181073904037476,1,1
811,9,0.014962415210902691,2,1
812,9,0.0823799641802907,2,1
813,10,0.014214828610420227,1,1
814,7,0.04667322407476604,4,1
815,8,0.020052237746616203,3,1
816,8,0.053194268917044006,3,1
817,9,0.15772538632154465,2,1
818,9,0.09797256998717785,2,1
819,7,0.03442500298842788,4,1
820,5,0.05377731860304872,6,1
821,9,0.03525120858103037,2,1
822,6,0.02539896424859762,5,1
823,9,0.017501681111752987,2,1
824,7,0.0921135600656271,4,1
825,9,0.030402102041989565,2,1
826,5,0.023332173315187294,6,1
827,9,0.11548975948244333,2,1
828,6,0.017799907363951206,5,1
829,8,0.07290389326711495,3,1
830,7,0.01975812716409564,4,1
831,7,0.025405547581613064,4,1
832,-14,0.020650019869208336,5,0
833,-50,0.05519011846743524,50,0
834,9,0.11658255942165852,2,1
835,7,0.06601186562329531,4,1
836,9,0.04770363587886095,2,1
837,7,0.04136923886835575,4,1
838,4,0.05157480122787612,7,1
839,9,0.026705746538937092,2,1
840,8,0.05202422849833965,3,1
841,7,0.04154649283736944,4,1
842,8,0.02346746561427911,3,1
843,10,0.03554445505142212,1,1
844,-58,0.04998008682563597,49,0
845,6,0.09913994576781988,5,1
846,9,0.015678882598876953,2,1
847,8,0.021545265490810078,3,1
848,7,0.0401948313228786,4,1
849,5,0.03435640331978599,6,1
850,5,0.02870573444912831,6,1
851,10,0.034512244164943695,1,1
852,8,0.030132756878932316,3,1
853,7,0.06709011318162084,4,1
854,6,0.035180738940834996,5,1
855,6,0.026233302988111974,5,1
856,9,0.022548343054950237,2,1
857,8,0.08344049255053203,3,1
858,8,0.02204703850050767,3,1
859,8,0.020333399064838886,3,1
860,8,0.08318899820248286,3,1
861,10,0.01208853255957365,1,1
862,10,0.01830975152552128,1,1
863,7,0.03652283549308777,4,1
864,8,0.13784760236740112,3,1
865,9,0.042679126374423504,2,1
866,7,0.026938514318317175,4,1
867,9,0.017181317787617445,2,1
868,7,0.019381799269467592,4,1
869,9,0.02891178196296096,2,1
870,8,0.01686253926406304,3,1
871,8,0.02285088940213124,3,1
872,9,0.01617185678333044,2,1
873,7,0.03514915565028787,4,1
874,9,0.018799406476318836,2,1
875,7,0.11633201478980482,4,1
876,6,0.02785732112824917,5,1
877,10,0.011062798090279102,1,1
878,9,0.17736732587218285,2,1
879,9,0.02753813285380602,2,1
880,1,0.024467783235013484,10,1
881,6,0.1699278149753809,5,1
882,6,0.035136161372065544,5,1
883,7,0.027507346589118242,4,1
884,9,0.02959524095058441,2,1
885,6,0.04928189627826214,5,1
886,9,0.05064187478274107,2,1
887,8,0.03657095072170099,3,1
888,9,0.05727024795487523,2,1
889,8,0.05468120239675045,3,1
890,9,0.0261530177667737,2,1
891,8,0.04136825663348039,3,1
892,10,0.010190093889832497,1,1
893,10,0.014629259705543518,1,1
894,8,0.049092501401901245,3,1
895,6,0.0428988628089428,5,1
896,7,0.022719661239534616,4,1
897,10,0.30868279933929443,1,1
898,9,0.016562435310333967,2,1
899,8,0.11803705586741368,3,1
900,10,0.049296822398900986,1,1
901,7,0.0476821344345808,4,1
902,8,0.045157188549637794,3,1
903,9,0.019587960559874773,2,1
904,8,0.04651001530388991,3,1
905,8,0.11579939350485802,3,1
906,8,0.033974661802252136,3,1
907,9,0.08180553652346134,2,1
908,8,0.022028229820231598,3,1
909,10,0.0676194429397583,1,1
910,10,0.09985975921154022,1,1
911,10,0.01932056061923504,1,1
912,8,0.02725095922748248,3,1
913,6,0.07966351583600044,5,1
914,-11,0.08103156322613358,2,0
915,8,0.03868328034877777,3,1
916,9,0.15513877291232347,2,1
917,8,0.05537708972891172,3,1
918,9,0.10568739846348763,2,1
919,6,0.15205173045396805,5,1
920,6,0.056515981629490855,5,1
921,7,0.043977903202176094,4,1
922,9,0.022708517499268055,2,1
923,10,0.04208662360906601,1,1
924,8,0.07486538713177045,3,1
925,7,0.03624740010127425,4,1
926,5,0.036873224191367626,6,1
927,10,0.01818183809518814,1,1
928,4,0.03611149745328086,7,1
929,10,0.015063290484249592,1,1
930,8,0.08274788906176885,3,1
931,5,0.03465020718673865,6,1
932,7,0.08221652545034885,4,1
933,8,0.05887182429432869,3,1
934,9,0.029061414301395416,2,1
935,8,0.052943987771868706,3,1
936,-5,0.049446221557445824,16,1
937,7,0.03397675324231386,4,1
938,7,0.028251260751858354,4,1
939,8,0.02981448918581009,3,1
940,9,0.03519534133374691,2,1
941,10,0.03925814479589462,1,1
942,9,0.02153310924768448,2,1
943,9,0.053805057890713215,2,1
944,9,0.028317787684500217,2,1
945,9,0.06197522580623627,2,1
946,9,0.03792930906638503,2,1
947,10,0.27781426906585693,1,1
948,10,0.026571501046419144,1,1
949,9,0.03655431419610977,2,1
950,7,0.11380519066005945,4,1
951,8,0.03426512082417806,3,1
952,7,0.03846739628352225,4,1
953,7,0.05035335011780262,4,1
954,7,0.10994567722082138,4,1
955,6,0.09008865319192409,5,1
956,-6,0.09519120070206769,17,1
957,7,0.047501638531684875,4,1
958,8,0.10945799760520458,3,1
959,8,0.13810896376768747,3,1
960,9,0.03596959915012121,2,1
961,7,0.04908898379653692,4,1
962,7,0.0570439207367599,4,1
963,10,0.027923597022891045,1,1
964,8,0.01996237225830555,3,1
965,-6,0.07237075992366847,17,1
966,8,0.02760041815539201,3,1
967,9,0.02047783136367798,2,1
968,7,0.029789418913424015,4,1
969,7,0.030262586195021868,4,1
970,8,0.056218372037013374,3,1
971,9,0.0337307583540678,2,1
972,10,0.08901511132717133,1,1
973,8,0.047110121697187424,3,1
974,7,0.041844685561954975,4,1
975,2,0.030297811660501692,9,1
976,6,0.04616719745099544,5,1
977,9,0.018882214557379484,2,1
978,6,0.0763805815950036,5,1
979,8,0.02447461523115635,3,1
980,-50,0.04249450743198395,50,0
981,8,0.028790384531021118,3,1
982,1,0.03233708254992962,10,1
983,9,0.03745146654546261,2,1
984,10,0.0397111140191555,1,1
985,10,0.048903919756412506,1,1
986,-13,0.04586060345172882,4,0
987,6,0.03988473322242499,5,1
988,7,0.030987061094492674,4,1
989,10,0.017295092344284058,1,1
990,-12,0.014859652146697044,3,0
991,8,0.04147759762903055,3,1
992,10,0.08627021312713623,1,1
993,7,0.04139314452186227,4,1
994,10,0.02071305364370346,1,1
995,7,0.06276580831035972,4,1
996,8,0.1907184012234211,3,1
997,9,0.12951625138521194,2,1
998,8,0.040624783684810005,3,1
999,9,0.02161528915166855,2,1
1000,5,0.06220889386410514,6,1
1,-11,0.05061448737978935,2,0
2,7,0.047392106615006924,4,1
3,7,0.037800425197929144,4,1
4,9,0.019322052597999573,2,1
5,10,0.03199562430381775,1,1
6,7,0.040028772316873074,4,1
7,10,0.02188723161816597,1,1
8,10,0.247213214635849,1,1
9,7,0.03531751246191561,4,1
10,9,0.023215029388666153,2,1
11,9,0.07873453572392464,2,1
12,7,0.05929791368544102,4,1
13,10,0.04094735160470009,1,1
14,10,0.06853330880403519,1,1
15,8,0.0644968415920933,3,1
16,8,0.05006049325068792,3,1
17,9,0.025551050901412964,2,1
18,10,0.03844398632645607,1,1
19,8,0.06758978466192882,3,1
20,8,0.0436824094504118,3,1
21,8,0.022962865109244984,3,1
22,8,0.04369396778444449,3,1
23,5,0.05533683144797882,6,1
24,-10,0.027178524062037468,1,0
25,10,0.017332294955849648,1,1
26,10,0.1911677122116089,1,1
27,10,0.02342311292886734,1,1
28,6,0.04181355070322752,5,1
29,10,0.010240189731121063,1,1
30,7,0.15999451279640198,4,1
31,9,0.013024757616221905,2,1
32,9,0.03238384798169136,2,1
33,10,0.040586892515420914,1,1
34,9,0.02577122626826167,2,1
35,6,0.030537334829568864,5,1
36,7,0.06067788926884532,4,1
37,10,0.025607898831367493,1,1
38,8,0.026427969336509705,3,1
39,10,0.008700724691152573,1,1
40,8,0.027258298980693024,3,1
41,10,0.011236813850700855,1,1
42,8,0.023062119260430336,3,1
43,-17,0.07488232420291752,8,0
44,8,0.029202666133642197,3,1
45,8,0.02636021561920643,3,1
46,7,0.03883693634998053,4,1
47,6,0.05249575302004814,5,1
48,2,0.021802374472220738,9,1
49,9,0.019382531754672527,2,1
50,10,0.03446535766124725,1,1
51,9,0.035229998640716076,2,1
52,6,0.07084990069270133,5,1
53,7,0.024670293321833014,4,1
54,7,0.037175137898884714,4,1
55,10,0.009946504607796669,1,1
56,9,0.03979932516813278,2,1
57,7,0.15025378484278917,4,1
58,7,0.02654087427072227,4,1
59,7,0.01986616337671876,4,1
60,8,0.018254278227686882,3,1
61,5,0.08596740080974996,6,1
62,10,0.019875869154930115,1,1
63,10,0.027469221502542496,1,1
64,10,0.011052336543798447,1,1
65,9,0.052117503713816404,2,1
66,-11,0.23585486318916082,2,0
67,10,0.014056029729545116,1,1
68,7,0.0381869082339108,4,1
69,10,0.038494259119033813,1,1
70,8,0.03836801772316297,3,1
71,3,0.05458963173441589,8,1
72,7,0.041818537283688784,4,1
73,9,0.03112254198640585,2,1
74,8,0.1413161096473535,3,1
75,6,0.03179919831454754,5,1
76,9,0.036552516743540764,2,1
77,7,0.026449406053870916,4,1
78,9,0.017318430356681347,2,1
79,6,0.04976860247552395,5,1
80,6,0.022571187093853952,5,1
81,0,0.06257533569904891,11,1
82,8,0.03094116101662318,3,1
83,9,0.022407674230635166,2,1
84,8,0.26743722955385846,3,1
85,10,0.01032939087599516,1,1
86,5,0.024114408064633608,6,1
87,6,0.11174603700637817,5,1
88,9,0.0353952688165009,2,1
89,-20,0.0786074765867764,31,1
90,7,0.2393675441853702,4,1
91,9,0.03732661344110966,2,1
92,9,0.0732934046536684,2,1
93,8,0.0339956171810627,3,1
94,10,0.05101112276315689,1,1
95,9,0.07882265280932188,2,1
96,9,0.08251127786934376,2,1
97,8,0.026275876288612682,3,1
98,8,0.07822684198617935,3,1
99,7,0.023081278428435326,4,1
100,7,0.04965064488351345,4,1
101,9,0.05084499344229698,2,1
102,8,0.03603508758048216,3,1
103,7,0.019203925039619207,4,1
104,8,0.03486270892123381,3,1
105,9,0.27118632197380066,2,1
106,8,0.05817364652951559,3,1
107,9,0.02607655618339777,2,1
108,10,0.03696611523628235,1,1
109,7,0.038324080873280764,4,1
110,7,0.1459085652604699,4,1
111,-50,0.10308222994208335,50,0
112,9,0.03320522978901863,2,1
113,9,0.05040043964982033,2,1
114,7,0.18999086832627654,4,1
115,8,0.02612346565971772,3,1
116,7,0.033618295565247536,4,1
117,7,0.035494761541485786,4,1
118,8,0.10575485105315845,3,1
119,6,0.13990940898656845,5,1
120,8,0.022350261608759563,3,1
121,10,0.031135929748415947,1,1
122,-41,0.06380827882094309,32,0
123,9,0.416311408393085,2,1
124,4,0.08335306548646518,7,1
125,-10,0.02235323376953602,1,0
126,8,0.15652897705634436,3,1
127,7,0.04914493998512626,4,1
128,6,0.18064932376146317,5,1
129,9,0.03218089696019888,2,1
130,10,0.02745252288877964,1,1
131,-10,0.07135119351247947,21,1
132,10,0.022068269550800323,1,1
133,-50,0.05850566539913416,50,0
134,8,0.11678257584571838,3,1
135,8,0.055753021811445556,3,1
136,9,0.05029519274830818,2,1
137,9,0.0369203370064497,2,1
138,7,0.12482785433530807,4,1
139,10,0.08528149873018265,1,1
140,10,0.026204915717244148,1,1
141,9,0.03619083948433399,2,1
142,7,0.051406287122517824,4,1
143,7,0.06218854710459709,4,1
144,7,0.15779761597514153,4,1
145,-11,0.08838563607158986,22,1
146,6,0.03769151419401169,5,1
147,9,0.06089785881340504,2,1
148,9,0.028560999780893326,2,1
149,7,0.11253230413421988,4,1
150,7,0.1425103689543903,4,1
151,10,0.016502657905220985,1,1
152,9,0.04486504755914211,2,1
153,8,0.054847738395134606,3,1
154,9,0.026681083254516125,2,1
155,10,0.27433234453201294,1,1
156,6,0.08163615874946117,5,1
157,7,0.03811067854985595,4,1
158,7,0.10912839975208044,4,1
159,8,0.09415647263328235,3,1
160,8,0.10422771920760472,3,1
161,8,0.0350537064174811,3,1
162,-15,0.08987567760050297,6,0
163,9,0.14914127066731453,2,1
164,7,0.03805203456431627,4,1
165,8,0.05320349087317785,3,1
166,9,0.07859874702990055,2,1
167,-10,0.0240851528942585,1,0
168,8,0.04972485266625881,3,1
169,3,0.10295129148289561,8,1
170,8,0.07950088878472646,3,1
171,9,0.049122950062155724,2,1
172,9,0.4568217992782593,2,1
173,8,0.1561709145704905,3,1
174,9,0.01709363330155611,2,1
175,10,0.036612700670957565,1,1
176,5,0.04739471462865671,6,1
177,8,0.09978895386060078,3,1
178,9,0.01657169172540307,2,1
179,8,0.09393535709629457,3,1
180,10,0.594501256942749,1,1
181,9,0.09137071669101715,2,1
182,10,0.03933766484260559,1,1
183,10,0.04229985550045967,1,1
184,7,0.03060692036524415,4,1
185,6,0.11758362017571926,5,1
186,7,0.09645796078257263,4,1
187,8,0.03678726404905319,3,1
188,9,0.02134068962186575,2,1
189,5,0.089748481909434,6,1
190,10,0.142373189330101,1,1
191,-8,0.054893696974766884,19,1
192,6,0.07317717932164669,5,1
193,5,0.059112997725605965,6,1
194,10,0.033412180840969086,1,1
195,-31,0.081269951315508,42,1
196,10,0.024561753496527672,1,1
197,9,0.07538201473653316,2,1
198,7,0.09515678975731134,4,1
199,9,0.2657054429873824,2,1
200,10,0.05148688703775406,1,1
201,7,0.045654184417799115,4,1
202,8,0.2107107068101565,3,1
203,5,0.03151354007422924,6,1
204,9,0.024264812469482422,2,1
205,-11,0.08481062906370922,22,1
206,8,0.031749955068031945,3,1
207,8,0.04603632725775242,3,1
208,-15,0.0444015901392469,26,1
209,7,0.0499455826357007,4,1
210,-20,0.07705575164647833,31,1
211,10,0.026418091729283333,1,1
212,7,0.07236660830676556,4,1
213,-5,0.06118595373118296,16,1
214,10,0.023018628358840942,1,1
215,10,0.0690506249666214,1,1
216,9,0.06304049678146839,2,1
217,5,0.06905563175678253,6,1
218,4,0.030957198036568507,7,1
219,-50,0.07335770852863789,50,0
220,-28,0.07847032705560708,39,1
221,9,0.06309941224753857,2,1
222,9,0.04413502849638462,2,1
223,9,0.05398276820778847,2,1
224,9,0.01917842496186495,2,1
225,10,0.0505271814763546,1,1
226,7,0.058594712521880865,4,1
227,-4,0.050570236146450044,15,1
228,6,0.04364290609955788,5,1
229,8,0.048547827949126564,3,1
230,-10,0.06336011737585068,1,0
231,-12,0.08410454047438891,23,1
232,7,0.030763795599341393,4,1
233,5,0.06584102970858415,6,1
234,7,0.07987570390105247,4,1
235,7,0.04377331072464585,4,1
236,7,0.02337115677073598,4,1
237,10,0.017376609146595,1,1
238,9,0.05070784129202366,2,1
239,10,0.017397621646523476,1,1
240,7,0.0764548066072166,4,1
241,7,0.19097416009753942,4,1
242,6,0.07094127237796784,5,1
243,8,0.04222796236475309,3,1
244,9,0.1298600472509861,2,1
245,9,0.037382444366812706,2,1
246,9,0.024120320100337267,2,1
247,10,0.0341687835752964,1,1
248,8,0.04382216433684031,3,1
249,9,0.05036092549562454,2,1
250,5,0.1191486082971096,6,1
251,7,0.04349786601960659,4,1
252,8,0.029320144094526768,3,1
253,8,0.04190594765047232,3,1
254,10,0.01927184872329235,1,1
255,7,0.03528963774442673,4,1
256,9,0.0553407296538353,2,1
257,8,0.04662137602766355,3,1
258,10,0.05304436758160591,1,1
259,-1,0.11810930678620934,12,1
260,8,0.05253014744569858,3,1
261,9,0.08032981120049953,2,1
262,8,0.17871035014589629,3,1
263,8,0.09383386187255383,3,1
264,9,0.04784108325839043,2,1
265,9,0.03839210607111454,2,1
266,6,0.03994023986160755,5,1
267,10,0.06693564355373383,1,1
268,-10,0.02350880391895771,1,0
269,9,0.05197702068835497,2,1
270,5,0.05773618600020806,6,1
271,8,0.06782989948987961,3,1
272,7,0.06214135745540261,4,1
273,10,0.03248576074838638,1,1
274,5,0.02584344008937478,6,1
275,10,0.03827006369829178,1,1
276,6,0.04897993337363005,5,1
277,7,0.2701156227849424,4,1
278,10,0.021487390622496605,1,1
279,8,0.03653725671271483,3,1
280,10,0.016769714653491974,1,1
281,8,0.04439456822971503,3,1
282,6,0.21541339308023452,5,1
283,8,0.21446844997505346,3,1
284,9,0.02504377905279398,2,1
285,10,0.012823821045458317,1,1
286,8,0.05372162504742543,3,1
287,8,0.07605895648399989,3,1
288,9,0.2636780608445406,2,1
289,9,0.051992449909448624,2,1
290,8,0.043141333386301994,3,1
291,7,0.04397788061760366,4,1
292,8,0.05652954243123531,3,1
293,8,0.03211578850944837,3,1
294,9,0.08325361087918282,2,1
295,6,0.16873547993600368,5,1
296,7,0.02575253346003592,4,1
297,10,0.035853952169418335,1,1
298,10,0.030925359576940536,1,1
299,8,0.177569386549294,3,1
300,10,0.019783928990364075,1,1
301,7,0.05626089544966817,4,1
302,9,0.06781307980418205,2,1
303,9,0.030324671883136034,2,1
304,8,0.057720914483070374,3,1
305,9,0.03830391447991133,2,1
306,9,0.05956244841217995,2,1
307,9,0.01991195580922067,2,1
308,8,0.01880266983062029,3,1
309,7,0.1056610681116581,4,1
310,9,0.024886646308004856,2,1
311,-1,0.05720440593237678,12,1
312,7,0.0507451924495399,4,1
313,10,0.023546963930130005,1,1
314,6,0.13122228849679232,5,1
315,7,0.1336663847323507,4,1
316,7,0.06441355496644974,4,1
317,7,0.05619707959704101,4,1
318,9,0.08487328421324492,2,1
319,10,0.03820047527551651,1,1
320,10,0.013816381804645061,1,1
321,6,0.054308388382196426,5,1
322,10,0.08651707321405411,1,1
323,10,0.08376000821590424,1,1
324,10,0.06102544441819191,1,1
325,9,0.03950579185038805,2,1
326,9,0.11427005007863045,2,1
327,9,0.046109773218631744,2,1
328,8,0.05042520600060622,3,1
329,-50,0.06625378549098969,50,0
330,0,0.10149826803667979,11,1
331,8,0.04044812234739462,3,1
332,9,0.022945295087993145,2,1
333,3,0.056629426195286214,8,1
334,-50,0.0976735544204712,50,0
335,8,0.09114063406984012,3,1
336,8,0.048705291002988815,3,1
337,9,0.14346615877002478,2,1
338,-10,0.15091970562934875,1,0
339,9,0.03461309801787138,2,1
340,8,0.05031472568710645,3,1
341,9,0.15766525268554688,2,1
342,8,0.0502294326821963,3,1
343,10,0.49982303380966187,1,1
344,8,0.032791598389546074,3,1
345,8,0.0429777999718984,3,1
346,6,0.15139174535870553,5,1
347,9,0.024768576957285404,2,1
348,9,0.027204045094549656,2,1
349,8,0.026131557300686836,3,1
350,8,0.07645070118208726,3,1
351,6,0.232276551425457,5,1
352,8,0.10116246591011684,3,1
353,8,0.02350958250463009,3,1
354,7,0.15332213323563337,4,1
355,8,0.02243341753880183,3,1
356,8,0.051896813015143074,3,1
357,7,0.030024328269064426,4,1
358,10,0.043016958981752396,1,1
359,8,0.19010156144698462,3,1
360,6,0.05117987915873527,5,1
361,8,0.06798711512237787,3,1
362,10,0.023473965004086494,1,1
363,7,0.027964830864220858,4,1
364,9,0.029829582199454308,2,1
365,6,0.1726384423673153,5,1
366,9,0.109238276258111,2,1
367,-9,0.0741369444411248,20,1
368,8,0.05924042438467344,3,1
369,5,0.10926156863570213,6,1
370,7,0.07071502273902297,4,1
371,10,0.022299274802207947,1,1
372,8,0.03711325923601786,3,1
373,10,0.02069249376654625,1,1
374,6,0.11532419808208942,5,1
375,5,0.07718807163958748,6,1
376,9,0.093170166015625,2,1
377,-11,0.037942531518638134,2,0
378,6,0.0455909714102745,5,1
379,8,0.03518394256631533,3,1
380,8,0.07587356492877007,3,1
381,9,0.26633013412356377,2,1
382,8,0.05825001994768778,3,1
383,6,0.038414643704891206,5,1
384,7,0.09227240877225995,4,1
385,0,0.11332749660042199,11,1
386,7,0.19171554129570723,4,1
387,9,0.04706180281937122,2,1
388,10,0.044699884951114655,1,1
389,9,0.06964125763624907,2,1
390,7,0.09816753026098013,4,1
391,10,0.01056760922074318,1,1
392,10,0.035443320870399475,1,1
393,9,0.04446799959987402,2,1
394,-11,0.2689236309379339,2,0
395,9,0.01819696184247732,2,1
396,10,0.017878232523798943,1,1
397,9,0.06115145981311798,2,1
398,8,0.04287052030364672,3,1
399,8,0.2205594703555107,3,1
400,8,0.06715320982038975,3,1
401,8,0.04215754382312298,3,1
402,9,0.05569038167595863,2,1
403,5,0.07728243867556255,6,1
404,9,0.05585091561079025,2,1
405,-16,0.0713446796009386,27,1
406,9,0.031227558851242065,2,1
407,7,0.12284438638016582,4,1
408,9,0.15782823413610458,2,1
409,9,0.03774831257760525,2,1
410,9,0.0438850075006485,2,1
411,8,0.08512257536252339,3,1
412,8,0.043937950705488525,3,1
413,8,0.033042402317126594,3,1
414,8,0.02713662013411522,3,1
415,8,0.025786238412062328,3,1
416,7,0.025248626712709665,4,1
417,1,0.11647957786917687,10,1
418,6,0.0280842499807477,5,1
419,10,0.01326865516602993,1,1
420,9,0.02289574546739459,2,1
421,10,0.04108664393424988,1,1
422,6,0.16610425673425197,5,1
423,9,0.03508063778281212,2,1
424,9,0.24399296380579472,2,1
425,7,0.0609485125169158,4,1
426,10,0.16248415410518646,1,1
427,8,0.025873443111777306,3,1
428,6,0.022431452944874763,5,1
429,6,0.02555726133286953,5,1
430,9,0.022206715308129787,2,1
431,7,0.02579537546262145,4,1
432,7,0.17742292769253254,4,1
433,8,0.036172300577163696,3,1
434,9,0.038054761942476034,2,1
435,7,0.030450829304754734,4,1
436,8,0.026880957496662933,3,1
437,7,0.02221109508536756,4,1
438,-14,0.02267131544649601,5,0
439,6,0.20249555706977845,5,1
440,10,0.02089635282754898,1,1
441,6,0.12181578613817692,5,1
442,10,0.03206842392683029,1,1
443,9,0.06860396265983582,2,1
444,9,0.023003960959613323,2,1
445,10,0.02538381889462471,1,1
446,9,0.41673618648201227,2,1
447,6,0.19910601917654275,5,1
448,7,0.03671929147094488,4,1
449,10,0.024227086454629898,1,1
450,8,0.07073576624194781,3,1
451,9,0.021572246216237545,2,1
452,7,0.052165667060762644,4,1
453,8,0.024759574172397453,3,1
454,10,0.04714992642402649,1,1
455,9,0.06140788272023201,2,1
456,9,0.025827392004430294,2,1
457,10,0.04084314405918121,1,1
458,7,0.09872106788679957,4,1
459,6,0.029737190715968607,5,1
460,10,0.013498581014573574,1,1
461,-10,0.3549383878707886,1,0
462,10,0.025977201759815216,1,1
463,8,0.031670541812976204,3,1
464,10,0.027327854186296463,1,1
465,7,0.2557992711663246,4,1
466,7,0.12278292654082179,4,1
467,7,0.01628292305395007,4,1
468,-13,0.05972127759984384,24,1
469,10,0.09464351832866669,1,1
470,9,0.056237234733998775,2,1
471,9,0.0617342796176672,2,1
472,10,0.4870535433292389,1,1
473,7,0.056756239384412766,4,1
474,9,0.06207261048257351,2,1
475,7,0.041385488118976355,4,1
476,5,0.24090430637200674,6,1
477,6,0.06454728618264198,5,1
478,7,0.04651270993053913,4,1
479,8,0.14161907322704792,3,1
480,7,0.04607529612258077,4,1
481,8,0.03755824826657772,3,1
482,9,0.07712674513459206,2,1
483,9,0.020391347352415323,2,1
484,8,0.1642840914428234,3,1
485,8,0.18269404023885727,3,1
486,8,0.03784684526423613,3,1
487,8,0.055753424763679504,3,1
488,8,0.03819308119515578,3,1
489,6,0.058370576426386836,5,1
490,9,0.027728465385735035,2,1
491,7,0.04251737892627716,4,1
492,9,0.06440863758325577,2,1
493,10,0.04965528845787048,1,1
494,9,0.07260891608893871,2,1
495,10,0.04413933306932449,1,1
496,9,0.023773678578436375,2,1
497,9,0.13884877040982246,2,1
498,8,0.038330478593707085,3,1
499,7,0.03195164958015084,4,1
500,10,0.026549503207206726,1,1
501,8,0.04479280300438404,3,1
502,8,0.18653819430619478,3,1
503,6,0.05340929627418518,5,1
504,9,0.039259339682757854,2,1
505,7,0.05385578330606222,4,1
506,8,0.034686299661795296,3,1
507,5,0.059881084909041725,6,1
508,8,0.02027311610678832,3,1
509,8,0.17833501907686392,3,1
510,8,0.049945250153541565,3,1
511,8,0.05522003831962744,3,1
512,-10,0.01727728731930256,1,0
513,9,0.03452571667730808,2,1
514,-10,0.46198657155036926,1,0
515,9,0.04274324607104063,2,1
516,-20,0.08263909459234245,31,1
517,7,0.06722875591367483,4,1
518,9,0.055506203323602676,2,1
519,9,0.05568174459040165,2,1
520,7,0.2353961719200015,4,1
521,4,0.038184771580355506,7,1
522,8,0.12469702338178952,3,1
523,9,0.03660239838063717,2,1
524,9,0.02002997137606144,2,1
525,9,0.16191834025084972,2,1
526,8,0.03918651926020781,3,1
527,10,0.20853209495544434,1,1
528,9,0.01922972220927477,2,1
529,7,0.09760136855766177,4,1
530,8,0.03146545651058356,3,1
531,7,0.1094492869451642,4,1
532,9,0.030736682936549187,2,1
533,10,0.10366465151309967,1,1
534,10,0.02154490351676941,1,1
535,9,0.0489815017208457,2,1
536,9,0.020987873896956444,2,1
537,6,0.019844319857656955,5,1
538,8,0.02391715596119563,3,1
539,10,0.018358685076236725,1,1
540,6,0.028291647881269456,5,1
541,8,0.09167198340098064,3,1
542,9,0.02744110068306327,2,1
543,6,0.11752052512019873,5,1
544,9,0.019627367611974478,2,1
545,9,0.0236605666577816,2,1
546,8,0.02961433306336403,3,1
547,10,0.023590268567204475,1,1
548,8,0.041133360316356025,3,1
549,8,0.020154896502693493,3,1
550,10,0.01648077368736267,1,1
551,10,0.011889185756444931,1,1
552,10,0.05002013221383095,1,1
553,-6,0.0727740852162242,17,1
554,5,0.0492559215053916,6,1
555,9,0.028562232851982117,2,1
556,8,0.014923392795026302,3,1
557,10,0.02449752390384674,1,1
558,7,0.1371244175825268,4,1
559,5,0.026509397973616917,6,1
560,5,0.09404145957281192,6,1
561,8,0.0541390652457873,3,1
562,6,0.0425198333337903,5,1
563,-11,0.08819495141506195,2,0
564,6,0.27426989525556567,5,1
565,9,0.02707152906805277,2,1
566,9,0.03138180612586439,2,1
567,10,0.028671830892562866,1,1
568,7,0.04186869412660599,4,1
569,7,0.15851452760398388,4,1
570,8,0.05567757785320282,3,1
571,5,0.03308364779998859,6,1
572,6,0.05704675726592541,5,1
573,6,0.04507367946207523,5,1
574,7,0.15505184512585402,4,1
575,8,0.03262091241776943,3,1
576,10,0.056129880249500275,1,1
577,7,0.047512656543403864,4,1
578,8,0.0340333574761947,3,1
579,8,0.060909563675522804,3,1
580,-11,0.23749798350036144,2,0
581,6,0.1272597648203373,5,1
582,-50,0.10860689461231232,50,0
583,5,0.039999219588935375,6,1
584,8,0.17396785815556845,3,1
585,5,0.17849017027765512,6,1
586,7,0.04548436217010021,4,1
587,10,0.053966421633958817,1,1
588,6,0.03558670245110988,5,1
589,6,0.027379468083381653,5,1
590,9,0.46402862668037415,2,1
591,-17,0.05615180305072239,28,1
592,8,0.05533964435259501,3,1
593,9,0.025586788542568684,2,1
594,8,0.020827593902746838,3,1
595,10,0.03891993686556816,1,1
596,9,0.023556112311780453,2,1
597,7,0.03290994046255946,4,1
598,8,0.02091585627446572,3,1
599,9,0.04153265804052353,2,1
600,9,0.048673225566744804,2,1
601,9,0.0501170139759779,2,1
602,8,0.19535558049877486,3,1
603,10,0.024165261536836624,1,1
604,7,0.153188431635499,4,1
605,7,0.040810113307088614,4,1
606,7,0.026059523224830627,4,1
607,10,0.028751084581017494,1,1
608,9,0.08593230322003365,2,1
609,10,0.050106197595596313,1,1
610,9,0.02270813100039959,2,1
611,8,0.22157749409476915,3,1
612,9,0.036340609192848206,2,1
613,9,0.0319818202406168,2,1
614,10,0.016099881380796432,1,1
615,10,0.03642220050096512,1,1
616,8,0.021595386167367298,3,1
617,9,0.015772546641528606,2,1
618,9,0.03317164722830057,2,1
619,6,0.11442308127880096,5,1
620,-50,0.07949365930631756,50,0
621,9,0.0602404847741127,2,1
622,10,0.40830814838409424,1,1
623,7,0.028472349513322115,4,1
624,8,0.03403416400154432,3,1
625,5,0.03506898724784454,6,1
626,9,0.03497455269098282,2,1
627,10,0.07304331660270691,1,1
628,10,0.07029523700475693,1,1
629,5,0.029826556021968525,6,1
630,10,0.42758795619010925,1,1
631,8,0.07524909699956576,3,1
632,9,0.04211093788035214,2,1
633,10,0.04755805432796478,1,1
634,7,0.14732241909950972,4,1
635,6,0.044099055044353005,5,1
636,9,0.04336291365325451,2,1
637,8,0.027142684596280258,3,1
638,10,0.007545742206275463,1,1
639,-10,0.028109081089496613,1,0
640,8,0.17442456570764384,3,1
641,10,0.06658263504505157,1,1
642,7,0.22793899290263653,4,1
643,7,0.18548638187348843,4,1
644,5,0.1353609588307639,6,1
645,7,0.03878298681229353,4,1
646,4,0.0783875435590744,7,1
647,7,0.025911802891641855,4,1
648,10,0.013311847113072872,1,1
649,10,0.09999755769968033,1,1
650,9,0.026610393077135086,2,1
651,8,0.15301712726553282,3,1
652,8,0.03249994106590748,3,1
653,9,0.2521563624031842,2,1
654,9,0.020814253017306328,2,1
655,9,0.022943517193198204,2,1
656,7,0.06630591582506895,4,1
657,5,0.044240931359430156,6,1
658,6,0.045584403350949286,5,1
659,9,0.22274846397340298,2,1
660,7,0.021616046782583,4,1
661,6,0.030699048936367036,5,1
662,9,0.028302944265305996,2,1
663,10,0.020878402516245842,1,1
664,2,0.030749127682712343,9,1
665,10,0.046052586287260056,1,1
666,7,0.1843580761924386,4,1
667,10,0.04266491159796715,1,1
668,7,0.13301720866002142,4,1
669,7,0.11741849221289158,4,1
670,7,0.17822152515873313,4,1
671,-3,0.09034005459398031,14,1
672,10,0.02547330968081951,1,1
673,8,0.1564991179232796,3,1
674,-50,0.10032248193398118,50,0
675,9,0.06461057811975479,2,1
676,9,0.023006180301308632,2,1
677,10,0.5222336053848267,1,1
678,10,0.14678575098514557,1,1
679,9,0.017010963056236506,2,1
680,8,0.029414163281520207,3,1
681,8,0.0347542247424523,3,1
682,6,0.19332492351531982,5,1
683,9,0.05072872340679169,2,1
684,9,0.024072939530014992,2,1
685,10,0.042925771325826645,1,1
686,8,0.01949628908187151,3,1
687,7,0.03863942949101329,4,1
688,8,0.02874932313958804,3,1
689,6,0.030123867094516754,5,1
690,10,0.007463416550308466,1,1
691,9,0.017943423241376877,2,1
692,9,0.07174692116677761,2,1
693,9,0.2801143331453204,2,1
694,8,0.03589222673326731,3,1
695,9,0.026058640331029892,2,1
696,10,0.012050864286720753,1,1
697,7,0.0475439028814435,4,1
698,4,0.09849310373621327,7,1
699,7,0.03479767171666026,4,1
700,7,0.06295013939961791,4,1
701,7,0.14068017643876374,4,1
702,7,0.03270014142617583,4,1
703,7,0.13154930621385574,4,1
704,6,0.03987307045608759,5,1
705,9,0.2863907739520073,2,1
706,9,0.05745444819331169,2,1
707,10,0.038449618965387344,1,1
708,9,0.017132579814642668,2,1
709,10,0.03593519330024719,1,1
710,7,0.02808959735557437,4,1
711,10,0.07353009283542633,1,1
712,7,0.138584750238806,4,1
713,6,0.1145409582182765,5,1
714,7,0.027337489649653435,4,1
715,10,0.022605732083320618,1,1
716,8,0.04280217612783114,3,1
717,7,0.036356023512780666,4,1
718,8,0.02551327118029197,3,1
719,7,0.02946945559233427,4,1
720,9,0.05734259448945522,2,1
721,8,0.0375614749888579,3,1
722,7,0.026549466885626316,4,1
723,9,0.035977581748738885,2,1
724,8,0.1828293123592933,3,1
725,6,0.037664310447871684,5,1
726,9,0.038894892670214176,2,1
727,9,0.015196632128208876,2,1
728,6,0.01893160566687584,5,1
729,9,0.053771933540701866,2,1
730,5,0.10097511190300186,6,1
731,9,0.03308851830661297,2,1
732,-20,0.052118764754625097,31,1
733,5,0.03183682976911465,6,1
734,7,0.15392360463738441,4,1
735,8,0.02031904769440492,3,1
736,7,0.030785229289904237,4,1
737,7,0.02614861959591508,4,1
738,9,0.022409571800380945,2,1
739,8,0.018745192016164463,3,1
740,10,0.020964711904525757,1,1
741,7,0.02212958922609687,4,1
742,8,0.04322163388133049,3,1
743,9,0.014943718910217285,2,1
744,9,0.02678101882338524,2,1
745,9,0.011981096118688583,2,1
746,10,0.01750953681766987,1,1
747,7,0.022767005022615194,4,1
748,8,0.036043075223763786,3,1
749,7,0.14750142535194755,4,1
750,9,0.02688976377248764,2,1
751,9,0.009021107573062181,2,1
752,6,0.017971659637987615,5,1
753,8,0.14023725967854261,3,1
754,8,0.016927224894364674,3,1
755,6,0.028772592544555664,5,1
756,5,0.029338815870384376,6,1
757,10,0.026835158467292786,1,1
758,7,0.05405765259638429,4,1
759,9,0.014947162009775639,2,1
760,4,0.02206324732729367,7,1
761,-22,0.024145359030136697,13,0
762,8,0.03789530508220196,3,1
763,5,0.24557196845610937,6,1
764,9,0.02565685287117958,2,1
765,9,0.023678104393184185,2,1
766,6,0.022370943054556846,5,1
767,4,0.03017596953681537,7,1
768,8,0.025942915740112465,3,1
769,4,0.02638308663985559,7,1
770,5,0.1766720131660501,6,1
771,-50,0.08100203089416028,50,0
772,8,0.04587992032368978,3,1
773,10,0.05351467430591583,1,1
774,9,0.03685811161994934,2,1
775,8,0.03794416102270285,3,1
776,7,0.02641565096564591,4,1
777,10,0.020439794287085533,1,1
778,8,0.04284319654107094,3,1
779,9,0.027258217334747314,2,1
780,10,0.08838128298521042,1,1
781,9,0.03057704120874405,2,1
782,9,0.026037770323455334,2,1
783,5,0.19266170232246319,6,1
784,7,0.14620576100423932,4,1
785,8,0.1746013518422842,3,1
786,10,0.38264837861061096,1,1
787,2,0.03176352702495125,9,1
788,-19,0.05781860863789916,30,1
789,10,0.1801249235868454,1,1
790,8,0.033145432050029434,3,1
791,6,0.09289314094930887,5,1
792,9,0.061541372910141945,2,1
793,10,0.032308317720890045,1,1
794,9,0.018068368546664715,2,1
795,8,0.023076257357994717,3,1
796,10,0.5156857967376709,1,1
797,9,0.031593707390129566,2,1
798,6,0.09440603572875261,5,1
799,7,0.028083125595003366,4,1
800,-34,0.043477961122989656,25,0
801,9,0.017422983422875404,2,1
802,7,0.1527902539819479,4,1
803,9,0.41329440474510193,2,1
804,8,0.17499447613954544,3,1
805,7,0.03473959630355239,4,1
806,8,0.041168902069330215,3,1
807,9,0.07432100363075733,2,1
808,7,0.15471955854445696,4,1
809,2,0.11776033437086476,9,1
810,6,0.20100961159914732,5,1
811,10,0.015533402562141418,1,1
812,9,0.24058241955935955,2,1
813,9,0.02222050167620182,2,1
814,8,0.16527662426233292,3,1
815,10,0.4746367037296295,1,1
816,-34,0.07073324537939496,45,1
817,8,0.06808712581793468,3,1
818,9,0.03389953821897507,2,1
819,10,0.03306944668292999,1,1
820,9,0.024641557596623898,2,1
821,8,0.16629243331650892,3,1
822,6,0.1793702706694603,5,1
823,9,0.01870558876544237,2,1
824,10,0.05144517496228218,1,1
825,10,0.03713981807231903,1,1
826,10,0.7449593544006348,1,1
827,10,0.019925648346543312,1,1
828,7,0.04292309284210205,4,1
829,8,0.039768979884684086,3,1
830,9,0.01988207409158349,2,1
831,7,0.029790319502353668,4,1
832,9,0.021129300817847252,2,1
833,6,0.09180333185940981,5,1
834,9,0.016738226637244225,2,1
835,10,0.03630252927541733,1,1
836,5,0.08971404423937201,6,1
837,4,0.13687062582799367,7,1
838,7,0.028216466074809432,4,1
839,10,0.04238118976354599,1,1
840,8,0.04895541692773501,3,1
841,8,0.02569666877388954,3,1
842,7,0.026064407313242555,4,1
843,10,0.04990087077021599,1,1
844,9,0.045706409960985184,2,1
845,10,0.0727371871471405,1,1
846,4,0.09671371895819902,7,1
847,6,0.03267190717160702,5,1
848,10,0.01760629005730152,1,1
849,9,0.02201311569660902,2,1
850,8,0.18596895039081573,3,1
851,8,0.15550318794945875,3,1
852,8,0.03455533521870772,3,1
853,-32,0.06926150154322386,43,1
854,1,0.048271937388926746,10,1
855,9,0.16855104826390743,2,1
856,8,0.03145946438113848,3,1
857,4,0.03940240107476711,7,1
858,9,0.04295985959470272,2,1
859,7,0.11543350294232368,4,1
860,7,0.02668460924178362,4,1
861,10,0.035446904599666595,1,1
862,8,0.02233322337269783,3,1
863,10,0.04297904297709465,1,1
864,9,0.018910751212388277,2,1
865,9,0.031664442270994186,2,1
866,9,0.21316633466631174,2,1
867,6,0.11473371982574462,5,1
868,6,0.10074649341404437,5,1
869,7,0.024145059753209352,4,1
870,7,0.02894472051411867,4,1
871,8,0.02150810696184635,3,1
872,7,0.03344855085015297,4,1
873,7,0.021240964997559786,4,1
874,10,0.038147225975990295,1,1
875,9,0.03242729278281331,2,1
876,7,0.019980243872851133,4,1
877,10,0.03965248167514801,1,1
878,10,0.03970349580049515,1,1
879,9,0.03685225732624531,2,1
880,8,0.015424536230663458,3,1
881,9,0.36429092288017273,2,1
882,8,0.1797641379137834,3,1
883,7,0.11537858191877604,4,1
884,7,0.08086037263274193,4,1
885,6,0.032075409218668936,5,1
886,10,0.30042535066604614,1,1
887,8,0.03744088796277841,3,1
888,7,0.053600999526679516,4,1
889,7,0.019169366802088916,4,1
890,6,0.2574478007853031,5,1
891,10,0.026982571929693222,1,1
892,8,0.03306067455559969,3,1
893,6,0.11481832079589367,5,1
894,4,0.13536464077021396,7,1
895,9,0.021125252824276686,2,1
896,8,0.03030393955608209,3,1
897,8,0.037987486769755684,3,1
898,10,0.023312406614422798,1,1
899,7,0.03285289043560624,4,1
900,-10,0.06396906077861786,1,0
901,9,0.2020816132426262,2,1
902,8,0.019381501711905003,3,1
903,9,0.02562092337757349,2,1
904,9,0.04694337025284767,2,1
905,-5,0.06205119629157707,16,1
906,8,0.12447389836112659,3,1
907,9,0.02283508889377117,2,1
908,8,0.13440723530948162,3,1
909,5,0.027792314998805523,6,1
910,6,0.03772646896541119,5,1
911,10,0.021983260288834572,1,1
912,10,0.04682229459285736,1,1
913,10,0.04364589601755142,1,1
914,8,0.029625872150063515,3,1
915,6,0.04375803843140602,5,1
916,8,0.023471173519889515,3,1
917,9,0.2649004925042391,2,1
918,10,0.024465613067150116,1,1
919,9,0.24180497601628304,2,1
920,-13,0.02458647359162569,4,0
921,5,0.04034209903329611,6,1
922,9,0.030216061510145664,2,1
923,9,0.03009307198226452,2,1
924,8,0.07289948066075642,3,1
925,8,0.03511372208595276,3,1
926,8,0.19882954098284245,3,1
927,10,0.01630895398557186,1,1
928,9,0.01732842903584242,2,1
929,10,0.41933831572532654,1,1
930,-33,0.08722237421369011,44,1
931,4,0.027658420215759958,7,1
932,10,0.0302992332726717,1,1
933,8,0.01872066594660282,3,1
934,8,0.02156366469959418,3,1
935,9,0.022287300787866116,2,1
936,8,0.020983450735608738,3,1
937,10,0.025156600400805473,1,1
938,9,0.10607356578111649,2,1
939,9,0.04108716081827879,2,1
940,7,0.03159438073635101,4,1
941,7,0.04375896812416613,4,1
942,8,0.048053679366906486,3,1
943,9,0.09221786260604858,2,1
944,6,0.15601845793426036,5,1
945,-34,0.05448455419391394,45,1
946,9,0.03532969858497381,2,1
947,10,0.09547567367553711,1,1
948,8,0.041309857120116554,3,1
949,9,0.031663840636610985,2,1
950,6,0.06260236874222755,5,1
951,8,0.18368469520161548,3,1
952,3,0.13674444518983364,8,1
953,9,0.2627091407775879,2,1
954,9,0.03999573551118374,2,1
955,9,0.04275807365775108,2,1
956,6,0.07533152922987937,5,1
957,9,0.08569515123963356,2,1
958,7,0.02560882270336151,4,1
959,9,0.1791063896380365,2,1
960,6,0.03116893135011196,5,1
961,10,0.05828161910176277,1,1
962,7,0.033340610563755035,4,1
963,9,0.05175068462267518,2,1
964,8,0.13484295768042406,3,1
965,10,0.34578612446784973,1,1
966,9,0.03606676869094372,2,1
967,-19,0.04655191041529179,30,1
968,1,0.05305105224251747,10,1
969,7,0.08498857566155493,4,1
970,7,0.06464393390342593,4,1
971,10,0.013364963233470917,1,1
972,7,0.02765544899739325,4,1
973,9,0.03828251361846924,2,1
974,10,0.01942608691751957,1,1
975,8,0.030290372669696808,3,1
976,6,0.05465631633996963,5,1
977,9,0.042978798504918814,2,1
978,10,0.017544429749250412,1,1
979,7,0.0973423917312175,4,1
980,8,0.05179585392276446,3,1
981,-12,0.08194093074163665,23,1
982,10,0.048780087381601334,1,1
983,8,0.026191140835483868,3,1
984,10,0.432559072971344,1,1
985,9,0.1077438686043024,2,1
986,9,0.03550900425761938,2,1
987,8,0.04142291471362114,3,1
988,-31,0.08540725779973647,22,0
989,10,0.023925166577100754,1,1
990,10,0.02749134786427021,1,1
991,8,0.12831912438074747,3,1
992,10,0.04121965542435646,1,1
993,8,0.08387215125064056,3,1
994,10,0.10962194949388504,1,1
995,9,0.03926490247249603,2,1
996,6,0.04528522491455078,5,1
997,8,0.041570612539847694,3,1
998,7,0.20953617990016937,4,1
999,8,0.05547109805047512,3,1
1000,8,0.04791115100185076,3,1
1,5,0.11866868287324905,6,1
2,9,0.03271719254553318,2,1
3,7,0.0365269323810935,4,1
4,9,0.045250107534229755,2,1
5,-15,0.06793686437110107,6,0
6,6,0.04355000928044319,5,1
7,10,0.020170770585536957,1,1
8,6,0.05986799541860819,5,1
9,-10,0.02841099724173546,1,0
10,9,0.4013848751783371,2,1
11,10,0.01920071803033352,1,1
12,8,0.025334867959221203,3,1
13,10,0.01612258329987526,1,1
14,8,0.1305903767546018,3,1
15,9,0.06592563539743423,2,1
16,9,0.047429515048861504,2,1
17,9,0.05852321069687605,2,1
18,8,0.04087169903020064,3,1
19,3,0.08539092750288546,8,1
20,10,0.017736069858074188,1,1
21,7,0.02267762552946806,4,1
22,8,0.02171752229332924,3,1
23,8,0.1629606398443381,3,1
24,8,0.02463153221954902,3,1
25,10,0.04693020507693291,1,1
26,5,0.2381530354420344,6,1
27,9,0.05318182893097401,2,1
28,-13,0.032313692422273256,24,1
29,8,0.04137480941911539,3,1
30,8,0.02322552849849065,3,1
31,9,0.024535635020583868,2,1
32,9,0.03652107995003462,2,1
33,10,0.32966071367263794,1,1
34,10,0.015586168505251408,1,1
35,7,0.12491843942552805,4,1
36,10,0.0339554138481617,1,1
37,8,0.021416593963901203,3,1
38,6,0.06947270147502423,5,1
39,9,0.03152107819914818,2,1
40,10,0.024329857900738716,1,1
41,6,0.03294825218617916,5,1
42,9,0.019766604527831078,2,1
43,9,0.014822016470134258,2,1
44,9,0.03069500206038356,2,1
45,9,0.10481343977153301,2,1
46,3,0.018580967443995178,8,1
47,9,0.019024016335606575,2,1
48,10,0.023426024243235588,1,1
49,7,0.11200853518676013,4,1
50,9,0.017270589247345924,2,1
51,8,0.014856964039305845,3,1
52,8,0.03891504276543856,3,1
53,10,0.04852251335978508,1,1
54,9,0.21374002192169428,2,1
55,9,0.0797330979257822,2,1
56,10,0.012252356857061386,1,1
57,-2,0.07984487705219251,13,1
58,7,0.0356318389531225,4,1
59,9,0.2091141641139984,2,1
60,10,0.021251332014799118,1,1
61,9,0.05633977148681879,2,1
62,9,0.1851247102022171,2,1
63,8,0.02840412346025308,3,1
64,9,0.3493955433368683,2,1
65,8,0.042403007547060646,3,1
66,6,0.020400218665599823,5,1
67,8,0.021034779027104378,3,1
68,8,0.034631019458174706,3,1
69,9,0.017890644259750843,2,1
70,8,0.022364515190323193,3,1
71,7,0.04204874159768224,4,1
72,-50,0.07363890854641796,50,0
73,6,0.053587280213832855,5,1
74,9,0.030671781860291958,2,1
75,8,0.029199530680974323,3,1
76,10,0.30333417654037476,1,1
77,10,0.03154291585087776,1,1
78,9,0.01978487055748701,2,1
79,8,0.01908603000144164,3,1
80,8,0.03214456684266528,3,1
81,9,0.15057421615347266,2,1
82,9,0.02208363777026534,2,1
83,3,0.07451000018045306,8,1
84,7,0.06315080542117357,4,1
85,8,0.04037899896502495,3,1
86,6,0.12631191350519658,5,1
87,8,0.06278994306921959,3,1
88,8,0.05038630589842796,3,1
89,-11,0.07543231919407845,2,0
90,8,0.031124457096060116,3,1
91,7,0.03334437916055322,4,1
92,7,0.07985397148877382,4,1
93,8,0.0344871977965037,3,1
94,10,0.012979965656995773,1,1
95,8,0.046750580271085106,3,1
96,10,0.0362788662314415,1,1
97,9,0.014560307608917356,2,1
98,6,0.03260625787079334,5,1
99,7,0.05684374179691076,4,1
100,9,0.14902998507022858,2,1
101,9,0.02090573124587536,2,1
102,8,0.0630035474896431,3,1
103,8,0.05468328110873699,3,1
104,-10,0.053754646464117935,21,1
105,8,0.02032365867247184,3,1
106,10,0.01224876195192337,1,1
107,10,0.06094786152243614,1,1
108,8,0.029096778482198715,3,1
109,7,0.07562879053875804,4,1
110,9,0.021413182839751244,2,1
111,5,0.03437592601403594,6,1
112,8,0.05373826374610265,3,1
113,9,0.040723854675889015,2,1
114,6,0.09176388755440712,5,1
115,10,0.054629240185022354,1,1
116,5,0.0378400223950545,6,1
117,7,0.05702517228201032,4,1
118,8,0.02977123111486435,3,1
119,8,0.02688138373196125,3,1
120,9,0.04329570475965738,2,1
121,8,0.021474131383001804,3,1
122,8,0.040686907867590584,3,1
123,7,0.030512748286128044,4,1
124,7,0.0368830100633204,4,1
125,8,0.06681224952141444,3,1
126,-50,0.03532160049304366,50,0
127,7,0.13757208781316876,4,1
128,9,0.010278327390551567,2,1
129,7,0.021377918892540038,4,1
130,9,0.02152198157273233,2,1
131,8,0.05218777401993672,3,1
132,10,0.014445789158344269,1,1
133,5,0.057043712896605335,6,1
134,9,0.032962105236947536,2,1
135,4,0.028491144068539143,7,1
136,7,0.02249874733388424,4,1
137,8,0.027746579609811306,3,1
138,10,0.012118379585444927,1,1
139,9,0.013512228149920702,2,1
140,8,0.027081989993651707,3,1
141,7,0.016542824218049645,4,1
142,5,0.15084240368256965,6,1
143,10,0.08549914509057999,1,1
144,7,0.02058227499946952,4,1
145,9,0.021071769297122955,2,1
146,5,0.03370434511452913,6,1
147,9,0.04260595329105854,2,1
148,9,0.05990906059741974,2,1
149,7,0.055232934653759,4,1
150,10,0.010819992981851101,1,1
151,8,0.029154974967241287,3,1
152,9,0.02837137784808874,2,1
153,9,0.12555791810154915,2,1
154,10,0.016372017562389374,1,1
155,8,0.04097051421801249,3,1
156,8,0.06051161388556162,3,1
157,9,0.01985030621290207,2,1
158,9,0.04558354243636131,2,1
159,5,0.04419739202906688,6,1
160,8,0.06388886831700802,3,1
161,9,0.013480720575898886,2,1
162,7,0.027633548015728593,4,1
163,9,0.06619852781295776,2,1
164,10,0.03953413665294647,1,1
165,10,0.019439280033111572,1,1
166,7,0.018682319670915604,4,1
167,9,0.15531376004219055,2,1
168,6,0.04150164928287268,5,1
169,-9,0.06656530080363154,20,1
170,9,0.036447638645768166,2,1
171,8,0.023041379327575367,3,1
172,10,0.021555155515670776,1,1
173,10,0.021789586171507835,1,1
174,7,0.03274316759780049,4,1
175,6,0.03758869916200638,5,1
176,8,0.025852434958020847,3,1
177,7,0.06140103284269571,4,1
178,9,0.05359799228608608,2,1
179,9,0.0531172389164567,2,1
180,10,0.01898319274187088,1,1
181,7,0.04487360222265124,4,1
182,9,0.03794550336897373,2,1
183,9,0.028709905687719584,2,1
184,9,0.03565364610403776,2,1
185,9,0.025631412863731384,2,1
186,7,0.049123692559078336,4,1
187,9,0.029026806354522705,2,1
188,9,0.0391335878521204,2,1
189,6,0.09478787612169981,5,1
190,10,0.020176224410533905,1,1
191,9,0.018919614143669605,2,1
192,10,0.02304474636912346,1,1
193,-13,0.04958849190734327,24,1
194,7,0.03715939773246646,4,1
195,10,0.04160219803452492,1,1
196,8,0.030551071589191754,3,1
197,8,0.04382789569596449,3,1
198,10,0.026036137714982033,1,1
199,8,0.032329181830088295,3,1
200,10,0.019454307854175568,1,1
201,9,0.026829693466424942,2,1
202,8,0.021701306725541752,3,1
203,9,0.0451428908854723,2,1
204,9,0.025323715060949326,2,1
205,9,0.02612604107707739,2,1
206,9,0.025019544176757336,2,1
207,10,0.017879338935017586,1,1
208,9,0.046280267648398876,2,1
209,10,0.01182876992970705,1,1
210,-15,0.03018975319961707,6,0
211,8,0.030946951359510422,3,1
212,8,0.048874521628022194,3,1
213,6,0.03636783920228481,5,1
214,5,0.10427187910924356,6,1
215,5,0.023444988143940765,6,1
216,7,0.03881149459630251,4,1
217,9,0.025082461535930634,2,1
218,8,0.022998096731801827,3,1
219,9,0.0326621662825346,2,1
220,9,0.16432393342256546,2,1
221,9,0.01154443807899952,2,1
222,9,0.02417433261871338,2,1
223,8,0.0317302526285251,3,1
224,8,0.030597295612096786,3,1
225,10,0.015066495165228844,1,1
226,9,0.05172152817249298,2,1
227,7,0.02190509019419551,4,1
228,7,0.049566078931093216,4,1
229,9,0.024823985062539577,2,1
230,9,0.04885404370725155,2,1
231,10,0.03000508062541485,1,1
232,9,0.04098896216601133,2,1
233,7,0.022871655877679586,4,1
234,9,0.05960730277001858,2,1
235,8,0.021373297087848186,3,1
236,9,0.03472932055592537,2,1
237,9,0.027551742270588875,2,1
238,9,0.09082505479454994,2,1
239,5,0.025688872517397005,6,1
240,10,0.1256030648946762,1,1
241,9,0.01830536127090454,2,1
242,8,0.026861196383833885,3,1
243,9,0.026014826260507107,2,1
244,-50,0.04636054761707783,50,0
245,10,0.014275872148573399,1,1
246,8,0.02081325091421604,3,1
247,8,0.11260515389343102,3,1
248,6,0.03723117969930172,5,1
249,9,0.050329042598605156,2,1
250,8,0.020686971644560497,3,1
251,9,0.02517267595976591,2,1
252,8,0.05540786807735761,3,1
253,-3,0.05024023267573544,14,1
254,8,0.043032996356487274,3,1
255,8,0.04618491853276888,3,1
256,7,0.02994002541527152,4,1
257,8,0.02424551174044609,3,1
258,10,0.060588132590055466,1,1
259,8,0.02482381835579872,3,1
260,9,0.016323255375027657,2,1
261,8,0.020884206518530846,3,1
262,9,0.01200587535277009,2,1
263,6,0.028824858367443085,5,1
264,9,0.034888498950749636,2,1
265,6,0.04865778014063835,5,1
266,8,0.015890763141214848,3,1
267,10,0.05599077790975571,1,1
268,6,0.045455189794301985,5,1
269,10,0.03837193548679352,1,1
270,7,0.03566672443412244,4,1
271,9,0.01889815367758274,2,1
272,8,0.036613140255212784,3,1
273,8,0.054878805143137775,3,1
274,6,0.10916998758912086,5,1
275,9,0.036734684370458126,2,1
276,7,0.012607048498466611,4,1
277,9,0.02509322762489319,2,1
278,10,0.033194318413734436,1,1
279,6,0.03710898011922836,5,1
280,8,0.03046797215938568,3,1
281,9,0.04427834786474705,2,1
282,10,0.018217334523797035,1,1
283,7,0.017264410853385925,4,1
284,9,0.027539456263184547,2,1
285,8,0.027802273631095886,3,1
286,8,0.014921839038530985,3,1
287,7,0.03676175209693611,4,1
288,10,0.02942686714231968,1,1
289,8,0.013904669942955175,3,1
290,-50,0.030349601181223988,50,0
291,7,0.04691420262679458,4,1
292,6,0.019844695180654525,5,1
293,-10,0.04081067442893982,1,0
294,5,0.02855783049017191,6,1
295,8,0.012669378891587257,3,1
296,8,0.031152719631791115,3,1
297,7,0.017166663194075227,4,1
298,10,0.017869604751467705,1,1
299,7,0.051774291321635246,4,1
300,5,0.03263392299413681,6,1
301,5,0.037727794920404754,6,1
302,8,0.028619034215807915,3,1
303,8,0.02009748388081789,3,1
304,8,0.03788310724000136,3,1
305,8,0.07080420230825742,3,1
306,7,0.025907508097589016,4,1
307,10,0.04527907073497772,1,1
308,8,0.05833200023820003,3,1
309,10,0.042519375681877136,1,1
310,9,0.07491132989525795,2,1
311,8,0.03545681076745192,3,1
312,8,0.03790019949277242,3,1
313,7,0.03337941551581025,4,1
314,8,0.038194832702477775,3,1
315,9,0.030731352977454662,2,1
316,7,0.021166991209611297,4,1
317,9,0.08872091770172119,2,1
318,9,0.017254284117370844,2,1
319,9,0.021579365245997906,2,1
320,6,0.031006430089473725,5,1
321,-23,0.06798258223844801,34,1
322,6,0.034861096926033494,5,1
323,8,0.0464716466764609,3,1
324,8,0.034605421125888824,3,1
325,7,0.026262639090418816,4,1
326,8,0.05586954237272342,3,1
327,10,0.09857174754142761,1,1
328,9,0.01796652702614665,2,1
329,9,0.022426819428801537,2,1
330,6,0.016548728011548518,5,1
331,8,0.1432701824232936,3,1
332,10,0.020602822303771973,1,1
333,10,0.013312123715877533,1,1
334,10,0.010802013799548149,1,1
335,10,0.04394606128334999,1,1
336,9,0.02826502686366439,2,1
337,6,0.051620582863688466,5,1
338,9,0.019059579353779554,2,1
339,9,0.029393245466053486,2,1
340,10,0.0388033464550972,1,1
341,6,0.03513510450720787,5,1
342,6,0.09448919110000134,5,1
343,8,0.025254030401508015,3,1
344,7,0.09868997591547668,4,1
345,9,0.12144958507269621,2,1
346,8,0.023529376834630966,3,1
347,-27,0.06823640363290906,18,0
348,10,0.009329233318567276,1,1
349,-7,0.0323543150184883,18,1
350,8,0.025785128275553387,3,1
351,6,0.02130451239645481,5,1
352,5,0.02746541906769077,6,1
353,9,0.022186723072081804,2,1
354,7,0.036428839433938265,4,1
355,7,0.03244473575614393,4,1
356,6,0.030978836491703986,5,1
357,8,0.03597343588868777,3,1
358,10,0.015890445560216904,1,1
359,6,0.02963743731379509,5,1
360,-2,0.031742396764457226,13,1
361,7,0.11154713435098529,4,1
362,7,0.03592950105667114,4,1
363,9,0.018367502838373184,2,1
364,4,0.024541241515960013,7,1
365,10,0.023871280252933502,1,1
366,9,0.19124127831310034,2,1
367,6,0.01804542988538742,5,1
368,-10,0.053759543934748286,21,1
369,9,0.10357082448899746,2,1
370,6,0.05246828030794859,5,1
371,-28,0.049923648771185145,39,1
372,8,0.04094711442788442,3,1
373,8,0.02928310881058375,3,1
374,10,0.02543121576309204,1,1
375,-50,0.04097555093467235,50,0
376,10,0.020577356219291687,1,1
377,7,0.03499823762103915,4,1
378,7,0.04218352772295475,4,1
379,7,0.032871515955775976,4,1
380,10,0.023513078689575195,1,1
381,8,0.024152489999930065,3,1
382,-34,0.04117060007734431,45,1
383,9,0.019208434037864208,2,1
384,8,0.02434001552561919,3,1
385,10,0.014918530359864235,1,1
386,7,0.01886457740329206,4,1
387,10,0.028770465403795242,1,1
388,10,0.012385345995426178,1,1
389,9,0.11418650858104229,2,1
390,8,0.020434278373916943,3,1
391,9,0.06737466203048825,2,1
392,-9,0.05366886924020946,20,1
393,-12,0.056513519336779915,3,0
394,6,0.0815642198547721,5,1
395,9,0.01968454895541072,2,1
396,8,0.13823283029099306,3,1
397,8,0.03898178941259781,3,1
398,9,0.06780504621565342,2,1
399,10,0.01807255856692791,1,1
400,10,0.029632532969117165,1,1
401,9,0.026078185997903347,2,1
402,6,0.022102059796452522,5,1
403,10,0.03009513020515442,1,1
404,9,0.031034959480166435,2,1
405,9,0.0268843537196517,2,1
406,9,0.05700099095702171,2,1
407,6,0.05494448021054268,5,1
408,10,0.07979100197553635,1,1
409,7,0.056082332506775856,4,1
410,-1,0.06314493428605299,12,1
411,7,0.03260025940835476,4,1
412,0,0.04291623525998809,11,1
413,7,0.03990096319466829,4,1
414,8,0.022392287229498226,3,1
415,8,0.02101387580235799,3,1
416,9,0.047302369959652424,2,1
417,9,0.019882172346115112,2,1
418,7,0.02735725208185613,4,1
419,8,0.04289619065821171,3,1
420,10,0.0458940714597702,1,1
421,8,0.03803218404452006,3,1
422,7,0.0320926601998508,4,1
423,8,0.022474214434623718,3,1
424,6,0.019919846020638943,5,1
425,9,0.054658974055200815,2,1
426,9,0.02280590683221817,2,1
427,5,0.031092782970517874,6,1
428,6,0.023371939733624458,5,1
429,8,0.021849037148058414,3,1
430,7,0.03417658573016524,4,1
431,7,0.03132031857967377,4,1
432,9,0.03591362200677395,2,1
433,6,0.030101920664310455,5,1
434,10,0.0380784273147583,1,1
435,6,0.03391007967293262,5,1
436,8,0.05213705822825432,3,1
437,8,0.03535314276814461,3,1
438,7,0.03482195851393044,4,1
439,8,0.032038019970059395,3,1
440,7,0.03719458053819835,4,1
441,10,0.07322005182504654,1,1
442,9,0.050522878766059875,2,1
443,8,0.03250971188147863,3,1
444,7,0.01979309832677245,4,1
445,9,0.12176364287734032,2,1
446,9,0.05124284513294697,2,1
447,7,0.03530502738431096,4,1
448,10,0.02337971329689026,1,1
449,8,0.05406811895469824,3,1
450,10,0.010351755656301975,1,1
451,9,0.025184839963912964,2,1
452,7,0.03134303539991379,4,1
453,-50,0.029342395003612447,41,0
454,7,0.05003503756597638,4,1
455,10,0.01973109319806099,1,1
456,6,0.041657546907663344,5,1
457,8,0.029091304788986843,3,1
458,10,0.03828741982579231,1,1
459,10,0.018381381407380104,1,1
460,5,0.022793071965376537,6,1
461,10,0.04837599769234657,1,1
462,10,0.023025911301374435,1,1
463,8,0.027688848475615185,3,1
464,10,0.029828878119587898,1,1
465,10,0.026855453848838806,1,1
466,9,0.03075359994545579,2,1
467,7,0.03407307295128703,4,1
468,-11,0.06650030117651279,22,1
469,8,0.0378678726653258,3,1
470,10,0.028758877888321877,1,1
471,6,0.034511280432343486,5,1
472,7,0.024840988218784332,4,1
473,10,0.01596672460436821,1,1
474,10,0.04755396395921707,1,1
475,7,0.04861879348754883,4,1
476,10,0.06660494953393936,1,1
477,-27,0.03642885249832438,18,0
478,9,0.031174940522760153,2,1
479,9,0.05893876450136304,2,1
480,9,0.07313080318272114,2,1
481,6,0.040622507035732267,5,1
482,6,0.039380564354360104,5,1
483,6,0.08358526714146138,5,1
484,8,0.03738365136086941,3,1
485,10,0.295535147190094,1,1
486,-50,0.03310677351430059,50,0
487,7,0.03548422688618302,4,1
488,2,0.03256990760564804,9,1
489,7,0.029474706389009953,4,1
490,9,0.01828760327771306,2,1
491,9,0.011272083269432187,2,1
492,7,0.0221015359275043,4,1
493,9,0.016021600924432278,2,1
494,8,0.02942115782449643,3,1
495,9,0.030267367139458656,2,1
496,-18,0.023513392441802554,9,0
497,9,0.04666480515152216,2,1
498,7,0.0522972852922976,4,1
499,4,0.05057795425610883,7,1
500,9,0.017716082278639078,2,1
501,8,0.04042837272087733,3,1
502,9,0.04365603346377611,2,1
503,6,0.032389390654861926,5,1
504,10,0.019959164783358574,1,1
505,10,0.02968572825193405,1,1
506,9,0.017604630906134844,2,1
507,10,0.030497176572680473,1,1
508,1,0.018786112824454904,10,1
509,8,0.025632465879122417,3,1
510,-19,0.03920601373538375,30,1
511,8,0.016533208390076954,3,1
512,7,0.060655946377664804,4,1
513,7,0.01574999396689236,4,1
514,-50,0.03445674018934369,50,0
515,10,0.01808025874197483,1,1
516,8,0.018787709375222523,3,1
517,10,0.028582841157913208,1,1
518,10,0.05046573281288147,1,1
519,8,0.029963798200090725,3,1
520,9,0.053670971654355526,2,1
521,7,0.03228752641007304,4,1
522,9,0.04558220785111189,2,1
523,7,0.018482919316738844,4,1
524,10,0.019869370386004448,1,1
525,8,0.027687009423971176,3,1
526,6,0.018030766397714615,5,1
527,8,0.02370489574968815,3,1
528,7,0.037893947679549456,4,1
529,9,0.04954278655350208,2,1
530,9,0.030402139760553837,2,1
531,9,0.023383866995573044,2,1
532,8,0.06155455484986305,3,1
533,9,0.04012600798159838,2,1
534,7,0.024119428358972073,4,1
535,9,0.0123142977245152,2,1
536,8,0.04768277890980244,3,1
537,9,0.03815469890832901,2,1
538,10,0.026647266000509262,1,1
539,9,0.03680430352687836,2,1
540,10,0.049890998750925064,1,1
541,9,0.021026896312832832,2,1
542,-33,0.0413832732222297,44,1
543,10,0.016562094911932945,1,1
544,8,0.030428917457660038,3,1
545,10,0.03676765784621239,1,1
546,10,0.011242995038628578,1,1
547,9,0.05191038362681866,2,1
548,10,0.022340873256325722,1,1
549,5,0.03165764237443606,6,1
550,8,0.027012392257650692,3,1
551,10,0.1050482764840126,1,1
552,8,0.026373762326935928,3,1
553,9,0.018938169814646244,2,1
554,10,0.3400900065898895,1,1
555,9,0.029537719674408436,2,1
556,9,0.022958261892199516,2,1
557,9,0.03838228713721037,2,1
558,7,0.04083974286913872,4,1
559,10,0.028961587697267532,1,1
560,9,0.014928444288671017,2,1
561,10,0.019236959517002106,1,1
562,9,0.06643190421164036,2,1
563,9,0.014426465146243572,2,1
564,7,0.03343697916716337,4,1
565,9,0.02817230485379696,2,1
566,8,0.028926241522034008,3,1
567,9,0.047997644171118736,2,1
568,10,0.027504824101924896,1,1
569,7,0.0323895076289773,4,1
570,7,0.03489320818334818,4,1
571,8,0.022949971569081146,3,1
572,6,0.04081849381327629,5,1
573,10,0.021602272987365723,1,1
574,9,0.04229907691478729,2,1
575,9,0.04041940998286009,2,1
576,9,0.04658317752182484,2,1
577,9,0.02457085531204939,2,1
578,7,0.053058667574077845,4,1
579,10,0.07703597098588943,1,1
580,7,0.06602195743471384,4,1
581,8,0.028195619583129883,3,1
582,1,0.04330468876287341,10,1
583,10,0.03254484385251999,1,1
584,8,0.11441706431408723,3,1
585,10,0.02374042011797428,1,1
586,10,0.013548844493925571,1,1
587,7,0.029787492705509067,4,1
588,6,0.03781917691230774,5,1
589,8,0.021283459849655628,3,1
590,10,0.012137074954807758,1,1
591,9,0.036559189669787884,2,1
592,9,0.037336516194045544,2,1
593,8,0.08698604442179203,3,1
594,9,0.03570665046572685,2,1
595,9,0.025102900341153145,2,1
596,7,0.026321234414353967,4,1
597,5,0.03427170108382901,6,1
598,8,0.03627991614242395,3,1
599,8,0.017720538191497326,3,1
600,7,0.02635832503437996,4,1
601,9,0.02786343451589346,2,1
602,7,0.0323070315644145,4,1
603,7,0.03145389584824443,4,1
604,10,0.04692556709051132,1,1
605,7,0.039577798219397664,4,1
606,7,0.020008017774671316,4,1
607,9,0.3046052549034357,2,1
608,8,0.035670277662575245,3,1
609,9,0.015452003106474876,2,1
610,6,0.05519561283290386,5,1
611,8,0.1212367204328378,3,1
612,7,0.029208257095888257,4,1
613,8,0.02165459158519904,3,1
614,9,0.01798682752996683,2,1
615,7,0.01945888320915401,4,1
616,-16,0.023850240606676648,27,1
617,7,0.01836910075508058,4,1
618,9,0.021214159205555916,2,1
619,8,0.04777167923748493,3,1
620,8,0.01780913273493449,3,1
621,7,0.02039412735030055,4,1
622,10,0.07326313853263855,1,1
623,10,0.010990028269588947,1,1
624,7,0.06742146238684654,4,1
625,8,0.02618490718305111,3,1
626,9,0.03255186416208744,2,1
627,8,0.024047520632545154,3,1
628,5,0.022810801398009062,6,1
629,10,0.019600002095103264,1,1
630,7,0.025596110615879297,4,1
631,8,0.02597352551917235,3,1
632,8,0.06891490705311298,3,1
633,-20,0.041889168081745025,31,1
634,8,0.12170323977867763,3,1
635,10,0.03736066073179245,1,1
636,4,0.02977947917367731,7,1
637,9,0.028299921192228794,2,1
638,7,0.06741543556563556,4,1
639,7,0.022503068670630455,4,1
640,8,0.0557863786816597,3,1
641,9,0.024258805438876152,2,1
642,7,0.027597598731517792,4,1
643,8,0.021352907021840412,3,1
644,8,0.026897011635204155,3,1
645,10,0.03722938522696495,1,1
646,6,0.013451860472559928,5,1
647,9,0.01846433524042368,2,1
648,10,0.14721132814884186,1,1
649,9,0.05195099487900734,2,1
650,-9,0.023068120796233417,20,1
651,5,0.039108517890175186,6,1
652,8,0.03516709307829539,3,1
653,10,0.03495853394269943,1,1
654,5,0.019177865857879322,6,1
655,8,0.016063178268571694,3,1
656,9,0.019156066235154867,2,1
657,8,0.04856895158688227,3,1
658,7,0.07505357451736927,4,1
659,10,0.014675719663500786,1,1
660,10,0.01678362488746643,1,1
661,9,0.02843892201781273,2,1
662,7,0.03796388488262892,4,1
663,8,0.031473698715368904,3,1
664,9,0.025301323272287846,2,1
665,-4,0.02971449972440799,15,1
666,10,0.033511072397232056,1,1
667,-39,0.027072455175220965,30,0
668,-50,0.04403648903593421,50,0
669,7,0.02969168219715357,4,1
670,10,0.02004258893430233,1,1
671,8,0.025216327669719856,3,1
672,7,0.03380313189700246,4,1
673,8,0.03383695334196091,3,1
674,10,0.03532569110393524,1,1
675,9,0.03313629236072302,2,1
676,7,0.0376986563205719,4,1
677,10,0.023317981511354446,1,1
678,8,0.03765901861091455,3,1
679,7,0.030732061248272657,4,1
680,0,0.029483478685671635,11,1
681,10,0.01253507286310196,1,1
682,5,0.0449957192565004,6,1
683,8,0.05027495324611664,3,1
684,9,0.1312149167060852,2,1
685,10,0.018023252487182617,1,1
686,10,0.025751641020178795,1,1
687,10,0.02358406037092209,1,1
688,8,0.017751193294922512,3,1
689,10,0.02247152477502823,1,1
690,9,0.017489102203398943,2,1
691,9,0.029945123940706253,2,1
692,6,0.01899036355316639,5,1
693,7,0.019870683318004012,4,1
694,7,0.027438757242634892,4,1
695,6,0.020541153475642206,5,1
696,9,0.021500510163605213,2,1
697,9,0.01660234248265624,2,1
698,8,0.01878382048259179,3,1
699,7,0.053236452396959066,4,1
700,7,0.03591997595503926,4,1
701,9,0.03645195858553052,2,1
702,9,0.03613859601318836,2,1
703,6,0.0384152814745903,5,1
704,7,0.04483643267303705,4,1
705,6,0.04270939696580171,5,1
706,7,0.040653205243870616,4,1
707,10,0.014309296384453773,1,1
708,10,0.014274504967033863,1,1
709,9,0.01733456365764141,2,1
710,8,0.01525388906399409,3,1
711,7,0.03771226154640317,4,1
712,8,0.013802165786425272,3,1
713,8,0.013493483886122704,3,1
714,-50,0.03426907086744904,50,0
715,5,0.03274166149397691,6,1
716,-23,0.03486151481047273,14,0
717,7,0.032188213896006346,4,1
718,7,0.022362271789461374,4,1
719,8,0.03514416888356209,3,1
720,9,0.03435922786593437,2,1
721,7,0.013213819125667214,4,1
722,8,0.12627073377370834,3,1
723,10,0.05428839102387428,1,1
724,7,0.027542627649381757,4,1
725,9,0.041611526161432266,2,1
726,8,0.013049519310394922,3,1
727,9,0.016163295600563288,2,1
728,8,0.024508965201675892,3,1
729,8,0.032602498307824135,3,1
730,9,0.023944941349327564,2,1
731,9,0.018311140593141317,2,1
732,-15,0.021944004916944183,26,1
733,9,0.012286987621337175,2,1
734,10,0.005799984093755484,1,1
735,7,0.011385118472389877,4,1
736,9,0.02212042175233364,2,1
737,6,0.014614813029766083,5,1
738,9,0.011293731164187193,2,1
739,9,0.01317127887159586,2,1
740,9,0.007211527321487665,2,1
741,7,0.020154737401753664,4,1
742,9,0.01541960216127336,2,1
743,8,0.014153870133062204,3,1
744,8,0.01163218216970563,3,1
745,7,0.01212658523581922,4,1
746,9,0.015044276602566242,2,1
747,-3,0.021455770790843025,14,1
748,8,0.016509623421976965,3,1
749,7,0.0122077576816082,4,1
750,9,0.007128975819796324,2,1
751,-20,0.03554637147293937,31,1
752,7,0.030372123699635267,4,1
753,4,0.023162654334945337,7,1
754,9,0.02863720804452896,2,1
755,10,0.01939556375145912,1,1
756,9,0.02591734007000923,2,1
757,9,0.014257742092013359,2,1
758,8,0.03355669012914101,3,1
759,9,0.03430225979536772,2,1
760,-3,0.033172130052532466,14,1
761,5,0.033242663679023586,6,1
762,8,0.028498105083902676,3,1
763,7,0.016211673384532332,4,1
764,8,0.023843223849932354,3,1
765,5,0.015201632399111986,6,1
766,8,0.022682785366972286,3,1
767,7,0.02146631944924593,4,1
768,10,0.008885600604116917,1,1
769,9,0.009200746193528175,2,1
770,7,0.04018305172212422,4,1
771,7,0.028412693180143833,4,1
772,10,0.020185457542538643,1,1
773,8,0.025616712557772797,3,1
774,10,0.0224599651992321,1,1
775,8,0.02030133828520775,3,1
776,4,0.04002127344054835,7,1
777,9,0.014431072399020195,2,1
778,8,0.03780451106528441,3,1
779,-5,0.03783253743313253,16,1
780,-14,0.036995500922203065,25,1
781,8,0.02419157139956951,3,1
782,6,0.02559153325855732,5,1
783,7,0.053530586417764425,4,1
784,10,0.01974567398428917,1,1
785,7,0.03344177920371294,4,1
786,9,0.06222043978050351,2,1
787,9,0.050903672352433205,2,1
788,7,0.04666810901835561,4,1
789,8,0.026653558636705082,3,1
790,10,0.011925702914595604,1,1
791,7,0.016126544680446386,4,1
792,6,0.026030939258635043,5,1
793,8,0.05226318538188934,3,1
794,8,0.05458665763338407,3,1
795,7,0.03999289916828275,4,1
796,5,0.02493236307054758,6,1
797,8,0.03368905062476794,3,1
798,8,0.021438137938578922,3,1
799,7,0.036620871629565954,4,1
800,9,0.02843633107841015,2,1
801,10,0.024852491915225983,1,1
802,10,0.01599542424082756,1,1
803,8,0.029662902156511944,3,1
804,7,0.019722416065633297,4,1
805,2,0.017705768967668217,9,1
806,10,0.018238941207528114,1,1
807,9,0.0800558514893055,2,1
808,10,0.042741987854242325,1,1
809,7,0.034182574367150664,4,1
810,10,0.010544436983764172,1,1
811,10,0.013030475936830044,1,1
812,8,0.01697989987830321,3,1
813,6,0.024738302826881407,5,1
814,9,0.016010392922908068,2,1
815,10,0.01973477564752102,1,1
816,5,0.023784924298524857,6,1
817,9,0.014878821559250355,2,1
818,9,0.012782009784132242,2,1
819,9,0.016457644756883383,2,1
820,6,0.017508130893111228,5,1
821,10,0.043503887951374054,1,1
822,10,0.010565588250756264,1,1
823,5,0.019509718753397465,6,1
824,6,0.012020710576325654,5,1
825,10,0.009919696487486362,1,1
826,10,0.03456012159585953,1,1
827,9,0.0945599116384983,2,1
828,-25,0.034201944453848734,36,1
829,8,0.023016922175884247,3,1
830,9,0.010135461576282978,2,1
831,-50,0.03656021643429994,50,0
832,9,0.04028097353875637,2,1
833,10,0.028292255476117134,1,1
834,10,0.027010735124349594,1,1
835,8,0.01553275715559721,3,1
836,9,0.04449187405407429,2,1
837,6,0.015134368371218444,5,1
838,8,0.02928905189037323,3,1
839,8,0.02530107709268729,3,1
840,9,0.09874064661562443,2,1
841,9,0.039228405803442,2,1
842,-11,0.021799240896308966,22,1
843,8,0.012534413952380419,3,1
844,5,0.02726975316181779,6,1
845,10,0.05157499015331268,1,1
846,10,0.05343286693096161,1,1
847,9,0.13730672746896744,2,1
848,9,0.06366915255784988,2,1
849,5,0.03273121981571118,6,1
850,8,0.025360506338377792,3,1
851,7,0.025664023822173476,4,1
852,8,0.015872817486524582,3,1
853,7,0.041070130188018084,4,1
854,8,0.03181366498271624,3,1
855,8,0.030690011257926624,3,1
856,7,0.021726430859416723,4,1
857,10,0.02504413016140461,1,1
858,10,0.02653099037706852,1,1
859,6,0.029572153463959694,5,1
860,9,0.036076463758945465,2,1
861,8,0.024702236677209537,3,1
862,10,0.017123494297266006,1,1
863,7,0.01651253434829414,4,1
864,7,0.04654671880416572,4,1
865,9,0.0227147052064538,2,1
866,6,0.06339467391371727,5,1
867,10,0.01753118634223938,1,1
868,6,0.05524417869746685,5,1
869,8,0.02674126687149207,3,1
870,8,0.013290498405694962,3,1
871,9,0.017202256713062525,2,1
872,8,0.01465659961104393,3,1
873,7,0.028040732955560088,4,1
874,8,0.023283397157986958,3,1
875,8,0.03640616995592912,3,1
876,9,0.01751887332648039,2,1
877,8,0.016855071609218914,3,1
878,8,0.0248800211896499,3,1
879,9,0.020340063609182835,2,1
880,-40,0.02871142459973212,31,0
881,8,0.017671003006398678,3,1
882,9,0.014971769880503416,2,1
883,9,0.01472590072080493,2,1
884,7,0.015991981839761138,4,1
885,10,0.010014630854129791,1,1
886,6,0.01486249016597867,5,1
887,5,0.016635204044481117,6,1
888,-36,0.01845782486445926,27,0
889,10,0.013147934339940548,1,1
890,7,0.01237771799787879,4,1
891,10,0.4194396436214447,1,1
892,5,0.015524242849399647,6,1
893,-7,0.06562021374702454,18,1
894,10,0.08384335041046143,1,1
895,4,0.039980895817279816,7,1
896,7,0.09554253937676549,4,1
897,10,0.02249481901526451,1,1
898,7,0.026002715341746807,4,1
899,6,0.026154197007417678,5,1
900,7,0.03012164356186986,4,1
901,10,0.02985362894833088,1,1
902,9,0.017517535015940666,2,1
903,9,0.01060696505010128,2,1
904,10,0.03438853472471237,1,1
905,7,0.02213383256457746,4,1
906,7,0.043054749723523855,4,1
907,10,0.031227227300405502,1,1
908,-3,0.04259883499305163,14,1
909,9,0.05192967411130667,2,1
910,8,0.049672440315286316,3,1
911,-50,0.05292503077536821,50,0
912,3,0.03391517826821655,8,1
913,7,0.024461947847157717,4,1
914,10,0.014771685004234314,1,1
915,9,0.04147714702412486,2,1
916,9,0.03904959745705128,2,1
917,9,0.028624646365642548,2,1
918,5,0.025351402970651787,6,1
919,9,0.013045706786215305,2,1
920,9,0.01870195008814335,2,1
921,10,0.013453669846057892,1,1
922,-11,0.010796379297971725,2,0
923,7,0.014649523887783289,4,1
924,9,0.011625290848314762,2,1
925,9,0.016856107395142317,2,1
926,6,0.02778381370007992,5,1
927,10,0.010486799292266369,1,1
928,10,0.029589535668492317,1,1
929,9,0.023846083087846637,2,1
930,10,0.020990660414099693,1,1
931,10,0.01663595624268055,1,1
932,9,0.015193331986665726,2,1
933,8,0.026310668016473453,3,1
934,7,0.04312955657951534,4,1
935,8,0.032829893132050834,3,1
936,8,0.029311250895261765,3,1
937,8,0.017259310310085613,3,1
938,9,0.008124865591526031,2,1
939,9,0.01116100768558681,2,1
940,9,0.023450564593076706,2,1
941,8,0.0190795521872739,3,1
942,5,0.04247653732697169,6,1
943,9,0.05855081230401993,2,1
944,9,0.024090249091386795,2,1
945,3,0.0384303213795647,8,1
946,9,0.032298157922923565,2,1
947,10,0.07572363317012787,1,1
948,8,0.13146913920839629,3,1
949,8,0.014207447258134684,3,1
950,8,0.038581591099500656,3,1
951,8,0.032011670991778374,3,1
952,10,0.027423325926065445,1,1
953,7,0.0288747726008296,4,1
954,10,0.0307881198823452,1,1
955,10,0.011358901858329773,1,1
956,8,0.015034894148508707,3,1
957,8,0.03152713800470034,3,1
958,10,0.02601165883243084,1,1
959,6,0.028379008732736112,5,1
960,10,0.027773326262831688,1,1
961,10,0.011989317834377289,1,1
962,8,0.12806469822923341,3,1
963,9,0.051513977348804474,2,1
964,9,0.013627041596919298,2,1
965,5,0.050767894834280014,6,1
966,9,0.02488164510577917,2,1
967,9,0.04997450299561024,2,1
968,7,0.024931257823482156,4,1
969,5,0.0314489157559971,6,1
970,10,0.035014353692531586,1,1
971,9,0.022482316941022873,2,1
972,9,0.16013801284134388,2,1
973,8,0.1356499195098877,3,1
974,3,0.026453568134456873,8,1
975,9,0.028730097226798534,2,1
976,8,0.016270243873198826,3,1
977,8,0.01490609347820282,3,1
978,8,0.03870124618212382,3,1
979,7,0.030160573311150074,4,1
980,8,0.02032598853111267,3,1
981,9,0.015356659423559904,2,1
982,9,0.00918505759909749,2,1
983,9,0.02136008022353053,2,1
984,9,0.12757713068276644,2,1
985,9,0.01733749406412244,2,1
986,9,0.02515945117920637,2,1
987,6,0.018846020847558976,5,1
988,8,0.06131387626131376,3,1
989,10,0.01624770648777485,1,1
990,8,0.040520516534646354,3,1
991,10,0.01810498908162117,1,1
992,6,0.017619868367910387,5,1
993,7,0.0147036612033844,4,1
994,9,0.02813772391527891,2,1
995,6,0.019981092400848867,5,1
996,7,0.011555696837604046,4,1
997,10,0.007425517775118351,1,1
998,8,0.019061058138807613,3,1
999,9,0.009210650343447924,2,1
1000,4,0.022483735345304012,7,1
1,6,0.01739850305020809,5,1
2,10,0.010120655409991741,1,1
3,9,0.03151584090664983,2,1
4,7,0.012543590739369392,4,1
5,7,0.010401722742244601,4,1
6,7,0.02817333908751607,4,1
7,8,0.0360168864329656,3,1
8,9,0.009543765801936388,2,1
9,9,0.03647869732230902,2,1
10,8,0.06330809742212296,3,1
11,7,0.04367972444742918,4,1
12,10,0.024991730228066444,1,1
13,8,0.02084788369635741,3,1
14,8,0.02423066987345616,3,1
15,8,0.023466477791468304,3,1
16,9,0.03528406284749508,2,1
17,9,0.021691884845495224,2,1
18,-10,0.01797088049352169,1,0
19,-18,0.04693592431280633,29,1
20,6,0.03747199364006519,5,1
21,7,0.038901401218026876,4,1
22,9,0.04292331635951996,2,1
23,6,0.03459098450839519,5,1
24,4,0.03706730263573783,7,1
25,10,0.027288589626550674,1,1
26,7,0.032127988524734974,4,1
27,7,0.01879560831002891,4,1
28,5,0.01885480076695482,6,1
29,9,0.010926352348178625,2,1
30,7,0.038600213592872024,4,1
31,8,0.03219869670768579,3,1
32,7,0.03436988778412342,4,1
33,10,0.02020786702632904,1,1
34,9,0.026197501458227634,2,1
35,6,0.058444566838443276,5,1
36,8,0.012297882077594599,3,1
37,4,0.032455251685210636,7,1
38,7,0.03320246888324618,4,1
39,8,0.07785446972896655,3,1
40,9,0.020924848970025778,2,1
41,8,0.018963176757097244,3,1
42,9,0.06861020531505346,2,1
43,5,0.034986641413221754,6,1
44,6,0.02639707736670971,5,1
45,6,0.039336453378200534,5,1
46,10,0.0329786092042923,1,1
47,9,0.07666387781500816,2,1
48,9,0.03495865687727928,2,1
49,8,0.020796211746831734,3,1
50,9,0.017341727390885353,2,1
51,9,0.021475596353411674,2,1
52,9,0.044828616082668304,2,1
53,9,0.016603104770183563,2,1
54,10,0.015837714076042175,1,1
55,6,0.024349382519721983,5,1
56,8,0.01992275721083085,3,1
57,10,0.018155034631490707,1,1
58,10,0.03931615501642227,1,1
59,8,0.023978797098000843,3,1
60,7,0.017132722306996584,4,1
61,-2,0.031013323137393363,13,1
62,8,0.04246466482679049,3,1
63,10,0.03644774481654167,1,1
64,8,0.037859258552392326,3,1
65,7,0.11808489821851254,4,1
66,8,0.019302333394686382,3,1
67,8,0.035629993925491966,3,1
68,10,0.11675258725881577,1,1
69,8,0.030536429956555367,3,1
70,9,0.08803424285724759,2,1
71,9,0.016786076594144106,2,1
72,-13,0.058600752614438534,4,0
73,10,0.04507829248905182,1,1
74,5,0.08594384292761485,6,1
75,8,0.020263805364569027,3,1
76,9,0.02243519201874733,2,1
77,8,0.020347582797209423,3,1
78,10,0.015334030613303185,1,1
79,9,0.05857490282505751,2,1
80,9,0.026342053432017565,2,1
81,9,0.02966164704412222,2,1
82,10,0.012437649071216583,1,1
83,8,0.06672813339779775,3,1
84,10,0.00952960830181837,1,1
85,9,0.019339912571012974,2,1
86,6,0.020767873898148537,5,1
87,8,0.015065677153567473,3,1
88,7,0.024214189033955336,4,1
89,4,0.07295916229486465,7,1
90,9,0.16778184287250042,2,1
91,-9,0.02706317533738911,20,1
92,10,0.03992067277431488,1,1
93,8,0.026850301772356033,3,1
94,9,0.026141087524592876,2,1
95,8,0.023105272402366,3,1
96,8,0.035574344297250114,3,1
97,7,0.0340639716014266,4,1
98,10,0.011969273909926414,1,1
99,10,0.01894741877913475,1,1
100,-50,0.03544440813362598,50,0
101,7,0.035559006268158555,4,1
102,9,0.03648832440376282,2,1
103,5,0.03126718119407693,6,1
104,7,0.03368332050740719,4,1
105,8,0.02117296401411295,3,1
106,-1,0.05257847222189108,12,1
107,8,0.02641267205278079,3,1
108,7,0.040831451304256916,4,1
109,8,0.10839448807140191,3,1
110,10,0.02742493897676468,1,1
111,8,0.06077541783452034,3,1
112,9,0.019322453532367945,2,1
113,9,0.017422431148588657,2,1
114,9,0.14153643138706684,2,1
115,7,0.05305637139827013,4,1
116,7,0.03306034323759377,4,1
117,7,0.10356413293629885,4,1
118,8,0.023888162647684414,3,1
119,6,0.02634956445544958,5,1
120,10,0.01415600348263979,1,1
121,10,0.014446781016886234,1,1
122,9,0.034266091883182526,2,1
123,9,0.02585156448185444,2,1
124,9,0.03509271517395973,2,1
125,10,0.02822999283671379,1,1
126,10,0.016939982771873474,1,1
127,9,0.01806977577507496,2,1
128,-18,0.025762028992176056,29,1
129,6,0.01961162928491831,5,1
130,8,0.015489509950081507,3,1
131,10,0.026039790362119675,1,1
132,5,0.016555406308422487,6,1
133,9,0.022046961821615696,2,1
134,10,0.018796032294631004,1,1
135,0,0.05711497264829549,11,1
136,8,0.05279458872973919,3,1
137,-12,0.04319022595882416,3,0
138,7,0.03538946574553847,4,1
139,7,0.045321180019527674,4,1
140,9,0.03754475153982639,2,1
141,10,0.026789776980876923,1,1
142,10,0.027496907860040665,1,1
143,6,0.016969726234674454,5,1
144,8,0.030894011879960697,3,1
145,9,0.11601565964519978,2,1
146,10,0.021489808335900307,1,1
147,10,0.0510716550052166,1,1
148,10,0.039196860045194626,1,1
149,5,0.047328135619560875,6,1
150,8,0.01756112277507782,3,1
151,7,0.020580910379067063,4,1
152,8,0.01369029904405276,3,1
153,9,0.07708962727338076,2,1
154,6,0.07245225422084331,5,1
155,8,0.06045991244415442,3,1
156,7,0.038303389213979244,4,1
157,-18,0.036153666468130216,9,0
158,9,0.049335358664393425,2,1
159,10,0.08864624798297882,1,1
160,9,0.04596723522990942,2,1
161,6,0.039727724902331826,5,1
162,-41,0.03991199310985394,32,0
163,9,0.0279738437384367,2,1
164,10,0.015124769881367683,1,1
165,9,0.0393036063760519,2,1
166,9,0.23595581948757172,2,1
167,7,0.023420628160238266,4,1
168,10,0.016581127420067787,1,1
169,9,0.03489247336983681,2,1
170,-10,0.019769562408328056,1,0
171,8,0.05906675445536772,3,1
172,5,0.03562513506039977,6,1
173,7,0.02615753933787346,4,1
174,8,0.032641190414627395,3,1
175,8,0.02861618498961131,3,1
176,9,0.20151003077626228,2,1
177,7,0.05108275916427374,4,1
178,7,0.04226276557892561,4,1
179,-10,0.04912813380360603,1,0
180,8,0.12237042374908924,3,1
181,8,0.028147001440326374,3,1
182,5,0.01992985823502143,6,1
183,-50,0.07987689236178994,50,0
184,9,0.020621965173631907,2,1
185,8,0.036325580750902496,3,1
186,9,0.04077617358416319,2,1
187,10,0.015513087622821331,1,1
188,7,0.02152574248611927,4,1
189,8,0.02540092666943868,3,1
190,5,0.018221442432453234,6,1
191,9,0.031853107269853354,2,1
192,7,0.027361955493688583,4,1
193,-50,0.07795467806980014,50,0
194,7,0.03951993677765131,4,1
195,10,0.0185324028134346,1,1
196,-6,0.08152312259463702,17,1
197,-10,0.02523016557097435,1,0
198,10,0.028733890503644943,1,1
199,8,0.02951234144469102,3,1
200,7,0.03025660291314125,4,1
201,9,0.028436037711799145,2,1
202,8,0.02721669462819894,3,1
203,6,0.10551229342818261,5,1
204,9,0.09249602258205414,2,1
205,-9,0.08896423997357487,20,1
206,7,0.12210727157071233,4,1
207,5,0.03258891155322393,6,1
208,10,0.022845445200800896,1,1
209,9,0.017558332066982985,2,1
210,9,0.024669645354151726,2,1
211,8,0.018077323213219643,3,1
212,10,0.01140644308179617,1,1
213,9,0.028930039145052433,2,1
214,7,0.023683472303673625,4,1
215,10,0.007907060906291008,1,1
216,6,0.10554121099412442,5,1
217,6,0.03647586349397898,5,1
218,8,0.0554266149799029,3,1
219,7,0.025738713331520557,4,1
220,8,0.0569858072946469,3,1
221,6,0.06169668436050415,5,1
222,6,0.03285386934876442,5,1
223,-51,0.063010116883864,42,0
224,9,0.020475265104323626,2,1
225,-50,0.07466270249336958,50,0
226,7,0.09335933742113411,4,1
227,8,0.07527751848101616,3,1
228,7,0.03666363190859556,4,1
229,10,0.019191183149814606,1,1
230,7,0.0640264677349478,4,1
231,8,0.017444167596598465,3,1
232,8,0.02679109200835228,3,1
233,8,0.03153893972436587,3,1
234,10,0.014133605174720287,1,1
235,3,0.1304595541441813,8,1
236,5,0.04486609281351169,6,1
237,7,0.03282521478831768,4,1
238,4,0.13948715158871242,7,1
239,8,0.023026010642449062,3,1
240,10,0.015306814573705196,1,1
241,9,0.1693799803033471,2,1
242,8,0.03178710055847963,3,1
243,8,0.10611685303350289,3,1
244,7,0.15634436067193747,4,1
245,6,0.06304026525467635,5,1
246,10,0.010484510101377964,1,1
247,7,0.08776345546357334,4,1
248,9,0.023827497847378254,2,1
249,6,0.022105402313172817,5,1
250,9,0.023398777935653925,2,1
251,9,0.042458949610590935,2,1
252,9,0.024411543272435665,2,1
253,8,0.04740747809410095,3,1
254,8,0.03628150746226311,3,1
255,9,0.04167727893218398,2,1
256,-6,0.05150450645562481,17,1
257,8,0.046804202099641166,3,1
258,-50,0.05700740970671177,50,0
259,9,0.02395752537995577,2,1
260,10,0.021307997405529022,1,1
261,7,0.03199705155566335,4,1
262,7,0.06662348820827901,4,1
263,10,0.013622522354125977,1,1
264,7,0.014310029451735318,4,1
265,9,0.029969029128551483,2,1
266,4,0.06002540992838996,7,1
267,8,0.042627603746950626,3,1
268,8,0.021754837594926357,3,1
269,7,0.023035440361127257,4,1
270,9,0.022848811466246843,2,1
271,9,0.11855067871510983,2,1
272,9,0.014788835309445858,2,1
273,7,0.1466237585991621,4,1
274,8,0.08373160722355048,3,1
275,10,0.016758708283305168,1,1
276,10,0.02544194832444191,1,1
277,9,0.05377660319209099,2,1
278,7,0.01506858179345727,4,1
279,10,0.009295239113271236,1,1
280,9,0.02311669336631894,2,1
281,8,0.011905301983157793,3,1
282,8,0.1548783996452888,3,1
283,-7,0.057825187091819115,18,1
284,7,0.025397105142474174,4,1
285,-24,0.06238803847559861,35,1
286,9,0.035177985206246376,2,1
287,7,0.04971461743116379,4,1
288,6,0.02612392380833626,5,1
289,7,0.053949481807649136,4,1
290,8,0.028683928151925404,3,1
291,7,0.04885875713080168,4,1
292,5,0.029676431479553383,6,1
293,7,0.030123493168503046,4,1
294,10,0.020726993680000305,1,1
295,8,0.0761618825296561,3,1
296,8,0.08188871139039595,3,1
297,7,0.041518920101225376,4,1
298,6,0.027722202986478806,5,1
299,10,0.07064758986234665,1,1
300,9,0.02939582709223032,2,1
301,9,0.03251647762954235,2,1
302,9,0.02643868513405323,2,1
303,6,0.06968294791877269,5,1
304,9,0.03460749611258507,2,1
305,7,0.08011864265426993,4,1
306,10,0.04580935835838318,1,1
307,10,0.17924660444259644,1,1
308,-11,0.01767048053443432,2,0
309,7,0.028146438766270876,4,1
310,8,0.1362906601279974,3,1
311,7,0.07385502755641937,4,1
312,9,0.18310503475368023,2,1
313,9,0.020404822193086147,2,1
314,8,0.03048842524488767,3,1
315,10,0.018773602321743965,1,1
316,6,0.026309466920793056,5,1
317,10,0.03715687617659569,1,1
318,9,0.014558649156242609,2,1
319,7,0.023625179659575224,4,1
320,10,0.016321703791618347,1,1
321,10,0.43921810388565063,1,1
322,10,0.030147818848490715,1,1
323,10,0.029038261622190475,1,1
324,-50,0.05903854553587735,50,0
325,5,0.04925206101809939,6,1
326,7,0.07099595433101058,4,1
327,-11,0.019962082616984844,2,0
328,8,0.07198093148569266,3,1
329,9,0.04155258461833,2,1
330,10,0.04553220421075821,1,1
331,9,0.03927391488105059,2,1
332,10,0.04839737340807915,1,1
333,8,0.0193390604108572,3,1
334,6,0.09189728870987893,5,1
335,10,0.020952165126800537,1,1
336,9,0.02002655155956745,2,1
337,10,0.022406280040740967,1,1
338,7,0.02777778822928667,4,1
339,7,0.10683253407478333,4,1
340,6,0.07849562652409077,5,1
341,6,0.044206257350742816,5,1
342,10,0.02431277558207512,1,1
343,9,0.0182115463539958,2,1
344,7,0.05003582686185837,4,1
345,6,0.0770256757736206,5,1
346,8,0.021898065383235615,3,1
347,6,0.036293770745396615,5,1
348,7,0.055790957529097795,4,1
349,7,0.039083097130060196,4,1
350,-50,0.03626415498554707,50,0
351,8,0.03698264993727207,3,1
352,9,0.035320429131388664,2,1
353,9,0.026528868824243546,2,1
354,9,0.03239757940173149,2,1
355,-11,0.057049378668042744,22,1
356,7,0.04124229634180665,4,1
357,7,0.03242217795923352,4,1
358,10,0.02215765044093132,1,1
359,8,0.018986849735180538,3,1
360,3,0.062059773481450975,8,1
361,8,0.02877758691708247,3,1
362,9,0.056873394176363945,2,1
363,5,0.036215440991024174,6,1
364,8,0.052064381539821625,3,1
365,10,0.06349893659353256,1,1
366,9,0.04328720644116402,2,1
367,7,0.04760746657848358,4,1
368,9,0.039915816858410835,2,1
369,7,0.033201783429831266,4,1
370,7,0.07574673858471215,4,1
371,8,0.02324041724205017,3,1
372,9,0.030155010521411896,2,1
373,8,0.074396846195062,3,1
374,8,0.021113630384206772,3,1
375,10,0.49203500151634216,1,1
376,9,0.017787999473512173,2,1
377,9,0.0461327126249671,2,1
378,6,0.04340687058866024,5,1
379,8,0.06743672490119934,3,1
380,10,0.01758265681564808,1,1
381,8,0.05506368353962898,3,1
382,10,0.013762530870735645,1,1
383,8,0.1372813774893681,3,1
384,8,0.02195718263586362,3,1
385,8,0.05530979484319687,3,1
386,7,0.019696137169376016,4,1
387,10,0.019948646426200867,1,1
388,5,0.08142982004210353,6,1
389,8,0.022918295736114185,3,1
390,7,0.019028734881430864,4,1
391,10,0.03463189676403999,1,1
392,9,0.009618597105145454,2,1
393,9,0.016421435866504908,2,1
394,9,0.03663627803325653,2,1
395,-50,0.044148303549736735,50,0
396,7,0.03968581138178706,4,1
397,6,0.04308809265494347,5,1
398,9,0.03338905144482851,2,1
399,7,0.02799554681405425,4,1
400,8,0.03398192053039869,3,1
401,9,0.04128369130194187,2,1
402,8,0.03334741139163574,3,1
403,10,0.04004692658782005,1,1
404,-13,0.05192708938072125,24,1
405,9,0.023159142583608627,2,1
406,10,0.11983435600996017,1,1
407,8,0.0544140487909317,3,1
408,10,0.028963811695575714,1,1
409,9,0.023691154085099697,2,1
410,9,0.02980193682014942,2,1
411,7,0.03322831029072404,4,1
412,9,0.030725102871656418,2,1
413,7,0.052498350851237774,4,1
414,8,0.05886898562312126,3,1
415,8,0.04307634383440018,3,1
416,8,0.02979392744600773,3,1
417,8,0.030371524393558502,3,1
418,4,0.023498076147266796,7,1
419,10,0.029580503702163696,1,1
420,10,0.039964135736227036,1,1
421,4,0.03009827288665942,7,1
422,-19,0.04954717708751559,10,0
423,8,0.059966168055931725,3,1
424,8,0.08029472641646862,3,1
425,4,0.06157281768641302,7,1
426,5,0.050231885785857834,6,1
427,9,0.042285555973649025,2,1
428,8,0.049117820958296456,3,1
429,8,0.024893466383218765,3,1
430,10,0.020284289494156837,1,1
431,10,0.01479579322040081,1,1
432,4,0.04168473157499518,7,1
433,10,0.09525663405656815,1,1
434,9,0.28105886839330196,2,1
435,9,0.05608714744448662,2,1
436,10,0.020655948668718338,1,1
437,8,0.03420795562366644,3,1
438,10,0.11910103261470795,1,1
439,9,0.12384407222270966,2,1
440,7,0.050234029069542885,4,1
441,8,0.039323579519987106,3,1
442,10,0.026842506602406502,1,1
443,6,0.02201582081615925,5,1
444,6,0.03873635642230511,5,1
445,5,0.06911813157300155,6,1
446,4,0.05536039572741304,7,1
447,9,0.056076232343912125,2,1
448,5,0.04020123711476723,6,1
449,10,0.018424268811941147,1,1
450,8,0.06409601370493571,3,1
451,7,0.05572135979309678,4,1
452,10,0.063569076359272,1,1
453,10,0.06043412536382675,1,1
454,4,0.04091674302305494,7,1
455,10,0.032765112817287445,1,1
456,7,0.0434329635463655,4,1
457,10,0.016045011579990387,1,1
458,8,0.035597860192259155,3,1
459,7,0.020317404065281153,4,1
460,9,0.04222418088465929,2,1
461,7,0.023008828284218907,4,1
462,10,0.017468459904193878,1,1
463,9,0.03055960312485695,2,1
464,10,0.02568075619637966,1,1
465,9,0.03668132424354553,2,1
466,10,0.017222261056303978,1,1
467,9,0.020527927204966545,2,1
468,8,0.08998328695694606,3,1
469,9,0.02743220143020153,2,1
470,6,0.021912641264498232,5,1
471,6,0.017008673027157785,5,1
472,9,0.012900218833237886,2,1
473,7,0.02391879982315004,4,1
474,8,0.025348421496649582,3,1
475,-8,0.050292944633647016,19,1
476,10,0.025582363829016685,1,1
477,10,0.03423197939991951,1,1
478,-50,0.04649925202131271,50,0
479,8,0.04120703817655643,3,1
480,9,0.025353694334626198,2,1
481,7,0.02271181158721447,4,1
482,10,0.05995161086320877,1,1
483,7,0.02786919428035617,4,1
484,7,0.030592940282076597,4,1
485,9,0.02020973339676857,2,1
486,10,0.010839163325726986,1,1
487,1,0.026022873912006618,10,1
488,8,0.05320098623633385,3,1
489,6,0.04743263572454452,5,1
490,5,0.02707950910553336,6,1
491,8,0.1748594039430221,3,1
492,6,0.04206283055245876,5,1
493,0,0.026331799443472515,11,1
494,9,0.052335587330162525,2,1
495,10,0.08739521354436874,1,1
496,5,0.024994316045194864,6,1
497,8,0.020135483083625633,3,1
498,10,0.03337358683347702,1,1
499,7,0.04385952651500702,4,1
500,8,0.027071581377337377,3,1
501,8,0.0330475065857172,3,1
502,-9,0.0315160911064595,20,1
503,8,0.02545708107451598,3,1
504,10,0.011893916875123978,1,1
505,10,0.03381391614675522,1,1
506,-19,0.03605402372777462,30,1
507,10,0.14623187482357025,1,1
508,9,0.03268334595486522,2,1
509,8,0.0448394368092219,3,1
510,9,0.0694730170071125,2,1
511,9,0.014769014902412891,2,1
512,8,0.026476068422198296,3,1
513,7,0.05224767001345754,4,1
514,8,0.024983535520732403,3,1
515,6,0.02311596479266882,5,1
516,5,0.021346116128067177,6,1
517,7,0.0339524217415601,4,1
518,8,0.20393942358593145,3,1
519,10,0.04523671418428421,1,1
520,8,0.0760675718386968,3,1
521,8,0.03678645876546701,3,1
522,8,0.04820437108476957,3,1
523,10,0.025739513337612152,1,1
524,8,0.0619917760292689,3,1
525,-15,0.027157791579763096,6,0
526,10,0.015134603716433048,1,1
527,9,0.03839490935206413,2,1
528,7,0.036864052060991526,4,1
529,9,0.02878689579665661,2,1
530,9,0.016404165886342525,2,1
531,8,0.02195589741071065,3,1
532,7,0.12550369719974697,4,1
533,10,0.048998329788446426,1,1
534,6,0.10308619663119316,5,1
535,9,0.022231027483940125,2,1
536,8,0.03425088462730249,3,1
537,8,0.00931203318759799,3,1
538,7,0.030492492485791445,4,1
539,-12,0.029331618299086887,3,0
540,8,0.01967324937383334,3,1
541,7,0.022966498974710703,4,1
542,8,0.18616211414337158,3,1
543,8,0.14700391391913095,3,1
544,7,0.15385331446304917,4,1
545,-3,0.04456270765513182,14,1
546,7,0.10465843509882689,4,1
547,9,0.04482437577098608,2,1
548,9,0.010770686902105808,2,1
549,9,0.022898972500115633,2,1
550,10,0.008792728185653687,1,1
551,10,0.010533436201512814,1,1
552,9,0.020704097114503384,2,1
553,9,0.17833492904901505,2,1
554,8,0.11361025894681613,3,1
555,7,0.015275624697096646,4,1
556,9,0.0178748806938529,2,1
557,7,0.058457919396460056,4,1
558,8,0.017500813429554302,3,1
559,7,0.04109286540187895,4,1
560,1,0.07533504460006953,10,1
561,9,0.29612799920141697,2,1
562,-10,0.010420811362564564,1,0
563,9,0.26165846455842257,2,1
564,9,0.2532193432562053,2,1
565,8,0.021055453767379124,3,1
566,8,0.028575953096151352,3,1
567,10,0.008354539051651955,1,1
568,9,0.014538542833179235,2,1
569,8,0.03835236529509226,3,1
570,10,0.030488329008221626,1,1
571,10,0.00849703699350357,1,1
572,-37,0.066775025001594,28,0
573,-22,0.052666703740564674,13,0
574,10,0.03090338595211506,1,1
575,-50,0.049611268807202576,50,0
576,8,0.015855527793367703,3,1
577,8,0.028191399450103443,3,1
578,10,0.020609138533473015,1,1
579,7,0.01731189200654626,4,1
580,10,0.031474772840738297,1,1
581,6,0.09428357817232609,5,1
582,7,0.1404258320108056,4,1
583,9,0.24753723107278347,2,1
584,10,0.018414750695228577,1,1
585,8,0.033499665247897305,3,1
586,8,0.15557312841216722,3,1
587,9,0.00890111131593585,2,1
588,10,0.014109279029071331,1,1
589,8,0.016575621751447518,3,1
590,8,0.017039077977339428,3,1
591,7,0.08608210505917668,4,1
592,10,0.014899304136633873,1,1
593,-11,0.0785003390205516,22,1
594,10,0.0353257916867733,1,1
595,7,0.01247489987872541,4,1
596,7,0.08673471119254827,4,1
597,9,0.01967709744349122,2,1
598,9,0.012188882566988468,2,1
599,8,0.036511302615205445,3,1
600,8,0.1319153687606255,3,1
601,8,0.0990913820763429,3,1
602,3,0.02338854526169598,8,1
603,7,0.025167342275381088,4,1
604,9,0.008992111310362816,2,1
605,10,0.019227273762226105,1,1
606,8,0.019965005417664845,3,1
607,7,0.019286952796392143,4,1
608,7,0.024790338007733226,4,1
609,7,0.03781723999418318,4,1
610,10,0.009082747623324394,1,1
611,10,0.011560977436602116,1,1
612,8,0.04740485673149427,3,1
613,6,0.07667264454066754,5,1
614,7,0.01088879001326859,4,1
615,8,0.012382812953243652,3,1
616,8,0.17735572593907514,3,1
617,8,0.016044515185058117,3,1
618,8,0.03041926957666874,3,1
619,-4,0.07263108522941669,15,1
620,5,0.030754489824175835,6,1
621,8,0.04355910855034987,3,1
622,8,0.01758440708120664,3,1
623,10,0.024569204077124596,1,1
624,8,0.015835579795142014,3,1
625,8,0.04228545973698298,3,1
626,6,0.029313553124666214,5,1
627,7,0.01915911049582064,4,1
628,10,0.31674227118492126,1,1
629,8,0.04084820797046026,3,1
630,0,0.052103801630437374,11,1
631,8,0.09202149510383606,3,1
632,10,0.054034192115068436,1,1
633,7,0.07992391753941774,4,1
634,6,0.14780253395438195,5,1
635,9,0.02489224448800087,2,1
636,10,0.01867089793086052,1,1
637,8,0.017730182347198326,3,1
638,8,0.028010424847404163,3,1
639,7,0.020377196837216616,4,1
640,9,0.055327404756098986,2,1
641,9,0.020264750346541405,2,1
642,8,0.04217112002273401,3,1
643,9,0.017141529358923435,2,1
644,7,0.012836653739213943,4,1
645,9,0.019268883392214775,2,1
646,8,0.02006790755937497,3,1
647,8,0.021044321979085606,3,1
648,10,0.023333393037319183,1,1
649,7,0.10250027431175113,4,1
650,7,0.03611293248832226,4,1
651,6,0.026446270942687988,5,1
652,-10,0.018097059801220894,1,0
653,7,0.13539365399628878,4,1
654,9,0.0818442814052105,2,1
655,7,0.021363297710195184,4,1
656,10,0.01787193864583969,1,1
657,9,0.13493211846798658,2,1
658,9,0.02084845956414938,2,1
659,10,0.027560105547308922,1,1
660,5,0.04180046233038107,6,1
661,10,0.06588438153266907,1,1
662,8,0.02176086977124214,3,1
663,9,0.04599145986139774,2,1
664,10,0.011433147825300694,1,1
665,8,0.024984799325466156,3,1
666,4,0.017021644727459977,7,1
667,9,0.25325334444642067,2,1
668,7,0.028658077586442232,4,1
669,9,0.014150712639093399,2,1
670,10,0.008792958222329617,1,1
671,8,0.03650612694521745,3,1
672,9,0.08278712909668684,2,1
673,9,0.01021250942721963,2,1
674,-20,0.06042389574670984,31,1
675,9,0.016085895709693432,2,1
676,7,0.035475267097353935,4,1
677,9,0.024475143291056156,2,1
678,9,0.02235092781484127,2,1
679,10,0.018199289217591286,1,1
680,4,0.026129154887582575,7,1
681,-35,0.06351751913114087,46,1
682,7,0.02656224323436618,4,1
683,8,0.04296400211751461,3,1
684,8,0.03323013552774986,3,1
685,7,0.02221742318943143,4,1
686,-14,0.12371814101934434,5,0
687,8,0.16728875258316597,3,1
688,10,0.4521324634552002,1,1
689,8,0.020704053342342377,3,1
690,10,0.009910431690514088,1,1
691,9,0.01856211293488741,2,1
692,6,0.018368270993232728,5,1
693,8,0.031769738222161926,3,1
694,-11,0.026811704970896244,2,0
695,9,0.012762961909174919,2,1
696,9,0.06904641864821315,2,1
697,-50,0.0800464734993875,50,0
698,8,0.06710310777028401,3,1
699,10,0.00989309512078762,1,1
700,10,0.18960613012313843,1,1
701,6,0.12774703539907933,5,1
702,7,0.06544061051681638,4,1
703,9,0.02424271358177066,2,1
704,9,0.08086270466446877,2,1
705,7,0.051235767314210534,4,1
706,9,0.04613707587122917,2,1
707,7,0.15025152638554573,4,1
708,7,0.02041223691776395,4,1
709,9,0.010900838300585747,2,1
710,5,0.03068186156451702,6,1
711,10,0.036002881824970245,1,1
712,9,0.045653801411390305,2,1
713,10,0.013889624737203121,1,1
714,7,0.12150358827784657,4,1
715,9,0.06098305061459541,2,1
716,6,0.05509213991463184,5,1
717,8,0.03282920395334562,3,1
718,6,0.09540003892034292,5,1
719,2,0.046006034749249615,9,1
720,9,0.05691233649849892,2,1
721,8,0.08433041628450155,3,1
722,10,0.019781023263931274,1,1
723,9,0.016977530904114246,2,1
724,5,0.04089528073867162,6,1
725,5,0.014787664481749138,6,1
726,8,0.032790686935186386,3,1
727,8,0.05524849643309911,3,1
728,7,0.1684235972352326,4,1
729,9,0.04015681706368923,2,1
730,8,0.02453589191039403,3,1
731,4,0.10267422507916178,7,1
732,8,0.01468362690260013,3,1
733,6,0.03684564307332039,5,1
734,10,0.010829491540789604,1,1
735,9,0.028552650474011898,2,1
736,8,0.022902893212934334,3,1
737,8,0.057530585365990795,3,1
738,10,0.018970100209116936,1,1
739,8,0.03592935142417749,3,1
740,9,0.032478281296789646,2,1
741,9,0.04030743520706892,2,1
742,6,0.038700274750590326,5,1
743,-13,0.04479734083482375,24,1
744,8,0.030560375812153023,3,1
745,6,0.08573155924677849,5,1
746,9,0.22332358686253428,2,1
747,5,0.09279022738337517,6,1
748,6,0.09790681973099709,5,1
749,7,0.02554870513267815,4,1
750,9,0.015846093650907278,2,1
751,6,0.031500541046261786,5,1
752,6,0.11183714233338833,5,1
753,6,0.05318944714963436,5,1
754,9,0.0591915724799037,2,1
755,8,0.10398315700391929,3,1
756,10,0.042245928198099136,1,1
757,7,0.02571333898231387,4,1
758,7,0.0192254688590765,4,1
759,9,0.03904233407229185,2,1
760,10,0.021181795746088028,1,1
761,8,0.05179129416743914,3,1
762,5,0.1002231336509188,6,1
763,4,0.061121419338243346,7,1
764,9,0.017823669128119946,2,1
765,10,0.05879104509949684,1,1
766,7,0.13071205094456673,4,1
767,10,0.04615490138530731,1,1
768,8,0.15556712510685125,3,1
769,10,0.029382560402154922,1,1
770,10,0.044890787452459335,1,1
771,10,0.014718194492161274,1,1
772,5,0.027488228864967823,6,1
773,7,0.18608649214729667,4,1
774,10,0.1108504980802536,1,1
775,9,0.025337976403534412,2,1
776,8,0.28781288862228394,3,1
777,8,0.04273868600527445,3,1
778,7,0.036590019590221345,4,1
779,8,0.03326896391808987,3,1
780,-2,0.04710608792419617,13,1
781,5,0.046692450530827045,6,1
782,8,0.08951292497416337,3,1
783,10,0.017603090032935143,1,1
784,5,0.06113259199385842,6,1
785,1,0.07781551135703921,10,1
786,8,0.041065133487184845,3,1
787,9,0.06214716657996178,2,1
788,7,0.01620502443984151,4,1
789,9,0.1035618120804429,2,1
790,7,0.1309529971331358,4,1
791,8,0.024746069063742954,3,1
792,10,0.026527756825089455,1,1
793,10,0.03170694410800934,1,1
794,8,0.013165624812245369,3,1
795,8,0.19424179879327616,3,1
796,7,0.09433397836983204,4,1
797,7,0.05156442755833268,4,1
798,9,0.0877745971083641,2,1
799,-6,0.04331204366377171,17,1
800,-3,0.07256409113428422,14,1
801,10,0.018757209181785583,1,1
802,3,0.04003279213793576,8,1
803,10,0.049956779927015305,1,1
804,10,0.02952350303530693,1,1
805,9,0.043878295458853245,2,1
806,5,0.05789683014154434,6,1
807,6,0.04498914796859026,5,1
808,7,0.06591535918414593,4,1
809,5,0.030371564750870068,6,1
810,9,0.026229418348520994,2,1
811,7,0.034000080078840256,4,1
812,8,0.01599263617148002,3,1
813,2,0.05935060232877731,9,1
814,8,0.018353956130643685,3,1
815,10,0.01580330729484558,1,1
816,8,0.028668477510412533,3,1
817,8,0.14222112546364465,3,1
818,6,0.11458900030702353,5,1
819,10,0.06328657269477844,1,1
820,6,0.051784710958600044,5,1
821,9,0.058179909363389015,2,1
822,10,0.08205705881118774,1,1
823,8,0.04275121291478475,3,1
824,7,0.0498422896489501,4,1
825,4,0.044553433411887715,7,1
826,9,0.024107021279633045,2,1
827,8,0.13380970930059752,3,1
828,9,0.03880636394023895,2,1
829,8,0.04089191493888696,3,1
830,7,0.06609196867793798,4,1
831,10,0.02500102110207081,1,1
832,8,0.025556982184449833,3,1
833,10,0.035352546721696854,1,1
834,7,0.04164003487676382,4,1
835,5,0.11517376949389775,6,1
836,-4,0.06517266749093929,15,1
837,7,0.05806197598576546,4,1
838,-14,0.0782569421455264,25,1
839,9,0.044321855530142784,2,1
840,8,0.10108752051989238,3,1
841,9,0.04122273251414299,2,1
842,9,0.05529569275677204,2,1
843,5,0.0366673165311416,6,1
844,10,0.14161927998065948,1,1
845,9,0.17163435369729996,2,1
846,8,0.060165079310536385,3,1
847,7,0.06184281362220645,4,1
848,10,0.21460269391536713,1,1
849,9,0.05477543640881777,2,1
850,9,0.022478889208287,2,1
851,6,0.06299484074115753,5,1
852,6,0.032627028226852414,5,1
853,9,0.06824606284499168,2,1
854,10,0.02457047626376152,1,1
855,9,0.03448116220533848,2,1
856,6,0.04153129532933235,5,1
857,7,0.05099798459559679,4,1
858,4,0.05046492588839361,7,1
859,8,0.040084972977638245,3,1
860,10,0.01951025053858757,1,1
861,7,0.06332008237950504,4,1
862,8,0.03964787721633911,3,1
863,7,0.023044086061418056,4,1
864,8,0.02023895860960086,3,1
865,10,0.024150822311639786,1,1
866,9,0.03299100138247013,2,1
867,7,0.02957461215555668,4,1
868,10,0.009030009619891644,1,1
869,10,0.016264960169792175,1,1
870,8,0.03865249020357927,3,1
871,7,0.02113227522931993,4,1
872,9,0.11275642272084951,2,1
873,10,0.038586150854825974,1,1
874,10,0.020015034824609756,1,1
875,10,0.02206486091017723,1,1
876,10,0.024429505690932274,1,1
877,10,0.022811854258179665,1,1
878,6,0.03750032112002373,5,1
879,5,0.0327605651691556,6,1
880,7,0.10217998852021992,4,1
881,9,0.018104287795722485,2,1
882,8,0.02141095387438933,3,1
883,9,0.01779214246198535,2,1
884,10,0.012334659695625305,1,1
885,9,0.02541202027350664,2,1
886,7,0.022089334670454264,4,1
887,9,0.020769715309143066,2,1
888,6,0.022025539167225362,5,1
889,8,0.06767612447341283,3,1
890,7,0.03340761223807931,4,1
891,7,0.026924717240035534,4,1
892,8,0.09921660150090854,3,1
893,9,0.03284988924860954,2,1
894,8,0.10262209828943014,3,1
895,7,0.044478326337412,4,1
896,8,0.07880332879722118,3,1
897,0,0.09499687439000065,11,1
898,9,0.07398554496467113,2,1
899,8,0.04215033290286859,3,1
900,8,0.04959062859416008,3,1
901,7,0.035080816596746445,4,1
902,10,0.042313095182180405,1,1
903,7,0.044758550357073545,4,1
904,8,0.037762430806954704,3,1
905,7,0.053346124943345785,4,1
906,8,0.08084036906560262,3,1
907,8,0.04724720617135366,3,1
908,9,0.01791089726611972,2,1
909,8,0.07707604362318914,3,1
910,5,0.036904544569551945,6,1
911,8,0.05745783572395643,3,1
912,10,0.013961920514702797,1,1
913,8,0.0843153999497493,3,1
914,10,0.02939806692302227,1,1
915,8,0.014162493559221426,3,1
916,10,0.019787713885307312,1,1
917,8,0.02743204931418101,3,1
918,-30,0.0416352851089181,41,1
919,7,0.04937053890898824,4,1
920,-5,0.031772647867910564,16,1
921,6,0.08756470009684562,5,1
922,7,0.044072141405195,4,1
923,-11,0.03734662942588329,2,0
924,7,0.04944762564264238,4,1
925,7,0.05232373857870698,4,1
926,9,0.020063753239810467,2,1
927,9,0.047790179029107094,2,1
928,8,0.0652610609928767,3,1
929,9,0.017383393365889788,2,1
930,8,0.10351945459842682,3,1
931,8,0.06089575091997782,3,1
932,7,0.05781965819187462,4,1
933,8,0.04334257791439692,3,1
934,9,0.0659349374473095,2,1
935,8,0.023724814876914024,3,1
936,8,0.06739556478957336,3,1
937,9,0.014494556933641434,2,1
938,6,0.05357952266931534,5,1
939,9,0.041426206938922405,2,1
940,10,0.014284539967775345,1,1
941,10,0.05262697860598564,1,1
942,-38,0.03754136861511031,49,1
943,9,0.03173590358346701,2,1
944,7,0.027749323286116123,4,1
945,8,0.021074504281083744,3,1
946,8,0.055391172568003334,3,1
947,10,0.035725921392440796,1,1
948,5,0.0259321805400153,6,1
949,9,0.05180513300001621,2,1
950,8,0.026846706867218018,3,1
951,9,0.01666731107980013,2,1
952,-50,0.050511253457516433,50,0
953,6,0.047107619047164914,5,1
954,8,0.05384456428388754,3,1
955,7,0.03855800721794367,4,1
956,8,0.03896676873167356,3,1
957,6,0.051530458778142926,5,1
958,7,0.07867555413395166,4,1
959,8,0.032624405808746815,3,1
960,9,0.026174402330070734,2,1
961,-19,0.03591541387140751,30,1
962,9,0.017196243163198233,2,1
963,-50,0.0303452255949378,50,0
964,6,0.019044547714293,5,1
965,5,0.05373992243160804,6,1
966,10,0.03811122104525566,1,1
967,4,0.03062384415950094,7,1
968,-10,0.022485198453068733,1,0
969,10,0.03132207691669464,1,1
970,8,0.024593023893733818,3,1
971,7,0.02139085391536355,4,1
972,7,0.012553655309602618,4,1
973,7,0.021182184340432286,4,1
974,9,0.014625477138906717,2,1
975,9,0.06039510667324066,2,1
976,8,0.03747708722949028,3,1
977,9,0.016000411473214626,2,1
978,7,0.02209280477836728,4,1
979,8,0.01548745483160019,3,1
980,8,0.010053612291812897,3,1
981,8,0.028172026698788006,3,1
982,8,0.01685914924989144,3,1
983,7,0.10832590982317924,4,1
984,5,0.043368613657852016,6,1
985,9,0.013255151454359293,2,1
986,10,0.021716713905334473,1,1
987,9,0.017807485535740852,2,1
988,7,0.023877414409071207,4,1
989,9,0.03598954062908888,2,1
990,9,0.02725547645241022,2,1
991,10,0.020543690770864487,1,1
992,10,0.012712491676211357,1,1
993,8,0.016875926094750564,3,1
994,8,0.022914314021666844,3,1
995,7,0.09849855175707489,4,1
996,8,0.01910093581924836,3,1
997,6,0.03190090386196971,5,1
998,9,0.031549000181257725,2,1
999,9,0.020615277346223593,2,1
1000,-6,0.039206770166535586,17,1
1,-1,0.030263918451964855,12,1
2,3,0.026383466611150652,8,1
3,9,0.032002524472773075,2,1
4,9,0.023659363854676485,2,1
5,7,0.021619769977405667,4,1
6,6,0.032395583018660544,5,1
7,9,0.026885949075222015,2,1
8,-10,0.014121531508862972,1,0
9,10,0.03110647387802601,1,1
10,9,0.03223391203209758,2,1
11,9,0.029890235513448715,2,1
12,-50,0.03648748930543661,50,0
13,-2,0.044146221346006945,13,1
14,9,0.018431751988828182,2,1
15,8,0.02725834771990776,3,1
16,9,0.09882376156747341,2,1
17,8,0.034959658359487854,3,1
18,6,0.018417535349726677,5,1
19,9,0.01021507428959012,2,1
20,10,0.028277568519115448,1,1
21,8,0.015257089398801327,3,1
22,10,0.027801260352134705,1,1
23,-50,0.03745867754332721,50,0
24,8,0.022502096680303414,3,1
25,7,0.032641776371747255,4,1
26,10,0.05161765217781067,1,1
27,8,0.02889218678077062,3,1
28,7,0.041776956990361214,4,1
29,7,0.048182790633291006,4,1
30,7,0.05630817823112011,4,1
31,9,0.021081778220832348,2,1
32,10,0.042679980397224426,1,1
33,9,0.01906342338770628,2,1
34,10,0.027042362838983536,1,1
35,8,0.026924414560198784,3,1
36,-50,0.04228184022009373,50,0
37,-13,0.023344660876318812,4,0
38,10,0.042846761643886566,1,1
39,8,0.02286367987593015,3,1
40,8,0.030936201723913353,3,1
41,9,0.018511004745960236,2,1
42,7,0.031985635869205,4,1
43,9,0.018860330805182457,2,1
44,9,0.012423109728842974,2,1
45,8,0.028973441881438095,3,1
46,7,0.05033232783898711,4,1
47,8,0.04977646594246229,3,1
48,8,0.02765396423637867,3,1
49,9,0.031416984274983406,2,1
50,6,0.021476553194224833,5,1
51,8,0.028492937485376995,3,1
52,-11,0.021203949116170406,2,0
53,8,0.17920978926122189,3,1
54,7,0.13476569019258022,4,1
55,7,0.028575596632435918,4,1
56,8,0.019212815910577774,3,1
57,10,0.006643527187407017,1,1
58,-12,0.0606652470305562,23,1
59,9,0.07615471072494984,2,1
60,10,0.015419982373714447,1,1
61,7,0.03341772733256221,4,1
62,9,0.011415306478738785,2,1
63,7,0.01567138102836907,4,1
64,8,0.01796691243847211,3,1
65,7,0.034337242133915424,4,1
66,5,0.04912777151912451,6,1
67,8,0.012103698837260405,3,1
68,8,0.038389794528484344,3,1
69,7,0.04303604084998369,4,1
70,8,0.020829930901527405,3,1
71,9,0.016798720695078373,2,1
72,7,0.012299202498979867,4,1
73,8,0.03267234439651171,3,1
74,8,0.016420403495430946,3,1
75,10,0.013440979644656181,1,1
76,7,0.02056801994331181,4,1
77,6,0.0280238002538681,5,1
78,8,0.020570740879823763,3,1
79,10,0.011378210969269276,1,1
80,7,0.03176012774929404,4,1
81,9,0.010489943670108914,2,1
82,7,0.03202186361886561,4,1
83,8,0.03022631537169218,3,1
84,7,0.02539721899665892,4,1
85,9,0.015727656427770853,2,1
86,10,0.027165547013282776,1,1
87,9,0.025139744393527508,2,1
88,3,0.0397902587428689,8,1
89,8,0.021461045369505882,3,1
90,10,0.01193036325275898,1,1
91,-10,0.02668970823287964,1,0
92,9,0.016912580467760563,2,1
93,8,0.038055989891290665,3,1
94,-4,0.054740821073452635,15,1
95,9,0.03109943773597479,2,1
96,10,0.023758821189403534,1,1
97,10,0.017619453370571136,1,1
98,10,0.013233122415840626,1,1
99,5,0.04167057806625962,6,1
100,8,0.07447708646456401,3,1
101,10,0.01442481018602848,1,1
102,10,0.021572135388851166,1,1
103,8,0.03423390413324038,3,1
104,8,0.024992515643437702,3,1
105,8,0.02458906142661969,3,1
106,8,0.020924368873238564,3,1
107,9,0.04100831598043442,2,1
108,10,0.013071814551949501,1,1
109,-16,0.027976951648101763,27,1
110,8,0.02754430907468001,3,1
111,9,0.011827504727989435,2,1
112,10,0.003981464542448521,1,1
113,8,0.020010342821478844,3,1
114,7,0.04240837087854743,4,1
115,5,0.02511555887758732,6,1
116,9,0.030742671340703964,2,1
117,6,0.1094818389043212,5,1
118,10,0.03824637830257416,1,1
119,5,0.03130365007867416,6,1
120,-10,0.009655886329710484,1,0
121,10,0.03480058163404465,1,1
122,8,0.01625953397403161,3,1
123,7,0.021546129137277603,4,1
124,9,0.03788013756275177,2,1
125,10,0.021009763702750206,1,1
126,9,0.02051487471908331,2,1
127,7,0.24637359683401883,4,1
128,6,0.0429928844794631,5,1
129,9,0.01674817595630884,2,1
130,10,0.03038354404270649,1,1
131,9,0.24655666016042233,2,1
132,9,0.028084611520171165,2,1
133,7,0.02421144093386829,4,1
134,7,0.11425154143944383,4,1
135,10,0.4340360462665558,1,1
136,9,0.02742269728332758,2,1
137,6,0.021828003227710724,5,1
138,10,0.012486660853028297,1,1
139,7,0.11808507610112429,4,1
140,7,0.1299008266068995,4,1
141,8,0.022682054278751213,3,1
142,9,0.04871562169864774,2,1
143,8,0.02934852180381616,3,1
144,9,0.016407521907240152,2,1
145,9,0.02661024942062795,2,1
146,6,0.02603219710290432,5,1
147,8,0.011973698390647769,3,1
148,9,0.027717197313904762,2,1
149,9,0.034477563574910164,2,1
150,1,0.0730392181314528,10,1
151,-50,0.07270372107625007,50,0
152,10,0.015471361577510834,1,1
153,10,0.016082726418972015,1,1
154,9,0.02815346233546734,2,1
155,8,0.06529050568739574,3,1
156,9,0.06329740583896637,2,1
157,8,0.03613405302166939,3,1
158,9,0.13750366680324078,2,1
159,9,0.10988369956612587,2,1
160,5,0.029429759209354717,6,1
161,9,0.028928988613188267,2,1
162,9,0.06509936228394508,2,1
163,7,0.07825653767213225,4,1
164,-11,0.02461128681898117,2,0
165,9,0.04738833196461201,2,1
166,10,0.018333975225687027,1,1
167,9,0.0321115180850029,2,1
168,8,0.07392861011127631,3,1
169,9,0.026031851768493652,2,1
170,10,0.09131307899951935,1,1
171,10,0.13235153257846832,1,1
172,10,0.48871999979019165,1,1
173,8,0.040054582680265106,3,1
174,-16,0.05839811348252826,27,1
175,7,0.031196633353829384,4,1
176,10,0.0296788327395916,1,1
177,10,0.011549927294254303,1,1
178,7,0.028046366292983294,4,1
179,9,0.019432909786701202,2,1
180,7,0.03765867231413722,4,1
181,5,0.13040721540649733,6,1
182,7,0.035073964856565,4,1
183,9,0.021279715932905674,2,1
184,10,0.031203025951981544,1,1
185,9,0.03528010658919811,2,1
186,9,0.023903795517981052,2,1
187,10,0.023566503077745438,1,1
188,7,0.02254523988813162,4,1
189,8,0.021188717025021713,3,1
190,8,0.031237448876102764,3,1
191,6,0.017225045524537564,5,1
192,8,0.03173791027317444,3,1
193,9,0.03468747716397047,2,1
194,7,0.0320514477789402,4,1
195,7,0.22417944623157382,4,1
196,8,0.03804336115717888,3,1
197,9,0.013484208611771464,2,1
198,8,0.048715341836214066,3,1
199,7,0.023662785766646266,4,1
200,7,0.024800885701552033,4,1
201,9,0.01716012228280306,2,1
202,7,0.020105922129005194,4,1
203,7,0.012307054828852415,4,1
204,9,0.030263766646385193,2,1
205,9,0.2033177688717842,2,1
206,-13,0.11443736311048269,4,0
207,9,0.01327654393389821,2,1
208,10,0.050922635942697525,1,1
209,7,0.021930956281721592,4,1
210,6,0.01842177603393793,5,1
211,7,0.011208874406293035,4,1
212,7,0.10996122332289815,4,1
213,8,0.02793693107863267,3,1
214,10,0.009407254867255688,1,1
215,9,0.04456548951566219,2,1
216,8,0.030108923092484474,3,1
217,7,0.024174441816285253,4,1
218,5,0.10001190363739927,6,1
219,8,0.03374523793657621,3,1
220,10,0.014480099081993103,1,1
221,5,0.08379951103900869,6,1
222,9,0.21003634668886662,2,1
223,1,0.05578869599848986,10,1
224,-50,0.044680815562605856,50,0
225,7,0.028915378265082836,4,1
226,10,0.019827792420983315,1,1
227,9,0.02198602957651019,2,1
228,8,0.020344193403919537,3,1
229,4,0.024943005027515546,7,1
230,8,0.01728257971505324,3,1
231,10,0.04644086956977844,1,1
232,8,0.037059816221396126,3,1
233,10,0.01113739050924778,1,1
234,7,0.020080622285604477,4,1
235,-2,0.02445051117012134,13,1
236,8,0.020440886573245127,3,1
237,10,0.36302483081817627,1,1
238,10,0.012352662160992622,1,1
239,7,0.014657769352197647,4,1
240,4,0.0739411325859172,7,1
241,-12,0.04748860855951258,23,1
242,8,0.04777532443404198,3,1
243,8,0.01737385584662358,3,1
244,10,0.027878543362021446,1,1
245,10,0.03286999464035034,1,1
246,4,0.16974184954805033,7,1
247,6,0.043201909959316255,5,1
248,9,0.013520341366529465,2,1
249,8,0.12308465441068013,3,1
250,10,0.016583114862442017,1,1
251,7,0.039165427442640066,4,1
252,8,0.03208779481550058,3,1
253,7,0.02288467437028885,4,1
254,5,0.024671229844292004,6,1
255,10,0.02697860263288021,1,1
256,10,0.014573799446225166,1,1
257,8,0.028834886228044827,3,1
258,6,0.09235647469758987,5,1
259,9,0.052259630523622036,2,1
260,7,0.11361337918788195,4,1
261,7,0.12148525658994913,4,1
262,8,0.01660163017610709,3,1
263,9,0.011139335576444864,2,1
264,9,0.008372596697881818,2,1
265,8,0.017263712051014107,3,1
266,9,0.05391501635313034,2,1
267,8,0.021383220950762432,3,1
268,7,0.02695690467953682,4,1
269,8,0.04331522434949875,3,1
270,10,0.0937652513384819,1,1
271,10,0.022766124457120895,1,1
272,6,0.08630234189331532,5,1
273,9,0.02698096539825201,2,1
274,10,0.1675157994031906,1,1
275,9,0.05185486935079098,2,1
276,10,0.018086927011609077,1,1
277,10,0.03138599917292595,1,1
278,-8,0.04841295796397485,19,1
279,9,0.043526967987418175,2,1
280,6,0.0228916946798563,5,1
281,9,0.018585941288620234,2,1
282,7,0.14290003385394812,4,1
283,7,0.030529771000146866,4,1
284,8,0.03372608311474323,3,1
285,8,0.019327486865222454,3,1
286,9,0.019843741320073605,2,1
287,8,0.02433720137923956,3,1
288,10,0.03867790475487709,1,1
289,10,0.07138041406869888,1,1
290,8,0.027573407317201298,3,1
291,7,0.017825870541855693,4,1
292,7,0.02014313847757876,4,1
293,10,0.026113027706742287,1,1
294,7,0.019725821213796735,4,1
295,6,0.04401842895895243,5,1
296,7,0.021878215484321117,4,1
297,8,0.03979626204818487,3,1
298,8,0.019562106889983017,3,1
299,10,0.04678437113761902,1,1
300,8,0.025552574545145035,3,1
301,6,0.024190112203359603,5,1
302,8,0.09621733520179987,3,1
303,7,0.07019045297056437,4,1
304,9,0.019167068414390087,2,1
305,8,0.01708042590568463,3,1
306,-45,0.05197541455789986,36,0
307,8,0.028687617431084316,3,1
308,6,0.06550730280578136,5,1
309,9,0.02713731350377202,2,1
310,8,0.08093751842776935,3,1
311,9,0.05428217723965645,2,1
312,7,0.13733287574723363,4,1
313,7,0.03574764542281628,4,1
314,8,0.041009655222296715,3,1
315,7,0.09419837011955678,4,1
316,8,0.1383891769995292,3,1
317,10,0.0380781851708889,1,1
318,5,0.03189849232633909,6,1
319,9,0.03901650197803974,2,1
320,8,0.08865142147988081,3,1
321,9,0.025817418470978737,2,1
322,6,0.02394919451326132,5,1
323,8,0.03489291792114576,3,1
324,-50,0.043951699137687684,50,0
325,7,0.1860160594806075,4,1
326,8,0.022515231743454933,3,1
327,6,0.01840045992285013,5,1
328,8,0.03040919577081998,3,1
329,8,0.031368199114998184,3,1
330,8,0.02780188371737798,3,1
331,8,0.14407983049750328,3,1
332,9,0.17927837371826172,2,1
333,9,0.21138212829828262,2,1
334,8,0.0312271515528361,3,1
335,5,0.12932474135110775,6,1
336,9,0.04275244101881981,2,1
337,7,0.047567362897098064,4,1
338,10,0.04312889277935028,1,1
339,8,0.1003961240251859,3,1
340,8,0.1291536552210649,3,1
341,9,0.04004787839949131,2,1
342,9,0.02903620433062315,2,1
343,6,0.02439488619565964,5,1
344,8,0.0660408033678929,3,1
345,9,0.017186451237648726,2,1
346,8,0.023559875165422756,3,1
347,7,0.02520165336318314,4,1
348,2,0.018715464716984168,9,1
349,9,0.011419713962823153,2,1
350,8,0.02028208753714959,3,1
351,8,0.017787427331010502,3,1
352,6,0.0176773046143353,5,1
353,10,0.012470250949263573,1,1
354,10,0.05341657996177673,1,1
355,9,0.022370743565261364,2,1
356,-16,0.044961203545056005,27,1
357,6,0.057761159539222715,5,1
358,9,0.04508864274248481,2,1
359,7,0.034334563883021474,4,1
360,7,0.05194772267714143,4,1
361,8,0.03238459303975105,3,1
362,10,0.015495391562581062,1,1
363,6,0.0771104922518134,5,1
364,9,0.05950880981981754,2,1
365,9,0.011836383258923888,2,1
366,7,0.042123900493606925,4,1
367,-1,0.0639636709044377,12,1
368,10,0.004667800385504961,1,1
369,-13,0.03209965897258371,4,0
370,5,0.021597780287265778,6,1
371,8,0.018367939318219822,3,1
372,9,0.02310193143785,2,1
373,8,0.060925922046105065,3,1
374,8,0.03741198778152466,3,1
375,9,0.028349081054329872,2,1
376,10,0.01949290558695793,1,1
377,9,0.14701163582503796,2,1
378,9,0.03005178738385439,2,1
379,8,0.028492213537295658,3,1
380,9,0.11406910419464111,2,1
381,7,0.051757489796727896,4,1
382,8,0.031606639424959816,3,1
383,9,0.025571320205926895,2,1
384,-12,0.015778788986305397,3,0
385,10,0.08099869638681412,1,1
386,8,0.1434156447649002,3,1
387,9,0.02329133916646242,2,1
388,8,0.042696211487054825,3,1
389,9,0.0290745310485363,2,1
390,7,0.02111820108257234,4,1
391,8,0.023119232306877773,3,1
392,9,0.02192201348952949,2,1
393,10,0.011815061792731285,1,1
394,8,0.01349555142223835,3,1
395,7,0.029231884516775608,4,1
396,8,0.03400880719224612,3,1
397,9,0.01786472788080573,2,1
398,6,0.03661137148737907,5,1
399,5,0.02707202926588555,6,1
400,8,0.019097021780908108,3,1
401,6,0.02724201213568449,5,1
402,9,0.024621630553156137,2,1
403,10,0.033877111971378326,1,1
404,9,0.013087612111121416,2,1
405,9,0.01831936789676547,2,1
406,7,0.03335807879921049,4,1
407,7,0.0757745779119432,4,1
408,-50,0.047284031715244056,50,0
409,9,0.015876511111855507,2,1
410,-1,0.06952490595479806,12,1
411,9,0.018829699605703354,2,1
412,10,0.018853558227419853,1,1
413,10,0.012765347957611084,1,1
414,6,0.0703073175624013,5,1
415,10,0.02309558540582657,1,1
416,8,0.02841142751276493,3,1
417,8,0.018661087999741238,3,1
418,7,0.02403888665139675,4,1
419,6,0.024970616027712823,5,1
420,9,0.017709771636873484,2,1
421,9,0.012879149056971073,2,1
422,9,0.0197773864492774,2,1
423,8,0.038793496787548065,3,1
424,8,0.015475288033485413,3,1
425,8,0.015172591432929039,3,1
426,-12,0.036103387673695884,3,0
427,9,0.05077576916664839,2,1
428,7,0.0209043282084167,4,1
429,9,0.02242215070873499,2,1
430,9,0.01959245838224888,2,1
431,9,0.020939857698976994,2,1
432,6,0.017734318785369397,5,1
433,10,0.3063684105873108,1,1
434,7,0.07191773573867977,4,1
435,8,0.01478056920071443,3,1
436,8,0.010420617802689472,3,1
437,8,0.03819277075429758,3,1
438,7,0.11843719240278006,4,1
439,8,0.017186190622548263,3,1
440,9,0.11164756584912539,2,1
441,8,0.03108454371492068,3,1
442,8,0.020828060805797577,3,1
443,8,0.029657787022491295,3,1
444,8,0.03982680228849252,3,1
445,-10,0.06307116895914078,1,0
446,7,0.03708839253522456,4,1
447,10,0.04014188051223755,1,1
448,5,0.07582571031525731,6,1
449,7,0.10885494947433472,4,1
450,9,0.02523374743759632,2,1
451,9,0.023146923165768385,2,1
452,3,0.03590695606544614,8,1
453,10,0.03018135204911232,1,1
454,7,0.1374830831773579,4,1
455,10,0.013459185138344765,1,1
456,9,0.0066938388627022505,2,1
457,10,0.060828208923339844,1,1
458,8,0.036244333100815616,3,1
459,6,0.08636799231171607,5,1
460,8,0.19418215456729135,3,1
461,8,0.028261347363392513,3,1
462,8,0.018824093354245026,3,1
463,8,0.022997145851453144,3,1
464,7,0.1305445870384574,4,1
465,7,0.06905897427350283,4,1
466,9,0.021349149756133556,2,1
467,10,0.013597942888736725,1,1
468,9,0.019902923377230763,2,1
469,10,0.03113148920238018,1,1
470,8,0.122245402696232,3,1
471,6,0.018714913725852968,5,1
472,8,0.030475613971551258,3,1
473,8,0.010783875361084938,3,1
474,7,0.039988739299587905,4,1
475,6,0.015556011535227298,5,1
476,7,0.0356924831867218,4,1
477,9,0.12440289556980133,2,1
478,7,0.016441913787275553,4,1
479,7,0.03483327245339751,4,1
480,5,0.02308935470258196,6,1
481,9,0.021822004579007626,2,1
482,10,0.02739492990076542,1,1
483,9,0.013184547424316406,2,1
484,7,0.05253694811835885,4,1
485,10,0.014917077496647835,1,1
486,10,0.012323909439146519,1,1
487,10,0.013303887099027634,1,1
488,8,0.04572369127223889,3,1
489,9,0.03500643000006676,2,1
490,9,0.014690654817968607,2,1
491,9,0.03083097841590643,2,1
492,8,0.025848057741920154,3,1
493,10,0.015599551610648632,1,1
494,7,0.022283151745796204,4,1
495,10,0.012246797792613506,1,1
496,8,0.16940212373932204,3,1
497,6,0.09347757007926702,5,1
498,6,0.02248548427596688,5,1
499,8,0.04440700759490331,3,1
500,7,0.028401074465364218,4,1
501,6,0.049616985209286216,5,1
502,-12,0.05375340084234873,3,0
503,-3,0.024780120301459516,14,1
504,6,0.03083254173398018,5,1
505,6,0.0854200217872858,5,1
506,-35,0.09842118234015428,26,0
507,6,0.08114126436412335,5,1
508,9,0.0697461823001504,2,1
509,10,0.015754561871290207,1,1
510,2,0.04895933231131898,9,1
511,7,0.0599923690315336,4,1
512,8,0.06949119580288728,3,1
513,8,0.04972540649274985,3,1
514,-12,0.03704856956998507,3,0
515,10,0.043244075030088425,1,1
516,9,0.03262476343661547,2,1
517,9,0.28499906323850155,2,1
518,6,0.06971694231033325,5,1
519,7,0.038248106837272644,4,1
520,6,0.024839788675308228,5,1
521,-1,0.05708569761676093,12,1
522,8,0.029038178424040478,3,1
523,10,0.009237735532224178,1,1
524,9,0.15653986670076847,2,1
525,8,0.04261435319979986,3,1
526,6,0.1363526489585638,5,1
527,8,0.030396752059459686,3,1
528,5,0.1087075740409394,6,1
529,-50,0.04928533202037215,50,0
530,6,0.09990831092000008,5,1
531,9,0.01912912307307124,2,1
532,10,0.04570532962679863,1,1
533,10,0.300625741481781,1,1
534,9,0.03849365282803774,2,1
535,8,0.024510464320580166,3,1
536,10,0.023666348308324814,1,1
537,6,0.07921821437776089,5,1
538,8,0.028901465858022373,3,1
539,10,0.0609777569770813,1,1
540,8,0.026444885258873303,3,1
541,9,0.012390892952680588,2,1
542,5,0.06083578166241447,6,1
543,8,0.019698622326056164,3,1
544,8,0.032457214469710984,3,1
545,-50,0.0636590602248907,50,0
546,6,0.056451741605997086,5,1
547,7,0.056714179227128625,4,1
548,10,0.024996832013130188,1,1
549,7,0.02953717950731516,4,1
550,6,0.05254769623279572,5,1
551,9,0.013238072860985994,2,1
552,10,0.06102151796221733,1,1
553,7,0.032341477228328586,4,1
554,9,0.06697583571076393,2,1
555,-10,0.024330703541636467,1,0
556,6,0.10167624074965716,5,1
557,7,0.09459865558892488,4,1
558,8,0.02736661521097024,3,1
559,7,0.12332498095929623,4,1
560,5,0.08576904532189171,6,1
561,8,0.1378765714665254,3,1
562,6,0.1552627246826887,5,1
563,5,0.05304318728546301,6,1
564,9,0.0256671030074358,2,1
565,5,0.04543556598946452,6,1
566,9,0.03256360720843077,2,1
567,9,0.023061754181981087,2,1
568,8,0.013082883320748806,3,1
569,8,0.02858499561746915,3,1
570,7,0.026381108444184065,4,1
571,8,0.021375006064772606,3,1
572,10,0.014951341785490513,1,1
573,8,0.029103232858081658,3,1
574,10,0.008843117393553257,1,1
575,8,0.03218038814763228,3,1
576,6,0.07533558551222086,5,1
577,7,0.11734428023919463,4,1
578,8,0.024515331101914246,3,1
579,10,0.08161351829767227,1,1
580,9,0.029260468669235706,2,1
581,8,0.06581641019632418,3,1
582,10,0.046495527029037476,1,1
583,9,0.037252798676490784,2,1
584,10,0.011533347889780998,1,1
585,10,0.008881787769496441,1,1
586,8,0.13399159659941992,3,1
587,9,0.0146248247474432,2,1
588,7,0.015849821735173464,4,1
589,10,0.014186546206474304,1,1
590,7,0.0272479597479105,4,1
591,6,0.028975563310086726,5,1
592,8,0.10876540777583917,3,1
593,8,0.02701464171210925,3,1
594,7,0.024359617847949266,4,1
595,10,0.027159659191966057,1,1
596,-5,0.030404587916564196,16,1
597,8,0.0209977924823761,3,1
598,8,0.03622171220680078,3,1
599,10,0.06277917325496674,1,1
600,-6,0.0860963140559547,17,1
601,9,0.019092410802841187,2,1
602,-50,0.0547197013348341,50,0
603,7,0.026400103233754635,4,1
604,9,0.04642575792968273,2,1
605,7,0.13021336682140827,4,1
606,8,0.030994290485978127,3,1
607,10,0.03350618854165077,1,1
608,10,0.053255774080753326,1,1
609,10,0.01596001721918583,1,1
610,7,0.05873096873983741,4,1
611,6,0.07514850124716758,5,1
612,7,0.09824888315051794,4,1
613,10,0.020285604521632195,1,1
614,8,0.04322463274002075,3,1
615,8,0.06420629036923249,3,1
616,5,0.05652589816600084,6,1
617,0,0.03800872840325941,11,1
618,10,0.05023728311061859,1,1
619,6,0.03297982327640057,5,1
620,10,0.05932234972715378,1,1
621,9,0.03290118835866451,2,1
622,9,0.04214542545378208,2,1
623,8,0.058634124075373016,3,1
624,8,0.027958134810129803,3,1
625,7,0.022671286016702652,4,1
626,7,0.023822245420888066,4,1
627,9,0.028569625690579414,2,1
628,5,0.03271095190818111,6,1
629,6,0.023674757964909077,5,1
630,10,0.01171677652746439,1,1
631,-10,0.023137306794524193,1,0
632,7,0.027746610576286912,4,1
633,9,0.028958933427929878,2,1
634,7,0.017550533404573798,4,1
635,9,0.24405851773917675,2,1
636,9,0.020561520010232925,2,1
637,10,0.07321564853191376,1,1
638,7,0.024167188443243504,4,1
639,10,0.017045706510543823,1,1
640,6,0.020624501258134843,5,1
641,8,0.049859208365281425,3,1
642,6,0.03475878816097975,5,1
643,9,0.013835776131600142,2,1
644,7,0.018683186266571283,4,1
645,7,0.0164702907204628,4,1
646,6,0.022615946829319,5,1
647,10,0.018609903752803802,1,1
648,9,0.019218812696635723,2,1
649,9,0.029552442021667957,2,1
650,10,0.011148083955049515,1,1
651,9,0.03892017249017954,2,1
652,10,0.03156151995062828,1,1
653,7,0.02923570922575891,4,1
654,9,0.020749098155647516,2,1
655,-11,0.09988503158092499,2,0
656,8,0.21821611126263937,3,1
657,5,0.09704370051622391,6,1
658,-2,0.0743060578377201,13,1
659,8,0.046815372382601105,3,1
660,8,0.02705666981637478,3,1
661,8,0.027680958000322182,3,1
662,9,0.03047843463718891,2,1
663,8,0.04582595887283484,3,1
664,7,0.024484599474817514,4,1
665,10,0.021510880440473557,1,1
666,8,0.018110905463496845,3,1
667,8,0.033885019831359386,3,1
668,9,0.037888625636696815,2,1
669,7,0.025158536387607455,4,1
670,9,0.012776650488376617,2,1
671,10,0.030595654621720314,1,1
672,8,0.017143699961404007,3,1
673,9,0.02729823999106884,2,1
674,8,0.15804309770464897,3,1
675,8,0.01760278393824895,3,1
676,9,0.03710295632481575,2,1
677,7,0.02269970253109932,4,1
678,6,0.020620797574520112,5,1
679,7,0.04020288726314902,4,1
680,9,0.017754431813955307,2,1
681,10,0.023145414888858795,1,1
682,9,0.019674929790198803,2,1
683,8,0.015001888386905193,3,1
684,9,0.06669013947248459,2,1
685,10,0.0139850452542305,1,1
686,7,0.03313905792310834,4,1
687,8,0.012577457974354425,3,1
688,10,0.013987783342599869,1,1
689,7,0.027022419730201364,4,1
690,4,0.07986933099372047,7,1
691,9,0.018612652085721493,2,1
692,9,0.014865252189338207,2,1
693,10,0.06199230998754501,1,1
694,9,0.04827210772782564,2,1
695,9,0.04403732530772686,2,1
696,9,0.06747293472290039,2,1
697,10,0.029682783409953117,1,1
698,8,0.04053028176228205,3,1
699,9,0.0483450535684824,2,1
700,10,0.02584940195083618,1,1
701,9,0.010278744157403708,2,1
702,10,0.056246791034936905,1,1
703,-17,0.035300274612382054,8,0
704,9,0.03926112502813339,2,1
705,8,0.030048617472251255,3,1
706,5,0.03336135934417447,6,1
707,9,0.019802081864327192,2,1
708,9,0.023607411421835423,2,1
709,-22,0.044996923498922224,33,1
710,6,0.03994136825203896,5,1
711,9,0.038372565526515245,2,1
712,10,0.013226216658949852,1,1
713,6,0.02181823067367077,5,1
714,9,0.025425579398870468,2,1
715,10,0.008225762285292149,1,1
716,9,0.03758651250973344,2,1
717,10,0.010494368150830269,1,1
718,-19,0.034520150938381754,30,1
719,9,0.014879366382956505,2,1
720,9,0.05433138646185398,2,1
721,10,0.03309965133666992,1,1
722,9,0.0927066020667553,2,1
723,8,0.02880682113269965,3,1
724,9,0.062076909467577934,2,1
725,-13,0.031097798608243465,4,0
726,-25,0.042470001253402896,36,1
727,10,0.013109620660543442,1,1
728,8,0.045677601670225464,3,1
729,9,0.01522340765222907,2,1
730,-15,0.09452821260604721,26,1
731,6,0.06047299951314926,5,1
732,10,0.01527340617030859,1,1
733,7,0.045725114177912474,4,1
734,-26,0.09571519132484407,17,0
735,10,0.04224390164017677,1,1
736,8,0.017331245665748913,3,1
737,6,0.04165058881044388,5,1
738,6,0.022124962788075207,5,1
739,9,0.2212268328294158,2,1
740,4,0.16628172381647996,7,1
741,9,0.01855180272832513,2,1
742,7,0.03134809294715524,4,1
743,8,0.17025641476114592,3,1
744,5,0.02905119365702073,6,1
745,7,0.013818792067468166,4,1
746,9,0.01520855538547039,2,1
747,7,0.02453544270247221,4,1
748,10,0.02919810265302658,1,1
749,9,0.016148999333381653,2,1
750,10,0.022264564409852028,1,1
751,9,0.010970211122184992,2,1
752,6,0.026335774920880795,5,1
753,7,0.01382124808151275,4,1
754,9,0.01641913503408432,2,1
755,-10,0.024489950388669968,1,0
756,9,0.03172359801828861,2,1
757,10,0.01644538901746273,1,1
758,10,0.012061771005392075,1,1
759,10,0.03089243546128273,1,1
760,9,0.046711692586541176,2,1
761,9,0.07213576883077621,2,1
762,-16,0.0485412303565277,27,1
763,6,0.13592071384191512,5,1
764,-14,0.21277642548084258,5,0
765,7,0.04815255245193839,4,1
766,10,0.016496820375323296,1,1
767,9,0.1483229985460639,2,1
768,10,0.038065243512392044,1,1
769,10,0.01772969961166382,1,1
770,8,0.032183495039741196,3,1
771,9,0.03071521781384945,2,1
772,10,0.017801083624362946,1,1
773,8,0.02078404339651267,3,1
774,10,0.052639953792095184,1,1
775,8,0.11045312788337469,3,1
776,9,0.01727384887635708,2,1
777,10,0.017965223640203476,1,1
778,6,0.051815390214324,5,1
779,7,0.024999011773616076,4,1
780,9,0.030511582270264626,2,1
781,10,0.18748211860656738,1,1
782,9,0.020275162532925606,2,1
783,10,0.06289221346378326,1,1
784,10,0.020409714430570602,1,1
785,6,0.02859290912747383,5,1
786,6,0.04858145099133253,5,1
787,7,0.033209682907909155,4,1
788,8,0.01700921729207039,3,1
789,9,0.017422692384570837,2,1
790,9,0.09862637054175138,2,1
791,8,0.06849123227099578,3,1
792,8,0.019046418989698093,3,1
793,9,0.0280329417437315,2,1
794,10,0.12401004880666733,1,1
795,9,0.02397798839956522,2,1
796,9,0.020836024079471827,2,1
797,8,0.07490550975004832,3,1
798,8,0.045957984402775764,3,1
799,9,0.009691387414932251,2,1
800,9,0.022290523629635572,2,1
801,8,0.20164385934670767,3,1
802,9,0.02939868252724409,2,1
803,8,0.052657575346529484,3,1
804,7,0.054099655244499445,4,1
805,9,0.012183045968413353,2,1
806,10,0.01898026093840599,1,1
807,1,0.029342310829088093,10,1
808,7,0.028159818146377802,4,1
809,10,0.10778698325157166,1,1
810,7,0.031692578457295895,4,1
811,9,0.01236227760091424,2,1
812,9,0.029843813739717007,2,1
813,-11,0.04658525623381138,2,0
814,10,0.02202937752008438,1,1
815,7,0.1183588452404365,4,1
816,10,0.012328767217695713,1,1
817,7,0.08289736486040056,4,1
818,7,0.026287531945854425,4,1
819,10,0.02004757896065712,1,1
820,10,0.0321594662964344,1,1
821,6,0.04302841294556856,5,1
822,9,0.23340169433504343,2,1
823,-22,0.06020358130053589,33,1
824,8,0.07168191981812318,3,1
825,8,0.051568968842426934,3,1
826,9,0.020532479509711266,2,1
827,7,0.04836334730498493,4,1
828,10,0.02218126319348812,1,1
829,8,0.03645431250333786,3,1
830,7,0.03204678138718009,4,1
831,9,0.02675601141527295,2,1
832,6,0.04209983758628368,5,1
833,9,0.023457957431674004,2,1
834,8,0.16991684089104334,3,1
835,10,0.025342948734760284,1,1
836,8,0.03317723982036114,3,1
837,10,0.04168881103396416,1,1
838,-23,0.07558291383525904,34,1
839,6,0.16537105701863766,5,1
840,10,0.02802497334778309,1,1
841,7,0.043767475290223956,4,1
842,9,0.05771064572036266,2,1
843,8,0.041956607873241104,3,1
844,9,0.028666787315160036,2,1
845,7,0.05396458273753524,4,1
846,6,0.04312998615205288,5,1
847,7,0.1080957893282175,4,1
848,9,0.0844105826690793,2,1
849,7,0.039252555929124355,4,1
850,-3,0.14028194120952062,14,1
851,7,0.04877394204959273,4,1
852,8,0.029345673819382984,3,1
853,10,0.024466438218951225,1,1
854,8,0.030847751535475254,3,1
855,6,0.12815659306943417,5,1
856,-12,0.02542756064592496,23,1
857,6,0.1779844269156456,5,1
858,8,0.03159002773463726,3,1
859,8,0.08020690269768238,3,1
860,10,0.39468592405319214,1,1
861,6,0.020797128230333327,5,1
862,9,0.018524449318647385,2,1
863,8,0.018020781377951305,3,1
864,9,0.05734971538186073,2,1
865,7,0.02640347881242633,4,1
866,8,0.014887434740861257,3,1
867,8,0.02993900825579961,3,1
868,10,0.040007032454013824,1,1
869,-14,0.028800624385476113,25,1
870,8,0.14815755002200603,3,1
871,9,0.024904636666178703,2,1
872,9,0.01961857918649912,2,1
873,10,0.01300397515296936,1,1
874,9,0.1903879358433187,2,1
875,9,0.014457953162491322,2,1
876,7,0.04954755958169699,4,1
877,9,0.013417801354080439,2,1
878,9,0.031163863837718964,2,1
879,9,0.013181330636143684,2,1
880,9,0.022630110383033752,2,1
881,7,0.02466597082093358,4,1
882,9,0.017932841554284096,2,1
883,8,0.015535860632856687,3,1
884,9,0.014960546977818012,2,1
885,9,0.03456637542694807,2,1
886,8,0.026489536588390667,3,1
887,-13,0.040314561570994556,24,1
888,9,0.011439640540629625,2,1
889,6,0.01878013927489519,5,1
890,8,0.06552329038580258,3,1
891,8,0.15022419144709906,3,1
892,6,0.04233623594045639,5,1
893,7,0.026801045052707195,4,1
894,0,0.07234166223894466,11,1
895,9,0.02737786155194044,2,1
896,4,0.02306733533207859,7,1
897,9,0.07611482869833708,2,1
898,8,0.029233149563272793,3,1
899,10,0.03965843468904495,1,1
900,10,0.013953681103885174,1,1
901,7,0.11535625346004963,4,1
902,9,0.013193381950259209,2,1
903,10,0.04427826404571533,1,1
904,9,0.01609147386625409,2,1
905,9,0.010590080637484789,2,1
906,6,0.015459812618792057,5,1
907,10,0.013996772468090057,1,1
908,8,0.013326623477041721,3,1
909,7,0.04128831054549664,4,1
910,8,0.037029470627506576,3,1
911,7,0.02590103750117123,4,1
912,8,0.05224559331933657,3,1
913,5,0.0827661322740217,6,1
914,7,0.020989125594496727,4,1
915,10,0.029519714415073395,1,1
916,10,0.09069487452507019,1,1
917,-9,0.024429521919228137,20,1
918,8,0.02834842385103305,3,1
919,10,0.013042868115007877,1,1
920,6,0.03148861080408096,5,1
921,7,0.038670201785862446,4,1
922,-50,0.04699504910036922,50,0
923,9,0.020652955397963524,2,1
924,10,0.018436459824442863,1,1
925,7,0.041337893810123205,4,1
926,9,0.03489062935113907,2,1
927,10,0.01438001450151205,1,1
928,8,0.028695801583429176,3,1
929,5,0.020666062521437805,6,1
930,10,0.008307752199470997,1,1
931,-12,0.030164124201173367,23,1
932,6,0.021946751140058042,5,1
933,9,0.035850055515766144,2,1
934,10,0.050913240760564804,1,1
935,6,0.022001552768051623,5,1
936,8,0.013269059980909029,3,1
937,9,0.04570949450135231,2,1
938,9,0.012555543333292007,2,1
939,8,0.009176859632134438,3,1
940,9,0.013723180629312992,2,1
941,8,0.03896469995379448,3,1
942,5,0.028216030759116013,6,1
943,10,0.006447549909353256,1,1
944,10,0.009837809950113297,1,1
945,8,0.018047684493164223,3,1
946,8,0.03196706001957258,3,1
947,9,0.018786775413900614,2,1
948,10,0.009208796545863152,1,1
949,10,0.01823989860713482,1,1
950,10,0.004182021599262953,1,1
951,6,0.021279688738286496,5,1
952,9,0.04051477275788784,2,1
953,10,0.013818380422890186,1,1
954,4,0.024075901401894435,7,1
955,1,0.026329865213483572,10,1
956,-10,0.01861905115878298,21,1
957,10,0.01893843151628971,1,1
958,9,0.009057129733264446,2,1
959,7,0.025708501925691962,4,1
960,7,0.02066883211955428,4,1
961,8,0.023658532028396923,3,1
962,10,0.024623936042189598,1,1
963,10,0.019716231152415276,1,1
964,9,0.019758364651352167,2,1
965,10,0.04970579594373703,1,1
966,8,0.05473308792958657,3,1
967,6,0.1055854469537735,5,1
968,8,0.027697795381148655,3,1
969,5,0.017136637509490054,6,1
970,10,0.021442778408527374,1,1
971,7,0.02342727337963879,4,1
972,10,0.01572387106716633,1,1
973,9,0.20580046996474266,2,1
974,7,0.12315665720961988,4,1
975,7,0.013483923394232988,4,1
976,7,0.02054145559668541,4,1
977,8,0.11463045577208202,3,1
978,7,0.03489150898531079,4,1
979,8,0.06080725975334644,3,1
980,7,0.03479504864662886,4,1
981,6,0.02529198843985796,5,1
982,5,0.0290619897035261,6,1
983,8,0.0163804329931736,3,1
984,7,0.026545039378106594,4,1
985,9,0.014061056077480316,2,1
986,9,0.024020756594836712,2,1
987,8,0.02337202647080024,3,1
988,8,0.022745572651426,3,1
989,9,0.022180586121976376,2,1
990,10,0.10479804128408432,1,1
991,-38,0.03328784034940703,29,0
992,9,0.02499328088015318,2,1
993,6,0.062089992314577104,5,1
994,8,0.026373153552412987,3,1
995,9,0.01682137046009302,2,1
996,9,0.014608935918658972,2,1
997,7,0.023704978171736002,4,1
998,7,0.10650276183150709,4,1
999,7,0.08129441179335117,4,1
1000,8,0.028715529168645542,3,1
1,7,0.02592862071469426,4,1
2,10,0.018587235361337662,1,1
3,9,0.014279457274824381,2,1
4,9,0.018933084327727556,2,1
5,-8,0.02636333476555975,19,1
6,9,0.017582657746970654,2,1
7,10,0.017706315964460373,1,1
8,7,0.027361977961845696,4,1
9,5,0.031713083696862064,6,1
10,-9,0.03989985105581582,20,1
11,-22,0.04675479919057001,33,1
12,9,0.025885493494570255,2,1
13,10,0.013120262883603573,1,1
14,9,0.04451784864068031,2,1
15,10,0.019998356699943542,1,1
16,8,0.08117275685071945,3,1
17,8,0.025191889454921085,3,1
18,10,0.01986773870885372,1,1
19,8,0.023689003040393192,3,1
20,9,0.020452535711228848,2,1
21,10,0.01866213232278824,1,1
22,9,0.024442557245492935,2,1
23,10,0.019009128212928772,1,1
24,7,0.060345021076500416,4,1
25,7,0.03949861228466034,4,1
26,8,0.02729533550639947,3,1
27,8,0.03843330033123493,3,1
28,-1,0.04375462024472654,12,1
29,7,0.029908300144597888,4,1
30,7,0.100461944937706,4,1
31,7,0.03907951293513179,4,1
32,9,0.0797573714517057,2,1
33,8,0.02226629511763652,3,1
34,8,0.07042344845831394,3,1
35,5,0.011515589663758874,6,1
36,7,0.03057955391705036,4,1
37,7,0.014903762610629201,4,1
38,10,0.011980046518146992,1,1
39,8,0.06248289626091719,3,1
40,8,0.0204996345564723,3,1
41,10,0.006446662358939648,1,1
42,8,0.01965426777799924,3,1
43,9,0.07584895566105843,2,1
44,10,0.0244600810110569,1,1
45,5,0.05166277289390564,6,1
46,8,0.024188051310678322,3,1
47,9,0.012502513360232115,2,1
48,7,0.01899076288100332,4,1
49,8,0.016909879632294178,3,1
50,7,0.02801368711516261,4,1
51,8,0.07209142297506332,3,1
52,8,0.025881061019996803,3,1
53,10,0.0092887869104743,1,1
54,7,0.03339670761488378,4,1
55,9,0.019231795333325863,2,1
56,9,0.01590864546597004,2,1
57,7,0.01848063711076975,4,1
58,8,0.015164259200294813,3,1
59,9,0.060412969440221786,2,1
60,-10,0.015755295753479004,1,0
61,9,0.033492797054350376,2,1
62,9,0.011837656144052744,2,1
63,10,0.08604885637760162,1,1
64,7,0.08530971501022577,4,1
65,7,0.022800748934969306,4,1
66,9,0.02414541319012642,2,1
67,7,0.03269828227348626,4,1
68,8,0.03638034934798876,3,1
69,8,0.02471477972964446,3,1
70,8,0.03433267958462238,3,1
71,8,0.034420762211084366,3,1
72,7,0.037258080672472715,4,1
73,2,0.01995947098152505,9,1
74,8,0.010252600535750389,3,1
75,8,0.09384572242076199,3,1
76,9,0.12384368479251862,2,1
77,8,0.03585163628061613,3,1
78,4,0.08201481601489442,7,1
79,9,0.06733695697039366,2,1
80,6,0.023397252336144446,5,1
81,7,0.15305159357376397,4,1
82,8,0.01563965653379758,3,1
83,8,0.016089088283479214,3,1
84,10,0.020532280206680298,1,1
85,6,0.026575720123946666,5,1
86,8,0.01905759423971176,3,1
87,8,0.03751637786626816,3,1
88,9,0.021337084006518126,2,1
89,10,0.016804516315460205,1,1
90,7,0.033433555625379086,4,1
91,8,0.01763476524502039,3,1
92,7,0.11769944243133068,4,1
93,7,0.022106828866526484,4,1
94,8,0.037426081796487175,3,1
95,7,0.07186655141413212,4,1
96,10,0.020298363640904427,1,1
97,8,0.0345114196340243,3,1
98,10,0.010728279128670692,1,1
99,7,0.05594753101468086,4,1
100,10,0.01808321103453636,1,1
101,10,0.016516106203198433,1,1
102,9,0.023169331718236208,2,1
103,-13,0.04048692403982083,24,1
104,5,0.04127839549134175,6,1
105,9,0.011527270544320345,2,1
106,9,0.02168727247044444,2,1
107,8,0.015549358601371447,3,1
108,6,0.021825514920055866,5,1
109,8,0.01261656591668725,3,1
110,10,0.35343074798583984,1,1
111,9,0.017728736624121666,2,1
112,9,0.011571838054805994,2,1
113,8,0.018494039463500183,3,1
114,9,0.05690765008330345,2,1
115,7,0.022508787689730525,4,1
116,8,0.022615302354097366,3,1
117,8,0.17706063482910395,3,1
118,-27,0.035750812605807654,38,1
119,6,0.027475626021623612,5,1
120,8,0.010452423865596453,3,1
121,6,0.11807333035394549,5,1
122,6,0.03454331625252962,5,1
123,8,0.029916247352957726,3,1
124,10,0.03004198521375656,1,1
125,-22,0.04330889575860717,33,1
126,10,0.02817673794925213,1,1
127,7,0.015308750327676535,4,1
128,7,0.034239243948832154,4,1
129,8,0.13406602355341116,3,1
130,9,0.012008903315290809,2,1
131,10,0.015081971883773804,1,1
132,9,0.029696442652493715,2,1
133,8,0.05064851976931095,3,1
134,10,0.008571627549827099,1,1
135,8,0.014018095098435879,3,1
136,8,0.12607825361192226,3,1
137,5,0.03735543151075641,6,1
138,10,0.03686310350894928,1,1
139,10,0.03206181153655052,1,1
140,7,0.04428516374900937,4,1
141,7,0.021279043285176158,4,1
142,8,0.03277555666863918,3,1
143,10,0.00860842689871788,1,1
144,8,0.1533409214268128,3,1
145,10,0.013483057729899883,1,1
146,8,0.033094738299647965,3,1
147,9,0.04275823477655649,2,1
148,-25,0.04822941702635338,36,1
149,-11,0.03796630814163522,22,1
150,10,0.09978756308555603,1,1
151,8,0.03992569353431463,3,1
152,6,0.0346044946461916,5,1
153,7,0.04666183050721884,4,1
154,10,0.046549901366233826,1,1
155,7,0.0416868613101542,4,1
156,-12,0.03772795728097359,3,0
157,9,0.21353471837937832,2,1
158,6,0.03197511285543442,5,1
159,8,0.028674039989709854,3,1
160,7,0.028334056492894888,4,1
161,-27,0.025890532260139782,18,0
162,10,0.020911376923322678,1,1
163,6,0.08655886501073837,5,1
164,9,0.03592313639819622,2,1
165,6,0.022787631116807462,5,1
166,0,0.09325709388676015,11,1
167,9,0.0187176326289773,2,1
168,6,0.037675127387046814,5,1
169,10,0.007628796622157097,1,1
170,9,0.04005639161914587,2,1
171,8,0.10089973360300064,3,1
172,6,0.022910561040043832,5,1
173,7,0.11440367065370083,4,1
174,-28,0.056606827733608395,39,1
175,8,0.05830805997053782,3,1
176,-18,0.03901477488849697,29,1
177,6,0.09891954623162746,5,1
178,9,0.04629547521471977,2,1
179,8,0.02288334195812543,3,1
180,7,0.08526624692603946,4,1
181,9,0.15009366441518068,2,1
182,8,0.14488631890465817,3,1
183,-20,0.05725158135136289,31,1
184,8,0.02023659770687421,3,1
185,8,0.03690514340996742,3,1
186,7,0.019395533949136734,4,1
187,9,0.022439423017203808,2,1
188,8,0.025983585355182488,3,1
189,8,0.028900401045878727,3,1
190,8,0.06432559962073962,3,1
191,8,0.03184677225848039,3,1
192,8,0.025846772516767185,3,1
193,9,0.016240249387919903,2,1
194,9,0.011531929485499859,2,1
195,8,0.012053034889201323,3,1
196,9,0.01869160495698452,2,1
197,6,0.024551432579755783,5,1
198,10,0.03126063942909241,1,1
199,5,0.030073291311661404,6,1
200,7,0.03444849117659032,4,1
201,9,0.013621227350085974,2,1
202,8,0.029245426257451374,3,1
203,5,0.0749907564992706,6,1
204,8,0.02178356610238552,3,1
205,7,0.020662761060521007,4,1
206,10,0.021600881591439247,1,1
207,8,0.01600147287050883,3,1
208,10,0.023306377232074738,1,1
209,7,0.025041005574166775,4,1
210,7,0.01973353303037584,4,1
211,6,0.02312482986599207,5,1
212,6,0.05591627648100257,5,1
213,10,0.012728661298751831,1,1
214,9,0.02010070439428091,2,1
215,9,0.05836060084402561,2,1
216,8,0.023047806695103645,3,1
217,8,0.025486780020097893,3,1
218,10,0.013248993083834648,1,1
219,7,0.03997383965179324,4,1
220,8,0.016000060985485714,3,1
221,7,0.11708818841725588,4,1
222,10,0.009847164154052734,1,1
223,9,0.008186083287000656,2,1
224,7,0.01982300472445786,4,1
225,8,0.047640605519215264,3,1
226,6,0.03731508981436491,5,1
227,10,0.024489689618349075,1,1
228,8,0.020482443893949192,3,1
229,6,0.04279508292675018,5,1
230,9,0.053322432562708855,2,1
231,7,0.028794046491384506,4,1
232,8,0.015880952899654705,3,1
233,-50,0.030867087719962,50,0
234,6,0.09363592732697726,5,1
235,9,0.025892282836139202,2,1
236,10,0.008400008082389832,1,1
237,9,0.025737895630300045,2,1
238,7,0.11018112348392606,4,1
239,5,0.01790414083128174,6,1
240,9,0.03291734308004379,2,1
241,8,0.025310151589413483,3,1
242,7,0.028629241976886988,4,1
243,9,0.022677733562886715,2,1
244,8,0.019632036176820595,3,1
245,9,0.024215008597820997,2,1
246,9,0.016356689855456352,2,1
247,10,0.012233234010636806,1,1
248,10,0.012789585627615452,1,1
249,10,0.03235100954771042,1,1
250,10,0.008568383753299713,1,1
251,8,0.016309879409770172,3,1
252,8,0.02921973168849945,3,1
253,7,0.014889108249917626,4,1
254,8,0.016751333450277645,3,1
255,-9,0.026426178100518883,20,1
256,7,0.015623079845681787,4,1
257,6,0.020041002333164214,5,1
258,5,0.08200044355665644,6,1
259,10,0.011512931436300278,1,1
260,7,0.017308584414422512,4,1
261,-10,0.01590542122721672,1,0
262,6,0.081901846639812,5,1
263,9,0.01148192398250103,2,1
264,9,0.021733256988227367,2,1
265,9,0.02624490763992071,2,1
266,8,0.0201253325988849,3,1
267,8,0.02149191281447808,3,1
268,8,0.01775268279016018,3,1
269,10,0.011553383432328701,1,1
270,9,0.011987280566245317,2,1
271,7,0.024129515513777733,4,1
272,7,0.013596734264865518,4,1
273,8,0.15015773692478737,3,1
274,8,0.015153436921536922,3,1
275,10,0.03232301026582718,1,1
276,9,0.05196170462295413,2,1
277,8,0.009720494815458855,3,1
278,8,0.024750381087263424,3,1
279,6,0.10847280733287334,5,1
280,7,0.12373189860954881,4,1
281,8,0.019919955171644688,3,1
282,8,0.017111134094496567,3,1
283,9,0.019384351558983326,2,1
284,7,0.03745187446475029,4,1
285,7,0.028636537492275238,4,1
286,10,0.04367951303720474,1,1
287,10,0.053505994379520416,1,1
288,7,0.018663042224943638,4,1
289,6,0.016659162938594818,5,1
290,6,0.09086591694504023,5,1
291,9,0.011610501911491156,2,1
292,7,0.0281642465852201,4,1
293,9,0.01288192579522729,2,1
294,10,0.011835957877337933,1,1
295,10,0.036466944962739944,1,1
296,9,0.02649886067956686,2,1
297,7,0.020609661703929305,4,1
298,6,0.026202727667987348,5,1
299,7,0.014821989694610238,4,1
300,9,0.01886048261076212,2,1
301,-50,0.0429570185393095,50,0
302,9,0.025293937884271145,2,1
303,10,0.024503739550709724,1,1
304,9,0.02726213727146387,2,1
305,6,0.07086389269679785,5,1
306,6,0.01406363695859909,5,1
307,9,0.020038405898958445,2,1
308,9,0.04773541307076812,2,1
309,7,0.025072896853089333,4,1
310,5,0.017920131717498105,6,1
311,10,0.015457660891115665,1,1
312,10,0.00665716826915741,1,1
313,9,0.012805512174963951,2,1
314,9,0.022368055768311024,2,1
315,7,0.015622840030118823,4,1
316,8,0.010473615334679684,3,1
317,9,0.019866539165377617,2,1
318,5,0.018717274147396285,6,1
319,9,0.01074716355651617,2,1
320,9,0.017801058012992144,2,1
321,7,0.00992571166716516,4,1
322,7,0.012643189867958426,4,1
323,9,0.006158185191452503,2,1
324,10,0.010188329964876175,1,1
325,10,0.008251910097897053,1,1
326,9,0.01606682315468788,2,1
327,10,0.009296949952840805,1,1
328,9,0.031711465679109097,2,1
329,7,0.015876579913310707,4,1
330,-11,0.03578639216721058,2,0
331,6,0.014165612682700158,5,1
332,8,0.019427255416909855,3,1
333,9,0.01966013154014945,2,1
334,9,0.01098337909206748,2,1
335,8,0.019004562869668007,3,1
336,9,0.02202847460284829,2,1
337,7,0.10622601653449237,4,1
338,9,0.1941138505935669,2,1
339,9,0.010698128258809447,2,1
340,7,0.018328590784221888,4,1
341,9,0.032939596101641655,2,1
342,10,0.009700287133455276,1,1
343,7,0.12091990606859326,4,1
344,9,0.010119842132553458,2,1
345,9,0.009521153755486012,2,1
346,10,0.04074033349752426,1,1
347,6,0.009107761457562447,5,1
348,8,0.011850958845267693,3,1
349,8,0.12113260384649038,3,1
350,9,0.015976108144968748,2,1
351,6,0.025541014689952134,5,1
352,8,0.01117921465386947,3,1
353,10,0.018686048686504364,1,1
354,9,0.008994184900075197,2,1
355,9,0.14604367688298225,2,1
356,7,0.0212533469311893,4,1
357,8,0.12237901147454977,3,1
358,10,0.01058975886553526,1,1
359,7,0.09502410958521068,4,1
360,9,0.008741495665162802,2,1
361,10,0.01923668198287487,1,1
362,8,0.17831308580935,3,1
363,9,0.03761759493499994,2,1
364,7,0.019722167868167162,4,1
365,6,0.015061887074261903,5,1
366,6,0.07094394844025373,5,1
367,8,0.10657029024635752,3,1
368,9,0.01979012042284012,2,1
369,10,0.024431942030787468,1,1
370,7,0.011005730426404625,4,1
371,8,0.02647575798134009,3,1
372,10,0.009557893499732018,1,1
373,-11,0.0373854099095545,22,1
374,9,0.018407138995826244,2,1
375,8,0.024289479789634544,3,1
376,9,0.01646452583372593,2,1
377,3,0.01528464024886489,8,1
378,7,0.027660315856337547,4,1
379,8,0.03463208116590977,3,1
380,8,0.01968651730567217,3,1
381,10,0.009786981157958508,1,1
382,5,0.025283020455390215,6,1
383,8,0.028441449627280235,3,1
384,5,0.07334478308136265,6,1
385,3,0.02365375601220876,8,1
386,8,0.02698281096915404,3,1
387,7,0.031446424312889576,4,1
388,9,0.02932468242943287,2,1
389,10,0.012854540720582008,1,1
390,10,0.015376533381640911,1,1
391,7,0.056529921013861895,4,1
392,7,0.01690652221441269,4,1
393,8,0.028622084607680637,3,1
394,0,0.039548972536894406,11,1
395,9,0.015603553503751755,2,1
396,10,0.03198985755443573,1,1
397,8,0.01766649850954612,3,1
398,-10,0.0404670424759388,1,0
399,8,0.012767293180028597,3,1
400,8,0.020833666436374187,3,1
401,6,0.07621893920004368,5,1
402,6,0.01721179224550724,5,1
403,-3,0.0621505441543247,14,1
404,-52,0.04063706470350193,43,0
405,9,0.01713847555220127,2,1
406,-50,0.05544332793913782,50,0
407,10,0.0569005124270916,1,1
408,6,0.08000859208405017,5,1
409,-11,0.07737027231434529,22,1
410,9,0.023207115475088358,2,1
411,6,0.03088943473994732,5,1
412,6,0.09678920805454254,5,1
413,10,0.015606014989316463,1,1
414,5,0.02151282752553622,6,1
415,-5,0.07491159264463931,16,1
416,9,0.03353716153651476,2,1
417,7,0.031953240279108286,4,1
418,8,0.03057483086983363,3,1
419,6,0.029271361604332923,5,1
420,9,0.03185921907424927,2,1
421,8,0.0209975050141414,3,1
422,8,0.03174271620810032,3,1
423,10,0.02718990109860897,1,1
424,8,0.015212438069283962,3,1
425,6,0.01716619301587343,5,1
426,10,0.022218376398086548,1,1
427,10,0.017457444220781326,1,1
428,8,0.019223117890457313,3,1
429,9,0.04955691797658801,2,1
430,8,0.02270168314377467,3,1
431,7,0.054856752045452595,4,1
432,10,0.032516978681087494,1,1
433,8,0.020884507335722446,3,1
434,10,0.01691834069788456,1,1
435,9,0.05598342837765813,2,1
436,8,0.024676732408503693,3,1
437,7,0.022553881630301476,4,1
438,9,0.05915729468688369,2,1
439,8,0.014869085513055325,3,1
440,8,0.018679923998812836,3,1
441,10,0.014203091152012348,1,1
442,6,0.024144902266561984,5,1
443,7,0.01604156452231109,4,1
444,10,0.059860941022634506,1,1
445,8,0.018748451645175617,3,1
446,10,0.05080034211277962,1,1
447,10,0.007063572760671377,1,1
448,10,0.006239384412765503,1,1
449,6,0.02400083700194955,5,1
450,7,0.02539091370999813,4,1
451,10,0.022448500618338585,1,1
452,7,0.024707082426175475,4,1
453,10,0.027313776314258575,1,1
454,8,0.02123820936928193,3,1
455,9,0.02277228143066168,2,1
456,9,0.02688215859234333,2,1
457,8,0.02060381757716338,3,1
458,8,0.015684168475369614,3,1
459,7,0.019259610679000616,4,1
460,9,0.013503558933734894,2,1
461,8,0.04733532853424549,3,1
462,8,0.013788376624385515,3,1
463,6,0.018178991787135602,5,1
464,9,0.010533001739531755,2,1
465,9,0.011693545617163181,2,1
466,1,0.017403340712189675,10,1
467,8,0.11831988114863634,3,1
468,9,0.010027347831055522,2,1
469,8,0.11310273595154285,3,1
470,6,0.019002422410994767,5,1
471,5,0.018738440082718927,6,1
472,9,0.053409382700920105,2,1
473,9,0.034834492951631546,2,1
474,7,0.014521036529913545,4,1
475,7,0.011556531069800258,4,1
476,10,0.01360887661576271,1,1
477,7,0.016308842808939517,4,1
478,-29,0.026143437798600642,40,1
479,8,0.02492088358849287,3,1
480,9,0.050966277718544006,2,1
481,10,0.01115459855645895,1,1
482,7,0.02614665776491165,4,1
483,10,0.028196437284350395,1,1
484,10,0.02714516781270504,1,1
485,10,0.022496094927191734,1,1
486,10,0.012721672654151917,1,1
487,7,0.019459934905171394,4,1
488,6,0.03455167207866907,5,1
489,9,0.16652551013976336,2,1
490,8,0.015290220268070698,3,1
491,9,0.011667259503155947,2,1
492,10,0.023953065276145935,1,1
493,8,0.11386464722454548,3,1
494,6,0.04938521087169647,5,1
495,7,0.03376168152317405,4,1
496,7,0.1652478794567287,4,1
497,-8,0.03672801664001063,19,1
498,9,0.00996557716280222,2,1
499,8,0.024432190383474033,3,1
500,6,0.02355985380709171,5,1
501,5,0.026730569855620463,6,1
502,-11,0.052294974850321356,22,1
503,10,0.01873686909675598,1,1
504,9,0.048548280261456966,2,1
505,5,0.016384432868411142,6,1
506,8,0.01811008093257745,3,1
507,7,0.024322597542777658,4,1
508,9,0.022946075536310673,2,1
509,9,0.04356623254716396,2,1
510,8,0.02375314912448327,3,1
511,8,0.04327948453525702,3,1
512,8,0.03977073232332865,3,1
513,9,0.04606354981660843,2,1
514,9,0.011063296813517809,2,1
515,-10,0.026103351265192032,1,0
516,8,0.020661514873305958,3,1
517,-10,0.02444475330412388,1,0
518,-13,0.031197534641250968,4,0
519,5,0.04353473149240017,6,1
520,6,0.017803057655692102,5,1
521,7,0.02791917126160115,4,1
522,10,0.05373971164226532,1,1
523,6,0.0223323505371809,5,1
524,7,0.07073635549750179,4,1
525,10,0.038381703197956085,1,1
526,8,0.03226093202829361,3,1
527,5,0.10530680449058612,6,1
528,8,0.032790930631260075,3,1
529,8,0.025149169688423473,3,1
530,8,0.027956730996568997,3,1
531,8,0.15013649376730123,3,1
532,5,0.014620411985864242,6,1
533,10,0.05849051848053932,1,1
534,9,0.017910877242684364,2,1
535,9,0.17274628952145576,2,1
536,-11,0.018479085061699152,2,0
537,9,0.020148097071796656,2,1
538,9,0.020510648377239704,2,1
539,9,0.02352451765909791,2,1
540,8,0.015881373547017574,3,1
541,9,0.012734375894069672,2,1
542,7,0.08508192747831345,4,1
543,9,0.17364718485623598,2,1
544,9,0.042854372411966324,2,1
545,8,0.1812789300456643,3,1
546,10,0.018985459581017494,1,1
547,8,0.016819452866911888,3,1
548,8,0.01566415373235941,3,1
549,6,0.023424134775996207,5,1
550,10,0.0390535444021225,1,1
551,10,0.20899999141693115,1,1
552,7,0.016668342635966837,4,1
553,1,0.04294310286641121,10,1
554,10,0.010679228231310844,1,1
555,9,0.01324759260751307,2,1
556,7,0.04353228164836764,4,1
557,10,0.03407824784517288,1,1
558,10,0.00856365542858839,1,1
559,8,0.0788341738904516,3,1
560,10,0.08466504514217377,1,1
561,8,0.02226155747969945,3,1
562,7,0.03689414821565151,4,1
563,6,0.030883921310305595,5,1
564,9,0.03546531777828932,2,1
565,10,0.02369360439479351,1,1
566,9,0.02237017173320055,2,1
567,6,0.0558180958032608,5,1
568,8,0.023611910020311672,3,1
569,8,0.08491903357207775,3,1
570,8,0.05198316524426142,3,1
571,9,0.02702493779361248,2,1
572,8,0.01093414705246687,3,1
573,10,0.0372573547065258,1,1
574,-55,0.027173702827776255,46,0
575,10,0.04555679112672806,1,1
576,-12,0.021263731056419405,23,1
577,8,0.04621947184205055,3,1
578,10,0.03218564763665199,1,1
579,8,0.09609687762955825,3,1
580,9,0.03098013438284397,2,1
581,8,0.022576251377662022,3,1
582,8,0.02348312921822071,3,1
583,9,0.032917954958975315,2,1
584,8,0.023937296743194263,3,1
585,10,0.037168923765420914,1,1
586,6,0.03258777847513557,5,1
587,8,0.03979408678909143,3,1
588,8,0.09705070530374844,3,1
589,9,0.02294655004516244,2,1
590,9,0.019121558405458927,2,1
591,9,0.019981179852038622,2,1
592,10,0.011198089458048344,1,1
593,7,0.033652391750365496,4,1
594,7,0.03320480417460203,4,1
595,8,0.03338128204147021,3,1
596,9,0.025636513717472553,2,1
597,8,0.051872133587797485,3,1
598,9,0.04855351988226175,2,1
599,8,0.032030715607106686,3,1
600,6,0.0253073338419199,5,1
601,8,0.01835072273388505,3,1
602,8,0.03858117386698723,3,1
603,-39,0.04612631637603044,50,1
604,9,0.0626703929156065,2,1
605,10,0.49168938398361206,1,1
606,7,0.022304237820208073,4,1
607,7,0.1338524203747511,4,1
608,8,0.18022809301813444,3,1
609,8,0.019709344021975994,3,1
610,7,0.024427021853625774,4,1
611,9,0.031576842069625854,2,1
612,9,0.1071216044947505,2,1
613,8,0.03329441944758097,3,1
614,8,0.02927527017891407,3,1
615,9,0.02068247552961111,2,1
616,9,0.03422740288078785,2,1
617,6,0.035015930980443956,5,1
618,-14,0.049745724350214,5,0
619,10,0.02086508646607399,1,1
620,6,0.0319100022315979,5,1
621,6,0.06947247646749019,5,1
622,8,0.015777024750908215,3,1
623,8,0.029560397068659466,3,1
624,8,0.02337958539525668,3,1
625,7,0.015193924657069147,4,1
626,10,0.018646955490112305,1,1
627,7,0.015854400116950274,4,1
628,9,0.23892090935260057,2,1
629,10,0.015398882329463959,1,1
630,9,0.07157784141600132,2,1
631,10,0.03325939178466797,1,1
632,6,0.015396625548601151,5,1
633,10,0.01569121889770031,1,1
634,9,0.11955327820032835,2,1
635,8,0.015977056076129276,3,1
636,8,0.01895112358033657,3,1
637,10,0.017542751505970955,1,1
638,9,0.044403109699487686,2,1
639,9,0.023319335654377937,2,1
640,9,0.01625079568475485,2,1
641,10,0.02142944745719433,1,1
642,10,0.027807416394352913,1,1
643,8,0.01845489100863536,3,1
644,9,0.07364920154213905,2,1
645,7,0.14933849056251347,4,1
646,9,0.010859840083867311,2,1
647,8,0.016493316118915875,3,1
648,8,0.15692821610718966,3,1
649,10,0.005837981589138508,1,1
650,9,0.022158470936119556,2,1
651,7,0.03744237567298114,4,1
652,10,0.010743523016571999,1,1
653,10,0.025810468941926956,1,1
654,9,0.023553580045700073,2,1
655,8,0.08036174004276593,3,1
656,10,0.03227276727557182,1,1
657,8,0.06076989012459914,3,1
658,8,0.012342730226616064,3,1
659,8,0.012333580292761326,3,1
660,10,0.009756704792380333,1,1
661,9,0.034042902290821075,2,1
662,10,0.015124631114304066,1,1
