episode,reward,loss,steps,success
1,2,0.0,9,1
2,-22,0.0,13,0
3,-10,0.0,1,0
4,-15,0.0,6,0
5,-17,1.4130085905392964,8,0
6,10,2.0639655590057373,1,1
7,-5,1.501882366836071,16,1
8,-13,1.194432556629181,4,0
9,2,1.313107430934906,9,1
10,-22,1.0160737043389907,13,0
11,-18,1.003381570180257,9,0
12,-10,0.7530969381332397,1,0
13,-44,1.040986282484872,35,0
14,6,0.7761497139930725,5,1
15,0,0.5621434084393762,11,1
16,-3,1.0124262188162123,14,1
17,-11,0.518587738275528,2,0
18,10,1.010986328125,1,1
19,4,0.9718857418213572,7,1
20,7,0.660689190030098,4,1
21,-1,0.7126993586619695,12,1
22,-11,0.9922646001319994,22,1
23,9,1.1517274975776672,2,1
24,10,0.6020979285240173,1,1
25,3,1.1845942921936512,8,1
26,4,1.027869890843119,7,1
27,-3,0.942417382129601,14,1
28,-37,0.8636541970606361,28,0
29,-33,0.8478294924522439,24,0
30,-10,0.9029634594917297,1,0
31,-10,0.9427707195281982,1,0
32,-13,0.7564938223610321,24,1
33,-5,0.7569125611335039,16,1
34,-16,1.0735491471631187,7,0
35,-11,0.7363200783729553,2,0
36,10,1.24520742893219,1,1
37,-13,0.43212351482361555,4,0
38,-17,0.8532301293952125,28,1
39,8,0.48653197288513184,3,1
40,-50,0.6882626686990261,50,0
41,-42,0.670436288822781,33,0
42,-50,0.5788821983337402,50,0
43,-37,0.5262959759150233,28,0
44,-34,0.6149753820896149,25,0
45,-22,0.4242599778450452,13,0
46,-52,0.4095668574405271,43,0
47,-19,0.4664927139878273,10,0
48,9,0.058635699562728405,2,1
49,-50,0.4005261054635048,50,0
50,-50,0.41977115638554097,50,0
51,-50,0.359943787381053,50,0
52,-18,0.39908842162953484,9,0
53,-22,0.3839126378297806,13,0
54,-22,0.3800548572952931,13,0
55,-4,0.28144493997097014,15,1
56,10,0.4374968111515045,1,1
57,0,0.41139657321301376,11,1
58,8,0.4567175718645255,3,1
59,9,0.8306824564933777,2,1
60,-20,0.5538756754850188,31,1
61,-12,0.583792602022489,3,0
62,-36,0.4829441769807427,27,0
63,3,0.7188519015908241,8,1
64,-14,0.6609899938106537,5,0
65,-13,0.45432934754838544,24,1
66,-24,0.65462566614151,15,0
67,-11,0.34843000024557114,2,0
68,-11,0.5150817781686783,2,0
69,10,0.9286057949066162,1,1
70,-10,0.5266062021255493,1,0
71,-10,0.6482170820236206,1,0
72,-12,0.5443710486094157,3,0
73,-32,0.526046281437511,23,0
74,-32,0.47891032886366514,43,1
75,-12,0.49764344290546747,23,1
76,-17,0.510942030698061,8,0
77,-14,0.6427304893732071,5,0
78,-30,0.5847198053649286,41,1
79,-13,0.4500339552760124,4,0
80,-50,0.529485045671463,50,0
81,7,0.38657211512327194,4,1
82,-10,0.30021539330482483,1,0
83,-7,0.5194920533233218,18,1
84,10,0.346688449382782,1,1
85,-24,0.492226409415404,15,0
86,3,0.4436409352347255,8,1
87,-50,0.49635704524815083,50,0
88,-50,0.474836063683033,50,0
89,-14,0.7715134680271148,5,0
90,-15,0.4399552442706548,26,1
91,-42,0.4753792673123605,33,0
92,10,0.5968579649925232,1,1
93,4,0.5970112394009318,7,1
94,-45,0.5293316879413195,36,0
95,-9,0.5743135502561927,20,1
96,-10,1.883714199066162,1,0
97,10,0.45010897517204285,1,1
98,-18,0.5623097652248268,29,1
99,-18,0.5485736170205576,29,1
100,-3,0.3918749381388937,14,1
101,-19,0.4502963051199913,10,0
102,10,0.2033071368932724,1,1
103,6,0.7182698488235474,5,1
104,-13,0.4310831781476736,4,0
105,-24,0.5693663236285958,35,1
106,-18,0.3578021720879608,9,0
107,-50,0.5862696749716997,50,0
108,-2,0.37338611025076646,13,1
109,-11,0.5229160822927952,2,0
110,-3,0.4975387134722301,14,1
111,8,0.29932380343476933,3,1
112,10,0.33368685841560364,1,1
113,5,0.4466114230453968,6,1
114,-12,0.508618046840032,3,0
115,6,0.47343886494636533,5,1
116,-21,0.7672246893246969,12,0
117,-50,0.6753734681010246,50,0
118,-5,0.48292627604678273,16,1
119,3,0.572689900174737,8,1
120,-6,0.6650764933403801,17,1
121,-10,0.2345506250858307,1,0
122,8,0.5742871860663096,3,1
123,-46,0.6450547692743508,37,0
124,6,1.0734487503767014,5,1
125,-10,1.2726140022277832,1,0
126,-20,0.5334973545237021,11,0
127,10,0.6136161684989929,1,1
128,10,0.03380021080374718,1,1
129,-24,0.5425443559885025,15,0
130,-20,0.4983706203373996,11,0
131,-11,0.35389838367700577,2,0
132,-13,0.5614041538598636,24,1
133,-50,0.515117887109518,50,0
134,-50,0.5418761076033115,50,0
135,-50,0.5772136662900448,50,0
136,4,0.48742201099438326,7,1
137,-37,0.49899434857070446,28,0
138,-50,0.5811750224977732,50,0
139,-24,0.609083529561758,15,0
140,-29,0.6273638846352696,20,0
141,3,0.7244222071021795,8,1
142,-10,0.6548108458518982,1,0
143,-10,0.46908238530158997,1,0
144,-28,0.4793200963421872,19,0
145,8,0.35638349254926044,3,1
146,-50,0.5699127261340619,50,0
147,-50,0.5343160483241082,50,0
148,-11,0.460658095438372,22,1
149,-11,0.35344918817281723,2,0
150,-2,0.5792679849725503,13,1
151,5,0.22394094367822012,6,1
152,1,0.4127742052078247,10,1
153,8,0.3363184183835983,3,1
154,10,0.06957302987575531,1,1
155,10,0.08979800343513489,1,1
156,-50,0.4004681699723005,50,0
157,-14,0.4087359860539436,5,0
158,-19,0.6895045792063077,30,1
159,2,0.4705403107735846,9,1
160,8,0.41014856720964116,3,1
161,-28,0.4754958947499593,39,1
162,-51,0.4829514997878245,42,0
163,5,0.5231866029401621,6,1
164,-14,0.4373656436800957,5,0
165,-15,0.45222927754124004,6,0
166,10,0.7212681174278259,1,1
167,-37,0.40001226534756523,48,1
168,5,0.7062429108967384,6,1
169,-50,0.4905086270719767,50,0
170,9,0.5783810839056969,2,1
171,7,1.0199597962200642,4,1
172,-1,0.469887421776851,12,1
173,5,0.40805651247501373,6,1
174,-44,0.4520751809435231,35,0
175,0,0.4213778085329316,11,1
176,-27,0.617931357688374,18,0
177,-10,0.7417397499084473,1,0
178,5,0.47633465255300206,6,1
179,0,0.6621152623133226,11,1
180,9,0.4762391373515129,2,1
181,-15,0.3626541445652644,6,0
182,2,0.38034890385137665,9,1
183,-50,0.7373407208919525,50,0
184,-50,0.554760714173317,50,0
185,-50,0.5756472308933734,50,0
186,5,0.7213342487812042,6,1
187,2,0.49801799572176403,9,1
188,-50,0.5495183268934488,50,0
189,6,0.32686632722616193,5,1
190,4,0.7949335521885327,7,1
191,8,0.415071780482928,3,1
192,5,0.5431184967358907,6,1
193,6,0.38703891038894656,5,1
194,-22,0.6391906658044229,13,0
195,-5,0.46982022700831294,16,1
196,3,0.7451646607369184,8,1
197,-21,0.48056294210255146,12,0
198,-50,0.5710796976089477,50,0
199,-11,0.581180028617382,2,0
200,10,1.1624454259872437,1,1
201,-15,0.5999781331763818,26,1
202,-12,0.3910955588022868,3,0
203,-50,0.5841697530448436,50,0
204,2,0.6348548978567123,9,1
205,2,0.8138939804501004,9,1
206,-42,0.6577243302581888,33,0
207,-10,0.6955106162599155,21,1
208,-2,0.503423348069191,13,1
209,0,0.5601174309849739,11,1
210,7,0.8406418636441231,4,1
211,-10,0.21035169064998627,1,0
212,-10,0.39665210247039795,1,0
213,-43,0.4958487017189755,34,0
214,-14,0.9278670430183411,5,0
215,10,0.14896021783351898,1,1
216,-50,0.5144888002425432,50,0
217,-1,0.45299613041182357,12,1
218,-33,0.511193903840401,44,1
219,-10,0.07860930263996124,1,0
220,-50,0.4866959444433451,50,0
221,-18,0.448465909394953,9,0
222,-13,0.4035937041044235,4,0
223,5,0.47344985231757164,6,1
224,-50,0.4818442942947149,50,0
225,-13,0.49254366879661876,24,1
226,-17,0.38618621323257685,28,1
227,10,0.853430986404419,1,1
228,6,0.23761416524648665,5,1
229,2,0.808462295267317,9,1
230,-23,0.2994631206882851,14,0
231,7,0.5648053139448166,4,1
232,-50,0.47257772274315357,50,0
233,3,0.37823815923184156,8,1
234,8,0.9956241846084595,3,1
235,-50,0.33379570245742796,50,0
236,8,0.49342478563388187,3,1
237,10,0.1166900172829628,1,1
238,10,0.11046478897333145,1,1
239,6,0.45877913385629654,5,1
240,-50,0.4339318747073412,50,0
241,1,0.40866594538092615,10,1
242,5,0.39815214773019153,6,1
243,1,0.517019784450531,10,1
244,-10,0.41036099195480347,1,0
245,-50,0.4847458051890135,50,0
246,9,0.44422178342938423,2,1
247,9,0.06581864133477211,2,1
248,-20,0.6469102134146998,31,1
249,-50,0.656810827255249,50,0
250,-51,0.4006740342648256,42,0
251,2,0.47568772070937687,9,1
252,-11,0.8577781319618225,2,0
253,-50,0.39168217733502386,50,0
254,-14,0.4229493325948715,25,1
255,9,0.5629480630159378,2,1
256,10,0.16096505522727966,1,1
257,7,0.3211168460547924,4,1
258,-11,0.5206298828125,2,0
259,7,0.3524564653635025,4,1
260,-12,0.3249561972916126,3,0
261,0,0.4571671655232256,11,1
262,-52,0.503783720523812,43,0
263,8,0.5196004311243693,3,1
264,-50,0.44274208568036555,50,0
265,-4,0.36506695399681727,15,1
266,-24,0.45948302869995433,15,0
267,-41,0.4506242254283279,32,0
268,9,0.5069125890731812,2,1
269,-20,0.3461488519202579,11,0
270,8,0.20155916611353555,3,1
271,7,0.32827523350715637,4,1
272,-11,0.41910575330257416,2,0
273,9,0.17791994661092758,2,1
274,10,0.07566474378108978,1,1
275,1,0.47592741847038267,10,1
276,-12,0.5603689750035604,3,0
277,8,0.1532990112900734,3,1
278,-11,0.9396985769271851,2,0
279,-50,0.4201503908634186,50,0
280,-26,0.42916298597245606,37,1
281,-20,0.5023494132103459,31,1
282,8,0.23106726755698523,3,1
283,9,0.6062629371881485,2,1
284,9,0.3740663193166256,2,1
285,-20,0.31112185594710434,11,0
286,-35,0.5159496604823149,26,0
287,4,0.3754716068506241,7,1
288,9,0.6130825579166412,2,1
289,3,0.3775713238865137,8,1
290,7,0.40878354012966156,4,1
291,-2,0.469208283493152,13,1
292,10,0.5794765949249268,1,1
293,-31,0.4560649324918077,42,1
294,-11,0.2684086933732033,2,0
295,4,0.29686753345387323,7,1
296,6,0.30166357606649397,5,1
297,-50,0.5098603411018848,50,0
298,-50,0.3542922777682543,50,0
299,0,0.4636888246644627,11,1
300,8,0.27922574679056805,3,1
301,8,0.2199408213297526,3,1
302,10,0.5698001384735107,1,1
303,8,0.34907618165016174,3,1
304,9,0.5075536668300629,2,1
305,6,0.402564300596714,5,1
306,-50,0.4881912861764431,50,0
307,-50,0.45663051173090935,50,0
308,-10,0.4005615956016949,21,1
309,7,0.49188126623630524,4,1
310,-50,0.45298966370522975,50,0
311,8,0.4066318025191625,3,1
312,-10,0.49910223484039307,1,0
313,9,0.9201451539993286,2,1
314,-50,0.5028916440904141,50,0
315,10,0.10454389452934265,1,1
316,9,0.2595186084508896,2,1
317,-21,0.3940845839679241,12,0
318,-26,0.40970206900021516,37,1
319,8,0.47271989782651264,3,1
320,10,1.4717786312103271,1,1
321,-2,0.3305566030052992,13,1
322,9,0.8148109465837479,2,1
323,-50,0.41238565869629384,50,0
324,-38,0.5997758789026008,49,1
325,10,0.4993201792240143,1,1
326,-50,0.5218946266174317,50,0
327,-12,1.035940945148468,3,0
328,-10,0.35863909125328064,1,0
329,10,0.5079790353775024,1,1
330,-33,0.5976309725506739,44,1
331,10,0.34556543827056885,1,1
332,-13,0.5011717583984137,4,0
333,4,0.7419328561850956,7,1
334,4,0.946490215403693,7,1
335,-50,0.6587881448864937,50,0
336,-50,0.5106074600666761,50,0
337,9,0.60896235704422,2,1
338,-10,0.648085355758667,1,0
339,-49,0.47763414941728116,40,0
340,8,0.40967804193496704,3,1
341,1,0.6109299659729004,10,1
342,-27,0.6552254612508573,38,1
343,10,0.3163469731807709,1,1
344,7,0.6570733711123466,4,1
345,5,0.7900033071637154,6,1
346,7,0.5495353937149048,4,1
347,5,0.6900868316491445,6,1
348,-33,0.7591384345044693,24,0
349,9,0.24487273395061493,2,1
350,9,0.3249177634716034,2,1
351,-9,0.5577186461538076,20,1
352,-10,0.49680963158607483,1,0
353,7,0.8533229380846024,4,1
354,8,0.9613817930221558,3,1
355,9,0.12533994019031525,2,1
356,9,0.4360978379845619,2,1
357,9,0.1941138133406639,2,1
358,10,1.1477105617523193,1,1
359,-14,0.8087923169136048,5,0
360,-10,0.7400196194648743,1,0
361,-50,0.5160033133625984,50,0
362,-50,0.5402307206392288,50,0
363,-50,0.5070188343524933,50,0
364,5,0.5983735024929047,6,1
365,-13,0.5161023139953613,4,0
366,8,0.6448265314102173,3,1
367,9,0.5096006691455841,2,1
368,-36,0.5555728022699002,27,0
369,10,0.4503106474876404,1,1
370,-11,0.8155956864356995,2,0
371,-10,0.9574023485183716,1,0
372,-27,0.5089897343681918,18,0
373,-10,0.5817825198173523,1,0
374,9,0.14044363796710968,2,1
375,8,0.7327283620834351,3,1
376,-12,0.19566782315572104,3,0
377,-3,0.47976018860936165,14,1
378,-10,0.5435032844543457,1,0
379,9,0.6852327883243561,2,1
380,8,0.4004807670911153,3,1
381,10,0.6150636672973633,1,1
382,10,0.5678238868713379,1,1
383,-50,0.40235032975673674,50,0
384,8,0.5180594076712927,3,1
385,8,0.37204646567503613,3,1
386,-11,0.612632229924202,2,0
387,-12,0.5291905552148819,3,0
388,-1,0.4022235920031865,12,1
389,7,0.24959323927760124,4,1
390,-9,0.48427141532301904,20,1
391,7,0.4524672031402588,4,1
392,-10,0.5096233487129211,1,0
393,9,0.19324345886707306,2,1
394,-24,0.5080913693777153,35,1
395,0,0.6101141104643996,11,1
396,9,1.402283489704132,2,1
397,7,0.5435871928930283,4,1
398,-50,0.4800931742787361,50,0
399,9,0.3141273856163025,2,1
400,-10,0.33617544174194336,1,0
401,9,1.0129935145378113,2,1
402,-50,0.4918122564256191,50,0
403,10,0.20697027444839478,1,1
404,10,0.2805480360984802,1,1
405,-11,0.47505285760218446,22,1
406,8,0.4290994629263878,3,1
407,10,0.35385605692863464,1,1
408,-50,0.45199949994683264,50,0
409,-8,0.5285473371806898,19,1
410,-11,0.26863183081150055,2,0
411,-10,0.4567002058029175,1,0
412,-50,0.5131336772441863,50,0
413,9,0.3513197898864746,2,1
414,8,0.5768682360649109,3,1
415,-11,0.3241531550884247,2,0
416,-24,0.5615749806165695,15,0
417,-31,0.43306765298951755,22,0
418,9,0.12948326021432877,2,1
419,7,0.4860629104077816,4,1
420,-29,0.4002487573772669,20,0
421,-32,0.5279444813035256,43,1
422,9,0.2095988169312477,2,1
423,-12,0.6310731420914332,3,0
424,10,0.8458369970321655,1,1
425,9,0.45827364921569824,2,1
426,8,0.25047169625759125,3,1
427,-12,0.6073025663693746,3,0
428,-50,0.44410134583711625,50,0
429,-10,0.14643332362174988,1,0
430,-50,0.3410209669172764,50,0
431,8,0.7400688727696737,3,1
432,10,0.09650935232639313,1,1
433,10,0.20288696885108948,1,1
434,-50,0.33405881725251674,50,0
435,4,0.15231532284191676,7,1
436,10,0.09664363414049149,1,1
437,8,0.2599635186294715,3,1
438,7,0.14537831768393517,4,1
439,10,0.36427801847457886,1,1
440,10,0.12438766658306122,1,1
441,9,0.6094076633453369,2,1
442,-50,0.3041213184595108,50,0
443,-13,0.4461384564638138,4,0
444,-20,0.28889042187121605,31,1
445,10,0.2207888662815094,1,1
446,-7,0.2927903996573554,18,1
447,8,0.3256292740503947,3,1
448,-50,0.2947024458646774,50,0
449,9,0.15331188961863518,2,1
450,-50,0.27488759577274324,50,0
451,-6,0.23567571984056165,17,1
452,-12,0.3796523908774058,3,0
453,7,0.3593256827443838,4,1
454,-50,0.27182995073497296,50,0
455,-13,0.20097528770565987,4,0
456,-13,0.1984860561788082,4,0
457,-37,0.2596867360795538,48,1
458,9,0.08100534230470657,2,1
459,-50,0.2642949165403843,50,0
460,9,0.20836608111858368,2,1
461,-50,0.3145441447943449,50,0
462,-12,0.15341274440288544,3,0
463,-16,0.28939296760492855,27,1
464,-50,0.30330676391720773,50,0
465,7,0.5447133481502533,4,1
466,-50,0.3009336545318365,50,0
467,-50,0.33947515293955804,50,0
468,7,0.3905509188771248,4,1
469,-13,0.12246532365679741,4,0
470,-13,0.29691578447818756,4,0
471,-50,0.29296675242483616,50,0
472,6,0.20983478873968125,5,1
473,6,0.21883732080459595,5,1
474,-50,0.41865064576268196,50,0
475,-32,0.2744471491422764,43,1
476,-50,0.23890165150165557,50,0
477,-11,0.2638109177350998,2,0
478,-50,0.2556779458373785,50,0
479,-50,0.2693278247863054,50,0
480,5,0.24503051737944284,6,1
481,-39,0.24999614742894968,30,0
482,-11,0.21779893643476747,22,1
483,-45,0.17789493827149272,36,0
484,2,0.2777269548839993,9,1
485,7,0.1684589833021164,4,1
486,-28,0.20548646008739105,39,1
487,8,0.11000666146477063,3,1
488,9,0.08084860816597939,2,1
489,-14,0.2255466514825821,25,1
490,-5,0.20256968983449042,16,1
491,8,0.17653610308965048,3,1
492,10,0.12867967784404755,1,1
493,-50,0.20646712332963943,50,0
494,9,0.6973881125450134,2,1
495,9,0.08506792783737183,2,1
496,9,0.08080186322331429,2,1
497,-34,0.22017854120996264,45,1
498,-50,0.23092668689787388,50,0
499,10,0.06024252250790596,1,1
500,9,0.3257359191775322,2,1
501,-15,0.22386553797584313,26,1
502,-11,0.3282030373811722,2,0
503,-40,0.21734351039894165,31,0
504,5,0.0930286484460036,6,1
505,-12,0.3071257323026657,3,0
506,10,0.20417052507400513,1,1
507,10,0.224570170044899,1,1
508,0,0.26084485988725314,11,1
509,9,0.21375268697738647,2,1
510,-50,0.24588207080960273,50,0
511,-50,0.20758385229855775,50,0
512,6,0.262326554954052,5,1
513,3,0.37887260084971786,8,1
514,-37,0.1950539422687143,48,1
515,-10,0.06346536427736282,1,0
516,3,0.1809334047138691,8,1
517,8,0.19071209182341894,3,1
518,-50,0.2573709162324667,50,0
519,-50,0.15059383206069468,50,0
520,-16,0.2845232868912043,27,1
521,-50,0.1575981143116951,50,0
522,7,0.1939640548080206,4,1
523,-12,0.11225924144188563,3,0
524,7,0.15158760081976652,4,1
525,-10,0.08152391016483307,1,0
526,9,0.047441402450203896,2,1
527,-37,0.13308238830151303,28,0
528,7,0.3234427943825722,4,1
529,-50,0.1942171610146761,50,0
530,9,0.17471089214086533,2,1
531,8,0.11798380439480145,3,1
532,-34,0.11443325363099575,25,0
533,-21,0.13466869515832514,32,1
534,10,0.21942853927612305,1,1
535,9,0.10059463605284691,2,1
536,-50,0.17785702023655175,50,0
537,10,0.06271105259656906,1,1
538,-12,0.20785649617513022,3,0
539,10,0.07587555050849915,1,1
540,2,0.055795058608055115,9,1
541,8,0.3853192925453186,3,1
542,-50,0.1825595824420452,50,0
543,10,0.12310731410980225,1,1
544,3,0.20697080017998815,8,1
545,5,0.2276841296503941,6,1
546,8,0.09243426285684109,3,1
547,10,0.08043859899044037,1,1
548,7,0.07582210842519999,4,1
549,-12,0.04789075876275698,3,0
550,-27,0.1552640652578128,38,1
551,-7,0.1737129785017007,18,1
552,10,0.10989503562450409,1,1
553,9,0.16086691617965698,2,1
554,-28,0.21601117961108685,39,1
555,9,0.1663445420563221,2,1
556,-3,0.2040080844557711,14,1
557,10,0.05519554764032364,1,1
558,-50,0.18888497490435838,50,0
559,10,0.12785407900810242,1,1
560,-50,0.2255994535982609,50,0
561,10,0.7019078135490417,1,1
562,8,0.04446752307315668,3,1
563,-30,0.20539249631962397,41,1
564,10,0.019770808517932892,1,1
565,-11,0.0726217832416296,2,0
566,-11,0.260600246489048,2,0
567,7,0.3508529122918844,4,1
568,10,0.06632829457521439,1,1
569,10,0.13442634046077728,1,1
570,9,0.12900445517152548,2,1
571,-17,0.27917247727912453,28,1
572,-50,0.17999276554211974,50,0
573,10,0.03783125802874565,1,1
574,10,0.04330907016992569,1,1
575,7,0.24613133817911148,4,1
576,-10,0.34196487069129944,1,0
577,-50,0.3028393721394241,50,0
578,8,0.41636993487675983,3,1
579,7,0.3797694742679596,4,1
580,9,0.634980171918869,2,1
581,8,0.042870888486504555,3,1
582,10,0.26606062054634094,1,1
583,-50,0.32347118683159354,50,0
584,-29,0.318058492988348,40,1
585,-50,0.29715508392080664,50,0
586,-10,0.08623649924993515,1,0
587,7,0.34663140727207065,4,1
588,9,0.3213717173784971,2,1
589,-37,0.24735538133730492,48,1
590,-50,0.3623992573097348,50,0
591,7,0.2883743792772293,4,1
592,8,0.26193948090076447,3,1
593,7,0.2575824982486665,4,1
594,8,0.2479149450858434,3,1
595,8,0.448086937268575,3,1
596,9,0.19393298029899597,2,1
597,8,0.22506895661354065,3,1
598,-10,0.26298898458480835,1,0
599,7,0.33736883476376534,4,1
600,-24,0.3110581729028906,35,1
601,-50,0.3455005862936378,50,0
602,7,0.43313610553741455,4,1
603,-50,0.3538400964066386,50,0
604,-23,0.29276373872862144,34,1
605,10,0.04347189888358116,1,1
606,-50,0.35807530142366883,50,0
607,7,0.2746516247279942,4,1
608,9,0.31439414247870445,2,1
609,10,0.5317807197570801,1,1
610,9,0.03325232956558466,2,1
611,6,0.38380367383360864,5,1
612,-6,0.2866938853745951,17,1
613,-34,0.3368575368490484,45,1
614,6,0.3249944359064102,5,1
615,-50,0.33640776507556436,50,0
616,9,0.45643456280231476,2,1
617,8,0.15367811918258667,3,1
618,-13,0.23781923204660416,4,0
619,7,0.1723271356895566,4,1
620,7,0.37578805163502693,4,1
621,8,0.36580750594536465,3,1
622,-7,0.26594767678115105,18,1
623,8,0.3196900437275569,3,1
624,6,0.301446995139122,5,1
625,6,0.23277460634708405,5,1
626,-25,0.30303617142554784,36,1
627,-50,0.34019476123154163,50,0
628,9,0.3878423161804676,2,1
629,10,0.19031332433223724,1,1
630,-50,0.39156631790101526,50,0
631,8,0.25089577337106067,3,1
632,9,0.19392408430576324,2,1
633,6,0.31501290798187254,5,1
634,-3,0.4027725655053343,14,1
635,-50,0.31883255757391454,50,0
636,-47,0.3365816949425559,38,0
637,-24,0.3351437270641327,35,1
638,7,0.18825533613562584,4,1
639,-30,0.35952184839946466,41,1
640,-50,0.2896943881362677,50,0
641,10,0.13900306820869446,1,1
642,9,0.46126527339220047,2,1
643,8,0.3321505089600881,3,1
644,-6,0.2547219939091626,17,1
645,7,0.24140772968530655,4,1
646,10,0.11051826179027557,1,1
647,9,0.24364405870437622,2,1
648,9,0.2215205430984497,2,1
649,8,0.15112294629216194,3,1
650,-12,0.13690448055664697,3,0
651,9,0.2968035265803337,2,1
652,8,0.1469532959163189,3,1
653,7,0.07675186917185783,4,1
654,-27,0.28248654512895477,18,0
655,6,0.2655399918556213,5,1
656,10,0.33547672629356384,1,1
657,-13,0.1924997182407727,24,1
658,10,0.1091826856136322,1,1
659,-15,0.2325560708458607,26,1
660,1,0.2421926736831665,10,1
661,-50,0.25487650506198406,50,0
662,-12,0.11053179701169331,3,0
663,8,0.24568908661603928,3,1
664,9,0.14965971559286118,2,1
665,-50,0.2823289618641138,50,0
666,-50,0.20251651987433433,50,0
667,9,0.5862565040588379,2,1
668,8,0.3355649374425411,3,1
669,-50,0.19048407766968012,50,0
670,10,0.08259318768978119,1,1
671,8,0.3725635806719462,3,1
672,10,0.05287487804889679,1,1
673,-22,0.1407167362895879,33,1
674,9,0.08918125182390213,2,1
675,0,0.2505017400465228,11,1
676,8,0.1395448719461759,3,1
677,-50,0.23909117765724658,50,0
678,-50,0.18424237936735152,50,0
679,6,0.1242866836488247,5,1
680,9,0.05272608995437622,2,1
681,9,0.11211471259593964,2,1
682,6,0.28059491142630577,5,1
683,10,0.14169982075691223,1,1
684,9,0.3471364378929138,2,1
685,9,0.35947555117309093,2,1
686,8,0.15288248161474863,3,1
687,9,0.16130899265408516,2,1
688,10,0.04803939163684845,1,1
689,-11,0.13173240050673485,2,0
690,-14,0.22195106074213983,5,0
691,-1,0.19058396310235062,12,1
692,-10,0.0814381092786789,1,0
693,7,0.43923379853367805,4,1
694,7,0.06799469888210297,4,1
695,6,0.352224787324667,5,1
696,9,0.28670622780919075,2,1
697,10,0.15694797039031982,1,1
698,9,0.11830001696944237,2,1
699,-50,0.21399380028247833,50,0
700,-50,0.19469549804925917,50,0
701,6,0.1846080705523491,5,1
702,-50,0.2236171567440033,50,0
703,9,0.6663830429315567,2,1
704,-50,0.21474628791213035,50,0
705,8,0.13080763320128122,3,1
706,8,0.12469786653916042,3,1
707,9,0.19296763837337494,2,1
708,8,0.21913980195919672,3,1
709,9,0.2500658556818962,2,1
710,10,0.08750490099191666,1,1
711,-10,0.18139804899692535,1,0
712,10,0.32087787985801697,1,1
713,2,0.1629080312947432,9,1
714,-50,0.1300779791921377,50,0
715,-50,0.20519556138664485,50,0
716,8,0.10892832403381665,3,1
717,10,0.06438905000686646,1,1
718,10,0.011061926372349262,1,1
719,-50,0.1968496984243393,50,0
720,1,0.1562129158526659,10,1
721,9,0.15627513080835342,2,1
722,9,0.1512138471007347,2,1
723,-50,0.19902987545356154,50,0
724,8,0.10736449559529622,3,1
725,-17,0.1484487117268145,8,0
726,-13,0.48821814358234406,4,0
727,-10,0.05882914736866951,1,0
728,-50,0.22695217661559583,50,0
729,9,0.08975802175700665,2,1
730,10,0.06776672601699829,1,1
731,-50,0.19805813748389484,50,0
732,-10,0.19344528019428253,1,0
733,-50,0.22263319909572601,50,0
734,-3,0.2101254431264741,14,1
735,8,0.2464994117617607,3,1
736,-50,0.21994047842919826,50,0
737,10,0.22622035443782806,1,1
738,10,0.10320033878087997,1,1
739,9,0.46081748604774475,2,1
740,-50,0.2104861718416214,50,0
741,9,0.0701570026576519,2,1
742,-11,0.1961260437965393,2,0
743,6,0.3315174445509911,5,1
744,-50,0.2125868235900998,50,0
745,-58,0.23078107073598977,49,0
746,9,0.2254207357764244,2,1
747,-31,0.2436060095205903,42,1
748,-50,0.24685040166601538,50,0
749,10,0.2979786694049835,1,1
750,-11,0.17799192667007446,2,0
751,10,0.21650053560733795,1,1
752,8,0.29566438992818195,3,1
753,9,0.3337841331958771,2,1
754,10,0.215835303068161,1,1
755,10,0.17347382009029388,1,1
756,10,0.5373720526695251,1,1
757,-10,0.42605724930763245,1,0
758,-39,0.2531377962231636,50,1
759,-24,0.23014599521245274,35,1
760,10,0.8399617671966553,1,1
761,-50,0.23869330435991287,50,0
762,9,0.073023971170187,2,1
763,6,0.2796920299530029,5,1
764,-22,0.32911416459264176,33,1
765,10,0.5817883014678955,1,1
766,-17,0.22517934534698725,8,0
767,8,0.23793480296929678,3,1
768,-50,0.2708429721742868,50,0
769,-10,0.0852615088224411,1,0
770,-11,0.19881736859679222,2,0
771,2,0.1266922830707497,9,1
772,7,0.2769590001553297,4,1
773,6,0.30864896029233935,5,1
774,-38,0.26676323196413565,49,1
775,6,0.16728763282299042,5,1
776,-58,0.2864155777711041,49,0
777,7,0.10036153439432383,4,1
778,7,0.3524643611162901,4,1
779,7,0.3590530902147293,4,1
780,-50,0.32716460324823854,50,0
781,-11,0.20321553200483322,2,0
782,9,0.13730323314666748,2,1
783,6,0.29323210269212724,5,1
784,9,0.10049735009670258,2,1
785,-50,0.27707296893000605,50,0
786,-10,0.17267902195453644,1,0
787,-50,0.27163753047585487,50,0
788,10,0.2284388542175293,1,1
789,-50,0.23856364898383617,50,0
790,-50,0.24383814848959445,50,0
791,9,0.3447883129119873,2,1
792,10,0.030909301713109016,1,1
793,3,0.30963456723839045,8,1
794,-50,0.18621832087635995,50,0
795,9,0.3252071738243103,2,1
796,-21,0.21495932480320334,32,1
797,-50,0.21175930373370647,50,0
798,-50,0.16850244222208857,50,0
799,-22,0.14399865814126456,13,0
800,9,0.1753574199974537,2,1
801,-16,0.21346999787622029,27,1
802,-50,0.18271623816341162,50,0
803,-10,0.027872122824192047,1,0
804,3,0.19089798186905682,8,1
805,9,0.025552527979016304,2,1
806,-10,0.0587335005402565,1,0
807,-30,0.17405400129898294,41,1
808,8,0.2174075742562612,3,1
809,-4,0.12387461438775063,15,1
810,-10,0.06409149616956711,1,0
811,-50,0.19801958721131085,50,0
812,10,0.12742720544338226,1,1
813,-50,0.17402764171361923,50,0
814,7,0.15271680615842342,4,1
815,-10,0.04436102509498596,1,0
816,10,0.15142220258712769,1,1
817,8,0.09167856040100257,3,1
818,7,0.10849138256162405,4,1
819,-35,0.17705632882336012,26,0
820,8,0.13391403729716936,3,1
821,5,0.10179901774972677,6,1
822,10,0.1737358570098877,1,1
823,-33,0.19232208387587557,44,1
824,-50,0.2010686096921563,50,0
825,-50,0.23933504872024058,50,0
826,6,0.30230520367622377,5,1
827,8,0.16094261407852173,3,1
828,8,0.3118763367335002,3,1
829,9,0.3456578403711319,2,1
830,8,0.0968212050696214,3,1
831,-10,0.27414464950561523,1,0
832,10,0.14632806181907654,1,1
833,10,0.5473523139953613,1,1
834,10,0.08136698603630066,1,1
835,7,0.22049298137426376,4,1
836,-50,0.24061065964400769,50,0
837,8,0.1152020903925101,3,1
838,-10,0.18401382863521576,1,0
839,8,0.11862579733133316,3,1
840,-10,0.36663150787353516,1,0
841,8,0.08437665551900864,3,1
842,8,0.09998187733193238,3,1
843,8,0.1764047642548879,3,1
844,-50,0.21676930923014878,50,0
845,5,0.22422448669870695,6,1
846,6,0.15759126245975494,5,1
847,9,0.14763804525136948,2,1
848,9,0.24913933873176575,2,1
849,-11,0.18322959491475063,22,1
850,-50,0.1874038459174335,50,0
851,9,0.19982581958174706,2,1
852,-50,0.20124999701976776,50,0
853,6,0.25211346298456194,5,1
854,9,0.16561266779899597,2,1
855,-11,0.07194778695702553,2,0
856,7,0.23535305471159518,4,1
857,5,0.21794022371371588,6,1
858,-29,0.16826216820627451,20,0
859,-11,0.19840652123093605,2,0
860,-10,0.053798608481884,1,0
861,-50,0.18976246897131205,50,0
862,8,0.11841872582832973,3,1
863,10,0.689930260181427,1,1
864,10,0.5526193380355835,1,1
865,9,0.39395560324192047,2,1
866,-31,0.23259173253817217,42,1
867,9,0.3167346119880676,2,1
868,-13,0.48209138959646225,4,0
869,-10,0.4579252004623413,1,0
870,-50,0.2651018067449331,50,0
871,10,0.06346765905618668,1,1
872,-36,0.21693776393348865,47,1
873,-50,0.25675677753984927,50,0
874,-11,0.23103351145982742,2,0
875,10,0.14496734738349915,1,1
876,4,0.20410523058048316,7,1
877,-14,0.2191051635146141,25,1
878,8,0.35674480100472766,3,1
879,-50,0.23935959743335844,50,0
880,7,0.23618938587605953,4,1
881,-20,0.3000286247941755,31,1
882,-12,0.1380202273527781,3,0
883,9,0.3377198949456215,2,1
884,10,0.34708234667778015,1,1
885,6,0.3131816953420639,5,1
886,7,0.38086537830531597,4,1
887,9,0.20755789428949356,2,1
888,-16,0.24788209409625442,27,1
889,0,0.2570870237594301,11,1
890,7,0.2334797903895378,4,1
891,6,0.41158416867256165,5,1
892,8,0.3628671119610469,3,1
893,9,0.11888653412461281,2,1
894,6,0.3789524123072624,5,1
895,-10,0.19274848699569702,1,0
896,-11,0.15217171609401703,2,0
897,7,0.17522151954472065,4,1
898,9,0.1494346186518669,2,1
899,9,0.17899205163121223,2,1
900,-2,0.20042708974618179,13,1
901,-50,0.2405419398844242,50,0
902,9,0.29308199882507324,2,1
903,-10,0.34695810079574585,1,0
904,5,0.2886310548832019,6,1
905,8,0.5640917470057806,3,1
906,-16,0.18705095137868608,7,0
907,9,0.18660327792167664,2,1
908,10,0.11240395903587341,1,1
909,8,0.24664495388666788,3,1
910,-30,0.2584404984400386,21,0
911,8,0.1660863608121872,3,1
912,10,0.07312420755624771,1,1
913,-1,0.4309965005765359,12,1
914,-50,0.3229890242964029,50,0
915,-11,0.520216092467308,2,0
916,9,0.11918209120631218,2,1
917,8,0.1436652565995852,3,1
918,-29,0.3425703212618828,40,1
919,8,0.09959273785352707,3,1
920,9,0.21392206847667694,2,1
921,9,0.23794065415859222,2,1
922,8,0.18293234209219614,3,1
923,-10,0.3570393982032935,21,1
924,10,0.16111457347869873,1,1
925,10,0.12733903527259827,1,1
926,7,0.19384797662496567,4,1
927,-24,0.24223569532235464,15,0
928,-10,0.28804776072502136,1,0
929,8,0.14296134312947592,3,1
930,1,0.19187237173318863,10,1
931,0,0.22068345478989862,11,1
932,-15,0.2518172115087509,6,0
933,9,0.43221065402030945,2,1
934,-50,0.25431350387632845,50,0
935,-50,0.23142663955688478,50,0
936,-50,0.2533534583449364,50,0
937,8,0.11053092281023662,3,1
938,6,0.15938841700553893,5,1
939,9,0.2012205757200718,2,1
940,-7,0.2271810213310851,18,1
941,6,0.25871054232120516,5,1
942,-35,0.23815668406693832,46,1
943,8,0.2719189524650574,3,1
944,6,0.1347617007791996,5,1
945,-50,0.2318410862982273,50,0
946,5,0.09156808940072854,6,1
947,9,0.39364659786224365,2,1
948,5,0.25381358216206235,6,1
949,10,0.6105883121490479,1,1
950,6,0.10781141892075538,5,1
951,-10,0.10453904420137405,1,0
952,9,0.08032241463661194,2,1
953,9,0.13884367048740387,2,1
954,8,0.12555693835020065,3,1
955,-10,0.47806718945503235,1,0
956,-36,0.19129105043062505,47,1
957,10,0.1604366898536682,1,1
958,-50,0.15906753424555065,50,0
959,-32,0.1949458451050779,23,0
960,9,0.3690408915281296,2,1
961,7,0.11134585924446583,4,1
962,9,0.3326245993375778,2,1
963,7,0.24797441437840462,4,1
964,-10,0.19065728783607483,1,0
965,-50,0.2093288553878665,50,0
966,8,0.11442184448242188,3,1
967,-50,0.22336141876876353,50,0
968,-10,0.11582285165786743,1,0
969,-50,0.15220085322856902,50,0
970,-15,0.13153612825016564,26,1
971,-13,0.08508037216961384,4,0
972,7,0.06057805381715298,4,1
973,9,0.4256209060549736,2,1
974,6,0.10031529553234578,5,1
975,9,0.039555519819259644,2,1
976,-11,0.02280525490641594,2,0
977,-27,0.15956301697971007,38,1
978,7,0.06389201525598764,4,1
979,8,0.2327146256963412,3,1
980,9,0.11665917932987213,2,1
981,9,0.17922881245613098,2,1
982,-25,0.16980927401325768,36,1
983,-50,0.1946868199855089,50,0
984,9,0.029034694656729698,2,1
985,8,0.14663250495990118,3,1
986,-50,0.21491356417536736,50,0
987,-13,0.06587083358317614,4,0
988,8,0.07378987843791644,3,1
989,-10,0.053715355694293976,1,0
990,9,0.03311845753341913,2,1
991,9,0.07051603402942419,2,1
992,-50,0.1679587884619832,50,0
993,9,0.17358605936169624,2,1
994,-21,0.17920316330128117,32,1
995,10,0.0974012017250061,1,1
996,9,0.09507311042398214,2,1
997,-10,0.06636849045753479,1,0
998,-3,0.12746606248297862,14,1
999,10,0.07468318194150925,1,1
1000,10,0.15459510684013367,1,1
1,-15,0.06420211299943428,6,0
2,10,0.27782243490219116,1,1
3,-10,0.06953224539756775,1,0
4,10,0.08255875110626221,1,1
5,-50,0.2115115585923195,50,0
6,-50,0.22476499462500216,50,0
7,9,0.260238166898489,2,1
8,-31,0.27480567601465045,42,1
9,8,0.1245361790060997,3,1
10,7,0.3828712562099099,4,1
11,-50,0.2704132713750005,50,0
12,8,0.25501792629559833,3,1
13,8,0.14459852377573648,3,1
14,-3,0.34846389293670654,14,1
15,10,0.170558899641037,1,1
16,9,0.3361852988600731,2,1
17,10,0.1444431096315384,1,1
18,9,0.21773824095726013,2,1
19,8,0.28277409821748734,3,1
20,10,0.03862830996513367,1,1
21,-12,0.09213848722477753,3,0
22,10,0.5419396758079529,1,1
23,-50,0.3233098068088293,50,0
24,6,0.15610437989234924,5,1
25,8,0.09744964788357417,3,1
26,9,0.2993174232542515,2,1
27,9,0.32949261367321014,2,1
28,-21,0.3036395398279031,12,0
29,6,0.23420204520225524,5,1
30,7,0.34155360609292984,4,1
31,-50,0.3179380290210247,50,0
32,10,0.21914070844650269,1,1
33,5,0.38314034541447956,6,1
34,-50,0.2551925092563033,50,0
35,8,0.32973914593458176,3,1
36,-50,0.3427441255003214,50,0
37,10,0.1977183222770691,1,1
38,7,0.22271095775067806,4,1
39,6,0.1338453210890293,5,1
40,10,0.09373447299003601,1,1
41,5,0.26412390482922393,6,1
42,-50,0.2427141521126032,50,0
43,10,0.17146393656730652,1,1
44,10,0.1998666524887085,1,1
45,8,0.22972313314676285,3,1
46,7,0.316179733723402,4,1
47,-50,0.31651679530739785,50,0
48,-50,0.25817267037928104,50,0
49,-11,0.19465181231498718,2,0
50,8,0.406843567887942,3,1
51,8,0.5592998762925466,3,1
52,8,0.18495259309808412,3,1
53,-22,0.23080743149374472,33,1
54,10,0.17395469546318054,1,1
55,9,0.4525178000330925,2,1
56,-35,0.264797040189688,26,0
57,9,0.5348657220602036,2,1
58,8,0.056201751033465065,3,1
59,-50,0.26157202400267127,50,0
60,-50,0.24650520406663418,50,0
61,8,0.09485932191212972,3,1
62,10,0.11881051957607269,1,1
63,9,0.12776187993586063,2,1
64,10,0.4929969310760498,1,1
65,-17,0.22526696523917572,28,1
66,10,0.1541709154844284,1,1
67,10,0.5706994533538818,1,1
68,-11,0.4105914384126663,2,0
69,9,0.2710345834493637,2,1
70,10,0.13630357384681702,1,1
71,9,0.13364843279123306,2,1
72,5,0.19413833071788153,6,1
73,-14,0.14335400015115737,5,0
74,9,0.2231036126613617,2,1
75,9,0.07096263952553272,2,1
76,10,0.4124327301979065,1,1
77,8,0.2655642032623291,3,1
78,9,0.2986434996128082,2,1
79,9,0.23155929893255234,2,1
80,-11,0.2699525278400291,22,1
81,10,0.040186479687690735,1,1
82,-10,0.454384982585907,1,0
83,10,0.11507600545883179,1,1
84,7,0.3045853152871132,4,1
85,8,0.19921484837929407,3,1
86,8,0.22490022083123526,3,1
87,-50,0.2728716892004013,50,0
88,10,0.11663591861724854,1,1
89,-50,0.20902175657451152,50,0
90,8,0.07681764910618465,3,1
91,9,0.45527835190296173,2,1
92,8,0.39841469128926593,3,1
93,-50,0.29010039024055007,50,0
94,10,0.5566497445106506,1,1
95,-50,0.17610712982714177,50,0
96,9,0.3039250522851944,2,1
97,9,0.3196159675717354,2,1
98,8,0.1760287086168925,3,1
99,7,0.3208673261106014,4,1
100,10,0.19080139696598053,1,1
101,8,0.08785131325324376,3,1
102,-11,0.3119214288890362,2,0
103,-50,0.2072350062429905,50,0
104,-10,0.1393403261899948,1,0
105,-5,0.13010146003216505,16,1
106,-11,0.10564075782895088,2,0
107,9,0.13407442718744278,2,1
108,10,0.06453336775302887,1,1
109,-52,0.23815485531854075,43,0
110,7,0.1112089641392231,4,1
111,10,0.6537066698074341,1,1
112,-10,0.10127102583646774,1,0
113,-14,0.29320641443133355,25,1
114,-2,0.19128188404899377,13,1
115,1,0.25404885597527027,10,1
116,-11,0.09151044487953186,2,0
117,10,0.1330450028181076,1,1
118,10,0.07908622175455093,1,1
119,-3,0.1961117461323738,14,1
120,10,0.06842655688524246,1,1
121,9,0.2769855111837387,2,1
122,7,0.1518477275967598,4,1
123,6,0.15884351283311843,5,1
124,-11,0.2118803020566702,2,0
125,9,0.07077015563845634,2,1
126,-34,0.21603856161236762,45,1
127,6,0.2252652272582054,5,1
128,-50,0.20261301003396512,50,0
129,6,0.14462819695472717,5,1
130,10,0.2110416740179062,1,1
131,-50,0.21870436936616897,50,0
132,-13,0.11272333562374115,4,0
133,3,0.1562515334226191,8,1
134,8,0.1197154534359773,3,1
135,-50,0.19961952976882458,50,0
136,-50,0.19535136893391608,50,0
137,7,0.30335678439587355,4,1
138,8,0.04264241084456444,3,1
139,5,0.15607505105435848,6,1
140,-50,0.25436067044734956,50,0
141,8,0.4430189828077952,3,1
142,-5,0.1385635850019753,16,1
143,9,0.06600086484104395,2,1
144,-52,0.15457128872011983,43,0
145,8,0.06811731557051341,3,1
146,9,0.21192332543432713,2,1
147,6,0.2814230270683765,5,1
148,-10,0.5885064005851746,1,0
149,-50,0.1576561663299799,50,0
150,9,0.0614131111651659,2,1
151,9,0.071381451562047,2,1
152,8,0.15187004022300243,3,1
153,-31,0.13714213137115752,42,1
154,6,0.21621787399053574,5,1
155,7,0.08596107456833124,4,1
156,-50,0.13275239942595363,50,0
157,8,0.32850591217478115,3,1
158,10,0.09089639782905579,1,1
159,9,0.14660971611738205,2,1
160,9,0.037457872182130814,2,1
161,-10,0.020613903179764748,1,0
162,8,0.044625030209620796,3,1
163,-12,0.07747998833656311,3,0
164,9,0.13412964716553688,2,1
165,9,0.2792193703353405,2,1
166,9,0.41733747720718384,2,1
167,8,0.1453122521440188,3,1
168,9,0.12717097252607346,2,1
169,-13,0.19423129731634012,24,1
170,8,0.25022371610005695,3,1
171,10,0.18288441002368927,1,1
172,6,0.22073032855987548,5,1
173,10,0.12962652742862701,1,1
174,-50,0.17617984369397163,50,0
175,-23,0.15392500709961443,34,1
176,10,0.04691414535045624,1,1
177,9,0.1746121644973755,2,1
178,9,0.04380389489233494,2,1
179,8,0.13867457335193953,3,1
180,10,0.1339128464460373,1,1
181,6,0.15413890779018402,5,1
182,8,0.12997160479426384,3,1
183,7,0.3618008606135845,4,1
184,-50,0.2034421367198229,50,0
185,10,0.20424766838550568,1,1
186,9,0.17857913207262754,2,1
187,10,0.09347206354141235,1,1
188,8,0.08017599085966746,3,1
189,-11,0.24481992051005363,2,0
190,7,0.09503583144396544,4,1
191,10,0.23264850676059723,1,1
192,10,0.10228906571865082,1,1
193,-50,0.19670551910996437,50,0
194,7,0.0941109573468566,4,1
195,7,0.17231206316500902,4,1
196,-14,0.1690915296971798,25,1
197,-50,0.21452765703201293,50,0
198,7,0.14442963991314173,4,1
199,9,0.19804102182388306,2,1
200,6,0.2826536387205124,5,1
201,-50,0.23790689561516046,50,0
202,-11,0.4890493005514145,2,0
203,-50,0.1918619279563427,50,0
204,9,0.06760715693235397,2,1
205,10,0.5178313851356506,1,1
206,9,0.07031508348882198,2,1
207,9,0.09874798730015755,2,1
208,9,0.02823016792535782,2,1
209,6,0.11410731747746468,5,1
210,-11,0.17067591100931168,2,0
211,-50,0.15092185560613872,50,0
212,9,0.08334171399474144,2,1
213,-50,0.1774161995574832,50,0
214,8,0.13296020776033401,3,1
215,8,0.2176458208511273,3,1
216,9,0.08248039335012436,2,1
217,10,0.09733188152313232,1,1
218,-55,0.22451279593793594,46,0
219,10,0.054493483155965805,1,1
220,-19,0.189792126044631,10,0
221,9,0.03884940128773451,2,1
222,8,0.11962153762578964,3,1
223,-15,0.1911320693504352,26,1
224,10,0.14948050677776337,1,1
225,10,0.30068349838256836,1,1
226,9,0.17592090368270874,2,1
227,9,0.0611125398427248,2,1
228,9,0.4939146339893341,2,1
229,10,0.022910987958312035,1,1
230,-11,0.13495158590376377,2,0
231,-12,0.08107541998227437,3,0
232,7,0.211292608641088,4,1
233,-50,0.2370748122036457,50,0
234,-50,0.2110451205074787,50,0
235,9,0.2464919202029705,2,1
236,6,0.13921594955027103,5,1
237,-50,0.1878519658744335,50,0
238,-19,0.1554705178985993,30,1
239,-31,0.22992181919869922,42,1
240,-11,0.2958729416131973,2,0
241,9,0.0674528032541275,2,1
242,9,0.26592300832271576,2,1
243,10,0.05821157246828079,1,1
244,10,0.05844800919294357,1,1
245,-50,0.1986791770160198,50,0
246,9,0.2102285623550415,2,1
247,10,0.08419259637594223,1,1
248,10,0.3375473618507385,1,1
249,10,0.09932209551334381,1,1
250,9,0.09610914066433907,2,1
251,4,0.17627310273902758,7,1
252,5,0.4106556574503581,6,1
253,6,0.42318193465471265,5,1
254,-5,0.25078541366383433,16,1
255,-3,0.30288963818124365,14,1
256,-50,0.2116467284411192,50,0
257,7,0.09519817493855953,4,1
258,10,0.06163105368614197,1,1
259,8,0.33889832844336826,3,1
260,-10,0.4769001007080078,1,0
261,10,0.051509492099285126,1,1
262,6,0.22108160480856895,5,1
263,-11,0.24410155415534973,2,0
264,10,0.1454162448644638,1,1
265,10,0.06609689444303513,1,1
266,-50,0.178056458607316,50,0
267,-3,0.24264359261308396,14,1
268,8,0.3375624120235443,3,1
269,-50,0.1998540275171399,50,0
270,9,0.43685223162174225,2,1
271,4,0.19127843422549112,7,1
272,7,0.18809888698160648,4,1
273,8,0.06586225951711337,3,1
274,10,0.07188289612531662,1,1
275,7,0.17376837879419327,4,1
276,7,0.11774625070393085,4,1
277,9,0.14853786677122116,2,1
278,-50,0.2307790969312191,50,0
279,9,0.5784911215305328,2,1
280,-1,0.20621185454850396,12,1
281,10,0.5089285969734192,1,1
282,9,0.4032876491546631,2,1
283,7,0.22742650657892227,4,1
284,9,0.18625423312187195,2,1
285,6,0.2112373888492584,5,1
286,9,0.1603613644838333,2,1
287,10,0.17166738212108612,1,1
288,9,0.39529581367969513,2,1
289,10,0.5525912046432495,1,1
290,-10,0.10750287771224976,1,0
291,8,0.2393035888671875,3,1
292,9,0.27119679376482964,2,1
293,6,0.16393738761544227,5,1
294,8,0.1991134708126386,3,1
295,8,0.17014571527640024,3,1
296,6,0.26459110975265504,5,1
297,-50,0.254443125128746,50,0
298,1,0.2275697596371174,10,1
299,-2,0.19365129333276015,13,1
300,-50,0.19507591381669045,50,0
301,9,0.3115835636854172,2,1
302,-11,0.16590309888124466,2,0
303,6,0.17723319828510284,5,1
304,-33,0.2107603962279179,44,1
305,9,0.1789051964879036,2,1
306,5,0.06278860569000244,6,1
307,9,0.13231493532657623,2,1
308,10,0.19336263835430145,1,1
309,-50,0.19567071951925755,50,0
310,-21,0.17121035093441606,32,1
311,-22,0.17596618484028362,33,1
312,10,0.24420511722564697,1,1
313,10,0.60981285572052,1,1
314,9,0.17071037366986275,2,1
315,-24,0.1428210547193885,35,1
316,8,0.21374387418230376,3,1
317,6,0.19528471827507018,5,1
318,7,0.2308325618505478,4,1
319,4,0.1986643991300038,7,1
320,-50,0.13320685856044293,50,0
321,8,0.18101350963115692,3,1
322,-10,0.10248899459838867,1,0
323,-50,0.1375652975961566,50,0
324,9,0.07246518693864346,2,1
325,9,0.17829827219247818,2,1
326,10,0.14599350094795227,1,1
327,-35,0.1233473033644259,46,1
328,-11,0.13818695023655891,2,0
329,-10,0.03695603460073471,1,0
330,-50,0.15836824797093868,50,0
331,9,0.11547756940126419,2,1
332,7,0.05111991474404931,4,1
333,9,0.1364678144454956,2,1
334,9,0.043384505435824394,2,1
335,10,0.014811335131525993,1,1
336,-12,0.2769463161627452,3,0
337,10,0.11690297722816467,1,1
338,7,0.09491647593677044,4,1
339,-29,0.1468085380503908,40,1
340,-50,0.1582165528088808,50,0
341,-11,0.02840724866837263,2,0
342,7,0.25026024086400867,4,1
343,-50,0.16022582387551665,50,0
344,8,0.06841528167327245,3,1
345,7,0.09823547024279833,4,1
346,8,0.03374566789716482,3,1
347,-50,0.13873031992930918,50,0
348,7,0.28972694277763367,4,1
349,10,0.286316454410553,1,1
350,-15,0.23255362237493196,6,0
351,-14,0.24165349155664445,5,0
352,7,0.19406260829418898,4,1
353,-49,0.18376066582277417,40,0
354,9,0.4114472344517708,2,1
355,10,0.3065372109413147,1,1
356,5,0.2083453337351481,6,1
357,5,0.24521543209751448,6,1
358,9,0.19494451582431793,2,1
359,-50,0.16469718923792243,50,0
360,-13,0.045663903933018446,4,0
361,-50,0.2183941928856075,50,0
362,8,0.10944543778896332,3,1
363,10,0.09882381558418274,1,1
364,9,0.09752442315220833,2,1
365,10,0.37489625811576843,1,1
366,7,0.12905688304454088,4,1
367,9,0.06654935702681541,2,1
368,8,0.2459090600411097,3,1
369,7,0.09287662082351744,4,1
370,9,0.3395184725522995,2,1
371,9,0.17853976413607597,2,1
372,9,0.21932459063827991,2,1
373,9,0.4383079372346401,2,1
374,8,0.14790334552526474,3,1
375,-50,0.24062502462416888,50,0
376,9,0.3999473825097084,2,1
377,9,0.36434438824653625,2,1
378,10,0.09335772693157196,1,1
379,7,0.2356010563671589,4,1
380,8,0.4072575991352399,3,1
381,8,0.05547777066628138,3,1
382,8,0.2264395753542582,3,1
383,-10,0.014397755265235901,1,0
384,9,0.11947242170572281,2,1
385,-10,0.15702582895755768,1,0
386,9,0.0961356870830059,2,1
387,9,0.11075951904058456,2,1
388,9,0.16085855662822723,2,1
389,-10,0.44774341583251953,1,0
390,7,0.1789677022024989,4,1
391,7,0.18942397460341454,4,1
392,8,0.3183347036441167,3,1
393,-11,0.16160817444324493,2,0
394,8,0.18861777583758035,3,1
395,7,0.28416746854782104,4,1
396,10,0.07604533433914185,1,1
397,10,0.038982778787612915,1,1
398,9,0.16095349937677383,2,1
399,-50,0.2029011432081461,50,0
400,-50,0.2283581593260169,50,0
401,8,0.11303640653689702,3,1
402,-11,0.30302102863788605,2,0
403,-11,0.3639562353491783,2,0
404,7,0.17727917432785034,4,1
405,6,0.2513572633266449,5,1
406,-12,0.24079171816507974,3,0
407,-18,0.21938839426328396,29,1
408,-10,0.06883323937654495,1,0
409,6,0.27126661837100985,5,1
410,-19,0.1862320238724351,30,1
411,6,0.4410691991448402,5,1
412,-11,0.1768481731414795,2,0
413,-29,0.20963542740792035,40,1
414,8,0.5944069524606069,3,1
415,-50,0.21713406883180142,50,0
416,8,0.2272078494230906,3,1
417,10,0.23950959742069244,1,1
418,7,0.1641406249254942,4,1
419,-50,0.21651980623602868,50,0
420,8,0.28757275889317196,3,1
421,7,0.34741660952568054,4,1
422,9,0.6170993447303772,2,1
423,10,0.19610559940338135,1,1
424,4,0.213177960898195,7,1
425,-18,0.22636004413167635,9,0
426,9,0.08154745399951935,2,1
427,10,0.048586513847112656,1,1
428,10,0.7198930978775024,1,1
429,-25,0.1420891377557483,36,1
430,10,0.0775233805179596,1,1
431,-10,0.03903711214661598,1,0
432,10,0.34021270275115967,1,1
433,-50,0.22361185684800147,50,0
434,-14,0.266360495314002,25,1
435,10,0.14059072732925415,1,1
436,7,0.18354913592338562,4,1
437,-50,0.19122060537338256,50,0
438,8,0.11816432575384776,3,1
439,-18,0.15528982794947094,9,0
440,9,0.24564381688833237,2,1
441,9,0.11713757738471031,2,1
442,8,0.07297834753990173,3,1
443,8,0.21931895116964975,3,1
444,8,0.3108699421087901,3,1
445,-50,0.19445742208510639,50,0
446,9,0.3226872533559799,2,1
447,-1,0.16741266225775084,12,1
448,0,0.183617655526508,11,1
449,10,0.6058115363121033,1,1
450,10,0.1348520666360855,1,1
451,9,0.26686882972717285,2,1
452,10,0.03967687115073204,1,1
453,8,0.15123634040355682,3,1
454,6,0.3368996649980545,5,1
455,-15,0.20660462151639736,26,1
456,-18,0.2294430118696443,29,1
457,10,0.12660469114780426,1,1
458,10,0.12939217686653137,1,1
459,8,0.11833053082227707,3,1
460,7,0.09776776656508446,4,1
461,7,0.11241790652275085,4,1
462,-50,0.1836745163053274,50,0
463,9,0.2562039941549301,2,1
464,10,0.24919866025447845,1,1
465,-11,0.26723138988018036,2,0
466,10,0.2310948669910431,1,1
467,10,0.08297257125377655,1,1
468,-14,0.18830197423696518,25,1
469,8,0.3996658722559611,3,1
470,10,0.14359667897224426,1,1
471,8,0.08906744420528412,3,1
472,-10,0.31406527757644653,1,0
473,-12,0.15025817851225534,3,0
474,-50,0.2002084780484438,50,0
475,-10,0.3454771339893341,1,0
476,-11,0.3450857698917389,2,0
477,-50,0.2090360152721405,50,0
478,-2,0.27484397017038786,13,1
479,-50,0.15264889631420375,50,0
480,-13,0.17284310422837734,4,0
481,10,0.5041959881782532,1,1
482,6,0.10841084197163582,5,1
483,10,0.020566096529364586,1,1
484,-10,0.42136260867118835,1,0
485,7,0.0748706990852952,4,1
486,9,0.3216788172721863,2,1
487,7,0.15437387861311436,4,1
488,9,0.06686317175626755,2,1
489,-50,0.1996331671997905,50,0
490,8,0.24661421527465185,3,1
491,-11,0.06913388147950172,2,0
492,5,0.3518119441966216,6,1
493,6,0.3014510616660118,5,1
494,-16,0.19867649993726186,7,0
495,8,0.2560436427593231,3,1
496,10,0.03158013895153999,1,1
497,-11,0.23654523864388466,2,0
498,10,0.6042158603668213,1,1
499,-50,0.186866504997015,50,0
500,10,0.184058278799057,1,1
501,10,0.23251166939735413,1,1
502,9,0.18037086725234985,2,1
503,9,0.3253029175102711,2,1
504,8,0.39914395411809284,3,1
505,10,0.18365564942359924,1,1
506,10,0.7602623105049133,1,1
507,-50,0.1514795295521617,50,0
508,7,0.13908056542277336,4,1
509,8,0.16257155189911524,3,1
510,10,0.5141085386276245,1,1
511,-50,0.20697346210479736,50,0
512,7,0.06164138577878475,4,1
513,-50,0.1595934785157442,50,0
514,9,0.08734557777643204,2,1
515,8,0.16004508485396704,3,1
516,8,0.03784475661814213,3,1
517,6,0.11468567550182343,5,1
518,9,0.05804638471454382,2,1
519,8,0.0493217296898365,3,1
520,7,0.050833087880164385,4,1
521,2,0.1719327720089091,9,1
522,8,0.2940698191523552,3,1
523,-12,0.2160937637090683,3,0
524,-50,0.17534792236983776,50,0
525,-10,0.06253698468208313,1,0
526,-10,0.09680858999490738,1,0
527,6,0.12133858427405357,5,1
528,-50,0.1802603205665946,50,0
529,9,0.23701422475278378,2,1
530,10,0.28708240389823914,1,1
531,10,0.08036186546087265,1,1
532,-11,0.16409601440483873,22,1
533,-10,0.10931263118982315,1,0
534,9,0.060855647549033165,2,1
535,8,0.29198377082745236,3,1
536,-32,0.21282146152022274,43,1
537,-10,0.07484324276447296,1,0
538,7,0.26199155137874186,4,1
539,-18,0.2963663712786189,29,1
540,8,0.2569022576014201,3,1
541,7,0.09914742596447468,4,1
542,-50,0.1703386429697275,50,0
543,-10,0.10108209401369095,1,0
544,-50,0.20945156425237654,50,0
545,9,0.06943808123469353,2,1
546,-35,0.21854728189013575,46,1
547,7,0.14697567373514175,4,1
548,10,0.6095612645149231,1,1
549,-50,0.2411236625164747,50,0
550,9,0.5071787238121033,2,1
551,10,0.15580925345420837,1,1
552,-35,0.23257648635088748,46,1
553,9,0.07827439159154892,2,1
554,9,0.07010652124881744,2,1
555,9,0.2176831029355526,2,1
556,10,0.4850894808769226,1,1
557,8,0.09396448886642854,3,1
558,10,0.05263098329305649,1,1
559,7,0.24494565464556217,4,1
560,8,0.5860112135608991,3,1
561,-12,0.23132911616045496,23,1
562,-50,0.24211613774299623,50,0
563,6,0.19975663721561432,5,1
564,9,0.28824009001255035,2,1
565,-50,0.22860509518533945,50,0
566,-50,0.25870712332427503,50,0
567,8,0.17482088009516397,3,1
568,8,0.05117193547387918,3,1
569,-50,0.2222303158789873,50,0
570,10,0.1149769127368927,1,1
571,-28,0.22981231196377522,39,1
572,-50,0.19234324216842652,50,0
573,-57,0.17136544276339313,48,0
574,10,0.12472902238368988,1,1
575,9,0.09454844333231449,2,1
576,9,0.20482361316680908,2,1
577,-50,0.15499020829796792,50,0
578,10,0.05628946051001549,1,1
579,7,0.14815953001379967,4,1
580,8,0.19127318263053894,3,1
581,9,0.6633192300796509,2,1
582,-50,0.18739701870828868,50,0
583,9,0.1278347373008728,2,1
584,7,0.09713449561968446,4,1
585,9,0.07721628434956074,2,1
586,9,0.08688485249876976,2,1
587,10,0.12327926605939865,1,1
588,10,0.35400450229644775,1,1
589,10,0.3331744372844696,1,1
590,9,0.09511854127049446,2,1
591,-16,0.13394220279795782,7,0
592,-22,0.1894588956179527,13,0
593,7,0.17093310598284006,4,1
594,7,0.2770793503150344,4,1
595,-50,0.2188907326757908,50,0
596,0,0.16541294160891662,11,1
597,-8,0.1211594758849395,19,1
598,-11,0.10683157667517662,2,0
599,9,0.14091160148382187,2,1
600,9,0.20811274275183678,2,1
601,-50,0.2039086788147688,50,0
602,-12,0.18332737808426222,3,0
603,7,0.29900534078478813,4,1
604,-12,0.2459983046612014,23,1
605,10,0.07596051692962646,1,1
606,9,0.19473030418157578,2,1
607,8,0.23726719121138254,3,1
608,7,0.23533479310572147,4,1
609,10,0.5233033895492554,1,1
610,10,0.1905164271593094,1,1
611,8,0.35146740078926086,3,1
612,9,0.13564574718475342,2,1
613,8,0.24153288205464682,3,1
614,7,0.3673852663487196,4,1
615,8,0.1849467655022939,3,1
616,-13,0.14456193894147873,4,0
617,-20,0.29097623750567436,11,0
618,-18,0.26305147620110675,29,1
619,-50,0.18630685664713384,50,0
620,6,0.1284957930445671,5,1
621,7,0.2440067119896412,4,1
622,5,0.13672212262948355,6,1
623,9,0.21017512679100037,2,1
624,-50,0.16659526124596596,50,0
625,9,0.11123843118548393,2,1
626,9,0.1279785893857479,2,1
627,-21,0.17338402871973813,32,1
628,-16,0.16021322707335153,27,1
629,-50,0.1479428569227457,50,0
630,8,0.3188682049512863,3,1
631,9,0.476305827498436,2,1
632,-26,0.11962241087766255,17,0
633,9,0.10689718648791313,2,1
634,7,0.11322793178260326,4,1
635,8,0.0943135420481364,3,1
636,10,0.0360044464468956,1,1
637,10,0.06119247153401375,1,1
638,-50,0.1392555373162031,50,0
639,8,0.04425952583551407,3,1
640,7,0.17413929384201765,4,1
641,8,0.13860185196002325,3,1
642,9,0.096732959151268,2,1
643,10,0.10345390439033508,1,1
644,9,0.06350180692970753,2,1
645,-3,0.12089983613363334,14,1
646,-11,0.15425241738557816,2,0
647,10,0.591810405254364,1,1
648,-50,0.1270590067282319,50,0
649,8,0.056105254838864006,3,1
650,8,0.12808563063542047,3,1
651,7,0.11346681322902441,4,1
652,10,0.12608730792999268,1,1
653,8,0.14502633611361185,3,1
654,-50,0.15776376232504843,50,0
655,-19,0.1185150396078825,30,1
656,9,0.2671322152018547,2,1
657,2,0.15801437157723638,9,1
658,-37,0.18001513311173767,48,1
659,-50,0.1377317839488387,50,0
660,-28,0.11872050362197976,19,0
661,7,0.26369069516658783,4,1
662,9,0.4307665675878525,2,1
663,6,0.3696674779057503,5,1
664,9,0.1307273767888546,2,1
665,-21,0.10430767515208572,32,1
666,4,0.0813701937773398,7,1
667,4,0.16187215835920402,7,1
668,9,0.22995612025260925,2,1
669,10,0.10544747859239578,1,1
670,8,0.09680955608685811,3,1
671,6,0.284327906370163,5,1
672,10,0.04168231785297394,1,1
673,9,0.10188987478613853,2,1
674,9,0.18314038962125778,2,1
675,8,0.08507493138313293,3,1
676,-11,0.1814168095588684,2,0
677,10,0.071034274995327,1,1
678,9,0.25861965119838715,2,1
679,9,0.048705218359827995,2,1
680,-10,0.6183068156242371,1,0
681,-17,0.17124502320906945,28,1
682,9,0.12373418360948563,2,1
683,-50,0.18761484518647195,50,0
684,10,0.2784816026687622,1,1
685,-39,0.18425570063292981,50,1
686,8,0.08414952456951141,3,1
687,7,0.19267572462558746,4,1
688,10,0.11329451203346252,1,1
689,10,0.04262593761086464,1,1
690,9,0.25583870708942413,2,1
691,9,0.30952632427215576,2,1
692,6,0.12022993713617325,5,1
693,9,0.08724159561097622,2,1
694,8,0.07668510948618253,3,1
695,7,0.20773949939757586,4,1
696,-18,0.15701627570750384,29,1
697,6,0.17085324004292488,5,1
698,8,0.1389770358800888,3,1
699,-50,0.11225720097310841,50,0
700,2,0.1931467056274414,9,1
701,-50,0.18768667444586754,50,0
702,9,0.12780626490712166,2,1
703,-11,0.043258219957351685,2,0
704,8,0.042000516007343926,3,1
705,-50,0.15632370388135314,50,0
706,6,0.18509102743119002,5,1
707,8,0.04194707485536734,3,1
708,8,0.1191179131468137,3,1
709,-10,0.3578922748565674,1,0
710,8,0.12246675789356232,3,1
711,-12,0.18198151331718848,23,1
712,-15,0.21690755577471393,26,1
713,9,0.3324020579457283,2,1
714,7,0.26407820358872414,4,1
715,-50,0.2244264230132103,50,0
716,-50,0.16338221767917274,50,0
717,10,0.06177230924367905,1,1
718,8,0.2938222587108612,3,1
719,10,0.10954856127500534,1,1
720,-12,0.18638869126637778,3,0
721,-37,0.1588187601106862,48,1
722,7,0.2245838511735201,4,1
723,-50,0.2341870005056262,50,0
724,10,0.20316468179225922,1,1
725,10,0.09013025462627411,1,1
726,7,0.2771603912115097,4,1
727,-50,0.23761456564068795,50,0
728,8,0.21246035397052765,3,1
729,5,0.25190327937404317,6,1
730,8,0.10000069191058476,3,1
731,-26,0.2082838566621413,37,1
732,10,0.020546168088912964,1,1
733,10,0.10487110912799835,1,1
734,7,0.3949987553060055,4,1
735,8,0.10586738089720409,3,1
736,10,0.09811590611934662,1,1
737,10,0.40369904041290283,1,1
738,8,0.29376476506392163,3,1
739,-10,0.2009422779083252,1,0
740,10,0.0630478709936142,1,1
741,-7,0.2103059771988127,18,1
742,8,0.1516396887600422,3,1
743,8,0.19336850941181183,3,1
744,9,0.137439439073205,2,1
745,-56,0.24721260598682343,47,0
746,10,0.45613986253738403,1,1
747,8,0.35445153216520947,3,1
748,5,0.36898288565377396,6,1
749,-8,0.2253686950394982,19,1
750,-50,0.1660273789614439,50,0
751,8,0.14424399534861246,3,1
752,9,0.502967894077301,2,1
753,-11,0.2248964634808627,22,1
754,8,0.09882171141604583,3,1
755,-11,0.0956457294523716,2,0
756,10,0.17268411815166473,1,1
757,9,0.3393447548151016,2,1
758,10,0.054484881460666656,1,1
759,4,0.15503638024841035,7,1
760,10,0.23504959046840668,1,1
761,9,0.20065470039844513,2,1
762,-13,0.1977326925843954,4,0
763,9,0.6081912815570831,2,1
764,10,0.16322830319404602,1,1
765,9,0.11334226280450821,2,1
766,9,0.4716629832983017,2,1
767,10,0.24753910303115845,1,1
768,-11,0.18096940964460373,2,0
769,8,0.21675172199805579,3,1
770,-50,0.24287141628563405,50,0
771,-11,0.3812888190150261,2,0
772,-20,0.3228520234265635,31,1
773,10,0.11013852059841156,1,1
774,-11,0.3494574725627899,2,0
775,-8,0.33439046085665103,19,1
776,7,0.42109981924295425,4,1
777,-50,0.2846010643988848,50,0
778,7,0.22114945203065872,4,1
779,10,0.40918970108032227,1,1
780,-11,0.1624978929758072,2,0
781,8,0.1809345707297325,3,1
782,8,0.3012925038735072,3,1
783,10,0.17149579524993896,1,1
784,-38,0.2805126792397992,29,0
785,10,0.1708759218454361,1,1
786,8,0.17248490949471793,3,1
787,6,0.21914763301610946,5,1
788,7,0.16318289563059807,4,1
789,5,0.3310351160665353,6,1
790,1,0.24306641668081283,10,1
791,-50,0.20714869059622287,50,0
792,-10,0.03921214118599892,1,0
793,9,0.10163475200533867,2,1
794,8,0.08866856247186661,3,1
795,-3,0.258134397278939,14,1
796,9,0.21288922429084778,2,1
797,-50,0.26394296646118165,50,0
798,-26,0.20413332279114163,17,0
799,-34,0.18596618101000786,25,0
800,10,0.07314494252204895,1,1
801,5,0.35769588500261307,6,1
802,10,0.19176407158374786,1,1
803,-50,0.24777521550655365,50,0
804,8,0.38539285957813263,3,1
805,6,0.18392611742019654,5,1
806,10,0.347112774848938,1,1
807,-50,0.23495452620089055,50,0
808,-10,0.14651042222976685,1,0
809,-14,0.18813177466392517,25,1
810,6,0.3731565624475479,5,1
811,8,0.2046025445063909,3,1
812,10,0.06819123774766922,1,1
813,6,0.12734262719750405,5,1
814,-4,0.1376165710389614,15,1
815,-17,0.1322864911385945,28,1
816,9,0.3387865945696831,2,1
817,-10,0.05216275900602341,1,0
818,8,0.16583063701788583,3,1
819,10,0.1379566341638565,1,1
820,7,0.07800909597426653,4,1
821,7,0.0876502487808466,4,1
822,9,0.05012507364153862,2,1
823,-11,0.3668692708015442,2,0
824,-10,0.13850277662277222,1,0
825,8,0.18511694173018137,3,1
826,-10,0.41296789050102234,1,0
827,10,0.06824240833520889,1,1
828,9,0.37482159584760666,2,1
829,10,0.03142378479242325,1,1
830,-50,0.22326824367046355,50,0
831,9,0.1507953479886055,2,1
832,8,0.21431640783945718,3,1
833,10,0.06308260560035706,1,1
834,8,0.2606840431690216,3,1
835,8,0.13619222740332285,3,1
836,6,0.10198980197310448,5,1
837,9,0.364806329831481,2,1
838,4,0.19652700956378663,7,1
839,-10,0.11285636574029922,1,0
840,-36,0.22753028088110558,47,1
841,6,0.07392965480685235,5,1
842,10,0.08856366574764252,1,1
843,8,0.06582395484050114,3,1
844,-50,0.17931096859276294,50,0
845,9,0.16524847596883774,2,1
846,6,0.18436597287654877,5,1
847,7,0.2584767583757639,4,1
848,-10,0.1362333476011242,21,1
849,-13,0.16838172357529402,4,0
850,9,0.3932235836982727,2,1
851,10,0.31018635630607605,1,1
852,8,0.12140897413094838,3,1
853,8,0.13225523630777994,3,1
854,-19,0.23916591194768747,30,1
855,6,0.11053305566310882,5,1
856,-10,0.7914763689041138,1,0
857,10,0.09116256237030029,1,1
858,7,0.10570974461734295,4,1
859,-50,0.21417665742337705,50,0
860,8,0.18152730042735735,3,1
861,7,0.17968444991856813,4,1
862,-19,0.14398502918581169,30,1
863,8,0.19907032574216524,3,1
864,-11,0.10797404497861862,2,0
865,10,0.2214270532131195,1,1
866,10,0.10676728188991547,1,1
867,9,0.054361578077077866,2,1
868,-24,0.3067553116629521,15,0
869,10,0.08084038645029068,1,1
870,4,0.1462970690003463,7,1
871,7,0.21651561558246613,4,1
872,-29,0.2476288853213191,40,1
873,-50,0.23631325792521238,50,0
874,9,0.28115396201610565,2,1
875,-43,0.18597804053741343,34,0
876,9,0.26490485668182373,2,1
877,8,0.14871965100367865,3,1
878,-10,0.10975025594234467,1,0
879,6,0.06555294319987297,5,1
880,9,0.07143997587263584,2,1
881,-58,0.15425427056544896,49,0
882,9,0.19109923392534256,2,1
883,7,0.15071985311806202,4,1
884,8,0.14864650617043176,3,1
885,9,0.09626255184412003,2,1
886,9,0.34694434329867363,2,1
887,9,0.33838535100221634,2,1
888,-50,0.19029660955071448,50,0
889,-50,0.27048717901110647,50,0
890,-55,0.20928628637414912,46,0
891,10,0.3959713876247406,1,1
892,9,0.16386734694242477,2,1
893,9,0.1333198994398117,2,1
894,-16,0.22711298752714087,27,1
895,8,0.16683466732501984,3,1
896,-10,0.13060399889945984,1,0
897,-43,0.2076411407221766,34,0
898,10,0.41602012515068054,1,1
899,-27,0.1958075952471087,38,1
900,8,0.30835696558157605,3,1
901,7,0.18870410835370421,4,1
902,-50,0.2880906641110778,50,0
903,-50,0.1998983184248209,50,0
904,9,0.6438521817326546,2,1
905,10,0.012716038152575493,1,1
906,8,0.22004497423768044,3,1
907,9,0.09777683718129992,2,1
908,10,0.25544002652168274,1,1
909,8,0.1253826543688774,3,1
910,9,0.4464283287525177,2,1
911,7,0.15377119556069374,4,1
912,10,0.39057981967926025,1,1
913,-10,0.15853136777877808,1,0
914,-28,0.1839903086805955,39,1
915,-50,0.1760779154393822,50,0
916,8,0.09343614429235458,3,1
917,8,0.04688528925180435,3,1
918,-10,0.3205396831035614,1,0
919,-5,0.25257166498340666,16,1
920,-11,0.21414713561534882,2,0
921,-20,0.20956359034584415,31,1
922,8,0.0767865851521492,3,1
923,6,0.41065952777862547,5,1
924,9,0.3050358071923256,2,1
925,-31,0.1986612496187999,42,1
926,8,0.08937888592481613,3,1
927,9,0.3110245019197464,2,1
928,9,0.24143557623028755,2,1
929,1,0.17870133370161057,10,1
930,9,0.2323214439675212,2,1
931,-12,0.321211243669192,3,0
932,-50,0.24974327307194472,50,0
933,7,0.08289813064038754,4,1
934,10,0.3400629162788391,1,1
935,-15,0.25782054433455837,26,1
936,10,0.16149133443832397,1,1
937,9,0.07502712681889534,2,1
938,10,0.33837828040122986,1,1
939,10,0.5294184684753418,1,1
940,7,0.20596922002732754,4,1
941,7,0.20241794735193253,4,1
942,5,0.25018651224672794,6,1
943,8,0.22502062718073526,3,1
944,8,0.45977580547332764,3,1
945,-10,0.11874303966760635,1,0
946,9,0.35739564895629883,2,1
947,10,0.332628458738327,1,1
948,10,0.15760165452957153,1,1
949,-11,0.12729354202747345,2,0
950,-10,0.04757329821586609,1,0
951,9,0.24727758765220642,2,1
952,9,0.08380639553070068,2,1
953,10,0.47702255845069885,1,1
954,9,0.260032020509243,2,1
955,-10,0.4084678292274475,1,0
956,8,0.2911568284034729,3,1
957,8,0.10616868237654369,3,1
958,6,0.23461424335837364,5,1
959,7,0.4495888468809426,4,1
960,9,0.18426690623164177,2,1
961,-12,0.09582868342598279,3,0
962,10,0.12086042761802673,1,1
963,9,0.15226005017757416,2,1
964,9,0.08284156769514084,2,1
965,-50,0.28838421232998374,50,0
966,7,0.3820514902472496,4,1
967,8,0.29680468142032623,3,1
968,10,0.5225539207458496,1,1
969,6,0.3148740231990814,5,1
970,8,0.21898923814296722,3,1
971,-11,0.056932615116238594,2,0
972,-50,0.248642780482769,50,0
973,7,0.29326350800693035,4,1
974,-50,0.24340622186660765,50,0
975,-10,0.30640339851379395,1,0
976,-11,0.31773814829913055,22,1
977,10,0.24171894788742065,1,1
978,10,0.0756966769695282,1,1
979,5,0.21405214567979178,6,1
980,8,0.15907105058431625,3,1
981,-31,0.24147313663905318,22,0
982,7,0.10329023003578186,4,1
983,8,0.145428866147995,3,1
984,8,0.28084006408850354,3,1
985,7,0.23363656550645828,4,1
986,10,0.11145199835300446,1,1
987,9,0.2652933970093727,2,1
988,-17,0.18621019486870086,28,1
989,9,0.37830647826194763,2,1
990,9,0.12920105457305908,2,1
991,10,0.16737492382526398,1,1
992,-12,0.11608687043190002,3,0
993,-10,0.36615532636642456,1,0
994,-11,0.22268293052911758,2,0
995,-10,0.22887638211250305,1,0
996,-50,0.18763756178319455,50,0
997,10,0.14681579172611237,1,1
998,-50,0.24432031601667403,50,0
999,9,0.6053528189659119,2,1
1000,9,0.25480683892965317,2,1
1,-12,0.40118075410525006,3,0
2,7,0.17459961026906967,4,1
3,10,0.048081811517477036,1,1
4,0,0.21561036326668478,11,1
5,10,0.20982114970684052,1,1
6,-6,0.2225946034578716,17,1
7,-12,0.20032179906316425,23,1
8,7,0.17581552639603615,4,1
9,10,0.12136375904083252,1,1
10,9,0.19330281764268875,2,1
11,8,0.21997014184792837,3,1
12,8,0.07865384966135025,3,1
13,7,0.17434022203087807,4,1
14,8,0.23324322948853174,3,1
15,9,0.4620610289275646,2,1
16,-50,0.20870680812746287,50,0
17,7,0.08547740057110786,4,1
18,5,0.17059637109438577,6,1
19,10,0.2311626672744751,1,1
20,8,0.2681811675429344,3,1
21,-50,0.1898561368882656,50,0
22,8,0.17009392380714417,3,1
23,8,0.15439177552858988,3,1
24,6,0.20263398811221123,5,1
25,10,0.20363794267177582,1,1
26,-2,0.22334724091566527,13,1
27,9,0.18267547711730003,2,1
28,-35,0.20292503386735916,26,0
29,6,0.27378733456134796,5,1
30,10,0.06568548083305359,1,1
31,8,0.14344830314318338,3,1
32,9,0.3014441542327404,2,1
33,7,0.3206254541873932,4,1
34,-12,0.17974373536265414,23,1
35,-46,0.23888264586393898,37,0
36,-8,0.18185652537565483,19,1
37,7,0.37905536219477654,4,1
38,-50,0.1958444359526038,50,0
39,-50,0.17698241427540778,50,0
40,8,0.09221949179967244,3,1
41,-13,0.18836056534200907,4,0
42,8,0.15324640274047852,3,1
43,10,0.12168586999177933,1,1
44,8,0.08924917131662369,3,1
45,1,0.17170314192771913,10,1
46,9,0.05163266509771347,2,1
47,8,0.11708548913399379,3,1
48,6,0.28409120738506316,5,1
49,9,0.07301782444119453,2,1
50,-13,0.2731411699205637,4,0
51,10,0.4363679587841034,1,1
52,0,0.2119630893523043,11,1
53,8,0.24050337572892508,3,1
54,8,0.4229768067598343,3,1
55,9,0.1670130267739296,2,1
56,7,0.08687425032258034,4,1
57,-50,0.2139301109313965,50,0
58,-10,0.1963048479741528,21,1
59,8,0.13266704728206,3,1
60,7,0.06782414065673947,4,1
61,6,0.2547925263643265,5,1
62,10,0.04577493667602539,1,1
63,-10,0.06756464391946793,1,0
64,8,0.29960866024096805,3,1
65,10,0.6426877379417419,1,1
66,9,0.10360615700483322,2,1
67,-50,0.17737448699772357,50,0
68,-15,0.14041747174297387,26,1
69,6,0.23600055724382402,5,1
70,8,0.20034207155307135,3,1
71,-50,0.1575209734402597,50,0
72,-31,0.2285026510556539,42,1
73,-49,0.14888657159171997,40,0
74,7,0.09041500650346279,4,1
75,9,0.08349846303462982,2,1
76,-12,0.1561382540056239,23,1
77,8,0.19529211024443308,3,1
78,-52,0.12205093172053959,43,0
79,9,0.09354911185801029,2,1
80,9,0.2600855194032192,2,1
81,-31,0.16446640322517073,42,1
82,9,0.18314072489738464,2,1
83,8,0.11451804886261623,3,1
84,10,0.16877776384353638,1,1
85,10,0.0921069085597992,1,1
86,6,0.0784586975350976,5,1
87,-50,0.18723541095852853,50,0
88,7,0.23963119462132454,4,1
89,7,0.10477189719676971,4,1
90,9,0.0740007534623146,2,1
91,-50,0.15208504110574722,50,0
92,8,0.06887012968460719,3,1
93,7,0.3621592978015542,4,1
94,-24,0.1504874530115298,35,1
95,-11,0.15965061634778976,2,0
96,7,0.10166122578084469,4,1
97,7,0.10139433154836297,4,1
98,9,0.4515402764081955,2,1
99,5,0.13728753756731749,6,1
100,5,0.14503319561481476,6,1
101,9,0.04985483177006245,2,1
102,8,0.12159926320115726,3,1
103,9,0.15562500059604645,2,1
104,10,0.4709186553955078,1,1
105,8,0.12401847044626872,3,1
106,-12,0.20132505181043045,23,1
107,10,0.35517603158950806,1,1
108,9,0.09323300048708916,2,1
109,9,0.11266433447599411,2,1
110,10,0.12483604997396469,1,1
111,7,0.4069736897945404,4,1
112,8,0.08376152130464713,3,1
113,-15,0.26964987047876304,26,1
114,7,0.0975431278347969,4,1
115,9,0.19110311567783356,2,1
116,8,0.1301288977265358,3,1
117,6,0.24060483723878862,5,1
118,10,0.11239254474639893,1,1
119,-50,0.19281070750206708,50,0
120,9,0.06623946875333786,2,1
121,-11,0.16347497515380383,2,0
122,-50,0.2074325330555439,50,0
123,7,0.10825198423117399,4,1
124,9,0.24026993662118912,2,1
125,-13,0.23620461858808994,24,1
126,3,0.26972705870866776,8,1
127,7,0.19695080537348986,4,1
128,8,0.20449978113174438,3,1
129,9,0.4575318917632103,2,1
130,8,0.1322462111711502,3,1
131,6,0.3411271143704653,5,1
132,9,0.3217722848057747,2,1
133,8,0.1937746504942576,3,1
134,8,0.07788186023632686,3,1
135,-50,0.2903333891928196,50,0
136,10,0.17899177968502045,1,1
137,10,0.14692701399326324,1,1
138,9,0.39327727258205414,2,1
139,8,0.18958751360575357,3,1
140,10,0.045721784234046936,1,1
141,-10,0.10547485947608948,1,0
142,10,0.0737750455737114,1,1
143,-50,0.16930640898644925,50,0
144,8,0.44293774167696637,3,1
145,10,0.2212265431880951,1,1
146,-13,0.1482335552573204,4,0
147,10,0.21716727316379547,1,1
148,10,0.07322420179843903,1,1
149,-50,0.24985464878380298,50,0
150,-50,0.20387828566133975,50,0
151,9,0.32370175421237946,2,1
152,6,0.17698146998882294,5,1
153,7,0.18147564958781004,4,1
154,10,0.16132614016532898,1,1
155,7,0.22776712849736214,4,1
156,8,0.1415273273984591,3,1
157,-10,0.418385773897171,1,0
158,10,0.6259306073188782,1,1
159,10,0.10100977122783661,1,1
160,-50,0.1749417606368661,50,0
161,-11,0.2722384687513113,2,0
162,-10,0.1107848733663559,1,0
163,9,0.10139717906713486,2,1
164,8,0.2986237083872159,3,1
165,10,0.10818184912204742,1,1
166,-37,0.20902709430083632,48,1
167,10,0.169938862323761,1,1
168,7,0.19851243309676647,4,1
169,9,0.10024914517998695,2,1
170,-12,0.13634206106265387,3,0
171,6,0.37048004791140554,5,1
172,6,0.16631028950214385,5,1
173,9,0.07705801725387573,2,1
174,10,0.12519796192646027,1,1
175,7,0.1233312925323844,4,1
176,-18,0.2287972373566751,29,1
177,10,0.15432630479335785,1,1
178,6,0.19691720530390738,5,1
179,7,0.24250243790447712,4,1
180,10,0.43281036615371704,1,1
181,-50,0.19074232786893844,50,0
182,10,0.09129644185304642,1,1
183,9,0.09137246757745743,2,1
184,9,0.20500952750444412,2,1
185,-13,0.15179134532809258,4,0
186,10,0.130447119474411,1,1
187,-50,0.20700790233910082,50,0
188,-10,0.1566758155822754,1,0
189,-10,0.2189448122822103,21,1
190,8,0.2396832009156545,3,1
191,7,0.11091849580407143,4,1
192,8,0.12580372393131256,3,1
193,9,0.3205098956823349,2,1
194,8,0.2031338314215342,3,1
195,-50,0.1781059954315424,50,0
196,10,0.42019668221473694,1,1
197,8,0.1895936280488968,3,1
198,-50,0.183248380869627,50,0
199,9,0.4537768065929413,2,1
200,9,0.19874682277441025,2,1
201,6,0.21808649152517318,5,1
202,-50,0.1493422394618392,50,0
203,9,0.2671808674931526,2,1
204,-39,0.15448505915701388,50,1
205,10,0.1128992885351181,1,1
206,10,0.2765713930130005,1,1
207,10,0.08996380865573883,1,1
208,8,0.3132823904355367,3,1
209,10,0.11726561188697815,1,1
210,9,0.2150885984301567,2,1
211,9,0.06841553933918476,2,1
212,-50,0.14681865029037,50,0
213,9,0.28097520768642426,2,1
214,9,0.1333531178534031,2,1
215,8,0.0946439156929652,3,1
216,9,0.18461473286151886,2,1
217,9,0.23871205374598503,2,1
218,-16,0.17703641288810307,27,1
219,10,0.10724829882383347,1,1
220,6,0.11472436487674713,5,1
221,5,0.20175012946128845,6,1
222,8,0.07775045186281204,3,1
223,8,0.06892377883195877,3,1
224,8,0.18869387855132422,3,1
225,-7,0.17722012164692083,18,1
226,9,0.05336727388203144,2,1
227,6,0.19099411964416504,5,1
228,-14,0.14968533769249917,25,1
229,8,0.15193411707878113,3,1
230,-10,0.1691093146800995,1,0
231,7,0.2408243389800191,4,1
232,-46,0.15031018259154783,37,0
233,9,0.13048511557281017,2,1
234,8,0.10507570579648018,3,1
235,8,0.22454888125260672,3,1
236,-20,0.14852901412682099,11,0
237,10,0.10394757241010666,1,1
238,9,0.1610565111041069,2,1
239,-10,0.1110018611486469,21,1
240,7,0.15395625680685043,4,1
241,6,0.19443100914359093,5,1
242,-50,0.13673798613250254,50,0
243,10,0.10374192893505096,1,1
244,8,0.2546874980131785,3,1
245,8,0.0736281971136729,3,1
246,10,0.0812729001045227,1,1
247,10,0.19525553286075592,1,1
248,8,0.08206913620233536,3,1
249,10,0.05217050388455391,1,1
250,10,0.19457729160785675,1,1
251,10,0.06507200747728348,1,1
252,10,0.05179772526025772,1,1
253,10,0.13451258838176727,1,1
254,10,0.22096803784370422,1,1
255,6,0.1336486257612705,5,1
256,9,0.06572606600821018,2,1
257,10,0.03859347850084305,1,1
258,5,0.07994941746195157,6,1
259,8,0.05243285993734995,3,1
260,10,0.01821262389421463,1,1
261,10,0.08530198037624359,1,1
262,-10,0.06334686279296875,1,0
263,10,0.04334640130400658,1,1
264,8,0.2430640384554863,3,1
265,-9,0.1583210552111268,20,1
266,-17,0.1755352360861642,28,1
267,-50,0.15128307677805425,50,0
268,8,0.22596759100755057,3,1
269,10,0.016351493075489998,1,1
270,8,0.09999736895163854,3,1
271,-28,0.11545337722278558,39,1
272,-29,0.10577961031813174,40,1
273,9,0.11252237856388092,2,1
274,-12,0.11997563764452934,3,0
275,-28,0.11969358096711147,39,1
276,9,0.11760818213224411,2,1
277,5,0.05612680874764919,6,1
278,9,0.08929422870278358,2,1
279,4,0.07667656508939606,7,1
280,9,0.09249124303460121,2,1
281,10,0.040384139865636826,1,1
282,8,0.10091152290503184,3,1
283,-6,0.1087674181908369,17,1
284,8,0.11528888593117396,3,1
285,9,0.08070026338100433,2,1
286,10,0.09494011849164963,1,1
287,9,0.11292179673910141,2,1
288,9,0.1607431322336197,2,1
289,-16,0.14199386202488784,27,1
290,5,0.24999668635427952,6,1
291,-10,0.042159661650657654,1,0
292,7,0.06963320588693023,4,1
293,10,0.17548832297325134,1,1
294,8,0.08990687504410744,3,1
295,9,0.04742751270532608,2,1
296,-50,0.11562390834093093,50,0
297,7,0.17201277613639832,4,1
298,8,0.10525675863027573,3,1
299,8,0.20332693308591843,3,1
300,10,0.1155281588435173,1,1
301,7,0.14664851874113083,4,1
302,8,0.08052501082420349,3,1
303,9,0.042342713102698326,2,1
304,-10,0.0199940986931324,1,0
305,9,0.08164630830287933,2,1
306,6,0.20073646157979966,5,1
307,9,0.0594461802393198,2,1
308,8,0.18040250738461813,3,1
309,10,0.09759741276502609,1,1
310,-10,0.15223437547683716,1,0
311,7,0.110430839471519,4,1
312,9,0.11372348666191101,2,1
313,9,0.08403199724853039,2,1
314,10,0.01415012776851654,1,1
315,-50,0.18113172348588705,50,0
316,-50,0.15173793328925966,50,0
317,7,0.04550447501242161,4,1
318,-50,0.1351673958171159,50,0
319,10,0.06222163885831833,1,1
320,-50,0.15393123660236596,50,0
321,7,0.08349229372106493,4,1
322,8,0.24497506270805994,3,1
323,9,0.1324228011071682,2,1
324,9,0.38287170231342316,2,1
325,8,0.3559997131427129,3,1
326,8,0.22585830092430115,3,1
327,9,0.035298739559948444,2,1
328,-19,0.10235293619334698,10,0
329,-59,0.13774599187076092,50,0
330,10,0.013335916213691235,1,1
331,8,0.046042569912970066,3,1
332,10,0.07516435533761978,1,1
333,10,0.05885292589664459,1,1
334,-22,0.21112386782008868,13,0
335,0,0.2547211789272048,11,1
336,8,0.2346175859371821,3,1
337,9,0.15348786115646362,2,1
338,4,0.24194689095020294,7,1
339,9,0.12185709178447723,2,1
340,8,0.2716436634461085,3,1
341,-12,0.2247445210814476,23,1
342,7,0.17061888799071312,4,1
343,9,0.1250299997627735,2,1
344,10,0.18979965150356293,1,1
345,8,0.19152899210651717,3,1
346,10,0.11647305637598038,1,1
347,10,0.5806902050971985,1,1
348,7,0.15509216859936714,4,1
349,9,0.06925228983163834,2,1
350,10,0.10582531243562698,1,1
351,8,0.19384576628605524,3,1
352,10,0.5030956268310547,1,1
353,9,0.17149553447961807,2,1
354,-3,0.16407620507691587,14,1
355,8,0.1446430484453837,3,1
356,-50,0.171785720102489,50,0
357,-19,0.1788717070283989,30,1
358,6,0.1551570400595665,5,1
359,-50,0.22369345612823963,50,0
360,9,0.13857105374336243,2,1
361,7,0.09870416298508644,4,1
362,8,0.07723649591207504,3,1
363,7,0.16747420839965343,4,1
364,-37,0.13467786608574292,48,1
365,9,0.09057052992284298,2,1
366,10,0.09942640364170074,1,1
367,10,0.09362009167671204,1,1
368,-12,0.19614566614230475,3,0
369,5,0.261801569412152,6,1
370,-5,0.22722913813777268,16,1
371,9,0.10390335693955421,2,1
372,7,0.20106298197060823,4,1
373,-50,0.18200694166123868,50,0
374,8,0.16306569427251816,3,1
375,-33,0.2119234437969598,44,1
376,7,0.23618202470242977,4,1
377,9,0.1547025479376316,2,1
378,7,0.18306263349950314,4,1
379,-14,0.22039717733860015,5,0
380,-11,0.1762016862630844,2,0
381,10,0.0661967322230339,1,1
382,5,0.1741926542793711,6,1
383,8,0.1651486704746882,3,1
384,10,0.12487304210662842,1,1
385,8,0.12189555913209915,3,1
386,-18,0.1819308795805635,29,1
387,-50,0.1853953230381012,50,0
388,9,0.23659031093120575,2,1
389,8,0.20400416602691016,3,1
390,8,0.19374123215675354,3,1
391,9,0.2524719685316086,2,1
392,10,0.06663774698972702,1,1
393,-50,0.22486328206956385,50,0
394,7,0.22110678255558014,4,1
395,7,0.21259663254022598,4,1
396,10,0.07716207206249237,1,1
397,-50,0.1794907882809639,50,0
398,9,0.0930432677268982,2,1
399,9,0.3710945397615433,2,1
400,5,0.1288006411244472,6,1
401,7,0.16327317617833614,4,1
402,8,0.2061179131269455,3,1
403,-50,0.17396659724414348,50,0
404,-30,0.2056937690188245,41,1
405,9,0.15754497796297073,2,1
406,-50,0.19192600548267363,50,0
407,9,0.06945734657347202,2,1
408,7,0.2370559573173523,4,1
409,-12,0.18577103770297507,23,1
410,10,0.20135712623596191,1,1
411,8,0.14435317367315292,3,1
412,10,0.1881677508354187,1,1
413,7,0.09790680278092623,4,1
414,10,0.04695049673318863,1,1
415,9,0.13970326632261276,2,1
416,8,0.17122613017757735,3,1
417,10,0.11366145312786102,1,1
418,5,0.1987114461759726,6,1
419,-50,0.16472492918372153,50,0
420,10,0.19126614928245544,1,1
421,-11,0.19948726892471313,2,0
422,-21,0.16895263537298888,32,1
423,9,0.09985917061567307,2,1
424,-12,0.10928788284460704,3,0
425,10,0.06922408938407898,1,1
426,9,0.12719915062189102,2,1
427,8,0.12669813384612402,3,1
428,6,0.12078954875469208,5,1
429,7,0.3891404764726758,4,1
430,-18,0.16916907822777486,29,1
431,-13,0.10671019181609154,4,0
432,10,0.08097980916500092,1,1
433,6,0.3376985013484955,5,1
434,-50,0.20457494482398034,50,0
435,-36,0.13569381531882793,47,1
436,8,0.10627605269352595,3,1
437,7,0.22978983633220196,4,1
438,9,0.14197229593992233,2,1
439,7,0.09924375731498003,4,1
440,9,0.10443662106990814,2,1
441,-50,0.16981734223663808,50,0
442,-14,0.12233546294271946,25,1
443,8,0.25912762184937793,3,1
444,-5,0.16633996681775898,16,1
445,7,0.20528757944703102,4,1
446,8,0.17059540748596191,3,1
447,3,0.08128216117620468,8,1
448,8,0.17845414082209268,3,1
449,5,0.17543346683184305,6,1
450,-17,0.16240941367245146,28,1
451,9,0.16490056365728378,2,1
452,10,0.11022330820560455,1,1
453,6,0.12835352793335914,5,1
454,-11,0.1161298467354341,22,1
455,-1,0.14449605019763112,12,1
456,9,0.08033689111471176,2,1
457,5,0.1370256965359052,6,1
458,-12,0.2135461469491323,3,0
459,7,0.1927703870460391,4,1
460,10,0.062188562005758286,1,1
461,-50,0.14307951577007771,50,0
462,-50,0.14821492325514554,50,0
463,6,0.08197326064109803,5,1
464,10,0.12520407140254974,1,1
465,-11,0.11206843331456184,2,0
466,7,0.1257770825177431,4,1
467,-10,0.15865130722522736,1,0
468,10,0.06961740553379059,1,1
469,-12,0.0794752947986126,3,0
470,-50,0.12804463528096677,50,0
471,9,0.34356439858675003,2,1
472,9,0.19745218008756638,2,1
473,-11,0.08234751969575882,2,0
474,10,0.1212041825056076,1,1
475,6,0.10775952823460103,5,1
476,9,0.092104721814394,2,1
477,9,0.13876638002693653,2,1
478,-50,0.1257464132644236,50,0
479,10,0.09515393525362015,1,1
480,-56,0.1942248348780769,47,0
481,-17,0.10365215998276003,28,1
482,-50,0.1785146463662386,50,0
483,-22,0.20833172897497812,33,1
484,-25,0.16622259747236967,36,1
485,6,0.13597552999854087,5,1
486,-11,0.16012299805879593,2,0
487,-50,0.20029552564024924,50,0
488,-50,0.14610041312873365,50,0
489,6,0.10609093308448792,5,1
490,-53,0.1471874788403511,44,0
491,10,0.28815001249313354,1,1
492,10,0.2308472990989685,1,1
493,10,0.26351290941238403,1,1
494,10,0.12381501495838165,1,1
495,6,0.16847649067640305,5,1
496,10,0.24514612555503845,1,1
497,9,0.1020304523408413,2,1
498,10,0.1019517108798027,1,1
499,9,0.40588467940688133,2,1
500,-50,0.1733327353000641,50,0
501,8,0.15856664876143137,3,1
502,10,0.033111054450273514,1,1
503,8,0.12507279589772224,3,1
504,9,0.32871778309345245,2,1
505,-50,0.19009234059602023,50,0
506,-50,0.17750395841896535,50,0
507,7,0.22490116022527218,4,1
508,6,0.13887452185153962,5,1
509,7,0.10574936307966709,4,1
510,-50,0.1731210095435381,50,0
511,10,0.07777179777622223,1,1
512,-11,0.021566973999142647,2,0
513,9,0.05870289448648691,2,1
514,-11,0.26697976514697075,2,0
515,6,0.10198801457881927,5,1
516,8,0.13918262223402658,3,1
517,10,0.20084986090660095,1,1
518,7,0.08830248098820448,4,1
519,-11,0.12431009858846664,2,0
520,10,0.3538425862789154,1,1
521,-50,0.23128203097730876,50,0
522,10,0.17658323049545288,1,1
523,-50,0.2339103138819337,50,0
524,5,0.1844932623207569,6,1
525,-8,0.21951348628652723,19,1
526,10,0.030688440427184105,1,1
527,9,0.17533430457115173,2,1
528,5,0.18552243957916895,6,1
529,8,0.09481686602036159,3,1
530,10,0.29313215613365173,1,1
531,-50,0.19304586339741944,50,0
532,9,0.17796297743916512,2,1
533,8,0.2996913144985835,3,1
534,-50,0.147822282910347,50,0
535,9,0.3378447964787483,2,1
536,10,0.3847193717956543,1,1
537,1,0.11404397897422314,10,1
538,8,0.3057561827202638,3,1
539,-26,0.15145269957547253,37,1
540,7,0.12303104810416698,4,1
541,-24,0.15003508584839956,35,1
542,-10,0.3210402727127075,1,0
543,9,0.31687717884778976,2,1
544,-13,0.2712013409473002,24,1
545,10,0.055631738156080246,1,1
546,8,0.11398009831706683,3,1
547,9,0.06965438090264797,2,1
548,10,0.06330550462007523,1,1
549,6,0.0449979018419981,5,1
550,9,0.05825719237327576,2,1
551,9,0.17434461414813995,2,1
552,5,0.10712723806500435,6,1
553,10,0.24711821973323822,1,1
554,10,0.225005641579628,1,1
555,-4,0.20350913256406783,15,1
556,7,0.07423747889697552,4,1
557,9,0.2182765007019043,2,1
558,5,0.22968854134281477,6,1
559,10,0.23320399224758148,1,1
560,6,0.11946762725710869,5,1
561,-50,0.1887115151807666,50,0
562,7,0.12486426811665297,4,1
563,10,0.3354795277118683,1,1
564,6,0.2802887439727783,5,1
565,9,0.2030191496014595,2,1
566,10,0.10121473670005798,1,1
567,7,0.100186413154006,4,1
568,9,0.07249852642416954,2,1
569,9,0.0865755993872881,2,1
570,9,0.1721756663173437,2,1
571,10,0.07659957557916641,1,1
572,9,0.17858681082725525,2,1
573,6,0.11498304530978203,5,1
574,6,0.19355515912175178,5,1
575,9,0.07672588154673576,2,1
576,8,0.0766436184446017,3,1
577,-16,0.15435837968080132,27,1
578,-12,0.19848823050657907,3,0
579,9,0.3287005126476288,2,1
580,10,0.0844690352678299,1,1
581,10,0.12795834243297577,1,1
582,9,0.14976287633180618,2,1
583,7,0.14807425439357758,4,1
584,9,0.13084150850772858,2,1
585,-11,0.2955412268638611,2,0
586,8,0.2016569823026657,3,1
587,-10,0.23542943596839905,1,0
588,8,0.16221767663955688,3,1
589,8,0.2244331662853559,3,1
590,8,0.22519489377737045,3,1
591,10,0.032266709953546524,1,1
592,8,0.24379811684290567,3,1
593,10,0.08907763659954071,1,1
594,-50,0.20089776556938888,50,0
595,9,0.1320613957941532,2,1
596,4,0.1785124811742987,7,1
597,8,0.1843644082546234,3,1
598,7,0.10079166293144226,4,1
599,-11,0.27736642211675644,2,0
600,8,0.1711761156717936,3,1
601,7,0.15487860888242722,4,1
602,8,0.3234608868757884,3,1
603,8,0.2464555948972702,3,1
604,8,0.1058384378751119,3,1
605,4,0.10316947741167885,7,1
606,7,0.13681122660636902,4,1
607,8,0.23524155219395956,3,1
608,7,0.3939981311559677,4,1
609,-50,0.2573613665252924,50,0
610,8,0.14891297121842703,3,1
611,8,0.10918348903457324,3,1
612,7,0.2171751633286476,4,1
613,7,0.1634664162993431,4,1
614,-37,0.17398135065256307,48,1
615,10,0.11206187307834625,1,1
616,-50,0.11305814616382122,50,0
617,-10,0.15008637309074402,1,0
618,9,0.2860667034983635,2,1
619,8,0.14658214648564658,3,1
620,7,0.21384946256875992,4,1
621,10,0.136018306016922,1,1
622,8,0.24106809496879578,3,1
623,-13,0.22664975747466087,4,0
624,6,0.1676390990614891,5,1
625,8,0.16791445016860962,3,1
626,-11,0.12909941375255585,2,0
627,-10,0.8219190835952759,1,0
628,6,0.11700718253850936,5,1
629,6,0.15064387768507004,5,1
630,9,0.2987183853983879,2,1
631,-50,0.20946038328111172,50,0
632,9,0.08066193014383316,2,1
633,10,0.06916486471891403,1,1
634,10,0.2040599286556244,1,1
635,7,0.33623181656003,4,1
636,8,0.10633932799100876,3,1
637,10,0.3028416633605957,1,1
638,8,0.20413376887639365,3,1
639,8,0.4410328020652135,3,1
640,8,0.1465499848127365,3,1
641,10,0.3307355046272278,1,1
642,8,0.09802197168270747,3,1
643,9,0.1455201804637909,2,1
644,-15,0.12727771842708954,26,1
645,-45,0.20530772488564253,36,0
646,8,0.14249121149381003,3,1
647,-13,0.10905720852315426,4,0
648,-10,0.06509340554475784,1,0
649,9,0.1024642251431942,2,1
650,8,0.08072179555892944,3,1
651,10,0.14013752341270447,1,1
652,-25,0.19810897753470474,36,1
653,8,0.10585143665472667,3,1
654,8,0.16085057705640793,3,1
655,-28,0.156099623021407,39,1
656,9,0.3683033287525177,2,1
657,-10,0.10467686504125595,1,0
658,10,0.5259182453155518,1,1
659,0,0.0788039697164839,11,1
660,8,0.18148869524399439,3,1
661,8,0.089900441467762,3,1
662,10,0.08898549526929855,1,1
663,-50,0.21146291460841893,50,0
664,9,0.2881055474281311,2,1
665,-8,0.10004184532322381,19,1
666,9,0.11479063332080841,2,1
667,9,0.08339835330843925,2,1
668,9,0.09640038013458252,2,1
669,10,0.06086231768131256,1,1
670,8,0.23517975211143494,3,1
671,-10,0.065091073513031,1,0
672,9,0.1994466632604599,2,1
673,9,0.09402642771601677,2,1
674,9,0.07360636256635189,2,1
675,-34,0.14028577603399753,25,0
676,8,0.08937895546356837,3,1
677,-32,0.14246418517689372,43,1
678,8,0.23557418088118234,3,1
679,7,0.1921737678349018,4,1
680,8,0.09831109022100766,3,1
681,-10,0.10010956227779388,1,0
682,-50,0.178333784583956,50,0
683,-8,0.1468189515565571,19,1
684,7,0.05637460947036743,4,1
685,-16,0.1428701436078107,27,1
686,10,0.1271132528781891,1,1
687,10,0.5733500719070435,1,1
688,9,0.26258470863103867,2,1
689,10,0.11208494752645493,1,1
690,4,0.0996780733444861,7,1
691,-5,0.16033038694877177,16,1
692,9,0.14284176379442215,2,1
693,-10,0.05139496922492981,1,0
694,10,0.14407995343208313,1,1
695,10,0.17973637580871582,1,1
696,9,0.26910724490880966,2,1
697,-50,0.09967579640448093,50,0
698,9,0.053768621757626534,2,1
699,6,0.2281245194375515,5,1
700,9,0.07676174491643906,2,1
701,6,0.08063679300248623,5,1
702,-50,0.13033686589449645,50,0
703,-12,0.08455709740519524,3,0
704,10,0.13568612933158875,1,1
705,10,0.0207119919359684,1,1
706,-13,0.040905111469328403,4,0
707,8,0.2370994289716085,3,1
708,9,0.11411634460091591,2,1
709,6,0.10001631863415242,5,1
710,9,0.07283840887248516,2,1
711,8,0.1898886151611805,3,1
712,-11,0.10498037561774254,2,0
713,-50,0.153248985465616,50,0
714,9,0.3603576645255089,2,1
715,8,0.42191235224405926,3,1
716,-12,0.09699896598855655,3,0
717,8,0.2505491276582082,3,1
718,7,0.05934154335409403,4,1
719,6,0.10227873064577579,5,1
720,7,0.0798431308940053,4,1
721,10,0.2743185758590698,1,1
722,-50,0.21611055560410022,50,0
723,-25,0.20676654978241357,36,1
724,9,0.09901230037212372,2,1
725,6,0.1990388736128807,5,1
726,10,0.4886774718761444,1,1
727,-50,0.1526186829805374,50,0
728,10,0.10922447592020035,1,1
729,8,0.42067141830921173,3,1
730,9,0.21261148899793625,2,1
731,7,0.1795560084283352,4,1
732,6,0.20000438690185546,5,1
733,-50,0.1799968723580241,50,0
734,-11,0.060207050293684006,2,0
735,10,0.21234890818595886,1,1
736,-9,0.16900994926691054,20,1
737,-50,0.16766909891739487,50,0
738,8,0.1629019727309545,3,1
739,10,0.4187970757484436,1,1
740,8,0.28688635925451916,3,1
741,9,0.1295434795320034,2,1
742,7,0.11724163219332695,4,1
743,8,0.3534587075312932,3,1
744,9,0.26613494381308556,2,1
745,10,0.06014819070696831,1,1
746,8,0.06400055686632793,3,1
747,9,0.09142758138477802,2,1
748,4,0.3244575001299381,7,1
749,6,0.23506893552839755,5,1
750,9,0.07773665152490139,2,1
751,7,0.3607358783483505,4,1
752,-50,0.25546875678002834,50,0
753,8,0.241277943054835,3,1
754,10,0.11427655071020126,1,1
755,9,0.18773064389824867,2,1
756,-50,0.14790918510407208,50,0
757,9,0.17684268206357956,2,1
758,7,0.33136558160185814,4,1
759,-4,0.17513017455736796,15,1
760,-50,0.2173710686340928,50,0
761,-50,0.1922430159151554,50,0
762,10,0.05377056449651718,1,1
763,8,0.10398354381322861,3,1
764,5,0.1469108648598194,6,1
765,9,0.12269055098295212,2,1
766,7,0.23100516572594643,4,1
767,9,0.13994207605719566,2,1
768,-10,0.21413154900074005,1,0
769,8,0.24242141097784042,3,1
770,9,0.03975326009094715,2,1
771,-39,0.2435212828218937,30,0
772,10,0.5654333233833313,1,1
773,9,0.42375602573156357,2,1
774,-3,0.23293792190296309,14,1
775,10,0.08729641884565353,1,1
776,-50,0.19618022084236145,50,0
777,7,0.1365355709567666,4,1
778,8,0.3979122042655945,3,1
779,-12,0.17273613211253416,23,1
780,10,0.1529257595539093,1,1
781,-50,0.2180825461447239,50,0
782,8,0.42668451368808746,3,1
783,6,0.21197155267000198,5,1
784,10,0.10164579749107361,1,1
785,-31,0.29112023186115993,42,1
786,6,0.3166504889726639,5,1
787,7,0.11000047251582146,4,1
788,-2,0.18796399493630117,13,1
789,-10,0.04472032189369202,1,0
790,-10,0.18625414371490479,1,0
791,7,0.2892621699720621,4,1
792,6,0.23976294100284576,5,1
793,8,0.3452146997054418,3,1
794,8,0.3749203582604726,3,1
795,10,0.13283905386924744,1,1
796,10,0.08863946795463562,1,1
797,9,0.19319255650043488,2,1
798,10,0.08553061634302139,1,1
799,9,0.19540275633335114,2,1
800,9,0.06783543527126312,2,1
801,8,0.2027470072110494,3,1
802,-6,0.19297508632435517,17,1
803,7,0.07328006997704506,4,1
804,10,0.11357694864273071,1,1
805,9,0.3062013164162636,2,1
806,6,0.38748704493045805,5,1
807,9,0.3766833245754242,2,1
808,8,0.33297763268152875,3,1
809,-26,0.1900999908511703,37,1
810,10,0.14211082458496094,1,1
811,9,0.1500767208635807,2,1
812,10,0.3861946165561676,1,1
813,-10,0.08995360136032104,1,0
814,-11,0.2481500580906868,2,0
815,10,0.17560632526874542,1,1
816,8,0.10924659917751949,3,1
817,-21,0.13895340939052403,32,1
818,10,0.08502018451690674,1,1
819,9,0.07051147893071175,2,1
820,8,0.33101367205381393,3,1
821,9,0.0798630528151989,2,1
822,-50,0.1629383859038353,50,0
823,10,0.2949961721897125,1,1
824,-21,0.1925464499508962,32,1
825,6,0.09431751146912574,5,1
826,-50,0.18621754340827465,50,0
827,5,0.1766099457939466,6,1
828,-50,0.1671840190887451,50,0
829,9,0.2762155160307884,2,1
830,10,0.12349644303321838,1,1
831,-18,0.16257827397849825,9,0
832,9,0.31934112310409546,2,1
833,9,0.15463316440582275,2,1
834,4,0.19243929428713663,7,1
835,8,0.20675397415955862,3,1
836,9,0.10812987759709358,2,1
837,-6,0.14383028359974132,17,1
838,9,0.20553822070360184,2,1
839,9,0.1958287861198187,2,1
840,6,0.18786533549427986,5,1
841,9,0.09790675714612007,2,1
842,-18,0.1885270424957933,29,1
843,7,0.16421368345618248,4,1
844,-3,0.1856161504983902,14,1
845,10,0.056129008531570435,1,1
846,-21,0.2124045924283564,32,1
847,9,0.1199132390320301,2,1
848,7,0.17880168929696083,4,1
849,-5,0.2183790528215468,16,1
850,7,0.35899291932582855,4,1
851,9,0.14153441786766052,2,1
852,7,0.14852795749902725,4,1
853,8,0.13718043267726898,3,1
854,10,0.18063923716545105,1,1
855,-26,0.18330208786033295,37,1
856,7,0.2422783374786377,4,1
857,-34,0.17051069686810175,45,1
858,8,0.14741230259339014,3,1
859,6,0.17219072580337524,5,1
860,7,0.2011275850236416,4,1
861,10,0.06870607286691666,1,1
862,7,0.09575839154422283,4,1
863,9,0.07109249383211136,2,1
864,9,0.10586460307240486,2,1
865,7,0.09738202532753348,4,1
866,10,0.2673059403896332,1,1
867,-50,0.11419977605342865,50,0
868,10,0.06472527235746384,1,1
869,7,0.12517793755978346,4,1
870,-6,0.12289740210946869,17,1
871,9,0.08545887097716331,2,1
872,8,0.2007291465997696,3,1
873,6,0.08469775766134262,5,1
874,-55,0.14758414969496106,46,0
875,10,0.13623479008674622,1,1
876,-19,0.13672940513739984,30,1
877,9,0.05722274910658598,2,1
878,10,0.042750924825668335,1,1
879,-50,0.126289236638695,50,0
880,7,0.06937512685544789,4,1
881,8,0.05761104201277097,3,1
882,0,0.13153724711049686,11,1
883,9,0.29623448848724365,2,1
884,10,0.09150409698486328,1,1
885,7,0.20891407132148743,4,1
886,-10,0.1558073213590043,21,1
887,6,0.09200118631124496,5,1
888,8,0.14000405122836432,3,1
889,10,0.07645291090011597,1,1
890,9,0.15721053630113602,2,1
891,3,0.07778205978684127,8,1
892,6,0.10968171432614326,5,1
893,10,0.02068544737994671,1,1
894,8,0.07595142722129822,3,1
895,9,0.07590742409229279,2,1
896,10,0.11063246428966522,1,1
897,10,0.08827286213636398,1,1
898,-50,0.14233435511589052,50,0
899,-16,0.08534348169686617,27,1
900,8,0.03202609686801831,3,1
901,8,0.12586644167701402,3,1
902,8,0.05486303800716996,3,1
903,9,0.11775031685829163,2,1
904,9,0.20000991225242615,2,1
905,-10,0.017165448516607285,1,0
906,0,0.10878719855099916,11,1
907,-50,0.10552427414804696,50,0
908,7,0.10880614817142487,4,1
909,6,0.17400435507297515,5,1
910,8,0.10526014616092046,3,1
911,9,0.11501754820346832,2,1
912,9,0.07835706882178783,2,1
913,10,0.03240979462862015,1,1
914,-50,0.12177743565291166,50,0
915,10,0.19293084740638733,1,1
916,8,0.12198497417072456,3,1
917,10,0.02143236994743347,1,1
918,-50,0.10340186538174749,50,0
919,6,0.09181958734989167,5,1
920,10,0.09952311217784882,1,1
921,-1,0.15667450645317635,12,1
922,7,0.19875409454107285,4,1
923,9,0.07449506595730782,2,1
924,7,0.09321626648306847,4,1
925,9,0.40464381501078606,2,1
926,-10,0.1019497737288475,1,0
927,6,0.2786597475409508,5,1
928,-50,0.1570180081948638,50,0
929,-3,0.17270818778446742,14,1
930,10,0.14856122434139252,1,1
931,9,0.11870389431715012,2,1
932,9,0.1272573545575142,2,1
933,10,0.24813896417617798,1,1
934,-50,0.1459284481406212,50,0
935,9,0.02518110303208232,2,1
936,-11,0.15727489814162254,2,0
937,-12,0.19986644387245178,3,0
938,-50,0.17763124104589223,50,0
939,10,0.18089348077774048,1,1
940,10,0.313487708568573,1,1
941,7,0.14230407029390335,4,1
942,8,0.1436142474412918,3,1
943,9,0.13969463109970093,2,1
944,9,0.032218487933278084,2,1
945,-50,0.1408945347741246,50,0
946,8,0.15149301290512085,3,1
947,8,0.11037937303384145,3,1
948,-25,0.15949958335194322,36,1
949,9,0.1285633072257042,2,1
950,6,0.1425920307636261,5,1
951,8,0.10141681383053462,3,1
952,8,0.15493851403395334,3,1
953,-10,0.8197821378707886,1,0
954,-11,0.1379198133945465,2,0
955,8,0.10005304962396622,3,1
956,7,0.11211003549396992,4,1
957,9,0.40650618076324463,2,1
958,8,0.08606559907396634,3,1
959,10,0.16528402268886566,1,1
960,8,0.11560867230097453,3,1
961,-50,0.1731011314317584,50,0
962,9,0.05216629337519407,2,1
963,-50,0.19082574561238289,50,0
964,-50,0.1390725212916732,50,0
965,9,0.11902805417776108,2,1
966,-12,0.07269249794383843,3,0
967,7,0.18660282669588923,4,1
968,-9,0.15760456807911397,20,1
969,9,0.1281413547694683,2,1
970,9,0.06048925779759884,2,1
971,9,0.36157310009002686,2,1
972,-50,0.15821884602308273,50,0
973,9,0.0340054240077734,2,1
974,10,0.0689203143119812,1,1
975,7,0.17023798264563084,4,1
976,7,0.04633247014135122,4,1
977,-12,0.09817727779348691,3,0
978,6,0.15261577293276787,5,1
979,8,0.12479065358638763,3,1
980,9,0.19813872873783112,2,1
981,10,0.047308631241321564,1,1
982,7,0.18373968079686165,4,1
983,8,0.1453623908261458,3,1
984,10,0.13128359615802765,1,1
985,10,0.2803628146648407,1,1
986,10,0.059738680720329285,1,1
987,10,0.6436935663223267,1,1
988,9,0.06190776824951172,2,1
989,8,0.09612856805324554,3,1
990,10,0.17579488456249237,1,1
991,8,0.19806349774201712,3,1
992,9,0.2231818065047264,2,1
993,10,0.09198065102100372,1,1
994,10,0.15415820479393005,1,1
995,10,0.0880766436457634,1,1
996,-45,0.16204178017667598,36,0
997,8,0.2857650816440582,3,1
998,10,0.1477113962173462,1,1
999,10,0.18086811900138855,1,1
1000,-50,0.14134771458804607,50,0
1,-11,0.08392456732690334,2,0
2,9,0.2779092788696289,2,1
3,10,0.07721412181854248,1,1
4,9,0.3156658262014389,2,1
5,9,0.22085019573569298,2,1
6,9,0.07868846133351326,2,1
7,10,0.07743749022483826,1,1
8,10,0.05830949544906616,1,1
9,5,0.17647084593772888,6,1
10,10,0.08040164411067963,1,1
11,7,0.11248000990599394,4,1
12,9,0.08528066799044609,2,1
13,10,0.10199584066867828,1,1
14,7,0.15894880704581738,4,1
15,-50,0.14115805126726627,50,0
16,10,0.1266353726387024,1,1
17,9,0.30169008299708366,2,1
18,-10,0.06703607738018036,1,0
19,9,0.08229944668710232,2,1
20,9,0.05720685422420502,2,1
21,-50,0.1271797502785921,50,0
22,7,0.22906658984720707,4,1
23,7,0.13920781202614307,4,1
24,8,0.15442627668380737,3,1
25,7,0.25015005469322205,4,1
26,-12,0.08575859665870667,3,0
27,3,0.17575657716952264,8,1
28,6,0.14402954578399657,5,1
29,8,0.11950125793615977,3,1
30,8,0.1395706981420517,3,1
31,-50,0.1939003186672926,50,0
32,10,0.2497296929359436,1,1
33,-50,0.16075134694576262,50,0
34,7,0.1692624520510435,4,1
35,-12,0.1338737078173005,23,1
36,9,0.08413553237915039,2,1
37,6,0.14296243116259574,5,1
38,7,0.11679595708847046,4,1
39,-11,0.1122773215174675,2,0
40,-50,0.20287637658417224,50,0
41,-18,0.20256588235497475,29,1
42,10,0.12930244207382202,1,1
43,10,0.2888335585594177,1,1
44,9,0.09778383746743202,2,1
45,9,0.1523595154285431,2,1
46,10,0.039610300213098526,1,1
47,10,0.07506338506937027,1,1
48,8,0.0912485346198082,3,1
49,8,0.16150656590859094,3,1
50,-50,0.15312959253787994,50,0
51,9,0.12435729429125786,2,1
52,7,0.20918347500264645,4,1
53,10,0.0725807175040245,1,1
54,9,0.08729947544634342,2,1
55,6,0.06850832849740982,5,1
56,9,0.07118093594908714,2,1
57,8,0.09097682808836301,3,1
58,8,0.0776637817422549,3,1
59,10,0.051452312618494034,1,1
60,9,0.3274681717157364,2,1
61,9,0.11882023885846138,2,1
62,7,0.12503578141331673,4,1
63,7,0.0850112596526742,4,1
64,-10,0.08557531237602234,1,0
65,9,0.04093903582543135,2,1
66,-4,0.06986115003625552,15,1
67,10,0.034721262753009796,1,1
68,10,0.15998965501785278,1,1
69,9,0.10783224925398827,2,1
70,-11,0.06971381418406963,2,0
71,6,0.10180671811103821,5,1
72,9,0.35089708026498556,2,1
73,10,0.3136777877807617,1,1
74,-10,0.08049960434436798,1,0
75,1,0.12157443538308144,10,1
76,7,0.10152159444987774,4,1
77,7,0.13319803960621357,4,1
78,9,0.12170316278934479,2,1
79,6,0.17233262658119203,5,1
80,6,0.14332072734832763,5,1
81,-12,0.06582480917374293,3,0
82,10,0.047476306557655334,1,1
83,-13,0.16326896264217794,24,1
84,6,0.12994704842567445,5,1
85,7,0.11780209094285965,4,1
86,8,0.30106912304957706,3,1
87,10,0.0763545110821724,1,1
88,6,0.07288302406668663,5,1
89,8,0.3400239398082097,3,1
90,8,0.05364888906478882,3,1
91,8,0.08077268302440643,3,1
92,-21,0.16672551888041198,32,1
93,-26,0.12126048829625635,17,0
94,10,0.05096228048205376,1,1
95,-11,0.04469693172723055,2,0
96,7,0.17183392215520144,4,1
97,9,0.07805662974715233,2,1
98,7,0.08853376004844904,4,1
99,10,0.08677785098552704,1,1
100,7,0.04591845558024943,4,1
101,0,0.18375905129042538,11,1
102,-50,0.12264197379350662,50,0
103,8,0.07483460754156113,3,1
104,-13,0.13866296301906308,24,1
105,10,0.019984735175967216,1,1
106,8,0.0655026671787103,3,1
107,1,0.11724635362625122,10,1
108,10,0.12283588945865631,1,1
109,9,0.09679066389799118,2,1
110,8,0.07899111757675807,3,1
111,9,0.09421823546290398,2,1
112,8,0.39262260993321735,3,1
113,10,0.0835878923535347,1,1
114,9,0.17600173130631447,2,1
115,6,0.06677456796169282,5,1
116,-12,0.10833277677496274,3,0
117,10,0.03593519330024719,1,1
118,8,0.2041220391790072,3,1
119,9,0.04263186827301979,2,1
120,9,0.45812714099884033,2,1
121,-21,0.07724792649969459,12,0
122,8,0.07803586373726527,3,1
123,9,0.07539597526192665,2,1
124,9,0.03939744271337986,2,1
125,8,0.1107599859436353,3,1
126,8,0.06953333939115207,3,1
127,6,0.09117593839764596,5,1
128,9,0.13582850992679596,2,1
129,10,0.03611502796411514,1,1
130,9,0.05387336388230324,2,1
131,9,0.0867733284831047,2,1
132,8,0.06155066440502802,3,1
133,-10,0.08547201752662659,1,0
134,7,0.0745265418663621,4,1
135,9,0.10695839673280716,2,1
136,-15,0.15887071779714182,26,1
137,6,0.13689445108175277,5,1
138,-11,0.0612789336591959,2,0
139,8,0.059985061486562095,3,1
140,4,0.19921361628387654,7,1
141,9,0.36694690957665443,2,1
142,8,0.25755242506663006,3,1
143,8,0.23984354734420776,3,1
144,8,0.053832470128933586,3,1
145,7,0.15028182603418827,4,1
146,9,0.12158657051622868,2,1
147,7,0.06617093738168478,4,1
148,-50,0.15810115372762085,50,0
149,8,0.2205636277794838,3,1
150,7,0.22154028387740254,4,1
151,8,0.12362903170287609,3,1
152,9,0.1264788880944252,2,1
153,10,0.6314326524734497,1,1
154,8,0.13236282269159952,3,1
155,9,0.08376388251781464,2,1
156,8,0.07026685774326324,3,1
157,9,0.041918215341866016,2,1
158,-18,0.13785800565448073,9,0
159,-50,0.1490427521057427,50,0
160,6,0.19710803776979446,5,1
161,7,0.11349212005734444,4,1
162,8,0.05799837658802668,3,1
163,9,0.1313927099108696,2,1
164,4,0.14220294396259955,7,1
165,9,0.39822081476449966,2,1
166,8,0.035767894238233566,3,1
167,10,0.03260621428489685,1,1
168,9,0.30809829011559486,2,1
169,6,0.19721666611731054,5,1
170,9,0.08244065195322037,2,1
171,9,0.3123706020414829,2,1
172,6,0.20430083498358725,5,1
173,9,0.038102190010249615,2,1
174,-12,0.1009012262026469,3,0
175,8,0.024480589975913365,3,1
176,10,0.5396945476531982,1,1
177,9,0.28102463856339455,2,1
178,-29,0.2079704639269039,20,0
179,6,0.19489563256502151,5,1
180,8,0.042708138624827065,3,1
181,10,0.38041791319847107,1,1
182,8,0.12128709256649017,3,1
183,9,0.1680698487907648,2,1
184,7,0.20033476781100035,4,1
185,7,0.33377794921398163,4,1
186,8,0.08332663774490356,3,1
187,-21,0.12900032472680323,32,1
188,9,0.5446405336260796,2,1
189,10,0.21244287490844727,1,1
190,10,0.09428371489048004,1,1
191,8,0.11547166233261426,3,1
192,5,0.25541754563649494,6,1
193,8,0.14196817328532538,3,1
194,9,0.20291858166456223,2,1
195,10,0.1670677214860916,1,1
196,10,0.2786824405193329,1,1
197,10,0.06395376473665237,1,1
198,8,0.2057554026444753,3,1
199,-59,0.1697206328250468,50,0
200,6,0.11648809872567653,5,1
201,6,0.11209365054965019,5,1
202,-50,0.2371805467829108,50,0
203,7,0.07076471811160445,4,1
204,10,0.10376753658056259,1,1
205,8,0.08181304236253102,3,1
206,9,0.44065263122320175,2,1
207,8,0.10562268892923991,3,1
208,-14,0.2107455064356327,25,1
209,8,0.2149819334348043,3,1
210,-12,0.3370031267404556,3,0
211,9,0.09744573384523392,2,1
212,9,0.12434928119182587,2,1
213,8,0.11471409474809964,3,1
214,8,0.2074171006679535,3,1
215,7,0.236469354480505,4,1
216,10,0.09308220446109772,1,1
217,9,0.2116609439253807,2,1
218,9,0.07128099352121353,2,1
219,-2,0.26258650995217836,13,1
220,10,0.1643306314945221,1,1
221,10,0.031284432858228683,1,1
222,-7,0.30543496190673775,18,1
223,8,0.09953879813353221,3,1
224,9,0.23513635247945786,2,1
225,9,0.33375800400972366,2,1
226,-16,0.2698209285736084,27,1
227,9,0.06017454341053963,2,1
228,9,0.2976107895374298,2,1
229,-11,0.15405429899692535,2,0
230,9,0.22356507927179337,2,1
231,4,0.17778551525303296,7,1
232,-38,0.25174623089177267,49,1
233,-13,0.1745892185717821,4,0
234,8,0.10996474077304204,3,1
235,-13,0.18842340152089795,24,1
236,9,0.342434287071228,2,1
237,9,0.05276972055435181,2,1
238,7,0.19311748631298542,4,1
239,0,0.1491036746989597,11,1
240,8,0.12553276121616364,3,1
241,10,0.1516331434249878,1,1
242,9,0.5627555996179581,2,1
243,7,0.24333516135811806,4,1
244,8,0.2349454015493393,3,1
245,9,0.12418161332607269,2,1
246,10,0.12464548647403717,1,1
247,8,0.1880034233132998,3,1
248,9,0.10294030606746674,2,1
249,8,0.35344017048676807,3,1
250,8,0.23345624407132468,3,1
251,7,0.18853319436311722,4,1
252,7,0.18713447824120522,4,1
253,10,0.1393336057662964,1,1
254,8,0.16574382781982422,3,1
255,6,0.2157250851392746,5,1
256,10,0.43622374534606934,1,1
257,5,0.2520412566761176,6,1
258,-10,0.2990667165390083,21,1
259,8,0.3896691252787908,3,1
260,10,0.17412997782230377,1,1
261,9,0.3936668336391449,2,1
262,10,0.09568659216165543,1,1
263,10,0.07880032062530518,1,1
264,6,0.4100639522075653,5,1
265,8,0.40828895568847656,3,1
266,8,0.18794886271158853,3,1
267,10,0.2030813992023468,1,1
268,9,0.3714953623712063,2,1
269,-15,0.27846070221410346,26,1
270,7,0.16444186866283417,4,1
271,10,0.08463998138904572,1,1
272,-27,0.27402659417375136,38,1
273,9,0.3413036949932575,2,1
274,9,0.30234096944332123,2,1
275,8,0.0586116649210453,3,1
276,8,0.08523048336307208,3,1
277,4,0.19053800723382405,7,1
278,7,0.07673957105726004,4,1
279,8,0.21222265685598055,3,1
280,6,0.1632320001721382,5,1
281,10,0.057258475571870804,1,1
282,8,0.06512982646624248,3,1
283,8,0.1024475023150444,3,1
284,7,0.13142904452979565,4,1
285,6,0.27688142359256745,5,1
286,10,0.07486758381128311,1,1
287,8,0.1813186580936114,3,1
288,9,0.4016588181257248,2,1
289,-50,0.21831053301692008,50,0
290,-50,0.198071166574955,50,0
291,9,0.21405234187841415,2,1
292,10,0.5428379774093628,1,1
293,-11,0.12192336469888687,2,0
294,8,0.15606495489676794,3,1
295,3,0.24488130304962397,8,1
296,-10,0.5647045969963074,1,0
297,9,0.16370215266942978,2,1
298,-50,0.1936436489224434,50,0
299,9,0.6415708661079407,2,1
300,1,0.1971163757145405,10,1
301,9,0.3146711587905884,2,1
302,-13,0.12395496852695942,4,0
303,10,0.07177922129631042,1,1
304,3,0.12165604019537568,8,1
305,8,0.38710588216781616,3,1
306,9,0.06769147142767906,2,1
307,5,0.25270456324021023,6,1
308,-50,0.18909102395176888,50,0
309,10,0.1486322283744812,1,1
310,8,0.15193060288826624,3,1
311,-3,0.25799211700047764,14,1
312,9,0.07533413171768188,2,1
313,7,0.09075610432773829,4,1
314,10,0.5500383973121643,1,1
315,8,0.21562349796295166,3,1
316,10,0.8000408411026001,1,1
317,9,0.326695516705513,2,1
318,9,0.24726534634828568,2,1
319,9,0.14121997356414795,2,1
320,10,0.07997887581586838,1,1
321,7,0.10989433340728283,4,1
322,8,0.12126375983158748,3,1
323,9,0.17658331990242004,2,1
324,8,0.19334096213181814,3,1
325,9,0.1887006089091301,2,1
326,5,0.20645748202999434,6,1
327,6,0.25121689438819883,5,1
328,4,0.2828866094350815,7,1
329,10,0.1119564026594162,1,1
330,9,0.12537144124507904,2,1
331,9,0.11808038502931595,2,1
332,9,0.08858894929289818,2,1
333,10,0.1585748791694641,1,1
334,7,0.1713023716583848,4,1
335,10,0.85085529088974,1,1
336,7,0.45205600187182426,4,1
337,8,0.1115601013104121,3,1
338,7,0.4808327332139015,4,1
339,8,0.1500774249434471,3,1
340,-10,0.18704368794957796,21,1
341,-2,0.21943684409444147,13,1
342,8,0.08126140634218852,3,1
343,9,0.253453329205513,2,1
344,8,0.25143374626835185,3,1
345,10,0.08401711285114288,1,1
346,10,0.23220284283161163,1,1
347,9,0.14237184450030327,2,1
348,-50,0.23021895587444305,50,0
349,8,0.13352186729510626,3,1
350,9,0.38605859130620956,2,1
351,7,0.15036720223724842,4,1
352,7,0.16671392880380154,4,1
353,9,0.22328828275203705,2,1
354,7,0.18053074926137924,4,1
355,8,0.3233320564031601,3,1
356,8,0.33343573411305744,3,1
357,-50,0.17044501319527627,50,0
358,7,0.08671622909605503,4,1
359,-10,0.337397962808609,1,0
360,5,0.19467479114731154,6,1
361,10,0.12036678940057755,1,1
362,10,0.07329680770635605,1,1
363,10,0.5559232831001282,1,1
364,-19,0.17172692144910495,30,1
365,-10,0.21870924532413483,1,0
366,-50,0.13649721175432206,50,0
367,-50,0.17565259486436843,50,0
368,8,0.08227068061629932,3,1
369,7,0.07944405265152454,4,1
370,10,0.3839440643787384,1,1
371,-21,0.14529414422577247,32,1
372,6,0.12330160439014434,5,1
373,9,0.12277113646268845,2,1
374,8,0.25868035356203717,3,1
375,-10,0.49159207940101624,1,0
376,8,0.08033860847353935,3,1
377,-14,0.19344517081975937,25,1
378,8,0.10241961603363355,3,1
379,6,0.08554073870182037,5,1
380,9,0.09449481591582298,2,1
381,8,0.277520810564359,3,1
382,8,0.3051189258694649,3,1
383,8,0.08774885286887486,3,1
384,9,0.23277339339256287,2,1
385,7,0.19908184185624123,4,1
386,-4,0.19468739479780198,15,1
387,-11,0.29385918006300926,2,0
388,8,0.08969601740439732,3,1
389,7,0.08522948063910007,4,1
390,-10,0.13544204831123352,1,0
391,10,0.07595418393611908,1,1
392,8,0.08129084979494412,3,1
393,9,0.28271807730197906,2,1
394,10,0.11279623210430145,1,1
395,9,0.05455720238387585,2,1
396,-10,0.10326212644577026,1,0
397,-50,0.20067426979541778,50,0
398,-1,0.20781826227903366,12,1
399,10,0.04502382129430771,1,1
400,9,0.06956856325268745,2,1
401,8,0.08665232049922149,3,1
402,9,0.09082403033971786,2,1
403,-4,0.26819140166044236,15,1
404,9,0.06315518915653229,2,1
405,9,0.05322159733623266,2,1
406,-12,0.3440294861793518,3,0
407,8,0.23177268852790198,3,1
408,10,0.0820605605840683,1,1
409,6,0.41044909358024595,5,1
410,7,0.2487642802298069,4,1
411,8,0.06899366031090419,3,1
412,8,0.2823917369047801,3,1
413,8,0.09501481552918752,3,1
414,7,0.1831865143030882,4,1
415,9,0.052896808832883835,2,1
416,10,0.37663233280181885,1,1
417,9,0.06425237283110619,2,1
418,-16,0.12848289214350558,27,1
419,-10,0.06034601479768753,1,0
420,-12,0.1314436544974645,3,0
421,-10,0.4098075330257416,1,0
422,-50,0.156918049454689,50,0
423,9,0.10130605846643448,2,1
424,9,0.660170029848814,2,1
425,-50,0.15237374372780324,50,0
426,9,0.32224341109395027,2,1
427,10,0.03857105225324631,1,1
428,5,0.15327221155166626,6,1
429,2,0.06227945826119847,9,1
430,9,0.08535050228238106,2,1
431,10,0.027314163744449615,1,1
432,8,0.09917697062095006,3,1
433,-50,0.11748211484402418,50,0
434,-50,0.14144794413819908,50,0
435,7,0.13207906344905496,4,1
436,8,0.1705599824587504,3,1
437,9,0.5766258537769318,2,1
438,-10,0.021667681634426117,1,0
439,9,0.14699204917997122,2,1
440,9,0.03952158987522125,2,1
441,8,0.13366038352251053,3,1
442,10,0.10934033989906311,1,1
443,-50,0.13440602937713264,50,0
444,10,0.055325478315353394,1,1
445,9,0.13623229414224625,2,1
446,-10,0.024208461865782738,1,0
447,8,0.3604695995648702,3,1
448,8,0.056385683516661324,3,1
449,-12,0.19151237234473228,3,0
450,10,0.05572541430592537,1,1
451,8,0.05342473151783148,3,1
452,8,0.11379432988663514,3,1
453,9,0.26530279219150543,2,1
454,10,0.0385584831237793,1,1
455,-37,0.20286712481174618,48,1
456,8,0.1793863164881865,3,1
457,7,0.10087167751044035,4,1
458,6,0.2179976312443614,5,1
459,9,0.2661089766770601,2,1
460,9,0.04715585522353649,2,1
461,8,0.0299681235725681,3,1
462,9,0.07275927998125553,2,1
463,7,0.26987412199378014,4,1
464,-50,0.18119601471349597,50,0
465,-30,0.10193245914741987,41,1
466,5,0.09164867798487346,6,1
467,10,0.411883682012558,1,1
468,9,0.10256677865982056,2,1
469,10,0.031191837042570114,1,1
470,6,0.10511168390512467,5,1
471,8,0.05106677611668905,3,1
472,8,0.1273329940934976,3,1
473,10,0.03139874339103699,1,1
474,8,0.07235742484529813,3,1
475,9,0.30063116550445557,2,1
476,9,0.06401405856013298,2,1
477,10,0.3343309462070465,1,1
478,-50,0.133448057603091,50,0
479,-13,0.12828745417452106,24,1
480,8,0.3033866037925084,3,1
481,9,0.19278085231781006,2,1
482,8,0.07096527889370918,3,1
483,9,0.26276442408561707,2,1
484,8,0.4357226441303889,3,1
485,8,0.3640708476305008,3,1
486,8,0.2695630540450414,3,1
487,10,0.08132264018058777,1,1
488,7,0.10544390231370926,4,1
489,6,0.07371485382318496,5,1
490,10,0.3715054988861084,1,1
491,-10,0.04606840759515762,1,0
492,6,0.19204951226711273,5,1
493,7,0.1021136250346899,4,1
494,6,0.09580984711647034,5,1
495,10,0.5764548778533936,1,1
496,-50,0.1882909120246768,50,0
497,8,0.07687116662661235,3,1
498,10,0.17889808118343353,1,1
499,8,0.05782879889011383,3,1
500,9,0.24535584263503551,2,1
501,7,0.19014152698218822,4,1
502,10,0.14287109673023224,1,1
503,8,0.23841842946906885,3,1
504,10,0.28725317120552063,1,1
505,8,0.10034316778182983,3,1
506,6,0.18165871482342483,5,1
507,-2,0.21396337664471224,13,1
508,-50,0.22307045064866543,50,0
509,10,0.009218351915478706,1,1
510,10,0.27123910188674927,1,1
511,-17,0.23605476975041842,28,1
512,-12,0.1913259302576383,3,0
513,8,0.27731822927792865,3,1
514,9,0.5639408230781555,2,1
515,6,0.25174603164196013,5,1
516,9,0.03193163312971592,2,1
517,7,0.14764578454196453,4,1
518,9,0.3988506346940994,2,1
519,7,0.1335449181497097,4,1
520,9,0.6854357123374939,2,1
521,8,0.0841138722995917,3,1
522,6,0.27093649134039877,5,1
523,-22,0.22050272583058386,33,1
524,10,0.035754166543483734,1,1
525,-48,0.18823847843286318,39,0
526,-50,0.20360212735831737,50,0
527,9,0.1254198420792818,2,1
528,-2,0.2290067351781405,13,1
529,9,0.06743701547384262,2,1
530,9,0.20397549867630005,2,1
531,8,0.06577812631924947,3,1
532,10,0.08391405642032623,1,1
533,-24,0.17524159662425517,15,0
534,-1,0.2818546959509452,12,1
535,-12,0.20316122537073883,23,1
536,-11,0.31215571612119675,2,0
537,9,0.2995782531797886,2,1
538,9,0.1730983480811119,2,1
539,-50,0.17890657652169467,50,0
540,7,0.10942413005977869,4,1
541,9,0.34187621623277664,2,1
542,5,0.2658994570374489,6,1
543,9,0.13162827491760254,2,1
544,7,0.18334504961967468,4,1
545,10,0.09502331912517548,1,1
546,-12,0.09656808773676555,3,0
547,-10,0.10985341668128967,1,0
548,6,0.09493700414896011,5,1
549,9,0.3867955878376961,2,1
550,8,0.11120750506718953,3,1
551,6,0.18177135214209555,5,1
552,-20,0.25200512861051866,31,1
553,9,0.08770133927464485,2,1
554,9,0.0806533545255661,2,1
555,10,0.1391558051109314,1,1
556,6,0.2885063629597425,5,1
557,10,0.11895796656608582,1,1
558,7,0.0878493431955576,4,1
559,10,0.5232014060020447,1,1
560,9,0.0923541784286499,2,1
561,8,0.2624337325493495,3,1
562,9,0.2508542351424694,2,1
563,-11,0.17337121814489365,2,0
564,9,0.2525078170001507,2,1
565,7,0.2775057628750801,4,1
566,-11,0.13288254290819168,2,0
567,7,0.13488165102899075,4,1
568,7,0.26214043237268925,4,1
569,8,0.22122305755813917,3,1
570,9,0.29784899204969406,2,1
571,6,0.4787978559732437,5,1
572,10,0.10302458703517914,1,1
573,-34,0.17404922015137142,45,1
574,9,0.157191701233387,2,1
575,6,0.3522914744913578,5,1
576,10,0.7350447177886963,1,1
577,2,0.1763814604944653,9,1
578,7,0.08298779558390379,4,1
579,10,0.025029093027114868,1,1
580,8,0.24887746075789133,3,1
581,-16,0.19551209498334815,27,1
582,9,0.21237392723560333,2,1
583,8,0.14379810293515524,3,1
584,10,0.15923470258712769,1,1
585,8,0.05320724348227183,3,1
586,6,0.1566581979393959,5,1
587,-20,0.1980507909770935,31,1
588,9,0.07602884620428085,2,1
589,9,0.4321519806981087,2,1
590,8,0.34016067286332446,3,1
591,9,0.12645652890205383,2,1
592,10,0.1672290861606598,1,1
593,-55,0.19024180774779423,46,0
594,-11,0.12932224571704865,2,0
595,9,0.1352917104959488,2,1
596,-18,0.17674088824925752,29,1
597,8,0.20586343854665756,3,1
598,-50,0.21137438774108885,50,0
599,-6,0.237253690686296,17,1
600,10,0.07625974714756012,1,1
601,-12,0.19061545034249625,3,0
602,10,0.12373567372560501,1,1
603,-10,0.09067326784133911,1,0
604,-3,0.2611637237880911,14,1
605,8,0.20061145722866058,3,1
606,7,0.14768835343420506,4,1
607,6,0.4014648377895355,5,1
608,6,0.21956273019313813,5,1
609,7,0.23063549399375916,4,1
610,9,0.20686433278024197,2,1
611,10,0.05740334838628769,1,1
612,-2,0.19274415964117417,13,1
613,-21,0.18725190905388445,32,1
614,9,0.15403226017951965,2,1
615,5,0.07629626306394736,6,1
616,5,0.19575457399090132,6,1
617,9,0.1594504415988922,2,1
618,9,0.487824521958828,2,1
619,8,0.09406659007072449,3,1
620,8,0.16085583344101906,3,1
621,6,0.11838615983724594,5,1
622,-10,0.19462232203001067,21,1
623,8,0.1780669391155243,3,1
624,-11,0.25714196264743805,2,0
625,-6,0.2173630307045053,17,1
626,8,0.14934678748250008,3,1
627,9,0.08581126853823662,2,1
628,10,0.17349770665168762,1,1
629,10,0.14851920306682587,1,1
630,10,0.10039401799440384,1,1
631,-49,0.20439781099557877,40,0
632,9,0.1385839693248272,2,1
633,9,0.19745784997940063,2,1
634,8,0.07885866860548656,3,1
635,7,0.22072188649326563,4,1
636,9,0.05843443423509598,2,1
637,8,0.13490202277898788,3,1
638,8,0.10757773245374362,3,1
639,8,0.07725408673286438,3,1
640,8,0.09863219658533733,3,1
641,9,0.07756644114851952,2,1
642,10,0.07102271169424057,1,1
643,10,0.20885363221168518,1,1
644,10,0.03710407391190529,1,1
645,9,0.057358548045158386,2,1
646,8,0.1266279232998689,3,1
647,5,0.17589297207693258,6,1
648,-50,0.1643245628103614,50,0
649,6,0.07050575613975525,5,1
650,10,0.06722657382488251,1,1
651,9,0.08343118242919445,2,1
652,8,0.19001585493485132,3,1
653,9,0.40268684923648834,2,1
654,-11,0.1835641898214817,22,1
655,7,0.2958015576004982,4,1
656,8,0.20801951984564462,3,1
657,-10,0.24979235231876373,1,0
658,-13,0.18790739215910435,4,0
659,9,0.06456108018755913,2,1
660,-15,0.14034665246995595,26,1
661,9,0.1460116896778345,2,1
662,10,0.05470607057213783,1,1
663,10,0.0540696382522583,1,1
664,10,0.08797167241573334,1,1
665,-50,0.13182998947799207,50,0
666,-50,0.17886592987924815,50,0
667,-34,0.15967960088617272,45,1
668,9,0.038758374750614166,2,1
669,9,0.041079217568039894,2,1
670,-38,0.15613657977355985,49,1
671,10,0.08277301490306854,1,1
672,7,0.10079925786703825,4,1
673,10,0.06357789039611816,1,1
674,-35,0.10211316390853861,46,1
675,9,0.15135657414793968,2,1
676,8,0.15448705417414507,3,1
677,9,0.2066827118396759,2,1
678,9,0.15263012051582336,2,1
679,10,0.5386245250701904,1,1
680,-8,0.095050617170177,19,1
681,10,0.03909052163362503,1,1
682,-34,0.11598869897425175,25,0
683,9,0.17492760345339775,2,1
684,7,0.11040175333619118,4,1
685,7,0.057584783993661404,4,1
686,6,0.16640374138951303,5,1
687,8,0.06325910240411758,3,1
688,8,0.044464136163393654,3,1
689,9,0.2567128837108612,2,1
690,-4,0.20141495689749717,15,1
691,10,0.03973238170146942,1,1
692,-5,0.14889938081614673,16,1
693,9,0.23260170221328735,2,1
694,8,0.17616580923398337,3,1
695,6,0.19311395138502122,5,1
696,4,0.07179976494184562,7,1
697,10,0.22563284635543823,1,1
698,10,0.05096603184938431,1,1
699,-50,0.16721154764294624,50,0
700,8,0.2417240043481191,3,1
701,7,0.17665035091340542,4,1
702,10,0.12226776033639908,1,1
703,3,0.11689098086208105,8,1
704,9,0.03414776176214218,2,1
705,10,0.03623019903898239,1,1
706,6,0.09282587766647339,5,1
707,6,0.3056639455258846,5,1
708,9,0.02002739254385233,2,1
709,8,0.06080606331427892,3,1
710,9,0.07084767147898674,2,1
711,9,0.016456580720841885,2,1
712,7,0.03421035874634981,4,1
713,8,0.061797854180137314,3,1
714,10,0.1226123571395874,1,1
715,10,0.009682578966021538,1,1
716,9,0.08023253828287125,2,1
717,10,0.1402086764574051,1,1
718,10,0.012554595246911049,1,1
719,6,0.14257120043039323,5,1
720,7,0.26996090076863766,4,1
721,-11,0.1370639675296843,2,0
722,9,0.25824595987796783,2,1
723,9,0.045842948369681835,2,1
724,10,0.13648831844329834,1,1
725,9,0.03796633146703243,2,1
726,-31,0.1701879622858195,42,1
727,10,0.05889546871185303,1,1
728,9,0.35875099897384644,2,1
729,10,0.4834286570549011,1,1
730,-17,0.14667560080332415,28,1
731,10,0.3037240505218506,1,1
732,10,0.11717862635850906,1,1
733,6,0.20893513709306716,5,1
734,9,0.13443127274513245,2,1
735,-20,0.16931908223177156,31,1
736,8,0.08049527804056804,3,1
737,5,0.10584370543559392,6,1
738,9,0.11748254671692848,2,1
739,10,0.06797134131193161,1,1
740,8,0.09409892683227856,3,1
741,6,0.11067397408187389,5,1
742,7,0.16764147952198982,4,1
743,10,0.06352568417787552,1,1
744,7,0.07848865445703268,4,1
745,-3,0.19915758499077388,14,1
746,10,0.11199014633893967,1,1
747,2,0.17763917023936907,9,1
748,10,0.19762632250785828,1,1
749,10,0.2266140729188919,1,1
750,10,0.12211430817842484,1,1
751,8,0.07299794008334477,3,1
752,6,0.19410862475633622,5,1
753,10,0.05657125636935234,1,1
754,-10,0.3719986081123352,1,0
755,9,0.07130029052495956,2,1
756,10,0.05520286038517952,1,1
757,8,0.14022942011555037,3,1
758,9,0.059108493849635124,2,1
759,-11,0.085633784532547,2,0
760,8,0.16487249732017517,3,1
761,9,0.23787036538124084,2,1
762,7,0.2851705588400364,4,1
763,6,0.1833526749163866,5,1
764,10,0.14068002998828888,1,1
765,-50,0.20069285973906517,50,0
766,10,0.03565509617328644,1,1
767,6,0.12852055504918097,5,1
768,9,0.24773700907826424,2,1
769,7,0.2751201782375574,4,1
770,10,0.21447744965553284,1,1
771,10,0.12033499777317047,1,1
772,8,0.21139770249525705,3,1
773,8,0.13963311041394869,3,1
774,7,0.10188788827508688,4,1
775,9,0.08207181468605995,2,1
776,8,0.1166828100879987,3,1
777,10,0.14144720137119293,1,1
778,8,0.1179647905131181,3,1
779,8,0.14990045130252838,3,1
780,10,0.34942132234573364,1,1
781,9,0.12435860186815262,2,1
782,-30,0.19866261440442828,41,1
783,9,0.08095148578286171,2,1
784,10,0.4986514449119568,1,1
785,8,0.1284116394817829,3,1
786,8,0.1998398583382368,3,1
787,-16,0.1979959535377997,27,1
788,7,0.21894901990890503,4,1
789,8,0.17765681073069572,3,1
790,7,0.11877676658332348,4,1
791,9,0.14913444221019745,2,1
792,-5,0.17804669309407473,16,1
793,9,0.2233799323439598,2,1
794,10,0.07455161213874817,1,1
795,8,0.11436964323123296,3,1
796,7,0.292878195643425,4,1
797,7,0.19056734023615718,4,1
798,10,0.12208675593137741,1,1
799,9,0.05019237473607063,2,1
800,-26,0.2017270219889847,37,1
801,10,0.401174932718277,1,1
802,-50,0.21117886956781148,50,0
803,8,0.37012025713920593,3,1
804,7,0.36845923215150833,4,1
805,-50,0.2129353029280901,50,0
806,-23,0.17517888304941795,34,1
807,8,0.1551816388964653,3,1
808,10,0.04098763316869736,1,1
809,8,0.13700943688551584,3,1
810,9,0.0562354139983654,2,1
811,7,0.1900731474161148,4,1
812,9,0.3794701099395752,2,1
813,-50,0.15849277906119824,50,0
814,10,0.09780377149581909,1,1
815,10,0.07389991730451584,1,1
816,7,0.11595808528363705,4,1
817,7,0.08520794799551368,4,1
818,8,0.17352630198001862,3,1
819,8,0.07558644190430641,3,1
820,9,0.10904401540756226,2,1
821,9,0.06263850256800652,2,1
822,10,0.15563085675239563,1,1
823,7,0.09961700160056353,4,1
824,10,0.16513440012931824,1,1
825,9,0.12460342422127724,2,1
826,7,0.08672910183668137,4,1
827,10,0.13775885105133057,1,1
828,9,0.24849995970726013,2,1
829,8,0.11128569642702739,3,1
830,10,0.07545533031225204,1,1
831,-50,0.16792442075908184,50,0
832,10,0.2528980076313019,1,1
833,9,0.5184347629547119,2,1
834,9,0.4999757707118988,2,1
835,8,0.22051721314589182,3,1
836,9,0.07847970724105835,2,1
837,9,0.28770291805267334,2,1
838,-16,0.11821952324222636,27,1
839,-52,0.19893800112050633,43,0
840,9,0.39155519008636475,2,1
841,10,0.1382918357849121,1,1
842,4,0.1189455475125994,7,1
843,10,0.11392465233802795,1,1
844,10,0.05288461595773697,1,1
845,6,0.07473270148038864,5,1
846,8,0.0995175080994765,3,1
847,7,0.15565740130841732,4,1
848,8,0.33396561443805695,3,1
849,10,0.14448770880699158,1,1
850,7,0.2011992521584034,4,1
851,8,0.1782437339425087,3,1
852,-50,0.1521912334859371,50,0
853,10,0.34077030420303345,1,1
854,-40,0.15971473243928724,31,0
855,9,0.11611003428697586,2,1
856,8,0.1416724274555842,3,1
857,7,0.17596208304166794,4,1
858,6,0.24400226771831512,5,1
859,9,0.1991642713546753,2,1
860,6,0.21359698623418807,5,1
861,-28,0.15845907078339502,39,1
862,9,0.14976048469543457,2,1
863,7,0.1391530390828848,4,1
864,10,0.3786512017250061,1,1
865,9,0.18385394662618637,2,1
866,9,0.15357127785682678,2,1
867,-27,0.18601227326220587,38,1
868,8,0.1296787199874719,3,1
869,8,0.14068172375361124,3,1
870,7,0.08532378077507019,4,1
871,7,0.12139195762574673,4,1
872,8,0.284477174282074,3,1
873,-11,0.10959542170166969,2,0
874,9,0.12036947533488274,2,1
875,10,0.05113190412521362,1,1
876,6,0.12520766705274583,5,1
877,10,0.7303926348686218,1,1
878,10,0.10794530808925629,1,1
879,-10,0.2770375609397888,1,0
880,-57,0.18404055363498628,48,0
881,8,0.2393041600783666,3,1
882,10,0.11200958490371704,1,1
883,10,0.18881277740001678,1,1
884,9,0.4028144031763077,2,1
885,4,0.09559040090867452,7,1
886,9,0.07927698269486427,2,1
887,7,0.14171656034886837,4,1
888,7,0.12889771908521652,4,1
889,9,0.21927396953105927,2,1
890,-20,0.1665445691154849,31,1
891,-6,0.1695311076062567,17,1
892,9,0.1234071496874094,2,1
893,7,0.2933428920805454,4,1
894,-10,0.052121229469776154,1,0
895,3,0.13580426946282387,8,1
896,-50,0.11699281979352236,50,0
897,9,0.23394592851400375,2,1
898,-10,0.15595152974128723,1,0
899,-10,0.06708644330501556,1,0
900,8,0.13054980461796126,3,1
901,8,0.126304529607296,3,1
902,7,0.20948558766394854,4,1
903,8,0.06420819461345673,3,1
904,7,0.08914207015186548,4,1
905,6,0.2192225784063339,5,1
906,9,0.14076927676796913,2,1
907,9,0.09644622728228569,2,1
908,9,0.06887889560312033,2,1
909,8,0.2252083718776703,3,1
910,10,0.12036702036857605,1,1
911,-15,0.13489961008039805,26,1
912,10,0.6106361746788025,1,1
913,9,0.10688882321119308,2,1
914,9,0.08674893155694008,2,1
915,9,0.07790956646203995,2,1
916,10,0.18471121788024902,1,1
917,7,0.17003818973898888,4,1
918,8,0.12147629757722218,3,1
919,-16,0.16962795718400567,27,1
920,-2,0.17558444062104592,13,1
921,5,0.07303966768085957,6,1
922,-50,0.11829426232725382,50,0
923,6,0.30941696316003797,5,1
924,6,0.20080944299697875,5,1
925,-17,0.1400132759341172,28,1
926,-24,0.11049904498670782,35,1
927,7,0.13491411693394184,4,1
928,9,0.09693463519215584,2,1
929,7,0.12377877440303564,4,1
930,10,0.01390507910400629,1,1
931,8,0.09425647556781769,3,1
932,6,0.07571166083216667,5,1
933,9,0.18709425441920757,2,1
934,6,0.09368638247251511,5,1
935,10,0.304027795791626,1,1
936,6,0.07825842425227165,5,1
937,-4,0.14795131074885529,15,1
938,7,0.07368260994553566,4,1
939,8,0.26328782737255096,3,1
940,6,0.16303360946476458,5,1
941,6,0.060707893967628476,5,1
942,-50,0.16547741025686263,50,0
943,6,0.04060176573693752,5,1
944,8,0.10773555313547452,3,1
945,8,0.04180841396252314,3,1
946,6,0.1566435918211937,5,1
947,7,0.2030635941773653,4,1
948,-10,0.0782863199710846,1,0
949,7,0.11941229645162821,4,1
950,10,0.01838023215532303,1,1
951,9,0.2055799812078476,2,1
952,9,0.10202023759484291,2,1
953,-1,0.07673112954944372,12,1
954,-50,0.11544823579490185,50,0
955,4,0.08434063395751375,7,1
956,8,0.1145989994208018,3,1
957,8,0.15236733853816986,3,1
958,10,0.05235927924513817,1,1
959,9,0.02896333672106266,2,1
960,-50,0.11129696674644947,50,0
961,9,0.07113196328282356,2,1
962,10,0.015972673892974854,1,1
963,-12,0.08175052454074223,3,0
964,8,0.05489368923008442,3,1
965,-6,0.10690821247065768,17,1
966,7,0.049543156288564205,4,1
967,-50,0.10387140617705881,50,0
968,10,0.034976787865161896,1,1
969,9,0.06361278519034386,2,1
970,10,0.08851318806409836,1,1
971,9,0.25287242233753204,2,1
972,9,0.08717424049973488,2,1
973,8,0.12888524743417898,3,1
974,-26,0.10010755525247471,37,1
975,10,0.04857419431209564,1,1
976,-29,0.118016286380589,20,0
977,10,0.03779694065451622,1,1
978,7,0.042738030198961496,4,1
979,-10,0.11746064573526382,1,0
980,6,0.13580487221479415,5,1
981,9,0.03047786746174097,2,1
982,9,0.28317709639668465,2,1
983,8,0.027936556997398537,3,1
984,9,0.07521890103816986,2,1
985,9,0.0656475331634283,2,1
986,8,0.18629499152302742,3,1
987,9,0.06304684653878212,2,1
988,9,0.04609539732336998,2,1
989,10,0.08593350648880005,1,1
990,10,0.051762454211711884,1,1
991,5,0.023861378741761047,6,1
992,9,0.030966893769800663,2,1
993,8,0.18440326054890951,3,1
994,8,0.030984237790107727,3,1
995,-22,0.1117135945594672,33,1
996,10,0.08623184263706207,1,1
997,9,0.09861893951892853,2,1
998,5,0.07341805038352807,6,1
999,8,0.034690274546543755,3,1
1000,10,0.1158052533864975,1,1
1,10,0.11008129268884659,1,1
2,9,0.031446048989892006,2,1
3,7,0.051798329688608646,4,1
4,9,0.03687087632715702,2,1
5,9,0.05626942869275808,2,1
6,7,0.12887980788946152,4,1
7,-50,0.1424206934683025,50,0
8,8,0.1781122237443924,3,1
9,7,0.16456907475367188,4,1
10,-7,0.12080809587819709,18,1
11,9,0.04207495041191578,2,1
12,7,0.04608155321329832,4,1
13,7,0.180621650069952,4,1
14,9,0.17125412868335843,2,1
15,7,0.10965844616293907,4,1
16,8,0.12592210123936334,3,1
17,7,0.06428155349567533,4,1
18,-10,0.021621454507112503,1,0
19,8,0.08700504650672276,3,1
20,8,0.04215077497065067,3,1
21,7,0.07118327869102359,4,1
22,9,0.08414040133357048,2,1
23,7,0.27436973340809345,4,1
24,-10,0.08940239995718002,1,0
25,8,0.20599447997907797,3,1
26,9,0.3348436187952757,2,1
27,-27,0.12981169979627194,38,1
28,8,0.06759109596411388,3,1
29,-10,0.09789906442165375,1,0
30,-13,0.1269317405919234,24,1
31,6,0.18042031824588775,5,1
32,8,0.242831751704216,3,1
33,8,0.13937277036408582,3,1
34,7,0.08121847547590733,4,1
35,-13,0.05763909965753555,4,0
36,6,0.12898119688034057,5,1
37,9,0.13468486070632935,2,1
38,9,0.12107651680707932,2,1
39,-14,0.18413852486759424,25,1
40,9,0.13457251712679863,2,1
41,8,0.23468959207336107,3,1
42,7,0.1202780029270798,4,1
43,6,0.1793091729283333,5,1
44,9,0.2788369879126549,2,1
45,8,0.2239641547203064,3,1
46,9,0.0967293493449688,2,1
47,6,0.1255175605416298,5,1
48,6,0.1561457969248295,5,1
49,7,0.19113775249570608,4,1
50,8,0.20476959521571794,3,1
51,8,0.11627564082543056,3,1
52,10,0.055665403604507446,1,1
53,10,0.04133870452642441,1,1
54,9,0.15725481882691383,2,1
55,8,0.2544874648253123,3,1
56,10,0.02188454009592533,1,1
57,9,0.09707720205187798,2,1
58,5,0.20382997610916695,6,1
59,-50,0.12252245109528304,50,0
60,-16,0.18685264672551835,7,0
61,8,0.04739078631003698,3,1
62,10,0.0272871982306242,1,1
63,7,0.4539948748424649,4,1
64,8,0.15117243103062114,3,1
65,-28,0.15811891786945173,39,1
66,-10,0.14039874076843262,1,0
67,9,0.02838024590164423,2,1
68,6,0.15888337269425393,5,1
69,-50,0.16911141831427812,50,0
70,-14,0.0909387856721878,5,0
71,10,0.19351796805858612,1,1
72,10,0.33323314785957336,1,1
73,9,0.07995857670903206,2,1
74,10,0.0361020490527153,1,1
75,10,0.10932415723800659,1,1
76,8,0.3666643624504407,3,1
77,7,0.22511027473956347,4,1
78,10,0.5736899375915527,1,1
79,9,0.057951560243964195,2,1
80,10,0.10509520769119263,1,1
81,6,0.23870345205068588,5,1
82,8,0.19992336630821228,3,1
83,-14,0.13453186064958572,25,1
84,10,0.2318221628665924,1,1
85,9,0.13444744795560837,2,1
86,7,0.08987409994006157,4,1
87,8,0.09064160908261935,3,1
88,-10,0.05628742277622223,1,0
89,8,0.392594334979852,3,1
90,7,0.16173909977078438,4,1
91,10,0.5429602861404419,1,1
92,9,0.26708458736538887,2,1
93,7,0.16945630963891745,4,1
94,9,0.3270341753959656,2,1
95,7,0.09223820548504591,4,1
96,10,0.03914794325828552,1,1
97,7,0.11105270683765411,4,1
98,10,0.11170375347137451,1,1
99,9,0.04617889039218426,2,1
100,-50,0.1962837253883481,50,0
101,8,0.07364740905662377,3,1
102,-17,0.2001393365540675,28,1
103,9,0.24037743359804153,2,1
104,8,0.08181345711151759,3,1
105,6,0.08950288817286492,5,1
106,7,0.20045364275574684,4,1
107,-10,0.05188598856329918,1,0
108,10,0.09605841338634491,1,1
109,10,0.023009030148386955,1,1
110,9,0.07417312078177929,2,1
111,7,0.10618891380727291,4,1
112,9,0.32726728916168213,2,1
113,9,0.24934424459934235,2,1
114,10,0.15386691689491272,1,1
115,-50,0.15810174647718667,50,0
116,7,0.13683275133371353,4,1
117,10,0.06836813688278198,1,1
118,8,0.24280152718226114,3,1
119,10,0.14647909998893738,1,1
120,7,0.08392192609608173,4,1
121,8,0.18385009840130806,3,1
122,7,0.15188878262415528,4,1
123,6,0.2208763837814331,5,1
124,10,0.10223060846328735,1,1
125,9,0.0864949319511652,2,1
126,-2,0.11541113020995489,13,1
127,8,0.1093600591023763,3,1
128,-50,0.16037883736193181,50,0
129,7,0.1871178951114416,4,1
130,7,0.16732564195990562,4,1
131,5,0.21781466994434595,6,1
132,7,0.06620668713003397,4,1
133,9,0.13875550776720047,2,1
134,-25,0.19480473175644875,36,1
135,8,0.3349112371603648,3,1
136,10,0.07865840196609497,1,1
137,8,0.45860778788725537,3,1
138,-11,0.16593098869039255,22,1
139,-50,0.14791083667427302,50,0
140,10,0.08265281468629837,1,1
141,10,0.026702195405960083,1,1
142,10,0.34395793080329895,1,1
143,-17,0.17581205302849412,28,1
144,8,0.08941718563437462,3,1
145,-12,0.10207864393790562,3,0
146,10,0.051428861916065216,1,1
147,10,0.4262264370918274,1,1
148,9,0.0727219432592392,2,1
149,9,0.04302180651575327,2,1
150,4,0.12144503582801137,7,1
151,-10,0.05265338718891144,1,0
152,-28,0.17207734776954903,19,0
153,9,0.39052874594926834,2,1
154,9,0.05291939899325371,2,1
155,-50,0.10099227409809827,50,0
156,7,0.17093788273632526,4,1
157,-18,0.09421833566036718,29,1
158,10,0.15343458950519562,1,1
159,5,0.1629159708196918,6,1
160,9,0.07791698724031448,2,1
161,7,0.18903564289212227,4,1
162,7,0.10528765246272087,4,1
163,10,0.22606009244918823,1,1
164,10,0.2151811718940735,1,1
165,10,0.06644321978092194,1,1
166,-26,0.11965864572069936,37,1
167,8,0.08890597522258759,3,1
168,8,0.08311905960241954,3,1
169,8,0.16577948878208795,3,1
170,9,0.37202271074056625,2,1
171,8,0.18207605928182602,3,1
172,6,0.11518064439296723,5,1
173,8,0.11559633910655975,3,1
174,10,0.11773817241191864,1,1
175,9,0.06493943370878696,2,1
176,5,0.15273051460584006,6,1
177,10,0.03154246509075165,1,1
178,6,0.10359979420900345,5,1
179,10,0.208555668592453,1,1
180,8,0.042423784732818604,3,1
181,8,0.06516242275635402,3,1
182,9,0.14102178812026978,2,1
183,7,0.1346598006784916,4,1
184,8,0.17449489732583365,3,1
185,-50,0.14102478120476009,50,0
186,8,0.06162955115238825,3,1
187,10,0.04013495892286301,1,1
188,8,0.04208330623805523,3,1
189,10,0.08859150111675262,1,1
190,10,0.09601953625679016,1,1
191,8,0.21518317858378092,3,1
192,9,0.043865956366062164,2,1
193,-9,0.1042630111798644,20,1
194,10,0.03005027398467064,1,1
195,3,0.0897235139273107,8,1
196,8,0.042362249145905174,3,1
197,9,0.04185917042195797,2,1
198,2,0.2058051069163614,9,1
199,10,0.046435292810201645,1,1
200,8,0.07167413458228111,3,1
201,9,0.05342265032231808,2,1
202,9,0.08724597096443176,2,1
203,-10,0.06753140687942505,1,0
204,10,0.015421049669384956,1,1
205,-4,0.07109316053489843,15,1
206,6,0.1557330247014761,5,1
207,8,0.17299869656562805,3,1
208,-50,0.11664341162890196,50,0
209,8,0.24871018156409264,3,1
210,-24,0.11637082254248006,35,1
211,9,0.11995269358158112,2,1
212,-23,0.1288465059229306,14,0
213,10,0.038785047829151154,1,1
214,10,0.023452699184417725,1,1
215,8,0.04503176733851433,3,1
216,7,0.14072131318971515,4,1
217,7,0.042036985512822866,4,1
218,10,0.057613421231508255,1,1
219,8,0.13914685448010763,3,1
220,6,0.0655265711247921,5,1
221,7,0.13749789958819747,4,1
222,8,0.04972226110597452,3,1
223,9,0.05035133846104145,2,1
224,8,0.07111740484833717,3,1
225,7,0.20779979042708874,4,1
226,6,0.07152037471532821,5,1
227,9,0.03536745999008417,2,1
228,-50,0.08368410918861628,50,0
229,9,0.2989819189533591,2,1
230,9,0.07938165590167046,2,1
231,-36,0.1260352206832551,47,1
232,10,0.03862810134887695,1,1
233,10,0.07563941180706024,1,1
234,5,0.08203075577815373,6,1
235,-25,0.11747787636704743,36,1
236,8,0.08289939537644386,3,1
237,8,0.07789113124211629,3,1
238,-29,0.11425294792279601,20,0
239,8,0.09955044090747833,3,1
240,9,0.30729369819164276,2,1
241,6,0.07000202387571335,5,1
242,6,0.08905523456633091,5,1
243,-36,0.09135321858636242,47,1
244,5,0.10336277820169926,6,1
245,8,0.2128843292593956,3,1
246,10,0.03377322107553482,1,1
247,9,0.05030423775315285,2,1
248,9,0.5090474635362625,2,1
249,-50,0.10405672555789351,50,0
250,8,0.018886760498086613,3,1
251,8,0.039739844699700676,3,1
252,10,0.1252223402261734,1,1
253,10,0.4377692937850952,1,1
254,7,0.23425354436039925,4,1
255,8,0.07565911610921223,3,1
256,7,0.08700977452099323,4,1
257,8,0.16532567391792932,3,1
258,7,0.07318406365811825,4,1
259,8,0.06955619094272454,3,1
260,-20,0.10869892974468795,11,0
261,-35,0.11624230654991191,46,1
262,10,0.18838897347450256,1,1
263,10,0.03549429029226303,1,1
264,9,0.038544731214642525,2,1
265,8,0.0897178662319978,3,1
266,8,0.027264903609951336,3,1
267,7,0.06579086964484304,4,1
268,10,0.45948928594589233,1,1
269,9,0.10855848528444767,2,1
270,5,0.11812218480433027,6,1
271,-10,0.04854348301887512,1,0
272,-35,0.10238019222966753,26,0
273,-10,0.01907794363796711,1,0
274,-11,0.12714150033637203,22,1
275,8,0.04724823931852976,3,1
276,8,0.2553143786887328,3,1
277,5,0.11437314997116725,6,1
278,-5,0.10067563084885478,16,1
279,9,0.04309903550893068,2,1
280,8,0.08821727335453033,3,1
281,8,0.04070281361540159,3,1
282,10,0.12253408133983612,1,1
283,9,0.05760463885962963,2,1
284,9,0.0781322792172432,2,1
285,-50,0.12746989250183105,50,0
286,8,0.1362216646472613,3,1
287,8,0.16806873803337416,3,1
288,7,0.05775060039013624,4,1
289,8,0.12360475709040959,3,1
290,-11,0.014970511198043823,2,0
291,8,0.22926675900816917,3,1
292,8,0.14866861204306284,3,1
293,-50,0.11235957551747561,50,0
294,9,0.33990800380706787,2,1
295,9,0.08645975589752197,2,1
296,-5,0.20723368786275387,16,1
297,9,0.023670800495892763,2,1
298,-39,0.16088488791137934,30,0
299,8,0.24003430952628454,3,1
300,8,0.16031059622764587,3,1
301,7,0.3182979356497526,4,1
302,7,0.2575979623943567,4,1
303,8,0.07996749132871628,3,1
304,-17,0.1087913908995688,8,0
305,-5,0.12414900120347738,16,1
306,10,0.5494489073753357,1,1
307,7,0.27887098863720894,4,1
308,7,0.18125476501882076,4,1
309,9,0.3080289885401726,2,1
310,7,0.2641050908714533,4,1
311,8,0.2984040528535843,3,1
312,-10,0.7078952789306641,1,0
313,8,0.12672516827781996,3,1
314,10,0.15407441556453705,1,1
315,4,0.17066645781908715,7,1
316,8,0.15971705317497253,3,1
317,9,0.09304044023156166,2,1
318,-37,0.15960094472393394,48,1
319,10,0.020155012607574463,1,1
320,7,0.2619732986204326,4,1
321,7,0.12644251435995102,4,1
322,9,0.07558700069785118,2,1
323,9,0.14134278148412704,2,1
324,10,0.5612319111824036,1,1
325,10,0.09512791782617569,1,1
326,7,0.22607805021107197,4,1
327,6,0.28362551983445883,5,1
328,-11,0.2085762359201908,2,0
329,9,0.12180547416210175,2,1
330,4,0.24778358159320696,7,1
331,7,0.1763034164905548,4,1
332,9,0.3013705611228943,2,1
333,7,0.06370119750499725,4,1
334,6,0.18120231106877327,5,1
335,8,0.12204430003960927,3,1
336,8,0.033365207413832344,3,1
337,-17,0.19114158768206835,28,1
338,9,0.1579342857003212,2,1
339,9,0.28577736020088196,2,1
340,9,0.2504543215036392,2,1
341,5,0.1364081216355165,6,1
342,7,0.12996088713407516,4,1
343,9,0.25919751077890396,2,1
344,10,0.03066888079047203,1,1
345,7,0.15650500636547804,4,1
346,-12,0.11262694249550502,3,0
347,-10,0.03817783668637276,1,0
348,7,0.13406852446496487,4,1
349,-38,0.15461893769323218,49,1
350,-29,0.1660270170774311,40,1
351,8,0.0560149202744166,3,1
352,7,0.20051631703972816,4,1
353,10,0.06216404587030411,1,1
354,10,0.19092728197574615,1,1
355,10,0.017969580367207527,1,1
356,8,0.23314199099938074,3,1
357,7,0.10349331703037024,4,1
358,-50,0.19839110277593136,50,0
359,10,0.024037398397922516,1,1
360,9,0.14221437275409698,2,1
361,8,0.10575451701879501,3,1
362,-10,0.19286789062122503,21,1
363,9,0.1376685816794634,2,1
364,9,0.06574160978198051,2,1
365,9,0.24105904251337051,2,1
366,8,0.06859861438473065,3,1
367,7,0.2047021947801113,4,1
368,8,0.1518708976606528,3,1
369,9,0.39573708176612854,2,1
370,7,0.2626267680898309,4,1
371,6,0.21111823841929436,5,1
372,-25,0.13676714514278704,36,1
373,-6,0.16652207887348006,17,1
374,4,0.14020652270742825,7,1
375,8,0.05112308139602343,3,1
376,9,0.07722020149230957,2,1
377,4,0.15856020525097847,7,1
378,2,0.13403542733026874,9,1
379,-10,0.06812972575426102,1,0
380,8,0.0479441142330567,3,1
381,9,0.09484602510929108,2,1
382,6,0.2654837742447853,5,1
383,10,0.16427546739578247,1,1
384,8,0.12566753725210825,3,1
385,-10,0.23080426454544067,1,0
386,8,0.16413447260856628,3,1
387,10,0.06717230379581451,1,1
388,9,0.18720745295286179,2,1
389,8,0.2203665425380071,3,1
390,10,0.17149823904037476,1,1
391,6,0.0889582946896553,5,1
392,7,0.24060113169252872,4,1
393,-24,0.16054069213569164,35,1
394,9,0.19448444247245789,2,1
395,10,0.37492474913597107,1,1
396,6,0.15262872874736785,5,1
397,9,0.11479983478784561,2,1
398,9,0.21530135720968246,2,1
399,10,0.4028316140174866,1,1
400,9,0.19083664566278458,2,1
401,10,0.2063385248184204,1,1
402,10,0.04664406552910805,1,1
403,7,0.08281638100743294,4,1
404,9,0.05843790993094444,2,1
405,8,0.1315820316473643,3,1
406,7,0.13527506031095982,4,1
407,8,0.2720868041117986,3,1
408,9,0.1172907892614603,2,1
409,-18,0.1114596575498581,9,0
410,10,0.47561201453208923,1,1
411,-8,0.22942326198282995,19,1
412,10,0.05425717681646347,1,1
413,10,0.050158172845840454,1,1
414,-50,0.20154280610382558,50,0
415,3,0.25612631533294916,8,1
416,10,0.08009880781173706,1,1
417,7,0.0984366275370121,4,1
418,-1,0.16820763610303402,12,1
419,9,0.15695790573954582,2,1
420,10,0.09961587190628052,1,1
421,7,0.21873286738991737,4,1
422,9,0.3101491630077362,2,1
423,7,0.1579392272979021,4,1
424,9,0.0534769743680954,2,1
425,9,0.0859546959400177,2,1
426,10,0.10109977424144745,1,1
427,10,0.18212656676769257,1,1
428,7,0.2329959012567997,4,1
429,7,0.1380789028480649,4,1
430,9,0.09774310514330864,2,1
431,10,0.04060085490345955,1,1
432,7,0.182672624476254,4,1
433,-10,0.04811915010213852,1,0
434,8,0.3100949327150981,3,1
435,-31,0.19218020208857275,22,0
436,10,0.09786142408847809,1,1
437,8,0.3165144920349121,3,1
438,6,0.21928763166069984,5,1
439,6,0.13443164601922036,5,1
440,-50,0.15859657861292362,50,0
441,7,0.07517440617084503,4,1
442,7,0.09669021517038345,4,1
443,7,0.06987073551863432,4,1
444,10,0.04715440422296524,1,1
445,8,0.05901521071791649,3,1
446,-50,0.15283884942531586,50,0
447,10,0.2048577070236206,1,1
448,-50,0.17167828749865294,50,0
449,7,0.17508609499782324,4,1
450,9,0.07721850834786892,2,1
451,6,0.27998390793800354,5,1
452,9,0.17274782434105873,2,1
453,6,0.20825268179178238,5,1
454,5,0.2197187915444374,6,1
455,9,0.04529345780611038,2,1
456,8,0.14993825306495032,3,1
457,6,0.26775790452957154,5,1
458,6,0.2039207324385643,5,1
459,10,0.18331781029701233,1,1
460,10,0.45118939876556396,1,1
461,10,0.0732763260602951,1,1
462,9,0.07255269773304462,2,1
463,8,0.12483309457699458,3,1
464,9,0.09562583640217781,2,1
465,8,0.2668043524026871,3,1
466,9,0.053462808951735497,2,1
467,8,0.1322526882092158,3,1
468,10,0.20432251691818237,1,1
469,7,0.0823909118771553,4,1
470,8,0.1114179790019989,3,1
471,10,0.07535401731729507,1,1
472,10,0.22232404351234436,1,1
473,8,0.14152163018782934,3,1
474,8,0.15860330065091452,3,1
475,9,0.19531384110450745,2,1
476,10,0.07960601150989532,1,1
477,9,0.2533800844103098,2,1
478,7,0.09985095541924238,4,1
479,9,0.11839285679161549,2,1
480,9,0.1472928151488304,2,1
481,-10,0.5486136078834534,1,0
482,6,0.15125302821397782,5,1
483,10,0.10303854942321777,1,1
484,6,0.09075519517064094,5,1
485,9,0.07260918244719505,2,1
486,7,0.3572206050157547,4,1
487,10,0.04667928069829941,1,1
488,10,0.22757236659526825,1,1
489,8,0.0676557682454586,3,1
490,9,0.10145238600671291,2,1
491,10,0.07707694172859192,1,1
492,9,0.2664242684841156,2,1
493,8,0.09817932918667793,3,1
494,8,0.037178936724861465,3,1
495,-26,0.11207783609830044,37,1
496,8,0.1583785985906919,3,1
497,10,0.20285318791866302,1,1
498,9,0.25454363226890564,2,1
499,7,0.11268226616084576,4,1
500,10,0.09352400153875351,1,1
501,-10,0.12104880366296995,21,1
502,10,0.05241185426712036,1,1
503,10,0.04420916736125946,1,1
504,-20,0.16041991054531066,31,1
505,7,0.13086607679724693,4,1
506,8,0.14071398476759592,3,1
507,10,0.0784805417060852,1,1
508,9,0.09804992191493511,2,1
509,9,0.07102200761437416,2,1
510,9,0.17024308070540428,2,1
511,9,0.3876151666045189,2,1
512,6,0.09668866619467735,5,1
513,10,0.04461665451526642,1,1
514,8,0.1348052422205607,3,1
515,8,0.24184096728761992,3,1
516,8,0.04179762055476507,3,1
517,10,0.037293627858161926,1,1
518,10,0.5091528296470642,1,1
519,-50,0.13629694070667028,50,0
520,7,0.1745249181985855,4,1
521,10,0.1076708510518074,1,1
522,9,0.1725027859210968,2,1
523,-13,0.197438832372427,4,0
524,-50,0.15663171097636222,50,0
525,-50,0.12658946432173251,50,0
526,9,0.10843583196401596,2,1
527,9,0.13473247922956944,2,1
528,8,0.036011011650164924,3,1
529,9,0.09268980100750923,2,1
530,-50,0.08306901084259152,50,0
531,8,0.07853526808321476,3,1
532,7,0.05304316524416208,4,1
533,9,0.03796340059489012,2,1
534,-24,0.1103216588763254,35,1
535,-50,0.1009341249242425,50,0
536,10,0.07362104952335358,1,1
537,9,0.24671345204114914,2,1
538,6,0.04957470931112766,5,1
539,10,0.03177589923143387,1,1
540,10,0.030853258445858955,1,1
541,7,0.05524439224973321,4,1
542,6,0.14517184421420098,5,1
543,7,0.042586629278957844,4,1
544,9,0.029331889003515244,2,1
545,8,0.0788499837120374,3,1
546,9,0.24140614829957485,2,1
547,6,0.1723013274371624,5,1
548,-50,0.05782630953937769,50,0
549,9,0.20521503686904907,2,1
550,8,0.08750433723131816,3,1
551,9,0.06256272085011005,2,1
552,6,0.18007095716893673,5,1
553,6,0.034286622703075406,5,1
554,9,0.02164926566183567,2,1
555,-11,0.07895683581856164,22,1
556,8,0.03241503487030665,3,1
557,8,0.18595212201277414,3,1
558,-18,0.11249826745026642,9,0
559,9,0.04016660526394844,2,1
560,9,0.03657529316842556,2,1
561,8,0.0933790107568105,3,1
562,10,0.019220611080527306,1,1
563,-50,0.1015284075960517,50,0
564,9,0.07234957627952099,2,1
565,9,0.034660737961530685,2,1
566,10,0.021448761224746704,1,1
567,8,0.038218567768732704,3,1
568,10,0.03633316606283188,1,1
569,10,0.30302533507347107,1,1
570,8,0.06690239533782005,3,1
571,8,0.22049278020858765,3,1
572,7,0.09231488779187202,4,1
573,8,0.24272983148694038,3,1
574,7,0.0630302894860506,4,1
575,10,0.017456993460655212,1,1
576,8,0.05155248008668423,3,1
577,9,0.037272658199071884,2,1
578,10,0.11698906123638153,1,1
579,9,0.018712076358497143,2,1
580,5,0.13473662765075764,6,1
581,-50,0.10074492635205388,50,0
582,9,0.2267575655132532,2,1
583,6,0.07253843769431115,5,1
584,7,0.06468451069667935,4,1
585,7,0.1553213163278997,4,1
586,-50,0.09109393507242203,50,0
587,8,0.07432721431056659,3,1
588,10,0.023002848029136658,1,1
589,-50,0.08928767984732985,50,0
590,8,0.06308411930998166,3,1
591,10,0.08142426609992981,1,1
592,8,0.047727692717065416,3,1
593,9,0.04171348735690117,2,1
594,8,0.1094818189740181,3,1
595,10,0.4200560748577118,1,1
596,5,0.1251906044781208,6,1
597,10,0.04826008901000023,1,1
598,8,0.07918526232242584,3,1
599,-50,0.07628124292939902,50,0
600,8,0.14172314728299776,3,1
601,8,0.1537111463646094,3,1
602,8,0.05225660465657711,3,1
603,9,0.026860801503062248,2,1
604,9,0.01669948175549507,2,1
605,6,0.05668664500117302,5,1
606,-11,0.038438811898231506,2,0
607,10,0.01256939209997654,1,1
608,9,0.07015584409236908,2,1
609,0,0.0863295727494088,11,1
610,7,0.030166750075295568,4,1
611,10,0.10564456880092621,1,1
612,-50,0.13713740106672048,50,0
613,-37,0.0984089898217159,48,1
614,7,0.06484233308583498,4,1
615,8,0.03850464150309563,3,1
616,7,0.1419244292192161,4,1
617,-12,0.13097140298265478,23,1
618,9,0.06709671951830387,2,1
619,-9,0.08347602472640574,20,1
620,-15,0.09053879747023949,26,1
621,10,0.123040571808815,1,1
622,8,0.08206016073624293,3,1
623,10,0.15769422054290771,1,1
624,9,0.0708052683621645,2,1
625,7,0.15630755480378866,4,1
626,6,0.1868198484182358,5,1
627,10,0.06288424134254456,1,1
628,9,0.20772898197174072,2,1
629,-31,0.13199983503935592,42,1
630,9,0.024592732079327106,2,1
631,9,0.033112918958067894,2,1
632,0,0.05475766516544602,11,1
633,-9,0.11950810654088855,20,1
634,8,0.08100996663173039,3,1
635,-50,0.11476349409669638,50,0
636,8,0.0525034728149573,3,1
637,9,0.09814632683992386,2,1
638,8,0.07817232857147853,3,1
639,9,0.12594718113541603,2,1
640,8,0.04847905784845352,3,1
641,10,0.16837839782238007,1,1
642,-10,0.13883891701698303,1,0
643,7,0.0912579856812954,4,1
644,6,0.05155592039227486,5,1
645,9,0.06277550384402275,2,1
646,8,0.11631697416305542,3,1
647,7,0.08653070777654648,4,1
648,5,0.08711402614911397,6,1
649,-9,0.1101600132882595,20,1
650,-50,0.09466389961540699,50,0
651,9,0.12691547721624374,2,1
652,9,0.03629695437848568,2,1
653,6,0.03838876783847809,5,1
654,9,0.03361271042376757,2,1
655,-28,0.09576320422715262,19,0
656,8,0.05605175097783407,3,1
657,9,0.10707365721464157,2,1
658,10,0.06743766367435455,1,1
659,9,0.11194690316915512,2,1
660,7,0.09240347985178232,4,1
661,-6,0.07072826529688694,17,1
662,7,0.061386894434690475,4,1
663,10,0.03411504626274109,1,1
664,-50,0.08467737920582294,50,0
665,7,0.03469780972227454,4,1
666,-12,0.12944932346758636,23,1
667,9,0.03129000961780548,2,1
668,9,0.09421927481889725,2,1
669,-24,0.08780976278441292,35,1
670,7,0.118531983345747,4,1
671,10,0.12011206150054932,1,1
672,9,0.12863430380821228,2,1
673,10,0.04734156280755997,1,1
674,9,0.047526825219392776,2,1
675,7,0.11851316969841719,4,1
676,-9,0.09881039410829544,20,1
677,8,0.08561268945535024,3,1
678,10,0.09518706053495407,1,1
679,-12,0.0541928398112456,3,0
680,-10,0.055922992527484894,1,0
681,7,0.0666721947491169,4,1
682,10,0.05092904344201088,1,1
683,7,0.11960012000054121,4,1
684,9,0.16040437668561935,2,1
685,9,0.0706557147204876,2,1
686,9,0.09527791477739811,2,1
687,10,0.06499649584293365,1,1
688,6,0.06486220136284829,5,1
689,7,0.07006915658712387,4,1
690,8,0.09504206975301106,3,1
691,10,0.04389803111553192,1,1
692,10,0.4893247187137604,1,1
693,9,0.16376319900155067,2,1
694,8,0.07618587960799535,3,1
695,6,0.07851052358746528,5,1
696,2,0.0953755954073535,9,1
697,10,0.11623331904411316,1,1
698,10,0.11513618379831314,1,1
699,-50,0.09014786101877689,50,0
700,9,0.03060859628021717,2,1
701,9,0.07114323228597641,2,1
702,10,0.10606594383716583,1,1
703,10,0.09321049600839615,1,1
704,7,0.0904338676482439,4,1
705,6,0.09237727373838425,5,1
706,-20,0.09779243105121198,31,1
707,-12,0.06635911252511584,23,1
708,-50,0.09749876197427511,50,0
709,9,0.02264836709946394,2,1
710,9,0.05974189005792141,2,1
711,10,0.035765327513217926,1,1
712,6,0.13429935611784458,5,1
713,8,0.15286575754483542,3,1
714,10,0.05473936349153519,1,1
715,10,0.038506850600242615,1,1
716,8,0.0733158178627491,3,1
717,9,0.140920989215374,2,1
718,7,0.0708499806933105,4,1
719,9,0.10733824223279953,2,1
720,-31,0.15231809206306934,42,1
721,8,0.09575839092334111,3,1
722,9,0.10646552592515945,2,1
723,9,0.08293391950428486,2,1
724,9,0.056939736008644104,2,1
725,8,0.09295301511883736,3,1
726,10,0.04942449927330017,1,1
727,9,0.05451025255024433,2,1
728,9,0.0696626529097557,2,1
729,10,0.1259843409061432,1,1
730,9,0.08425604924559593,2,1
731,8,0.0817628341416518,3,1
732,8,0.06671062981088956,3,1
733,7,0.04417432611808181,4,1
734,9,0.07280127331614494,2,1
735,4,0.08789028067673955,7,1
736,-12,0.0771202767888705,3,0
737,9,0.05951295420527458,2,1
738,10,0.17460951209068298,1,1
739,10,0.11672091484069824,1,1
740,7,0.09906954318284988,4,1
741,7,0.23842262756079435,4,1
742,10,0.06526617705821991,1,1
743,6,0.08024499043822289,5,1
744,10,0.08245833218097687,1,1
745,9,0.05877092853188515,2,1
746,7,0.06466122530400753,4,1
747,8,0.07040715962648392,3,1
748,9,0.07132557220757008,2,1
749,7,0.14614873565733433,4,1
750,8,0.07861982037623723,3,1
751,8,0.06073341270287832,3,1
752,10,0.15484946966171265,1,1
753,6,0.11687753722071648,5,1
754,-6,0.08416903961230726,17,1
755,10,0.0403558723628521,1,1
756,10,0.09073660522699356,1,1
757,8,0.19768057204782963,3,1
758,9,0.12322137504816055,2,1
759,10,0.07324564456939697,1,1
760,8,0.08565094942847888,3,1
761,9,0.23984353244304657,2,1
762,7,0.1427148450165987,4,1
763,10,0.042962487787008286,1,1
764,6,0.10267811939120293,5,1
765,9,0.023847288452088833,2,1
766,10,0.13089033961296082,1,1
767,6,0.06421349942684174,5,1
768,9,0.08632564544677734,2,1
769,5,0.06828850569824378,6,1
770,9,0.05969500541687012,2,1
771,10,0.03082791343331337,1,1
772,10,0.12376067787408829,1,1
773,9,0.04558540694415569,2,1
774,9,0.048359121195971966,2,1
775,8,0.20565930753946304,3,1
776,9,0.02760673686861992,2,1
777,9,0.09146074205636978,2,1
778,10,0.09026771038770676,1,1
779,9,0.1151077076792717,2,1
780,9,0.1243526991456747,2,1
781,-3,0.09159470283027206,14,1
782,-26,0.09200131963636424,37,1
783,7,0.18415582925081253,4,1
784,10,0.10331577062606812,1,1
785,7,0.08709072507917881,4,1
786,8,0.05434255674481392,3,1
787,8,0.1152098427216212,3,1
788,10,0.07657779008150101,1,1
789,8,0.08079968765377998,3,1
790,10,0.2780458927154541,1,1
791,8,0.06509902824958165,3,1
792,-50,0.09629317119717598,50,0
793,9,0.11845358088612556,2,1
794,9,0.04408986121416092,2,1
795,8,0.06383098661899567,3,1
796,7,0.13735453225672245,4,1
797,10,0.0825532078742981,1,1
798,9,0.04014072194695473,2,1
799,-14,0.09402412533760071,25,1
800,10,0.13206005096435547,1,1
801,-15,0.10206176469532344,26,1
802,6,0.0805312730371952,5,1
803,9,0.05640517920255661,2,1
804,-7,0.0775068314332101,18,1
805,9,0.09778755530714989,2,1
806,-10,0.05270039290189743,1,0
807,8,0.08409160748124123,3,1
808,7,0.07282228674739599,4,1
809,9,0.040786923840641975,2,1
810,10,0.048924099653959274,1,1
811,6,0.057413164526224136,5,1
812,9,0.06315615214407444,2,1
813,10,0.20613016188144684,1,1
814,10,0.041258469223976135,1,1
815,-9,0.07618945129215718,20,1
816,10,0.07801685482263565,1,1
817,-6,0.08039412088692188,17,1
818,9,0.04708312265574932,2,1
819,7,0.08074846211820841,4,1
820,-21,0.08967933466192335,32,1
821,9,0.1614061202853918,2,1
822,7,0.10334227280691266,4,1
823,9,0.05047097988426685,2,1
824,5,0.030003373821576435,6,1
825,10,0.08152701705694199,1,1
826,-50,0.07663166208192707,50,0
827,6,0.06027276664972305,5,1
828,8,0.051335105672478676,3,1
829,10,0.027758628129959106,1,1
830,-11,0.05015126992525025,22,1
831,-8,0.0670984319754337,19,1
832,8,0.061626129473249115,3,1
833,-22,0.04444401188252064,13,0
834,6,0.04779412634670734,5,1
835,10,0.01932271011173725,1,1
836,8,0.08520520478487015,3,1
837,-50,0.058289177920669316,50,0
838,-9,0.10348267620429397,20,1
839,-50,0.08990855557844042,50,0
840,6,0.059697413444519044,5,1
841,8,0.05579201877117157,3,1
842,-50,0.0626879346370697,50,0
843,7,0.037078669760376215,4,1
844,5,0.04453746881335974,6,1
845,9,0.2605478763580322,2,1
846,9,0.054105074144899845,2,1
847,-30,0.059815498818529815,41,1
848,9,0.1776377111673355,2,1
849,9,0.03066799882799387,2,1
850,8,0.03610081970691681,3,1
851,-50,0.06845793429762125,50,0
852,-4,0.08720687720924616,15,1
853,9,0.08317133784294128,2,1
854,7,0.17813081201165915,4,1
855,10,0.2689341902732849,1,1
856,10,0.18203365802764893,1,1
857,9,0.03705444931983948,2,1
858,-11,0.06891068816184998,2,0
859,8,0.041782877097527184,3,1
860,10,0.19006164371967316,1,1
861,1,0.12864141343161464,10,1
862,8,0.09525050098697345,3,1
863,9,0.06221107579767704,2,1
864,10,0.05934096872806549,1,1
865,9,0.01449031662195921,2,1
866,8,0.07993395067751408,3,1
867,9,0.028689824044704437,2,1
868,10,0.06472540646791458,1,1
869,8,0.09214238667239745,3,1
870,9,0.11750013008713722,2,1
871,8,0.11940974990526836,3,1
872,4,0.11607238224574498,7,1
873,7,0.055482867639511824,4,1
874,10,0.07304716110229492,1,1
875,10,0.1748153120279312,1,1
876,10,0.025911737233400345,1,1
877,9,0.09396194852888584,2,1
878,6,0.1661276027560234,5,1
879,9,0.05306507647037506,2,1
880,-11,0.07385774049907923,2,0
881,9,0.10676981136202812,2,1
882,7,0.059435995761305094,4,1
883,7,0.10115689039230347,4,1
884,10,0.02339659258723259,1,1
885,10,0.06602893769741058,1,1
886,3,0.08620110852643847,8,1
887,10,0.09412308782339096,1,1
888,-50,0.07322706768289208,50,0
889,6,0.17443449944257736,5,1
890,-50,0.12372194515541196,50,0
891,8,0.3223397334416707,3,1
892,9,0.08582829684019089,2,1
893,8,0.06600302085280418,3,1
894,9,0.06613646261394024,2,1
895,-14,0.09926029838621617,25,1
896,7,0.3005038872361183,4,1
897,8,0.07424538085858028,3,1
898,7,0.061480249278247356,4,1
899,-20,0.16785979150764405,31,1
900,8,0.05381295705835024,3,1
901,-31,0.13034392343390555,42,1
902,7,0.1517095472663641,4,1
903,-7,0.06810852585153447,18,1
904,10,0.028163250535726547,1,1
905,8,0.06705053150653839,3,1
906,10,0.17941704392433167,1,1
907,8,0.11491498599449794,3,1
908,-50,0.10747528273793983,41,0
909,8,0.057750096544623375,3,1
910,6,0.09591391831636428,5,1
911,4,0.10032589201416288,7,1
912,-50,0.09124300729483366,50,0
913,10,0.2231973260641098,1,1
914,9,0.05412489175796509,2,1
915,9,0.05884944833815098,2,1
916,-50,0.10776350829750299,50,0
917,6,0.04452240988612175,5,1
918,10,0.038048356771469116,1,1
919,6,0.15547372698783873,5,1
920,-1,0.058233280976613365,12,1
921,6,0.05858749970793724,5,1
922,7,0.10289735067635775,4,1
923,5,0.06363684963434935,6,1
924,10,0.06132396310567856,1,1
925,8,0.12425656740864117,3,1
926,9,0.06504668295383453,2,1
927,6,0.060369931161403656,5,1
928,-22,0.0959810031521501,33,1
929,10,0.06626621633768082,1,1
930,7,0.19913298822939396,4,1
931,10,0.21929167211055756,1,1
932,9,0.06032292731106281,2,1
933,9,0.04610294662415981,2,1
934,7,0.12609426258131862,4,1
935,-8,0.18303803393715307,19,1
936,10,0.08525301516056061,1,1
937,-10,0.03787577897310257,1,0
938,7,0.07246541697531939,4,1
939,9,0.08902663737535477,2,1
940,-22,0.13033616762946953,33,1
941,7,0.06866560317575932,4,1
942,-15,0.13086196436331823,26,1
943,7,0.1670632418245077,4,1
944,10,0.13296709954738617,1,1
945,9,0.35820621997117996,2,1
946,10,0.11802513152360916,1,1
947,10,0.4381687045097351,1,1
948,10,0.0485021248459816,1,1
949,3,0.19737559370696545,8,1
950,8,0.10539942979812622,3,1
951,9,0.05105269327759743,2,1
952,10,0.04682741314172745,1,1
953,8,0.05913818379243215,3,1
954,10,0.11435414850711823,1,1
955,-50,0.11213436853140593,50,0
956,8,0.09767949332793553,3,1
957,10,0.026723716408014297,1,1
958,9,0.27112908847630024,2,1
959,6,0.05909339152276516,5,1
960,9,0.07051756232976913,2,1
961,-50,0.14192824460566045,50,0
962,7,0.057908013463020325,4,1
963,10,0.038892410695552826,1,1
964,-50,0.09974640052765608,50,0
965,-21,0.17711047607008368,32,1
966,-11,0.23767030239105225,2,0
967,9,0.0602699089795351,2,1
968,6,0.04720377326011658,5,1
969,8,0.047548990696668625,3,1
970,4,0.08689534930246216,7,1
971,8,0.20664436866839728,3,1
972,8,0.14039847006400427,3,1
973,8,0.1523698940873146,3,1
974,8,0.10597004493077596,3,1
975,8,0.13831540445486704,3,1
976,-8,0.11330207672558333,19,1
977,8,0.1105501651763916,3,1
978,9,0.13121379166841507,2,1
979,10,0.050188858062028885,1,1
980,9,0.16943170875310898,2,1
981,9,0.2909919396042824,2,1
982,6,0.08076204583048821,5,1
983,8,0.1571940282980601,3,1
984,9,0.11685318872332573,2,1
985,8,0.05065773675839106,3,1
986,-50,0.16255443513393403,50,0
987,9,0.12811245769262314,2,1
988,3,0.12988687818869948,8,1
989,8,0.1677875816822052,3,1
990,10,0.12874922156333923,1,1
991,9,0.1043640486896038,2,1
992,9,0.0957835204899311,2,1
993,10,0.4539874792098999,1,1
994,9,0.08976690843701363,2,1
995,10,0.14939890801906586,1,1
996,9,0.07831171900033951,2,1
997,-11,0.03861653804779053,2,0
998,10,0.10830288380384445,1,1
999,8,0.14337128152449927,3,1
1000,10,0.08856771886348724,1,1
1,6,0.16955142468214035,5,1
2,8,0.1914524808526039,3,1
3,10,0.05760817974805832,1,1
4,7,0.11084552109241486,4,1
5,9,0.34082962945103645,2,1
6,8,0.2378819634517034,3,1
7,10,0.1291656196117401,1,1
8,5,0.11401634539167087,6,1
9,10,0.26956722140312195,1,1
10,9,0.14149470999836922,2,1
11,9,0.16245940700173378,2,1
12,-5,0.1253408300690353,16,1
13,8,0.1884765475988388,3,1
14,10,0.1411663144826889,1,1
15,7,0.17958506383001804,4,1
16,9,0.08225387334823608,2,1
17,10,0.10925881564617157,1,1
18,5,0.2558818074564139,6,1
19,10,0.48722127079963684,1,1
20,8,0.22483596205711365,3,1
21,5,0.1824139729142189,6,1
22,7,0.16096976585686207,4,1
23,-18,0.16745399518145454,9,0
24,9,0.10687730461359024,2,1
25,8,0.22041320552428564,3,1
26,9,0.22292274981737137,2,1
27,7,0.0698694521561265,4,1
28,9,0.17040396481752396,2,1
29,8,0.10424952457348506,3,1
30,-50,0.15800522178411483,50,0
31,-19,0.10575825907289982,10,0
32,10,0.05159234628081322,1,1
33,-14,0.15104103490710258,25,1
34,6,0.0676709160208702,5,1
35,8,0.05962769935528437,3,1
36,6,0.06942723877727985,5,1
37,8,0.22652824595570564,3,1
38,-50,0.15516287118196487,50,0
39,-10,0.06419380009174347,1,0
40,7,0.05738265812397003,4,1
41,10,0.15146033465862274,1,1
42,10,0.1233864277601242,1,1
43,8,0.15928847342729568,3,1
44,-50,0.10382481321692466,50,0
45,9,0.1548326388001442,2,1
46,10,0.3883753716945648,1,1
47,10,0.1450110226869583,1,1
48,-35,0.08887333491736132,46,1
49,7,0.11144381389021873,4,1
50,7,0.10904541984200478,4,1
51,7,0.11890728771686554,4,1
52,10,0.11906978487968445,1,1
53,-10,0.14841172099113464,1,0
54,-36,0.13441333828612845,47,1
55,7,0.07300872914493084,4,1
56,4,0.067158025556377,7,1
57,7,0.0443223814945668,4,1
58,9,0.021256787702441216,2,1
59,9,0.06181691400706768,2,1
60,7,0.10653504403308034,4,1
61,10,0.03527132049202919,1,1
62,3,0.07793459249660373,8,1
63,-25,0.11010485463258293,36,1
64,-53,0.14294168778525834,44,0
65,9,0.027753742411732674,2,1
66,8,0.0653551984578371,3,1
67,-10,0.02295832335948944,1,0
68,9,0.09848714340478182,2,1
69,7,0.17517510848119855,4,1
70,-10,0.2776951789855957,1,0
71,7,0.026088707614690065,4,1
72,9,0.06153121218085289,2,1
73,-10,0.03661894053220749,1,0
74,9,0.15003202483057976,2,1
75,9,0.05238731950521469,2,1
76,-19,0.08811218738555908,10,0
77,9,0.030928367748856544,2,1
78,7,0.07633592979982495,4,1
79,9,0.023639398626983166,2,1
80,10,0.018004337325692177,1,1
81,9,0.08049138076603413,2,1
82,-1,0.14492125739343464,12,1
83,-10,0.012392045930027962,1,0
84,-10,0.04705610126256943,1,0
85,-50,0.14208937227725982,50,0
86,7,0.07359978510066867,4,1
87,7,0.05790313705801964,4,1
88,9,0.08723094314336777,2,1
89,9,0.03859170526266098,2,1
90,9,0.09912034962326288,2,1
91,7,0.1187283443287015,4,1
92,10,0.1354408860206604,1,1
93,8,0.1271593744556109,3,1
94,10,0.020147770643234253,1,1
95,10,0.037013523280620575,1,1
96,9,0.07016577199101448,2,1
97,9,0.30376702919602394,2,1
98,8,0.28803237217168015,3,1
99,10,0.06217806786298752,1,1
100,7,0.0785561203956604,4,1
101,-19,0.15153945721685885,10,0
102,10,0.06215240806341171,1,1
103,8,0.06484226944545905,3,1
104,10,0.0388840027153492,1,1
105,7,0.29992342088371515,4,1
106,6,0.15736668929457664,5,1
107,6,0.24304428473114967,5,1
108,10,0.03966283053159714,1,1
109,9,0.18836503848433495,2,1
110,10,0.05404820665717125,1,1
111,8,0.034911432303488255,3,1
112,8,0.05621403641998768,3,1
113,8,0.18778767312566438,3,1
114,10,0.0856262743473053,1,1
115,0,0.19002242174676873,11,1
116,4,0.09294537002486843,7,1
117,10,0.04380251467227936,1,1
118,6,0.07371033653616905,5,1
119,10,0.011533628217875957,1,1
120,8,0.16719732185204825,3,1
121,-28,0.13326550637812992,19,0
122,9,0.10265328735113144,2,1
123,7,0.07558174524456263,4,1
124,-23,0.1192395490977694,34,1
125,-26,0.15950572158436518,37,1
126,-24,0.19894551948777267,35,1
127,10,0.3980245292186737,1,1
128,9,0.09295686334371567,2,1
129,7,0.07388991676270962,4,1
130,10,0.041225362569093704,1,1
131,10,0.07777911424636841,1,1
132,-50,0.13139450443908574,50,0
133,8,0.24871796928346157,3,1
134,7,0.11885397136211395,4,1
135,9,0.37859973311424255,2,1
136,0,0.21244603035632859,11,1
137,8,0.2152761903901895,3,1
138,8,0.13937601695458093,3,1
139,8,0.18072922776142755,3,1
140,10,0.0368114709854126,1,1
141,8,0.1350901946425438,3,1
142,8,0.15083274493614832,3,1
143,-21,0.21290951606351882,32,1
144,7,0.18092517275363207,4,1
145,9,0.16880677081644535,2,1
146,10,0.047337912023067474,1,1
147,8,0.09348342443505923,3,1
148,8,0.2578679770231247,3,1
149,8,0.145633893708388,3,1
150,9,0.23189890757203102,2,1
151,7,0.21879212651401758,4,1
152,5,0.09769722943504651,6,1
153,8,0.07679373274246852,3,1
154,9,0.3446473479270935,2,1
155,9,0.041499676182866096,2,1
156,7,0.177269765175879,4,1
157,-10,0.04880525916814804,1,0
158,-11,0.14851521328091621,2,0
159,4,0.19475464203527995,7,1
160,8,0.2454115798075994,3,1
161,-50,0.19844468612223864,50,0
162,8,0.19821585342288017,3,1
163,10,0.07044126093387604,1,1
164,9,0.6005869805812836,2,1
165,10,0.3522365689277649,1,1
166,7,0.3633717247284949,4,1
167,9,0.033740462735295296,2,1
168,9,0.07597750797867775,2,1
169,9,0.39697331190109253,2,1
170,9,0.07365990802645683,2,1
171,9,0.039077202789485455,2,1
172,7,0.16681866813451052,4,1
173,1,0.1401818711310625,10,1
174,-50,0.1472551122866571,50,0
175,9,0.06254449859261513,2,1
176,7,0.15761324856430292,4,1
177,7,0.10067979991436005,4,1
178,8,0.07381969069441159,3,1
179,7,0.13669107388705015,4,1
180,9,0.08213064260780811,2,1
181,-11,0.057196103036403656,2,0
182,10,0.09126747399568558,1,1
183,10,0.05572185292840004,1,1
184,8,0.1418591563900312,3,1
185,6,0.30027503371238706,5,1
186,-13,0.1440706942230463,4,0
187,10,0.017293989658355713,1,1
188,8,0.05196032797296842,3,1
189,10,0.038185153156518936,1,1
190,8,0.22612648705641428,3,1
191,10,0.4102824926376343,1,1
192,-10,0.3723379969596863,1,0
193,8,0.39642243708173436,3,1
194,7,0.1122457510791719,4,1
195,8,0.17632258559266725,3,1
196,9,0.39846770465373993,2,1
197,-2,0.1474612934085039,13,1
198,7,0.11371611151844263,4,1
199,8,0.2837193161249161,3,1
200,9,0.06980549171566963,2,1
201,10,0.1467333436012268,1,1
202,6,0.22617197632789612,5,1
203,8,0.06577830885847409,3,1
204,-3,0.17499389313161373,14,1
205,9,0.217006865888834,2,1
206,9,0.1841372698545456,2,1
207,7,0.0748197603970766,4,1
208,6,0.1353585124015808,5,1
209,8,0.27282998462518054,3,1
210,8,0.14895117779572806,3,1
211,10,0.17997649312019348,1,1
212,-10,0.046334631741046906,1,0
213,-34,0.1663959362026718,45,1
214,6,0.436352102458477,5,1
215,9,0.27643395960330963,2,1
216,10,0.11375685036182404,1,1
217,7,0.3359852824360132,4,1
218,-50,0.21245109930634498,50,0
219,9,0.06553477980196476,2,1
220,9,0.23763957619667053,2,1
221,9,0.21757508628070354,2,1
222,-27,0.20096046506966414,38,1
223,9,0.0684640146791935,2,1
224,8,0.17505897705753645,3,1
225,10,0.11027494072914124,1,1
226,7,0.12836324237287045,4,1
227,8,0.0938620666662852,3,1
228,9,0.2656675651669502,2,1
229,8,0.05802647521098455,3,1
230,10,0.09183961153030396,1,1
231,6,0.17125821635127067,5,1
232,10,0.2225656658411026,1,1
233,-30,0.18359927637946039,21,0
234,9,0.10408204048871994,2,1
235,7,0.23942084982991219,4,1
236,8,0.08793094257513683,3,1
237,8,0.09400311733285587,3,1
238,9,0.1878935620188713,2,1
239,10,0.07432407140731812,1,1
240,8,0.11414606496691704,3,1
241,-11,0.41024283319711685,2,0
242,8,0.2914283548792203,3,1
243,10,0.19710944592952728,1,1
244,3,0.34020700491964817,8,1
245,10,0.13058628141880035,1,1
246,9,0.05250037834048271,2,1
247,10,0.07593408972024918,1,1
248,9,0.07916844449937344,2,1
249,8,0.284415140748024,3,1
250,5,0.23016784340143204,6,1
251,9,0.2897779941558838,2,1
252,8,0.27076172828674316,3,1
253,10,0.12701192498207092,1,1
254,10,0.05134217068552971,1,1
255,-5,0.18045778921805322,16,1
256,10,0.04872186481952667,1,1
257,9,0.1284036748111248,2,1
258,7,0.4715748764574528,4,1
259,10,0.07548784464597702,1,1
260,10,0.04515256732702255,1,1
261,8,0.3654377559820811,3,1
262,-50,0.16718889027833939,50,0
263,7,0.10571080632507801,4,1
264,7,0.23174501955509186,4,1
265,9,0.17743323743343353,2,1
266,6,0.09609667658805847,5,1
267,-21,0.18933139368891716,32,1
268,-54,0.21649307794868947,45,0
269,8,0.17794577901562056,3,1
270,9,0.12182942777872086,2,1
271,9,0.07125432416796684,2,1
272,10,0.17738986015319824,1,1
273,7,0.17934442590922117,4,1
274,-19,0.16448610015213488,10,0
275,8,0.5018927256266276,3,1
276,7,0.16126301884651184,4,1
277,10,0.06429930031299591,1,1
278,6,0.1412710055708885,5,1
279,9,0.07587103173136711,2,1
280,-21,0.18153311451897025,32,1
281,-3,0.1125071391995464,14,1
282,6,0.19324255660176276,5,1
283,10,0.5556227564811707,1,1
284,5,0.26036981741587323,6,1
285,9,0.31531503051519394,2,1
286,8,0.0809699222445488,3,1
287,-11,0.11334849191321568,22,1
288,8,0.3489958643913269,3,1
289,-50,0.18800083734095097,50,0
290,9,0.050131916999816895,2,1
291,10,0.13864204287528992,1,1
292,6,0.29871999844908714,5,1
293,4,0.10694230241434914,7,1
294,8,0.09611101945241292,3,1
295,6,0.11608359962701797,5,1
296,-13,0.1397530362010002,4,0
297,8,0.08134565378228824,3,1
298,9,0.18479517102241516,2,1
299,9,0.1332511529326439,2,1
300,8,0.1663594637066126,3,1
301,10,0.1663098931312561,1,1
302,9,0.1502714529633522,2,1
303,-5,0.2806680640205741,16,1
304,9,0.046423088759183884,2,1
305,6,0.15340542793273926,5,1
306,-11,0.1839901332489469,22,1
307,7,0.08266457542777061,4,1
308,-11,0.17275178669528526,22,1
309,-5,0.10837737680412829,16,1
310,7,0.14694060757756233,4,1
311,9,0.09874273091554642,2,1
312,7,0.17745709605515003,4,1
313,9,0.07981384918093681,2,1
314,-12,0.05463787913322449,3,0
315,6,0.21311671584844588,5,1
316,8,0.11506606638431549,3,1
317,9,0.3480990082025528,2,1
318,8,0.05206145904958248,3,1
319,10,0.049025759100914,1,1
320,7,0.06263008806854486,4,1
321,9,0.17744679749011993,2,1
322,8,0.08606403321027756,3,1
323,9,0.06617626175284386,2,1
324,9,0.20587513595819473,2,1
325,8,0.3017917921145757,3,1
326,-1,0.13784958173831305,12,1
327,7,0.0660510677844286,4,1
328,6,0.19830086827278137,5,1
329,7,0.11866210401058197,4,1
330,-11,0.3067484050989151,2,0
331,6,0.10029924064874648,5,1
332,-50,0.13841053292155267,50,0
333,7,0.09492896124720573,4,1
334,-50,0.15486960005015135,50,0
335,9,0.08340586349368095,2,1
336,9,0.10894353687763214,2,1
337,-50,0.1397343759611249,50,0
338,4,0.15789921155997685,7,1
339,0,0.12780469926920804,11,1
340,7,0.06628661043941975,4,1
341,9,0.07904496416449547,2,1
342,8,0.14529858281215033,3,1
343,10,0.40392622351646423,1,1
344,7,0.29741376265883446,4,1
345,10,0.08185426145792007,1,1
346,9,0.17593240551650524,2,1
347,-50,0.11516678217798472,50,0
348,-7,0.2016833857115772,18,1
349,-9,0.0674482174217701,20,1
350,9,0.06547149457037449,2,1
351,9,0.16224665194749832,2,1
352,8,0.3020680397748947,3,1
353,9,0.07957929372787476,2,1
354,9,0.08599934913218021,2,1
355,-22,0.10788822600222898,33,1
356,9,0.08743356727063656,2,1
357,6,0.07876578271389008,5,1
358,-50,0.1596017001196742,50,0
359,9,0.30633546970784664,2,1
360,7,0.051552302204072475,4,1
361,7,0.0708125177770853,4,1
362,9,0.17936700582504272,2,1
363,8,0.19757755597432455,3,1
364,9,0.2411352787166834,2,1
365,-50,0.08816314328461886,50,0
366,10,0.08468592166900635,1,1
367,10,0.0688570961356163,1,1
368,10,0.03420214354991913,1,1
369,8,0.06928301602602005,3,1
370,8,0.08760493993759155,3,1
371,9,0.255961861461401,2,1
372,10,0.1654132902622223,1,1
373,6,0.0684300497174263,5,1
374,8,0.16733700347443423,3,1
375,7,0.05286898743361235,4,1
376,7,0.19785744603723288,4,1
377,9,0.0696420669555664,2,1
378,9,0.08948671817779541,2,1
379,8,0.07078465136388938,3,1
380,10,0.03280605375766754,1,1
381,8,0.1309293614079555,3,1
382,9,0.05574334505945444,2,1
383,8,0.22212847073872885,3,1
384,-17,0.07541132881306112,28,1
385,7,0.03995654406026006,4,1
386,10,0.007886522449553013,1,1
387,10,0.24432891607284546,1,1
388,8,0.15650363576908907,3,1
389,10,0.020871371030807495,1,1
390,10,0.35746073722839355,1,1
391,-25,0.1045987802143726,36,1
392,9,0.05050903558731079,2,1
393,9,0.18208495806902647,2,1
394,8,0.039657208447655044,3,1
395,9,0.03423487115651369,2,1
396,10,0.05854322016239166,1,1
397,5,0.09983742299179237,6,1
398,8,0.030892350400487583,3,1
399,8,0.05477205974360307,3,1
400,10,0.1327955722808838,1,1
401,8,0.04999140277504921,3,1
402,8,0.05659432833393415,3,1
403,8,0.08445599488914013,3,1
404,10,0.02294791117310524,1,1
405,8,0.03545246676852306,3,1
406,7,0.12898662220686674,4,1
407,8,0.05985185752312342,3,1
408,-10,0.09294180572032928,1,0
409,10,0.12818622589111328,1,1
410,10,0.07952553033828735,1,1
411,6,0.1459132397547364,5,1
412,8,0.09883169643580914,3,1
413,8,0.04177684895694256,3,1
414,-50,0.11034893441945315,50,0
415,8,0.03248693266262611,3,1
416,7,0.285000205039978,4,1
417,10,0.055062707513570786,1,1
418,7,0.15004238858819008,4,1
419,7,0.08098858594894409,4,1
420,8,0.07997388889392217,3,1
421,10,0.12212809175252914,1,1
422,7,0.10823656897991896,4,1
423,10,0.08133339881896973,1,1
424,-14,0.09817164063453675,25,1
425,-32,0.12284924375802972,43,1
426,6,0.08259470984339715,5,1
427,9,0.22288069501519203,2,1
428,-10,0.06431882083415985,1,0
429,9,0.04970727767795324,2,1
430,10,0.05566714331507683,1,1
431,6,0.14650512151420117,5,1
432,9,0.039339832961559296,2,1
433,-20,0.11365521062285669,31,1
434,9,0.08881094306707382,2,1
435,10,0.08470039814710617,1,1
436,-13,0.07844042405486107,4,0
437,9,0.03683459386229515,2,1
438,6,0.09654305204749107,5,1
439,9,0.09524378925561905,2,1
440,7,0.08708345331251621,4,1
441,9,0.07326565403491259,2,1
442,9,0.20488078147172928,2,1
443,-10,0.018347637727856636,1,0
444,6,0.06137241870164871,5,1
445,9,0.04940398037433624,2,1
446,8,0.09687345226605733,3,1
447,8,0.20023435850938162,3,1
448,9,0.06925102323293686,2,1
449,7,0.15179437771439552,4,1
450,7,0.1881031133234501,4,1
451,8,0.28067303200562793,3,1
452,9,0.08580132573843002,2,1
453,8,0.2020012935002645,3,1
454,10,0.07405494153499603,1,1
455,9,0.05603756383061409,2,1
456,-4,0.10802550415198008,15,1
457,8,0.07925836990276973,3,1
458,-50,0.11061939414590598,50,0
459,-11,0.11840542871505022,2,0
460,4,0.1129962575754949,7,1
461,8,0.08462546889980634,3,1
462,9,0.07200159132480621,2,1
463,6,0.08954779654741288,5,1
464,9,0.41675640270113945,2,1
465,7,0.16681504622101784,4,1
466,9,0.09871602058410645,2,1
467,9,0.17214789241552353,2,1
468,-50,0.10763873551040888,50,0
469,10,0.044365014880895615,1,1
470,-6,0.12547546559396913,17,1
471,9,0.07920450903475285,2,1
472,6,0.2080150581896305,5,1
473,9,0.07820458710193634,2,1
474,-50,0.09961092986166477,50,0
475,-24,0.08424878945308072,35,1
476,8,0.2157048098742962,3,1
477,10,0.12264161556959152,1,1
478,10,0.062267616391181946,1,1
479,10,0.06879111379384995,1,1
480,9,0.08912896923720837,2,1
481,-50,0.09190685156732797,50,0
482,9,0.11774612963199615,2,1
483,9,0.058209821581840515,2,1
484,8,0.1362392840286096,3,1
485,7,0.14963769097812474,4,1
486,10,0.02192557416856289,1,1
487,10,0.08130718767642975,1,1
488,-34,0.10385825758179029,45,1
489,7,0.05861330032348633,4,1
490,7,0.09600421413779259,4,1
491,9,0.13415542989969254,2,1
492,10,0.108320452272892,1,1
493,8,0.0533724253376325,3,1
494,-29,0.09246999961324036,40,1
495,-10,0.06541343778371811,1,0
496,9,0.16385769098997116,2,1
497,10,0.11767952889204025,1,1
498,9,0.5001472532749176,2,1
499,7,0.14123843517154455,4,1
500,9,0.062019189819693565,2,1
501,9,0.07276337593793869,2,1
502,9,0.0824475884437561,2,1
503,8,0.08107125262419383,3,1
504,8,0.08981966848174731,3,1
505,8,0.052900876849889755,3,1
506,10,0.07130610942840576,1,1
507,-11,0.07680930197238922,2,0
508,9,0.04969865456223488,2,1
509,-31,0.06364442077888684,22,0
510,10,0.4229494333267212,1,1
511,7,0.09427902847528458,4,1
512,6,0.07269792333245277,5,1
513,-10,0.0256212018430233,1,0
514,-11,0.12948442250490189,2,0
515,6,0.043034442141652106,5,1
516,9,0.060648271813988686,2,1
517,8,0.043486896281441055,3,1
518,-50,0.1188536048680544,50,0
519,8,0.0648205578327179,3,1
520,8,0.06290328502655029,3,1
521,9,0.043376294896006584,2,1
522,-7,0.09005121203760307,18,1
523,10,0.10852360725402832,1,1
524,8,0.04203979422648748,3,1
525,8,0.06700003892183304,3,1
526,8,0.28294975869357586,3,1
527,6,0.14248359724879264,5,1
528,10,0.05120918154716492,1,1
529,9,0.06340164691209793,2,1
530,9,0.12466330453753471,2,1
531,8,0.1495597461859385,3,1
532,9,0.3955073915421963,2,1
533,7,0.062440842390060425,4,1
534,-50,0.1987528180330992,50,0
535,9,0.04556167684495449,2,1
536,8,0.30066270629564923,3,1
537,7,0.16375267133116722,4,1
538,-21,0.11931693396763876,32,1
539,9,0.031564111821353436,2,1
540,6,0.1152712769806385,5,1
541,9,0.030606924556195736,2,1
542,6,0.07892556935548782,5,1
543,10,0.01558433286845684,1,1
544,8,0.1734190477679173,3,1
545,-31,0.11082934283397415,22,0
546,7,0.12063121888786554,4,1
547,10,0.0302602406591177,1,1
548,8,0.09139324227968852,3,1
549,7,0.13646451849490404,4,1
550,9,0.08372141793370247,2,1
551,-8,0.17716705406966962,19,1
552,8,0.10139321287473042,3,1
553,8,0.2985798592368762,3,1
554,8,0.1983475380887588,3,1
555,10,1.0325191020965576,1,1
556,-19,0.14673863438268503,30,1
557,8,0.21750163038571677,3,1
558,10,0.22261033952236176,1,1
559,9,0.44571560621261597,2,1
560,-9,0.17251431718468666,20,1
561,10,0.5406147837638855,1,1
562,10,0.08906273543834686,1,1
563,10,0.046418532729148865,1,1
564,9,0.15500953793525696,2,1
565,9,0.09757313504815102,2,1
566,8,0.11877612521251042,3,1
567,7,0.22928285598754883,4,1
568,-10,0.845163106918335,1,0
569,5,0.17987437856694063,6,1
570,10,0.06303651630878448,1,1
571,7,0.2369399992749095,4,1
572,6,0.18109766244888306,5,1
573,9,0.10774650424718857,2,1
574,9,0.06873728521168232,2,1
575,-2,0.17153428380305952,13,1
576,10,0.02513180486857891,1,1
577,3,0.1255364811513573,8,1
578,8,0.026369310294588406,3,1
579,7,0.07286357693374157,4,1
580,7,0.10824085585772991,4,1
581,0,0.11246547170660713,11,1
582,10,0.42589497566223145,1,1
583,9,0.10671909898519516,2,1
584,9,0.26266828551888466,2,1
585,9,0.07297145761549473,2,1
586,10,0.6359332799911499,1,1
587,-16,0.12125751169191466,27,1
588,9,0.04851538222283125,2,1
589,9,0.07313233241438866,2,1
590,7,0.07159536518156528,4,1
591,9,0.10556361824274063,2,1
592,-10,0.10931716859340668,1,0
593,8,0.25390205159783363,3,1
594,6,0.06718625649809837,5,1
595,8,0.058966306348641716,3,1
596,7,0.036934996489435434,4,1
597,10,0.05058184638619423,1,1
598,9,0.48987962305545807,2,1
599,6,0.18180662021040916,5,1
600,7,0.07202839106321335,4,1
601,10,0.04099242761731148,1,1
602,-14,0.10568823218345642,5,0
603,8,0.0450941597421964,3,1
604,4,0.14933782762714795,7,1
605,7,0.3327726572751999,4,1
606,10,0.33918923139572144,1,1
607,10,0.05638960003852844,1,1
608,8,0.13933068389693895,3,1
609,8,0.13495910664399466,3,1
610,7,0.31629757955670357,4,1
611,7,0.1962996907532215,4,1
612,7,0.12339745834469795,4,1
613,9,0.0743660107254982,2,1
614,8,0.09030094370245934,3,1
615,8,0.14503496885299683,3,1
616,8,0.11641344428062439,3,1
617,7,0.22385035268962383,4,1
618,7,0.1986110145226121,4,1
619,8,0.22631379713614783,3,1
620,8,0.18385152518749237,3,1
621,-35,0.1242117642465493,46,1
622,1,0.12527101822197437,10,1
623,7,0.06096218712627888,4,1
624,8,0.2587726066509883,3,1
625,9,0.14831996709108353,2,1
626,-5,0.14191458327695727,16,1
627,10,0.11829482764005661,1,1
628,10,0.03422542288899422,1,1
629,8,0.22501098737120628,3,1
630,10,0.08919108659029007,1,1
631,9,0.028997838497161865,2,1
632,6,0.26421941444277763,5,1
633,10,0.10360656678676605,1,1
634,9,0.20509416796267033,2,1
635,10,0.08367015421390533,1,1
636,9,0.03723180294036865,2,1
637,9,0.21116485446691513,2,1
638,9,0.03868771344423294,2,1
639,10,0.11141658574342728,1,1
640,6,0.11537083014845848,5,1
641,8,0.07995379716157913,3,1
642,8,0.0941931704680125,3,1
643,10,0.11881887167692184,1,1
644,9,0.07992981187999249,2,1
645,5,0.09790921087066333,6,1
646,9,0.06248133443295956,2,1
647,-27,0.16135064678059685,18,0
648,7,0.12492764461785555,4,1
649,9,0.12624969333410263,2,1
650,9,0.06382554490119219,2,1
651,10,0.10521429777145386,1,1
652,9,0.1638924740254879,2,1
653,9,0.13326630368828773,2,1
654,8,0.20626208931207657,3,1
655,10,0.0489860475063324,1,1
656,8,0.11715406676133473,3,1
657,10,0.14108240604400635,1,1
658,10,0.061960652470588684,1,1
659,9,0.15251347795128822,2,1
660,10,0.07094501703977585,1,1
661,10,0.09293675422668457,1,1
662,5,0.19949380308389664,6,1
663,10,0.05098080262541771,1,1
664,-14,0.09254026971757412,5,0
665,10,0.07378896325826645,1,1
666,10,0.12724569439888,1,1
667,10,0.026973899453878403,1,1
668,7,0.11352795548737049,4,1
669,7,0.08125917986035347,4,1
670,8,0.05126102020343145,3,1
671,10,0.0631755143404007,1,1
672,8,0.06961932654182117,3,1
673,10,0.0440964549779892,1,1
674,10,0.0689774751663208,1,1
675,10,0.4179404377937317,1,1
676,5,0.1380087702224652,6,1
677,8,0.11588290333747864,3,1
678,8,0.10226526608069737,3,1
679,8,0.147347554564476,3,1
680,8,0.11814390122890472,3,1
681,9,0.050327299162745476,2,1
682,8,0.06311814983685811,3,1
683,10,0.10012543201446533,1,1
684,-4,0.12741825506091117,15,1
685,9,0.20175229012966156,2,1
686,7,0.08653329964727163,4,1
687,6,0.039782221987843515,5,1
688,8,0.041816542545954384,3,1
689,8,0.09289397361377875,3,1
690,10,0.0506715252995491,1,1
691,8,0.16926144311825433,3,1
692,-5,0.10816726577468216,16,1
693,8,0.048667208602031074,3,1
694,7,0.0714639239013195,4,1
695,9,0.09853100031614304,2,1
696,9,0.12366371229290962,2,1
697,-50,0.0929607293009758,50,0
698,9,0.10294575989246368,2,1
699,10,0.04876628518104553,1,1
700,5,0.05453119923671087,6,1
701,10,0.03883287310600281,1,1
702,8,0.02719083397338788,3,1
703,10,0.11299915611743927,1,1
704,10,0.1437034159898758,1,1
705,5,0.1516995175431172,6,1
706,9,0.13630063831806183,2,1
707,9,0.23303415067493916,2,1
708,-3,0.10181392190445747,14,1
709,8,0.10344338044524193,3,1
710,10,0.10777215659618378,1,1
711,7,0.06010586675256491,4,1
712,-10,0.066689133644104,1,0
713,9,0.06202873960137367,2,1
714,9,0.058115554973483086,2,1
715,-10,0.031304601579904556,1,0
716,-20,0.14663273434747348,11,0
717,8,0.050692482541004814,3,1
718,9,0.33653585240244865,2,1
719,10,0.0243217833340168,1,1
720,7,0.20781508227810264,4,1
721,8,0.05068463087081909,3,1
722,10,0.05095306783914566,1,1
723,8,0.07745263228813808,3,1
724,8,0.08712371066212654,3,1
725,-10,0.05349941551685333,1,0
726,8,0.2075857582191626,3,1
727,8,0.06930286188920338,3,1
728,7,0.18660688633099198,4,1
729,7,0.11591589823365211,4,1
730,-23,0.07946715064878974,14,0
731,10,0.08059511333703995,1,1
732,-10,0.07505013793706894,1,0
733,10,0.02219591662287712,1,1
734,8,0.25339440753062564,3,1
735,10,0.17610181868076324,1,1
736,8,0.3526441305875778,3,1
737,9,0.08506171405315399,2,1
738,4,0.17337880709341594,7,1
739,7,0.08648981619626284,4,1
740,9,0.11527898907661438,2,1
741,7,0.12159581948071718,4,1
742,9,0.05224346183240414,2,1
743,-6,0.10865351908347186,17,1
744,8,0.12238225154578686,3,1
745,8,0.0696047047773997,3,1
746,8,0.03681557128826777,3,1
747,10,0.046482764184474945,1,1
748,8,0.03494757724304994,3,1
749,8,0.04582239625354608,3,1
750,8,0.060614210863908134,3,1
751,8,0.02768983195225398,3,1
752,10,0.021817689761519432,1,1
753,8,0.07559651881456375,3,1
754,8,0.0858978380759557,3,1
755,4,0.12452783701675278,7,1
756,10,0.19962383806705475,1,1
757,9,0.04854930564761162,2,1
758,7,0.08095348067581654,4,1
759,9,0.11684538051486015,2,1
760,8,0.1519054907063643,3,1
761,7,0.044815569650381804,4,1
762,9,0.32359909638762474,2,1
763,8,0.2945811574657758,3,1
764,-11,0.07267290912568569,2,0
765,9,0.06945913285017014,2,1
766,7,0.15977196767926216,4,1
767,7,0.14679763838648796,4,1
768,10,0.043978266417980194,1,1
769,-50,0.13262206841260193,50,0
770,9,0.2899344563484192,2,1
771,7,0.07842183858156204,4,1
772,9,0.07897081784904003,2,1
773,7,0.05952963884919882,4,1
774,-50,0.1679898876696825,50,0
775,8,0.041055877382556595,3,1
776,8,0.14342315308749676,3,1
777,7,0.12672484572976828,4,1
778,8,0.05546570445100466,3,1
779,9,0.05076657608151436,2,1
780,6,0.1065171554684639,5,1
781,8,0.15157723426818848,3,1
782,9,0.30382158793509007,2,1
783,8,0.10324545949697495,3,1
784,8,0.15625945727030435,3,1
785,6,0.09860587343573571,5,1
786,9,0.4389995336532593,2,1
787,8,0.11248807236552238,3,1
788,10,0.08102849125862122,1,1
789,8,0.21228287369012833,3,1
790,6,0.06930703707039357,5,1
791,5,0.11896365135908127,6,1
792,9,0.07406304031610489,2,1
793,8,0.0762320024271806,3,1
794,8,0.03957647395630678,3,1
795,-26,0.2316306307911873,17,0
796,8,0.13253194838762283,3,1
797,-50,0.12447495963424444,50,0
798,9,0.0744510143995285,2,1
799,4,0.16846379983638013,7,1
800,10,0.09715785086154938,1,1
801,6,0.06993615143001079,5,1
802,8,0.17031345764795938,3,1
803,9,0.06180577166378498,2,1
804,7,0.11538971215486526,4,1
805,10,0.020189888775348663,1,1
806,-11,0.1134854108095169,2,0
807,10,0.0715240091085434,1,1
808,-6,0.20765700421350844,17,1
809,8,0.049505612502495445,3,1
810,8,0.07840535293022792,3,1
811,7,0.05487431352958083,4,1
812,10,0.5654557347297668,1,1
813,4,0.2284974902868271,7,1
814,5,0.22115290040771166,6,1
815,8,0.07244994367162387,3,1
816,8,0.14354336013396582,3,1
817,7,0.12881677597761154,4,1
818,10,0.053111761808395386,1,1
819,9,0.3777727261185646,2,1
820,5,0.06695144685606162,6,1
821,9,0.055942301638424397,2,1
822,10,0.35810673236846924,1,1
823,8,0.16092872681717077,3,1
824,10,0.033887289464473724,1,1
825,-24,0.1506611367066701,15,0
826,10,0.10151275992393494,1,1
827,7,0.31789746414870024,4,1
828,10,0.04894619435071945,1,1
829,-10,0.47606658935546875,1,0
830,-47,0.16779790921626905,38,0
831,10,0.030877545475959778,1,1
832,6,0.10505257248878479,5,1
833,8,0.28027598435680073,3,1
834,8,0.26244619116187096,3,1
835,9,0.04804801568388939,2,1
836,10,0.215262770652771,1,1
837,10,0.06063617020845413,1,1
838,10,0.15019933879375458,1,1
839,10,0.126583069562912,1,1
840,9,0.20206433534622192,2,1
841,8,0.08936118520796299,3,1
842,-12,0.32331375032663345,3,0
843,9,0.16032029874622822,2,1
844,8,0.059941365694006286,3,1
845,7,0.11690582148730755,4,1
846,10,0.08116278052330017,1,1
847,1,0.23516586404293777,10,1
848,-38,0.2277417398837148,49,1
849,9,0.199137844145298,2,1
850,5,0.2511795361836751,6,1
851,9,0.31965431571006775,2,1
852,7,0.2339571164920926,4,1
853,7,0.0866624852642417,4,1
854,-50,0.21298860087990762,50,0
855,8,0.40250226855278015,3,1
856,8,0.08182949076096217,3,1
857,7,0.1545866932719946,4,1
858,-30,0.22524204904713283,41,1
859,9,0.26662054285407066,2,1
860,10,0.08514285087585449,1,1
861,7,0.22890764195472002,4,1
862,-32,0.19400730583330858,23,0
863,9,0.21142052300274372,2,1
864,-50,0.21043543346226215,50,0
865,7,0.09283362422138453,4,1
866,-17,0.1782429023379726,28,1
867,9,0.2970188483595848,2,1
868,7,0.2730419486761093,4,1
869,10,0.19454050064086914,1,1
870,-12,0.22063449284304743,23,1
871,9,0.12358833849430084,2,1
872,7,0.47152090072631836,4,1
873,10,0.3914632797241211,1,1
874,7,0.20280379336327314,4,1
875,8,0.38361478845278424,3,1
876,10,0.45065268874168396,1,1
877,10,0.272434800863266,1,1
878,10,0.15981225669384003,1,1
879,-12,0.3593125840028127,3,0
880,9,0.07056231237947941,2,1
881,10,0.11731314659118652,1,1
882,10,0.09175482392311096,1,1
883,-6,0.21116362314890413,17,1
884,-10,0.32881346344947815,1,0
885,8,0.27059149742126465,3,1
886,-16,0.12400751547129066,27,1
887,6,0.14771308451890947,5,1
888,10,0.6454323530197144,1,1
889,10,0.03804570436477661,1,1
890,9,0.20589569211006165,2,1
891,8,0.06772507727146149,3,1
892,8,0.4425477422773838,3,1
893,9,0.13164786621928215,2,1
894,-33,0.22616988856514747,44,1
895,7,0.178557388484478,4,1
896,9,0.12871471047401428,2,1
897,-21,0.1540079697733745,32,1
898,7,0.09320955164730549,4,1
899,6,0.19223845154047012,5,1
900,10,0.0505182221531868,1,1
901,8,0.20735663920640945,3,1
902,8,0.17036458353201547,3,1
903,5,0.28048972102502984,6,1
904,-50,0.1462776106595993,50,0
905,8,0.08142681047320366,3,1
906,9,0.11198578774929047,2,1
907,10,0.47602590918540955,1,1
908,9,0.2770841121673584,2,1
909,10,0.14685815572738647,1,1
910,7,0.22961114719510078,4,1
911,8,0.14977995306253433,3,1
912,5,0.06510496015350024,6,1
913,8,0.05188981940348943,3,1
914,9,0.2618914246559143,2,1
915,9,0.05603199452161789,2,1
916,5,0.22127293795347214,6,1
917,7,0.11254347674548626,4,1
918,8,0.07849615067243576,3,1
919,-14,0.17487318843603133,25,1
920,9,0.03175247460603714,2,1
921,9,0.06715166941285133,2,1
922,8,0.13434034089247385,3,1
923,8,0.07788867751757304,3,1
924,9,0.33554089441895485,2,1
925,10,0.07922802120447159,1,1
926,8,0.04203025996685028,3,1
927,10,0.18976183235645294,1,1
928,10,0.4678252637386322,1,1
929,9,0.34935902804136276,2,1
930,10,0.38487836718559265,1,1
931,7,0.22099704202264547,4,1
932,8,0.2497613380352656,3,1
933,7,0.1295026345178485,4,1
934,8,0.130278247098128,3,1
935,0,0.23580290038477292,11,1
936,9,0.06507833860814571,2,1
937,10,0.5251749753952026,1,1
938,9,0.08958340436220169,2,1
939,8,0.2161354273557663,3,1
940,9,0.11811177432537079,2,1
941,9,0.07718510180711746,2,1
942,10,0.07237888872623444,1,1
943,9,0.35164522379636765,2,1
944,7,0.2699491288512945,4,1
945,9,0.0833955891430378,2,1
946,7,0.078548613935709,4,1
947,7,0.08876593597233295,4,1
948,9,0.0404228400439024,2,1
949,8,0.05462703357140223,3,1
950,10,0.04781221225857735,1,1
951,-50,0.19866398587822914,50,0
952,7,0.11107461154460907,4,1
953,-7,0.1646640273845858,18,1
954,8,0.05853413976728916,3,1
955,9,0.04699634946882725,2,1
956,6,0.08749522268772125,5,1
957,9,0.06594531610608101,2,1
958,9,0.03711361810564995,2,1
959,8,0.11641992256045341,3,1
960,-50,0.11510360572487116,50,0
961,7,0.21736126020550728,4,1
962,6,0.09306659698486328,5,1
963,9,0.09141618758440018,2,1
964,10,0.1090017557144165,1,1
965,7,0.051216415129601955,4,1
966,-50,0.1665366267412901,50,0
967,8,0.21188951656222343,3,1
968,7,0.08040144853293896,4,1
969,7,0.10420284792780876,4,1
970,10,0.05486792325973511,1,1
971,7,0.17460980080068111,4,1
972,10,0.10765581578016281,1,1
973,9,0.07571913301944733,2,1
974,7,0.2372269071638584,4,1
975,9,0.06908879429101944,2,1
976,-50,0.13946315908804535,50,0
977,8,0.1830206966648499,3,1
978,7,0.12385930679738522,4,1
979,7,0.11905027367174625,4,1
980,10,0.44519782066345215,1,1
981,7,0.11235353350639343,4,1
982,8,0.10722397764523824,3,1
983,8,0.06122810890277227,3,1
984,8,0.1293580929438273,3,1
985,10,0.8623864650726318,1,1
986,8,0.06950598210096359,3,1
987,10,0.3484240770339966,1,1
988,9,0.06289768032729626,2,1
989,-54,0.14246548451483249,45,0
990,10,0.028594011440873146,1,1
991,10,0.02979998290538788,1,1
992,7,0.06032848544418812,4,1
993,10,0.1218782514333725,1,1
994,7,0.11536267679184675,4,1
995,10,0.03057420440018177,1,1
996,10,0.046522751450538635,1,1
997,8,0.23723153645793596,3,1
998,10,0.09254740178585052,1,1
999,10,0.1777864694595337,1,1
1000,9,0.11010589078068733,2,1
1,8,0.07217315956950188,3,1
2,10,0.09977693110704422,1,1
3,10,0.051507920026779175,1,1
4,10,0.06893067061901093,1,1
5,7,0.19326567789539695,4,1
6,10,0.17016935348510742,1,1
7,10,0.11938027292490005,1,1
8,6,0.2161848336458206,5,1
9,8,0.2175935904184977,3,1
10,10,0.32110458612442017,1,1
11,10,0.18164679408073425,1,1
12,9,0.12858227640390396,2,1
13,-50,0.10490840759128332,50,0
14,10,0.08800213783979416,1,1
15,9,0.04990377090871334,2,1
16,10,0.07716450095176697,1,1
17,-47,0.10565542853682448,38,0
18,6,0.06787869483232498,5,1
19,9,0.2896786853671074,2,1
20,9,0.06795105524361134,2,1
21,-10,0.035892315208911896,1,0
22,-50,0.09004755703732371,50,0
23,8,0.26572271063923836,3,1
24,-50,0.09541260737925768,50,0
25,8,0.058448937411109604,3,1
26,8,0.04756237628559271,3,1
27,6,0.12397818379104138,5,1
28,9,0.32180356979370117,2,1
29,9,0.2551502948626876,2,1
30,7,0.08760760072618723,4,1
31,-50,0.12924988424405456,50,0
32,-50,0.08151246078312396,50,0
33,9,0.01879318803548813,2,1
34,10,0.04434368014335632,1,1
35,-2,0.07514592876228002,13,1
36,7,0.05437586549669504,4,1
37,8,0.05428106834491094,3,1
38,9,0.032688976265490055,2,1
39,-19,0.053852548046658434,30,1
40,9,0.0397429671138525,2,1
41,10,0.15010280907154083,1,1
42,9,0.25279030203819275,2,1
43,9,0.06111873500049114,2,1
44,9,0.10900656506419182,2,1
45,8,0.13473878304163614,3,1
46,-15,0.0511011965572834,6,0
47,6,0.1392790101468563,5,1
48,10,0.04991963505744934,1,1
49,-16,0.13107754353916756,27,1
50,-18,0.07639380762803144,29,1
51,5,0.10890721281369527,6,1
52,9,0.022279610857367516,2,1
53,-50,0.06856726828962564,50,0
54,9,0.1278606653213501,2,1
55,9,0.078635573387146,2,1
56,6,0.1066318392753601,5,1
57,7,0.05794917093589902,4,1
58,-10,0.023081716150045395,1,0
59,5,0.1464496652285258,6,1
60,-50,0.0889945414941758,50,0
61,10,0.35330331325531006,1,1
62,8,0.1886521466076374,3,1
63,7,0.062304554507136345,4,1
64,9,0.06484055891633034,2,1
65,8,0.08494547754526138,3,1
66,9,0.0353495329618454,2,1
67,10,0.035427458584308624,1,1
68,8,0.18440654377142587,3,1
69,8,0.0670310730735461,3,1
70,10,0.031597673892974854,1,1
71,8,0.2121052915851275,3,1
72,10,0.07371286302804947,1,1
73,10,0.01264497172087431,1,1
74,9,0.10694563388824463,2,1
75,8,0.05160857612888018,3,1
76,7,0.06240234524011612,4,1
77,4,0.05268465115555695,7,1
78,10,0.0392579548060894,1,1
79,10,0.019115902483463287,1,1
80,10,0.03760184347629547,1,1
81,10,0.12482435256242752,1,1
82,6,0.023416097089648247,5,1
83,9,0.0303982044570148,2,1
84,9,0.10889704152941704,2,1
85,7,0.11556926369667053,4,1
86,-50,0.12575303168967367,50,0
87,-30,0.10903662954252667,41,1
88,10,0.08072743564844131,1,1
89,8,0.32028891642888385,3,1
90,8,0.11688416078686714,3,1
91,8,0.0451074056327343,3,1
92,8,0.18986202900608382,3,1
93,8,0.0584586833914121,3,1
94,8,0.24581979711850485,3,1
95,-5,0.08372616651467979,16,1
96,7,0.07765183737501502,4,1
97,9,0.4952907860279083,2,1
98,-50,0.14816687133163214,50,0
99,9,0.05648359563201666,2,1
100,6,0.10972156301140785,5,1
101,8,0.24087363481521606,3,1
102,8,0.09156220406293869,3,1
103,10,0.04283205792307854,1,1
104,8,0.2574866513411204,3,1
105,7,0.15463881380856037,4,1
106,9,0.14407215639948845,2,1
107,9,0.0792186539620161,2,1
108,7,0.08770498260855675,4,1
109,9,0.09509533643722534,2,1
110,-53,0.1318475573577664,44,0
111,5,0.14217479651172957,6,1
112,10,0.14473718404769897,1,1
113,9,0.07625077664852142,2,1
114,10,0.1525575816631317,1,1
115,8,0.19200272609790167,3,1
116,7,0.05408310238271952,4,1
117,6,0.0987864077091217,5,1
118,7,0.16166408266872168,4,1
119,-10,0.13526614010334015,1,0
120,7,0.15837212838232517,4,1
121,8,0.1506079907218615,3,1
122,-50,0.11011929705739021,50,0
123,9,0.11407987773418427,2,1
124,8,0.09419263650973637,3,1
125,8,0.17370296766360602,3,1
126,10,0.1094941571354866,1,1
127,9,0.10677788406610489,2,1
128,10,0.5063897371292114,1,1
129,-20,0.13166369029110478,31,1
130,10,0.43074503540992737,1,1
131,8,0.07163296267390251,3,1
132,8,0.15009980897108713,3,1
133,7,0.09094714187085629,4,1
134,10,0.07951150834560394,1,1
135,5,0.05885591544210911,6,1
136,8,0.051056889817118645,3,1
137,-28,0.10655164446395177,39,1
138,10,0.03387446701526642,1,1
139,10,0.09591368585824966,1,1
140,-23,0.17144742668332422,34,1
141,9,0.2387640867382288,2,1
142,10,0.26114708185195923,1,1
143,-10,0.0899510383605957,1,0
144,10,0.5930720567703247,1,1
145,-32,0.1599510094194218,43,1
146,9,0.18423091620206833,2,1
147,7,0.08754192991182208,4,1
148,9,0.10410482436418533,2,1
149,9,0.11270125955343246,2,1
150,2,0.13238530316286617,9,1
151,-51,0.1254058582929983,42,0
152,8,0.21070401867230734,3,1
153,9,0.2177179902791977,2,1
154,5,0.11997602631648381,6,1
155,10,0.1219838559627533,1,1
156,8,0.15106459458669028,3,1
157,9,0.08612073212862015,2,1
158,10,0.5498742461204529,1,1
159,6,0.08043275326490402,5,1
160,7,0.14256731094792485,4,1
161,6,0.11525218784809113,5,1
162,9,0.09368222206830978,2,1
163,7,0.07743578124791384,4,1
164,7,0.07621088158339262,4,1
165,9,0.04431925155222416,2,1
166,8,0.05980943888425827,3,1
167,8,0.15356753021478653,3,1
168,9,0.12227501720190048,2,1
169,8,0.25145159165064496,3,1
170,5,0.1539614542076985,6,1
171,10,0.14458894729614258,1,1
172,8,0.23794099688529968,3,1
173,1,0.08470024392008782,10,1
174,9,0.37865947373211384,2,1
175,8,0.06732514500617981,3,1
176,7,0.0727799329906702,4,1
177,9,0.0808221772313118,2,1
178,8,0.11710751242935658,3,1
179,8,0.3418951357404391,3,1
180,10,0.07152684032917023,1,1
181,7,0.14576036855578423,4,1
182,7,0.11585214547812939,4,1
183,10,0.6230627298355103,1,1
184,8,0.09294746940334637,3,1
185,10,0.10523103177547455,1,1
186,8,0.19558163980642954,3,1
187,8,0.1179098313053449,3,1
188,-11,0.06322911195456982,2,0
189,4,0.15469318947621755,7,1
190,1,0.10429057367146015,10,1
191,8,0.04097095256050428,3,1
192,9,0.07450807839632034,2,1
193,9,0.11838284879922867,2,1
194,10,0.09115530550479889,1,1
195,10,0.05432840436697006,1,1
196,7,0.04350548330694437,4,1
197,-30,0.13538280963188126,21,0
198,10,0.11891470104455948,1,1
199,9,0.17950540781021118,2,1
200,-50,0.17039087921380996,50,0
201,5,0.07772302720695734,6,1
202,10,0.18174022436141968,1,1
203,10,0.25583696365356445,1,1
204,10,0.27249854803085327,1,1
205,8,0.11289538939793904,3,1
206,8,0.09823009620110194,3,1
207,8,0.06851790224512418,3,1
208,9,0.06926611810922623,2,1
209,4,0.08853107690811157,7,1
210,10,0.5110376477241516,1,1
211,6,0.11542269587516785,5,1
212,8,0.14192006488641104,3,1
213,7,0.1144910417497158,4,1
214,9,0.1496887244284153,2,1
215,5,0.16895774193108082,6,1
216,6,0.12362340688705445,5,1
217,10,0.18158799409866333,1,1
218,8,0.13035977383454642,3,1
219,6,0.19738840758800508,5,1
220,10,0.054277289658784866,1,1
221,6,0.08172759711742401,5,1
222,8,0.14769252886374792,3,1
223,6,0.15621242746710778,5,1
224,7,0.10745564009994268,4,1
225,9,0.29726024717092514,2,1
226,-50,0.11678698293864727,50,0
227,6,0.18699630200862885,5,1
228,10,0.3589269518852234,1,1
229,8,0.10829899956782658,3,1
230,10,0.0976075828075409,1,1
231,8,0.14010206113258997,3,1
232,8,0.18138871590296426,3,1
233,10,0.18338391184806824,1,1
234,-50,0.13645404629409313,50,0
235,9,0.10534287616610527,2,1
236,6,0.09230938777327538,5,1
237,9,0.06181482598185539,2,1
238,8,0.15322315941254297,3,1
239,8,0.19200892249743143,3,1
240,8,0.12125220149755478,3,1
241,-21,0.1192896997090429,32,1
242,6,0.19355256259441375,5,1
243,6,0.09403121098876,5,1
244,7,0.04722020961344242,4,1
245,10,0.0943140760064125,1,1
246,8,0.11657479777932167,3,1
247,7,0.10492778103798628,4,1
248,-20,0.12263944312449425,31,1
249,8,0.14246497054894766,3,1
250,7,0.057513455394655466,4,1
251,10,0.0839577317237854,1,1
252,8,0.07417939106623332,3,1
253,9,0.04712167661637068,2,1
254,9,0.053493255749344826,2,1
255,10,0.05722395330667496,1,1
256,9,0.06053042598068714,2,1
257,10,0.07033984363079071,1,1
258,8,0.18948674201965332,3,1
259,9,0.08081799000501633,2,1
260,7,0.0742609454318881,4,1
261,9,0.04528709501028061,2,1
262,0,0.0873847942460667,11,1
263,8,0.10604915022850037,3,1
264,9,0.18292254954576492,2,1
265,9,0.14768671989440918,2,1
266,8,0.08775790284077327,3,1
267,-13,0.0697129968709002,24,1
268,10,0.07117569446563721,1,1
269,-50,0.1080177690461278,50,0
270,10,0.04908322915434837,1,1
271,8,0.14016494154930115,3,1
272,10,0.2949519157409668,1,1
273,9,0.1353941559791565,2,1
274,8,0.11165011674165726,3,1
275,8,0.12635146578152975,3,1
276,10,0.07310447096824646,1,1
277,9,0.09688897058367729,2,1
278,9,0.08216972649097443,2,1
279,-50,0.10596078723669052,50,0
280,7,0.0929781710729003,4,1
281,9,0.058492936193943024,2,1
282,7,0.08332144841551781,4,1
283,-50,0.08112655669450759,50,0
284,8,0.05443847055236498,3,1
285,7,0.10032685194164515,4,1
286,9,0.03643449768424034,2,1
287,10,0.16170579195022583,1,1
288,8,0.08993771051367123,3,1
289,-11,0.07843513786792755,2,0
290,10,0.03796395659446716,1,1
291,9,0.0314928013831377,2,1
292,9,0.048444900661706924,2,1
293,4,0.10307715753359455,7,1
294,-10,0.06973627954721451,1,0
295,9,0.14120641723275185,2,1
296,9,0.30146094039082527,2,1
297,10,0.06076452136039734,1,1
298,9,0.2555387057363987,2,1
299,9,0.047840364277362823,2,1
300,10,0.17766141891479492,1,1
301,5,0.08919233332077663,6,1
302,-50,0.11709938406944274,50,0
303,-11,0.05326405353844166,2,0
304,10,0.054834797978401184,1,1
305,7,0.08069003373384476,4,1
306,9,0.06748880259692669,2,1
307,10,0.315042108297348,1,1
308,-5,0.06768569676205516,16,1
309,-11,0.07670165412127972,2,0
310,8,0.04336106963455677,3,1
311,9,0.07181118056178093,2,1
312,10,0.030570868402719498,1,1
313,8,0.0708220402399699,3,1
314,6,0.1082603469491005,5,1
315,-10,0.08460626006126404,1,0
316,6,0.05787032917141914,5,1
317,9,0.07861530780792236,2,1
318,8,0.06587330872813861,3,1
319,8,0.046478827794392906,3,1
320,-28,0.0860590766160152,39,1
321,10,0.042017608880996704,1,1
322,9,0.06765228137373924,2,1
323,8,0.041853963087002434,3,1
324,9,0.3177417814731598,2,1
325,8,0.04239603007833163,3,1
326,8,0.030917257070541382,3,1
327,-23,0.11063321267387696,14,0
328,8,0.17937523250778517,3,1
329,9,0.20361654087901115,2,1
330,8,0.1675582379102707,3,1
331,3,0.08771511539816856,8,1
332,9,0.02734382450580597,2,1
333,7,0.07003758102655411,4,1
334,8,0.04795694164931774,3,1
335,10,0.055531229823827744,1,1
336,2,0.06115704195366965,9,1
337,7,0.19561067363247275,4,1
338,10,0.043737608939409256,1,1
339,9,0.04905678331851959,2,1
340,10,0.02063651941716671,1,1
341,9,0.03959478344768286,2,1
342,6,0.0443573709577322,5,1
343,10,0.019618883728981018,1,1
344,8,0.050759276996056236,3,1
345,5,0.05713106164087852,6,1
346,9,0.04896002821624279,2,1
347,9,0.07549743354320526,2,1
348,9,0.048598650842905045,2,1
349,9,0.06724441424012184,2,1
350,8,0.03695604826013247,3,1
351,10,0.05246805399656296,1,1
352,9,0.06178771331906319,2,1
353,9,0.1422007530927658,2,1
354,7,0.039006248116493225,4,1
355,6,0.1460440546274185,5,1
356,10,0.04491506889462471,1,1
357,8,0.04394714534282684,3,1
358,10,0.06320329010486603,1,1
359,8,0.09514134501417477,3,1
360,-50,0.09082503367215394,50,0
361,7,0.04626113176345825,4,1
362,6,0.11406860202550888,5,1
363,9,0.02873939275741577,2,1
364,6,0.11291754133999347,5,1
365,-50,0.07295641766861082,50,0
366,8,0.11052919427553813,3,1
367,10,0.047221872955560684,1,1
368,10,0.04589308053255081,1,1
369,8,0.026930808400114376,3,1
370,-33,0.09680285721763292,44,1
371,7,0.0599922314286232,4,1
372,9,0.02321734931319952,2,1
373,7,0.16766528598964214,4,1
374,8,0.16065550843874613,3,1
375,-50,0.08577478256076575,50,0
376,9,0.271277810446918,2,1
377,8,0.023456845432519913,3,1
378,9,0.22453534789383411,2,1
379,10,0.042196739464998245,1,1
380,10,0.0823245570063591,1,1
381,8,0.08335962456961472,3,1
382,7,0.14041889738291502,4,1
383,-50,0.07293493960984052,50,0
384,7,0.22828198969364166,4,1
385,10,0.014560889452695847,1,1
386,-23,0.08976186017560608,34,1
387,9,0.09185711666941643,2,1
388,9,0.031389810144901276,2,1
389,2,0.0848535257909033,9,1
390,7,0.12549897283315659,4,1
391,9,0.1983727626502514,2,1
392,8,0.13253570161759853,3,1
393,8,0.020765807169179123,3,1
394,-50,0.10468236984685063,50,0
395,7,0.03218039125204086,4,1
396,7,0.055350557900965214,4,1
397,10,0.5246580243110657,1,1
398,-50,0.12537700172513724,50,0
399,8,0.08650880058606465,3,1
400,10,0.13360223174095154,1,1
401,9,0.18423563428223133,2,1
402,7,0.07136887172237039,4,1
403,10,0.05161665380001068,1,1
404,10,0.02256843075156212,1,1
405,10,0.04076966643333435,1,1
406,6,0.15549861490726472,5,1
407,-50,0.06858141159638763,50,0
408,8,0.1423984250674645,3,1
409,5,0.06692535306016605,6,1
410,10,0.32119932770729065,1,1
411,6,0.05515558496117592,5,1
412,10,0.01504708081483841,1,1
413,6,0.035567565634846685,5,1
414,6,0.19228753484785557,5,1
415,-12,0.07841415827473004,3,0
416,9,0.012417948804795742,2,1
417,10,0.024048063904047012,1,1
418,9,0.05466759577393532,2,1
419,10,0.12118492275476456,1,1
420,9,0.011468094307929277,2,1
421,8,0.1770682285229365,3,1
422,-50,0.09290706377476454,50,0
423,10,0.015063885599374771,1,1
424,10,0.09394627809524536,1,1
425,-22,0.07784373901615088,33,1
426,9,0.09580167010426521,2,1
427,8,0.07078987484176953,3,1
428,8,0.2266776884595553,3,1
429,9,0.21665301732718945,2,1
430,6,0.09244008734822273,5,1
431,10,0.11651483178138733,1,1
432,10,0.36095690727233887,1,1
433,9,0.20243626087903976,2,1
434,8,0.032846553872028984,3,1
435,7,0.25082490453496575,4,1
436,9,0.019995812326669693,2,1
437,-5,0.10255964216776192,16,1
438,5,0.08013402732710044,6,1
439,9,0.0404344517737627,2,1
440,-15,0.10904527333779977,26,1
441,7,0.10993165895342827,4,1
442,7,0.2864005509763956,4,1
443,1,0.10798163954168558,10,1
444,10,0.043448787182569504,1,1
445,6,0.05886396616697311,5,1
446,9,0.16769497096538544,2,1
447,8,0.10721514374017715,3,1
448,9,0.20689796656370163,2,1
449,6,0.09272104650735855,5,1
450,-21,0.1392163938144222,32,1
451,-6,0.08239814923966632,17,1
452,9,0.03479145746678114,2,1
453,7,0.05906146299093962,4,1
454,7,0.04462901409715414,4,1
455,9,0.018035325221717358,2,1
456,8,0.04243157555659612,3,1
457,9,0.04352497914806008,2,1
458,10,0.06770938634872437,1,1
459,10,0.03473304957151413,1,1
460,8,0.20877123872439066,3,1
461,10,0.02769133448600769,1,1
462,10,0.33925318717956543,1,1
463,10,0.27265360951423645,1,1
464,7,0.09113062359392643,4,1
465,9,0.21538894344121218,2,1
466,10,0.33328044414520264,1,1
467,7,0.07290457002818584,4,1
468,7,0.07250692090019584,4,1
469,10,0.08486790955066681,1,1
470,6,0.06953278407454491,5,1
471,10,0.09680233150720596,1,1
472,10,0.040611762553453445,1,1
473,8,0.06916097489496072,3,1
474,7,0.07889974676072598,4,1
475,8,0.1452106162905693,3,1
476,8,0.07545402149359386,3,1
477,7,0.0522476308979094,4,1
478,7,0.2235981523990631,4,1
479,9,0.12128986418247223,2,1
480,7,0.11029115412384272,4,1
481,9,0.041029637679457664,2,1
482,-15,0.13156571038640463,26,1
483,8,0.2949385792016983,3,1
484,9,0.042491757310926914,2,1
485,9,0.106479836627841,2,1
486,6,0.07695632912218571,5,1
487,7,0.10336061380803585,4,1
488,8,0.08797390200197697,3,1
489,-10,0.12165072560310364,1,0
490,5,0.03551792912185192,6,1
491,8,0.1569648211201032,3,1
492,8,0.17579756180445352,3,1
493,-10,0.028062384575605392,1,0
494,6,0.12689858078956603,5,1
495,9,0.09493957459926605,2,1
496,9,0.040862271562218666,2,1
497,7,0.17884996812790632,4,1
498,7,0.10749360546469688,4,1
499,10,0.17319205403327942,1,1
500,7,0.38878415524959564,4,1
501,10,0.0357917919754982,1,1
502,-22,0.10683711098902153,33,1
503,8,0.06813438857595126,3,1
504,8,0.07729926457007726,3,1
505,8,0.21927346661686897,3,1
506,9,0.1456352397799492,2,1
507,8,0.08432182172934215,3,1
508,8,0.2117258608341217,3,1
509,4,0.0631753679897104,7,1
510,9,0.10032477229833603,2,1
511,0,0.13534487936307082,11,1
512,8,0.2838963319857915,3,1
513,5,0.1595466242482265,6,1
514,10,0.09052767604589462,1,1
515,8,0.11936006632943948,3,1
516,9,0.23506831377744675,2,1
517,-1,0.09868822588274877,12,1
518,-29,0.101267203502357,40,1
519,10,0.0764145627617836,1,1
520,5,0.12841253851850828,6,1
521,7,0.11538863182067871,4,1
522,7,0.1261885929852724,4,1
523,5,0.1742911171168089,6,1
524,9,0.07775857672095299,2,1
525,9,0.22004646435379982,2,1
526,8,0.14140069981416067,3,1
527,-12,0.15008175869782767,3,0
528,-10,0.3726150393486023,1,0
529,8,0.08663495381673177,3,1
530,8,0.10716733584801356,3,1
531,6,0.1311665527522564,5,1
532,5,0.08222844948371251,6,1
533,9,0.33810533583164215,2,1
534,8,0.12425184001525243,3,1
535,10,0.10469882190227509,1,1
536,8,0.22780465334653854,3,1
537,9,0.07688473165035248,2,1
538,7,0.3288360871374607,4,1
539,-3,0.17404388024338655,14,1
540,8,0.18798421820004782,3,1
541,10,0.06634638458490372,1,1
542,7,0.1539139375090599,4,1
543,8,0.08294401069482167,3,1
544,8,0.10683379073937734,3,1
545,-38,0.12232961447845245,29,0
546,6,0.18238509073853493,5,1
547,8,0.05643594264984131,3,1
548,8,0.0860128824909528,3,1
549,10,0.020825253799557686,1,1
550,10,0.19042523205280304,1,1
551,7,0.0507219466380775,4,1
552,7,0.06700694793835282,4,1
553,5,0.092895882204175,6,1
554,-25,0.10843688691966236,16,0
555,8,0.13879908372958502,3,1
556,10,0.12882225215435028,1,1
557,8,0.059944819658994675,3,1
558,9,0.07777713239192963,2,1
559,8,0.10080395763119061,3,1
560,10,0.07684248685836792,1,1
561,-38,0.11705432710205686,29,0
562,-50,0.203611663505435,50,0
563,8,0.09707338611284892,3,1
564,9,0.08548888936638832,2,1
565,9,0.4010028224438429,2,1
566,-1,0.1324978287642201,12,1
567,9,0.06473971530795097,2,1
568,-50,0.13661761064082384,50,0
569,-6,0.12639516876900897,17,1
570,7,0.08066117111593485,4,1
571,-15,0.10870504193007946,6,0
572,10,0.23539209365844727,1,1
573,9,0.07719910144805908,2,1
574,10,0.08186672627925873,1,1
575,8,0.0833534977088372,3,1
576,9,0.05261978320777416,2,1
577,10,0.1134418323636055,1,1
578,9,0.08359747380018234,2,1
579,9,0.2310403510928154,2,1
580,9,0.19678325206041336,2,1
581,8,0.08284277965625127,3,1
582,7,0.06684326287358999,4,1
583,9,0.07635175995528698,2,1
584,-8,0.1485272265578571,19,1
585,-10,0.1904786229133606,1,0
586,9,0.05880676582455635,2,1
587,8,0.1094942366083463,3,1
588,7,0.15783064533025026,4,1
589,8,0.17285762230555216,3,1
590,10,0.28121328353881836,1,1
591,7,0.15998954139649868,4,1
592,9,0.31304260343313217,2,1
593,8,0.18195105281968912,3,1
594,8,0.10636413842439651,3,1
595,-13,0.13030242236951986,24,1
596,8,0.07524627322951953,3,1
597,-14,0.111207877099514,5,0
598,7,0.1970703173428774,4,1
599,10,0.10937705636024475,1,1
600,10,0.2544511556625366,1,1
601,10,0.10167377442121506,1,1
602,7,0.06480563245713711,4,1
603,10,0.08414818346500397,1,1
604,10,0.18110017478466034,1,1
605,9,0.17476736754179,2,1
606,8,0.10935852924982707,3,1
607,3,0.12566974246874452,8,1
608,4,0.15725993072347982,7,1
609,7,0.17418760899454355,4,1
610,10,0.08955100178718567,1,1
611,-1,0.1842144172017773,12,1
612,4,0.24241269858820097,7,1
613,9,0.06621338240802288,2,1
614,10,0.031564533710479736,1,1
615,10,0.11047448962926865,1,1
616,10,0.10266679525375366,1,1
617,7,0.09081869572401047,4,1
618,8,0.2394910827279091,3,1
619,4,0.12409570493868419,7,1
620,10,0.23256275057792664,1,1
621,7,0.07297959830611944,4,1
622,10,0.04753860831260681,1,1
623,8,0.06995013728737831,3,1
624,8,0.1772008885939916,3,1
625,-11,0.36595550924539566,2,0
626,9,0.08436529338359833,2,1
627,10,0.05895838886499405,1,1
628,7,0.1553022302687168,4,1
629,7,0.1866063717752695,4,1
630,9,0.07170168682932854,2,1
631,9,0.07699800282716751,2,1
632,10,0.5259494781494141,1,1
633,7,0.1046553049236536,4,1
634,8,0.03499126434326172,3,1
635,-25,0.11665939244752128,36,1
636,9,0.16959913447499275,2,1
637,10,0.08534741401672363,1,1
638,9,0.10949061438441277,2,1
639,10,0.10150516033172607,1,1
640,-16,0.1419560600210119,27,1
641,9,0.0506176445633173,2,1
642,8,0.23361377914746603,3,1
643,10,0.07345789670944214,1,1
644,8,0.1749181548754374,3,1
645,7,0.10384507896378636,4,1
646,9,0.05981631204485893,2,1
647,9,0.32736241817474365,2,1
648,10,0.07346425205469131,1,1
649,9,0.049869646318256855,2,1
650,6,0.11632449217140675,5,1
651,8,0.039224630842606224,3,1
652,10,0.012795875780284405,1,1
653,8,0.07126128176848094,3,1
654,9,0.1357101835310459,2,1
655,8,0.050472566237052284,3,1
656,9,0.06280802190303802,2,1
657,9,0.1092461459338665,2,1
658,8,0.07621890803178151,3,1
659,7,0.0873360619880259,4,1
660,10,0.039259035140275955,1,1
661,10,0.05850841850042343,1,1
662,8,0.03070971369743347,3,1
663,-12,0.12933869497931522,23,1
664,9,0.2346222698688507,2,1
665,10,0.1304817646741867,1,1
666,-8,0.09448071657434891,19,1
667,8,0.058650276313225426,3,1
668,7,0.07084494177252054,4,1
669,3,0.18439491977915168,8,1
670,8,0.046795727064212166,3,1
671,10,0.08155015856027603,1,1
672,10,0.062306344509124756,1,1
673,8,0.1997668743133545,3,1
674,9,0.04396571032702923,2,1
675,6,0.24096410684287548,5,1
676,8,0.2687792057792346,3,1
677,9,0.21294299140572548,2,1
678,7,0.053903089836239815,4,1
679,8,0.1390815724929174,3,1
680,9,0.14235037565231323,2,1
681,7,0.1304845940321684,4,1
682,7,0.05096893245354295,4,1
683,10,0.01764412224292755,1,1
684,6,0.07432585638016462,5,1
685,8,0.1804146853586038,3,1
686,10,0.013229889795184135,1,1
687,10,0.10176610946655273,1,1
688,10,0.08266843855381012,1,1
689,9,0.05930102989077568,2,1
690,9,0.114566370844841,2,1
691,10,0.06089665740728378,1,1
692,8,0.06322536617517471,3,1
693,-16,0.059946823599083085,7,0
694,9,0.3046439215540886,2,1
695,10,0.009032761678099632,1,1
696,9,0.05936951003968716,2,1
697,8,0.06441776516536872,3,1
698,7,0.046706538181751966,4,1
699,9,0.10442496463656425,2,1
700,-35,0.1217261986950269,26,0
701,6,0.14535448774695398,5,1
702,9,0.058701299130916595,2,1
703,6,0.14426025673747062,5,1
704,7,0.06041830498725176,4,1
705,9,0.2049027383327484,2,1
706,9,0.039122508838772774,2,1
707,8,0.046681741873423256,3,1
708,8,0.08187665169437726,3,1
709,9,0.03440167009830475,2,1
710,9,0.2732721846550703,2,1
711,9,0.02896704711019993,2,1
712,-9,0.13119510039687157,20,1
713,8,0.12096099803845088,3,1
714,-27,0.0863160683626407,38,1
715,8,0.06575894045333068,3,1
716,8,0.08989737927913666,3,1
717,8,0.11279318605860074,3,1
718,8,0.1347174569964409,3,1
719,7,0.04376027826219797,4,1
720,10,0.510768711566925,1,1
721,8,0.15091142927606901,3,1
722,9,0.21175734791904688,2,1
723,10,0.08711744099855423,1,1
724,10,0.03109929896891117,1,1
725,7,0.021538100903853774,4,1
726,8,0.03312400231758753,3,1
727,9,0.1518960054963827,2,1
728,7,0.05886401515454054,4,1
729,6,0.06165457926690578,5,1
730,-21,0.09415384905878454,32,1
731,8,0.07419424379865329,3,1
732,5,0.10560446480909984,6,1
733,9,0.07397178187966347,2,1
734,9,0.24849900975823402,2,1
735,10,0.04023308306932449,1,1
736,6,0.11691340021789073,5,1
737,7,0.1376688815653324,4,1
738,9,0.04276864416897297,2,1
739,6,0.08116645589470864,5,1
740,8,0.16944669932127,3,1
741,6,0.1142253890633583,5,1
742,10,0.10307152569293976,1,1
743,5,0.0616908303151528,6,1
744,8,0.05124416140218576,3,1
745,9,0.02578851208090782,2,1
746,8,0.3073357244332631,3,1
747,10,0.048148058354854584,1,1
748,9,0.05495336279273033,2,1
749,9,0.126827172935009,2,1
750,10,0.12527340650558472,1,1
751,9,0.10506942123174667,2,1
752,8,0.11074984321991603,3,1
753,8,0.07551306113600731,3,1
754,-12,0.052706604823470116,3,0
755,10,0.11959373950958252,1,1
756,10,0.05191881209611893,1,1
757,9,0.2626738306134939,2,1
758,6,0.10851145647466183,5,1
759,8,0.05716235563158989,3,1
760,8,0.06018841111411651,3,1
761,9,0.13137244433164597,2,1
762,9,0.034102100878953934,2,1
763,-10,0.058793604373931885,1,0
764,9,0.06047971174120903,2,1
765,9,0.028264022432267666,2,1
766,7,0.25218931259587407,4,1
767,8,0.1641460427393516,3,1
768,10,0.009649625048041344,1,1
769,8,0.04482909540335337,3,1
770,7,0.23158357478678226,4,1
771,-24,0.16352123096585275,35,1
772,8,0.053512329856554665,3,1
773,8,0.16992083936929703,3,1
774,8,0.057875145226716995,3,1
775,6,0.061042043194174764,5,1
776,10,0.04128642380237579,1,1
777,-7,0.13850644468847248,18,1
778,10,0.09007852524518967,1,1
779,10,0.9482409954071045,1,1
780,10,0.14021901786327362,1,1
781,9,0.0892450138926506,2,1
782,-23,0.12904256834265063,34,1
783,8,0.06766390055418015,3,1
784,10,0.0318421870470047,1,1
785,9,0.05874784663319588,2,1
786,10,0.04512019827961922,1,1
787,9,0.050304682925343513,2,1
788,-14,0.13447985090315343,5,0
789,10,0.13929785788059235,1,1
790,9,0.04398678708821535,2,1
791,7,0.07021802477538586,4,1
792,9,0.23345141671597958,2,1
793,9,0.030976933892816305,2,1
794,7,0.17156292870640755,4,1
795,10,0.5131518840789795,1,1
796,9,0.04692639224231243,2,1
797,8,0.1466959541042646,3,1
798,6,0.13195993714034557,5,1
799,9,0.11922600492835045,2,1
800,10,0.03441949188709259,1,1
801,-25,0.11187236872501671,36,1
802,9,0.10834677144885063,2,1
803,9,0.10936044901609421,2,1
804,9,0.254550002515316,2,1
805,10,0.04635506123304367,1,1
806,7,0.16498261131346226,4,1
807,9,0.1046869233250618,2,1
808,8,0.10874597976605098,3,1
809,10,0.0851244181394577,1,1
810,6,0.2646332785487175,5,1
811,-10,0.1529027819633484,1,0
812,10,0.06482277810573578,1,1
813,10,0.045117758214473724,1,1
814,10,0.03806990757584572,1,1
815,9,0.05580951273441315,2,1
816,-50,0.14890299625694753,50,0
817,7,0.08866143692284822,4,1
818,5,0.16958865243941545,6,1
819,10,0.11686351895332336,1,1
820,8,0.2085134262839953,3,1
821,9,0.043203648179769516,2,1
822,8,0.05142521609862646,3,1
823,10,0.4931577146053314,1,1
824,9,0.09947331622242928,2,1
825,6,0.23120161145925522,5,1
826,8,0.06081047902504603,3,1
827,7,0.048272890504449606,4,1
828,8,0.20339465886354446,3,1
829,9,0.33836615085601807,2,1
830,7,0.1892777318134904,4,1
831,9,0.10337649285793304,2,1
832,7,0.23596962913870811,4,1
833,8,0.2789791723092397,3,1
834,8,0.04636640474200249,3,1
835,6,0.2977565944194794,5,1
836,8,0.06103196988503138,3,1
837,8,0.25440386061867076,3,1
838,6,0.09030328392982483,5,1
839,-16,0.15859204689385714,27,1
840,8,0.08621184279521306,3,1
841,9,0.11130882799625397,2,1
842,7,0.08746740035712719,4,1
843,7,0.05946956109255552,4,1
844,9,0.054963670670986176,2,1
845,10,0.28959017992019653,1,1
846,10,0.10031694173812866,1,1
847,7,0.14896281948313117,4,1
848,9,0.045015331357717514,2,1
849,-10,0.06571267545223236,1,0
850,8,0.05527609338363012,3,1
851,8,0.17212919145822525,3,1
852,6,0.08399332910776139,5,1
853,8,0.05181674535075823,3,1
854,8,0.13075333833694458,3,1
855,10,0.06055492162704468,1,1
856,9,0.08525518700480461,2,1
857,9,0.06513349339365959,2,1
858,9,0.130003921687603,2,1
859,7,0.1626519002020359,4,1
860,5,0.11284667750199635,6,1
861,10,0.3577190637588501,1,1
862,10,0.0671534538269043,1,1
863,6,0.05987267270684242,5,1
864,9,0.13375934772193432,2,1
865,10,0.038349349051713943,1,1
866,10,0.07058896124362946,1,1
867,8,0.15397362411022186,3,1
868,-50,0.1548227727599442,50,0
869,8,0.06551896035671234,3,1
870,10,0.40610912442207336,1,1
871,8,0.06017172709107399,3,1
872,9,0.23204063903540373,2,1
873,8,0.33632101863622665,3,1
874,10,0.1264028549194336,1,1
875,7,0.08036377653479576,4,1
876,9,0.06837786361575127,2,1
877,7,0.07164794020354748,4,1
878,7,0.0839369036257267,4,1
879,5,0.0921022358040015,6,1
880,8,0.23106550673643747,3,1
881,-11,0.2860550545156002,2,0
882,8,0.07480380063255627,3,1
883,7,0.1353407185524702,4,1
884,10,0.13979336619377136,1,1
885,10,0.37652409076690674,1,1
886,10,0.03207816928625107,1,1
887,-27,0.20321590678864404,38,1
888,9,0.06369143351912498,2,1
889,9,0.07094845362007618,2,1
890,5,0.10391600243747234,6,1
891,10,0.1029442772269249,1,1
892,10,0.07249709963798523,1,1
893,10,0.17760038375854492,1,1
894,9,0.08525817468762398,2,1
895,10,0.031096577644348145,1,1
896,9,0.34841297566890717,2,1
897,8,0.1178903579711914,3,1
898,9,0.07599768415093422,2,1
899,9,0.26236946135759354,2,1
900,9,0.06780755147337914,2,1
901,10,0.2945631444454193,1,1
902,7,0.10603963769972324,4,1
903,8,0.08256360019246738,3,1
904,10,0.0410199910402298,1,1
905,10,0.11638118326663971,1,1
906,9,0.0794757530093193,2,1
907,9,0.10870583076030016,2,1
908,8,0.049249317497015,3,1
909,7,0.06127760000526905,4,1
910,9,0.08399360626935959,2,1
911,9,0.3541081231087446,2,1
912,6,0.06344839371740818,5,1
913,8,0.1173903476446867,3,1
914,9,0.10267441160976887,2,1
915,9,0.05730596091598272,2,1
916,9,0.05034283548593521,2,1
917,9,0.3090088404715061,2,1
918,9,0.3546312227845192,2,1
919,8,0.5011319642265638,3,1
920,8,0.06355894605318706,3,1
921,9,0.29074741527438164,2,1
922,8,0.07801006113489468,3,1
923,10,0.04763026535511017,1,1
924,8,0.058644374211629234,3,1
925,10,0.08537622541189194,1,1
926,10,0.12385663390159607,1,1
927,8,0.0859241783618927,3,1
928,9,0.05155564658343792,2,1
929,-10,0.16800011002591678,21,1
930,10,0.04945290833711624,1,1
931,8,0.281814381480217,3,1
932,-10,0.5551310777664185,1,0
933,10,0.10885633528232574,1,1
934,8,0.22413484131296477,3,1
935,7,0.0642450749874115,4,1
936,6,0.2610502362251282,5,1
937,-10,0.025829631835222244,1,0
938,6,0.07455364540219307,5,1
939,10,0.042626239359378815,1,1
940,9,0.23281987756490707,2,1
941,3,0.1342325070872903,8,1
942,8,0.08791792516907056,3,1
943,8,0.05401957159241041,3,1
944,10,0.06040602922439575,1,1
945,9,0.06958384811878204,2,1
946,8,0.3234996323784192,3,1
947,8,0.13082043826580048,3,1
948,9,0.05569927766919136,2,1
949,8,0.09610894819100697,3,1
950,8,0.16494745636979738,3,1
951,7,0.22385637508705258,4,1
952,8,0.0674997369448344,3,1
953,6,0.18068066500127317,5,1
954,7,0.06838004477322102,4,1
955,10,0.0676816925406456,1,1
956,8,0.07349129393696785,3,1
957,10,0.10183368623256683,1,1
958,9,0.062104763463139534,2,1
959,7,0.108036819845438,4,1
960,9,0.053298309445381165,2,1
961,-51,0.14052957837425528,42,0
962,10,0.4818737506866455,1,1
963,9,0.08585627377033234,2,1
964,7,0.18694093264639378,4,1
965,6,0.07532695084810256,5,1
966,6,0.06856243759393692,5,1
967,10,0.12813811004161835,1,1
968,9,0.04678803123533726,2,1
969,6,0.06149943321943283,5,1
970,7,0.06682124175131321,4,1
971,-34,0.1962025973200798,25,0
972,-50,0.1294634113833308,50,0
973,8,0.27920168141524,3,1
974,8,0.06951707725723584,3,1
975,10,0.11010203510522842,1,1
976,10,0.11873504519462585,1,1
977,9,0.42031048238277435,2,1
978,5,0.23530255382259688,6,1
979,9,0.07198473066091537,2,1
980,10,0.49190008640289307,1,1
981,8,0.06323610494534175,3,1
982,-50,0.1637609901279211,50,0
983,6,0.14639800526201724,5,1
984,8,0.05886989583571752,3,1
985,8,0.15403827652335167,3,1
986,8,0.2151070199906826,3,1
987,-5,0.15949261013884097,16,1
988,-12,0.2515919730067253,3,0
989,9,0.09645967930555344,2,1
990,9,0.09623054042458534,2,1
991,9,0.2783716432750225,2,1
992,9,0.04463275521993637,2,1
993,7,0.10178985632956028,4,1
994,9,0.5633584558963776,2,1
995,7,0.092111905105412,4,1
996,9,0.2798924222588539,2,1
997,-14,0.13388374656438828,25,1
998,8,0.08199082563320796,3,1
999,8,0.06966230397423108,3,1
1000,8,0.0774437387784322,3,1
1,10,0.08146731555461884,1,1
2,6,0.05072066448628902,5,1
3,8,0.04453808441758156,3,1
4,8,0.34926115597287816,3,1
5,6,0.08955778069794178,5,1
6,6,0.34354129806160927,5,1
7,5,0.045850701009233795,6,1
8,9,0.11785882711410522,2,1
9,-11,0.12216663733124733,2,0
10,10,0.14430175721645355,1,1
11,8,0.10142682244380315,3,1
12,8,0.14593365540107092,3,1
13,-50,0.19692272920161485,50,0
14,7,0.09506494272500277,4,1
15,8,0.43567457298437756,3,1
16,7,0.23192336782813072,4,1
17,7,0.17097432864829898,4,1
18,8,0.24803761144479117,3,1
19,-12,0.06674065068364143,3,0
20,7,0.31010523065924644,4,1
21,10,0.16788801550865173,1,1
22,-8,0.21133758794320257,19,1
23,5,0.14785859485467276,6,1
24,8,0.12583085894584656,3,1
25,8,0.147927795847257,3,1
26,10,0.5240148305892944,1,1
27,5,0.06924191676080227,6,1
28,9,0.10684597492218018,2,1
29,10,0.0400017574429512,1,1
30,8,0.03195379922787348,3,1
31,7,0.08736083377152681,4,1
32,7,0.049143558368086815,4,1
33,8,0.19260222961505255,3,1
34,9,0.3403172343969345,2,1
35,10,0.059503234922885895,1,1
36,8,0.1492094062268734,3,1
37,10,0.5415244102478027,1,1
38,9,0.04447941854596138,2,1
39,9,0.07329664751887321,2,1
40,6,0.22379749342799188,5,1
41,6,0.1631945177912712,5,1
42,5,0.2625756865988175,6,1
43,9,0.06080323085188866,2,1
44,8,0.1392841494331757,3,1
45,9,0.061154961585998535,2,1
46,7,0.18274006992578506,4,1
47,-50,0.1710499806702137,50,0
48,10,0.21980977058410645,1,1
49,5,0.2141935999194781,6,1
50,7,0.20179918222129345,4,1
51,10,0.08874717354774475,1,1
52,7,0.0707899546250701,4,1
53,9,0.14590880647301674,2,1
54,8,0.1873127669095993,3,1
55,10,0.11179497092962265,1,1
56,10,0.07550476491451263,1,1
57,7,0.08285648375749588,4,1
58,9,0.09493378922343254,2,1
59,9,0.16914094612002373,2,1
60,10,0.1603388786315918,1,1
61,10,0.05456740781664848,1,1
62,5,0.17819714918732643,6,1
63,-10,0.03580793738365173,1,0
64,6,0.11608695983886719,5,1
65,10,0.10797486454248428,1,1
66,10,0.04566331207752228,1,1
67,5,0.16548468731343746,6,1
68,8,0.07561940575639407,3,1
69,8,0.24507277955611548,3,1
70,8,0.24542830884456635,3,1
71,9,0.3486723527312279,2,1
72,-10,0.0761750265955925,1,0
73,8,0.06975941111644109,3,1
74,10,0.05872975289821625,1,1
75,10,0.06019902974367142,1,1
76,6,0.14785483106970787,5,1
77,6,0.08469848893582821,5,1
78,-11,0.18525250950320202,22,1
79,10,0.07543182373046875,1,1
80,7,0.08327759522944689,4,1
81,8,0.11815836280584335,3,1
82,10,0.2206348180770874,1,1
83,10,0.025760604068636894,1,1
84,10,0.038088299334049225,1,1
85,8,0.06507218380769093,3,1
86,4,0.05658379516431263,7,1
87,10,0.021711939945816994,1,1
88,9,0.048732200637459755,2,1
89,9,0.2955962046980858,2,1
90,-13,0.0660942019118617,24,1
91,8,0.0625874896844228,3,1
92,9,0.034625343978405,2,1
93,7,0.17699364572763443,4,1
94,6,0.04323025979101658,5,1
95,10,0.022430360317230225,1,1
96,9,0.19229185208678246,2,1
97,7,0.06681579165160656,4,1
98,9,0.19659708254039288,2,1
99,7,0.13467869069427252,4,1
100,9,0.2437458410859108,2,1
101,6,0.12645468190312387,5,1
102,7,0.07302121631801128,4,1
103,10,0.09744205325841904,1,1
104,9,0.12599822506308556,2,1
105,10,0.21387527883052826,1,1
106,6,0.06155316084623337,5,1
107,7,0.16736843809485435,4,1
108,-26,0.11273445764227825,17,0
109,10,0.061553094536066055,1,1
110,9,0.3301459029316902,2,1
111,9,0.23716036975383759,2,1
112,10,0.09270176291465759,1,1
113,10,0.019783388823270798,1,1
114,7,0.21595162339508533,4,1
115,7,0.10493444092571735,4,1
116,-37,0.18388010002672672,48,1
117,7,0.1016779225319624,4,1
118,6,0.3473345786333084,5,1
119,8,0.1601140797138214,3,1
120,8,0.24874895686904588,3,1
121,10,0.07806643098592758,1,1
122,10,0.05101363733410835,1,1
123,8,0.08439245820045471,3,1
124,-29,0.1326755357440561,40,1
125,7,0.06974987592548132,4,1
126,9,0.061003001406788826,2,1
127,8,0.09855400957167149,3,1
128,9,0.017805437557399273,2,1
129,8,0.05214532340566317,3,1
130,10,0.05521281808614731,1,1
131,8,0.05048547560969988,3,1
132,10,0.04284917563199997,1,1
133,7,0.05465610232204199,4,1
134,5,0.1775427513445417,6,1
135,10,0.06942950934171677,1,1
136,10,0.054523155093193054,1,1
137,9,0.2438355702906847,2,1
138,6,0.10704399198293686,5,1
139,9,0.025387845002114773,2,1
140,10,0.04265260696411133,1,1
141,9,0.04169239476323128,2,1
142,8,0.18964003771543503,3,1
143,10,0.08683722466230392,1,1
144,9,0.021990437991917133,2,1
145,7,0.1255210842937231,4,1
146,7,0.18756301701068878,4,1
147,10,0.4674912691116333,1,1
148,7,0.12166304839774966,4,1
149,10,0.055842794477939606,1,1
150,7,0.06487936712801456,4,1
151,10,0.06661739945411682,1,1
152,-50,0.11282552972435951,50,0
153,-22,0.11157711425965483,33,1
154,9,0.1992923468351364,2,1
155,-10,0.10048843920230865,1,0
156,10,0.07403271645307541,1,1
157,7,0.06163539597764611,4,1
158,8,0.07986124853293101,3,1
159,10,0.6030352711677551,1,1
160,7,0.20382498018443584,4,1
161,9,0.02020646631717682,2,1
162,6,0.1457029778510332,5,1
163,8,0.04052240028977394,3,1
164,8,0.025176916271448135,3,1
165,-12,0.06907995852331321,3,0
166,-31,0.19952120682732624,22,0
167,9,0.1081017293035984,2,1
168,6,0.13875464648008345,5,1
169,10,0.048257727175951004,1,1
170,-11,0.11116114754060452,22,1
171,8,0.02297964319586754,3,1
172,9,0.1421317234635353,2,1
173,-4,0.20467147746433814,15,1
174,9,0.12709216866642237,2,1
175,10,0.1098768562078476,1,1
176,6,0.17715798541903496,5,1
177,8,0.04751637950539589,3,1
178,5,0.2424612808972597,6,1
179,8,0.01817880819241206,3,1
180,8,0.04835216080149015,3,1
181,7,0.03364763595163822,4,1
182,8,0.10785790781180064,3,1
183,7,0.02835441892966628,4,1
184,6,0.08898212052881718,5,1
185,8,0.17441814144452414,3,1
186,9,0.41401438415050507,2,1
187,9,0.039798080921173096,2,1
188,8,0.19745647658904394,3,1
189,10,0.0432334840297699,1,1
190,8,0.044135539482037224,3,1
191,8,0.03734623982260624,3,1
192,9,0.026092061772942543,2,1
193,9,0.12067939527332783,2,1
194,8,0.2083485135808587,3,1
195,10,0.014385044574737549,1,1
196,9,0.05334619618952274,2,1
197,7,0.0752738700248301,4,1
198,6,0.07973842434585095,5,1
199,8,0.03365248627960682,3,1
200,10,0.087896928191185,1,1
201,-10,0.01604226604104042,1,0
202,-16,0.1820438565272424,27,1
203,5,0.12809900225450596,6,1
204,8,0.019476618617773056,3,1
205,8,0.05411613856752714,3,1
206,9,0.021446286235004663,2,1
207,10,0.06372517347335815,1,1
208,9,0.05702417250722647,2,1
209,8,0.23032149175802866,3,1
210,9,0.03939539846032858,2,1
211,10,0.015763884410262108,1,1
212,8,0.057795495415727295,3,1
213,10,0.013262542895972729,1,1
214,5,0.08624753107627232,6,1
215,10,0.011104369536042213,1,1
216,10,0.012524817138910294,1,1
217,10,0.06524763256311417,1,1
218,7,0.13266955967992544,4,1
219,9,0.2482643984258175,2,1
220,5,0.029451262826720875,6,1
221,-50,0.10111286781728268,50,0
222,8,0.0349263126651446,3,1
223,7,0.0805221009068191,4,1
224,10,0.12286937236785889,1,1
225,10,0.026656512171030045,1,1
226,8,0.08791523923476537,3,1
227,9,0.12969183549284935,2,1
228,6,0.03764633946120739,5,1
229,9,0.1740693747997284,2,1
230,8,0.024453382318218548,3,1
231,8,0.32870793839295703,3,1
232,9,0.1386563554406166,2,1
233,9,0.07120214775204659,2,1
234,10,0.04166652634739876,1,1
235,9,0.09642883762717247,2,1
236,7,0.13336062151938677,4,1
237,7,0.10919567942619324,4,1
238,10,0.1580793410539627,1,1
239,-50,0.1883201241493225,50,0
240,7,0.15448078513145447,4,1
241,9,0.08386587724089622,2,1
242,7,0.18657673755660653,4,1
243,10,0.10948192328214645,1,1
244,8,0.04949335505565008,3,1
245,7,0.042729923501610756,4,1
246,8,0.057724213848511376,3,1
247,6,0.07150153182446957,5,1
248,-50,0.15787152236327529,50,0
249,-10,0.020395688712596893,1,0
250,10,0.706863284111023,1,1
251,8,0.10871061558524768,3,1
252,8,0.11921324580907822,3,1
253,-50,0.13390953585505486,50,0
254,9,0.13690567761659622,2,1
255,7,0.07643249444663525,4,1
256,10,0.1883571892976761,1,1
257,8,0.09123516331116359,3,1
258,10,0.03217769041657448,1,1
259,9,0.06603343412280083,2,1
260,7,0.2433457775041461,4,1
261,10,0.06805934011936188,1,1
262,9,0.0732045266777277,2,1
263,-11,0.05002329312264919,2,0
264,-11,0.041899606585502625,2,0
265,7,0.16010831110179424,4,1
266,8,0.13441351987421513,3,1
267,8,0.1167693908015887,3,1
268,6,0.2279619410634041,5,1
269,8,0.24248783787091574,3,1
270,8,0.22973747923970222,3,1
271,8,0.13285699238379797,3,1
272,8,0.2165735512971878,3,1
273,4,0.17126029703233922,7,1
274,10,0.032291870564222336,1,1
275,10,0.16695678234100342,1,1
276,9,0.09311413299292326,2,1
277,10,0.0544089712202549,1,1
278,10,0.07475169748067856,1,1
279,-9,0.08699947642162442,20,1
280,9,0.03467225003987551,2,1
281,-26,0.16571342430132277,17,0
282,9,0.07862219586968422,2,1
283,-50,0.1494643212109804,50,0
284,9,0.05094786174595356,2,1
285,10,0.024433761835098267,1,1
286,10,0.027324188500642776,1,1
287,8,0.06095335943003496,3,1
288,-12,0.16102187780906324,23,1
289,-16,0.13128026864594883,27,1
290,10,0.06739629060029984,1,1
291,7,0.07012522779405117,4,1
292,7,0.13917336845770478,4,1
293,7,0.23704917449504137,4,1
294,10,0.026694204658269882,1,1
295,7,0.19158742018043995,4,1
296,10,0.03348800539970398,1,1
297,8,0.18854796638091406,3,1
298,-10,0.0964745283126831,1,0
299,9,0.3242386057972908,2,1
300,8,0.08086509878436725,3,1
301,2,0.1934816717273659,9,1
302,-25,0.15032282867468894,16,0
303,9,0.1456147562712431,2,1
304,7,0.17384969256818295,4,1
305,-50,0.13655166387557982,50,0
306,9,0.0879616029560566,2,1
307,8,0.22078694154818854,3,1
308,8,0.38074614107608795,3,1
309,6,0.42160632014274596,5,1
310,9,0.0457666153088212,2,1
311,-10,0.09867436438798904,1,0
312,9,0.04253973439335823,2,1
313,-50,0.1382425744459033,50,0
314,-50,0.12813665902242063,50,0
315,7,0.14617769606411457,4,1
316,9,0.09147772006690502,2,1
317,10,0.3371073603630066,1,1
318,7,0.13196184858679771,4,1
319,-50,0.17421913210302592,50,0
320,10,0.46836626529693604,1,1
321,10,0.09983678162097931,1,1
322,8,0.3441064457098643,3,1
323,7,0.07876027561724186,4,1
324,10,0.16253423690795898,1,1
325,-33,0.11438306126122673,24,0
326,7,0.1788737727329135,4,1
327,6,0.2756839722394943,5,1
328,6,0.12985845729708673,5,1
329,9,0.08184346184134483,2,1
330,8,0.12747169782718024,3,1
331,9,0.3644765131175518,2,1
332,10,0.12195247411727905,1,1
333,-10,0.3560028672218323,1,0
334,9,0.19930551759898663,2,1
335,-9,0.13506203526630997,20,1
336,10,0.08237369358539581,1,1
337,-50,0.12497109327465296,50,0
338,-8,0.13769604824483395,19,1
339,7,0.310734280385077,4,1
340,8,0.14247549076875052,3,1
341,10,0.06628718972206116,1,1
342,6,0.1928234167397022,5,1
343,9,0.08499499037861824,2,1
344,7,0.2877607252448797,4,1
345,9,0.11593226715922356,2,1
346,7,0.18719943426549435,4,1
347,10,0.11331905424594879,1,1
348,6,0.08819152265787125,5,1
349,7,0.09773881081491709,4,1
350,0,0.053246180272915146,11,1
351,7,0.11154741235077381,4,1
352,-10,0.16423737186761128,21,1
353,1,0.0692029980942607,10,1
354,9,0.04043278470635414,2,1
355,6,0.1475277841091156,5,1
356,7,0.14748960733413696,4,1
357,8,0.057624967147906624,3,1
358,10,0.0403585359454155,1,1
359,9,0.03512599691748619,2,1
360,-55,0.14609080715023953,46,0
361,7,0.234392412006855,4,1
362,9,0.15872224792838097,2,1
363,8,0.17801413933436075,3,1
364,10,0.10914260894060135,1,1
365,9,0.08210816606879234,2,1
366,10,0.16377273201942444,1,1
367,9,0.1347067914903164,2,1
368,10,0.05942909047007561,1,1
369,9,0.0974077619612217,2,1
370,4,0.14954115343945368,7,1
371,10,0.09064820408821106,1,1
372,9,0.04649195075035095,2,1
373,-26,0.12616943074642,37,1
374,-50,0.10799808505922556,50,0
375,8,0.2040750483671824,3,1
376,8,0.06292022143801053,3,1
377,8,0.03754429146647453,3,1
378,-10,0.08254222926639375,21,1
379,10,0.29146379232406616,1,1
380,10,0.06310044974088669,1,1
381,7,0.0720315482467413,4,1
382,9,0.044541350565850735,2,1
383,6,0.11698254048824311,5,1
384,7,0.0852848794311285,4,1
385,10,0.05739697441458702,1,1
386,9,0.13845450803637505,2,1
387,-12,0.10228238999843597,3,0
388,8,0.11146791030963261,3,1
389,10,0.06611517071723938,1,1
390,8,0.08700617402791977,3,1
391,6,0.2611787050962448,5,1
392,7,0.08673287369310856,4,1
393,8,0.07377663378914197,3,1
394,9,0.062015194445848465,2,1
395,9,0.02238716557621956,2,1
396,10,0.09970264136791229,1,1
397,8,0.20578903456528982,3,1
398,6,0.12399818599224091,5,1
399,7,0.14004186913371086,4,1
400,6,0.08669237121939659,5,1
401,9,0.07013560272753239,2,1
402,7,0.10809008218348026,4,1
403,9,0.09875252842903137,2,1
404,6,0.1338070474565029,5,1
405,8,0.07770871619383495,3,1
406,8,0.23299071192741394,3,1
407,9,0.22622958570718765,2,1
408,8,0.09651138136784236,3,1
409,-50,0.11145473007112741,50,0
410,-50,0.08592234749346972,50,0
411,9,0.03319786209613085,2,1
412,10,0.05901101976633072,1,1
413,9,0.02707575261592865,2,1
414,10,0.12385137379169464,1,1
415,10,0.07780218124389648,1,1
416,3,0.07288483553566039,8,1
417,10,0.2195253223180771,1,1
418,10,0.021343857049942017,1,1
419,-24,0.07004739517966906,15,0
420,-8,0.0948503720328996,19,1
421,9,0.07286764308810234,2,1
422,7,0.16436118446290493,4,1
423,4,0.0996604859828949,7,1
424,9,0.04787658341228962,2,1
425,-50,0.06178454076871276,50,0
426,8,0.08083890130122502,3,1
427,8,0.022547313943505287,3,1
428,10,0.05018717050552368,1,1
429,5,0.03792579813549916,6,1
430,-10,0.025722891092300415,1,0
431,9,0.029209256637841463,2,1
432,-29,0.06570296809077263,40,1
433,7,0.11171033792197704,4,1
434,-6,0.05899703486219925,17,1
435,8,0.07669760535160701,3,1
436,7,0.04117096681147814,4,1
437,-50,0.06867487626377403,41,0
438,6,0.15381145142018796,5,1
439,-2,0.1094616515418658,13,1
440,5,0.0861281765003999,6,1
441,8,0.07176267479856809,3,1
442,8,0.0650019645690918,3,1
443,8,0.07795590162277222,3,1
444,6,0.12837124317884446,5,1
445,8,0.10082338502009709,3,1
446,8,0.034913609425226845,3,1
447,8,0.08005877087513606,3,1
448,9,0.29789821058511734,2,1
449,6,0.035377390682697296,5,1
450,10,0.022847045212984085,1,1
451,8,0.22548134500781694,3,1
452,8,0.03868135251104832,3,1
453,8,0.03265271646281084,3,1
454,9,0.0525574991479516,2,1
455,5,0.05768559609229366,6,1
456,7,0.04155028844252229,4,1
457,9,0.03438419662415981,2,1
458,-11,0.08243250846862793,2,0
459,9,0.07696251943707466,2,1
460,8,0.08925275504589081,3,1
461,7,0.13002170994877815,4,1
462,10,0.5081479549407959,1,1
463,-50,0.08650914683938027,50,0
464,7,0.09353553038090467,4,1
465,10,0.010199764743447304,1,1
466,-10,0.041817739605903625,1,0
467,9,0.051710283383727074,2,1
468,7,0.11453126184642315,4,1
469,-47,0.11087837239335242,38,0
470,8,0.1811572934190432,3,1
471,6,0.05944146439433098,5,1
472,9,0.07036330737173557,2,1
473,8,0.044685134664177895,3,1
474,10,0.015207856893539429,1,1
475,9,0.18290197849273682,2,1
476,9,0.2620638534426689,2,1
477,-24,0.10234952780107658,15,0
478,8,0.2754452774922053,3,1
479,9,0.33906039595603943,2,1
480,6,0.06041986607015133,5,1
481,7,0.06952277105301619,4,1
482,8,0.08973420908053716,3,1
483,10,0.5774878859519958,1,1
484,6,0.07147350758314133,5,1
485,7,0.15082765650004148,4,1
486,7,0.045732100028544664,4,1
487,8,0.05110077063242594,3,1
488,9,0.2604215107858181,2,1
489,9,0.06960267201066017,2,1
490,9,0.0651329793035984,2,1
491,7,0.059068210888653994,4,1
492,8,0.03602324239909649,3,1
493,7,0.24077793955802917,4,1
494,10,0.043087560683488846,1,1
495,-50,0.12181540716439486,50,0
496,9,0.08592770714312792,2,1
497,7,0.04244442796334624,4,1
498,6,0.06812013536691666,5,1
499,4,0.07595072367361613,7,1
500,7,0.07552462257444859,4,1
501,8,0.024149522185325623,3,1
502,-50,0.13507343275472522,50,0
503,10,0.4282422363758087,1,1
504,7,0.12211360596120358,4,1
505,10,0.0847143828868866,1,1
506,9,0.06448429450392723,2,1
507,8,0.1672921155889829,3,1
508,9,0.05103380046784878,2,1
509,8,0.05824547757705053,3,1
510,10,0.20527157187461853,1,1
511,-10,0.020097874104976654,1,0
512,9,0.30682988464832306,2,1
513,8,0.021682702004909515,3,1
514,9,0.01753509696573019,2,1
515,10,0.5009994506835938,1,1
516,6,0.06769952997565269,5,1
517,9,0.048348659416660666,2,1
518,10,0.030064720660448074,1,1
519,10,0.041809163987636566,1,1
520,9,0.09171080216765404,2,1
521,8,0.20397817343473434,3,1
522,6,0.04971417188644409,5,1
523,8,0.05552989120284716,3,1
524,7,0.08890608884394169,4,1
525,9,0.05113794840872288,2,1
526,10,0.05530368909239769,1,1
527,10,0.14283114671707153,1,1
528,-10,0.1723322570323944,1,0
529,10,0.022511325776576996,1,1
530,7,0.08913924125954509,4,1
531,6,0.06891500558704138,5,1
532,-16,0.13494707195571176,27,1
533,8,0.09561344236135483,3,1
534,9,0.2475787252187729,2,1
535,6,0.09061467051506042,5,1
536,7,0.16922357119619846,4,1
537,10,0.3410930931568146,1,1
538,9,0.1833936832845211,2,1
539,6,0.07969976402819157,5,1
540,6,0.07312822490930557,5,1
541,7,0.08154934598132968,4,1
542,8,0.27612197399139404,3,1
543,-12,0.19827334334452948,3,0
544,4,0.14137874703322137,7,1
545,9,0.07446810975670815,2,1
546,10,0.08275140821933746,1,1
547,10,0.044300056993961334,1,1
548,7,0.163248211145401,4,1
549,7,0.12545343255624175,4,1
550,-10,0.01977473683655262,1,0
551,10,0.08743944019079208,1,1
552,8,0.26677535225947696,3,1
553,3,0.1009814734570682,8,1
554,9,0.1154142152518034,2,1
555,-50,0.1835305980965495,50,0
556,10,0.03404000401496887,1,1
557,8,0.13776229694485664,3,1
558,8,0.1346133922537168,3,1
559,-26,0.15068913231024872,37,1
560,10,0.17347480356693268,1,1
561,9,0.10493949986994267,2,1
562,8,0.035341693088412285,3,1
563,8,0.22462619841098785,3,1
564,6,0.2346584599465132,5,1
565,-50,0.13985239883884787,50,0
566,6,0.13763534873723984,5,1
567,6,0.09394648820161819,5,1
568,9,0.06654980592429638,2,1
569,5,0.08657206657032172,6,1
570,10,0.10920710861682892,1,1
571,-11,0.05259201303124428,2,0
572,9,0.31131887435913086,2,1
573,6,0.06581457778811454,5,1
574,9,0.07072293758392334,2,1
575,8,0.21867138892412186,3,1
576,10,0.06321187317371368,1,1
577,8,0.06051704411705335,3,1
578,8,0.2596524568895499,3,1
579,10,0.35561782121658325,1,1
580,10,0.02064415067434311,1,1
581,10,0.09557056427001953,1,1
582,9,0.06914256326854229,2,1
583,8,0.18770911792914072,3,1
584,-50,0.10087689012289047,50,0
585,7,0.21257531829178333,4,1
586,-10,0.07053832709789276,1,0
587,6,0.14125173538923264,5,1
588,9,0.08200927078723907,2,1
589,6,0.23792697079479694,5,1
590,9,0.2846664600074291,2,1
591,8,0.23764911790688834,3,1
592,9,0.19524117931723595,2,1
593,-50,0.14987701658159494,50,0
594,9,0.06773926131427288,2,1
595,10,0.0746036097407341,1,1
596,7,0.12686445377767086,4,1
597,8,0.06059043109416962,3,1
598,8,0.1989274869362513,3,1
599,10,0.19453752040863037,1,1
600,8,0.07830304652452469,3,1
601,10,0.04103890806436539,1,1
602,9,0.14351436495780945,2,1
603,9,0.15525868348777294,2,1
604,-50,0.14971565488725902,50,0
605,9,0.019979063421487808,2,1
606,8,0.04068653968473276,3,1
607,9,0.11805462464690208,2,1
608,7,0.09508056472986937,4,1
609,9,0.14419079571962357,2,1
610,8,0.1224130392074585,3,1
611,8,0.20200731108585993,3,1
612,7,0.09104198962450027,4,1
613,10,0.1482820063829422,1,1
614,10,0.09655451774597168,1,1
615,9,0.19870421290397644,2,1
616,-50,0.12805849902331828,50,0
617,10,0.09577309340238571,1,1
618,8,0.2134984458486239,3,1
619,7,0.11095404997467995,4,1
620,8,0.07233143597841263,3,1
621,9,0.18419170379638672,2,1
622,9,0.22214815113693476,2,1
623,8,0.0560285747051239,3,1
624,10,0.08075235784053802,1,1
625,7,0.06318252719938755,4,1
626,7,0.18564943876117468,4,1
627,8,0.1043505532046159,3,1
628,9,0.05975906178355217,2,1
629,10,0.05217982083559036,1,1
630,9,0.054586224257946014,2,1
631,8,0.07178188860416412,3,1
632,7,0.09775274246931076,4,1
633,9,0.09365477040410042,2,1
634,10,0.10504135489463806,1,1
635,9,0.16963539645075798,2,1
636,6,0.09172704964876174,5,1
637,10,0.07110968232154846,1,1
638,10,0.23702986538410187,1,1
639,-10,0.11040001238385837,21,1
640,9,0.0389907518401742,2,1
641,8,0.04483583693703016,3,1
642,5,0.06844037491828203,6,1
643,-10,0.04923819750547409,1,0
644,6,0.08765973225235939,5,1
645,-5,0.09521234035491943,16,1
646,10,0.06859209388494492,1,1
647,6,0.091248619556427,5,1
648,6,0.05032425820827484,5,1
649,10,0.16434122622013092,1,1
650,9,0.1284032892435789,2,1
651,7,0.16691996389999986,4,1
652,9,0.043230896815657616,2,1
653,5,0.11184825996557872,6,1
654,5,0.3195182333389918,6,1
655,7,0.21421153843402863,4,1
656,9,0.15943894907832146,2,1
657,10,0.06838369369506836,1,1
658,10,0.04223794490098953,1,1
659,9,0.09888020157814026,2,1
660,4,0.13982677353279932,7,1
661,10,0.06813585758209229,1,1
662,8,0.09827331826090813,3,1
663,9,0.055817726999521255,2,1
664,8,0.10768235971530278,3,1
665,9,0.27997343242168427,2,1
666,7,0.08093079272657633,4,1
667,6,0.13847078569233418,5,1
668,8,0.15452305475870767,3,1
669,7,0.05820306483656168,4,1
670,8,0.07780081157883008,3,1
671,6,0.07493820525705815,5,1
672,9,0.10904098115861416,2,1
673,10,0.04987707734107971,1,1
674,10,0.045130908489227295,1,1
675,-25,0.1274254855234176,16,0
676,8,0.1408807374536991,3,1
677,9,0.5931813940405846,2,1
678,-33,0.13355936606725058,24,0
679,8,0.16836962600549063,3,1
680,9,0.15887291729450226,2,1
681,10,0.2500740885734558,1,1
682,9,0.06003801338374615,2,1
683,8,0.10767860586444537,3,1
684,6,0.19580550566315652,5,1
685,-11,0.12729256600141525,2,0
686,9,0.06957940012216568,2,1
687,8,0.15193563948074976,3,1
688,9,0.06260589696466923,2,1
689,8,0.07778153071800868,3,1
690,7,0.28206397593021393,4,1
691,8,0.41795295973618823,3,1
692,7,0.29932286124676466,4,1
693,7,0.17598237842321396,4,1
694,7,0.196216132491827,4,1
695,10,0.08748283237218857,1,1
696,9,0.32824206724762917,2,1
697,6,0.07277379482984543,5,1
698,9,0.312820628285408,2,1
699,7,0.09456137008965015,4,1
700,9,0.13921209424734116,2,1
701,9,0.10547167435288429,2,1
702,7,0.16258918680250645,4,1
703,10,0.06342528760433197,1,1
704,10,0.0897018164396286,1,1
705,5,0.18555579396585622,6,1
706,10,0.04869506508111954,1,1
707,10,0.05405014753341675,1,1
708,9,0.08665542677044868,2,1
709,8,0.268916259209315,3,1
710,10,0.12362425774335861,1,1
711,9,0.25213443487882614,2,1
712,8,0.16989767054716745,3,1
713,6,0.12711686193943023,5,1
714,7,0.14433997310698032,4,1
715,9,0.11949744448065758,2,1
716,7,0.1056965347379446,4,1
717,10,0.05738437920808792,1,1
718,10,0.25259333848953247,1,1
719,6,0.12515153139829635,5,1
720,9,0.07253613881766796,2,1
721,10,0.08609800040721893,1,1
722,9,0.11664154753088951,2,1
723,9,0.10522733628749847,2,1
724,10,0.04854154586791992,1,1
725,9,0.5524925142526627,2,1
726,7,0.18097934126853943,4,1
727,8,0.32349193344513577,3,1
728,9,0.14872903004288673,2,1
729,9,0.07534951716661453,2,1
730,6,0.1438523441553116,5,1
731,8,0.21968274315198263,3,1
732,7,0.1986313359811902,4,1
733,5,0.22459762170910835,6,1
734,7,0.10829384997487068,4,1
735,7,0.08505481388419867,4,1
736,10,0.06390441209077835,1,1
737,9,0.0792495608329773,2,1
738,7,0.12202931009232998,4,1
739,4,0.20061817339488439,7,1
740,8,0.05863179266452789,3,1
741,9,0.23791034519672394,2,1
742,7,0.10876545868813992,4,1
743,7,0.0918678930029273,4,1
744,10,0.03309854120016098,1,1
745,5,0.06465345124403636,6,1
746,9,0.09457877650856972,2,1
747,-29,0.1704037209972739,20,0
748,6,0.14101442322134972,5,1
749,9,0.03484099172055721,2,1
750,7,0.09924051631242037,4,1
751,7,0.058281997218728065,4,1
752,8,0.07634139060974121,3,1
753,6,0.12382430955767632,5,1
754,6,0.11768943294882775,5,1
755,9,0.11097471043467522,2,1
756,10,0.07132073491811752,1,1
757,-11,0.09100484475493431,2,0
758,10,0.08879631757736206,1,1
759,6,0.14085668474435806,5,1
760,8,0.2324368767440319,3,1
761,7,0.09406011644750834,4,1
762,10,0.04122716933488846,1,1
763,-50,0.11905973762273789,50,0
764,9,0.11268365383148193,2,1
765,7,0.1717687714844942,4,1
766,10,0.11230252683162689,1,1
767,10,0.07929059863090515,1,1
768,-50,0.17394808903336526,50,0
769,8,0.038824095080296196,3,1
770,10,0.042986929416656494,1,1
771,9,0.049401359632611275,2,1
772,-15,0.13637927833657998,26,1
773,9,0.09100725501775742,2,1
774,10,0.13046282529830933,1,1
775,9,0.11650627851486206,2,1
776,8,0.2790953566630681,3,1
777,9,0.06386696174740791,2,1
778,8,0.10033424571156502,3,1
779,10,0.07719650119543076,1,1
780,8,0.06940192108352979,3,1
781,10,0.06674276292324066,1,1
782,10,0.34593474864959717,1,1
783,9,0.14505767077207565,2,1
784,7,0.05684563331305981,4,1
785,9,0.06600840762257576,2,1
786,9,0.3176511600613594,2,1
787,7,0.20428919047117233,4,1
788,8,0.16033833722273508,3,1
789,10,0.044071685522794724,1,1
790,9,0.05240777228027582,2,1
791,8,0.08411287888884544,3,1
792,5,0.08254509543379147,6,1
793,8,0.09441591054201126,3,1
794,9,0.048746464774012566,2,1
795,10,0.06901222467422485,1,1
796,8,0.03651259777446588,3,1
797,5,0.0900871070722739,6,1
798,8,0.1437078838547071,3,1
799,10,0.03614947944879532,1,1
800,10,0.10091906785964966,1,1
801,10,0.07564747333526611,1,1
802,5,0.08031230419874191,6,1
803,9,0.12554853782057762,2,1
804,10,0.0836900919675827,1,1
805,8,0.07447374860445659,3,1
806,10,0.01258048601448536,1,1
807,10,0.03378010168671608,1,1
808,9,0.33100756630301476,2,1
809,9,0.08753925561904907,2,1
810,-30,0.11818231356034918,41,1
811,8,0.0870688830812772,3,1
812,8,0.10882957031329472,3,1
813,8,0.20378290861845016,3,1
814,9,0.15063223242759705,2,1
815,9,0.05735025554895401,2,1
816,10,0.32420480251312256,1,1
817,9,0.2784669939428568,2,1
818,-14,0.14640869230031966,25,1
819,7,0.08048350177705288,4,1
820,7,0.2371455654501915,4,1
821,-17,0.12870857924489038,28,1
822,9,0.13361738994717598,2,1
823,10,0.11908502876758575,1,1
824,10,0.08675377070903778,1,1
825,8,0.1450481042265892,3,1
826,9,0.05039462074637413,2,1
827,10,0.16125306487083435,1,1
828,8,0.1095850666364034,3,1
829,8,0.12143724660078685,3,1
830,8,0.11583659177025159,3,1
831,7,0.08627710584551096,4,1
832,4,0.07730843765395028,7,1
833,8,0.08632960915565491,3,1
834,7,0.165361650288105,4,1
835,-50,0.09965553913265467,50,0
836,6,0.08475285023450851,5,1
837,7,0.07542154937982559,4,1
838,7,0.11628700885921717,4,1
839,-21,0.06884314236231148,32,1
840,10,0.02679893746972084,1,1
841,10,0.11535590887069702,1,1
842,10,0.08534105122089386,1,1
843,8,0.028253356615702312,3,1
844,-50,0.09845949947834015,50,0
845,10,0.05503978580236435,1,1
846,8,0.13161209970712662,3,1
847,10,0.013093331828713417,1,1
848,5,0.15449940940986076,6,1
849,8,0.04936322197318077,3,1
850,8,0.055870408192276955,3,1
851,10,0.019753387197852135,1,1
852,9,0.03094669245183468,2,1
853,7,0.08383048186078668,4,1
854,8,0.06300309114158154,3,1
855,-50,0.09081203982234001,50,0
856,8,0.0393348919848601,3,1
857,8,0.15219809611638388,3,1
858,9,0.062246713787317276,2,1
859,6,0.24014504998922348,5,1
860,7,0.2087879590690136,4,1
861,8,0.16111434002717337,3,1
862,-4,0.13804591956237952,15,1
863,8,0.074239831417799,3,1
864,10,0.06719622015953064,1,1
865,9,0.14178630337119102,2,1
866,10,0.052295148372650146,1,1
867,6,0.051941828802227974,5,1
868,7,0.07870916370302439,4,1
869,1,0.08414350859820843,10,1
870,10,0.1316983699798584,1,1
871,7,0.06538928672671318,4,1
872,6,0.13586372137069702,5,1
873,-7,0.06651925502551927,18,1
874,8,0.08239453658461571,3,1
875,10,0.04147513955831528,1,1
876,8,0.09891632447640102,3,1
877,10,0.06436043977737427,1,1
878,-25,0.10528461790333192,36,1
879,9,0.04963917285203934,2,1
880,10,0.057222653180360794,1,1
881,9,0.03817896731197834,2,1
882,6,0.05832400619983673,5,1
883,8,0.15159607927004495,3,1
884,9,0.04628133028745651,2,1
885,-10,0.09554549306631088,1,0
886,10,0.31908977031707764,1,1
887,8,0.045631968726714454,3,1
888,9,0.03498292528092861,2,1
889,7,0.0614889282733202,4,1
890,9,0.06342839263379574,2,1
891,8,0.06711861491203308,3,1
892,8,0.06695769106348355,3,1
893,5,0.095641794304053,6,1
894,8,0.06694780041774114,3,1
895,6,0.11976506412029267,5,1
896,-50,0.09091999901458621,50,0
897,7,0.08473499212414026,4,1
898,10,0.029729340225458145,1,1
899,6,0.06467723120003939,5,1
900,7,0.10283723985776305,4,1
901,9,0.042415681295096874,2,1
902,-50,0.09881282912567257,50,0
903,10,0.5073965191841125,1,1
904,-22,0.08101394620131362,33,1
905,8,0.048573123291134834,3,1
906,7,0.05804209690541029,4,1
907,9,0.06618826650083065,2,1
908,10,0.05161412060260773,1,1
909,10,0.03283153474330902,1,1
910,8,0.06906219168255727,3,1
911,7,0.0828460231423378,4,1
912,7,0.08099011052399874,4,1
913,9,0.11037466488778591,2,1
914,8,0.3382370745142301,3,1
915,-50,0.09180542014539242,50,0
916,-50,0.07497432423755526,50,0
917,-50,0.11581369519233703,50,0
918,6,0.08905108943581581,5,1
919,7,0.07118351012468338,4,1
920,-50,0.08111945927143097,50,0
921,-22,0.0828220583216259,33,1
922,9,0.0577230378985405,2,1
923,-23,0.069935889202444,34,1
924,2,0.05773788411170244,9,1
925,10,0.041984010487794876,1,1
926,9,0.028315551578998566,2,1
927,7,0.07968096993863583,4,1
928,9,0.07242166623473167,2,1
929,8,0.05064978947242101,3,1
930,-50,0.05631109466776252,50,0
931,6,0.06804676502943038,5,1
932,9,0.11830947175621986,2,1
933,-30,0.07481275794164437,41,1
934,6,0.04202828332781792,5,1
935,7,0.07273754896596074,4,1
936,9,0.0229310872964561,2,1
937,6,0.04633792024105787,5,1
938,-24,0.09431067680319151,15,0
939,9,0.035509826615452766,2,1
940,7,0.07669713906943798,4,1
941,7,0.0611729035153985,4,1
942,7,0.0508950911462307,4,1
943,6,0.04310256764292717,5,1
944,7,0.08473577536642551,4,1
945,9,0.0804942436516285,2,1
946,10,0.03483103960752487,1,1
947,-11,0.05956238508224487,2,0
948,9,0.040106382220983505,2,1
949,-50,0.07873562816530466,50,0
950,8,0.040927947809298836,3,1
951,3,0.05853954330086708,8,1
952,6,0.06592766717076301,5,1
953,9,0.06308159977197647,2,1
954,9,0.03149595856666565,2,1
955,9,0.1921158730983734,2,1
956,8,0.06415373831987381,3,1
957,7,0.06469414010643959,4,1
958,9,0.0868140459060669,2,1
959,6,0.05629872679710388,5,1
960,9,0.06517767161130905,2,1
961,10,0.1409323811531067,1,1
962,7,0.0917942188680172,4,1
963,8,0.07419323672850926,3,1
964,9,0.05134242679923773,2,1
965,8,0.04343818003932635,3,1
966,8,0.046778647849957146,3,1
967,8,0.03085536261399587,3,1
968,-10,0.10243999758469206,21,1
969,7,0.0550555856898427,4,1
970,-10,0.02376525290310383,1,0
971,9,0.049328096210956573,2,1
972,8,0.06973438523709774,3,1
973,10,0.10651805251836777,1,1
974,9,0.22973720729351044,2,1
975,9,0.03840330429375172,2,1
976,10,0.04078236222267151,1,1
977,8,0.03156901461382707,3,1
978,9,0.04638596251606941,2,1
979,7,0.06697696167975664,4,1
980,-11,0.07697771303355694,2,0
981,9,0.11202701553702354,2,1
982,5,0.14354860596358776,6,1
983,9,0.05133773572742939,2,1
984,7,0.06051830668002367,4,1
985,9,0.060581253841519356,2,1
986,9,0.09760753437876701,2,1
987,-10,0.049975331872701645,1,0
988,-17,0.12964116618968546,8,0
989,9,0.06207603961229324,2,1
990,10,0.04764989763498306,1,1
991,9,0.050400443375110626,2,1
992,8,0.2287372350692749,3,1
993,-10,0.06410713493824005,1,0
994,10,0.03396425396203995,1,1
995,8,0.07530895620584488,3,1
996,10,0.030335402116179466,1,1
997,9,0.08502015098929405,2,1
998,10,0.054836053401231766,1,1
999,9,0.05527928099036217,2,1
1000,9,0.06301520764827728,2,1
1,7,0.2826958396472037,4,1
2,10,0.07103011757135391,1,1
3,8,0.0690977933506171,3,1
4,10,0.1611856073141098,1,1
5,9,0.2894006818532944,2,1
6,8,0.09877421831091245,3,1
7,9,0.036324312910437584,2,1
8,-15,0.157945918229719,6,0
9,10,0.07164222747087479,1,1
10,9,0.04496326297521591,2,1
11,-50,0.13200069062411784,50,0
12,9,0.031330155208706856,2,1
13,10,0.06538893282413483,1,1
14,7,0.06738585233688354,4,1
15,5,0.07857475616037846,6,1
16,8,0.04358615974585215,3,1
17,7,0.05259626638144255,4,1
18,8,0.03482748568058014,3,1
19,8,0.05698353859285513,3,1
20,9,0.08724967762827873,2,1
21,10,0.030734607949852943,1,1
22,9,0.07592369616031647,2,1
23,7,0.23563988506793976,4,1
24,9,0.03888684883713722,2,1
25,10,0.18265140056610107,1,1
26,9,0.27920765802264214,2,1
27,6,0.0688821941614151,5,1
28,-3,0.07251086777874402,14,1
29,9,0.050249312072992325,2,1
30,7,0.0621713325381279,4,1
31,8,0.07885598142941792,3,1
32,7,0.053565786220133305,4,1
33,10,0.0318073146045208,1,1
34,8,0.06301561991373698,3,1
35,8,0.06622512017687161,3,1
36,8,0.07174554467201233,3,1
37,9,0.11605923622846603,2,1
38,-5,0.08955359761603177,16,1
39,9,0.06573997065424919,2,1
40,8,0.06767262518405914,3,1
41,8,0.2057486611107985,3,1
42,8,0.08003385365009308,3,1
43,7,0.04806351941078901,4,1
44,8,0.15247806906700134,3,1
45,10,0.034558214247226715,1,1
46,8,0.07976622879505157,3,1
47,7,0.06999827735126019,4,1
48,8,0.0483113576968511,3,1
49,10,0.030138198286294937,1,1
50,10,0.6036213636398315,1,1
51,8,0.03872190974652767,3,1
52,8,0.07899731397628784,3,1
53,8,0.05254719406366348,3,1
54,7,0.14269408211112022,4,1
55,8,0.05707703034083048,3,1
56,8,0.03238714983065923,3,1
57,9,0.03171824291348457,2,1
58,7,0.06233132537454367,4,1
59,10,0.05882256478071213,1,1
60,10,0.025622043758630753,1,1
61,-16,0.1397978624811879,27,1
62,8,0.11098018164436023,3,1
63,6,0.06351585760712623,5,1
64,8,0.058225968231757484,3,1
65,8,0.15713370343049368,3,1
66,8,0.24154284596443176,3,1
67,8,0.05984301927189032,3,1
68,8,0.039764076471328735,3,1
69,10,0.033569253981113434,1,1
70,9,0.08115223050117493,2,1
71,8,0.04658659423391024,3,1
72,-13,0.1162689826451242,24,1
73,7,0.05243195965886116,4,1
74,9,0.06560070626437664,2,1
75,10,0.24491442739963531,1,1
76,6,0.14580806344747543,5,1
77,-20,0.09438412433320825,11,0
78,8,0.0397216621786356,3,1
79,5,0.07480231827745835,6,1
80,9,0.08416828140616417,2,1
81,10,0.2729005515575409,1,1
82,10,0.10332618653774261,1,1
83,9,0.07614298164844513,2,1
84,8,0.07937207445502281,3,1
85,9,0.08388902619481087,2,1
86,10,0.0997093990445137,1,1
87,9,0.1674569770693779,2,1
88,7,0.11907401122152805,4,1
89,10,0.03660421818494797,1,1
90,8,0.11808945859471957,3,1
91,9,0.18465379625558853,2,1
92,-19,0.09815537178268036,30,1
93,6,0.12460132390260696,5,1
94,9,0.05076467804610729,2,1
95,7,0.10925553180277348,4,1
96,6,0.11813175529241562,5,1
97,8,0.09990878403186798,3,1
98,10,0.11246640980243683,1,1
99,10,0.07305815815925598,1,1
100,7,0.1647532875649631,4,1
101,7,0.1306599099189043,4,1
102,8,0.048704213152329125,3,1
103,5,0.16419838493069014,6,1
104,9,0.11242617666721344,2,1
105,9,0.0709712840616703,2,1
106,10,0.09432949125766754,1,1
107,7,0.09015740547329187,4,1
108,7,0.2106353910639882,4,1
109,8,0.06681296601891518,3,1
110,-22,0.09054121708102299,33,1
111,9,0.041587697342038155,2,1
112,9,0.04153898544609547,2,1
113,8,0.21139853447675705,3,1
114,8,0.0545341062049071,3,1
115,7,0.06439033336937428,4,1
116,10,0.024251997470855713,1,1
117,7,0.09088627342134714,4,1
118,10,0.07234464585781097,1,1
119,9,0.0692136213183403,2,1
120,-16,0.09806119174593025,27,1
121,9,0.06360405683517456,2,1
122,7,0.07139297109097242,4,1
123,10,0.061994511634111404,1,1
124,7,0.07204116694629192,4,1
125,7,0.06540789362043142,4,1
126,7,0.043769517447799444,4,1
127,-6,0.11601731257841867,17,1
128,7,0.066342294216156,4,1
129,8,0.10780862408379714,3,1
130,10,0.14068029820919037,1,1
131,-20,0.07052269049229161,31,1
132,9,0.0807482860982418,2,1
133,-50,0.1010710708796978,50,0
134,8,0.10260146359602611,3,1
135,10,0.05771283432841301,1,1
136,6,0.07150182723999024,5,1
137,9,0.05149308405816555,2,1
138,2,0.058420984695355095,9,1
139,9,0.07946253195405006,2,1
140,6,0.10548482239246368,5,1
141,8,0.1645606371263663,3,1
142,10,0.04300658404827118,1,1
143,8,0.06465577396253745,3,1
144,8,0.03513584223886331,3,1
145,9,0.04351468198001385,2,1
146,9,0.03798427991569042,2,1
147,-50,0.08078093690797687,50,0
148,9,0.02339622564613819,2,1
149,8,0.04084675324459871,3,1
150,10,0.0432051345705986,1,1
151,8,0.03617811078826586,3,1
152,-14,0.05032007087022066,25,1
153,-50,0.07478765711188316,50,0
154,-12,0.014682549983263016,3,0
155,-10,0.0635560154914856,1,0
156,7,0.036825469229370356,4,1
157,8,0.014079312483469645,3,1
158,-9,0.08620536718517542,20,1
159,9,0.025486957281827927,2,1
160,-11,0.05810519574548711,22,1
161,9,0.19180722162127495,2,1
162,10,0.040860068053007126,1,1
163,7,0.039713835110887885,4,1
164,7,0.018851254833862185,4,1
165,9,0.2703721420839429,2,1
166,10,0.13135364651679993,1,1
167,7,0.023031924036331475,4,1
168,10,0.35709908604621887,1,1
169,10,0.07102470844984055,1,1
170,8,0.010961186761657396,3,1
171,7,0.023404793348163366,4,1
172,5,0.17861967766657472,6,1
173,10,0.017714934423565865,1,1
174,8,0.06527914479374886,3,1
175,10,0.00910993479192257,1,1
176,9,0.007773317862302065,2,1
177,6,0.032496686838567254,5,1
178,8,0.03455185145139694,3,1
179,9,0.06591583974659443,2,1
180,6,0.023616364039480687,5,1
181,10,0.01069687306880951,1,1
182,8,0.029722212503353756,3,1
183,10,0.006163910962641239,1,1
184,6,0.039242131635546684,5,1
185,10,0.20052847266197205,1,1
186,9,0.06378394737839699,2,1
187,7,0.11931665893644094,4,1
188,-22,0.140561198646372,33,1
189,10,0.09197445213794708,1,1
190,6,0.07197612952440977,5,1
191,6,0.1311051569879055,5,1
192,7,0.12997933430597186,4,1
193,7,0.059672776609659195,4,1
194,-23,0.05903434638372239,34,1
195,9,0.022898610681295395,2,1
196,7,0.19677998777478933,4,1
197,8,0.058448960383733116,3,1
198,3,0.165377926081419,8,1
199,10,0.06750407069921494,1,1
200,4,0.03449696595115321,7,1
201,9,0.060730233788490295,2,1
202,10,0.0161928441375494,1,1
203,10,0.045805785804986954,1,1
204,7,0.026405109092593193,4,1
205,10,0.22224514186382294,1,1
206,6,0.03530273530632257,5,1
207,9,0.09156984463334084,2,1
208,7,0.026500206207856536,4,1
209,7,0.10799035895615816,4,1
210,10,0.020193396136164665,1,1
211,-50,0.0763204712420702,50,0
212,-10,0.01565740630030632,1,0
213,8,0.025427124463021755,3,1
214,-12,0.041840787356098495,3,0
215,9,0.06417231447994709,2,1
216,7,0.22405266389250755,4,1
217,10,0.056641969829797745,1,1
218,8,0.0430698295434316,3,1
219,6,0.049025564640760425,5,1
220,9,0.24119457975029945,2,1
221,-22,0.05900875630675617,33,1
222,8,0.3595547005534172,3,1
223,8,0.04208589345216751,3,1
224,6,0.10471643656492233,5,1
225,10,0.0948309451341629,1,1
226,7,0.08608363661915064,4,1
227,7,0.15080264396965504,4,1
228,8,0.029896602655450504,3,1
229,10,0.025788988918066025,1,1
230,8,0.17175512139995894,3,1
231,7,0.13226972334086895,4,1
232,6,0.026317211985588073,5,1
233,-10,0.03063766285777092,1,0
234,9,0.03134775906801224,2,1
235,8,0.3019792089859645,3,1
236,3,0.15423183073289692,8,1
237,9,0.030389904975891113,2,1
238,-10,0.05651071295142174,1,0
239,5,0.13095717256267866,6,1
240,10,0.02683037519454956,1,1
241,8,0.06654795507589976,3,1
242,8,0.06433925405144691,3,1
243,9,0.2903758790344,2,1
244,7,0.25360223557800055,4,1
245,7,0.2260623062029481,4,1
246,10,0.017501823604106903,1,1
247,8,0.19283163671692213,3,1
248,10,0.16943180561065674,1,1
249,7,0.038081982638686895,4,1
250,10,0.511070191860199,1,1
251,7,0.19505134085193276,4,1
252,8,0.20831036070982614,3,1
253,10,0.010438323020935059,1,1
254,10,0.07173754274845123,1,1
255,9,0.08370856009423733,2,1
256,8,0.1156832588215669,3,1
257,-13,0.045319258235394955,4,0
258,8,0.02987201139330864,3,1
259,7,0.22172199003398418,4,1
260,6,0.2129203774034977,5,1
261,8,0.019749891012907028,3,1
262,9,0.06120758503675461,2,1
263,7,0.058824743842706084,4,1
264,8,0.09007106845577557,3,1
265,10,0.02025509811937809,1,1
266,8,0.10299190257986386,3,1
267,10,0.04463694617152214,1,1
268,5,0.15698478696867824,6,1
269,8,0.23704039305448532,3,1
270,6,0.08336776457726955,5,1
271,7,0.0623407275415957,4,1
272,8,0.05982025091846784,3,1
273,-10,0.12481749057769775,1,0
274,7,0.3129493538290262,4,1
275,10,0.048725828528404236,1,1
276,9,0.05528555065393448,2,1
277,8,0.3464800709237655,3,1
278,8,0.04649042648573717,3,1
279,7,0.052248158026486635,4,1
280,9,0.04738656152039766,2,1
281,-15,0.14480997450076616,26,1
282,4,0.2377133614250592,7,1
283,8,0.21942691256602606,3,1
284,7,0.16677994607016444,4,1
285,9,0.19120541214942932,2,1
286,1,0.09250178802758455,10,1
287,-11,0.09431406576186419,2,0
288,9,0.13815036416053772,2,1
289,6,0.07959905415773391,5,1
290,7,0.05588995572179556,4,1
291,7,0.21915647760033607,4,1
292,9,0.043196458369493484,2,1
293,2,0.1670520417392254,9,1
294,9,0.23770123347640038,2,1
295,8,0.167932058374087,3,1
296,-50,0.17929703168570996,50,0
297,9,0.2586796935647726,2,1
298,9,0.1693444848060608,2,1
299,8,0.04474137599269549,3,1
300,8,0.10293806344270706,3,1
301,10,0.10698153078556061,1,1
302,10,0.02747306041419506,1,1
303,5,0.04038327684005102,6,1
304,9,0.3343459516763687,2,1
305,6,0.04785596057772636,5,1
306,6,0.07585959285497665,5,1
307,10,0.07052245736122131,1,1
308,-50,0.0999006698653102,50,0
309,9,0.05485074780881405,2,1
310,9,0.0330711854621768,2,1
311,9,0.11122880689799786,2,1
312,10,0.1939370185136795,1,1
313,9,0.10312534868717194,2,1
314,7,0.10105353780090809,4,1
315,10,0.0981263741850853,1,1
316,9,0.1275567263364792,2,1
317,9,0.025553839281201363,2,1
318,9,0.03435923159122467,2,1
319,8,0.06743796107669671,3,1
320,9,0.03935994952917099,2,1
321,9,0.0971900150179863,2,1
322,9,0.18430493772029877,2,1
323,9,0.3144459128379822,2,1
324,10,0.03805270045995712,1,1
325,9,0.4423299729824066,2,1
326,7,0.32322094216942787,4,1
327,8,0.2154022672524055,3,1
328,10,0.014053082093596458,1,1
329,-50,0.0907569906488061,50,0
330,9,0.2273048609495163,2,1
331,9,0.4559604078531265,2,1
332,5,0.03381958200285832,6,1
333,9,0.06163201667368412,2,1
334,9,0.23007739335298538,2,1
335,9,0.2858353164047003,2,1
336,7,0.1397172501310706,4,1
337,10,0.07342752814292908,1,1
338,9,0.028950806707143784,2,1
339,9,0.21080703753978014,2,1
340,10,0.06082330271601677,1,1
341,6,0.05119779631495476,5,1
342,5,0.05753650392095248,6,1
343,7,0.15782450512051582,4,1
344,9,0.06881701946258545,2,1
345,5,0.12890281341969967,6,1
346,10,0.019052887335419655,1,1
347,10,0.4865635633468628,1,1
348,7,0.17925398238003254,4,1
349,10,0.016846131533384323,1,1
350,8,0.06623963763316472,3,1
351,8,0.053366402784983315,3,1
352,9,0.04529574140906334,2,1
353,-12,0.22769657522439957,3,0
354,7,0.1898576794192195,4,1
355,10,0.23373621702194214,1,1
356,-11,0.28043603152036667,2,0
357,5,0.10466128028929234,6,1
358,9,0.04392017424106598,2,1
359,10,0.0527883917093277,1,1
360,4,0.0948911580656256,7,1
361,7,0.2625049832277,4,1
362,-29,0.11553071718662977,20,0
363,9,0.589670442044735,2,1
364,10,0.044342029839754105,1,1
365,7,0.2158065214753151,4,1
366,-15,0.1268116573874767,26,1
367,8,0.07792554795742035,3,1
368,10,0.021366676315665245,1,1
369,8,0.04887085035443306,3,1
370,10,0.05593787506222725,1,1
371,7,0.042624966241419315,4,1
372,7,0.03304351260885596,4,1
373,9,0.061719220131635666,2,1
374,8,0.08061226457357407,3,1
375,8,0.12088228762149811,3,1
376,10,0.06955103576183319,1,1
377,-20,0.10774594803731288,31,1
378,8,0.1752605028450489,3,1
379,5,0.1200628150254488,6,1
380,9,0.11830422654747963,2,1
381,7,0.11880815960466862,4,1
382,8,0.09571258227030437,3,1
383,6,0.12922216057777405,5,1
384,10,0.5272324681282043,1,1
385,7,0.11460623424500227,4,1
386,8,0.19198115666707358,3,1
387,8,0.19771287341912588,3,1
388,9,0.6774891912937164,2,1
389,9,0.11286117881536484,2,1
390,6,0.13357106372714042,5,1
391,10,0.4674947261810303,1,1
392,-24,0.10032480309406916,15,0
393,9,0.03245926834642887,2,1
394,7,0.4363090079277754,4,1
395,9,0.3111506439745426,2,1
396,5,0.08386280046155055,6,1
397,7,0.20204844884574413,4,1
398,10,0.21660761535167694,1,1
399,10,0.5367788076400757,1,1
400,-11,0.10914372331039472,22,1
401,9,0.0941011942923069,2,1
402,7,0.07391379261389375,4,1
403,9,0.04754245840013027,2,1
404,9,0.28882431611418724,2,1
405,8,0.051224070290724434,3,1
406,10,0.10559237003326416,1,1
407,7,0.10416479455307126,4,1
408,7,0.06377152213826776,4,1
409,10,0.4998900294303894,1,1
410,-4,0.13697590939700605,15,1
411,10,0.05900849401950836,1,1
412,8,0.12350573887427647,3,1
413,-11,0.0498927291482687,2,0
414,7,0.04853486083447933,4,1
415,-12,0.0748620921259989,23,1
416,8,0.4582565054297447,3,1
417,6,0.05339282043278217,5,1
418,10,0.3544185757637024,1,1
419,8,0.19618543485800424,3,1
420,8,0.1901549498240153,3,1
421,9,0.0414167121052742,2,1
422,9,0.07833932340145111,2,1
423,9,0.3148899022489786,2,1
424,9,0.2343970686197281,2,1
425,8,0.17425179978211722,3,1
426,9,0.03461720049381256,2,1
427,9,0.05415521375834942,2,1
428,10,0.05895412340760231,1,1
429,9,0.12340453267097473,2,1
430,9,0.2783838286995888,2,1
431,8,0.0721821387608846,3,1
432,8,0.03890653202931086,3,1
433,10,0.028951633721590042,1,1
434,9,0.3369229584932327,2,1
435,9,0.45278511941432953,2,1
436,8,0.055512805779774986,3,1
437,1,0.1883074961602688,10,1
438,6,0.0628145232796669,5,1
439,-50,0.12218342717736959,50,0
440,9,0.1289286371320486,2,1
441,9,0.15085507556796074,2,1
442,10,0.10144471377134323,1,1
443,7,0.04866096191108227,4,1
444,9,0.05569170042872429,2,1
445,10,0.07712680101394653,1,1
446,-2,0.16134790273813102,13,1
447,5,0.13239223261674246,6,1
448,7,0.17439588904380798,4,1
449,6,0.0562902919948101,5,1
450,9,0.3027988225221634,2,1
451,10,0.02972979098558426,1,1
452,8,0.07565287624796231,3,1
453,10,0.14673566818237305,1,1
454,-7,0.15390021002127063,18,1
455,7,0.13750520208850503,4,1
456,7,0.17537636868655682,4,1
457,7,0.06866911984980106,4,1
458,6,0.198562291264534,5,1
459,10,0.022424140945076942,1,1
460,10,0.09160855412483215,1,1
461,-10,0.24597753584384918,1,0
462,8,0.04728481049338976,3,1
463,5,0.07622338396807511,6,1
464,10,0.05398062244057655,1,1
465,8,0.08212919409076373,3,1
466,9,0.12660884112119675,2,1
467,10,0.06844159960746765,1,1
468,10,0.04664330556988716,1,1
469,10,0.4420170485973358,1,1
470,-50,0.13309954607859253,50,0
471,8,0.1753896251320839,3,1
472,9,0.09298154711723328,2,1
473,9,0.12784826010465622,2,1
474,10,0.06438570469617844,1,1
475,7,0.0807168916799128,4,1
476,7,0.03591620456427336,4,1
477,9,0.04996465891599655,2,1
478,-50,0.09089326959103346,50,0
479,9,0.05572438985109329,2,1
480,10,0.07564616203308105,1,1
481,7,0.04785604029893875,4,1
482,5,0.13277183628330627,6,1
483,9,0.09971405379474163,2,1
484,9,0.07699935510754585,2,1
485,10,0.06512687355279922,1,1
486,8,0.0600250872472922,3,1
487,7,0.0741017134860158,4,1
488,10,0.0717688798904419,1,1
489,6,0.07700518295168876,5,1
490,10,0.025999605655670166,1,1
491,8,0.03289288034041723,3,1
492,8,0.04917238218088945,3,1
493,10,0.07374204695224762,1,1
494,8,0.060107736537853874,3,1
495,9,0.2575247287750244,2,1
496,8,0.23678648844361305,3,1
497,9,0.0376416128128767,2,1
498,7,0.21877578226849437,4,1
499,9,0.027275044471025467,2,1
500,9,0.04565097391605377,2,1
501,9,0.050160061568021774,2,1
502,7,0.09009827766567469,4,1
503,9,0.12418537586927414,2,1
504,10,0.08528728783130646,1,1
505,9,0.27011633291840553,2,1
506,10,0.09528756141662598,1,1
507,10,0.11166493594646454,1,1
508,7,0.08296401053667068,4,1
509,6,0.16340620219707488,5,1
510,4,0.1124710344842502,7,1
511,9,0.027005821466445923,2,1
512,9,0.06555422395467758,2,1
513,6,0.08745161071419716,5,1
514,-13,0.16333646893811724,24,1
515,9,0.05157151445746422,2,1
516,9,0.05661329813301563,2,1
517,6,0.0388594601303339,5,1
518,9,0.0520265307277441,2,1
519,7,0.2119119120761752,4,1
520,8,0.11862221732735634,3,1
521,7,0.08483380451798439,4,1
522,-4,0.11213524540265402,15,1
523,10,0.09593726694583893,1,1
524,8,0.19106349349021912,3,1
525,9,0.1488913558423519,2,1
526,10,0.05859079957008362,1,1
527,8,0.08967485775550206,3,1
528,10,0.025384869426488876,1,1
529,9,0.06666130293160677,2,1
530,8,0.1667234723766645,3,1
531,8,0.04146949450174967,3,1
532,8,0.15619007249673209,3,1
533,8,0.09273079844812553,3,1
534,8,0.05570927386482557,3,1
535,9,0.02310710772871971,2,1
536,-9,0.16165358042344452,20,1
537,10,0.03314225748181343,1,1
538,8,0.09977833057443301,3,1
539,6,0.08037142604589462,5,1
540,5,0.18859483612080416,6,1
541,7,0.04215256543830037,4,1
542,9,0.2147829234600067,2,1
543,-20,0.08221114877491228,31,1
544,7,0.16448666341602802,4,1
545,7,0.2146815676242113,4,1
546,8,0.06246900868912538,3,1
547,7,0.06682705320417881,4,1
548,6,0.08634028173983097,5,1
549,5,0.12476734692851703,6,1
550,-50,0.08090125922113657,50,0
551,-10,0.07596960663795471,1,0
552,10,0.02382063679397106,1,1
553,-50,0.05737657025456429,50,0
554,8,0.043355745573838554,3,1
555,-18,0.08464641994314975,29,1
556,10,0.30884817242622375,1,1
557,10,0.052001629024744034,1,1
558,-38,0.06848738692244705,49,1
559,9,0.06277681700885296,2,1
560,9,0.058174874633550644,2,1
561,6,0.044603297114372255,5,1
562,10,0.05240107327699661,1,1
563,8,0.029931005090475082,3,1
564,9,0.026078122667968273,2,1
565,7,0.08527163160033524,4,1
566,9,0.015282816719263792,2,1
567,8,0.02519736997783184,3,1
568,8,0.05620138409237067,3,1
569,8,0.06118498370051384,3,1
570,8,0.03777521476149559,3,1
571,10,0.12804870307445526,1,1
572,9,0.02199696935713291,2,1
573,10,0.0934472605586052,1,1
574,9,0.023472514003515244,2,1
575,6,0.03401216268539429,5,1
576,10,0.025674350559711456,1,1
577,10,0.020014794543385506,1,1
578,7,0.015128780156373978,4,1
579,6,0.0675706684589386,5,1
580,8,0.08253220841288567,3,1
581,7,0.03765272442251444,4,1
582,6,0.037136653624475005,5,1
583,7,0.06678214948624372,4,1
584,9,0.04036568757146597,2,1
585,9,0.046824345365166664,2,1
586,7,0.02767496043816209,4,1
587,10,0.027394995093345642,1,1
588,9,0.0352121046744287,2,1
589,8,0.1280571644504865,3,1
590,8,0.09643637513120969,3,1
591,7,0.0605106083676219,4,1
592,8,0.06229516863822937,3,1
593,9,0.0321704251691699,2,1
594,4,0.11658487681831632,7,1
595,8,0.19785537819067636,3,1
596,7,0.033365966752171516,4,1
597,9,0.012936975341290236,2,1
598,9,0.04734080471098423,2,1
599,9,0.04940927214920521,2,1
600,9,0.236221794039011,2,1
601,6,0.04854071438312531,5,1
602,7,0.0738020995631814,4,1
603,8,0.0179811039318641,3,1
604,6,0.03317703362554312,5,1
605,10,0.09963134676218033,1,1
606,-10,0.04198943078517914,1,0
607,-50,0.048886371441185475,50,0
608,9,0.10770625248551369,2,1
609,-10,0.02041836827993393,1,0
610,9,0.05317787826061249,2,1
611,8,0.06996825834115346,3,1
612,9,0.5606675446033478,2,1
613,10,0.0195523239672184,1,1
614,10,0.1621711403131485,1,1
615,-11,0.1220114016905427,22,1
616,-11,0.0525245278311724,22,1
617,-15,0.07112977574937619,26,1
618,9,0.07331898435950279,2,1
619,8,0.05173186088601748,3,1
620,7,0.03266595443710685,4,1
621,8,0.046153648446003594,3,1
622,7,0.033989301417022943,4,1
623,10,0.027110792696475983,1,1
624,9,0.053211312741041183,2,1
625,8,0.07377505271385114,3,1
626,8,0.17173140371839204,3,1
627,10,0.025624878704547882,1,1
628,-1,0.04334380539755026,12,1
629,7,0.04042445728555322,4,1
630,5,0.12803454076250395,6,1
631,8,0.0527267170449098,3,1
632,8,0.128241411720713,3,1
633,8,0.2071386178334554,3,1
634,8,0.02513245368997256,3,1
635,5,0.05639819738765558,6,1
636,9,0.07272389717400074,2,1
637,7,0.030393950641155243,4,1
638,6,0.08677087128162383,5,1
639,-12,0.041514349480470024,3,0
640,9,0.0838581807911396,2,1
641,7,0.05509170703589916,4,1
642,7,0.1752386288717389,4,1
643,6,0.040571797639131546,5,1
644,7,0.11026859399862587,4,1
645,7,0.10497552808374166,4,1
646,8,0.05512174839774767,3,1
647,7,0.09915830846875906,4,1
648,9,0.0516463927924633,2,1
649,8,0.040816839784383774,3,1
650,10,0.04147742688655853,1,1
651,9,0.0746476985514164,2,1
652,8,0.03703730429212252,3,1
653,-50,0.08600285988301039,50,0
654,9,0.04779380187392235,2,1
655,7,0.07950615603476763,4,1
656,8,0.09080620606740315,3,1
657,9,0.05900902673602104,2,1
658,9,0.0950189121067524,2,1
659,8,0.0639753087113301,3,1
660,2,0.16789776210983595,9,1
661,8,0.07200167079766591,3,1
662,7,0.0918252607807517,4,1
663,8,0.06936657304565112,3,1
664,10,0.07787039875984192,1,1
665,10,0.1141885295510292,1,1
666,6,0.061737620085477826,5,1
667,10,0.02166910283267498,1,1
668,8,0.09546179572741191,3,1
669,10,0.08156092464923859,1,1
670,-6,0.042938558384776115,17,1
671,10,0.07889863103628159,1,1
672,10,0.08579970896244049,1,1
673,7,0.056757059879601,4,1
674,6,0.1190873509272933,5,1
675,7,0.02346315374597907,4,1
676,9,0.05531255155801773,2,1
677,8,0.04034147411584854,3,1
678,7,0.1579021834768355,4,1
679,10,0.11863820999860764,1,1
680,9,0.14854921400547028,2,1
681,9,0.03435620106756687,2,1
682,10,0.020174693316221237,1,1
683,6,0.1687769539654255,5,1
684,9,0.13425628282129765,2,1
685,8,0.2303049017985662,3,1
686,10,0.08217430114746094,1,1
687,-19,0.06593566477919618,30,1
688,8,0.075563029696544,3,1
689,10,0.08586762100458145,1,1
690,7,0.0783474100753665,4,1
691,4,0.06182951746242387,7,1
692,7,0.10974132735282183,4,1
693,9,0.04804627597332001,2,1
694,10,0.0529300719499588,1,1
695,8,0.05286040188123783,3,1
696,8,0.06162650821109613,3,1
697,6,0.05842122882604599,5,1
698,9,0.07736051827669144,2,1
699,9,0.09480110183358192,2,1
700,6,0.07269490361213685,5,1
701,7,0.05983506049960852,4,1
702,7,0.044132763519883156,4,1
703,9,0.04080563224852085,2,1
704,8,0.08472420523564021,3,1
705,10,0.0807463601231575,1,1
706,9,0.093398816883564,2,1
707,6,0.0964976504445076,5,1
708,8,0.09033773591121037,3,1
709,8,0.08277832965056102,3,1
710,-50,0.10386604428291321,50,0
711,8,0.09399737666050594,3,1
712,8,0.08640450487534206,3,1
713,5,0.14454569046696028,6,1
714,-11,0.053853798657655716,2,0
715,6,0.07249734103679657,5,1
716,7,0.08178282342851162,4,1
717,10,0.043444495648145676,1,1
718,9,0.16368135064840317,2,1
719,-13,0.12610393467669687,24,1
720,9,0.2999797351658344,2,1
721,7,0.05064500588923693,4,1
722,-12,0.08310517420371373,3,0
723,2,0.07283567471636666,9,1
724,9,0.03571120649576187,2,1
725,-12,0.03136288685103258,3,0
726,-50,0.11688446518033743,50,0
727,10,0.06776344776153564,1,1
728,10,0.08629736304283142,1,1
729,8,0.05503308897217115,3,1
730,6,0.23160483576357366,5,1
731,8,0.2472951685388883,3,1
732,7,0.06922351568937302,4,1
733,9,0.051089176908135414,2,1
734,10,0.0948687419295311,1,1
735,8,0.21270553022623062,3,1
736,8,0.04536238685250282,3,1
737,6,0.04082958251237869,5,1
738,8,0.08459682762622833,3,1
739,-22,0.10382780904006778,33,1
740,8,0.09228697294990222,3,1
741,9,0.08780651912093163,2,1
742,7,0.07338306959718466,4,1
743,8,0.05546084170540174,3,1
744,10,0.07046116888523102,1,1
745,8,0.06530476609865825,3,1
746,8,0.10945288712779681,3,1
747,9,0.2566464766860008,2,1
748,10,0.12668246030807495,1,1
749,8,0.07310331737001736,3,1
750,10,0.04595985263586044,1,1
751,8,0.07239872465531032,3,1
752,6,0.06438470408320426,5,1
753,10,0.06507393717765808,1,1
754,7,0.05962422210723162,4,1
755,8,0.16617876787980398,3,1
756,10,0.09286297857761383,1,1
757,8,0.08276685513556004,3,1
758,10,0.03342380002140999,1,1
759,10,0.029351791366934776,1,1
760,9,0.0357141625136137,2,1
761,8,0.0797054519255956,3,1
762,8,0.0925084799528122,3,1
763,10,0.11039271950721741,1,1
764,10,0.5241222381591797,1,1
765,-11,0.050367675721645355,2,0
766,9,0.05324656516313553,2,1
767,9,0.240728497505188,2,1
768,8,0.06013606737057368,3,1
769,4,0.0698229604001556,7,1
770,-14,0.11609146304428578,25,1
771,10,0.07481738924980164,1,1
772,5,0.1454491118590037,6,1
773,8,0.11821050321062405,3,1
774,9,0.08070368878543377,2,1
775,10,0.03530255705118179,1,1
776,9,0.04869562201201916,2,1
777,5,0.22369563269118467,6,1
778,8,0.05699553340673447,3,1
779,9,0.3044095505028963,2,1
780,1,0.1741759108379483,10,1
781,9,0.055717479437589645,2,1
782,7,0.033225811552256346,4,1
783,-20,0.0870155198799987,31,1
784,10,0.06033627688884735,1,1
785,7,0.07034414494410157,4,1
786,6,0.1535148497670889,5,1
787,-11,0.07768083177506924,2,0
788,8,0.07192885378996532,3,1
789,10,0.03294766694307327,1,1
790,4,0.05067417770624161,7,1
791,-43,0.10319376320523374,34,0
792,6,0.054043781757354734,5,1
793,9,0.021566463634371758,2,1
794,10,0.038850538432598114,1,1
795,6,0.15626564249396324,5,1
796,7,0.05703170131891966,4,1
797,6,0.1719108045101166,5,1
798,9,0.05874553322792053,2,1
799,9,0.07693212665617466,2,1
800,8,0.05259756992260615,3,1
801,-19,0.15115991476923227,10,0
802,10,0.0609738789498806,1,1
803,9,0.041048239916563034,2,1
804,8,0.08429651459058125,3,1
805,9,0.037501346319913864,2,1
806,5,0.12736878544092178,6,1
807,-50,0.15579831261187793,50,0
808,9,0.06664754450321198,2,1
809,9,0.2285076379776001,2,1
810,10,0.11983321607112885,1,1
811,8,0.044411265601714454,3,1
812,9,0.033033959567546844,2,1
813,9,0.19850501604378223,2,1
814,10,0.07743176817893982,1,1
815,9,0.0539578003808856,2,1
816,7,0.04260180005803704,4,1
817,10,0.021105125546455383,1,1
818,6,0.051698341965675354,5,1
819,5,0.0510100182145834,6,1
820,8,0.21724036584297815,3,1
821,8,0.1917818896472454,3,1
822,10,0.03219052776694298,1,1
823,6,0.15330831222236158,5,1
824,-10,0.05990884080529213,1,0
825,9,0.0786662045866251,2,1
826,10,0.04209263250231743,1,1
827,8,0.0329240703334411,3,1
828,8,0.07088018084565799,3,1
829,7,0.048592536710202694,4,1
830,8,0.029941920811931293,3,1
831,9,0.6082257628440857,2,1
832,9,0.06757185235619545,2,1
833,8,0.3054440716902415,3,1
834,4,0.1901954071862357,7,1
835,10,0.04731789976358414,1,1
836,8,0.12691461170713106,3,1
837,8,0.23896528532107672,3,1
838,8,0.08883427331844966,3,1
839,8,0.2258897585173448,3,1
840,8,0.051417739440997444,3,1
841,8,0.07526503503322601,3,1
842,7,0.26049357652664185,4,1
843,7,0.048493905924260616,4,1
844,8,0.038403594866395,3,1
845,9,0.03563949279487133,2,1
846,8,0.059652096281449,3,1
847,10,0.023819085210561752,1,1
848,8,0.059647938857475914,3,1
849,8,0.058638998617728554,3,1
850,9,0.06314752250909805,2,1
851,9,0.06589003279805183,2,1
852,7,0.22228243947029114,4,1
853,8,0.18389548982183138,3,1
854,9,0.047880273312330246,2,1
855,7,0.05954921059310436,4,1
856,-25,0.1818529674783349,16,0
857,-36,0.0975301834858126,27,0
858,8,0.08534101334710915,3,1
859,7,0.11491270177066326,4,1
860,10,0.08510492742061615,1,1
861,9,0.08852066099643707,2,1
862,8,0.15433349212010702,3,1
863,9,0.0983932875096798,2,1
864,8,0.08463320136070251,3,1
865,8,0.10700040807326634,3,1
866,6,0.06286668181419372,5,1
867,-30,0.122976189745324,21,0
868,-19,0.12281975994507471,30,1
869,6,0.08831419497728348,5,1
870,9,0.10121709480881691,2,1
871,-36,0.11194835139557402,47,1
872,7,0.16270843846723437,4,1
873,7,0.045640059281140566,4,1
874,9,0.04966973140835762,2,1
875,8,0.09502939941982429,3,1
876,10,0.07612501084804535,1,1
877,9,0.03363947197794914,2,1
878,-13,0.08049880895608415,24,1
879,9,0.02338378317654133,2,1
880,9,0.13260802067816257,2,1
881,7,0.05549775902181864,4,1
882,10,0.024863846600055695,1,1
883,9,0.03602623846381903,2,1
884,9,0.020596484653651714,2,1
885,8,0.03606458225597938,3,1
886,10,0.04862058162689209,1,1
887,9,0.04229305684566498,2,1
888,10,0.027317464351654053,1,1
889,10,0.024909647181630135,1,1
890,9,0.12859210465103388,2,1
891,-20,0.08344428956268295,31,1
892,-10,0.07947173714637756,1,0
893,8,0.028726862122615177,3,1
894,10,0.05154283344745636,1,1
895,9,0.027129482477903366,2,1
896,8,0.2061964012682438,3,1
897,8,0.05372588584820429,3,1
898,7,0.3608216841239482,4,1
899,8,0.05075489357113838,3,1
900,8,0.07624362409114838,3,1
901,10,0.12285749614238739,1,1
902,7,0.26333827897906303,4,1
903,9,0.15200849063694477,2,1
904,10,0.04324512928724289,1,1
905,-50,0.0878957473859191,50,0
906,8,0.02241820904115836,3,1
907,8,0.17896161849300066,3,1
908,9,0.26264089345932007,2,1
909,7,0.18224967969581485,4,1
910,-15,0.09097335052986939,6,0
911,7,0.10880650393664837,4,1
912,7,0.03441923763602972,4,1
913,8,0.04332803810636202,3,1
914,10,0.2785121202468872,1,1
915,-46,0.1483919433242566,37,0
916,9,0.2258522566407919,2,1
917,10,0.031900886446237564,1,1
918,-2,0.11069367224207291,13,1
919,10,0.039487484842538834,1,1
920,10,0.028116747736930847,1,1
921,9,0.03613076824694872,2,1
922,8,0.055419292921821274,3,1
923,10,0.03746810555458069,1,1
924,-14,0.11453747868537903,25,1
925,9,0.2819982189685106,2,1
926,6,0.17722101360559464,5,1
927,6,0.06381445080041885,5,1
928,7,0.131977797485888,4,1
929,10,0.0393432080745697,1,1
930,6,0.12940475586801767,5,1
931,9,0.025073083117604256,2,1
932,-6,0.0885115636183935,17,1
933,8,0.055556006729602814,3,1
934,7,0.14228072157129645,4,1
935,5,0.03800598795836171,6,1
936,6,0.027101236581802367,5,1
937,5,0.1332117523998022,6,1
938,-10,0.027848931029438972,1,0
939,7,0.09940995601937175,4,1
940,9,0.0741590354591608,2,1
941,10,0.02675413340330124,1,1
942,10,0.015651468187570572,1,1
943,10,0.040519993752241135,1,1
944,8,0.159214207281669,3,1
945,-14,0.09302089788019657,25,1
946,10,0.22294767200946808,1,1
947,9,0.017740072682499886,2,1
948,6,0.1314984573982656,5,1
949,10,0.015007230453193188,1,1
950,9,0.05235179513692856,2,1
951,-10,0.41125380992889404,1,0
952,8,0.036266181928416096,3,1
953,3,0.10495296656154096,8,1
954,7,0.16280789952725172,4,1
955,8,0.30786678070823353,3,1
956,10,0.04243718832731247,1,1
957,8,0.26618041346470517,3,1
958,10,0.04195920005440712,1,1
959,5,0.06186968553811312,6,1
960,-11,0.2364838756620884,2,0
961,8,0.03234685305505991,3,1
962,10,0.41815024614334106,1,1
963,-16,0.15995196887740382,27,1
964,7,0.031387520022690296,4,1
965,9,0.2525188513100147,2,1
966,-14,0.14676014333963394,5,0
967,9,0.06364414840936661,2,1
968,8,0.046213358640670776,3,1
969,7,0.1333407354541123,4,1
970,8,0.3113861680030823,3,1
971,6,0.2574577623978257,5,1
972,-10,0.005308037623763084,1,0
973,5,0.14736475826551518,6,1
974,8,0.04325075882176558,3,1
975,9,0.03947620652616024,2,1
976,8,0.23946608106295267,3,1
977,8,0.07222710053126018,3,1
978,5,0.1672400664538145,6,1
979,7,0.0995754711329937,4,1
980,10,0.4639686644077301,1,1
981,10,0.02606865018606186,1,1
982,9,0.017909875139594078,2,1
983,8,0.11970892176032066,3,1
984,10,0.03517722710967064,1,1
985,8,0.1544774336119493,3,1
986,8,0.17719641452034315,3,1
987,-11,0.03462047316133976,2,0
988,7,0.1512110885232687,4,1
989,6,0.10023385509848595,5,1
990,10,0.03831158205866814,1,1
991,10,0.015311665832996368,1,1
992,9,0.11028332635760307,2,1
993,8,0.13037771979967752,3,1
994,9,0.013042202219367027,2,1
995,-50,0.13588861910626293,50,0
996,10,0.017498742789030075,1,1
997,5,0.1325950287282467,6,1
998,9,0.33388514071702957,2,1
999,7,0.048192862421274185,4,1
1000,10,0.1165684163570404,1,1
1,10,0.027750488370656967,1,1
2,10,0.6402045488357544,1,1
3,9,0.0826764889061451,2,1
4,9,0.20338732097297907,2,1
5,9,0.28374214470386505,2,1
6,9,0.03628827817738056,2,1
7,8,0.03034303771952788,3,1
8,9,0.048813339322805405,2,1
9,9,0.2750016748905182,2,1
10,10,0.0426868237555027,1,1
11,9,0.2911802837625146,2,1
12,10,0.021630799397826195,1,1
13,4,0.05892781115003994,7,1
14,10,0.049463510513305664,1,1
15,10,0.04504086822271347,1,1
16,9,0.11022299341857433,2,1
17,9,0.02907757507637143,2,1
18,6,0.10145127642899751,5,1
19,6,0.1969797968864441,5,1
20,6,0.22982243597507476,5,1
21,-50,0.16515545431524514,50,0
22,9,0.05162317492067814,2,1
23,9,0.0844091847538948,2,1
24,10,0.043823521584272385,1,1
25,-50,0.15423643501475454,50,0
26,3,0.11279293918050826,8,1
27,-50,0.15026163417845964,50,0
28,8,0.035906421951949596,3,1
29,-25,0.148624862337278,36,1
30,10,0.06237604469060898,1,1
31,9,0.08749682083725929,2,1
32,9,0.0865144431591034,2,1
33,9,0.2911066561937332,2,1
34,9,0.42153286933898926,2,1
35,9,0.37384863570332527,2,1
36,8,0.17855982730786005,3,1
37,10,0.13460630178451538,1,1
38,8,0.16686248779296875,3,1
39,8,0.2051930638651053,3,1
40,-50,0.1694150262326002,50,0
41,9,0.05537804961204529,2,1
42,9,0.5823332341387868,2,1
43,10,0.0365900993347168,1,1
44,8,0.08572516466180484,3,1
45,10,0.34892916679382324,1,1
46,9,0.08798228204250336,2,1
47,8,0.0823782632748286,3,1
48,7,0.054923584684729576,4,1
49,9,0.17939071357250214,2,1
50,10,0.1307438760995865,1,1
51,10,0.11818827688694,1,1
52,8,0.15301488836606345,3,1
53,9,0.1187727153301239,2,1
54,9,0.10545400530099869,2,1
55,7,0.189884128049016,4,1
56,10,0.0424024760723114,1,1
57,7,0.08822878636419773,4,1
58,8,0.09247556204597156,3,1
59,9,0.10061100870370865,2,1
60,6,0.1281122524291277,5,1
61,9,0.1779485009610653,2,1
62,10,0.11754190921783447,1,1
63,7,0.17636234499514103,4,1
64,10,0.08652815967798233,1,1
65,9,0.11274546012282372,2,1
66,7,0.3824463188648224,4,1
67,10,0.0370764397084713,1,1
68,8,0.17721329256892204,3,1
69,9,0.1395651213824749,2,1
70,8,0.13529563695192337,3,1
71,9,0.11281007155776024,2,1
72,8,0.13614351550738016,3,1
73,7,0.09731688816100359,4,1
74,9,0.16674606502056122,2,1
75,9,0.10709080100059509,2,1
76,9,0.17770404554903507,2,1
77,10,0.0691952258348465,1,1
78,9,0.18763319123536348,2,1
79,7,0.16438650339841843,4,1
80,6,0.12298792041838169,5,1
81,8,0.17214028102656206,3,1
82,10,0.031067900359630585,1,1
83,-14,0.14220333218574524,25,1
84,7,0.09792696870863438,4,1
85,10,0.09228703379631042,1,1
86,8,0.2443933536609014,3,1
87,8,0.1906540635973215,3,1
88,7,0.08756490144878626,4,1
89,9,0.27460841462016106,2,1
90,8,0.218160110215346,3,1
91,10,0.08976645767688751,1,1
92,8,0.21664867674311003,3,1
93,7,0.1802681926637888,4,1
94,10,0.0068557183258235455,1,1
95,10,0.04137175530195236,1,1
96,8,0.06964314853151639,3,1
97,9,0.03717479668557644,2,1
98,8,0.10707884468138218,3,1
99,7,0.06035152170807123,4,1
100,9,0.02455099392682314,2,1
101,9,0.06470197066664696,2,1
102,7,0.042519367299973965,4,1
103,-17,0.15042514207639865,28,1
104,9,0.10573596507310867,2,1
105,10,0.03776215389370918,1,1
106,9,0.08076027780771255,2,1
107,9,0.05975157395005226,2,1
108,-8,0.1265738759385912,19,1
109,9,0.20064537227153778,2,1
110,9,0.1309402510523796,2,1
111,7,0.1460561566054821,4,1
112,-36,0.16700150334724673,27,0
113,10,0.026177315041422844,1,1
114,10,0.06477166712284088,1,1
115,9,0.20772842317819595,2,1
116,10,0.10582643747329712,1,1
117,-8,0.16476348042488098,19,1
118,6,0.2522182554006577,5,1
119,9,0.02104223519563675,2,1
120,9,0.2495768740773201,2,1
121,8,0.19070612142483392,3,1
122,7,0.061361190397292376,4,1
123,8,0.23024489978949228,3,1
124,9,0.05905838683247566,2,1
125,8,0.08865462616086006,3,1
126,-11,0.16762223416431385,22,1
127,-50,0.12899387691169978,50,0
128,10,0.025008847936987877,1,1
129,9,0.035735562443733215,2,1
130,10,0.04354533180594444,1,1
131,9,0.05153951607644558,2,1
132,10,0.023661375045776367,1,1
133,7,0.06360975559800863,4,1
134,-20,0.09327054882962857,31,1
135,9,0.042696514166891575,2,1
136,10,0.04863973334431648,1,1
137,7,0.30363929830491543,4,1
138,6,0.14455183893442153,5,1
139,8,0.04178733813265959,3,1
140,9,0.048126980662345886,2,1
141,10,0.043396174907684326,1,1
142,6,0.19335734993219375,5,1
143,6,0.0908205159008503,5,1
144,-3,0.07914773906980242,14,1
145,10,0.48049768805503845,1,1
146,7,0.11039659567177296,4,1
147,9,0.08075798489153385,2,1
148,9,0.18232930824160576,2,1
149,9,0.2953803800046444,2,1
150,7,0.10770200286060572,4,1
151,10,0.5917841196060181,1,1
152,9,0.04118078760802746,2,1
153,8,0.37536975493033725,3,1
154,8,0.18349685271581015,3,1
155,9,0.21273693442344666,2,1
156,10,0.05138300359249115,1,1
157,10,0.05893135070800781,1,1
158,8,0.178244532396396,3,1
159,8,0.04931563387314478,3,1
160,10,0.4435202479362488,1,1
161,9,0.053086137399077415,2,1
162,6,0.1416594296693802,5,1
163,6,0.1263960875570774,5,1
164,7,0.21886998042464256,4,1
165,9,0.45895663648843765,2,1
166,5,0.2486412754903237,6,1
167,6,0.07613206803798675,5,1
168,7,0.2670621685683727,4,1
169,10,0.08575277030467987,1,1
170,8,0.16865353534619013,3,1
171,8,0.1677690496047338,3,1
172,9,0.05940173380076885,2,1
173,8,0.08278109133243561,3,1
174,8,0.10394818087418874,3,1
175,9,0.13561713695526123,2,1
176,7,0.04828948713839054,4,1
177,8,0.14113705356915793,3,1
178,10,0.1961110681295395,1,1
179,9,0.24409264884889126,2,1
180,9,0.1706862971186638,2,1
181,9,0.05605394393205643,2,1
182,9,0.19236962869763374,2,1
183,9,0.04774698056280613,2,1
184,7,0.053599895909428596,4,1
185,9,0.031935932114720345,2,1
186,5,0.05504365141193072,6,1
187,-20,0.10051489092649953,31,1
188,9,0.05650281719863415,2,1
189,6,0.15190257728099824,5,1
190,10,0.08490453660488129,1,1
191,7,0.12835518643260002,4,1
192,9,0.05745100602507591,2,1
193,-11,0.12282168865203857,2,0
194,7,0.222103551030159,4,1
195,8,0.14888993899027506,3,1
196,10,0.05356200784444809,1,1
197,8,0.07180183753371239,3,1
198,8,0.11193556214372317,3,1
199,8,0.07624412700533867,3,1
200,10,0.057475678622722626,1,1
201,8,0.049026752511660256,3,1
202,9,0.1512896865606308,2,1
203,9,0.04972485452890396,2,1
204,10,0.04676828905940056,1,1
205,8,0.09966724490125974,3,1
206,9,0.15812043473124504,2,1
207,8,0.24465432266394296,3,1
208,-31,0.11771459917404822,42,1
209,7,0.07823411468416452,4,1
210,10,0.04577182978391647,1,1
211,-15,0.10433737288873929,26,1
212,9,0.2178757954388857,2,1
213,9,0.07933665066957474,2,1
214,5,0.062301247070233025,6,1
215,10,0.05834302678704262,1,1
216,8,0.06176084280014038,3,1
217,9,0.06412004493176937,2,1
218,6,0.0829607080668211,5,1
219,9,0.05992360971868038,2,1
220,9,0.060197437182068825,2,1
221,10,0.10200218856334686,1,1
222,8,0.07673148314158122,3,1
223,8,0.1122180571158727,3,1
224,9,0.17608091235160828,2,1
225,7,0.10448728129267693,4,1
226,10,0.11410698294639587,1,1
227,10,0.06459863483905792,1,1
228,10,0.11397382616996765,1,1
229,-50,0.13337334260344505,50,0
230,5,0.05607672594487667,6,1
231,9,0.12627894058823586,2,1
232,9,0.07068554311990738,2,1
233,10,0.08228176832199097,1,1
234,10,0.03053487278521061,1,1
235,8,0.053160582979520164,3,1
236,10,0.03787372261285782,1,1
237,7,0.12843091040849686,4,1
238,8,0.03933607662717501,3,1
239,9,0.03066370077431202,2,1
240,10,0.08240243047475815,1,1
241,9,0.051068082451820374,2,1
242,7,0.1142945159226656,4,1
243,7,0.07176534924656153,4,1
244,9,0.08628255128860474,2,1
245,7,0.08299625478684902,4,1
246,4,0.12128389413867678,7,1
247,10,0.13245633244514465,1,1
248,8,0.11030219992001851,3,1
249,8,0.2455378696322441,3,1
250,8,0.13598216697573662,3,1
251,10,0.02822723612189293,1,1
252,10,0.08552271872758865,1,1
253,8,0.07105359186728795,3,1
254,9,0.04789683595299721,2,1
255,10,0.06311437487602234,1,1
256,9,0.14212839305400848,2,1
257,7,0.07688531186431646,4,1
258,8,0.13104036822915077,3,1
259,9,0.08304831013083458,2,1
260,8,0.05630814532438914,3,1
261,9,0.07011774741113186,2,1
262,10,0.2058408111333847,1,1
263,7,0.05078012403100729,4,1
264,9,0.045992312487214804,2,1
265,10,0.25647449493408203,1,1
266,8,0.13741971055666605,3,1
267,10,0.10492779314517975,1,1
268,9,0.08203225582838058,2,1
269,4,0.08495489933661052,7,1
270,6,0.11200496107339859,5,1
271,8,0.12028272698322932,3,1
272,10,0.05043092742562294,1,1
273,8,0.0777051771680514,3,1
274,10,0.01685887947678566,1,1
275,10,0.08525757491588593,1,1
276,4,0.06627880409359932,7,1
277,9,0.05083014257252216,2,1
278,10,0.04120415449142456,1,1
279,9,0.026089289225637913,2,1
280,6,0.08014438152313233,5,1
281,6,0.055914458632469174,5,1
282,10,0.10751661658287048,1,1
283,8,0.12834859266877174,3,1
284,10,0.054498713463544846,1,1
285,8,0.1116298958659172,3,1
286,-31,0.11142388039401599,42,1
287,8,0.1010248064994812,3,1
288,10,0.0916629433631897,1,1
289,9,0.09656071662902832,2,1
290,9,0.08319069817662239,2,1
291,7,0.07235612440854311,4,1
292,7,0.1260405359789729,4,1
293,7,0.055605079513043165,4,1
294,9,0.03830074053257704,2,1
295,8,0.04791187370816866,3,1
296,8,0.21622896318634352,3,1
297,8,0.07312174886465073,3,1
298,9,0.12234285101294518,2,1
299,9,0.04030858352780342,2,1
300,10,0.028096873313188553,1,1
301,8,0.15641823162635168,3,1
302,10,0.027536794543266296,1,1
303,8,0.049882590770721436,3,1
304,8,0.03514473264416059,3,1
305,9,0.16042675077915192,2,1
306,8,0.11030412341157596,3,1
307,10,0.0696205273270607,1,1
308,6,0.09728727005422115,5,1
309,8,0.061911450078090034,3,1
310,7,0.060254937037825584,4,1
311,9,0.12705926597118378,2,1
312,7,0.07707069255411625,4,1
313,9,0.07462572026997805,2,1
314,8,0.056480176746845245,3,1
315,7,0.056128714233636856,4,1
316,9,0.09760932996869087,2,1
317,9,0.10270050913095474,2,1
318,9,0.06589545495808125,2,1
319,8,0.06145291527112325,3,1
