episode,reward,loss,steps,success
1,-11,0.0,22,1
2,-50,0.35111286668334063,50,0
3,-10,0.16325511523921574,21,1
4,9,0.006465505575761199,2,1
5,-59,0.3198803556989878,50,0
6,-10,0.32219457626342773,1,0
7,7,0.37675341963768005,4,1
8,-20,0.319712265597416,31,1
9,-29,0.4046064392721746,40,1
10,-27,0.2633578967376563,38,1
11,-18,0.44602489098906517,9,0
12,-30,0.2712276990835865,21,0
13,5,0.24025041284039617,6,1
14,-21,0.42945698532275856,32,1
15,-21,0.4064956618240103,32,1
16,5,0.5434229895472527,6,1
17,-21,0.4438701231653492,12,0
18,-50,0.4196774087846279,50,0
19,-10,0.46058731632573263,21,1
20,-15,0.2836172431707382,6,0
21,-16,0.4728788584470749,27,1
22,-30,0.421056061628319,21,0
23,10,0.5652305483818054,1,1
24,-12,0.7724866966406504,3,0
25,-17,0.4613736141473055,8,0
26,-25,0.45185310393571854,16,0
27,10,0.2912983298301697,1,1
28,-50,0.41320301726460457,50,0
29,-19,0.45078229444722334,30,1
30,9,0.5981032252311707,2,1
31,6,0.23787793293595313,5,1
32,10,0.16129788756370544,1,1
33,3,0.26051817182451487,8,1
34,-14,0.5593942865729332,5,0
35,0,0.3489395867694508,11,1
36,-15,0.38843140626947087,6,0
37,-19,0.4955350115895271,10,0
38,-21,0.5240918882191181,12,0
39,-15,0.8710264712572098,6,0
40,-2,0.40938205042710674,13,1
41,-6,0.513260759632377,17,1
42,-32,0.4940308209346688,23,0
43,10,0.053828876465559006,1,1
44,7,0.3594263521954417,4,1
45,-10,0.5822929739952087,1,0
46,-34,0.5332250988483429,25,0
47,-11,0.3259213864803314,2,0
48,9,0.3870372734963894,2,1
49,-49,0.5709644366055727,40,0
50,-27,0.5679684488309754,18,0
51,-25,0.5057572780383958,36,1
52,-43,0.48619818183429103,34,0
53,-35,0.3629952838930946,26,0
54,-18,0.2784634149736828,9,0
55,-11,0.4311640567400239,22,1
56,1,0.5289906822144985,10,1
57,-1,0.430634212680161,12,1
58,-22,0.34373952133151203,13,0
59,-11,0.5461588947271759,22,1
60,-50,0.3815646294231822,41,0
61,-11,0.4347271238538352,22,1
62,-1,0.300706597045064,12,1
63,-19,0.38260378055274485,30,1
64,-10,0.3471706807613373,1,0
65,-10,0.37521312119705336,21,1
66,-19,0.490586454855899,30,1
67,-5,0.3174394299276173,16,1
68,-19,0.34851932190358637,30,1
69,-31,0.28650108132172714,22,0
70,-23,0.47783747049314634,14,0
71,-23,0.36955155219350544,14,0
72,-7,0.5239117079310947,18,1
73,8,0.3397749563058217,3,1
74,-26,0.5308135848711518,17,0
75,4,0.31311835242169245,7,1
76,-6,0.33759618419058185,17,1
77,-38,0.31146566826721717,29,0
78,9,0.3799932673573494,2,1
79,-1,0.3954924313972394,12,1
80,-6,0.4642098589855082,17,1
81,-23,0.5311920642852783,14,0
82,8,0.14084881668289503,3,1
83,-30,0.4676877505012921,21,0
84,5,0.3830014802515507,6,1
85,4,0.4243764707020351,7,1
86,-20,0.43927501954815606,11,0
87,-50,0.4001180475950241,50,0
88,-50,0.37747279040515425,50,0
89,4,0.1597265787422657,7,1
90,-50,0.45610386796295643,50,0
91,-22,0.4737577535785161,13,0
92,4,0.6089072610650744,7,1
93,10,0.18309980630874634,1,1
94,7,0.4295633304864168,4,1
95,2,0.36575092209710014,9,1
96,-2,0.349261985375331,13,1
97,-12,0.34206029151876766,3,0
98,8,0.5231082936127981,3,1
99,-14,0.45974101424217223,5,0
100,-20,0.4110643731599504,11,0
101,-21,0.43105329635242623,12,0
102,-13,0.12663219682872295,4,0
103,-6,0.5915251632823664,17,1
104,-41,0.42431597819086164,32,0
105,-14,0.3533280998468399,5,0
106,-48,0.4266960622790532,39,0
107,-36,0.3135485145798389,47,1
108,-42,0.4088458526089336,33,0
109,-16,0.40323720978839056,7,0
110,-10,0.5898686051368713,1,0
111,-9,0.42852088809013367,20,1
112,-11,0.7632826864719391,2,0
113,8,0.3528223931789398,3,1
114,7,0.7370294854044914,4,1
115,-14,0.27174239307641984,5,0
116,-34,0.4012185922265053,25,0
117,-13,0.691999077796936,4,0
118,2,0.286548915422625,9,1
119,5,0.2784624894460042,6,1
120,-13,0.22107401862740517,4,0
121,-50,0.44425233885645865,50,0
122,-31,0.4443815059282563,22,0
123,-10,0.7640755772590637,1,0
124,-10,0.578345775604248,1,0
125,-37,0.33783015826096136,48,1
126,-10,0.1230701208114624,1,0
127,-51,0.32534078925493215,42,0
128,-33,0.5040983137759295,44,1
129,-10,0.42372989654541016,1,0
130,-16,0.4320352714922693,27,1
131,-9,0.3800738174468279,20,1
132,6,0.3400322362780571,5,1
133,-50,0.41381505131721497,50,0
134,-50,0.3766829962283373,50,0
135,-16,0.440819967005934,7,0
136,-1,0.3087685393790404,12,1
137,-27,0.35608307106627357,18,0
138,-28,0.2366615092675937,19,0
139,-49,0.3619905723258853,40,0
140,-18,0.4271309659655752,29,1
141,-6,0.3034699405817425,17,1
142,6,0.504091203212738,5,1
143,7,0.1357885506004095,4,1
144,2,0.5138253735171424,9,1
145,8,0.7642766038576762,3,1
146,-47,0.4152783718156187,38,0
147,-3,0.3156042934528419,14,1
148,-31,0.44628234851089393,22,0
149,10,0.19674372673034668,1,1
150,-21,0.409975946880877,32,1
151,-10,0.16607685387134552,1,0
152,9,0.37871644645929337,2,1
153,-18,0.4031895746787389,9,0
154,-10,0.3956954686769417,21,1
155,-11,0.24150823056697845,2,0
156,3,0.38574136048555374,8,1
157,-11,0.4317381829023361,2,0
158,-10,0.58536696434021,1,0
159,-50,0.5093177437782288,50,0
160,10,0.10774143040180206,1,1
161,-50,0.4198095515370369,50,0
162,8,0.2795696556568146,3,1
163,4,0.3301113673618862,7,1
164,-50,0.4098647178709507,50,0
165,-50,0.4039203989505768,50,0
166,-7,0.418971363041136,18,1
167,-50,0.37120442047715185,50,0
168,-50,0.4021097522974014,50,0
169,-27,0.31743604151739013,18,0
170,-50,0.3721189992874861,50,0
171,-50,0.3832669371366501,50,0
172,10,0.138828307390213,1,1
173,9,0.5797918774187565,2,1
174,10,0.7087941765785217,1,1
175,-13,0.33300176076591015,4,0
176,-17,0.3116191020235419,28,1
177,10,0.1967477798461914,1,1
178,7,0.30856855027377605,4,1
179,-4,0.35257968306541443,15,1
180,10,0.8647018074989319,1,1
181,-9,0.3048417244106531,20,1
182,-50,0.36740140080451966,50,0
183,10,0.34081584215164185,1,1
184,-11,0.2777400203049183,2,0
185,-14,0.33081814646720886,5,0
186,-50,0.3308548744022846,50,0
187,7,0.21121348068118095,4,1
188,-50,0.3220828239619732,50,0
189,-7,0.34877129478587043,18,1
190,-43,0.3348553415168734,34,0
191,0,0.2847243588079106,11,1
192,-21,0.4175425662348668,12,0
193,7,0.35474896989762783,4,1
194,7,0.3468370586633682,4,1
195,-33,0.2673045658421787,44,1
196,4,0.12413510360888072,7,1
197,9,0.2472584992647171,2,1
198,9,0.13092495128512383,2,1
199,-50,0.4063971122354269,50,0
200,-50,0.29543248236179354,50,0
201,4,0.252833932105984,7,1
202,-32,0.3316490905749243,43,1
203,1,0.17768879160284995,10,1
204,1,0.3302201755344868,10,1
205,-40,0.332582728156159,31,0
206,8,0.5540426870187124,3,1
207,-15,0.32198795148481923,6,0
208,7,0.4039914794266224,4,1
209,-21,0.31431385478936136,32,1
210,-48,0.3232001830369998,39,0
211,0,0.33281457966024225,11,1
212,-7,0.35637587640020585,18,1
213,-10,0.0996665209531784,1,0
214,-10,0.19229337573051453,1,0
215,8,0.16186255464951196,3,1
216,7,0.2947331676259637,4,1
217,-50,0.3991570280492306,50,0
218,10,0.6876005530357361,1,1
219,-11,0.5139143541455269,2,0
220,9,0.42314090207219124,2,1
221,-10,0.0736033096909523,1,0
222,-38,0.35405105519397506,29,0
223,-45,0.40271399232248467,36,0
224,-12,0.36164121081431705,3,0
225,-12,0.5096604364613692,3,0
226,-15,0.4827909941474597,6,0
227,9,0.18100448325276375,2,1
228,8,0.6248770157496134,3,1
229,-11,0.3283317908644676,2,0
230,9,0.6898239776492119,2,1
231,10,0.09082666039466858,1,1
232,1,0.4045044019818306,10,1
233,-10,0.06396117061376572,1,0
234,8,0.3824821611245473,3,1
235,-13,0.3428949263567726,24,1
236,-55,0.3313040474186773,46,0
237,10,0.1758689284324646,1,1
238,-50,0.30349812515079977,50,0
239,-30,0.4012677763544378,21,0
240,8,0.4401230563720067,3,1
241,-50,0.37450469348579646,50,0
242,8,0.09626128276189168,3,1
243,-45,0.2841859680807425,36,0
244,3,0.19387485925108194,8,1
245,-20,0.41414130343632266,11,0
246,-5,0.22869763593189418,16,1
247,-14,0.3794850068539381,25,1
248,8,0.07503306865692139,3,1
249,-11,0.2362564131617546,2,0
250,4,0.39324383969817844,7,1
251,-24,0.31890774135078703,35,1
252,-13,0.3992880620062351,4,0
253,-59,0.3564986689388752,50,0
254,-1,0.2975208380570014,12,1
255,-33,0.26413785681749385,24,0
256,7,0.43033251352608204,4,1
257,1,0.3104003228247166,10,1
258,-11,0.36101945625110105,22,1
259,10,0.11933983117341995,1,1
260,-47,0.3305248286771147,38,0
261,9,0.26647280156612396,2,1
262,3,0.17334865406155586,8,1
263,-17,0.26150506269186735,28,1
264,9,0.09774021059274673,2,1
265,-50,0.29482367359101774,50,0
266,3,0.3348378986120224,8,1
267,8,0.4496748050053914,3,1
268,-50,0.2994848860055208,50,0
269,9,0.13819053769111633,2,1
270,7,0.28460208140313625,4,1
271,4,0.16373867009367263,7,1
272,-50,0.33428549706935884,50,0
273,7,0.26521612517535686,4,1
274,8,0.41316699236631393,3,1
275,-10,0.07626792788505554,1,0
276,-23,0.30799696583519964,34,1
277,1,0.3470652747899294,10,1
278,-18,0.31910068721606816,29,1
279,-15,0.22969590748349825,6,0
280,8,0.1614487593372663,3,1
281,8,0.2489383394519488,3,1
282,-50,0.2631060242652893,50,0
283,9,0.43299219757318497,2,1
284,8,0.38523436586062115,3,1
285,-50,0.35834404729306696,50,0
286,-2,0.3370801044198183,13,1
287,8,0.1934053599834442,3,1
288,-50,0.2737262561172247,50,0
289,9,0.07579783163964748,2,1
290,6,0.3869038626551628,5,1
291,8,0.4087360252936681,3,1
292,3,0.2892855901736766,8,1
293,10,0.07840107381343842,1,1
294,-50,0.41568919390439985,50,0
295,-14,0.4541128218173981,5,0
296,-4,0.188553083439668,15,1
297,10,0.1387016326189041,1,1
298,-52,0.3634613120798455,43,0
299,1,0.31937650218605995,10,1
300,3,0.22465992346405983,8,1
301,-50,0.3052152927219868,50,0
302,-10,0.14644570648670197,1,0
303,-30,0.3081150134889091,41,1
304,-34,0.3232101112604141,45,1
305,9,0.3301587328314781,2,1
306,9,0.1455366536974907,2,1
307,-12,0.2801685507098834,3,0
308,-25,0.3841921645216644,16,0
309,-8,0.3691865172433226,19,1
310,9,0.3880273103713989,2,1
311,10,0.4879142642021179,1,1
312,-31,0.3304987554861741,22,0
313,-14,0.31442480444908144,25,1
314,7,0.4287296924740076,4,1
315,-12,0.28789695849021274,3,0
316,-24,0.3464049597936017,35,1
317,-24,0.38775906451046466,35,1
318,-17,0.25690564326941967,8,0
319,8,0.20578676710526148,3,1
320,7,0.17066843807697296,4,1
321,5,0.48669271419445675,6,1
322,9,0.19511744752526283,2,1
323,-50,0.3521936343610287,50,0
324,-43,0.37387984322712703,34,0
325,-50,0.38643516927957533,50,0
326,1,0.21447652243077756,10,1
327,7,0.19412918388843536,4,1
328,10,0.40737855434417725,1,1
329,0,0.3057089231230996,11,1
330,-50,0.386785479336977,50,0
331,-30,0.29030667884009226,21,0
332,-1,0.303940503547589,12,1
333,-3,0.4223290335919176,14,1
334,-1,0.27112841481963795,12,1
335,8,0.43443499505519867,3,1
336,-2,0.44724640536766785,13,1
337,4,0.2659930033343179,7,1
338,9,0.2339130938053131,2,1
339,-36,0.3681853239206558,47,1
340,9,0.17678990960121155,2,1
341,8,1.1123943130175273,3,1
342,-50,0.3501656074821949,50,0
343,-11,0.17678025364875793,2,0
344,7,0.20126120746135712,4,1
345,7,0.26294352672994137,4,1
346,-36,0.373909370220722,47,1
347,7,0.39769618958234787,4,1
348,10,0.17782224714756012,1,1
349,-6,0.2861466013333377,17,1
350,-23,0.3470354906338103,34,1
351,-12,0.832624594370524,3,0
352,8,0.4670078655083974,3,1
353,-21,0.389805749990046,32,1
354,1,0.5194937065243721,10,1
355,-50,0.3047960351407528,50,0
356,8,0.27939213315645856,3,1
357,6,0.31852857768535614,5,1
358,-50,0.36081278294324876,50,0
359,10,0.09711655229330063,1,1
360,-19,0.33286991467078525,30,1
361,-2,0.33879076632169575,13,1
362,-13,0.50023228302598,4,0
363,8,0.3616855765382449,3,1
364,-50,0.32136195346713065,50,0
365,9,0.4338998347520828,2,1
366,-11,0.31987829066135665,22,1
367,7,0.5263491906225681,4,1
368,6,0.15341857224702835,5,1
369,5,0.22306463246544203,6,1
370,7,0.3900441825389862,4,1
371,10,0.0493987537920475,1,1
372,-50,0.31456568658351897,50,0
373,-10,0.6576139330863953,1,0
374,9,0.18590949475765228,2,1
375,9,0.12774492427706718,2,1
376,10,0.4598831832408905,1,1
377,7,0.23566513136029243,4,1
378,10,0.05627576261758804,1,1
379,-12,0.2004352112611135,3,0
380,10,0.10070548951625824,1,1
381,-3,0.47781010158360004,14,1
382,-28,0.38487685051483983,39,1
383,-14,0.34991118013858796,5,0
384,-50,0.3695277851819992,50,0
385,-36,0.44835294608740095,47,1
386,4,0.44839232521397726,7,1
387,-37,0.2919321664209877,28,0
388,8,0.39308596154054004,3,1
389,7,0.41328825801610947,4,1
390,-50,0.2961736960709095,50,0
391,4,0.44696100801229477,7,1
392,4,0.5717453552143914,7,1
393,-24,0.3642584873097284,35,1
394,-10,0.529356837272644,1,0
395,-24,0.33472343583901726,15,0
396,-13,0.27073447220027447,4,0
397,7,0.3068035114556551,4,1
398,-50,0.3243621465563774,50,0
399,-10,0.36029612663246335,21,1
400,-11,0.5676046460866928,2,0
401,-17,0.41285431012511253,8,0
402,7,0.4353116303682327,4,1
403,-50,0.39276192799210546,50,0
404,9,0.40612610429525375,2,1
405,1,0.2434626191854477,10,1
406,9,0.28849484771490097,2,1
407,10,0.4740784466266632,1,1
408,9,0.8195143938064575,2,1
409,10,0.2674059271812439,1,1
410,-50,0.3541233021020889,50,0
411,10,0.1169312447309494,1,1
412,9,0.37639283388853073,2,1
413,9,0.24832754582166672,2,1
414,-31,0.30484006892551074,22,0
415,-50,0.3060963913053274,50,0
416,7,0.18819432705640793,4,1
417,9,0.1277013197541237,2,1
418,-37,0.3150538573972881,48,1
419,7,0.2353123016655445,4,1
420,-20,0.2384676221878298,31,1
421,1,0.2528014644980431,10,1
422,8,0.23130046327908835,3,1
423,10,0.07152097672224045,1,1
424,-10,0.08179596066474915,1,0
425,10,0.08298500627279282,1,1
426,10,0.24026472866535187,1,1
427,9,0.3031008690595627,2,1
428,9,0.25517164915800095,2,1
429,-13,0.42145534822096425,24,1
430,8,0.32493289808432263,3,1
431,9,0.37466399371623993,2,1
432,-15,0.31094080954790115,6,0
433,9,0.39652010798454285,2,1
434,-50,0.3392725846171379,50,0
435,9,0.13870854675769806,2,1
436,-50,0.27678827829658986,50,0
437,9,0.19816463068127632,2,1
438,-12,0.6452082147200903,3,0
439,10,0.1087735965847969,1,1
440,9,0.21999503672122955,2,1
441,10,0.3695503771305084,1,1
442,-31,0.3280565625225956,22,0
443,8,0.2580576241016388,3,1
444,-50,0.20323504373431206,50,0
445,-50,0.24677366122603417,50,0
446,-50,0.22780240021646023,50,0
447,-10,0.21046459674835205,1,0
448,-50,0.2153890101611614,50,0
449,-10,0.5926041603088379,1,0
450,10,0.1968289613723755,1,1
451,9,0.22809568792581558,2,1
452,-50,0.2667801771312952,50,0
453,4,0.18303026791129792,7,1
454,-14,0.16965023651719094,5,0
455,10,0.28471070528030396,1,1
456,-50,0.22674979709088802,50,0
457,8,0.23758839319149652,3,1
458,-50,0.2527953074127436,50,0
459,-17,0.15826258382626943,28,1
460,3,0.2110865479335189,8,1
461,-7,0.13964256975385878,18,1
462,10,0.32720324397087097,1,1
463,-7,0.1434707794752386,18,1
464,-11,0.07539618946611881,2,0
465,9,0.26234032958745956,2,1
466,-12,0.22290760030349097,3,0
467,-17,0.1809443412348628,28,1
468,10,0.1861659288406372,1,1
469,-11,0.24690545468845151,22,1
470,8,0.15129579106966654,3,1
471,-2,0.2699643407876675,13,1
472,8,0.24120812118053436,3,1
473,10,1.036896824836731,1,1
474,9,0.24978038668632507,2,1
475,-21,0.14600808825343847,12,0
476,-17,0.1967137916944921,8,0
477,-50,0.22297953557223082,50,0
478,4,0.30051953585020136,7,1
479,-50,0.16144103467464446,50,0
480,-2,0.19354121902814278,13,1
481,10,0.06874161213636398,1,1
482,-50,0.18541548684239387,50,0
483,-11,0.4120500981807709,2,0
484,-19,0.26888537555933,10,0
485,9,0.09503627941012383,2,1
486,6,0.1136842779815197,5,1
487,-14,0.15026701971888543,25,1
488,10,0.351077139377594,1,1
489,-50,0.18960132524371148,50,0
490,-10,0.13577798008918762,1,0
491,10,0.07893889397382736,1,1
492,-19,0.10438271332532167,10,0
493,-35,0.21939488063039986,46,1
494,2,0.18614529528551632,9,1
495,-22,0.16051610903098032,13,0
496,-50,0.23367191907018423,50,0
497,-12,0.27922544984713843,23,1
498,10,0.3560243546962738,1,1
499,-50,0.19665635213255883,50,0
500,2,0.241175077855587,9,1
501,-50,0.19197178818285465,50,0
502,10,0.18114520609378815,1,1
503,-10,0.07272658497095108,1,0
504,-12,0.37479408582051593,3,0
505,-11,0.07599967997521162,2,0
506,-10,0.05284401401877403,1,0
507,-29,0.19943028632551432,20,0
508,10,0.060547564178705215,1,1
509,-50,0.22675939928740263,50,0
510,-50,0.1923068042844534,50,0
511,-50,0.16731547098606825,50,0
512,-7,0.2663810321440299,18,1
513,-50,0.1585570564866066,50,0
514,-50,0.17408527974039317,50,0
515,-10,0.11733120679855347,1,0
516,7,0.171929232776165,4,1
517,-5,0.18265280802734196,16,1
518,-19,0.13635439649224282,10,0
519,8,0.1863022744655609,3,1
520,-5,0.18117526057176292,16,1
521,4,0.1459352166524955,7,1
522,8,0.11452763775984447,3,1
523,9,0.23306285589933395,2,1
524,9,0.22084957361221313,2,1
525,10,0.17613950371742249,1,1
526,-10,0.08715709298849106,1,0
527,7,0.20091423951089382,4,1
528,-50,0.17181236904114486,50,0
529,-50,0.17289150808006526,50,0
530,-50,0.1315388559550047,50,0
531,6,0.06796352937817574,5,1
532,10,0.07358826696872711,1,1
533,-10,0.07645918428897858,1,0
534,6,0.11652127131819726,5,1
535,10,0.15778221189975739,1,1
536,8,0.17820211251576742,3,1
537,7,0.2715940959751606,4,1
538,-50,0.14103846687823535,50,0
539,9,0.4155098870396614,2,1
540,-34,0.1360709535992808,45,1
541,-50,0.17570522367954255,50,0
542,8,0.1572640265027682,3,1
543,9,0.05787130258977413,2,1
544,-50,0.15670700784772634,50,0
545,-12,0.1081434078514576,23,1
546,-10,0.032480254769325256,1,0
547,8,0.19049601008494696,3,1
548,-50,0.12317009635269642,50,0
549,10,0.021892042830586433,1,1
550,-50,0.15819094866514205,50,0
551,8,0.09632730856537819,3,1
552,-50,0.14747382439672946,50,0
553,10,0.22934530675411224,1,1
554,-11,0.15163368139077316,22,1
555,9,0.0966316256672144,2,1
556,9,0.05121179483830929,2,1
557,-50,0.11729655615985393,50,0
558,7,0.0472446377389133,4,1
559,9,0.0411469666287303,2,1
560,2,0.11688686907291412,9,1
561,8,0.1976851038634777,3,1
562,-30,0.16465708222694514,41,1
563,2,0.11496611022286946,9,1
564,7,0.0687236338853836,4,1
565,9,0.053949110209941864,2,1
566,-50,0.1263164993003011,50,0
567,-50,0.15816602520644665,50,0
568,9,0.09648152068257332,2,1
569,10,0.3269611895084381,1,1
570,7,0.09254635963588953,4,1
571,-11,0.1582101725719192,22,1
572,-30,0.14735163407536542,41,1
573,-12,0.1190019150575002,3,0
574,-50,0.13551731195300817,50,0
575,-26,0.13460985737273823,37,1
576,6,0.11405151039361953,5,1
577,-50,0.12634103279560804,50,0
578,7,0.17613005498424172,4,1
579,-50,0.15230201384052633,50,0
580,-31,0.1314627252341736,42,1
581,-10,0.10091941803693771,1,0
582,-11,0.1297397721897472,22,1
583,9,0.09047223255038261,2,1
584,-50,0.11587329838424922,50,0
585,8,0.11236039052406947,3,1
586,-12,0.21608341236909231,3,0
587,-10,0.24065175652503967,1,0
588,8,0.17576211939255396,3,1
589,-27,0.24220148639546502,18,0
590,-50,0.1541642600670457,50,0
591,9,0.1532031111419201,2,1
592,8,0.25536179294188815,3,1
593,8,0.16187827164928117,3,1
594,9,0.07002373784780502,2,1
595,8,0.059530988335609436,3,1
596,9,0.049731070175766945,2,1
597,-23,0.192070077830816,34,1
598,8,0.06339078396558762,3,1
599,10,0.0702311173081398,1,1
600,9,0.10994977876543999,2,1
601,-50,0.14737438343465328,50,0
602,-18,0.2019533263840552,29,1
603,8,0.4800616850455602,3,1
604,-2,0.2153515681051291,13,1
605,-50,0.22232101131230592,50,0
606,-50,0.19711572512984277,50,0
607,-11,0.11139408126473427,2,0
608,10,0.09553887695074081,1,1
609,-5,0.13932846032548696,16,1
610,-4,0.12697795716424784,15,1
611,-50,0.11917442210018635,50,0
612,-50,0.13968257181346416,50,0
613,10,0.07130426913499832,1,1
614,-50,0.14231815163046121,50,0
615,9,0.0666082613170147,2,1
616,10,0.13380983471870422,1,1
617,-50,0.12699707966297866,50,0
618,-50,0.12189903797581791,50,0
619,-10,0.11904170559275717,21,1
620,-3,0.09926784876734018,14,1
621,-14,0.07820068292319775,25,1
622,-2,0.07395477392352544,13,1
623,7,0.1565225226804614,4,1
624,-23,0.10668255140840568,34,1
625,10,0.09482008963823318,1,1
626,10,0.037050459533929825,1,1
627,-10,0.06978364288806915,1,0
628,10,0.05840868875384331,1,1
629,10,0.10964111983776093,1,1
630,7,0.10903930943459272,4,1
631,-6,0.08759352247066357,17,1
632,6,0.03422468043863773,5,1
633,-10,0.09826749563217163,1,0
634,0,0.14951458150012928,11,1
635,-12,0.06474125633637111,3,0
636,-50,0.1314809286221862,50,0
637,-38,0.13588504618679992,49,1
638,2,0.1632431654466523,9,1
639,-10,0.16937030106782913,21,1
640,-13,0.18364455884632966,24,1
641,10,0.07350318133831024,1,1
642,10,0.2816038429737091,1,1
643,-20,0.122029178325207,31,1
644,-10,0.11251302808523178,1,0
645,9,0.22925204038619995,2,1
646,8,0.1302342340350151,3,1
647,9,0.3456224538385868,2,1
648,9,0.17840530443936586,2,1
649,3,0.12178247992414981,8,1
650,10,0.067986398935318,1,1
651,8,0.07464112217227618,3,1
652,8,0.200282151500384,3,1
653,-10,0.021533960476517677,1,0
654,9,0.024469290859997272,2,1
655,10,0.3157384693622589,1,1
656,-10,0.12008978985249996,21,1
657,-11,0.21797495242208242,22,1
658,-7,0.22446691244840622,18,1
659,9,0.08162013813853264,2,1
660,-50,0.18740969743579627,50,0
661,8,0.2422817995150884,3,1
662,-4,0.2914055754741033,15,1
663,-28,0.192213064353717,19,0
664,10,0.08123273402452469,1,1
665,9,0.21651046723127365,2,1
666,5,0.15942085658510527,6,1
667,-50,0.22194116100668906,50,0
668,10,0.1367586851119995,1,1
669,0,0.16778186031363226,11,1
670,-21,0.27458860725164413,12,0
671,5,0.18817555159330368,6,1
672,-6,0.23662226340349982,17,1
673,10,0.459297776222229,1,1
674,10,0.18912257254123688,1,1
675,-9,0.19426738629117607,20,1
676,-50,0.20646739661693572,50,0
677,-11,0.19211170822381973,2,0
678,-50,0.20610327173024415,50,0
679,7,0.17291434481739998,4,1
680,-11,0.18030720949172974,2,0
681,-50,0.2058625065162778,50,0
682,-10,0.3037639558315277,1,0
683,7,0.12234706804156303,4,1
684,5,0.2264112023015817,6,1
685,-37,0.1845758359413594,48,1
686,8,0.06511437644561131,3,1
687,9,0.13006388396024704,2,1
688,9,0.08098184876143932,2,1
689,9,0.042553653940558434,2,1
690,9,0.22655096650123596,2,1
691,10,0.1235300600528717,1,1
692,7,0.07314510503783822,4,1
693,8,0.3308316841721535,3,1
694,8,0.08262365311384201,3,1
695,-12,0.20546668022871017,3,0
696,8,0.3896460682153702,3,1
697,10,0.06467205286026001,1,1
698,10,0.05610039830207825,1,1
699,-16,0.26123820724231855,7,0
700,6,0.3252672091126442,5,1
701,10,0.3054277300834656,1,1
702,-13,0.15947608277201653,4,0
703,10,0.06926494091749191,1,1
704,1,0.2411564238369465,10,1
705,-50,0.16599747348576785,50,0
706,8,0.16003609324494997,3,1
707,2,0.17842446764310202,9,1
708,-50,0.1897588501870632,50,0
709,2,0.08215734755827321,9,1
710,-18,0.21449862202179842,29,1
711,-50,0.19231448642909527,50,0
712,7,0.08218700718134642,4,1
713,7,0.26683855056762695,4,1
714,-14,0.30004514902830126,5,0
715,9,0.04270324483513832,2,1
716,-50,0.16770954586565495,50,0
717,8,0.1722507414718469,3,1
718,7,0.2890774477273226,4,1
719,10,0.03377055376768112,1,1
720,-11,0.15180786699056625,2,0
721,10,0.27925997972488403,1,1
722,-50,0.1439501971192658,50,0
723,-50,0.18476774618029596,50,0
724,-7,0.1818905429293712,18,1
725,10,0.16425494849681854,1,1
726,10,0.06424404680728912,1,1
727,10,0.19485631585121155,1,1
728,9,0.6012716889381409,2,1
729,-50,0.23342572823166846,50,0
730,8,0.16620512555042902,3,1
731,-2,0.17009229900745246,13,1
732,-25,0.25538704440825516,36,1
733,10,0.2963094711303711,1,1
734,9,0.33591923117637634,2,1
735,5,0.06392959567407767,6,1
736,9,0.2853084299713373,2,1
737,7,0.11796077154576778,4,1
738,9,0.05447551608085632,2,1
739,7,0.10475958837196231,4,1
740,10,0.1928778439760208,1,1
741,5,0.29839802781740826,6,1
742,6,0.1297624498605728,5,1
743,-50,0.1679875698685646,50,0
744,7,0.2698466256260872,4,1
745,9,0.21310142427682877,2,1
746,10,0.1662546992301941,1,1
747,-5,0.24924893118441105,16,1
748,9,0.2601573243737221,2,1
749,10,0.13265636563301086,1,1
750,-4,0.18362234011292458,15,1
751,9,0.14024889469146729,2,1
752,-50,0.22568552285432816,50,0
753,9,0.31727878749370575,2,1
754,-10,0.1569046200740905,21,1
755,6,0.3411465436220169,5,1
756,-13,0.04341016290709376,4,0
757,10,0.10760263353586197,1,1
758,10,0.33932924270629883,1,1
759,-10,0.04090723395347595,1,0
760,9,0.10307691618800163,2,1
761,-31,0.18422108316527946,42,1
762,-33,0.18484104276550087,44,1
763,-31,0.14317209233662911,42,1
764,10,0.11038457602262497,1,1
765,-50,0.22523909393697977,50,0
766,-50,0.19185843721032142,50,0
767,-25,0.11062086440829767,36,1
768,10,0.06527592986822128,1,1
769,-38,0.16183807153482827,49,1
770,-50,0.1452811772748828,50,0
771,10,0.17793871462345123,1,1
772,-50,0.18245994359254836,50,0
773,-50,0.17246864572167397,50,0
774,8,0.11945127447446187,3,1
775,5,0.1115547741452853,6,1
776,8,0.3148052394390106,3,1
777,7,0.20185902994126081,4,1
778,7,0.2291020005941391,4,1
779,6,0.19793594628572464,5,1
780,9,0.256013423204422,2,1
781,8,0.06586681803067525,3,1
782,-39,0.16821184992790222,50,1
783,-10,0.048653632402420044,1,0
784,-15,0.16462475870950863,26,1
785,8,0.3319366971651713,3,1
786,-22,0.1666913221618443,33,1
787,10,0.08458472788333893,1,1
788,-50,0.1620363212376833,50,0
789,9,0.2835896909236908,2,1
790,8,0.10553677876790364,3,1
791,7,0.2229379154741764,4,1
792,9,0.13606494292616844,2,1
793,-50,0.13336717994883657,50,0
794,10,0.10747332125902176,1,1
795,-50,0.18167777365073562,50,0
796,10,0.19491015374660492,1,1
797,5,0.19800772269566855,6,1
798,-3,0.20194098646087305,14,1
799,9,0.3836682438850403,2,1
800,10,0.7478042840957642,1,1
801,9,0.13689715415239334,2,1
802,-14,0.22331015691161155,25,1
803,10,0.47516825795173645,1,1
804,7,0.19608894269913435,4,1
805,5,0.2786369137465954,6,1
806,9,0.07973292842507362,2,1
807,5,0.15928898130853972,6,1
808,-50,0.17545446675270795,50,0
809,2,0.171754599445396,9,1
810,10,0.04845689609646797,1,1
811,-50,0.24350690469145775,50,0
812,-50,0.1809291284158826,50,0
813,-50,0.17966243751347066,50,0
814,10,0.07573438435792923,1,1
815,9,0.0549217090010643,2,1
816,10,0.5163754820823669,1,1
817,8,0.1170990914106369,3,1
818,-50,0.14892919830977916,50,0
819,9,0.05326622724533081,2,1
820,4,0.17239882051944733,7,1
821,6,0.1867738127708435,5,1
822,8,0.13525469352801642,3,1
823,8,0.2099997748931249,3,1
824,6,0.18464117497205734,5,1
825,-50,0.14733289454132317,50,0
826,-24,0.12050320865320308,35,1
827,9,0.14334921166300774,2,1
828,-52,0.10334623479392639,43,0
829,10,0.1429702192544937,1,1
830,10,0.10251487791538239,1,1
831,-16,0.14357539349132115,27,1
832,-10,0.04319284111261368,1,0
833,5,0.06207801649967829,6,1
834,-50,0.11661272581666708,50,0
835,4,0.10471245593258313,7,1
836,10,0.522959291934967,1,1
837,8,0.0422816202044487,3,1
838,8,0.19796686867872873,3,1
839,-10,0.06328311562538147,1,0
840,6,0.11276122406125069,5,1
841,-10,0.06929915398359299,1,0
842,10,0.09794782847166061,1,1
843,6,0.11088883578777313,5,1
844,-26,0.14963957103523048,37,1
845,-10,0.0642009973526001,1,0
846,-8,0.13548839807902513,19,1
847,-27,0.10055735565133785,38,1
848,-39,0.1479652180025975,30,0
849,-10,0.16822844743728638,1,0
850,-54,0.11032861947185463,45,0
851,8,0.15801645567019781,3,1
852,8,0.07371211424469948,3,1
853,9,0.1506691314280033,2,1
854,-17,0.11536945845000446,8,0
855,-39,0.14740393690764905,50,1
856,-19,0.18093364536762238,10,0
857,-50,0.16628356363624333,50,0
858,8,0.0955752581357956,3,1
859,9,0.07787343114614487,2,1
860,-50,0.12105870973318815,50,0
861,9,0.18913597613573074,2,1
862,-10,0.18608510494232178,1,0
863,-32,0.15855102215048877,43,1
864,9,0.0608234740793705,2,1
865,-12,0.12968473633130392,3,0
866,9,0.05714848078787327,2,1
867,9,0.05669019930064678,2,1
868,8,0.09374193598826726,3,1
869,-24,0.10090899249272688,35,1
870,8,0.11198481420675914,3,1
871,6,0.15329881832003595,5,1
872,-9,0.12581645380705594,20,1
873,-13,0.09268069174140692,4,0
874,6,0.1319124549627304,5,1
875,9,0.27450142800807953,2,1
876,9,0.12033232301473618,2,1
877,7,0.10881890449672937,4,1
878,8,0.28072065611680347,3,1
879,9,0.1819138079881668,2,1
880,-38,0.15793792119827763,29,0
881,5,0.10577066366871198,6,1
882,-5,0.13421241694595665,16,1
883,-50,0.1738908438384533,50,0
884,8,0.10489118844270706,3,1
885,8,0.0942012369632721,3,1
886,6,0.16818393357098102,5,1
887,-50,0.11703458238393068,50,0
888,7,0.11611590255051851,4,1
889,-10,0.0645466148853302,1,0
890,7,0.12099658977240324,4,1
891,10,0.06412146985530853,1,1
892,-20,0.1518763132513531,31,1
893,-10,0.1342497318983078,1,0
894,8,0.14540225515762964,3,1
895,9,0.06307056546211243,2,1
896,-50,0.17351117581129075,50,0
897,6,0.14458082914352416,5,1
898,-10,0.05813077092170715,1,0
899,9,0.1002185009419918,2,1
900,9,0.10367679968476295,2,1
901,9,0.13575395941734314,2,1
902,-3,0.11213231765265975,14,1
903,8,0.30921171108881634,3,1
904,10,0.09247235208749771,1,1
905,7,0.18802560307085514,4,1
906,-6,0.2195026646642124,17,1
907,-50,0.17356391314417124,50,0
908,-10,0.1103600487112999,1,0
909,7,0.2201806828379631,4,1
910,9,0.06945532560348511,2,1
911,-50,0.14614396020770073,50,0
912,-10,0.4726983904838562,1,0
913,10,0.32134318351745605,1,1
914,9,0.37039944529533386,2,1
915,-20,0.1672534286495178,31,1
916,8,0.1170869767665863,3,1
917,7,0.0764798135496676,4,1
918,10,0.12468208372592926,1,1
919,7,0.08939528279006481,4,1
920,-10,0.3819005489349365,1,0
921,-50,0.181311411857605,50,0
922,10,0.16583214700222015,1,1
923,-50,0.15672472577542065,50,0
924,10,0.043363314121961594,1,1
925,8,0.33147627611955005,3,1
926,7,0.13925362937152386,4,1
927,8,0.4125045910477638,3,1
928,10,0.038743115961551666,1,1
929,-4,0.146773557489117,15,1
930,-18,0.18898627341821275,29,1
931,3,0.06934575387276709,8,1
932,8,0.0983698150763909,3,1
933,7,0.2908564629033208,4,1
934,-50,0.1308330449461937,50,0
935,7,0.0878257155418396,4,1
936,-50,0.13030536577105523,50,0
937,-11,0.16386835277080536,2,0
938,-1,0.30374947500725585,12,1
939,7,0.14746469538658857,4,1
940,-11,0.07552246376872063,2,0
941,9,0.08465118706226349,2,1
942,5,0.08429385970036189,6,1
943,1,0.15998590756207703,10,1
944,7,0.10209023766219616,4,1
945,10,0.10903900861740112,1,1
946,9,0.2498011477291584,2,1
947,-50,0.15525523267686367,50,0
948,-50,0.1320607440173626,50,0
949,-50,0.16810200428590177,50,0
950,9,0.02389159146696329,2,1
951,9,0.5310375094413757,2,1
952,-50,0.11543488958850504,50,0
953,9,0.13438552245497704,2,1
954,9,0.30558791384100914,2,1
955,6,0.1779898837208748,5,1
956,8,0.3080625881751378,3,1
957,-10,0.09915696829557419,1,0
958,9,0.06892292760312557,2,1
959,-50,0.15975400362163783,50,0
960,-50,0.12134233128279448,50,0
961,7,0.18075348436832428,4,1
962,8,0.08504819869995117,3,1
963,9,0.034042879939079285,2,1
964,9,0.26543836295604706,2,1
965,-10,0.21162061393260956,1,0
966,-17,0.17457860568538308,28,1
967,-50,0.16366153758019208,50,0
968,-13,0.16843221336603165,4,0
969,7,0.07043113000690937,4,1
970,7,0.1380915865302086,4,1
971,9,0.26986702904105186,2,1
972,9,0.03652273677289486,2,1
973,8,0.08529699345429738,3,1
974,10,0.16396361589431763,1,1
975,10,0.2648703455924988,1,1
976,-16,0.14486896565982274,7,0
977,4,0.24343039095401764,7,1
978,-8,0.15381687752118237,19,1
979,-50,0.17554072264581919,50,0
980,-19,0.18794106915593148,10,0
981,-33,0.15285359653220934,44,1
982,-7,0.14624912364201414,18,1
983,4,0.1379413583448955,7,1
984,-11,0.11759566515684128,2,0
985,6,0.10689663365483285,5,1
986,-50,0.17055376809090375,50,0
987,9,0.10978345200419426,2,1
988,10,0.05382588505744934,1,1
989,-7,0.1224929489609268,18,1
990,8,0.04997440427541733,3,1
991,9,0.08793468028306961,2,1
992,-50,0.17429573059082032,50,0
993,9,0.10650335997343063,2,1
994,-20,0.17686303458627192,31,1
995,-50,0.14989078257232905,50,0
996,9,0.12949637323617935,2,1
997,9,0.15506458468735218,2,1
998,8,0.27851883818705875,3,1
999,-11,0.10268523544073105,2,0
1000,7,0.18126177415251732,4,1
1,-12,0.13367732962512452,23,1
2,-13,0.15829673036932945,24,1
3,9,0.20070664957165718,2,1
4,-50,0.10919947884976863,50,0
5,-10,0.30777183175086975,1,0
6,1,0.1820587046444416,10,1
7,10,0.041127510368824005,1,1
8,5,0.1714968259135882,6,1
9,7,0.1613418348133564,4,1
10,10,0.04698995128273964,1,1
11,7,0.10295446030795574,4,1
12,10,0.047774992883205414,1,1
13,10,0.29203933477401733,1,1
14,-50,0.16231085136532783,50,0
15,-32,0.1444044517743033,43,1
16,-50,0.12148041669279337,50,0
17,-3,0.11373447467173849,14,1
18,-50,0.12465800734236837,50,0
19,2,0.11721413499779171,9,1
20,10,0.12565414607524872,1,1
21,-12,0.16648116885967876,23,1
22,10,0.02227487973868847,1,1
23,-50,0.11195676449686288,50,0
24,2,0.07515085116028786,9,1
25,10,0.07441920787096024,1,1
26,10,0.12912233173847198,1,1
27,10,0.044094767421483994,1,1
28,7,0.06734513863921165,4,1
29,0,0.10948036407882517,11,1
30,-8,0.09145142569353706,19,1
31,10,0.21929898858070374,1,1
32,-35,0.0906117733405984,46,1
33,-9,0.07363644549623131,20,1
34,-19,0.1364810035874446,30,1
35,4,0.17666762375405856,7,1
36,9,0.1743486300110817,2,1
37,-50,0.1205379125662148,50,0
38,-50,0.12779357865452767,50,0
39,10,0.03244409337639809,1,1
40,9,0.12109488248825073,2,1
41,9,0.13905161246657372,2,1
42,10,0.3447515070438385,1,1
43,6,0.1444003701210022,5,1
44,9,0.1018900740891695,2,1
45,8,0.1453202317158381,3,1
46,9,0.11499015614390373,2,1
47,-10,0.22594544291496277,1,0
48,-39,0.09861433319747448,30,0
49,8,0.03527286027868589,3,1
50,-50,0.09218768000602723,50,0
51,9,0.07054375298321247,2,1
52,10,0.06852197647094727,1,1
53,8,0.14307458450396857,3,1
54,-11,0.06688676215708256,2,0
55,9,0.09739542752504349,2,1
56,10,0.07305346429347992,1,1
57,10,0.02370898798108101,1,1
58,10,0.02727081999182701,1,1
59,5,0.09029911551624537,6,1
60,-50,0.1190606258250773,50,0
61,-11,0.09664496406912804,2,0
62,9,0.08192392624914646,2,1
63,1,0.1814128365367651,10,1
64,9,0.05092744342982769,2,1
65,9,0.10061756521463394,2,1
66,9,0.09148548264056444,2,1
67,7,0.19594032550230622,4,1
68,-50,0.13044071301817894,50,0
69,-10,0.05991554632782936,1,0
70,10,0.16994988918304443,1,1
71,7,0.17147821746766567,4,1
72,10,0.18179060518741608,1,1
73,7,0.0937256021425128,4,1
74,-46,0.12267948948853724,37,0
75,-10,0.056190624833106995,1,0
76,-50,0.1146215369924903,50,0
77,-50,0.08982659118250012,50,0
78,7,0.09300510585308075,4,1
79,4,0.12944411752479418,7,1
80,7,0.04537239857017994,4,1
81,8,0.20452998578548431,3,1
82,10,0.015569821000099182,1,1
83,3,0.09080950682982802,8,1
84,9,0.15650581661611795,2,1
85,10,0.09794739633798599,1,1
86,8,0.0809829942882061,3,1
87,-50,0.12001293517649174,50,0
88,-50,0.1113149794563651,50,0
89,6,0.06845182105898857,5,1
90,9,0.054048145189881325,2,1
91,-47,0.1129454561558209,38,0
92,7,0.10362105257809162,4,1
93,9,0.08641006238758564,2,1
94,10,0.10836835205554962,1,1
95,-17,0.13591340137645602,8,0
96,7,0.1283672209829092,4,1
97,-16,0.12353529953570277,27,1
98,9,0.10272661969065666,2,1
99,8,0.14682674780488014,3,1
100,6,0.1422925189137459,5,1
101,10,0.054395172744989395,1,1
102,10,0.693921685218811,1,1
103,-50,0.1396148229762912,50,0
104,9,0.07618476822972298,2,1
105,9,0.18155664950609207,2,1
106,-50,0.1130115433037281,50,0
107,7,0.07959206681698561,4,1
108,-50,0.11553163111209869,50,0
109,9,0.09940006397664547,2,1
110,-50,0.1385260508581996,50,0
111,9,0.06708743795752525,2,1
112,1,0.13357180915772915,10,1
113,10,0.13517987728118896,1,1
114,-15,0.12386094840864341,6,0
115,-50,0.08695446863770485,50,0
116,-11,0.046096403151750565,2,0
117,-50,0.10655168239027261,50,0
118,10,0.0463203527033329,1,1
119,-11,0.05831172317266464,2,0
120,-50,0.0919261994957924,50,0
121,8,0.25214339296023053,3,1
122,9,0.2244304195046425,2,1
123,7,0.16080093756318092,4,1
124,8,0.07832941537102063,3,1
125,-47,0.11077477170252487,38,0
126,10,0.07333257794380188,1,1
127,-13,0.10507159276554982,24,1
128,-23,0.14157434070811553,34,1
129,9,0.09037639573216438,2,1
130,6,0.1780762866139412,5,1
131,9,0.04956400580704212,2,1
132,-6,0.14559453079367385,17,1
133,-50,0.14122503530234098,50,0
134,10,0.03701324760913849,1,1
135,9,0.14691639877855778,2,1
136,-50,0.12292460883036256,50,0
137,-50,0.13307424586266278,50,0
138,-50,0.12039458211511374,50,0
139,9,0.03672916442155838,2,1
140,-1,0.14620429649949074,12,1
141,8,0.1676233410835266,3,1
142,-7,0.13428131718602446,18,1
143,-5,0.15406649321084842,16,1
144,9,0.13137022033333778,2,1
145,-16,0.11024911222713334,7,0
146,-50,0.07792852409183978,50,0
147,-5,0.11606732034124434,16,1
148,-17,0.07396021904423833,8,0
149,-50,0.0868459140881896,50,0
150,9,0.3085506819188595,2,1
151,-50,0.1117981443554163,50,0
152,-12,0.07597613210479419,3,0
153,9,0.06620554067194462,2,1
154,1,0.10307405106723308,10,1
155,-31,0.10996132327074354,22,0
156,-50,0.10985958918929101,50,0
157,10,0.039865124970674515,1,1
158,-50,0.1182783294096589,50,0
159,8,0.1252347839375337,3,1
160,6,0.06645312905311584,5,1
161,-50,0.10161513444036245,50,0
162,-29,0.10305432789027691,40,1
163,-13,0.11147559806704521,4,0
164,7,0.13319901935756207,4,1
165,9,0.0677032582461834,2,1
166,8,0.12378299484650294,3,1
167,8,0.0572254645327727,3,1
168,9,0.21638286858797073,2,1
169,10,0.0427117682993412,1,1
170,8,0.04811875522136688,3,1
171,8,0.2418252726395925,3,1
172,9,0.03484524320811033,2,1
173,7,0.1453989828005433,4,1
174,7,0.08391406387090683,4,1
175,8,0.09181195497512817,3,1
176,10,0.08432665467262268,1,1
177,10,0.4749511778354645,1,1
178,10,0.024577155709266663,1,1
179,8,0.03204083380599817,3,1
180,10,0.020247627049684525,1,1
181,-50,0.0982252324000001,50,0
182,10,0.09624352306127548,1,1
183,7,0.24755100905895233,4,1
184,7,0.12215422466397285,4,1
185,9,0.0993514321744442,2,1
186,10,0.05382348969578743,1,1
187,1,0.06036009201779961,10,1
188,9,0.2285764068365097,2,1
189,8,0.2504158715407054,3,1
190,-50,0.14622137017548084,50,0
191,8,0.19862807293732962,3,1
192,9,0.051717594265937805,2,1
193,9,0.052440328523516655,2,1
194,8,0.0889655202627182,3,1
195,10,0.036814216524362564,1,1
196,-50,0.16541408363729715,50,0
197,8,0.14075646425286928,3,1
198,8,0.08602070560057958,3,1
199,10,0.11213167011737823,1,1
200,10,0.13965941965579987,1,1
201,9,0.11000388115644455,2,1
202,8,0.11954295635223389,3,1
203,-50,0.11865663304924964,50,0
204,10,0.07499729841947556,1,1
205,2,0.11012828805380398,9,1
206,7,0.10108365025371313,4,1
207,5,0.07227023628850777,6,1
208,-11,0.03179175779223442,2,0
209,-48,0.16069258209795523,39,0
210,9,0.11905616894364357,2,1
211,10,0.1782395988702774,1,1
212,7,0.08938961056992412,4,1
213,-50,0.1639374241232872,50,0
214,-7,0.10447966462622087,18,1
215,7,0.18905789963901043,4,1
216,-50,0.12830657673999668,50,0
217,7,0.22924382332712412,4,1
218,10,0.08209545165300369,1,1
219,9,0.14033326506614685,2,1
220,-14,0.15285461097955705,5,0
221,7,0.17381573654711246,4,1
222,8,0.09445115551352501,3,1
223,-5,0.2125996535178274,16,1
224,6,0.08585273623466491,5,1
225,7,0.0912675280123949,4,1
226,10,0.1245308443903923,1,1
227,-26,0.1339000551583799,37,1
228,-50,0.1129442273825407,50,0
229,-27,0.09928576339428362,38,1
230,9,0.15092333778738976,2,1
231,9,0.2555295303463936,2,1
232,10,0.08728378266096115,1,1
233,-50,0.10741423849016428,50,0
234,1,0.13116671852767467,10,1
235,-30,0.15168253633947598,21,0
236,9,0.0810198076069355,2,1
237,10,0.055056795477867126,1,1
238,8,0.2196578731139501,3,1
239,7,0.1149910083040595,4,1
240,10,0.1564241498708725,1,1
241,8,0.4033183952172597,3,1
242,9,0.24661068618297577,2,1
243,-23,0.16641155816614628,34,1
244,10,0.11937838047742844,1,1
245,10,0.21093106269836426,1,1
246,-50,0.14632966250181198,50,0
247,-10,0.0513380765914917,1,0
248,10,0.26084670424461365,1,1
249,-8,0.1111791110352466,19,1
250,-10,0.16952788829803467,1,0
251,6,0.0764630988240242,5,1
252,8,0.0793346247325341,3,1
253,-10,0.2181929498910904,1,0
254,6,0.05347029753029346,5,1
255,10,0.21736614406108856,1,1
256,10,0.25153854489326477,1,1
257,-53,0.19859525150704113,44,0
258,8,0.10087444136540095,3,1
259,9,0.08627785928547382,2,1
260,4,0.11037749371358327,7,1
261,-27,0.1794362323554723,38,1
262,-10,0.08350745588541031,1,0
263,-10,0.4780750274658203,1,0
264,9,0.42687713354825974,2,1
265,9,0.17716611176729202,2,1
266,8,0.1929104502002398,3,1
267,-10,0.024647435173392296,1,0
268,7,0.13637523353099823,4,1
269,-50,0.16198068544268607,50,0
270,8,0.16281260550022125,3,1
271,9,0.1632946915924549,2,1
272,-50,0.1853750427812338,50,0
273,-11,0.3187815025448799,2,0
274,-13,0.2961522229015827,4,0
275,10,0.03319189324975014,1,1
276,7,0.08753735944628716,4,1
277,10,0.09469738602638245,1,1
278,10,0.08264406770467758,1,1
279,10,0.09361450374126434,1,1
280,7,0.11315779015421867,4,1
281,-10,0.05330618843436241,1,0
282,9,0.174129918217659,2,1
283,10,0.23485882580280304,1,1
284,10,0.025046614930033684,1,1
285,-50,0.2296017586439848,50,0
286,10,0.07517270743846893,1,1
287,-12,0.0754895235101382,3,0
288,7,0.15814587846398354,4,1
289,9,0.044436220079660416,2,1
290,10,0.15919099748134613,1,1
291,10,0.03476912900805473,1,1
292,10,0.09067385643720627,1,1
293,9,0.08178583532571793,2,1
294,8,0.3032023273408413,3,1
295,-50,0.18316035186871887,50,0
296,8,0.36401528120040894,3,1
297,-1,0.2490879219646255,12,1
298,9,0.23000634461641312,2,1
299,-32,0.25201583393784455,43,1
300,9,0.09178895503282547,2,1
301,8,0.21267675360043845,3,1
302,10,0.09510353952646255,1,1
303,-50,0.23344467706978322,50,0
304,-50,0.21476174540817738,50,0
305,10,0.6211014986038208,1,1
306,8,0.4007742603619893,3,1
307,9,0.11290604993700981,2,1
308,8,0.09421418358882268,3,1
309,9,0.08204558677971363,2,1
310,9,0.13732251152396202,2,1
311,6,0.21548817306756973,5,1
312,10,0.03552599251270294,1,1
313,8,0.1482621356844902,3,1
314,8,0.33024223148822784,3,1
315,10,0.09983573853969574,1,1
316,-50,0.17657127637416126,50,0
317,-17,0.11560353031381965,8,0
318,-50,0.18086567120626568,50,0
319,4,0.2254576991711344,7,1
320,9,0.09609869122505188,2,1
321,-50,0.1958127835392952,50,0
322,7,0.14649629406630993,4,1
323,6,0.1381545275449753,5,1
324,9,0.25183136761188507,2,1
325,7,0.137964291498065,4,1
326,-50,0.18513056468218564,50,0
327,10,0.056039731949567795,1,1
328,9,0.1925060749053955,2,1
329,9,0.09454646334052086,2,1
330,5,0.1616360880434513,6,1
331,4,0.12355326169303485,7,1
332,-44,0.17776225225201675,35,0
333,-11,0.14730196226049552,22,1
334,9,0.047945767641067505,2,1
335,10,0.05635645240545273,1,1
336,9,0.08551079360768199,2,1
337,10,0.020702380686998367,1,1
338,9,0.0840910654515028,2,1
339,8,0.12250721827149391,3,1
340,6,0.09524997137486935,5,1
341,8,0.06747417400280635,3,1
342,-14,0.1585674800723791,25,1
343,9,0.14815230667591095,2,1
344,-20,0.1338336536240193,31,1
345,7,0.123931007925421,4,1
346,10,0.07893887907266617,1,1
347,-11,0.222499817609787,2,0
348,-22,0.17520027935053362,33,1
349,-50,0.13387683734297753,50,0
350,9,0.08030660450458527,2,1
351,8,0.18975353986024857,3,1
352,10,0.21589447557926178,1,1
353,9,0.05148952454328537,2,1
354,-50,0.10531619165092707,50,0
355,-38,0.1420478736411552,49,1
356,-50,0.09547557547688484,50,0
357,6,0.13541253954172133,5,1
358,9,0.14988575875759125,2,1
359,-50,0.10261804100126028,50,0
360,-50,0.10453315848484636,50,0
361,8,0.07802946368853252,3,1
362,9,0.1401884015649557,2,1
363,10,0.06663846969604492,1,1
364,-50,0.0908786129578948,50,0
365,10,0.024350013583898544,1,1
366,6,0.08896736651659012,5,1
367,8,0.0845660666624705,3,1
368,-18,0.10453536609808604,9,0
369,-50,0.08003765888512135,50,0
370,7,0.06565047334879637,4,1
371,-12,0.12633134176333746,3,0
372,5,0.15901977196335793,6,1
373,7,0.2940126657485962,4,1
374,8,0.06639921044309934,3,1
375,9,0.13385576009750366,2,1
376,-50,0.08077122531831264,50,0
377,9,0.04960659705102444,2,1
378,10,0.5385503768920898,1,1
379,7,0.09592801611870527,4,1
380,-4,0.09133475503573815,15,1
381,9,0.1968519166111946,2,1
382,-10,0.1120598241686821,1,0
383,8,0.1210602695743243,3,1
384,10,0.5615696907043457,1,1
385,7,0.11164036393165588,4,1
386,7,0.2212134189903736,4,1
387,-21,0.10407459805719554,32,1
388,-20,0.13380266497692755,31,1
389,8,0.10332626476883888,3,1
390,8,0.09453875571489334,3,1
391,-18,0.11864186804099329,29,1
392,10,0.5262424349784851,1,1
393,-15,0.1118518536289533,6,0
394,9,0.04541698470711708,2,1
395,9,0.08828465268015862,2,1
396,10,0.08530107885599136,1,1
397,-40,0.12255291021879643,31,0
398,7,0.21457884088158607,4,1
399,9,0.1343759335577488,2,1
400,10,0.06907723844051361,1,1
401,10,0.24848560988903046,1,1
402,8,0.10683487355709076,3,1
403,-10,0.02933519147336483,1,0
404,-42,0.11600099255641301,33,0
405,10,0.3372454047203064,1,1
406,9,0.0900493822991848,2,1
407,9,0.09920421242713928,2,1
408,9,0.2127559706568718,2,1
409,10,0.01251173485070467,1,1
410,10,0.028080511838197708,1,1
411,-16,0.10634261424894687,27,1
412,8,0.047554040948549904,3,1
413,8,0.07575285683075587,3,1
414,-9,0.18149958234280347,20,1
415,7,0.11500164307653904,4,1
416,8,0.1218667949239413,3,1
417,9,0.22279443591833115,2,1
418,6,0.24295878261327744,5,1
419,4,0.1721032533262457,7,1
420,9,0.09205173701047897,2,1
421,7,0.15982001274824142,4,1
422,10,0.24001778662204742,1,1
423,10,0.05312016233801842,1,1
424,8,0.15035207321246466,3,1
425,10,0.3018116056919098,1,1
426,10,0.3339056074619293,1,1
427,-50,0.19130328990519047,50,0
428,8,0.07415419568618138,3,1
429,9,0.15724726021289825,2,1
430,-12,0.11205716182788213,3,0
431,-50,0.16247351933270693,50,0
432,-50,0.14915959671139717,50,0
433,9,0.09338454529643059,2,1
434,1,0.2899982906877995,10,1
435,9,0.08832497522234917,2,1
436,10,0.3901280164718628,1,1
437,8,0.06996392458677292,3,1
438,7,0.155009550973773,4,1
439,6,0.18065502494573593,5,1
440,-7,0.1782783300926288,18,1
441,9,0.15924903750419617,2,1
442,-50,0.12070796821266412,50,0
443,7,0.1617541592568159,4,1
444,-50,0.15474898640066384,50,0
445,10,0.2807873487472534,1,1
446,-50,0.12300862399861216,50,0
447,8,0.13544566929340363,3,1
448,-10,0.040469467639923096,1,0
449,-2,0.17916977806733206,13,1
450,9,0.12461485713720322,2,1
451,7,0.09061942994594574,4,1
452,-50,0.11559336567297578,50,0
453,-10,0.04652344062924385,1,0
454,5,0.0715973973274231,6,1
455,5,0.13403032161295414,6,1
456,7,0.26533503737300634,4,1
457,9,0.051981257274746895,2,1
458,-10,0.13203747446338335,21,1
459,9,0.21611857414245605,2,1
460,10,0.48341646790504456,1,1
461,9,0.08456318452954292,2,1
462,10,0.10283655673265457,1,1
463,-50,0.13483826693147422,50,0
464,9,0.12733791768550873,2,1
465,8,0.08048233141501744,3,1
466,9,0.1496254950761795,2,1
467,10,0.04810093715786934,1,1
468,6,0.12725616693496705,5,1
469,-11,0.06693509593605995,2,0
470,1,0.08316532280296088,10,1
471,6,0.2113684371113777,5,1
472,9,0.1391335427761078,2,1
473,9,0.10081472806632519,2,1
474,-50,0.16125986214727164,50,0
475,10,0.08448529243469238,1,1
476,9,0.09776795655488968,2,1
477,10,0.18052169680595398,1,1
478,9,0.08999079838395119,2,1
479,10,0.1368432492017746,1,1
480,-12,0.17634627223014832,3,0
481,-11,0.16446568444371223,2,0
482,9,0.1760113760828972,2,1
483,-3,0.2107681522944144,14,1
484,-50,0.1829366647452116,50,0
485,7,0.19470016192644835,4,1
486,-37,0.1489563604312328,48,1
487,9,0.08969277516007423,2,1
488,-11,0.08168448135256767,2,0
489,8,0.1147832175095876,3,1
490,-11,0.09184735268354416,2,0
491,-32,0.16321993194693743,43,1
492,-6,0.1922504833954222,17,1
493,6,0.13814388513565062,5,1
494,7,0.07362697413191199,4,1
495,-31,0.07693938419900158,22,0
496,9,0.12176265381276608,2,1
497,9,0.037671858444809914,2,1
498,9,0.2948564402759075,2,1
499,8,0.22623449191451073,3,1
500,8,0.3829309108356635,3,1
501,7,0.05879268702119589,4,1
502,-11,0.10576621443033218,2,0
503,9,0.08527569472789764,2,1
504,-50,0.151221123598516,50,0
505,6,0.21369977444410324,5,1
506,-10,0.33292055130004883,1,0
507,-37,0.137745941329437,48,1
508,8,0.20290551707148552,3,1
509,9,0.44897373765707016,2,1
510,-38,0.21875485838675984,49,1
511,9,0.28395211696624756,2,1
512,-15,0.1656967278283376,26,1
513,10,0.07586762309074402,1,1
514,-11,0.06179450824856758,2,0
515,7,0.09764259774237871,4,1
516,6,0.25852307826280596,5,1
517,-11,0.2949744015932083,2,0
518,9,0.20612727105617523,2,1
519,9,0.0752175860106945,2,1
520,-33,0.2578291733128329,24,0
521,-10,0.5978711247444153,1,0
522,-50,0.15233600065112113,50,0
523,9,0.07461131364107132,2,1
524,8,0.0360989918311437,3,1
525,-10,0.45929110050201416,1,0
526,-29,0.19430643524974583,20,0
527,8,0.1873653121292591,3,1
528,9,0.08487673290073872,2,1
529,9,0.048097134567797184,2,1
530,-50,0.1542660501971841,50,0
531,10,0.036365170031785965,1,1
532,9,0.04009109362959862,2,1
533,-50,0.16997143540531398,50,0
534,7,0.06472210492938757,4,1
535,4,0.08346379920840263,7,1
536,7,0.10891307890415192,4,1
537,7,0.0657326364889741,4,1
538,10,0.07901742309331894,1,1
539,10,0.09455794841051102,1,1
540,-3,0.10695383405046803,14,1
541,9,0.09223787486553192,2,1
542,-50,0.11792673813179136,50,0
543,8,0.1205713041126728,3,1
544,8,0.23683885981639227,3,1
545,9,0.04274351987987757,2,1
546,9,0.11014770716428757,2,1
547,10,0.12576758861541748,1,1
548,-50,0.15292975276708604,50,0
549,-4,0.1363212965428829,15,1
550,-50,0.10891702767461538,50,0
551,-21,0.146197186462814,32,1
552,8,0.18589033683141074,3,1
553,-50,0.14772370722144842,50,0
554,-9,0.09619985446333885,20,1
555,-35,0.11526233573322711,46,1
556,9,0.24594267271459103,2,1
557,10,0.052290190011262894,1,1
558,10,0.03664757311344147,1,1
559,9,0.2097795307636261,2,1
560,7,0.09905781038105488,4,1
561,-13,0.17196916292111078,24,1
562,-50,0.12891602881252764,50,0
563,9,0.1665397733449936,2,1
564,-32,0.08896934396998826,43,1
565,-50,0.09174575133249163,50,0
566,-12,0.07832775993839554,23,1
567,8,0.026984651883443195,3,1
568,-6,0.11538117652868524,17,1
569,10,0.1023927703499794,1,1
570,9,0.08482911065220833,2,1
571,-50,0.07881376139819622,50,0
572,10,0.0478714294731617,1,1
573,8,0.13925224790970483,3,1
574,7,0.1347918938845396,4,1
575,6,0.07211759760975837,5,1
576,-10,0.10025065285818917,21,1
577,-10,0.2648892402648926,1,0
578,6,0.10590560398995877,5,1
579,10,0.03330713137984276,1,1
580,9,0.06602431833744049,2,1
581,7,0.04854227672331035,4,1
582,9,0.13207242637872696,2,1
583,10,0.08778795599937439,1,1
584,-50,0.10262913880869746,50,0
585,-11,0.08050210028886795,2,0
586,9,0.16666332632303238,2,1
587,8,0.05978727278610071,3,1
588,8,0.2540035545825958,3,1
589,10,0.1813015192747116,1,1
590,-10,0.14275254424484002,21,1
591,10,0.026095271110534668,1,1
592,-10,0.0832790657877922,1,0
593,5,0.09985608669618766,6,1
594,3,0.20658377301879227,8,1
595,-17,0.15045717947318085,28,1
596,10,0.24567894637584686,1,1
597,7,0.025068349670618773,4,1
598,9,0.01979352254420519,2,1
599,-50,0.15379073809832333,50,0
600,9,0.06749134883284569,2,1
601,7,0.13640871457755566,4,1
602,8,0.13602679471174875,3,1
603,-5,0.15015517896972597,16,1
604,10,0.13095207512378693,1,1
605,-50,0.11288617361336946,50,0
606,10,0.046723686158657074,1,1
607,7,0.11306693870574236,4,1
608,-50,0.07874849759042263,50,0
609,-5,0.08690370863769203,16,1
610,-6,0.10937032881466781,17,1
611,9,0.13113252446055412,2,1
612,-20,0.10123028461971591,31,1
613,-21,0.09837750752922148,32,1
614,5,0.07249570234368245,6,1
615,5,0.16623018371562162,6,1
616,7,0.11205871403217316,4,1
617,7,0.05239924322813749,4,1
618,6,0.15197868533432485,5,1
619,-1,0.08267313335090876,12,1
620,6,0.09871239066123963,5,1
621,-17,0.10501631176365274,28,1
622,7,0.13943302631378174,4,1
623,9,0.043855706229805946,2,1
624,9,0.12732121348381042,2,1
625,9,0.02964894101023674,2,1
626,8,0.24451493844389915,3,1
627,9,0.07718253042548895,2,1
628,1,0.1710252438671887,10,1
629,8,0.16219249243537584,3,1
630,9,0.06718583405017853,2,1
631,5,0.06884597397098939,6,1
632,9,0.0499076172709465,2,1
633,-14,0.11701818346977234,25,1
634,9,0.19612344726920128,2,1
635,9,0.06707745231688023,2,1
636,9,0.13848952017724514,2,1
637,5,0.10123327126105626,6,1
638,8,0.054882256935040154,3,1
639,8,0.08578277255098025,3,1
640,5,0.16058573623498282,6,1
641,9,0.07918735221028328,2,1
642,8,0.05854750983417034,3,1
643,-19,0.13348473782340686,30,1
644,-50,0.12498575828969478,50,0
645,8,0.07158598924676578,3,1
646,5,0.10504446178674698,6,1
647,9,0.1325625143945217,2,1
648,10,0.10110615193843842,1,1
649,7,0.09971725987270474,4,1
650,10,0.06624484807252884,1,1
651,7,0.06461657583713531,4,1
652,7,0.10895287804305553,4,1
653,-9,0.14439366161823272,20,1
654,-10,0.054113905876874924,1,0
655,-50,0.10591203078627587,50,0
656,8,0.21961373587449393,3,1
657,9,0.11064443737268448,2,1
658,6,0.09292248338460922,5,1
659,8,0.05917495799561342,3,1
660,-29,0.13170927665196358,40,1
661,4,0.10004342294165067,7,1
662,-50,0.09361283140257001,50,0
663,9,0.10726598277688026,2,1
664,10,0.046268705278635025,1,1
665,3,0.11743781482800841,8,1
666,10,0.07824744284152985,1,1
667,-10,0.09780686348676682,1,0
668,-26,0.12017319897642813,37,1
669,9,0.05993619002401829,2,1
670,-50,0.11008616134524346,50,0
671,7,0.11062244209460914,4,1
672,-10,0.04813428595662117,1,0
673,-2,0.10299795120954514,13,1
674,-50,0.12032577924430371,50,0
675,1,0.15236500464379787,10,1
676,-15,0.1381415189960255,26,1
677,-14,0.18121456764638424,5,0
678,9,0.23949479311704636,2,1
679,-16,0.09182266201134082,27,1
680,-50,0.13103722870349885,50,0
681,-19,0.07625275896862149,10,0
682,-10,0.09431236237287521,1,0
683,-28,0.12461489510650818,39,1
684,6,0.08510891869664192,5,1
685,9,0.12764606066048145,2,1
686,9,0.0833847913891077,2,1
687,8,0.1449554661909739,3,1
688,-13,0.065847291611135,4,0
689,9,0.06382805854082108,2,1
690,9,0.23979898542165756,2,1
691,8,0.2897962729136149,3,1
692,6,0.17176799178123475,5,1
693,10,0.08779376745223999,1,1
694,-50,0.14917178377509116,50,0
695,9,0.3310485854744911,2,1
696,10,0.0807151049375534,1,1
697,10,0.41685670614242554,1,1
698,9,0.06850800290703773,2,1
699,10,0.1430063545703888,1,1
700,9,0.22291776910424232,2,1
701,9,0.03101044613867998,2,1
702,-23,0.08283468897399657,34,1
703,7,0.14000004227273166,4,1
704,10,0.04252447932958603,1,1
705,3,0.19332240684889257,8,1
706,7,0.07065514149144292,4,1
707,5,0.1268691805501779,6,1
708,5,0.16588318906724453,6,1
709,-8,0.1537697578927404,19,1
710,7,0.4525473415851593,4,1
711,-26,0.16124513460432782,17,0
712,10,0.1362503319978714,1,1
713,9,0.14302748814225197,2,1
714,9,0.1701071634888649,2,1
715,-15,0.16190814764167255,26,1
716,8,0.134441668788592,3,1
717,-50,0.1392142852395773,50,0
718,10,0.03494124487042427,1,1
719,10,0.02708473987877369,1,1
720,-12,0.11039867997169495,3,0
721,10,0.13454991579055786,1,1
722,5,0.08181422296911478,6,1
723,9,0.08694455679506063,2,1
724,9,0.09756396152079105,2,1
725,9,0.08395924046635628,2,1
726,8,0.4587680498758952,3,1
727,8,0.20454340924819311,3,1
728,8,0.1605178490281105,3,1
729,8,0.23072247207164764,3,1
730,-10,0.09371674060821533,1,0
731,10,0.02327243983745575,1,1
732,6,0.12649852484464646,5,1
733,8,0.09514083340764046,3,1
734,10,0.04822840169072151,1,1
735,8,0.11574140936136246,3,1
736,-50,0.15142304934561251,50,0
737,10,0.07591094076633453,1,1
738,2,0.13722474293576348,9,1
739,9,0.14487046375870705,2,1
740,-10,0.036327872425317764,1,0
741,-10,0.16423821449279785,1,0
742,7,0.1718674898147583,4,1
743,10,0.08592578023672104,1,1
744,10,0.045456793159246445,1,1
745,10,0.06481495499610901,1,1
746,6,0.08676498010754585,5,1
747,6,0.09557012915611267,5,1
748,8,0.11302061130603154,3,1
749,8,0.1062622716029485,3,1
750,8,0.21174771587053934,3,1
751,10,0.09367683529853821,1,1
752,9,0.06287882477045059,2,1
753,-22,0.1220284059756633,33,1
754,-50,0.1262561970576644,50,0
755,10,0.10202475637197495,1,1
756,7,0.11091109551489353,4,1
757,-50,0.12575820103287697,50,0
758,9,0.06403016485273838,2,1
759,2,0.08226389065384865,9,1
760,-15,0.20884750535090765,6,0
761,-50,0.1262717202678323,50,0
762,8,0.056766526152690254,3,1
763,10,0.07395059615373611,1,1
764,9,0.03762984834611416,2,1
765,-36,0.1112974531672619,27,0
766,-50,0.1234522064961493,50,0
767,-50,0.099648428671062,50,0
768,10,0.09245945513248444,1,1
769,6,0.09005306661128998,5,1
770,10,0.05994962155818939,1,1
771,8,0.1055239128569762,3,1
772,9,0.047252239659428596,2,1
773,8,0.047559707115093865,3,1
774,7,0.09611143125221133,4,1
775,10,0.08963117748498917,1,1
776,-38,0.10953039541004264,49,1
777,9,0.05199942085891962,2,1
778,10,0.5216414928436279,1,1
779,7,0.021348885726183653,4,1
780,8,0.08892802024881045,3,1
781,6,0.16894473768770696,5,1
782,10,0.1259790062904358,1,1
783,7,0.050301932729780674,4,1
784,-36,0.13711387977162573,47,1
785,-14,0.14082969427108766,5,0
786,-50,0.12049589306116104,50,0
787,5,0.1279324727753798,6,1
788,10,0.44263961911201477,1,1
789,8,0.16917975743611655,3,1
790,-10,0.056587472558021545,1,0
791,0,0.1654241904616356,11,1
792,-14,0.19213119596242906,5,0
793,-12,0.10719863573710124,3,0
794,9,0.0791504941880703,2,1
795,-50,0.1258893810212612,50,0
796,-50,0.09613962264731526,50,0
797,-50,0.10850987073034048,50,0
798,8,0.05454034979144732,3,1
799,-6,0.10224444682107252,17,1
800,6,0.06287782415747642,5,1
801,8,0.053127373258272804,3,1
802,8,0.0852355882525444,3,1
803,-32,0.1884752819964359,43,1
804,10,0.09164398163557053,1,1
805,9,0.08102406561374664,2,1
806,10,0.04299646243453026,1,1
807,6,0.08700778409838676,5,1
808,-30,0.11378815779235305,41,1
809,10,0.11664880067110062,1,1
810,10,0.21290276944637299,1,1
811,-2,0.10932061104820325,13,1
812,9,0.06393577717244625,2,1
813,10,0.2891013026237488,1,1
814,-17,0.14817695386175597,28,1
815,-10,0.20029206573963165,1,0
816,-50,0.09611279416829348,50,0
817,9,0.2662929520010948,2,1
818,-50,0.12903132243081927,50,0
819,7,0.08986309170722961,4,1
820,8,0.1057503546277682,3,1
821,9,0.11386623978614807,2,1
822,-28,0.10635770928974335,39,1
823,-16,0.10313139524724749,27,1
824,9,0.07512324675917625,2,1
825,8,0.08387300372123718,3,1
826,-50,0.13307647049427032,50,0
827,5,0.22667876010139784,6,1
828,-13,0.05788621352985501,4,0
829,8,0.1243471031387647,3,1
830,9,0.38791176676750183,2,1
831,-50,0.08758550357073545,50,0
832,8,0.14831189314524332,3,1
833,9,0.07306553423404694,2,1
834,-34,0.10961570648683441,45,1
835,10,0.0589166060090065,1,1
836,9,0.13667314499616623,2,1
837,9,0.05903258081525564,2,1
838,9,0.07991381734609604,2,1
839,6,0.286420588940382,5,1
840,9,0.05412086471915245,2,1
841,7,0.03825599723495543,4,1
842,8,0.1446362386147181,3,1
843,7,0.09453550819307566,4,1
844,8,0.09681713084379832,3,1
845,-11,0.07085360959172249,2,0
846,-10,0.0749358981847763,1,0
847,9,0.06389387510716915,2,1
848,10,0.09232251346111298,1,1
849,-18,0.15897841732306728,29,1
850,-5,0.09182917012367398,16,1
851,7,0.1669081673026085,4,1
852,-20,0.1048740099274343,31,1
853,9,0.22430582344532013,2,1
854,9,0.06483698636293411,2,1
855,10,0.08106417953968048,1,1
856,10,0.03983580321073532,1,1
857,7,0.09522056998685002,4,1
858,-10,0.14170977473258972,1,0
859,-10,0.5304043889045715,1,0
860,8,0.05901980524261793,3,1
861,8,0.07688371775050958,3,1
862,10,0.45484334230422974,1,1
863,8,0.229485422372818,3,1
864,10,0.1722581833600998,1,1
865,9,0.11289311572909355,2,1
866,8,0.09141150365273158,3,1
867,-11,0.1555054634809494,2,0
868,8,0.04240890343983968,3,1
869,10,0.05454690009355545,1,1
870,9,0.060034262016415596,2,1
871,8,0.0633192074795564,3,1
872,8,0.09979458649953206,3,1
873,7,0.11251529026776552,4,1
874,8,0.09141802911957105,3,1
875,-10,0.038409825414419174,1,0
876,-13,0.14582184702157974,4,0
877,-50,0.1175915193092078,50,0
878,6,0.34780037850141526,5,1
879,8,0.0798500341673692,3,1
880,10,0.08781303465366364,1,1
881,10,0.031475480645895004,1,1
882,-4,0.08760187874237696,15,1
883,10,0.28956103324890137,1,1
884,9,0.09527871944010258,2,1
885,9,0.22422759979963303,2,1
886,-10,0.2473134994506836,1,0
887,10,0.15601807832717896,1,1
888,10,0.22691784799098969,1,1
889,10,0.7485213875770569,1,1
890,-50,0.13127755042165518,50,0
891,7,0.24232704564929008,4,1
892,7,0.07098871748894453,4,1
893,-10,0.09477103501558304,1,0
894,6,0.13029395043849945,5,1
895,9,0.07566491421312094,2,1
896,10,0.2585469186306,1,1
897,10,0.3738284409046173,1,1
898,9,0.1238512173295021,2,1
899,-19,0.2111251396437486,30,1
900,7,0.1341030690819025,4,1
901,-35,0.21300664033902728,46,1
902,10,0.11954774707555771,1,1
903,4,0.16542132518121175,7,1
904,10,0.11663098633289337,1,1
905,9,0.07795307412743568,2,1
906,-5,0.1630610062275082,16,1
907,-50,0.16826960280537606,50,0
908,10,0.563927948474884,1,1
909,10,0.07553833723068237,1,1
910,9,0.06878847628831863,2,1
911,-3,0.09859331424481102,14,1
912,5,0.1617692932486534,6,1
913,-11,0.15207253955304623,2,0
914,8,0.14676337440808615,3,1
915,10,0.19230401515960693,1,1
916,-20,0.08967673185874116,11,0
917,7,0.1995338685810566,4,1
918,-37,0.12402976710083229,28,0
919,10,0.07024311274290085,1,1
920,8,0.3290174926320712,3,1
921,6,0.24441415071487427,5,1
922,10,0.8317326307296753,1,1
923,-13,0.11735744774341583,4,0
924,-3,0.14516508898564748,14,1
925,9,0.15758519619703293,2,1
926,10,0.1054401844739914,1,1
927,6,0.1457512430846691,5,1
928,9,0.10464819520711899,2,1
929,7,0.3590219859033823,4,1
930,8,0.0970061644911766,3,1
931,8,0.18805637086431184,3,1
932,10,0.08416435867547989,1,1
933,-3,0.2048553324171475,14,1
934,7,0.10416509583592415,4,1
935,7,0.2510891454294324,4,1
936,-50,0.1643082058429718,50,0
937,-12,0.1516827866435051,3,0
938,8,0.3351791240274906,3,1
939,10,0.13786524534225464,1,1
940,-10,0.6469066143035889,1,0
941,8,0.16995907326539358,3,1
942,10,0.06645964831113815,1,1
943,8,0.07408842071890831,3,1
944,9,0.30877047032117844,2,1
945,-10,0.2446908950805664,1,0
946,10,0.07914674282073975,1,1
947,10,0.07389232516288757,1,1
948,-10,0.055941689759492874,1,0
949,-37,0.19463815873799226,48,1
950,10,0.07060185819864273,1,1
951,4,0.12292504097734179,7,1
952,9,0.17723427712917328,2,1
953,10,0.41294288635253906,1,1
954,3,0.16628680564463139,8,1
955,7,0.14137879759073257,4,1
956,9,0.0668046809732914,2,1
957,9,0.11898185685276985,2,1
958,-14,0.13630228325724603,25,1
959,7,0.15854867920279503,4,1
960,6,0.15886968821287156,5,1
961,-50,0.17450743675231933,50,0
962,0,0.14400674876841632,11,1
963,9,0.34865911304950714,2,1
964,-11,0.09535903483629227,2,0
965,-10,0.1739115124302251,21,1
966,-26,0.14697209554346832,37,1
967,8,0.12713507811228433,3,1
968,9,0.06355725228786469,2,1
969,-10,0.06031958758831024,1,0
970,7,0.3093849243596196,4,1
971,-50,0.15162550494074822,50,0
972,8,0.10577328503131866,3,1
973,10,0.12337978929281235,1,1
974,9,0.11758219823241234,2,1
975,8,0.285951666533947,3,1
976,9,0.11639232933521271,2,1
977,-8,0.1685822510013455,19,1
978,7,0.13548831269145012,4,1
979,7,0.08256587013602257,4,1
980,-11,0.3570135198533535,2,0
981,-50,0.15866350539028645,50,0
982,10,0.04422545060515404,1,1
983,10,0.11169563233852386,1,1
984,10,0.1771644502878189,1,1
985,7,0.11839207541197538,4,1
986,-10,0.11321309208869934,1,0
987,10,0.09103113412857056,1,1
988,9,0.15234257653355598,2,1
989,-48,0.16059099367031685,39,0
990,-50,0.12964084412902593,50,0
991,-50,0.1430241122469306,50,0
992,-11,0.21968301385641098,2,0
993,10,0.0646250918507576,1,1
994,8,0.1470663994550705,3,1
995,10,0.08847973495721817,1,1
996,10,0.6484432220458984,1,1
997,8,0.2804035109778245,3,1
998,10,0.14023864269256592,1,1
999,6,0.07850670889019966,5,1
1000,9,0.28252869844436646,2,1
1,8,0.27609362204869586,3,1
2,9,0.25173448771238327,2,1
3,-33,0.1463163486597213,44,1
4,9,0.047121141105890274,2,1
5,-10,0.15042499851967608,21,1
6,8,0.22636736743152142,3,1
7,9,0.094487763941288,2,1
8,7,0.17538136057555676,4,1
9,8,0.3177073523402214,3,1
10,-50,0.16045966655015945,50,0
11,7,0.13902261015027761,4,1
12,10,0.08779524266719818,1,1
13,7,0.25260436348617077,4,1
14,8,0.06398400788505872,3,1
15,7,0.223446412011981,4,1
16,8,0.07686285053690274,3,1
17,9,0.32218894734978676,2,1
18,8,0.09538056328892708,3,1
19,-10,0.49235934019088745,1,0
20,8,0.0681638444463412,3,1
21,-50,0.11571234304457903,50,0
22,-28,0.12360485490315999,39,1
23,9,0.14931390434503555,2,1
24,8,0.4228910108407338,3,1
25,-50,0.12352063001133501,50,0
26,8,0.16633186116814613,3,1
27,-11,0.09910422191023827,2,0
28,-50,0.0966386904194951,50,0
29,7,0.19205385260283947,4,1
30,7,0.0583245949819684,4,1
31,-11,0.08755413070321083,2,0
32,7,0.13641565013676882,4,1
33,9,0.07989745959639549,2,1
34,8,0.20703982934355736,3,1
35,-10,0.07178086787462234,1,0
36,-10,0.16686363518238068,1,0
37,-11,0.04956359043717384,2,0
38,-2,0.09403494451768123,13,1
39,10,0.022150320932269096,1,1
40,10,0.06240823492407799,1,1
41,-20,0.0968709243161063,31,1
42,9,0.040673210285604,2,1
43,-50,0.1374232715368271,50,0
44,10,0.03807158023118973,1,1
45,-50,0.11886823803186417,50,0
46,9,0.044801488518714905,2,1
47,-50,0.15692712938413023,50,0
48,10,0.2108292132616043,1,1
49,5,0.05027883329118291,6,1
50,-50,0.13154949110001327,50,0
51,8,0.5884668330351511,3,1
52,-50,0.13568229677155613,50,0
53,-50,0.13907025787979366,50,0
54,9,0.04335934296250343,2,1
55,10,0.5548892617225647,1,1
56,8,0.19370893264810243,3,1
57,9,0.06907189078629017,2,1
58,10,0.2318478673696518,1,1
59,-50,0.12476057697087527,50,0
60,10,0.0968141108751297,1,1
61,-10,0.0596817247569561,1,0
62,-50,0.12077180571854114,50,0
63,8,0.06073114027579626,3,1
64,8,0.051737366865078606,3,1
65,10,0.05865437537431717,1,1
66,8,0.19259640388190746,3,1
67,9,0.0964970774948597,2,1
68,-17,0.14564348617568612,8,0
69,-35,0.10494611129307976,26,0
70,6,0.1268964134156704,5,1
71,4,0.09873186903340476,7,1
72,10,0.23644056916236877,1,1
73,-37,0.13118187858102223,48,1
74,9,0.07873905822634697,2,1
75,8,0.16353022182981172,3,1
76,8,0.1096428365757068,3,1
77,6,0.085586666315794,5,1
78,-22,0.09780341386795044,33,1
79,9,0.15163133665919304,2,1
80,-26,0.09871327917318086,37,1
81,-50,0.08633214879781008,50,0
82,6,0.16071827784180642,5,1
83,9,0.15818864107131958,2,1
84,-12,0.1283407663197621,23,1
85,7,0.0646297107450664,4,1
86,7,0.06967983208596706,4,1
87,-14,0.15800157081335783,25,1
88,10,0.21034500002861023,1,1
89,8,0.2242544616262118,3,1
90,8,0.08471756428480148,3,1
91,-10,0.09443699568510056,1,0
92,-38,0.12130206486932477,49,1
93,-21,0.11602872074581683,32,1
94,7,0.10195223614573479,4,1
95,10,0.1737644374370575,1,1
96,6,0.1065239131450653,5,1
97,-10,0.08583882451057434,1,0
98,-32,0.11628745366321054,43,1
99,-27,0.19925265138347945,18,0
100,4,0.10781979773725782,7,1
101,9,0.03458935022354126,2,1
102,8,0.19097845753033957,3,1
103,9,0.10962985083460808,2,1
104,10,0.04579456150531769,1,1
105,9,0.049642535857856274,2,1
106,8,0.3085312520464261,3,1
107,7,0.28352807741612196,4,1
108,7,0.2236227486282587,4,1
109,9,0.15116995573043823,2,1
110,-50,0.14504315108060836,50,0
111,8,0.34057552615801495,3,1
112,-6,0.18003612647161765,17,1
113,10,0.47734734416007996,1,1
114,10,0.3130468428134918,1,1
115,5,0.14412622898817062,6,1
116,10,0.060896433889865875,1,1
117,9,0.10820810403674841,2,1
118,8,0.2582833083967368,3,1
119,10,0.04317111894488335,1,1
120,7,0.1755523793399334,4,1
121,7,0.18105175346136093,4,1
122,10,0.08278633654117584,1,1
123,8,0.1299610771238804,3,1
124,7,0.22472507320344448,4,1
125,8,0.1157369315624237,3,1
126,7,0.15027398895472288,4,1
127,-50,0.12141667503863574,50,0
128,3,0.131770396605134,8,1
129,7,0.3784338925033808,4,1
130,6,0.13620661795139313,5,1
131,-50,0.14176929641515015,50,0
132,7,0.13269634172320366,4,1
133,9,0.21444712951779366,2,1
134,10,0.06814993917942047,1,1
135,-10,0.19130739569664001,1,0
136,-50,0.15834448736160994,50,0
137,-31,0.14519461568090178,42,1
138,7,0.13020730391144753,4,1
139,9,0.11964020133018494,2,1
140,8,0.059483026464780174,3,1
141,10,0.03765616565942764,1,1
142,-17,0.11893642906631742,28,1
143,9,0.14250818639993668,2,1
144,-33,0.11770962993614376,24,0
145,-50,0.13793292738497256,50,0
146,9,0.051661416888237,2,1
147,-11,0.05449416860938072,2,0
148,-10,0.10051269962319306,21,1
149,3,0.13829951803199947,8,1
150,10,0.02638719230890274,1,1
151,8,0.08855328398446242,3,1
152,5,0.12386731555064519,6,1
153,-11,0.11948034251955422,22,1
154,-50,0.10294890001416207,50,0
155,6,0.26440598294138906,5,1
156,9,0.09571897983551025,2,1
157,8,0.06431093191107114,3,1
158,9,0.11857002228498459,2,1
159,4,0.199829673660653,7,1
160,-29,0.12763032678049058,40,1
161,-48,0.10701827437449725,39,0
162,9,0.08573632687330246,2,1
163,10,0.2676602900028229,1,1
164,-20,0.1536666086364177,31,1
165,7,0.07800203934311867,4,1
166,9,0.0890025869011879,2,1
167,10,0.06598113477230072,1,1
168,4,0.08269847663385528,7,1
169,-50,0.09932571286335587,50,0
170,10,0.11949113756418228,1,1
171,6,0.15711622983217238,5,1
172,8,0.09627694512406985,3,1
173,-50,0.11602129783481359,50,0
174,8,0.09967353319128354,3,1
175,8,0.21008398632208505,3,1
176,-7,0.09222084304524793,18,1
177,10,0.10485728830099106,1,1
178,8,0.2805723200241725,3,1
179,9,0.060555482283234596,2,1
180,9,0.10421338863670826,2,1
181,6,0.0799061231315136,5,1
182,-50,0.10670075787231326,50,0
183,7,0.083620878867805,4,1
184,8,0.053906007359425225,3,1
185,9,0.038602808490395546,2,1
186,10,0.055419646203517914,1,1
187,8,0.23415676628549895,3,1
188,9,0.0318638626486063,2,1
189,8,0.08581661681334178,3,1
190,7,0.05060727847740054,4,1
191,-5,0.1011734006460756,16,1
192,9,0.049860015511512756,2,1
193,7,0.07008228870108724,4,1
194,6,0.056446220725774765,5,1
195,-50,0.11480199083685876,50,0
196,10,0.045755211263895035,1,1
197,8,0.08417536815007527,3,1
198,10,0.05458001419901848,1,1
199,5,0.17849349354704222,6,1
200,8,0.07400358219941457,3,1
201,6,0.11351995021104813,5,1
202,9,0.07563624903559685,2,1
203,10,0.045561812818050385,1,1
204,9,0.08022372797131538,2,1
205,9,0.06029481254518032,2,1
206,6,0.0918101690709591,5,1
207,9,0.07213136553764343,2,1
208,9,0.06313534174114466,2,1
209,8,0.20857826620340347,3,1
210,8,0.06387515521297853,3,1
211,-42,0.12136800677487344,33,0
212,8,0.17070820555090904,3,1
213,7,0.13350150361657143,4,1
214,10,0.06111111864447594,1,1
215,8,0.1543103183309237,3,1
216,9,0.08841660246253014,2,1
217,-27,0.13501318057792056,18,0
218,9,0.2653539925813675,2,1
219,5,0.09987223365654548,6,1
220,-50,0.1137521468475461,50,0
221,8,0.09397288660208385,3,1
222,9,0.1482422761619091,2,1
223,10,0.07560506463050842,1,1
224,8,0.194748026629289,3,1
225,10,0.18629127740859985,1,1
226,10,0.09546665847301483,1,1
227,-32,0.11191975225716136,43,1
228,9,0.05380793288350105,2,1
229,10,0.10694853216409683,1,1
230,-11,0.06619003042578697,2,0
231,-50,0.145188462510705,50,0
232,9,0.09023355692625046,2,1
233,9,0.13336799293756485,2,1
234,10,0.04145049676299095,1,1
235,8,0.22408168017864227,3,1
236,-50,0.12593704469501973,50,0
237,-1,0.1134102816383044,12,1
238,8,0.11926711226503055,3,1
239,10,0.0728645995259285,1,1
240,9,0.10922287404537201,2,1
241,8,0.08722060422102611,3,1
242,7,0.06464138999581337,4,1
243,-8,0.08458546058912027,19,1
244,9,0.39951345324516296,2,1
245,9,0.022581792902201414,2,1
246,10,0.04751814156770706,1,1
247,8,0.04123940132558346,3,1
248,9,0.019990685395896435,2,1
249,7,0.14015063270926476,4,1
250,10,0.25077107548713684,1,1
251,7,0.05391926132142544,4,1
252,8,0.09879279260834058,3,1
253,-50,0.10108293754207652,41,0
254,10,0.03770023584365845,1,1
255,-23,0.09712617575903149,34,1
256,-19,0.10474275443702936,30,1
257,6,0.05076373964548111,5,1
258,8,0.2344085474809011,3,1
259,-50,0.10740021724253893,50,0
260,10,0.2520093321800232,1,1
261,7,0.1598887201398611,4,1
262,-50,0.10432705804705619,50,0
263,-10,0.13948377966880798,1,0
264,10,0.03698929026722908,1,1
265,8,0.08606996138890584,3,1
266,9,0.09804217144846916,2,1
267,9,0.22178824618458748,2,1
268,-50,0.1057410996966064,50,0
269,9,0.06108356639742851,2,1
270,8,0.037016291792194046,3,1
271,-15,0.0969732620824988,26,1
272,7,0.03773137158714235,4,1
273,-10,0.04242171719670296,1,0
274,-50,0.08315562788397074,50,0
275,8,0.0672236941754818,3,1
276,7,0.07505810540169477,4,1
277,8,0.07862848415970802,3,1
278,10,0.07988255470991135,1,1
279,9,0.05024878308176994,2,1
280,-2,0.09238834858227235,13,1
281,-50,0.09124398224055767,50,0
282,-7,0.09758409278260337,18,1
283,-13,0.07567485670248668,24,1
284,8,0.05609079822897911,3,1
285,-10,0.02603386901319027,1,0
286,10,0.3084275424480438,1,1
287,-11,0.03299437277019024,2,0
288,10,0.03560469299554825,1,1
289,-50,0.1094424588792026,50,0
290,8,0.09245086585481961,3,1
291,8,0.04538381410141786,3,1
292,8,0.1627267518391212,3,1
293,8,0.18359380960464478,3,1
294,10,0.16864566504955292,1,1
295,8,0.05263857605556647,3,1
296,8,0.09329221211373806,3,1
297,-50,0.07374306881800294,50,0
298,8,0.10015242298444112,3,1
299,6,0.1064406968653202,5,1
300,8,0.05454495673378309,3,1
301,10,0.525946319103241,1,1
302,7,0.17025622632354498,4,1
303,4,0.15340588188597135,7,1
304,9,0.03268362209200859,2,1
305,8,0.2652173340320587,3,1
306,-50,0.11613063657656313,50,0
307,10,0.09379882365465164,1,1
308,6,0.05846400894224644,5,1
309,-10,0.046671297401189804,1,0
310,9,0.026185832917690277,2,1
311,-15,0.10179658499188148,26,1
312,9,0.09995408356189728,2,1
313,5,0.05866930385430654,6,1
314,10,0.02004537358880043,1,1
315,5,0.10921778405706088,6,1
316,9,0.07531775534152985,2,1
317,7,0.09986568801105022,4,1
318,10,0.17019827663898468,1,1
319,8,0.03621474467217922,3,1
320,8,0.07835257984697819,3,1
321,9,0.042031990364193916,2,1
322,-50,0.13231102790683508,50,0
323,8,0.12809288750092188,3,1
324,7,0.13835707865655422,4,1
325,8,0.05022077759106954,3,1
326,10,0.3911815881729126,1,1
327,7,0.12064685951918364,4,1
328,9,0.1795056164264679,2,1
329,-50,0.11268858686089515,50,0
330,7,0.15726722218096256,4,1
331,10,0.18555039167404175,1,1
332,10,0.04747287929058075,1,1
333,10,0.050414878875017166,1,1
334,10,0.06588875502347946,1,1
335,9,0.11763066425919533,2,1
336,-2,0.0985070034288443,13,1
337,9,0.06876885704696178,2,1
338,10,0.0363583043217659,1,1
339,-50,0.10392419166862965,50,0
340,6,0.0668120339512825,5,1
341,8,0.1078534306337436,3,1
342,7,0.0698222117498517,4,1
343,-50,0.08401934897527098,50,0
344,9,0.13841796666383743,2,1
345,-50,0.08082987481728196,50,0
346,8,0.16426644722620645,3,1
347,9,0.105961874127388,2,1
348,-3,0.11036316784364837,14,1
349,8,0.17617970208326975,3,1
350,8,0.07149178783098857,3,1
351,5,0.06861469522118568,6,1
352,-18,0.0985962334249554,29,1
353,9,0.0765887200832367,2,1
354,9,0.14818814769387245,2,1
355,-52,0.0844399944207696,43,0
356,10,0.15942557156085968,1,1
357,-50,0.06969600331038237,50,0
358,6,0.0806141547858715,5,1
359,10,0.08903947472572327,1,1
360,-24,0.09441825710237026,15,0
361,6,0.049270060285925864,5,1
362,6,0.06624685265123845,5,1
363,10,0.09702157974243164,1,1
364,8,0.05513158316413561,3,1
365,10,0.03207362815737724,1,1
366,9,0.021833765786141157,2,1
367,7,0.1914715371094644,4,1
368,8,0.04957197047770023,3,1
369,10,0.03547482192516327,1,1
370,-50,0.07908381739631296,50,0
371,10,0.0722600519657135,1,1
372,9,0.16271403431892395,2,1
373,9,0.10840515419840813,2,1
374,10,0.06942959874868393,1,1
375,8,0.06730796148379643,3,1
376,10,0.10940809547901154,1,1
377,9,0.03540307469666004,2,1
378,10,0.022253278642892838,1,1
379,8,0.07946540166934331,3,1
380,-16,0.07092069994126048,7,0
381,9,0.08454255945980549,2,1
382,10,0.18426613509655,1,1
383,7,0.03968343324959278,4,1
384,8,0.061036234721541405,3,1
385,6,0.09050600081682206,5,1
386,-14,0.0745523538440466,25,1
387,8,0.04118399073680242,3,1
388,9,0.047878505662083626,2,1
389,-50,0.07882946994155646,50,0
390,8,0.06709856167435646,3,1
391,8,0.08622616281112035,3,1
392,-11,0.134960059245879,22,1
393,9,0.25536621920764446,2,1
394,10,0.04545854032039642,1,1
395,-50,0.09509670987725258,50,0
396,-3,0.1492771998580013,14,1
397,6,0.14680661261081696,5,1
398,8,0.06148987884322802,3,1
399,-5,0.106502152280882,16,1
400,9,0.0898834690451622,2,1
401,9,0.042805351316928864,2,1
402,9,0.11483651958405972,2,1
403,9,0.0724099911749363,2,1
404,9,0.1516190804541111,2,1
405,9,0.0652267299592495,2,1
406,-10,0.09477143734693527,1,0
407,-10,0.38825446367263794,1,0
408,-50,0.10956483624875546,50,0
409,10,0.1361483484506607,1,1
410,8,0.1378740891814232,3,1
411,8,0.09356453518072765,3,1
412,10,0.12531185150146484,1,1
413,-23,0.10707441054503708,34,1
414,7,0.1387675665318966,4,1
415,-50,0.11984310194849968,50,0
416,6,0.14308994114398957,5,1
417,-34,0.10875330612063408,25,0
418,0,0.1528488275679675,11,1
419,2,0.09261462257968055,9,1
420,9,0.08076956868171692,2,1
421,5,0.15313072440524897,6,1
422,10,0.061567939817905426,1,1
423,7,0.17246232833713293,4,1
424,9,0.1836754698306322,2,1
425,10,0.04369523003697395,1,1
426,9,0.1123277135193348,2,1
427,6,0.1524156302213669,5,1
428,8,0.15635803466041884,3,1
429,7,0.0767528610303998,4,1
430,7,0.22305154148489237,4,1
431,8,0.12616649270057678,3,1
432,0,0.14661717651919884,11,1
433,-50,0.12075890351086854,50,0
434,10,0.053543902933597565,1,1
435,7,0.19121745601296425,4,1
436,10,0.06020999327301979,1,1
437,10,0.023524358868598938,1,1
438,10,0.07281991839408875,1,1
439,-50,0.10239883072674275,50,0
440,10,0.10185131430625916,1,1
441,9,0.16429531201720238,2,1
442,4,0.12898133056504385,7,1
443,8,0.10202688351273537,3,1
444,7,0.06313470844179392,4,1
445,8,0.18010190625985464,3,1
446,-16,0.0808271416635425,27,1
447,9,0.05718995817005634,2,1
448,9,0.11382968723773956,2,1
449,9,0.1488632708787918,2,1
450,10,0.25575870275497437,1,1
451,-8,0.10159220507270411,19,1
452,2,0.08917725086212158,9,1
453,-18,0.12322286118207307,29,1
454,-25,0.07738734094891697,16,0
455,8,0.11881834268569946,3,1
456,8,0.09384011601408322,3,1
457,9,0.08033502474427223,2,1
458,8,0.05194969599445661,3,1
459,8,0.14809744556744894,3,1
460,8,0.11428546532988548,3,1
461,-50,0.11218116529285908,50,0
462,9,0.12854814529418945,2,1
463,-13,0.07714292407035828,4,0
464,7,0.14595260843634605,4,1
465,9,0.13095273077487946,2,1
466,7,0.1690511293709278,4,1
467,9,0.05918963812291622,2,1
468,9,0.08591411262750626,2,1
469,10,0.03074995055794716,1,1
470,-13,0.1279189633205533,4,0
471,8,0.12329622482260068,3,1
472,10,0.06313525140285492,1,1
473,-29,0.06355278613045812,20,0
474,10,0.17330123484134674,1,1
475,9,0.054722974076867104,2,1
476,7,0.13513898197561502,4,1
477,8,0.13601321975390115,3,1
478,9,0.051283376291394234,2,1
479,-10,0.2606501281261444,1,0
480,9,0.05990232154726982,2,1
481,6,0.06451224237680435,5,1
482,9,0.06650702655315399,2,1
483,8,0.13405715860426426,3,1
484,10,0.18780741095542908,1,1
485,6,0.08921561315655709,5,1
486,7,0.07015923410654068,4,1
487,8,0.08026702453692754,3,1
488,9,0.022640062496066093,2,1
489,-2,0.1401474246611962,13,1
490,-10,0.16755585372447968,1,0
491,-50,0.15359789360314607,50,0
492,10,0.15149186551570892,1,1
493,-37,0.13595170942911258,48,1
494,8,0.21684855471054712,3,1
495,10,0.08170387148857117,1,1
496,9,0.08178497105836868,2,1
497,-30,0.10048140417330148,41,1
498,10,0.0824996680021286,1,1
499,8,0.16854294762015343,3,1
500,8,0.10066039363543193,3,1
501,8,0.05604540308316549,3,1
502,9,0.05439937673509121,2,1
503,9,0.034096612595021725,2,1
504,-24,0.143687925274883,35,1
505,5,0.18611952103674412,6,1
506,-50,0.10707373075187206,50,0
507,10,0.2638937532901764,1,1
508,10,0.08958645164966583,1,1
509,-10,0.18206745386123657,1,0
510,8,0.1336335763335228,3,1
511,8,0.12597094476222992,3,1
512,7,0.1265121027827263,4,1
513,9,0.2865140289068222,2,1
514,9,0.11570920795202255,2,1
515,7,0.1358149815350771,4,1
516,10,0.04268568009138107,1,1
517,9,0.09243155270814896,2,1
518,10,0.08477512001991272,1,1
519,9,0.11291751638054848,2,1
520,9,0.04538138769567013,2,1
521,7,0.09671258553862572,4,1
522,-11,0.1522523369640112,2,0
523,10,0.1171916052699089,1,1
524,7,0.15835233312100172,4,1
525,-10,0.08025185018777847,1,0
526,9,0.11395783349871635,2,1
527,8,0.2580251197020213,3,1
528,8,0.20930713415145874,3,1
529,7,0.13167615793645382,4,1
530,6,0.14066850244998932,5,1
531,-17,0.149474389385432,8,0
532,8,0.20449572801589966,3,1
533,10,0.15321995317935944,1,1
534,-50,0.12515536453574896,50,0
535,-7,0.09615566488355398,18,1
536,8,0.13442121942838034,3,1
537,10,0.026065122336149216,1,1
538,9,0.32113035023212433,2,1
539,6,0.1406369574368,5,1
540,-27,0.10610804687205114,38,1
541,4,0.16887157836130687,7,1
542,9,0.3316454738378525,2,1
543,-50,0.11279793474823237,50,0
544,6,0.18650922775268555,5,1
545,10,0.16035865247249603,1,1
546,9,0.06154416315257549,2,1
547,10,0.06183229759335518,1,1
548,10,0.053606897592544556,1,1
549,10,0.05708127096295357,1,1
550,6,0.11535478681325913,5,1
551,-53,0.09772432489659298,44,0
552,9,0.27471017464995384,2,1
553,-50,0.11739430513232946,50,0
554,9,0.14493119716644287,2,1
555,9,0.0580692570656538,2,1
556,10,0.05240994691848755,1,1
557,9,0.1063830740749836,2,1
558,-11,0.1046220175921917,22,1
559,9,0.04942191485315561,2,1
560,7,0.046928937546908855,4,1
561,-8,0.12621051112287923,19,1
562,9,0.05440972559154034,2,1
563,10,0.06302094459533691,1,1
564,1,0.07388812284916639,10,1
565,9,0.14274098351597786,2,1
566,10,0.10741925239562988,1,1
567,10,0.06149110198020935,1,1
568,-50,0.12371711842715741,50,0
569,7,0.1035577873699367,4,1
570,7,0.16004519443958998,4,1
571,-5,0.12231764488387853,16,1
572,-50,0.1175492961704731,50,0
573,7,0.07269165758043528,4,1
574,10,0.428689569234848,1,1
575,10,0.11320552974939346,1,1
576,6,0.057434459775686265,5,1
577,8,0.10060529410839081,3,1
578,7,0.12350418604910374,4,1
579,6,0.16171887442469596,5,1
580,9,0.050466788932681084,2,1
581,8,0.08329411782324314,3,1
582,-18,0.09299823365591724,29,1
583,2,0.15490000074108443,9,1
584,10,0.03503899276256561,1,1
585,8,0.048240503296256065,3,1
586,-50,0.09180745616555214,50,0
587,6,0.06073155403137207,5,1
588,-10,0.05886406823992729,1,0
589,7,0.06295052077621222,4,1
590,9,0.03704548813402653,2,1
591,9,0.07340093143284321,2,1
592,10,0.05896967276930809,1,1
593,-5,0.10328475793357939,16,1
594,-50,0.09673898801207542,50,0
595,9,0.09175047278404236,2,1
596,-34,0.07180397772333688,45,1
597,9,0.27503979578614235,2,1
598,9,0.08508770167827606,2,1
599,10,0.0328998789191246,1,1
600,9,0.07804736495018005,2,1
601,-10,0.04366626217961311,1,0
602,7,0.051942580845206976,4,1
603,10,0.027982911095023155,1,1
604,-26,0.10408675287138014,17,0
605,10,0.04654679819941521,1,1
606,-35,0.10270416339778382,46,1
607,9,0.08481506630778313,2,1
608,-45,0.08668116756921841,36,0
609,6,0.17272561192512512,5,1
610,-26,0.08928332198411226,37,1
611,10,0.04165603220462799,1,1
612,-50,0.0952464310452342,50,0
613,7,0.060174813494086266,4,1
614,8,0.035769098748763405,3,1
615,-10,0.07747422850557736,21,1
616,-50,0.14107801565900446,50,0
617,10,0.20448221266269684,1,1
618,8,0.12212618937095006,3,1
619,8,0.14870627721150717,3,1
620,-50,0.08566497936844826,50,0
621,-43,0.07408244328518562,34,0
622,9,0.2620134209282696,2,1
623,-6,0.11277379665304632,17,1
624,9,0.08335422351956367,2,1
625,-50,0.09128550797700882,50,0
626,-10,0.04524983465671539,1,0
627,8,0.05763358001907667,3,1
628,9,0.05274908430874348,2,1
629,3,0.06927123642526567,8,1
630,8,0.1623235618074735,3,1
631,-5,0.14541605161502957,16,1
632,7,0.0353595744818449,4,1
633,9,0.046733325347304344,2,1
634,5,0.15660367052381238,6,1
635,9,0.049224529415369034,2,1
636,7,0.14021348021924496,4,1
637,9,0.17706984281539917,2,1
638,7,0.1634463770315051,4,1
639,9,0.14023221284151077,2,1
640,10,0.07147755473852158,1,1
641,-32,0.10487848147749901,43,1
642,7,0.07648799195885658,4,1
643,6,0.18178559988737106,5,1
644,-34,0.1005648646917608,45,1
645,-32,0.09469057216720525,43,1
646,9,0.05895630083978176,2,1
647,7,0.1790092010051012,4,1
648,-21,0.11625267891213298,12,0
649,9,0.12013336271047592,2,1
650,-10,0.02697138488292694,1,0
651,10,0.0332307443022728,1,1
652,9,0.17734383046627045,2,1
653,9,0.10347102954983711,2,1
654,10,0.06818411499261856,1,1
655,8,0.1241195301214854,3,1
656,9,0.060604529455304146,2,1
657,-50,0.15782335706055164,50,0
658,10,0.042305272072553635,1,1
659,8,0.09379351014892261,3,1
660,9,0.045394087210297585,2,1
661,8,0.030741431439916294,3,1
662,10,0.04238226264715195,1,1
663,-19,0.14066574753572544,30,1
664,10,0.17154927551746368,1,1
665,10,0.3002602458000183,1,1
666,-10,0.07957906275987625,1,0
667,-35,0.17798702877301437,26,0
668,-4,0.1863060993452867,15,1
669,-20,0.10114334597282353,31,1
670,9,0.06591597571969032,2,1
671,10,0.09018989652395248,1,1
672,9,0.09241824969649315,2,1
673,10,0.3151260316371918,1,1
674,5,0.18257780745625496,6,1
675,9,0.13502313941717148,2,1
676,5,0.15884351481993994,6,1
677,1,0.1275488905608654,10,1
678,-9,0.11428540721535682,20,1
679,9,0.2288958579301834,2,1
680,-38,0.1004439013801059,49,1
681,10,0.08039447665214539,1,1
682,9,0.0937885083258152,2,1
683,10,0.07560891658067703,1,1
684,8,0.08318230013052623,3,1
685,1,0.11203905809670686,10,1
686,8,0.05951892087856928,3,1
687,10,0.02627715840935707,1,1
688,10,0.024213165044784546,1,1
689,9,0.04954034276306629,2,1
690,9,0.12145856395363808,2,1
691,-12,0.15263203158974648,3,0
692,8,0.15052086611588797,3,1
693,-55,0.14045963067885325,46,0
694,9,0.026932120323181152,2,1
695,10,0.1536334604024887,1,1
696,9,0.22897530812770128,2,1
697,7,0.04983206558972597,4,1
698,9,0.2762869633734226,2,1
699,-50,0.11550283268094062,50,0
700,9,0.1258039027452469,2,1
701,7,0.043888181913644075,4,1
702,7,0.21664636675268412,4,1
703,8,0.12691729267438254,3,1
704,8,0.07909765715400378,3,1
705,9,0.2203771397471428,2,1
706,4,0.17821038780467852,7,1
707,-50,0.13807026801630853,50,0
708,7,0.08203379157930613,4,1
709,9,0.28978265076875687,2,1
710,8,0.07747235645850499,3,1
711,8,0.0762472761174043,3,1
712,7,0.061947247479110956,4,1
713,-50,0.11881922170519829,50,0
714,8,0.038677831490834556,3,1
715,-11,0.07759248465299606,2,0
716,-33,0.13100281916558743,44,1
717,7,0.032080127857625484,4,1
718,9,0.1738395243883133,2,1
719,10,0.06696952134370804,1,1
720,-1,0.0763065367937088,12,1
721,10,0.14319252967834473,1,1
722,10,0.03359955921769142,1,1
723,9,0.04899641498923302,2,1
724,-16,0.10643367055389616,27,1
725,-50,0.08165881905704736,50,0
726,6,0.08966258522123098,5,1
727,7,0.09606496803462505,4,1
728,10,0.020139846950769424,1,1
729,9,0.06198879890143871,2,1
730,7,0.11574181215837598,4,1
731,8,0.018413392826914787,3,1
732,8,0.0474023080120484,3,1
733,9,0.010360651183873415,2,1
734,10,0.026867518201470375,1,1
735,-31,0.1108668199851222,42,1
736,9,0.08568111434578896,2,1
737,9,0.03822449315339327,2,1
738,9,0.09234566800296307,2,1
739,9,0.0678363861516118,2,1
740,10,0.13436952233314514,1,1
741,10,0.04634885862469673,1,1
742,9,0.02608812227845192,2,1
743,7,0.028396842535585165,4,1
744,7,0.08936066413298249,4,1
745,6,0.10968961408361792,5,1
746,4,0.035529336892068386,7,1
747,-50,0.1567959627136588,50,0
748,9,0.26655507646501064,2,1
749,8,0.04389779890576998,3,1
750,-25,0.10194862002713813,36,1
751,-5,0.09580510249361396,16,1
752,6,0.06822615638375282,5,1
753,10,0.11097986996173859,1,1
754,9,0.141722047701478,2,1
755,7,0.15859559644013643,4,1
756,-27,0.1028471052352535,38,1
757,7,0.05909530585631728,4,1
758,9,0.1388789638876915,2,1
759,8,0.0875745601952076,3,1
760,-56,0.08895418063757267,47,0
761,9,0.15727025270462036,2,1
762,9,0.029543563723564148,2,1
763,8,0.0921817347407341,3,1
764,8,0.07947477015356223,3,1
765,9,0.07332662492990494,2,1
766,10,0.017220407724380493,1,1
767,8,0.12872822396457195,3,1
768,10,0.05032383278012276,1,1
769,9,0.03654528222978115,2,1
770,-50,0.1013732361793518,50,0
771,10,0.14574827253818512,1,1
772,10,0.20810481905937195,1,1
773,10,0.09491761028766632,1,1
774,-50,0.10283199101686477,50,0
775,8,0.08203847147524357,3,1
776,9,0.24857373908162117,2,1
777,8,0.08995161578059196,3,1
778,9,0.02993581723421812,2,1
779,8,0.07950287808974583,3,1
780,7,0.04164269892498851,4,1
781,9,0.06162381358444691,2,1
782,8,0.08925761530796687,3,1
783,8,0.04146611380080382,3,1
784,10,0.014396545477211475,1,1
785,9,0.17964492365717888,2,1
786,-19,0.05896439533680677,10,0
787,-22,0.1215819903846943,33,1
788,9,0.06958553567528725,2,1
789,9,0.10330444946885109,2,1
790,9,0.03774367645382881,2,1
791,7,0.18223799765110016,4,1
792,10,0.07852456718683243,1,1
793,5,0.06840084244807561,6,1
794,7,0.11293597146868706,4,1
795,8,0.09768833220005035,3,1
796,-50,0.09162766851484776,50,0
797,6,0.15725543722510338,5,1
798,3,0.09000935824587941,8,1
799,6,0.06602413319051266,5,1
800,-10,0.08813959227076598,21,1
801,-11,0.05168643780052662,2,0
802,10,0.10747659206390381,1,1
803,6,0.2076398327946663,5,1
804,10,0.1417672038078308,1,1
805,10,0.0855669230222702,1,1
806,-18,0.12375787889649129,29,1
807,-15,0.09502261884223956,26,1
808,10,0.03861028328537941,1,1
809,7,0.06143027078360319,4,1
810,-13,0.0908760349266231,4,0
811,8,0.08953070143858592,3,1
812,6,0.07774296179413795,5,1
813,-23,0.08696341273539207,34,1
814,9,0.07134098745882511,2,1
815,8,0.11775653560956319,3,1
816,8,0.12114460517962773,3,1
817,9,0.07021785341203213,2,1
818,9,0.08096726983785629,2,1
819,-39,0.09518205117434263,50,1
820,-12,0.042055426786343254,3,0
821,6,0.053010185807943346,5,1
822,-50,0.08964041633531451,50,0
823,8,0.030178194244702656,3,1
824,8,0.1160970206061999,3,1
825,-11,0.09748056903481483,2,0
826,9,0.22234604507684708,2,1
827,8,0.09586923817793529,3,1
828,6,0.1166728675365448,5,1
829,8,0.162509818871816,3,1
830,10,0.1519845873117447,1,1
831,7,0.07004173658788204,4,1
832,3,0.15153408935293555,8,1
833,8,0.10374655822912852,3,1
834,7,0.12409235537052155,4,1
835,-30,0.10625379478059165,41,1
836,7,0.14244371838867664,4,1
837,10,0.038714151829481125,1,1
838,10,0.043706364929676056,1,1
839,-50,0.11244076579809188,50,0
840,10,0.0902121290564537,1,1
841,-49,0.07966011846438051,40,0
842,6,0.052035612799227235,5,1
843,8,0.08073109264175098,3,1
844,7,0.08596296515315771,4,1
845,9,0.08029689639806747,2,1
846,9,0.019578073173761368,2,1
847,10,0.058834146708250046,1,1
848,8,0.07252860565980275,3,1
849,9,0.12547119334340096,2,1
850,9,0.050047794822603464,2,1
851,10,0.05212872847914696,1,1
852,6,0.0527360200881958,5,1
853,10,0.020137259736657143,1,1
854,10,0.09718652814626694,1,1
855,-50,0.08223604924976825,50,0
856,-3,0.11899809526013476,14,1
857,7,0.034753472777083516,4,1
858,-50,0.11274788800626993,50,0
859,-50,0.07413914363831281,50,0
860,-7,0.09328486377166377,18,1
861,-50,0.0652099422737956,50,0
862,7,0.07902737706899643,4,1
863,10,0.01766294613480568,1,1
864,9,0.025541781447827816,2,1
865,9,0.03940463624894619,2,1
866,9,0.035444462671875954,2,1
867,8,0.029532839233676594,3,1
868,8,0.06042267878850301,3,1
869,10,0.014315553940832615,1,1
870,8,0.044751879448692,3,1
871,-35,0.06261078420135638,46,1
872,-50,0.07769363163970411,50,0
873,7,0.20930633880198002,4,1
874,9,0.06969188153743744,2,1
875,7,0.08264285046607256,4,1
876,6,0.14141576811671258,5,1
877,10,0.10377990454435349,1,1
878,10,0.09650012850761414,1,1
879,3,0.11919476930052042,8,1
880,-17,0.04791137037266578,28,1
881,5,0.15979799628257751,6,1
882,-10,0.11563318222761154,1,0
883,8,0.0780190887550513,3,1
884,-22,0.07751568822333446,13,0
885,10,0.06740930676460266,1,1
886,5,0.10214602450529735,6,1
887,-12,0.08700322359800339,3,0
888,10,0.04038819670677185,1,1
889,-10,0.11071107536554337,1,0
890,8,0.2940680707494418,3,1
891,10,0.12508510053157806,1,1
892,9,0.11443141009658575,2,1
893,10,0.08251332491636276,1,1
894,10,0.052494116127491,1,1
895,-10,0.12187951102498032,21,1
896,-11,0.10397287271916866,2,0
897,-10,0.07237479835748672,1,0
898,8,0.27771677635610104,3,1
899,10,0.026008501648902893,1,1
900,10,0.07460851967334747,1,1
901,9,0.13281013630330563,2,1
902,8,0.054765138775110245,3,1
903,-10,0.35463327169418335,1,0
904,9,0.07354485988616943,2,1
905,6,0.1602551557123661,5,1
906,9,0.10042327735573053,2,1
907,7,0.25078505743294954,4,1
908,-50,0.14339299838989972,50,0
909,7,0.07548837270587683,4,1
910,10,0.018391340970993042,1,1
911,-11,0.06299231387674809,2,0
912,9,0.09301506355404854,2,1
913,9,0.027061162516474724,2,1
914,7,0.11242824047803879,4,1
915,10,0.046410754323005676,1,1
916,9,0.06314539536833763,2,1
917,-10,0.07754871630597682,21,1
918,9,0.1062275618314743,2,1
919,7,0.11128065828233957,4,1
920,-12,0.0958739741826835,23,1
921,8,0.11744901537895203,3,1
922,8,0.2809656461079915,3,1
923,7,0.2377365604043007,4,1
924,9,0.043869688641279936,2,1
925,-10,0.14634579828097707,21,1
926,8,0.2808921163280805,3,1
927,9,0.11639796942472458,2,1
928,8,0.10798374315102895,3,1
929,8,0.14229674388964972,3,1
930,6,0.23311381489038469,5,1
931,7,0.18722254782915115,4,1
932,10,0.6090753078460693,1,1
933,10,0.05469024181365967,1,1
934,8,0.24393276994427046,3,1
935,5,0.11596740844349067,6,1
936,6,0.08654774725437164,5,1
937,8,0.2579847499728203,3,1
938,7,0.08629113808274269,4,1
939,10,0.23354235291481018,1,1
940,9,0.32109780609607697,2,1
941,7,0.11495322082191706,4,1
942,7,0.1171439765021205,4,1
943,-10,0.5531601309776306,1,0
944,-15,0.1430432808895906,6,0
945,10,0.1724308580160141,1,1
946,8,0.15302505095799765,3,1
947,10,0.07384635508060455,1,1
948,-55,0.18397311493754387,46,0
949,8,0.2714676583806674,3,1
950,-9,0.2028780087828636,20,1
951,8,0.15595024824142456,3,1
952,9,0.20220573619008064,2,1
953,-12,0.36258431772391003,3,0
954,9,0.07243667729198933,2,1
955,10,0.15675638616085052,1,1
956,8,0.13082643349965414,3,1
957,5,0.06070094803969065,6,1
958,10,0.030895493924617767,1,1
959,8,0.24585756411155066,3,1
960,5,0.20608806672195593,6,1
961,8,0.04619197671612104,3,1
962,10,0.33608779311180115,1,1
963,9,0.1118406355381012,2,1
964,-10,0.02319493517279625,1,0
965,10,0.15730620920658112,1,1
966,9,0.06344826426357031,2,1
967,-5,0.17963309946935624,16,1
968,10,0.1655452847480774,1,1
969,8,0.44375962018966675,3,1
970,9,0.06452696584165096,2,1
971,9,0.2996826842427254,2,1
972,9,0.12255340535193682,2,1
973,8,0.0999118983745575,3,1
974,-50,0.15594924733042717,50,0
975,8,0.09943500657876332,3,1
976,10,0.4729972183704376,1,1
977,-10,0.059277474880218506,1,0
978,-10,0.4286738336086273,1,0
979,8,0.24524593849976858,3,1
980,7,0.11967397853732109,4,1
981,-11,0.18089089915156364,2,0
982,8,0.05095961752037207,3,1
983,8,0.0727082962791125,3,1
984,-50,0.17943371072411538,50,0
985,10,0.03290765359997749,1,1
986,-5,0.15051741944625974,16,1
987,-19,0.13433138063798347,30,1
988,8,0.12083060542742412,3,1
989,8,0.22296000023682913,3,1
990,8,0.05226721862951914,3,1
991,6,0.19208339154720305,5,1
992,10,0.04470472410321236,1,1
993,10,0.07868332415819168,1,1
994,10,0.07716115564107895,1,1
995,-10,0.03588848561048508,1,0
996,9,0.04732304811477661,2,1
997,8,0.05602768808603287,3,1
998,7,0.10662443889304996,4,1
999,6,0.07881122678518296,5,1
1000,6,0.18529940731823444,5,1
1,-50,0.12696253523230552,50,0
2,7,0.0680432841181755,4,1
3,9,0.1101166345179081,2,1
4,8,0.13836484650770822,3,1
5,8,0.11478261649608612,3,1
6,6,0.15900337547063828,5,1
7,7,0.09544197469949722,4,1
8,9,0.08901679515838623,2,1
9,8,0.07912842122217019,3,1
10,-10,0.08758584409952164,1,0
11,5,0.10615444617966811,6,1
12,-15,0.11100925376208928,26,1
13,-10,0.5858588218688965,1,0
14,7,0.13844707794487476,4,1
15,8,0.05875116710861524,3,1
16,9,0.07948719896376133,2,1
17,10,0.05394536629319191,1,1
18,10,0.037971146404743195,1,1
19,-10,0.029882045462727547,1,0
20,9,0.10731280967593193,2,1
21,9,0.09938761033117771,2,1
22,8,0.08852609743674596,3,1
23,9,0.112604521214962,2,1
24,7,0.17563479393720627,4,1
25,8,0.03602377139031887,3,1
26,9,0.08343505021184683,2,1
27,6,0.08703417330980301,5,1
28,8,0.10970043142636617,3,1
29,10,0.16236434876918793,1,1
30,9,0.13483122736215591,2,1
31,8,0.2239544801414013,3,1
32,-50,0.15932920876890422,50,0
33,9,0.05135352164506912,2,1
34,10,0.13551028072834015,1,1
35,-19,0.1553745752821366,30,1
36,-13,0.12115715257823467,4,0
37,9,0.08889493718743324,2,1
38,8,0.07655479138096173,3,1
39,10,0.03332214802503586,1,1
40,9,0.11643875017762184,2,1
41,8,0.06502833341558774,3,1
42,9,0.05921364203095436,2,1
43,8,0.099644610658288,3,1
44,10,0.5829944610595703,1,1
45,-22,0.18009278923273087,13,0
46,-18,0.14923685015147103,29,1
47,9,0.30571264028549194,2,1
48,10,0.09759660810232162,1,1
49,7,0.09209303185343742,4,1
50,9,0.08551782928407192,2,1
51,-10,0.48992589116096497,1,0
52,7,0.24683879502117634,4,1
53,10,0.11020945757627487,1,1
54,8,0.10555271059274673,3,1
55,8,0.20484236379464468,3,1
56,6,0.16815732270479203,5,1
57,8,0.09155142307281494,3,1
58,10,0.1159583032131195,1,1
59,6,0.09644970241934062,5,1
60,8,0.30494267245133716,3,1
61,7,0.18923041690140963,4,1
62,9,0.2345654433593154,2,1
63,10,0.18194586038589478,1,1
64,9,0.10917304828763008,2,1
65,9,0.052275849506258965,2,1
66,7,0.07088218489661813,4,1
67,-16,0.11486375331878662,7,0
68,7,0.18298720475286245,4,1
69,7,0.09835047833621502,4,1
70,7,0.19063404062762856,4,1
71,7,0.22329592518508434,4,1
72,-55,0.17806634412187597,46,0
73,-37,0.15452563795926316,28,0
74,8,0.274159774184227,3,1
75,10,0.5670822262763977,1,1
76,5,0.11226203292608261,6,1
77,7,0.22015700861811638,4,1
78,7,0.05543826101347804,4,1
79,7,0.2435171641409397,4,1
80,-50,0.20332385886460544,50,0
81,-50,0.17205896854400635,50,0
82,-12,0.20390818357143714,23,1
83,-50,0.14395813293755055,50,0
84,8,0.19030847027897835,3,1
85,-25,0.1793509866628382,36,1
86,8,0.04445044696331024,3,1
87,9,0.14811087772250175,2,1
88,7,0.09648944716900587,4,1
89,7,0.06931241764687002,4,1
90,10,0.06632998585700989,1,1
91,10,0.15065743029117584,1,1
92,-25,0.12817481718957424,36,1
93,9,0.3325674831867218,2,1
94,9,0.08421293273568153,2,1
95,9,0.3963862657546997,2,1
96,10,0.11974701285362244,1,1
97,5,0.1812560260295868,6,1
98,9,0.08710077404975891,2,1
99,8,0.13914243256052336,3,1
100,-12,0.14841556597663008,23,1
101,9,0.05834937281906605,2,1
102,-36,0.16326068797485627,47,1
103,10,0.0756363645195961,1,1
104,-39,0.11603303278485934,30,0
105,-50,0.1269056070037186,50,0
106,-50,0.13366666432470084,50,0
107,10,0.14427009224891663,1,1
108,9,0.05632593482732773,2,1
109,7,0.10343267023563385,4,1
110,6,0.0700033575296402,5,1
111,9,0.10828163661062717,2,1
112,10,0.0635119155049324,1,1
113,7,0.14590745931491256,4,1
114,9,0.02538878098130226,2,1
115,7,0.2003672458231449,4,1
116,10,0.09840299189090729,1,1
117,-16,0.14976333957855348,27,1
118,-6,0.14159383142695708,17,1
119,9,0.12162281572818756,2,1
120,10,0.22399339079856873,1,1
121,9,0.0877455584704876,2,1
122,7,0.13563324697315693,4,1
123,9,0.08518633246421814,2,1
124,7,0.2569929510354996,4,1
125,7,0.1860033068805933,4,1
126,8,0.05614482859770457,3,1
127,5,0.1810724257181088,6,1
128,10,0.10628719627857208,1,1
129,-11,0.07717729732394218,2,0
130,10,0.04753226041793823,1,1
131,9,0.13051050528883934,2,1
132,10,0.5001859664916992,1,1
133,9,0.052665118128061295,2,1
134,9,0.09902266412973404,2,1
135,9,0.13773563876748085,2,1
136,7,0.050936317071318626,4,1
137,3,0.10751984268426895,8,1
138,10,0.03426267206668854,1,1
139,10,0.1379430592060089,1,1
140,9,0.20776432752609253,2,1
141,8,0.08094631632169087,3,1
142,10,0.06543806195259094,1,1
143,-21,0.14406701145344414,32,1
144,10,0.01917523704469204,1,1
145,6,0.12290657088160514,5,1
146,-12,0.16713284825285277,3,0
147,9,0.09284546971321106,2,1
148,8,0.08366294081012408,3,1
149,-50,0.13996224973350763,50,0
150,4,0.10135453008115292,7,1
151,6,0.12177052944898606,5,1
152,10,0.13812078535556793,1,1
153,8,0.11822312325239182,3,1
154,9,0.07530411705374718,2,1
155,9,0.049020519480109215,2,1
156,6,0.15466058030724525,5,1
157,-58,0.20423567013777033,49,0
158,9,0.11491310596466064,2,1
159,8,0.08586535726984341,3,1
160,7,0.11750501301139593,4,1
161,7,0.13794762827455997,4,1
162,-11,0.1354409083724022,2,0
163,10,0.046201225370168686,1,1
164,10,0.5181546807289124,1,1
165,10,0.2560563087463379,1,1
166,8,0.18746969600518545,3,1
167,-1,0.22858004877343774,12,1
168,10,0.36056774854660034,1,1
169,8,0.07517233615120252,3,1
170,-10,0.14591790735721588,1,0
171,8,0.20202718178431192,3,1
172,-8,0.18731052977474114,19,1
173,3,0.07877809833735228,8,1
174,8,0.12014714007576306,3,1
175,8,0.19798198901116848,3,1
176,9,0.06386412307620049,2,1
177,8,0.13789421816666922,3,1
178,-32,0.08981342824256938,23,0
179,8,0.09207470963398616,3,1
180,9,0.20966722071170807,2,1
181,9,0.07698831520974636,2,1
182,10,0.07759411633014679,1,1
183,6,0.1821807563304901,5,1
184,10,0.08033804595470428,1,1
185,8,0.2347070872783661,3,1
186,10,0.5779468417167664,1,1
187,10,0.03244170546531677,1,1
188,-8,0.15529109949344083,19,1
189,7,0.28579866141080856,4,1
190,7,0.0944116823375225,4,1
191,9,0.33421044051647186,2,1
192,6,0.07948854640126228,5,1
193,0,0.13018385185436768,11,1
194,-6,0.12053218494881601,17,1
195,9,0.24821700435131788,2,1
196,9,0.13828699104487896,2,1
197,9,0.13847755640745163,2,1
198,6,0.088629599660635,5,1
199,-10,0.1423170119524002,1,0
200,9,0.07536929100751877,2,1
201,8,0.049129405369361244,3,1
202,9,0.08477739244699478,2,1
203,8,0.05233731182912985,3,1
204,-20,0.17008077509460912,31,1
205,10,0.11329090595245361,1,1
206,9,0.08280869945883751,2,1
207,9,0.08371803723275661,2,1
208,4,0.12011323656354632,7,1
209,-5,0.2158545427955687,16,1
210,10,0.10869310051202774,1,1
211,-12,0.13267250855763754,3,0
212,10,0.11089622974395752,1,1
213,9,0.05048111081123352,2,1
214,9,0.06627284735441208,2,1
215,9,0.15629973635077477,2,1
216,-31,0.15114881759065957,42,1
217,9,0.26768742874264717,2,1
218,9,0.15185334160923958,2,1
219,9,0.0757189616560936,2,1
220,-5,0.24059753236360848,16,1
221,9,0.21572467684745789,2,1
222,8,0.12061858673890431,3,1
223,8,0.2412389243642489,3,1
224,8,0.15239798525969186,3,1
225,10,0.15296313166618347,1,1
226,6,0.13831334114074706,5,1
227,10,0.0832737386226654,1,1
228,9,0.0866422988474369,2,1
229,-2,0.10003833501384808,13,1
230,6,0.22391956448554992,5,1
231,9,0.2721044272184372,2,1
232,10,0.11032100021839142,1,1
233,-10,0.06403803080320358,1,0
234,10,0.05547851696610451,1,1
235,-11,0.47044871747493744,2,0
236,9,0.821346253156662,2,1
237,10,0.028071051463484764,1,1
238,10,0.07997262477874756,1,1
239,9,0.22880949079990387,2,1
240,9,0.29698604345321655,2,1
241,6,0.053107216209173205,5,1
242,8,0.3747686843077342,3,1
243,7,0.19863469246774912,4,1
244,10,0.04518401250243187,1,1
245,10,0.08450422435998917,1,1
246,8,0.25038962066173553,3,1
247,7,0.22304310649633408,4,1
248,9,0.058135378174483776,2,1
249,8,0.042183440178632736,3,1
250,-50,0.12194981656968594,50,0
251,10,0.029290996491909027,1,1
252,7,0.12172084394842386,4,1
253,7,0.05928494315594435,4,1
254,10,0.038235656917095184,1,1
255,-12,0.20070720836520195,3,0
256,-10,0.4201100468635559,1,0
257,10,0.0951256975531578,1,1
258,3,0.22595525486394763,8,1
259,-14,0.09815092012286186,5,0
260,8,0.2175388385852178,3,1
261,8,0.14283697307109833,3,1
262,-50,0.14758052568882704,50,0
263,10,0.20168893039226532,1,1
264,9,0.5877314507961273,2,1
265,-30,0.2037673444918743,41,1
266,9,0.1660158932209015,2,1
267,10,0.2084215134382248,1,1
268,9,0.10351188853383064,2,1
269,8,0.11970280483365059,3,1
270,10,0.09922471642494202,1,1
271,10,0.05689457058906555,1,1
272,8,0.19918294747670492,3,1
273,10,0.12226694822311401,1,1
274,8,0.2010688583056132,3,1
275,8,0.11288975365459919,3,1
276,10,0.06648144125938416,1,1
277,8,0.4344739417235057,3,1
278,-50,0.18400477435439824,50,0
279,10,0.10262458771467209,1,1
280,9,0.5490684807300568,2,1
281,8,0.05575918033719063,3,1
282,6,0.15630067624151706,5,1
283,8,0.2052521506945292,3,1
284,-17,0.18947457801550627,28,1
285,8,0.08869052802522977,3,1
286,10,0.04141632840037346,1,1
287,-1,0.08558779954910278,12,1
288,-50,0.173860712274909,50,0
289,9,0.12765568867325783,2,1
290,7,0.14446790143847466,4,1
291,8,0.0625943976143996,3,1
292,9,0.34678271040320396,2,1
293,9,0.06493794359266758,2,1
294,-26,0.1397023036637727,17,0
295,6,0.16817045360803604,5,1
296,10,0.17496101558208466,1,1
297,9,0.09314553625881672,2,1
298,-50,0.16093654215335845,50,0
299,6,0.07316453158855438,5,1
300,10,0.051541175693273544,1,1
301,-1,0.10086852001647155,12,1
302,8,0.44669165710608166,3,1
303,0,0.1492407823150808,11,1
304,6,0.22979659736156463,5,1
305,7,0.09030189365148544,4,1
306,-54,0.1524056659390529,45,0
307,10,0.05961962044239044,1,1
308,10,0.03885465860366821,1,1
309,10,0.45058488845825195,1,1
310,2,0.047232118952605456,9,1
311,6,0.08662867881357669,5,1
312,9,0.05642590578645468,2,1
313,5,0.16038486920297146,6,1
314,9,0.10606084391474724,2,1
315,7,0.19598862389102578,4,1
316,7,0.1246572220697999,4,1
317,-50,0.12013498615473509,50,0
318,-1,0.1392755899578333,12,1
319,10,0.17833693325519562,1,1
320,8,0.06488826684653759,3,1
321,10,0.11125043034553528,1,1
322,6,0.07421345971524715,5,1
323,10,0.03714253753423691,1,1
324,1,0.10492763668298721,10,1
325,10,0.06692846119403839,1,1
326,8,0.08851299062371254,3,1
327,10,0.10823644697666168,1,1
328,6,0.13209203481674195,5,1
329,9,0.08647777140140533,2,1
330,5,0.05905789230018854,6,1
331,10,0.14518111944198608,1,1
332,8,0.25336668143669766,3,1
333,10,0.08386233448982239,1,1
334,-10,0.18423797190189362,1,0
335,-10,0.08953151106834412,1,0
336,-50,0.1059016377478838,50,0
337,8,0.11523096387585004,3,1
338,-50,0.18843328651040792,50,0
339,4,0.16386366954871587,7,1
340,-24,0.08470950797200202,35,1
341,-22,0.14175431074743922,33,1
342,9,0.04920047055929899,2,1
343,-29,0.10996575851459056,40,1
344,8,0.06087170292933782,3,1
345,9,0.03219508193433285,2,1
346,7,0.0553272133693099,4,1
347,10,0.04782259091734886,1,1
348,8,0.32468310246864956,3,1
349,9,0.029580929316580296,2,1
350,-5,0.13660968537442386,16,1
351,9,0.07112754695117474,2,1
352,10,0.08439704775810242,1,1
353,7,0.16821849904954433,4,1
354,9,0.21879800409078598,2,1
355,-50,0.11164327781647444,50,0
356,10,0.06460509449243546,1,1
357,9,0.03805182874202728,2,1
358,8,0.06516294709096353,3,1
359,9,0.11988233402371407,2,1
360,10,0.08885388821363449,1,1
361,8,0.0699370950460434,3,1
362,6,0.05070939399302006,5,1
363,8,0.08100156237681706,3,1
364,-2,0.0915467942563387,13,1
365,9,0.053780557587742805,2,1
366,10,0.03263958543539047,1,1
367,10,0.04645708203315735,1,1
368,10,0.13961316645145416,1,1
369,9,0.06001553498208523,2,1
370,10,0.13877946138381958,1,1
371,8,0.10326782117287318,3,1
372,8,0.07702979445457458,3,1
373,8,0.18367566168308258,3,1
374,3,0.073092951788567,8,1
375,8,0.054027831802765526,3,1
376,9,0.07096964307129383,2,1
377,10,0.0270769651979208,1,1
378,9,0.09287543967366219,2,1
379,8,0.1633434065928062,3,1
380,6,0.10464708432555199,5,1
381,5,0.178344932384789,6,1
382,9,0.029591798782348633,2,1
383,10,0.05058394372463226,1,1
384,5,0.0947270014633735,6,1
385,8,0.06724012891451518,3,1
386,10,0.2045096755027771,1,1
387,-12,0.08928883572419484,3,0
388,2,0.2211912473042806,9,1
389,7,0.09060642682015896,4,1
390,7,0.16895570792257786,4,1
391,9,0.10912497341632843,2,1
392,10,0.09380350261926651,1,1
393,10,0.038392070680856705,1,1
394,7,0.18645442090928555,4,1
395,8,0.12434673309326172,3,1
396,9,0.03135109040886164,2,1
397,10,0.10588594526052475,1,1
398,10,0.032641783356666565,1,1
399,-50,0.11249141670763492,50,0
400,9,0.019888469949364662,2,1
401,-10,0.06817129999399185,1,0
402,9,0.08441527374088764,2,1
403,8,0.050900167475144066,3,1
404,6,0.11963094770908356,5,1
405,9,0.21487222984433174,2,1
406,-11,0.08878038451075554,2,0
407,10,0.4803270101547241,1,1
408,-10,0.28338584303855896,1,0
409,8,0.2715472752849261,3,1
410,8,0.0632438746591409,3,1
411,-17,0.12761245734457458,28,1
412,8,0.1448872908949852,3,1
413,-10,0.23070019483566284,1,0
414,6,0.11722430288791656,5,1
415,9,0.08345844596624374,2,1
416,-50,0.1073440408706665,50,0
417,8,0.13754031558831534,3,1
418,7,0.13441856391727924,4,1
419,10,0.13738581538200378,1,1
420,-50,0.14873887944966555,50,0
421,8,0.1211356520652771,3,1
422,7,0.1266821352764964,4,1
423,9,0.311172753572464,2,1
424,7,0.09966203570365906,4,1
425,9,0.08686501532793045,2,1
426,-42,0.12454487123724187,33,0
427,8,0.2914011826117833,3,1
428,10,0.09275434166193008,1,1
429,-7,0.1396678693385588,18,1
430,10,0.047421105206012726,1,1
431,10,0.03132161870598793,1,1
432,-50,0.1419747805595398,50,0
433,-20,0.15122302867952855,31,1
434,5,0.0493201327820619,6,1
435,8,0.05184135586023331,3,1
436,6,0.1272057168185711,5,1
437,10,0.041257962584495544,1,1
438,7,0.06051462050527334,4,1
439,10,0.02534358575940132,1,1
440,9,0.14710895717144012,2,1
441,6,0.1432586506009102,5,1
442,10,0.1054861843585968,1,1
443,8,0.08584025998910268,3,1
444,-8,0.13419137483364657,19,1
445,-10,0.0796971321105957,1,0
446,-27,0.11507843140708773,38,1
447,8,0.10050270706415176,3,1
448,7,0.1142301457002759,4,1
449,8,0.05261824528376261,3,1
450,6,0.15548017248511314,5,1
451,7,0.07530741393566132,4,1
452,8,0.05713179148733616,3,1
453,8,0.05997981627782186,3,1
454,7,0.17220725305378437,4,1
455,-13,0.1280773610730345,24,1
456,7,0.0643089460209012,4,1
457,9,0.07259488850831985,2,1
458,5,0.15531528120239577,6,1
459,9,0.053490759804844856,2,1
460,9,0.14569604024291039,2,1
461,8,0.06901104996601741,3,1
462,8,0.09998872876167297,3,1
463,8,0.08199720829725266,3,1
464,9,0.04531384911388159,2,1
465,9,0.098408043384552,2,1
466,8,0.19440362229943275,3,1
467,-20,0.1386035143608047,31,1
468,9,0.07361187785863876,2,1
469,7,0.1323391404002905,4,1
470,10,0.09838129580020905,1,1
471,9,0.08697883784770966,2,1
472,10,0.053837742656469345,1,1
473,9,0.07055968418717384,2,1
474,7,0.06278863735496998,4,1
475,10,0.04675398766994476,1,1
476,10,0.1487109363079071,1,1
477,-1,0.12063875452925761,12,1
478,-14,0.11167561069130898,25,1
479,8,0.2180029352506002,3,1
480,10,0.04484369605779648,1,1
481,9,0.029144100844860077,2,1
482,9,0.04987572878599167,2,1
483,10,0.09843531250953674,1,1
484,9,0.06263330578804016,2,1
485,-10,0.04798797145485878,1,0
486,8,0.07220573412875335,3,1
487,-10,0.031421273946762085,1,0
488,8,0.04290214988092581,3,1
489,3,0.11738729942589998,8,1
490,8,0.0756472572684288,3,1
491,-50,0.12339898686856031,50,0
492,8,0.08015291144450505,3,1
493,-12,0.20169966419537863,3,0
494,-28,0.0780834797053383,39,1
495,5,0.16160338868697485,6,1
496,-50,0.08428736176341772,50,0
497,9,0.24016363732516766,2,1
498,10,0.09314350038766861,1,1
499,8,0.29874249051014584,3,1
500,8,0.14290641186137995,3,1
501,9,0.10354495979845524,2,1
502,10,0.03184260055422783,1,1
503,10,0.04734481871128082,1,1
504,-7,0.09129332357810603,18,1
505,-11,0.039819941855967045,2,0
506,8,0.15799121310313544,3,1
507,8,0.043916515385111175,3,1
508,10,0.05103860795497894,1,1
509,9,0.05490138381719589,2,1
510,-15,0.08104985083142917,6,0
511,9,0.04869086295366287,2,1
512,5,0.08963227706650893,6,1
513,10,0.03689924627542496,1,1
514,8,0.09376676380634308,3,1
515,-16,0.15512849700947604,27,1
516,9,0.06927394308149815,2,1
517,8,0.07517139613628387,3,1
518,9,0.2143150083720684,2,1
519,7,0.12945065926760435,4,1
520,-22,0.11299857102108724,33,1
521,8,0.08409260585904121,3,1
522,6,0.23504702113568782,5,1
523,-12,0.2969301311920087,3,0
524,6,0.25415207259356976,5,1
525,10,0.13544011116027832,1,1
526,9,0.19299916923046112,2,1
527,5,0.14940499638517699,6,1
528,7,0.4276936501264572,4,1
529,9,0.10715654492378235,2,1
530,8,0.15494924038648605,3,1
531,9,0.03770554065704346,2,1
532,-20,0.18570708940106054,31,1
533,9,0.1868119202554226,2,1
534,8,0.06344818696379662,3,1
535,-11,0.11532515659928322,2,0
536,10,0.13560958206653595,1,1
537,-10,0.15148380398750305,1,0
538,9,0.11864734813570976,2,1
539,8,0.18618181720376015,3,1
540,-15,0.12183829148610432,6,0
541,6,0.11660154014825821,5,1
542,-14,0.1621368345990777,25,1
543,8,0.28638240446647006,3,1
544,-18,0.14639852183132335,29,1
545,8,0.15136461580793062,3,1
546,-9,0.19608114520087838,20,1
547,8,0.2738050768772761,3,1
548,8,0.27941473325093585,3,1
549,8,0.36149124801158905,3,1
550,6,0.36584119200706483,5,1
551,8,0.17728682234883308,3,1
552,8,0.03818219775954882,3,1
553,7,0.05046776216477156,4,1
554,9,0.06809928268194199,2,1
555,9,0.0621260367333889,2,1
556,10,0.42317137122154236,1,1
557,3,0.1421136874705553,8,1
558,9,0.1429969985038042,2,1
559,8,0.17984664191802344,3,1
560,10,0.2840445339679718,1,1
561,9,0.14425361901521683,2,1
562,10,0.0988980159163475,1,1
563,-50,0.13207781873643398,50,0
564,10,0.020363183692097664,1,1
565,10,0.0533020943403244,1,1
566,-18,0.13061198534379745,29,1
567,10,0.0780365839600563,1,1
568,10,0.1632416695356369,1,1
569,8,0.23097960154215494,3,1
570,10,0.059744976460933685,1,1
571,10,0.49074065685272217,1,1
572,9,0.08617575466632843,2,1
573,9,0.16676628217101097,2,1
574,10,0.034192636609077454,1,1
575,8,0.0842256893714269,3,1
576,10,0.06488785147666931,1,1
577,9,0.07913260161876678,2,1
578,10,0.022280694916844368,1,1
579,7,0.17744880262762308,4,1
580,-36,0.12414483349532524,47,1
581,-50,0.1407570593804121,50,0
582,10,0.08204982429742813,1,1
583,10,0.15714070200920105,1,1
584,9,0.08566560596227646,2,1
585,9,0.13982558250427246,2,1
586,-50,0.14779195848852397,50,0
587,-10,0.13083380460739136,1,0
588,9,0.05434378422796726,2,1
589,7,0.09108237735927105,4,1
590,10,0.03766528144478798,1,1
591,-6,0.09289939307114657,17,1
592,9,0.025618978776037693,2,1
593,8,0.07615214089552562,3,1
594,1,0.08931125961244106,10,1
595,7,0.2114018304273486,4,1
596,-13,0.08977510609353583,24,1
597,6,0.06990614980459213,5,1
598,7,0.21590404165908694,4,1
599,8,0.12788608173529306,3,1
600,-5,0.1803982586134225,16,1
601,9,0.3334151580929756,2,1
602,8,0.08249078939358394,3,1
603,-32,0.13970984891057014,43,1
604,10,0.03349465876817703,1,1
605,9,0.17158185504376888,2,1
606,3,0.1734634826425463,8,1
607,10,0.030265048146247864,1,1
608,10,0.09819677472114563,1,1
609,-10,0.035929083824157715,1,0
610,-50,0.12715434994548558,50,0
611,8,0.116168978313605,3,1
612,6,0.07546434104442597,5,1
613,9,0.03101969789713621,2,1
614,3,0.08323863870464265,8,1
615,8,0.04569361669321855,3,1
616,9,0.08488127961754799,2,1
617,6,0.05008130520582199,5,1
618,-11,0.16230610385537148,2,0
619,8,0.20730761935313544,3,1
620,9,0.05489925295114517,2,1
621,9,0.16244248300790787,2,1
622,7,0.11220864951610565,4,1
623,-9,0.11299314498901367,20,1
624,7,0.07639837358146906,4,1
625,-10,0.13632436371630147,21,1
626,9,0.06450731679797173,2,1
627,7,0.17371261678636074,4,1
628,8,0.11475299050410588,3,1
629,8,0.08984963099161784,3,1
630,-21,0.1199914364842698,32,1
631,6,0.1461808480322361,5,1
632,6,0.13580670729279518,5,1
633,10,0.0777684673666954,1,1
634,-5,0.12018407112918794,16,1
635,9,0.11177322268486023,2,1
636,2,0.10675837927394444,9,1
637,10,0.03318193182349205,1,1
638,8,0.07746484503149986,3,1
639,-13,0.14438878434399763,24,1
640,9,0.06375806592404842,2,1
641,7,0.13239710684865713,4,1
642,9,0.042632341384887695,2,1
643,9,0.061729997396469116,2,1
644,7,0.07342478074133396,4,1
645,9,0.14096079021692276,2,1
646,-6,0.09518950454452459,17,1
647,7,0.09196958784013987,4,1
648,7,0.10331712104380131,4,1
649,9,0.20637661963701248,2,1
650,9,0.10114941373467445,2,1
651,6,0.10733225792646409,5,1
652,10,0.07748343050479889,1,1
653,-10,0.08974790573120117,1,0
654,9,0.11123287118971348,2,1
655,10,0.22210831940174103,1,1
656,10,0.4951643645763397,1,1
657,9,0.10007838532328606,2,1
658,10,0.09218411147594452,1,1
659,-11,0.12019239577718756,22,1
660,8,0.08525927737355232,3,1
661,9,0.05161285027861595,2,1
662,8,0.08934931084513664,3,1
663,-10,0.19317816197872162,1,0
664,8,0.17289767662684122,3,1
665,10,0.10346207022666931,1,1
666,-12,0.0874071071545283,3,0
667,-50,0.13052238330245017,50,0
668,10,0.15758825838565826,1,1
669,8,0.23054059967398643,3,1
670,7,0.12601473834365606,4,1
671,8,0.08587476114432017,3,1
672,9,0.055704088881611824,2,1
673,-55,0.15059084748930257,46,0
674,9,0.0591592900454998,2,1
675,8,0.2229708010951678,3,1
676,9,0.27451249584555626,2,1
677,10,0.05543239042162895,1,1
678,7,0.17358407378196716,4,1
679,8,0.05166505525509516,3,1
680,5,0.12488106886545818,6,1
681,7,0.09827424958348274,4,1
682,10,0.037098467350006104,1,1
683,9,0.10663500055670738,2,1
684,9,0.03403973951935768,2,1
685,9,0.06464303284883499,2,1
686,9,0.09640190750360489,2,1
687,10,0.487233430147171,1,1
688,9,0.2727799639105797,2,1
689,9,0.05966399144381285,2,1
690,-50,0.1174667027965188,50,0
691,7,0.22669601533561945,4,1
692,10,0.05044124275445938,1,1
693,7,0.14473834447562695,4,1
694,-50,0.1297393698990345,50,0
695,6,0.056379584968090056,5,1
696,-50,0.13221640422940253,50,0
697,-20,0.11015470692467305,31,1
698,4,0.10512387433222362,7,1
699,7,0.07899168040603399,4,1
700,7,0.13268195604905486,4,1
701,-50,0.08488487826660275,50,0
702,10,0.2098020613193512,1,1
703,6,0.13675185292959213,5,1
704,-17,0.05020029377192259,8,0
705,8,0.1464105574414134,3,1
706,9,0.023574909660965204,2,1
707,10,0.02110077627003193,1,1
708,9,0.06949433451518416,2,1
709,9,0.08394910022616386,2,1
710,10,0.425954669713974,1,1
711,-13,0.09914773888885975,4,0
712,10,0.08222196996212006,1,1
713,7,0.1349427029490471,4,1
714,9,0.07438740879297256,2,1
715,9,0.10497116670012474,2,1
716,9,0.3292018249630928,2,1
717,7,0.05214971909299493,4,1
718,9,0.2512470409274101,2,1
719,8,0.07093328734238942,3,1
720,6,0.16168374493718146,5,1
721,7,0.08094819774851203,4,1
722,10,0.3303203880786896,1,1
723,-4,0.08322398414214452,15,1
724,8,0.09930238376061122,3,1
725,-33,0.1187587678855793,44,1
726,10,0.026793723925948143,1,1
727,9,0.06213908921927214,2,1
728,9,0.16817696392536163,2,1
729,-10,0.39694681763648987,1,0
730,9,0.08289488032460213,2,1
731,7,0.15021737851202488,4,1
732,-50,0.13300542406737803,50,0
733,9,0.07469534873962402,2,1
734,-7,0.14897859769148958,18,1
735,9,0.15451005101203918,2,1
736,5,0.04293315795560678,6,1
737,8,0.0834476500749588,3,1
738,6,0.03870495855808258,5,1
739,10,0.01901363767683506,1,1
740,8,0.053853568931420646,3,1
741,7,0.0698083876632154,4,1
742,10,0.0670696571469307,1,1
743,-50,0.12490838803350926,50,0
744,-18,0.17684541642665863,9,0
745,6,0.18122421018779278,5,1
746,9,0.06793401762843132,2,1
747,10,0.10254012048244476,1,1
748,10,0.05104406923055649,1,1
749,8,0.05136144161224365,3,1
750,-10,0.054741743952035904,1,0
751,9,0.11470592953264713,2,1
752,7,0.059584550093859434,4,1
753,10,0.2115584760904312,1,1
754,8,0.22745003551244736,3,1
755,-13,0.13657782149190703,24,1
756,10,0.06185004115104675,1,1
757,9,0.18785862624645233,2,1
758,10,0.06177787482738495,1,1
759,8,0.26336201032002765,3,1
760,9,0.08930964395403862,2,1
761,8,0.09710124631722768,3,1
762,-36,0.09413556302798555,47,1
763,10,0.08013969659805298,1,1
764,8,0.12674122800429663,3,1
765,6,0.09217717908322812,5,1
766,-14,0.15092798806726931,25,1
767,8,0.10551979144414265,3,1
768,9,0.08488733880221844,2,1
769,10,0.07463284581899643,1,1
770,9,0.07908834330737591,2,1
771,8,0.3561655630668004,3,1
772,9,0.2821495048701763,2,1
773,8,0.2037386198838552,3,1
774,4,0.26358885371259283,7,1
775,8,0.08498538037141164,3,1
776,9,0.06440714001655579,2,1
777,8,0.07808160533507665,3,1
778,9,0.06974836811423302,2,1
779,9,0.03797236829996109,2,1
780,6,0.16516128778457642,5,1
781,9,0.3036852329969406,2,1
782,7,0.19004926458001137,4,1
783,8,0.07653687273462613,3,1
784,10,0.3216060400009155,1,1
785,6,0.04770238045603037,5,1
786,-27,0.1232126274973982,18,0
787,10,0.04633800685405731,1,1
788,-12,0.08391053974628448,3,0
789,-4,0.15671511354545753,15,1
790,-11,0.1794048622250557,2,0
791,7,0.14090185519307852,4,1
792,9,0.054451070725917816,2,1
793,7,0.17651058360934258,4,1
794,10,0.04396016523241997,1,1
795,9,0.052737392485141754,2,1
796,10,0.028676368296146393,1,1
797,10,0.08210942149162292,1,1
798,4,0.1848755787525858,7,1
799,8,0.24569344023863474,3,1
800,-21,0.10559843698865734,32,1
801,7,0.19467367976903915,4,1
802,9,0.06500162556767464,2,1
803,9,0.10829248279333115,2,1
804,9,0.13092359900474548,2,1
805,-21,0.12617532641161233,32,1
806,8,0.07366987938682239,3,1
807,8,0.06664393469691277,3,1
808,10,0.14733633399009705,1,1
809,-10,0.24397726356983185,1,0
810,7,0.11657042987644672,4,1
811,8,0.0834177980820338,3,1
812,-13,0.09653934805343549,24,1
813,-4,0.10836383296797673,15,1
814,-10,0.03593151271343231,1,0
815,7,0.2632746621966362,4,1
816,6,0.21123947501182555,5,1
817,-22,0.15336278419603,33,1
818,8,0.035673804581165314,3,1
819,10,0.02601773850619793,1,1
820,10,0.10405407100915909,1,1
821,9,0.05208341032266617,2,1
822,-10,0.049320925027132034,1,0
823,-50,0.11010744735598564,50,0
824,10,0.04355622082948685,1,1
825,7,0.10759560111910105,4,1
826,9,0.019908705726265907,2,1
827,9,0.03080634493380785,2,1
828,10,0.06758005917072296,1,1
829,-12,0.06636564930280049,3,0
830,10,0.14720790088176727,1,1
831,-16,0.13039465786682236,27,1
832,7,0.1355464868247509,4,1
833,1,0.211603813059628,10,1
834,10,0.0753764659166336,1,1
835,8,0.10280102739731471,3,1
836,7,0.13402360677719116,4,1
837,10,0.04634467884898186,1,1
838,7,0.1485464870929718,4,1
839,6,0.1725873075425625,5,1
840,10,0.3898603618144989,1,1
841,-13,0.23710368480533361,4,0
842,8,0.0865081287920475,3,1
843,8,0.1040536214907964,3,1
844,-10,0.09629558026790619,1,0
845,-50,0.16016379177570342,50,0
846,9,0.12391409277915955,2,1
847,8,0.040592338889837265,3,1
848,-3,0.19100215711763927,14,1
849,8,0.07890263944864273,3,1
850,9,0.11403930187225342,2,1
851,6,0.22555293887853622,5,1
852,8,0.31352492049336433,3,1
853,-14,0.1858318730443716,25,1
854,-15,0.10993160687100428,26,1
855,10,0.12680314481258392,1,1
856,9,0.05294305831193924,2,1
857,8,0.14755474279324213,3,1
858,9,0.054881053045392036,2,1
859,-10,0.05085252970457077,1,0
860,10,0.01902701146900654,1,1
861,5,0.3481682365139325,6,1
862,9,0.046793971210718155,2,1
863,10,0.06155889481306076,1,1
864,9,0.052780662663280964,2,1
865,9,0.07081660628318787,2,1
866,9,0.31765742041170597,2,1
867,9,0.03712345473468304,2,1
868,5,0.07728405327846606,6,1
869,8,0.032021755973498024,3,1
870,9,0.09774807840585709,2,1
871,8,0.0753477302690347,3,1
872,10,0.05836222320795059,1,1
873,9,0.10484430938959122,2,1
874,6,0.1212518010288477,5,1
875,9,0.058940401300787926,2,1
876,6,0.21102697290480138,5,1
877,10,0.04510343447327614,1,1
878,10,0.11060977727174759,1,1
879,8,0.16067248086134592,3,1
880,9,0.17122935503721237,2,1
881,7,0.16699726483784616,4,1
882,10,0.08234650641679764,1,1
883,8,0.282516997307539,3,1
884,9,0.1772075966000557,2,1
885,-11,0.05669277720153332,2,0
886,8,0.1082472379008929,3,1
887,10,0.06530989706516266,1,1
888,8,0.16005045175552368,3,1
889,-11,0.10796032845973969,2,0
890,8,0.2121731440226237,3,1
891,10,0.1842905580997467,1,1
892,8,0.15341914693514505,3,1
893,3,0.17034205421805382,8,1
894,10,0.11017109453678131,1,1
895,8,0.07336384182175,3,1
896,-15,0.123234403009216,6,0
897,9,0.10788506269454956,2,1
898,8,0.3988700608412425,3,1
899,-14,0.09340133517980576,5,0
900,7,0.09680577367544174,4,1
901,3,0.2576876888051629,8,1
902,10,0.03289338946342468,1,1
903,-50,0.14222561441361903,50,0
904,5,0.10843586176633835,6,1
905,10,0.10818760842084885,1,1
906,10,0.03497030586004257,1,1
907,-22,0.16104325979496492,33,1
908,10,0.022829513996839523,1,1
909,9,0.11650950461626053,2,1
910,8,0.27458934982617694,3,1
911,10,0.12339228391647339,1,1
912,9,0.05211272556334734,2,1
913,7,0.29110635817050934,4,1
914,7,0.08599161729216576,4,1
915,-50,0.13241242676973342,50,0
916,7,0.17375759035348892,4,1
917,9,0.0824320986866951,2,1
918,7,0.09188834205269814,4,1
919,8,0.19480280578136444,3,1
920,9,0.05533043760806322,2,1
921,7,0.20397613570094109,4,1
922,9,0.08081040717661381,2,1
923,8,0.13304273101190725,3,1
924,9,0.04296356439590454,2,1
925,5,0.10038451229532559,6,1
926,-21,0.11658254364738241,32,1
927,10,0.04787421226501465,1,1
928,8,0.23798786476254463,3,1
929,-6,0.09240811044240699,17,1
930,7,0.05861456785351038,4,1
931,9,0.27820996940135956,2,1
932,9,0.08636154979467392,2,1
933,8,0.033215150237083435,3,1
934,-50,0.0762130694836378,50,0
935,1,0.14436841960996388,10,1
936,6,0.19665001779794694,5,1
937,7,0.1570619447156787,4,1
938,7,0.13023107778280973,4,1
939,10,0.03328832983970642,1,1
940,-11,0.04203386604785919,2,0
941,9,0.14161906391382217,2,1
942,-10,0.04702598974108696,1,0
943,10,0.4026950001716614,1,1
944,8,0.15333189318577448,3,1
945,5,0.17553159377227226,6,1
946,3,0.09983714995905757,8,1
947,-50,0.13761929916217924,50,0
948,8,0.13253911584615707,3,1
949,5,0.15893156081438065,6,1
950,7,0.16423791833221912,4,1
951,8,0.22801482180754343,3,1
952,4,0.10723986423441342,7,1
953,-10,0.05298338830471039,1,0
954,9,0.15064175426959991,2,1
955,8,0.23826553796728453,3,1
956,6,0.05335638783872128,5,1
957,9,0.08437113091349602,2,1
958,-25,0.1282148325505356,36,1
959,6,0.1576525203883648,5,1
960,7,0.09830611199140549,4,1
961,9,0.0529723409563303,2,1
962,5,0.1287888257453839,6,1
963,9,0.09962466359138489,2,1
964,10,0.15739479660987854,1,1
965,8,0.1971665844321251,3,1
966,10,0.04054133594036102,1,1
967,10,0.06431809812784195,1,1
968,7,0.07189890369772911,4,1
969,-23,0.11884287728325409,34,1
970,8,0.06902850419282913,3,1
971,6,0.1219368815422058,5,1
972,9,0.17125818878412247,2,1
973,-10,0.09849303960800171,1,0
974,-36,0.15871314752708982,27,0
975,7,0.10336439777165651,4,1
976,9,0.05852179788053036,2,1
977,6,0.17833083532750607,5,1
978,8,0.0543038435280323,3,1
979,5,0.06449482807268699,6,1
980,10,0.029182402417063713,1,1
981,7,0.1622579973191023,4,1
982,10,0.031077280640602112,1,1
983,-37,0.12483462205688868,28,0
984,-50,0.11438298173248768,50,0
985,6,0.12377891540527344,5,1
986,8,0.19296953454613686,3,1
987,-50,0.13930935759097338,50,0
988,-12,0.18142064620295298,23,1
989,9,0.14827213436365128,2,1
990,9,0.08258334547281265,2,1
991,8,0.06682454918821652,3,1
992,9,0.051792750135064125,2,1
993,8,0.2428127924601237,3,1
994,9,0.05475083366036415,2,1
995,9,0.07842773199081421,2,1
996,-26,0.15187672611225295,37,1
997,7,0.08410818129777908,4,1
998,7,0.13682493846863508,4,1
999,2,0.12277822817365329,9,1
1000,7,0.14960193634033203,4,1
1,8,0.194695508107543,3,1
2,6,0.050108063220977786,5,1
3,9,0.0776812918484211,2,1
4,-50,0.12844166725873948,50,0
5,7,0.061311567667871714,4,1
6,7,0.18853086489252746,4,1
7,9,0.04652639105916023,2,1
8,9,0.05671384185552597,2,1
9,-13,0.1468894798308611,4,0
10,8,0.12371413533886273,3,1
11,10,0.03497665002942085,1,1
12,9,0.098663330078125,2,1
13,9,0.03274955041706562,2,1
14,10,0.055947016924619675,1,1
15,10,0.29713359475135803,1,1
16,-11,0.027865074574947357,2,0
17,-30,0.11798742538454329,41,1
18,-50,0.14740640439093114,50,0
19,9,0.05789545178413391,2,1
20,0,0.17659081349318678,11,1
21,5,0.07395676399270694,6,1
22,-10,0.07094932347536087,1,0
23,10,0.068430095911026,1,1
24,9,0.20049232430756092,2,1
25,-10,0.26643091440200806,1,0
26,10,0.03800445422530174,1,1
27,7,0.12224376760423183,4,1
28,5,0.24336618930101395,6,1
29,-50,0.10878109667450189,50,0
30,8,0.09108579779664676,3,1
31,10,0.08944807201623917,1,1
32,8,0.11059945449233055,3,1
33,7,0.138825885951519,4,1
34,10,0.03518560901284218,1,1
35,8,0.180600735048453,3,1
36,10,0.0322122797369957,1,1
37,8,0.15576044221719107,3,1
38,7,0.09105824306607246,4,1
39,7,0.05953309126198292,4,1
40,6,0.18429522439837456,5,1
41,8,0.20608917623758316,3,1
42,7,0.12840597797185183,4,1
43,9,0.08052359521389008,2,1
44,9,0.1698156651109457,2,1
45,8,0.22248677164316177,3,1
46,-50,0.1368225108832121,50,0
47,10,0.4601385295391083,1,1
48,9,0.19656555354595184,2,1
49,9,0.1023101881146431,2,1
50,-50,0.10609430633485317,50,0
51,-25,0.09466662092341317,36,1
52,9,0.03901507332921028,2,1
53,7,0.08605699054896832,4,1
54,5,0.10799387966593106,6,1
55,9,0.055966565385460854,2,1
56,7,0.10737497545778751,4,1
57,7,0.09058681689202785,4,1
58,-1,0.06935963593423367,12,1
59,9,0.1062525063753128,2,1
60,-6,0.09212511219084263,17,1
61,9,0.07807527482509613,2,1
62,7,0.10023809783160686,4,1
63,9,0.13352449052035809,2,1
64,-50,0.10607093222439289,50,0
65,7,0.049472625367343426,4,1
66,6,0.08472773060202599,5,1
67,5,0.12231489519278209,6,1
68,8,0.08630868792533875,3,1
69,5,0.1224430234481891,6,1
70,10,0.07792993634939194,1,1
71,8,0.05558603877822558,3,1
72,6,0.14835155457258226,5,1
73,10,0.05427076295018196,1,1
74,7,0.041403987910598516,4,1
75,8,0.04080598863462607,3,1
76,7,0.06419395562261343,4,1
77,9,0.22452601790428162,2,1
78,9,0.06561145558953285,2,1
79,-17,0.1256712740952415,28,1
80,-10,0.05405531823635101,1,0
81,10,0.24921388924121857,1,1
82,10,0.19786784052848816,1,1
83,8,0.07260862551629543,3,1
84,10,0.02957007847726345,1,1
85,7,0.08863918017596006,4,1
86,9,0.03749094530940056,2,1
87,10,0.021944740787148476,1,1
88,10,0.08628096431493759,1,1
89,9,0.050814997404813766,2,1
90,9,0.03386584669351578,2,1
91,7,0.12213688949123025,4,1
92,-50,0.09875106818974018,50,0
93,-10,0.10597123276619684,21,1
94,-35,0.09620662986372526,26,0
95,10,0.053533945232629776,1,1
96,-13,0.0688847741112113,4,0
97,10,0.0371154248714447,1,1
98,6,0.08815689533948898,5,1
99,3,0.11101226042956114,8,1
100,-50,0.09283080358058214,50,0
101,3,0.1065381933003664,8,1
102,-5,0.11313470848836005,16,1
103,8,0.03679169590274493,3,1
104,5,0.16250866713623205,6,1
105,-12,0.05106788004438082,3,0
106,-50,0.07624673899263143,50,0
107,-26,0.07466082461178303,17,0
108,-16,0.08567162679025421,27,1
109,9,0.053518207743763924,2,1
110,5,0.062475811379651226,6,1
111,9,0.09081012522801757,2,1
112,9,0.04148102179169655,2,1
113,7,0.05908167129382491,4,1
114,6,0.05585923157632351,5,1
115,6,0.10516580715775489,5,1
116,-10,0.026999952271580696,1,0
117,9,0.03611232340335846,2,1
118,9,0.026610799599438906,2,1
119,9,0.042807213962078094,2,1
120,8,0.13428732194006443,3,1
121,-50,0.1301417899876833,50,0
122,6,0.04399017542600632,5,1
123,-10,0.048938997089862823,1,0
124,4,0.040060436353087425,7,1
125,-12,0.07981238017479579,3,0
126,-16,0.0819276115960545,27,1
127,10,0.05366065353155136,1,1
128,10,0.07198692113161087,1,1
129,10,0.05527853965759277,1,1
130,8,0.18831900879740715,3,1
131,7,0.03669783100485802,4,1
132,10,0.06378142535686493,1,1
133,6,0.06332257054746152,5,1
134,7,0.18083280324935913,4,1
135,7,0.16349006537348032,4,1
136,9,0.04713810048997402,2,1
137,-50,0.09531495437026023,50,0
138,9,0.04838508367538452,2,1
139,-12,0.06950936590631802,3,0
140,7,0.3247146559879184,4,1
141,10,0.44408902525901794,1,1
142,9,0.0929053695872426,2,1
143,-8,0.08571263432110611,19,1
144,7,0.0604142639786005,4,1
145,10,0.06099764257669449,1,1
146,10,0.028133096173405647,1,1
147,9,0.09959043376147747,2,1
148,-24,0.058857872523367404,15,0
149,9,0.056850867345929146,2,1
150,-10,0.07419895380735397,1,0
151,10,0.09910763055086136,1,1
152,8,0.0854782002667586,3,1
153,8,0.37409332891305286,3,1
154,7,0.1763828257098794,4,1
155,7,0.06370969023555517,4,1
156,8,0.21682708710432053,3,1
157,10,0.5486944317817688,1,1
158,9,0.2510201521217823,2,1
159,-13,0.11586882499977946,24,1
160,9,0.2823858931660652,2,1
161,-50,0.10662032097578049,50,0
162,10,0.04144555702805519,1,1
163,-12,0.06621886044740677,3,0
164,9,0.0486924946308136,2,1
165,-50,0.0624399153701961,50,0
166,7,0.07050711009651423,4,1
167,-12,0.10792874941683334,23,1
168,8,0.06031994769970576,3,1
169,10,0.35341259837150574,1,1
170,10,0.017107553780078888,1,1
171,10,0.02533389814198017,1,1
172,9,0.04968842677772045,2,1
173,10,0.1443229764699936,1,1
174,9,0.25793485809117556,2,1
175,-6,0.10727736803100389,17,1
176,7,0.2843270148150623,4,1
177,7,0.1718660593032837,4,1
178,9,0.07746649347245693,2,1
179,10,0.4724232852458954,1,1
180,9,0.10474202781915665,2,1
181,9,0.41966548562049866,2,1
182,6,0.15305926725268365,5,1
183,7,0.06884417310357094,4,1
184,7,0.045039158314466476,4,1
185,8,0.19697875653704008,3,1
186,6,0.08314142487943173,5,1
187,8,0.09465280051032703,3,1
188,7,0.08150626253336668,4,1
189,7,0.215328648686409,4,1
190,8,0.07250419879953067,3,1
191,-11,0.11768799647688866,2,0
192,6,0.11155189201235771,5,1
193,9,0.0456086490303278,2,1
194,7,0.0711299441754818,4,1
195,9,0.32197122275829315,2,1
196,9,0.3752599060535431,2,1
197,8,0.2829722687602043,3,1
198,9,0.06393125280737877,2,1
199,9,0.24180881679058075,2,1
200,8,0.2195949132243792,3,1
201,7,0.07734528183937073,4,1
202,10,0.10626339912414551,1,1
203,6,0.11447877511382103,5,1
204,9,0.03306106571108103,2,1
205,7,0.15386036969721317,4,1
206,7,0.20453722402453423,4,1
207,-50,0.13800333246588706,50,0
208,-50,0.12414984866976737,50,0
209,6,0.04939176328480244,5,1
210,-10,0.03707487881183624,1,0
211,10,0.06239404156804085,1,1
212,7,0.055408728774636984,4,1
213,-11,0.2607905101031065,2,0
214,6,0.1496362455189228,5,1
215,8,0.13876541828115782,3,1
216,10,0.13838428258895874,1,1
217,5,0.1498413346707821,6,1
218,8,0.12615696340799332,3,1
219,10,0.06339430809020996,1,1
220,10,0.04044109582901001,1,1
221,7,0.27066562650725245,4,1
222,10,0.04768827185034752,1,1
223,10,0.018965428695082664,1,1
224,10,0.07289402931928635,1,1
225,9,0.04221572354435921,2,1
226,-14,0.20742914378643035,5,0
227,8,0.20267014702161154,3,1
228,8,0.04689309000968933,3,1
229,10,0.13725008070468903,1,1
230,10,0.07771363109350204,1,1
231,8,0.24808490773042044,3,1
232,10,0.2857113480567932,1,1
233,7,0.20291452296078205,4,1
234,-10,0.07115345448255539,1,0
235,-11,0.09799810126423836,2,0
236,8,0.3310509001215299,3,1
237,-10,0.13664565980434418,1,0
238,4,0.20227579772472382,7,1
239,-6,0.22156216072685578,17,1
240,9,0.38610275834798813,2,1
241,9,0.09551703184843063,2,1
242,9,0.4575219079852104,2,1
243,5,0.06566326320171356,6,1
244,8,0.09491139401992162,3,1
245,10,0.05153882876038551,1,1
246,-50,0.18181422974914313,50,0
247,3,0.11668990505859256,8,1
248,8,0.27843932807445526,3,1
249,-4,0.16355367104212443,15,1
250,7,0.060244129970669746,4,1
251,9,0.09481918253004551,2,1
252,-12,0.15949271619319916,3,0
253,8,0.12568013618389764,3,1
254,9,0.21244289726018906,2,1
255,5,0.0844257219384114,6,1
256,10,0.07851294428110123,1,1
257,8,0.24656481544176737,3,1
258,9,0.04397486336529255,2,1
259,-26,0.16790285394401164,37,1
260,-37,0.14595096690269807,48,1
261,-20,0.1549793754313742,31,1
262,9,0.07485228404402733,2,1
263,-12,0.1388388546588628,23,1
264,-56,0.14514255765429201,47,0
265,9,0.08803967013955116,2,1
266,6,0.10495620965957642,5,1
267,10,0.04691470414400101,1,1
268,9,0.09310317784547806,2,1
269,7,0.049934616312384605,4,1
270,8,0.11565079415837924,3,1
271,9,0.4437807500362396,2,1
272,9,0.10680587589740753,2,1
273,9,0.1259063258767128,2,1
274,10,0.16990137100219727,1,1
275,-37,0.13181177216271558,48,1
276,7,0.17754317820072174,4,1
277,8,0.04289037610093752,3,1
278,-10,0.16155871748924255,1,0
279,9,0.06785265356302261,2,1
280,6,0.2269677683711052,5,1
281,-50,0.1521722995862365,50,0
282,6,0.1554046094417572,5,1
283,7,0.08456665370613337,4,1
284,9,0.12005501613020897,2,1
285,-10,0.4574795663356781,1,0
286,5,0.15677844112118086,6,1
287,8,0.12256182730197906,3,1
288,9,0.07861495204269886,2,1
289,8,0.1800250162680944,3,1
290,10,0.05510977283120155,1,1
291,9,0.04661052953451872,2,1
292,9,0.30567969381809235,2,1
293,8,0.20358463376760483,3,1
294,9,0.05879389867186546,2,1
295,-24,0.16926506944000722,15,0
296,8,0.3257483094930649,3,1
297,-50,0.13366152361035347,50,0
298,10,0.03830708935856819,1,1
299,-4,0.13155315468708675,15,1
300,9,0.05373465456068516,2,1
301,9,0.1662270724773407,2,1
302,5,0.10371903702616692,6,1
303,10,0.43709373474121094,1,1
304,-10,0.2709280550479889,1,0
305,9,0.05431406572461128,2,1
306,9,0.22274498082697392,2,1
307,8,0.24629915754000345,3,1
308,-14,0.10236980088055134,25,1
309,7,0.13560413010418415,4,1
310,10,0.021412836387753487,1,1
311,-50,0.13097397394478322,50,0
312,6,0.1724543735384941,5,1
313,10,0.06994884461164474,1,1
314,10,0.16153568029403687,1,1
315,8,0.09455062448978424,3,1
316,6,0.17722919434309006,5,1
317,2,0.10067841389940844,9,1
318,-11,0.14907142333686352,2,0
319,9,0.2388942800462246,2,1
320,9,0.13381005823612213,2,1
321,9,0.09292450174689293,2,1
322,8,0.06600895151495934,3,1
323,9,0.060120608657598495,2,1
324,10,0.06460358947515488,1,1
325,0,0.11667245270853693,11,1
326,10,0.3659588098526001,1,1
327,9,0.21737025678157806,2,1
328,9,0.048154314048588276,2,1
329,10,0.04219881445169449,1,1
330,6,0.16022272557020187,5,1
331,9,0.14780568704009056,2,1
332,8,0.08588434507449468,3,1
333,9,0.21632809937000275,2,1
334,-12,0.10835077365239461,3,0
335,9,0.07729224488139153,2,1
336,-28,0.11156310998380949,39,1
337,-31,0.09929016702385111,22,0
338,8,0.055901747196912766,3,1
339,7,0.16880879923701286,4,1
340,9,0.10446498729288578,2,1
341,8,0.17238572364052138,3,1
342,10,0.03850335627794266,1,1
343,-10,0.08795647323131561,1,0
344,10,0.08207690715789795,1,1
345,6,0.1444607473909855,5,1
346,6,0.13220436871051788,5,1
347,9,0.037299029529094696,2,1
348,9,0.08415336906909943,2,1
349,-10,0.06662700325250626,1,0
350,9,0.0771897453814745,2,1
351,8,0.2010513444741567,3,1
352,9,0.06551028601825237,2,1
353,9,0.19454098492860794,2,1
354,9,0.07944402284920216,2,1
355,6,0.05997639372944832,5,1
356,10,0.5371271967887878,1,1
357,7,0.0814938205294311,4,1
358,5,0.07872995144377153,6,1
359,10,0.1259605586528778,1,1
360,-4,0.09303385068972905,15,1
361,7,0.0700704650953412,4,1
362,9,0.21832555532455444,2,1
363,9,0.2879198081791401,2,1
364,6,0.2178865537047386,5,1
365,9,0.10596583411097527,2,1
366,8,0.16911507894595465,3,1
367,8,0.31513042251269024,3,1
368,7,0.07382489228621125,4,1
369,-11,0.1352608587423509,22,1
370,6,0.07202492579817772,5,1
371,10,0.17864587903022766,1,1
372,9,0.07043063640594482,2,1
373,-19,0.1408535297960043,30,1
374,7,0.16729608178138733,4,1
375,9,0.10160692036151886,2,1
376,-50,0.1201215835288167,50,0
377,10,0.2333272099494934,1,1
378,-37,0.1332988350186497,48,1
379,10,0.17024774849414825,1,1
380,-12,0.14347742943336134,23,1
381,9,0.050134193152189255,2,1
382,8,0.0819718986749649,3,1
383,-36,0.14145707955306513,47,1
384,-30,0.11629560092327798,41,1
385,6,0.05624600648880005,5,1
386,8,0.15258801728487015,3,1
387,10,0.07635976374149323,1,1
388,9,0.03358481824398041,2,1
389,8,0.05981885548681021,3,1
390,8,0.03539357768992583,3,1
391,8,0.16397802780071893,3,1
392,10,0.0490536130964756,1,1
393,6,0.13746276460587978,5,1
394,5,0.1417989730834961,6,1
395,4,0.21815951753939902,7,1
396,9,0.06431342661380768,2,1
397,5,0.09019551798701286,6,1
398,6,0.21162575334310532,5,1
399,7,0.08483947161585093,4,1
400,8,0.060993888725837074,3,1
401,6,0.05681175142526627,5,1
402,-50,0.10702704761177301,50,0
403,-50,0.0976860829629004,50,0
404,10,0.022483017295598984,1,1
405,-2,0.08229570148082879,13,1
406,8,0.051784362954398,3,1
407,10,0.05968571454286575,1,1
408,7,0.17486690822988749,4,1
409,-50,0.08152840450406075,50,0
410,8,0.058954560508330665,3,1
411,8,0.048313641299804054,3,1
412,-24,0.0722403768982206,35,1
413,10,0.07983499020338058,1,1
414,10,0.1147056594491005,1,1
415,7,0.09902337659150362,4,1
416,8,0.0901190626124541,3,1
417,9,0.0818770807236433,2,1
418,9,0.037610944360494614,2,1
419,1,0.09512418191879987,10,1
420,8,0.0637878527243932,3,1
421,-50,0.07260389661416411,50,0
422,9,0.08752237819135189,2,1
423,10,0.02745748683810234,1,1
424,5,0.09113310649991035,6,1
425,6,0.1864754542708397,5,1
426,10,0.4562651216983795,1,1
427,8,0.19844869648416838,3,1
428,10,0.007911666296422482,1,1
429,10,0.04571203142404556,1,1
430,6,0.08474498689174652,5,1
431,-21,0.1045209428993985,32,1
432,9,0.072821956127882,2,1
433,9,0.03758973814547062,2,1
434,-50,0.09800996510311961,50,0
435,-50,0.08546893483027816,50,0
436,10,0.02413175441324711,1,1
437,10,0.15382224321365356,1,1
438,-54,0.0862566334919797,45,0
439,9,0.1744688879698515,2,1
440,-3,0.1157294066090669,14,1
441,8,0.06622340281804402,3,1
442,10,0.056755177676677704,1,1
443,-28,0.11334719303015031,19,0
444,-13,0.057977889431640506,24,1
445,-10,0.0389997772872448,1,0
446,-9,0.05928756631910801,20,1
447,2,0.04628219372696347,9,1
448,8,0.06613164395093918,3,1
449,-6,0.08455768709673601,17,1
450,6,0.0388263326138258,5,1
451,9,0.012848444283008575,2,1
452,8,0.040259396036465965,3,1
453,7,0.03860819851979613,4,1
454,9,0.10633590631186962,2,1
455,6,0.06186476591974497,5,1
456,8,0.12229784019291401,3,1
457,10,0.03356868773698807,1,1
458,10,0.01778574287891388,1,1
459,-27,0.086707030545528,38,1
460,7,0.061005111783742905,4,1
461,6,0.08520150259137153,5,1
462,-50,0.10194059832021594,50,0
463,9,0.05977900139987469,2,1
464,8,0.07881028080979983,3,1
465,10,0.1172231063246727,1,1
466,7,0.06144906743429601,4,1
467,3,0.0629854048602283,8,1
468,10,0.08338192105293274,1,1
469,-50,0.0745357235148549,50,0
470,7,0.06732320319861174,4,1
471,10,0.024449653923511505,1,1
472,9,0.05274372920393944,2,1
473,-18,0.06887799066801865,9,0
474,10,0.06762105971574783,1,1
475,8,0.09657458961009979,3,1
476,10,0.05137517303228378,1,1
477,9,0.028762676753103733,2,1
478,9,0.06837351620197296,2,1
479,5,0.06310402788221836,6,1
480,-50,0.08123221479356289,50,0
481,-12,0.07446623791981002,23,1
482,-50,0.0963686628639698,50,0
483,8,0.025368728985389073,3,1
484,-10,0.0197778157889843,1,0
485,7,0.018282732693478465,4,1
486,-11,0.040334874764084816,2,0
487,9,0.1058778390288353,2,1
488,7,0.03021705849096179,4,1
489,6,0.046994598954916,5,1
490,-11,0.020299673080444336,2,0
491,9,0.012224779929965734,2,1
492,-10,0.019088540226221085,1,0
493,7,0.055036956910043955,4,1
494,8,0.03033043071627617,3,1
495,-11,0.0893154355951331,22,1
496,10,0.20447653532028198,1,1
497,-9,0.09720271881669759,20,1
498,7,0.08866904443129897,4,1
499,7,0.05407513678073883,4,1
500,-8,0.12702782491320058,19,1
501,10,0.07059010118246078,1,1
502,8,0.08621980249881744,3,1
503,7,0.06232475209981203,4,1
504,7,0.15878334688022733,4,1
505,8,0.029582723664740723,3,1
506,8,0.07488540435830753,3,1
507,8,0.04336527672906717,3,1
508,8,0.0850033803532521,3,1
509,9,0.04217332415282726,2,1
510,8,0.03792304669817289,3,1
511,9,0.02759829442948103,2,1
512,8,0.0871112197637558,3,1
513,6,0.1697899281978607,5,1
514,8,0.06829495479663213,3,1
515,10,0.05455300211906433,1,1
516,-10,0.05537375807762146,1,0
517,8,0.09838023285071056,3,1
518,6,0.11088753044605255,5,1
519,-50,0.10824250414967537,50,0
520,10,0.13407832384109497,1,1
521,-12,0.20873341212670007,3,0
522,9,0.155251894146204,2,1
523,7,0.20564513420686126,4,1
524,7,0.04973315866664052,4,1
525,8,0.10596900681654613,3,1
526,-15,0.12263511286045496,26,1
527,9,0.044529098086059093,2,1
528,9,0.048296257853507996,2,1
529,10,0.054766908288002014,1,1
530,-11,0.16171246394515038,2,0
531,-10,0.1764739751815796,1,0
532,5,0.2097718839844068,6,1
533,10,0.038241203874349594,1,1
534,10,0.07794836163520813,1,1
535,8,0.10879399627447128,3,1
536,7,0.12443246319890022,4,1
537,6,0.07512098625302314,5,1
538,6,0.16969205550849437,5,1
539,9,0.23109006881713867,2,1
540,6,0.14698328971862792,5,1
541,9,0.04975277557969093,2,1
542,-11,0.205089770257473,2,0
543,8,0.18900386554499468,3,1
544,8,0.2037841056783994,3,1
545,-2,0.20808434386092883,13,1
546,8,0.2062025802830855,3,1
547,7,0.2921119360253215,4,1
548,-10,0.10027829557657242,1,0
549,-50,0.15585582673549653,50,0
550,-11,0.20658820122480392,2,0
551,9,0.16548380441963673,2,1
552,10,0.05062837898731232,1,1
553,-28,0.14269265064444298,39,1
554,-6,0.22352242908057043,17,1
555,10,0.04236704856157303,1,1
556,-11,0.08107434958219528,2,0
557,7,0.07285851985216141,4,1
558,9,0.13257427886128426,2,1
559,8,0.21999169637759527,3,1
560,5,0.06894913564125697,6,1
561,-50,0.17336757201701403,50,0
562,-21,0.16150440397905186,32,1
563,-12,0.12036496935331303,23,1
564,6,0.16336266398429872,5,1
565,-50,0.11939420403912664,50,0
566,10,0.02924814261496067,1,1
567,10,0.059583015739917755,1,1
568,9,0.14079061895608902,2,1
569,8,0.1540205478668213,3,1
570,6,0.06425848416984081,5,1
571,10,0.04713151976466179,1,1
572,8,0.061416001369555794,3,1
573,10,0.05804372951388359,1,1
574,-4,0.20338176935911179,15,1
575,7,0.1048587434925139,4,1
576,-4,0.13963136114180089,15,1
577,-38,0.14159123580260524,29,0
578,-10,0.050266534090042114,1,0
579,2,0.05166397160953946,9,1
580,10,0.12452375143766403,1,1
581,-12,0.2817963461081187,3,0
582,4,0.4618753612573658,7,1
583,-15,0.24809726886451244,6,0
584,0,0.12657585587691178,11,1
585,10,0.048514243215322495,1,1
586,7,0.06578455865383148,4,1
587,8,0.027223913619915645,3,1
588,9,0.1283370554447174,2,1
589,8,0.10331692546606064,3,1
590,3,0.08708601701073349,8,1
591,6,0.370224529504776,5,1
592,9,0.1884935051202774,2,1
593,-10,0.026074081659317017,1,0
594,10,0.4030924439430237,1,1
595,7,0.12095764209516346,4,1
596,-10,0.04363097622990608,1,0
597,7,0.16302037797868252,4,1
598,6,0.047944217547774316,5,1
599,7,0.3042494598776102,4,1
600,-50,0.14112521949224174,50,0
601,9,0.13166802003979683,2,1
602,8,0.06612925107280414,3,1
603,9,0.26586346700787544,2,1
604,8,0.23370376725991568,3,1
605,-10,0.11954666674137115,1,0
606,-50,0.14144583033397795,50,0
607,-10,0.10372176021337509,1,0
608,10,0.05740129575133324,1,1
609,8,0.2785941536227862,3,1
610,-21,0.20348641322925687,12,0
611,-50,0.19326230440288783,50,0
612,7,0.07443775422871113,4,1
613,8,0.08223218719164531,3,1
614,-10,0.1798717975616455,1,0
615,8,0.1275679146250089,3,1
616,10,0.11270949244499207,1,1
617,6,0.1618861049413681,5,1
618,10,0.033396292477846146,1,1
619,6,0.14209770038723946,5,1
620,10,0.05530479550361633,1,1
621,5,0.1642445238928,6,1
622,9,0.1376289427280426,2,1
623,8,0.14768000692129135,3,1
624,9,0.07804390043020248,2,1
625,9,0.07722810469567776,2,1
626,8,0.07968415692448616,3,1
627,9,0.03380514029413462,2,1
628,8,0.17849944718182087,3,1
629,5,0.15758985529343286,6,1
630,-10,0.12906359136104584,1,0
631,9,0.21716753393411636,2,1
632,10,0.08954702317714691,1,1
633,-50,0.227164906244725,50,0
634,-22,0.21008756672116843,33,1
635,9,0.06376070715487003,2,1
636,-10,0.07092106342315674,1,0
637,8,0.11063443124294281,3,1
638,7,0.061011250130832195,4,1
639,6,0.12118941098451615,5,1
640,9,0.27339398488402367,2,1
641,10,0.09363175928592682,1,1
642,8,0.31503597150246304,3,1
643,10,0.09847134351730347,1,1
644,-16,0.16439072328999085,27,1
645,2,0.09704822136296166,9,1
646,7,0.049950056709349155,4,1
647,5,0.2681929177294175,6,1
648,-10,0.43897226452827454,1,0
649,8,0.12943913663427034,3,1
650,9,0.29239657893776894,2,1
651,-14,0.2032258564606309,25,1
652,8,0.2476824844876925,3,1
653,6,0.3106661170721054,5,1
654,2,0.13539008351249826,9,1
655,-7,0.16045168994201553,18,1
656,7,0.23146566934883595,4,1
657,7,0.16454198025166988,4,1
658,7,0.1763880578801036,4,1
659,9,0.1265675313770771,2,1
660,-18,0.13401101709439836,29,1
661,9,0.26260292157530785,2,1
662,-10,0.026083629578351974,1,0
663,6,0.37419991940259933,5,1
664,-11,0.07105938345193863,2,0
665,-8,0.22797127587622718,19,1
666,7,0.4227452874183655,4,1
667,8,0.3816935035089652,3,1
668,-50,0.13295484028756618,50,0
669,9,0.29187802225351334,2,1
670,8,0.24149142702420553,3,1
671,7,0.05578864738345146,4,1
672,8,0.056541308760643005,3,1
673,-12,0.1901543289422989,3,0
674,10,0.04225383698940277,1,1
675,2,0.15305244425932565,9,1
676,9,0.281490720808506,2,1
677,9,0.12173503264784813,2,1
678,-26,0.15961978463707743,37,1
679,-12,0.04724312946200371,3,0
680,9,0.20233620330691338,2,1
681,9,0.17538057081401348,2,1
682,9,0.0773509107530117,2,1
683,-11,0.35547007620334625,2,0
684,8,0.3063652018706004,3,1
685,10,0.0648575946688652,1,1
686,10,0.1792723834514618,1,1
687,7,0.17081688158214092,4,1
688,9,0.2993205478414893,2,1
689,8,0.2123010673870643,3,1
690,2,0.22001413338714176,9,1
691,10,0.30563926696777344,1,1
692,8,0.0908935343225797,3,1
693,9,0.03708453290164471,2,1
694,8,0.14442361146211624,3,1
695,-10,0.16797879391482898,21,1
696,-19,0.15757228657603264,30,1
697,6,0.13902656733989716,5,1
698,7,0.15098073985427618,4,1
699,10,0.0694267675280571,1,1
700,8,0.2010283979276816,3,1
701,7,0.1544731231406331,4,1
702,9,0.08428972959518433,2,1
703,7,0.11806734371930361,4,1
704,8,0.22702627629041672,3,1
705,7,0.3189616724848747,4,1
706,9,0.5279881507158279,2,1
707,10,0.04811890423297882,1,1
708,6,0.13428985252976416,5,1
709,8,0.11352100471655528,3,1
710,9,0.1858212873339653,2,1
711,5,0.17372546717524529,6,1
712,8,0.16452096899350485,3,1
713,7,0.12260614801198244,4,1
714,9,0.2582407779991627,2,1
715,-35,0.2521327255374711,46,1
716,10,0.07593618333339691,1,1
717,-5,0.17743548518046737,16,1
718,8,0.10515050838390987,3,1
719,7,0.1907577570527792,4,1
720,7,0.18974814750254154,4,1
721,9,0.1963675692677498,2,1
722,9,0.09904827177524567,2,1
723,-7,0.24347441436515915,18,1
724,10,0.13126012682914734,1,1
725,-36,0.20055280605124104,27,0
726,8,0.08096478258570035,3,1
727,5,0.12923245380322138,6,1
728,-50,0.17781654097139835,50,0
729,8,0.10715042303005855,3,1
730,-28,0.1884968829078552,39,1
731,8,0.061829659466942154,3,1
732,-5,0.26878219097852707,16,1
733,10,0.3638145327568054,1,1
734,10,0.16322937607765198,1,1
735,-23,0.15859409465509303,34,1
736,7,0.1123475031927228,4,1
737,9,0.15263928100466728,2,1
738,7,0.2391083538532257,4,1
739,8,0.07440690199534099,3,1
740,10,0.19466069340705872,1,1
741,8,0.08534841363628705,3,1
742,9,0.10899671167135239,2,1
743,7,0.09963068459182978,4,1
744,8,0.13857869803905487,3,1
745,8,0.06583925088246663,3,1
746,8,0.058879038939873375,3,1
747,7,0.20271160081028938,4,1
748,10,0.22666499018669128,1,1
749,-33,0.1538441996936771,44,1
750,7,0.27283808309584856,4,1
751,7,0.21129970997571945,4,1
752,8,0.044001055570940174,3,1
753,6,0.17116195261478423,5,1
754,-7,0.20040787363217938,18,1
755,8,0.10014855489134789,3,1
756,9,0.17043333500623703,2,1
757,10,0.02124938741326332,1,1
758,9,0.2860834635794163,2,1
759,9,0.105222562327981,2,1
760,-10,0.060914911329746246,1,0
761,5,0.06820658190796773,6,1
762,-10,0.08064308762550354,1,0
763,-50,0.18388487599790096,50,0
764,9,0.27670079097151756,2,1
765,7,0.11183595098555088,4,1
766,-12,0.09649236065646012,3,0
767,8,0.039451739440361656,3,1
768,10,0.04957367852330208,1,1
769,9,0.6215241849422455,2,1
770,-7,0.1450230119129022,18,1
771,7,0.0688611795194447,4,1
772,-21,0.1715689863776788,32,1
773,-50,0.19062412299215795,50,0
774,9,0.1053319163620472,2,1
775,-10,0.09123069047927856,1,0
776,10,0.04082069173455238,1,1
777,10,0.11976209282875061,1,1
778,9,0.1242640819400549,2,1
779,9,0.08457013592123985,2,1
780,9,0.07233832310885191,2,1
781,10,0.06677042692899704,1,1
782,-10,0.12568585574626923,1,0
783,6,0.09651156552135945,5,1
784,9,0.35624945163726807,2,1
785,5,0.29110802089174587,6,1
786,6,0.19499256014823912,5,1
787,-50,0.13665769565850497,50,0
788,8,0.10781027997533481,3,1
789,9,0.11523056775331497,2,1
790,6,0.1454341046512127,5,1
791,9,0.24121612310409546,2,1
792,10,0.05045635253190994,1,1
793,9,0.4677938222885132,2,1
794,10,0.6037744879722595,1,1
795,7,0.1079355888068676,4,1
796,-13,0.06730429921299219,4,0
797,8,0.11154505237936974,3,1
798,9,0.05624520778656006,2,1
799,9,0.16230282187461853,2,1
800,9,0.28903480619192123,2,1
801,9,0.08533941581845284,2,1
802,-10,0.10844729095697403,1,0
803,9,0.10302770510315895,2,1
804,7,0.04364813771098852,4,1
805,9,0.2857380844652653,2,1
806,10,0.44655027985572815,1,1
807,8,0.0647377148270607,3,1
808,8,0.17804336796204248,3,1
809,6,0.13183556646108627,5,1
810,9,0.036539897322654724,2,1
811,-24,0.11586965498115336,35,1
812,7,0.0661331657320261,4,1
813,7,0.20212804432958364,4,1
814,-10,0.04890118166804314,1,0
815,10,0.05732782185077667,1,1
816,8,0.0653387935211261,3,1
817,-39,0.10122172867879271,50,1
818,10,0.02685033343732357,1,1
819,7,0.14956326503306627,4,1
820,9,0.20998079143464565,2,1
821,-50,0.1411281906440854,50,0
822,-15,0.13333898639449707,26,1
823,4,0.17152660792427404,7,1
824,7,0.1865031085908413,4,1
825,6,0.06992446221411228,5,1
826,9,0.29939379543066025,2,1
827,7,0.24146856740117073,4,1
828,9,0.02721593901515007,2,1
829,8,0.04537210240960121,3,1
830,7,0.042230512481182814,4,1
831,9,0.06576117873191833,2,1
832,10,0.3665417432785034,1,1
833,4,0.19978296011686325,7,1
834,-50,0.09676302768290043,50,0
835,10,0.02770422399044037,1,1
836,-18,0.12567669360174072,9,0
837,7,0.12415850395336747,4,1
838,-10,0.026365600526332855,1,0
839,6,0.13300832509994506,5,1
840,8,0.03769660368561745,3,1
841,-11,0.151822011240504,22,1
842,5,0.09975562244653702,6,1
843,10,0.04234704747796059,1,1
844,7,0.034624116495251656,4,1
845,1,0.10913641713559627,10,1
846,10,0.05731324851512909,1,1
847,3,0.11991849262267351,8,1
848,-11,0.10178328737277877,22,1
849,8,0.054147028674681984,3,1
850,10,0.031103171408176422,1,1
851,10,0.162660613656044,1,1
852,-27,0.09900890109374334,38,1
853,1,0.11709480248391628,10,1
854,8,0.07344221572081248,3,1
855,7,0.08519316930323839,4,1
856,7,0.09082137746736407,4,1
857,10,0.02692870795726776,1,1
858,9,0.07596264034509659,2,1
859,-34,0.09537922272251712,45,1
860,8,0.03367426867286364,3,1
861,6,0.05798439458012581,5,1
862,-17,0.08738639218998807,28,1
863,-18,0.09767534307621677,29,1
864,8,0.05790575842062632,3,1
865,8,0.2283141314983368,3,1
866,10,0.011349581182003021,1,1
867,7,0.05463605932891369,4,1
868,10,0.020924175158143044,1,1
869,9,0.013161709066480398,2,1
870,9,0.048310793936252594,2,1
871,9,0.22204949986189604,2,1
872,10,0.01580120623111725,1,1
873,10,0.04715150594711304,1,1
874,10,0.06459249556064606,1,1
875,-5,0.0554954155231826,16,1
876,9,0.1328740306198597,2,1
877,8,0.0969616739700238,3,1
878,-1,0.07740955745490889,12,1
879,6,0.11245927549898624,5,1
880,10,0.18547041714191437,1,1
881,2,0.1188071539832486,9,1
882,-50,0.10515093952417373,50,0
883,10,0.029511133208870888,1,1
884,5,0.13783423571536937,6,1
885,9,0.06619410961866379,2,1
886,8,0.03932037173459927,3,1
887,6,0.1011713609099388,5,1
888,-10,0.5680393576622009,1,0
889,-22,0.09235295430390221,33,1
890,6,0.07847211360931397,5,1
891,8,0.10411678192516167,3,1
892,10,0.0649450421333313,1,1
893,9,0.06067338306456804,2,1
894,7,0.11121736001223326,4,1
895,10,0.19876915216445923,1,1
896,-50,0.11718302998691797,50,0
897,6,0.054827781021595,5,1
898,7,0.1309485360980034,4,1
899,9,0.03227352350950241,2,1
900,7,0.07099730102345347,4,1
901,-50,0.08662369679659605,50,0
902,8,0.03723662222425143,3,1
903,10,0.03349544480443001,1,1
904,9,0.053514767438173294,2,1
905,10,0.04176837578415871,1,1
906,7,0.039277189411222935,4,1
907,10,0.05129184573888779,1,1
908,9,0.09789871796965599,2,1
909,6,0.1128118798136711,5,1
910,10,0.12236160784959793,1,1
911,10,0.25635793805122375,1,1
912,9,0.06704692170023918,2,1
913,9,0.048417793586850166,2,1
914,10,0.037945907562971115,1,1
915,-4,0.10587207985421022,15,1
916,-10,0.08760277824919849,21,1
917,6,0.11049133911728859,5,1
918,5,0.14211329445242882,6,1
919,7,0.06132541690021753,4,1
920,9,0.06309076026082039,2,1
921,6,0.08652296625077724,5,1
922,-23,0.07797352854600724,34,1
923,6,0.0877588339149952,5,1
924,-3,0.07623367650168282,14,1
925,8,0.08315823475519817,3,1
926,7,0.15834726486355066,4,1
927,10,0.03667151927947998,1,1
928,-2,0.10028597726844825,13,1
929,7,0.06831380864605308,4,1
930,9,0.06405556946992874,2,1
931,10,0.06731417030096054,1,1
932,8,0.041355907917022705,3,1
933,1,0.09241968635469675,10,1
934,9,0.05100870784372091,2,1
935,9,0.09698909521102905,2,1
936,8,0.057183513417840004,3,1
937,9,0.07737295888364315,2,1
938,10,0.03457953780889511,1,1
939,8,0.021971914917230606,3,1
940,9,0.18598048388957977,2,1
941,10,0.03286796063184738,1,1
942,9,0.0857238620519638,2,1
943,5,0.11234554089605808,6,1
944,8,0.12315865233540535,3,1
945,10,0.09060032665729523,1,1
946,6,0.1014383465051651,5,1
947,8,0.03696388565003872,3,1
948,-50,0.09102521428838373,50,0
949,10,0.07756683230400085,1,1
950,8,0.1882021687924862,3,1
951,10,0.05429000407457352,1,1
952,9,0.10106363520026207,2,1
953,9,0.03190450929105282,2,1
954,9,0.05523133650422096,2,1
955,-21,0.07470498036127537,32,1
956,10,0.0963582843542099,1,1
957,9,0.04757606238126755,2,1
958,-23,0.08559119276811972,34,1
959,6,0.12508129999041556,5,1
960,10,0.024701524525880814,1,1
961,7,0.07890824135392904,4,1
962,10,0.09986355155706406,1,1
963,10,0.17096032202243805,1,1
964,-7,0.05730487359687686,18,1
965,9,0.07460164837539196,2,1
966,10,0.01685105264186859,1,1
967,8,0.02433045208454132,3,1
968,9,0.09843183681368828,2,1
969,9,0.041979748755693436,2,1
970,7,0.1376690799370408,4,1
971,9,0.03592328354716301,2,1
972,9,0.03415745869278908,2,1
973,-6,0.04067303689525408,17,1
974,-13,0.08502664789557457,4,0
975,8,0.04057540496190389,3,1
976,10,0.06984667479991913,1,1
977,9,0.045151377096772194,2,1
978,9,0.0181471835821867,2,1
979,-19,0.1642905917018652,10,0
980,9,0.017075950279831886,2,1
981,8,0.04802173562347889,3,1
982,10,0.07288703322410583,1,1
983,-27,0.04490727519926926,18,0
984,-58,0.0810776792124522,49,0
985,-7,0.08910920871939096,18,1
986,8,0.03026674936215083,3,1
987,9,0.04748774692416191,2,1
988,9,0.05180604197084904,2,1
989,7,0.12543786503374577,4,1
990,-10,0.029326392337679863,1,0
991,8,0.048547775795062385,3,1
992,7,0.20914599765092134,4,1
993,9,0.08725766278803349,2,1
994,4,0.03293911207999502,7,1
995,7,0.025084480177611113,4,1
996,-11,0.03110662568360567,2,0
997,7,0.03253591968677938,4,1
998,8,0.017731943788627785,3,1
999,10,0.04771210253238678,1,1
1000,-10,0.0855007501585143,21,1
1,-12,0.06263220682740211,3,0
2,6,0.04896913394331932,5,1
3,5,0.08197547526409228,6,1
4,-50,0.12996788712218404,50,0
5,8,0.08394586543242137,3,1
6,-50,0.12864638593047859,50,0
7,9,0.10149189457297325,2,1
8,10,0.08405579626560211,1,1
9,9,0.06553789507597685,2,1
10,9,0.20677215419709682,2,1
11,8,0.04150648911794027,3,1
12,8,0.2088431976735592,3,1
13,8,0.13795825590689978,3,1
14,9,0.08072556927800179,2,1
15,7,0.2627225760370493,4,1
16,8,0.10404254992802937,3,1
17,8,0.1143634170293808,3,1
18,10,0.1395167112350464,1,1
19,9,0.10833894833922386,2,1
20,8,0.1830071285367012,3,1
21,-10,0.11165580153465271,1,0
22,10,0.037554748356342316,1,1
23,8,0.025392663044234116,3,1
24,5,0.05379712783421079,6,1
25,9,0.036547522991895676,2,1
26,10,0.05237264186143875,1,1
27,10,0.043622199445962906,1,1
28,7,0.15583582920953631,4,1
29,-50,0.13505441933870316,50,0
30,10,0.0879555493593216,1,1
31,9,0.02843824401497841,2,1
32,7,0.03171286638826132,4,1
33,-18,0.1080192630660945,29,1
34,-50,0.08022554241120815,50,0
35,4,0.050634590908885,7,1
36,9,0.07046603038907051,2,1
37,5,0.10607740189880133,6,1
38,-7,0.11058894482751687,18,1
39,8,0.055039653554558754,3,1
40,10,0.03956085443496704,1,1
41,10,0.12469486147165298,1,1
42,6,0.09526967778801917,5,1
43,8,0.09687060862779617,3,1
44,9,0.060450296849012375,2,1
45,-50,0.10462911460548639,50,0
46,5,0.06725286475072305,6,1
47,7,0.12208943767473102,4,1
48,-50,0.09207056591287255,50,0
49,8,0.06283257529139519,3,1
50,8,0.020123700921734173,3,1
51,10,0.014782204292714596,1,1
52,7,0.02814984740689397,4,1
53,10,0.1193409189581871,1,1
54,1,0.11091638128273189,10,1
55,10,0.09553409367799759,1,1
56,6,0.05481298752129078,5,1
57,9,0.07491164654493332,2,1
58,8,0.15068603741625944,3,1
59,10,0.43492886424064636,1,1
60,9,0.05871954280883074,2,1
61,7,0.09809618163853884,4,1
62,10,0.07114944607019424,1,1
63,6,0.05947511233389378,5,1
64,6,0.11394122671335935,5,1
65,7,0.067037682980299,4,1
66,6,0.09076322764158248,5,1
67,6,0.03838012330234051,5,1
68,10,0.1194811537861824,1,1
69,9,0.0798821970820427,2,1
70,8,0.2177840235332648,3,1
71,-50,0.09805057851597666,50,0
72,-50,0.060042684292420746,50,0
73,9,0.1487121433019638,2,1
74,6,0.038077670335769656,5,1
75,8,0.04400687416394552,3,1
76,-8,0.08515762199500673,19,1
77,-50,0.06305027345195413,50,0
78,-17,0.08495445349918944,28,1
79,9,0.05632583796977997,2,1
80,9,0.05339351110160351,2,1
81,-5,0.050457463366910815,16,1
82,8,0.10824509896337986,3,1
83,7,0.024673362262547016,4,1
84,7,0.17216889164410532,4,1
85,9,0.0657957624644041,2,1
86,9,0.020680025219917297,2,1
87,9,0.031075145583599806,2,1
88,9,0.17031387984752655,2,1
89,-12,0.06867443037259838,23,1
90,8,0.03320996277034283,3,1
91,8,0.15866319152216116,3,1
92,9,0.12752386275678873,2,1
93,10,0.025776950642466545,1,1
94,10,0.029435841366648674,1,1
95,8,0.024128267541527748,3,1
96,-22,0.0640091851748752,33,1
97,9,0.027322103269398212,2,1
98,-10,0.03665575012564659,1,0
99,10,0.014542299322783947,1,1
100,9,0.22230037115514278,2,1
101,10,0.009005545638501644,1,1
102,-28,0.07330570680399735,39,1
103,-19,0.05060074158633749,30,1
104,7,0.04272015695460141,4,1
105,6,0.09940080717206001,5,1
106,9,0.052723013795912266,2,1
107,8,0.08049006015062332,3,1
108,8,0.032392445330818496,3,1
109,7,0.06466418318450451,4,1
110,9,0.02878807857632637,2,1
111,7,0.07480158703401685,4,1
112,-10,0.05409417301416397,1,0
113,-6,0.1166066991932252,17,1
114,4,0.06523238494992256,7,1
115,-10,0.3381880223751068,1,0
116,-50,0.05870303568430245,50,0
117,5,0.0764853935688734,6,1
118,7,0.062436928041279316,4,1
119,8,0.07353459050258,3,1
120,9,0.10757613368332386,2,1
121,8,0.09136140967408816,3,1
122,10,0.04670565575361252,1,1
123,5,0.1297002350911498,6,1
124,-8,0.10353822133650906,19,1
125,7,0.04541723267175257,4,1
126,9,0.04953315295279026,2,1
127,-10,0.026343118399381638,1,0
128,-13,0.09728730469942093,4,0
129,6,0.21290192306041716,5,1
130,-50,0.10075834836810828,50,0
131,9,0.2958616781979799,2,1
132,10,0.037799444049596786,1,1
133,7,0.06480341358110309,4,1
134,9,0.035273971036076546,2,1
135,9,0.030691456981003284,2,1
136,-12,0.07983200500408809,3,0
137,9,0.11784131079912186,2,1
138,8,0.061129845678806305,3,1
139,9,0.2745661325752735,2,1
140,9,0.03300514072179794,2,1
141,10,0.04988116770982742,1,1
142,8,0.2219929757217566,3,1
143,-50,0.09731631686910987,50,0
144,10,0.013181975111365318,1,1
145,-10,0.04602144658565521,1,0
146,9,0.033134667202830315,2,1
147,9,0.20329204946756363,2,1
148,8,0.02394683038194974,3,1
149,6,0.1307193383574486,5,1
150,-12,0.13565416374932165,23,1
151,9,0.12214629352092743,2,1
152,9,0.017087504267692566,2,1
153,6,0.05341041162610054,5,1
154,-14,0.10293489038944244,25,1
155,-15,0.07237162369375046,26,1
156,10,0.007687378209084272,1,1
157,5,0.11710887541994452,6,1
158,10,0.010234953835606575,1,1
159,5,0.09885923378169537,6,1
160,10,0.01159875001758337,1,1
161,7,0.044726553838700056,4,1
162,10,0.009518574923276901,1,1
163,-35,0.11607464116431125,46,1
164,-38,0.10516352755758836,49,1
165,7,0.010987038258463144,4,1
166,6,0.03611435405910015,5,1
167,10,0.026728034019470215,1,1
168,7,0.05588806723244488,4,1
169,9,0.32004253566265106,2,1
170,9,0.02928714081645012,2,1
171,-50,0.0809054962079972,50,0
172,9,0.08796312194317579,2,1
173,8,0.18484796956181526,3,1
174,8,0.04749407495061556,3,1
175,3,0.06140152970328927,8,1
176,-12,0.14291750639677048,3,0
177,8,0.18836862593889236,3,1
178,3,0.12984947953373194,8,1
179,9,0.0935966344550252,2,1
180,9,0.09795818291604519,2,1
181,9,0.028041440062224865,2,1
182,10,0.01578829251229763,1,1
183,1,0.08624801570549608,10,1
184,10,0.7577299475669861,1,1
185,7,0.1428596694022417,4,1
186,8,0.03974979929625988,3,1
187,7,0.19291865173727274,4,1
188,-11,0.22003602981567383,2,0
189,5,0.04916203332444032,6,1
190,8,0.05011401635905107,3,1
191,7,0.1601039213128388,4,1
192,-50,0.13173136302269994,50,0
193,3,0.07708876603282988,8,1
194,10,0.21926486492156982,1,1
195,9,0.11654956266283989,2,1
196,5,0.11734800195942323,6,1
197,-19,0.058490514662116765,10,0
198,8,0.08589426862696807,3,1
199,8,0.1643478957315286,3,1
200,-10,0.12258368406799577,21,1
201,10,0.056106291711330414,1,1
202,9,0.24492786824703217,2,1
203,7,0.05861245188862085,4,1
204,10,0.06671690940856934,1,1
205,9,0.2798636853694916,2,1
206,8,0.09476285924514134,3,1
207,10,0.054429929703474045,1,1
208,9,0.2101583443582058,2,1
209,6,0.20430878922343254,5,1
210,8,0.07403969516356786,3,1
211,9,0.05833958089351654,2,1
212,10,0.04497459530830383,1,1
213,7,0.12253626948222518,4,1
214,7,0.252455054782331,4,1
215,8,0.059672700241208076,3,1
216,10,0.055766984820365906,1,1
217,-50,0.10258775755763054,50,0
218,10,0.19887089729309082,1,1
219,8,0.05308670550584793,3,1
220,8,0.039046818390488625,3,1
221,7,0.04552746657282114,4,1
222,8,0.1872590333223343,3,1
223,-10,0.14050015807151794,1,0
224,7,0.2508100161794573,4,1
225,8,0.07366626958052318,3,1
226,9,0.28281090734526515,2,1
227,10,0.05260283499956131,1,1
228,8,0.060692138969898224,3,1
229,9,0.042830309830605984,2,1
230,9,0.034960292279720306,2,1
231,-10,0.013175456784665585,1,0
232,-11,0.2752465810626745,2,0
233,10,0.04195164516568184,1,1
234,6,0.11792025342583656,5,1
235,9,0.32596517726778984,2,1
236,9,0.03137177228927612,2,1
237,8,0.1877238688369592,3,1
238,9,0.061375321820378304,2,1
239,8,0.14443046723802885,3,1
240,10,0.059276603162288666,1,1
241,8,0.18272356316447258,3,1
242,10,0.0822560116648674,1,1
243,7,0.2786926752887666,4,1
244,7,0.13823142973706126,4,1
245,9,0.10992773622274399,2,1
246,7,0.10624343063682318,4,1
247,7,0.28003707341849804,4,1
248,10,0.04768134281039238,1,1
249,8,0.06207594027121862,3,1
250,10,0.021255526691675186,1,1
251,4,0.044187111513955254,7,1
252,-50,0.15410390824079515,50,0
253,-10,0.031358230859041214,1,0
254,9,0.12016297690570354,2,1
255,7,0.16684850305318832,4,1
256,10,0.023304028436541557,1,1
257,8,0.14175021772583327,3,1
258,-10,0.46309733390808105,1,0
259,8,0.08638772057990234,3,1
260,0,0.170021792111749,11,1
261,-50,0.13896679758094252,50,0
262,-29,0.14258248689584435,40,1
263,-50,0.13397492885589599,50,0
264,8,0.23293616622686386,3,1
265,9,0.06021357420831919,2,1
266,7,0.11502209212630987,4,1
267,10,0.03939776122570038,1,1
268,8,0.2856861874461174,3,1
269,-12,0.12831235863268375,23,1
270,0,0.13452238470993258,11,1
271,8,0.164390346656243,3,1
272,6,0.10015864968299866,5,1
273,7,0.031054769875481725,4,1
274,-2,0.13538448569866326,13,1
275,-55,0.11857645517296117,46,0
276,6,0.06573216617107391,5,1
277,-10,0.11951203990195479,21,1
278,8,0.028804725036025047,3,1
279,9,0.09035037457942963,2,1
280,6,0.1578102182596922,5,1
281,-50,0.11198867745697498,50,0
282,9,0.062020400539040565,2,1
283,9,0.08188827149569988,2,1
284,-10,0.04263283312320709,1,0
285,7,0.11673372611403465,4,1
286,7,0.1146369967609644,4,1
287,-50,0.11344030525535345,50,0
288,10,0.06251633167266846,1,1
289,-9,0.12075645942240953,20,1
290,6,0.047980305179953574,5,1
291,-12,0.10856180087379787,23,1
292,10,0.06378719955682755,1,1
293,7,0.16586090624332428,4,1
294,8,0.09933534761269887,3,1
295,9,0.1610160768032074,2,1
296,7,0.06944378837943077,4,1
297,-14,0.0670587095990777,25,1
298,9,0.029755382798612118,2,1
299,8,0.037494176998734474,3,1
300,8,0.06658659627040227,3,1
301,-10,0.11034200340509415,1,0
302,10,0.1118893250823021,1,1
303,10,0.07398120313882828,1,1
304,9,0.04843220580369234,2,1
305,10,0.09387102723121643,1,1
306,5,0.156190670405825,6,1
307,2,0.15696467686858442,9,1
308,9,0.1558566316962242,2,1
309,-19,0.11171250194311141,30,1
310,-50,0.10895489510148763,50,0
311,8,0.14137368773420653,3,1
312,-50,0.11966407069936395,50,0
313,7,0.0901810685172677,4,1
314,7,0.0811709426343441,4,1
315,-13,0.200350446626544,4,0
316,9,0.2139921672642231,2,1
317,-11,0.2437228113412857,2,0
318,6,0.273335787653923,5,1
319,7,0.1461452879011631,4,1
320,7,0.3311318503692746,4,1
321,5,0.09509392455220222,6,1
322,9,0.07361702993512154,2,1
323,-11,0.09055622294545174,2,0
324,-50,0.1264232324808836,50,0
325,8,0.17933535700043043,3,1
326,9,0.036148522049188614,2,1
327,8,0.22448593005537987,3,1
328,9,0.04750695172697306,2,1
329,4,0.03791766959641661,7,1
330,10,0.03293907642364502,1,1
331,10,0.010709361173212528,1,1
332,10,0.18647988140583038,1,1
333,-19,0.06675405263279875,30,1
334,6,0.1549639545381069,5,1
335,-4,0.18389820555845895,15,1
336,8,0.19211637477080026,3,1
337,6,0.15735717564821244,5,1
338,10,0.12557850778102875,1,1
339,10,0.03312080353498459,1,1
340,-7,0.09669458948903614,18,1
341,7,0.14117711829021573,4,1
342,7,0.0852894363924861,4,1
343,6,0.14702496081590652,5,1
344,10,0.11586613953113556,1,1
345,10,0.2289091795682907,1,1
346,8,0.15665500362714133,3,1
347,8,0.2528740180035432,3,1
348,8,0.03951519913971424,3,1
349,9,0.09922135435044765,2,1
350,9,0.09980079159140587,2,1
351,-45,0.09382979931413299,36,0
352,5,0.1452850898106893,6,1
353,9,0.08227114006876945,2,1
354,8,0.07017240797479947,3,1
355,10,0.050295133143663406,1,1
356,10,0.11794985085725784,1,1
357,10,0.12115796655416489,1,1
358,10,0.044475287199020386,1,1
359,-10,0.05131068080663681,1,0
360,10,0.5686964392662048,1,1
361,8,0.1017508717874686,3,1
362,-50,0.16906424485146998,50,0
363,-50,0.1381971562281251,50,0
364,9,0.06012348085641861,2,1
365,4,0.1406212571476187,7,1
366,6,0.09594613015651703,5,1
367,8,0.06654161649445693,3,1
368,8,0.08404633775353432,3,1
369,9,0.0682013500481844,2,1
370,7,0.15895913168787956,4,1
371,9,0.1640418954193592,2,1
372,6,0.13201329708099366,5,1
373,-12,0.11197959631681442,3,0
374,7,0.11278058215975761,4,1
375,9,0.15362560097128153,2,1
376,8,0.052950007220109306,3,1
377,7,0.24851914774626493,4,1
378,-14,0.17091732680797578,25,1
379,-6,0.2266732278992148,17,1
380,9,0.09538469091057777,2,1
381,10,0.18236705660820007,1,1
382,9,0.10063991323113441,2,1
383,7,0.14959897473454475,4,1
384,-3,0.1442010003541197,14,1
385,10,0.026783274486660957,1,1
386,9,0.10766989924013615,2,1
387,10,0.0984620600938797,1,1
388,9,0.2700229398906231,2,1
389,9,0.09199351072311401,2,1
390,9,0.11884716153144836,2,1
391,7,0.10783819295465946,4,1
392,8,0.06987881598373254,3,1
393,8,0.301047932356596,3,1
394,9,0.10850300639867783,2,1
395,-11,0.29243016242980957,2,0
396,-12,0.2645278486112754,3,0
397,8,0.06261445333560307,3,1
398,9,0.09639068692922592,2,1
399,10,0.04640348255634308,1,1
400,10,0.12021023035049438,1,1
401,10,0.05693909898400307,1,1
402,-9,0.11973855495452881,20,1
403,3,0.21753405733034015,8,1
404,-11,0.32822971791028976,2,0
405,10,0.4884882867336273,1,1
406,7,0.07069550827145576,4,1
407,9,0.2470351867377758,2,1
408,10,0.06491673737764359,1,1
409,-26,0.13009774934097723,37,1
410,7,0.1270961444824934,4,1
411,8,0.12026447802782059,3,1
412,-12,0.10224030415217082,3,0
413,10,0.24351850152015686,1,1
414,10,0.23941361904144287,1,1
415,8,0.09369854629039764,3,1
416,10,0.6127172112464905,1,1
417,-1,0.12181419941286246,12,1
418,-50,0.1535863296687603,50,0
419,-33,0.17255122917280954,44,1
420,9,0.07984072715044022,2,1
421,9,0.12749786768108606,2,1
422,9,0.045518312603235245,2,1
423,8,0.17861550487577915,3,1
424,7,0.0998979271389544,4,1
425,7,0.3227353347465396,4,1
426,-50,0.11690922994166612,50,0
427,10,0.08175244927406311,1,1
428,7,0.09346644859761,4,1
429,9,0.1472885012626648,2,1
430,8,0.16193303217490515,3,1
431,7,0.22064751386642456,4,1
432,6,0.16647618710994722,5,1
433,7,0.30030184891074896,4,1
434,8,0.0782338281472524,3,1
435,9,0.2450421303510666,2,1
436,9,0.24701454117894173,2,1
437,10,0.6105182766914368,1,1
438,8,0.25267402827739716,3,1
439,9,0.19994528219103813,2,1
440,8,0.17971505100528398,3,1
441,-3,0.12920871217335975,14,1
442,10,0.02562377043068409,1,1
443,9,0.16079259477555752,2,1
444,7,0.10803863545879722,4,1
445,10,0.21334032714366913,1,1
446,9,0.10257619619369507,2,1
447,8,0.19610335429509482,3,1
448,-50,0.1579697399586439,50,0
449,8,0.15599083652098975,3,1
450,9,0.17087821662425995,2,1
451,6,0.14860741086304188,5,1
452,-50,0.10092051601037383,50,0
453,-10,0.33184924721717834,1,0
454,8,0.07270798335472743,3,1
455,8,0.0712795468668143,3,1
456,8,0.14583288754026094,3,1
457,8,0.14734353125095367,3,1
458,9,0.030415887013077736,2,1
459,9,0.074582789093256,2,1
460,4,0.1477033176592418,7,1
461,8,0.21578426162401834,3,1
462,8,0.10183645722766717,3,1
463,9,0.031251546926796436,2,1
464,9,0.04619593359529972,2,1
465,9,0.04141567647457123,2,1
466,7,0.11825362220406532,4,1
467,7,0.0652184640057385,4,1
468,10,0.0880497545003891,1,1
469,8,0.02872522920370102,3,1
470,-50,0.11245709476992488,50,0
471,8,0.05929266413052877,3,1
472,9,0.14848344027996063,2,1
473,-50,0.0847008303180337,50,0
474,9,0.06856226548552513,2,1
475,8,0.09396113206942876,3,1
476,-8,0.11035302251969513,19,1
477,-50,0.10559630617499352,50,0
478,10,0.019148901104927063,1,1
479,6,0.06312722191214562,5,1
480,9,0.07792496681213379,2,1
481,9,0.11718744412064552,2,1
482,8,0.12008847544590633,3,1
483,9,0.04417142644524574,2,1
484,7,0.055163984186947346,4,1
485,10,0.06086170673370361,1,1
486,9,0.2707542236894369,2,1
487,7,0.18386257626116276,4,1
488,9,0.02097469661384821,2,1
489,7,0.05408398248255253,4,1
490,9,0.05343873053789139,2,1
491,9,0.04310685768723488,2,1
492,6,0.04715171530842781,5,1
493,10,0.07533057779073715,1,1
494,-10,0.023771420121192932,1,0
495,8,0.07736980604628722,3,1
496,6,0.09342169854789972,5,1
497,8,0.07618142478168011,3,1
498,8,0.08834357932209969,3,1
499,8,0.06716179723540942,3,1
500,-1,0.09107459274431069,12,1
501,8,0.16264942785104117,3,1
502,-7,0.08269220694071716,18,1
503,10,0.03663346543908119,1,1
504,10,0.40182948112487793,1,1
505,9,0.06945305690169334,2,1
506,10,0.03120853565633297,1,1
507,10,0.018953803926706314,1,1
508,10,0.03233712539076805,1,1
509,-10,0.055929750204086304,1,0
510,1,0.11016844306141138,10,1
511,10,0.06830435991287231,1,1
512,9,0.12848789989948273,2,1
513,-24,0.09684434632460276,15,0
514,8,0.05159454979002476,3,1
515,7,0.04289849102497101,4,1
516,10,0.04245571792125702,1,1
517,-10,0.13385012391067685,21,1
518,9,0.03822937421500683,2,1
519,9,0.05972345359623432,2,1
520,8,0.0843914325038592,3,1
521,10,0.07525064051151276,1,1
522,6,0.08452504873275757,5,1
523,9,0.0588589683175087,2,1
524,9,0.04330543987452984,2,1
525,9,0.0681458618491888,2,1
526,9,0.047516947612166405,2,1
527,8,0.13169065366188684,3,1
528,7,0.21445931494235992,4,1
529,9,0.049962129443883896,2,1
530,9,0.0731225274503231,2,1
531,6,0.05751508250832558,5,1
532,10,0.18801112473011017,1,1
533,9,0.25062470510602,2,1
534,10,0.1537097841501236,1,1
535,9,0.13150038942694664,2,1
536,10,0.0530288890004158,1,1
537,7,0.19089962169528008,4,1
538,8,0.08787117650111516,3,1
539,6,0.12106839790940285,5,1
540,9,0.1252642199397087,2,1
541,9,0.22074694838374853,2,1
542,8,0.14404607315858206,3,1
543,6,0.15124512165784837,5,1
544,9,0.07509226351976395,2,1
545,8,0.10895634194215138,3,1
546,9,0.2984909825026989,2,1
547,7,0.060852511785924435,4,1
548,-11,0.0481747891753912,2,0
549,8,0.07509203565617402,3,1
550,-50,0.12194477114826441,50,0
551,9,0.05437254719436169,2,1
552,-15,0.15339531663518685,26,1
553,10,0.05655946582555771,1,1
554,10,0.12783676385879517,1,1
555,9,0.06496779434382915,2,1
556,-26,0.12988173075624415,37,1
557,-10,0.06736232340335846,1,0
558,-10,0.35225576162338257,1,0
559,7,0.1542493961751461,4,1
560,9,0.16409051418304443,2,1
561,-32,0.1303457000920939,43,1
562,6,0.30996829867362974,5,1
563,9,0.10447367653250694,2,1
564,6,0.31497563123703004,5,1
565,10,0.1106165423989296,1,1
566,9,0.06306918524205685,2,1
567,10,0.16096773743629456,1,1
568,-10,0.040659524500370026,1,0
569,-13,0.07152466662228107,4,0
570,-13,0.0705972258001566,4,0
571,7,0.27990667056292295,4,1
572,7,0.12165492679923773,4,1
573,-11,0.16947230290282855,22,1
574,6,0.0991754561662674,5,1
575,9,0.17039883881807327,2,1
576,10,0.047889165580272675,1,1
577,9,0.05480447970330715,2,1
578,9,0.08126591891050339,2,1
579,10,0.0799863338470459,1,1
580,8,0.23727096368869147,3,1
581,10,0.029328234493732452,1,1
582,-10,0.053210798650979996,1,0
583,9,0.04569307155907154,2,1
584,10,0.0980556309223175,1,1
585,7,0.09358093794435263,4,1
586,6,0.2138862658292055,5,1
587,8,0.03666651217887799,3,1
588,9,0.062156498432159424,2,1
589,8,0.04921890546878179,3,1
590,10,0.07850933074951172,1,1
591,-50,0.16095320988446474,50,0
592,-6,0.20708575537976096,17,1
593,7,0.3071463480591774,4,1
594,10,0.05965796485543251,1,1
595,3,0.1575044272467494,8,1
596,-50,0.15324370693415404,50,0
597,-10,0.1015736742743424,21,1
598,10,0.11625195294618607,1,1
599,8,0.15285357584555945,3,1
600,7,0.08058666158467531,4,1
601,8,0.2350462550918261,3,1
602,8,0.15845362097024918,3,1
603,-53,0.1321264784783125,44,0
604,7,0.08685072511434555,4,1
605,-12,0.158714030990782,23,1
606,7,0.10407514311373234,4,1
607,8,0.2330818548798561,3,1
608,6,0.10822660736739635,5,1
609,-9,0.12745995111763478,20,1
610,3,0.09986984729766846,8,1
611,3,0.08959226380102336,8,1
612,9,0.05669994652271271,2,1
613,6,0.03184499964118004,5,1
614,7,0.12981914822012186,4,1
615,10,0.08384384214878082,1,1
616,0,0.12212908911434087,11,1
617,10,0.10736709088087082,1,1
618,10,0.10330306738615036,1,1
619,7,0.13571768440306187,4,1
620,7,0.07465630397200584,4,1
621,6,0.4240639328956604,5,1
622,-18,0.13476712481472,29,1
623,10,0.06254015117883682,1,1
624,7,0.2903162185102701,4,1
625,8,0.22515050818522772,3,1
626,6,0.16542328894138336,5,1
627,7,0.11230170913040638,4,1
628,6,0.23964076042175292,5,1
629,9,0.11344064772129059,2,1
630,9,0.035313406959176064,2,1
631,-13,0.15526258014142513,24,1
632,7,0.11314495094120502,4,1
633,8,0.06463601316014926,3,1
634,9,0.08599399402737617,2,1
635,6,0.059567710012197496,5,1
636,10,0.05038118734955788,1,1
637,8,0.15707671642303467,3,1
638,-10,0.02219240367412567,1,0
639,-50,0.10852234002202749,50,0
640,9,0.05051281303167343,2,1
641,9,0.18244465440511703,2,1
642,-50,0.0918648823723197,50,0
643,7,0.14687923062592745,4,1
644,9,0.03583367355167866,2,1
645,9,0.038248464465141296,2,1
646,9,0.1457805223762989,2,1
647,10,0.045404497534036636,1,1
648,6,0.19952528774738312,5,1
649,10,0.2551036477088928,1,1
650,8,0.051980819553136826,3,1
651,7,0.06124714110046625,4,1
652,8,0.1019230621556441,3,1
653,7,0.3161808745935559,4,1
654,10,0.19894734025001526,1,1
655,9,0.04498927667737007,2,1
656,9,0.02716924622654915,2,1
657,-35,0.10471341965477103,46,1
658,10,0.4331621527671814,1,1
659,9,0.3204962909221649,2,1
660,-11,0.11065590550953691,22,1
661,-39,0.11047141630202532,50,1
662,-50,0.09681273132562637,50,0
663,6,0.06799098178744316,5,1
664,-5,0.07046131475362927,16,1
665,8,0.0876772552728653,3,1
666,9,0.1018638089299202,2,1
667,8,0.1052367811401685,3,1
668,6,0.088638417981565,5,1
669,7,0.0631612641736865,4,1
670,9,0.04156831931322813,2,1
671,9,0.09826761484146118,2,1
672,9,0.030086716637015343,2,1
673,10,0.03666805475950241,1,1
674,8,0.07230477531750996,3,1
675,8,0.0372314074387153,3,1
676,-50,0.09978399023413659,50,0
677,8,0.11089420318603516,3,1
678,5,0.13051016504565874,6,1
679,9,0.03810444101691246,2,1
680,6,0.07023465409874916,5,1
681,7,0.0757044842466712,4,1
682,10,0.11354676634073257,1,1
683,7,0.1174858883023262,4,1
684,10,0.058117955923080444,1,1
685,6,0.07547047361731529,5,1
686,9,0.034310923889279366,2,1
687,6,0.08645329400897026,5,1
688,6,0.07626473978161812,5,1
689,8,0.11708944290876389,3,1
690,6,0.08501928299665451,5,1
691,3,0.07607565307989717,8,1
692,-50,0.0898437992669642,50,0
693,10,0.27076297998428345,1,1
694,8,0.03647162765264511,3,1
695,8,0.13572881991664568,3,1
696,9,0.11085096374154091,2,1
697,8,0.1191846529642741,3,1
698,-18,0.1043870469619488,29,1
699,9,0.04189167730510235,2,1
700,-11,0.10638876242393797,22,1
701,0,0.11334007572044026,11,1
702,8,0.12216909229755402,3,1
703,3,0.10262207454070449,8,1
704,7,0.09717991575598717,4,1
705,0,0.05812440761788325,11,1
706,10,0.05112680047750473,1,1
707,6,0.08428839780390263,5,1
708,9,0.05703270435333252,2,1
709,7,0.10302699240855873,4,1
710,-6,0.07849149794920403,17,1
711,9,0.06507817283272743,2,1
712,10,0.13448430597782135,1,1
713,8,0.15699395599464575,3,1
714,10,0.05263788253068924,1,1
715,9,0.03593475092202425,2,1
716,8,0.11154657912751038,3,1
717,8,0.03455745428800583,3,1
718,-50,0.07181264154613018,50,0
719,6,0.03858519122004509,5,1
720,9,0.0414991257712245,2,1
721,-11,0.03134281933307648,2,0
722,7,0.17761594895273447,4,1
723,10,0.0809856653213501,1,1
724,10,0.0714784637093544,1,1
725,8,0.17982424795627594,3,1
726,7,0.06601272150874138,4,1
727,-4,0.06693272404372692,15,1
728,10,0.049823492765426636,1,1
729,6,0.031194524094462394,5,1
730,5,0.038152805219093956,6,1
731,-40,0.06880035365541134,31,0
732,10,0.06298347562551498,1,1
733,10,0.055424608290195465,1,1
734,4,0.08422493655234575,7,1
735,-22,0.06374197109387471,13,0
736,10,0.03126216307282448,1,1
737,7,0.03196018747985363,4,1
738,1,0.07493344098329544,10,1
739,-50,0.08105121908709406,50,0
740,7,0.07900858717039227,4,1
741,9,0.1215771809220314,2,1
742,9,0.11484823003411293,2,1
743,9,0.06874179467558861,2,1
744,10,0.029730062931776047,1,1
745,10,0.049473948776721954,1,1
746,10,0.48098260164260864,1,1
747,7,0.08584943506866693,4,1
748,10,0.04327070340514183,1,1
749,8,0.037514038383960724,3,1
750,10,0.2101452499628067,1,1
751,6,0.05541850328445434,5,1
752,10,0.13973644375801086,1,1
753,-1,0.09255887443820636,12,1
754,-50,0.1291615977883339,50,0
755,8,0.17527039100726446,3,1
756,10,0.04781365022063255,1,1
757,-11,0.2328182104974985,2,0
758,9,0.5108080208301544,2,1
759,7,0.1775104869157076,4,1
760,7,0.15954258292913437,4,1
761,9,0.040444185957312584,2,1
762,-13,0.1063644839450717,4,0
763,-50,0.11529200535267592,50,0
764,10,0.042027927935123444,1,1
765,10,0.5223054885864258,1,1
766,-13,0.14722302556037903,4,0
767,9,0.0765487477183342,2,1
768,10,0.11281320452690125,1,1
769,-50,0.1308723732084036,50,0
770,6,0.07591254562139511,5,1
771,10,0.10994309931993484,1,1
772,10,0.042449235916137695,1,1
773,9,0.03755921218544245,2,1
774,9,0.07076660916209221,2,1
775,7,0.13258747477084398,4,1
776,8,0.14175287261605263,3,1
777,8,0.20484282386799654,3,1
778,6,0.09129841960966587,5,1
779,5,0.11425997751454513,6,1
780,8,0.12392164021730423,3,1
781,-8,0.11332764672605615,19,1
782,10,0.03822045400738716,1,1
783,10,0.027836769819259644,1,1
784,9,0.056866567581892014,2,1
785,9,0.06610825844109058,2,1
786,7,0.1109048561193049,4,1
787,10,0.11833930760622025,1,1
788,-3,0.15361452661454678,14,1
789,9,0.22118673846125603,2,1
790,10,0.08507253974676132,1,1
791,-50,0.10023117758333683,50,0
792,10,0.05328873172402382,1,1
793,9,0.08512657508254051,2,1
794,10,0.039513468742370605,1,1
795,9,0.06498999334871769,2,1
796,7,0.12144502066075802,4,1
797,7,0.19217280577868223,4,1
798,9,0.043694451451301575,2,1
799,6,0.07193735875189304,5,1
800,-10,0.10758645087480545,1,0
801,4,0.07554998035941805,7,1
802,9,0.06267531216144562,2,1
803,10,0.019016453996300697,1,1
804,9,0.07738182507455349,2,1
805,8,0.039943681408961616,3,1
806,-19,0.1013572547584772,30,1
807,-50,0.08804663009941578,50,0
808,-50,0.12050636950880289,50,0
809,9,0.07959705591201782,2,1
810,8,0.20846588164567947,3,1
811,-11,0.03886706940829754,2,0
812,9,0.05616701766848564,2,1
813,5,0.11164981250961621,6,1
814,7,0.12929570907726884,4,1
815,5,0.16054806113243103,6,1
816,9,0.025982216699048877,2,1
817,-50,0.07995142867788672,50,0
818,9,0.1154225505888462,2,1
819,7,0.06994305830448866,4,1
820,10,0.043966036289930344,1,1
821,10,0.06607730686664581,1,1
822,7,0.10901578608900309,4,1
823,9,0.2192329540848732,2,1
824,-52,0.10455035175694975,43,0
825,-50,0.08472524594515563,50,0
826,9,0.052913377061486244,2,1
827,7,0.061192503198981285,4,1
828,10,0.05687541514635086,1,1
829,3,0.055336988531053066,8,1
830,9,0.0627926867455244,2,1
831,9,0.059174821712076664,2,1
832,7,0.189881787635386,4,1
833,-13,0.049754983435074486,24,1
834,10,0.06160753592848778,1,1
835,-50,0.10477524992078542,50,0
836,-34,0.04535346948024299,45,1
837,8,0.07721624026695888,3,1
838,8,0.20538092652956644,3,1
839,8,0.0584110983957847,3,1
840,8,0.04438518608609835,3,1
841,9,0.03669537138193846,2,1
842,-12,0.045281181732813515,3,0
843,7,0.06210612319409847,4,1
844,4,0.06509641797414847,7,1
845,-19,0.07712435657158494,30,1
846,9,0.06413891538977623,2,1
847,7,0.09340865351259708,4,1
848,10,0.02675483375787735,1,1
849,10,0.10224688053131104,1,1
850,7,0.11938551068305969,4,1
851,8,0.15703557431697845,3,1
852,10,0.10466673970222473,1,1
853,9,0.13748963363468647,2,1
854,-4,0.1327056024223566,15,1
855,-50,0.0678441320732236,50,0
856,9,0.04506415314972401,2,1
857,10,0.030788131058216095,1,1
858,9,0.030135639011859894,2,1
859,9,0.02988069038838148,2,1
860,9,0.07177333161234856,2,1
861,5,0.042954621060440935,6,1
862,-50,0.08030422151088715,50,0
863,10,0.056161776185035706,1,1
864,9,0.12430529482662678,2,1
865,8,0.16148232792814574,3,1
866,8,0.04326063022017479,3,1
867,5,0.10491312046845754,6,1
868,7,0.047603081446141005,4,1
869,-11,0.023487940430641174,2,0
870,10,0.05419645085930824,1,1
871,9,0.06824465561658144,2,1
872,1,0.14744059182703495,10,1
873,9,0.04789123125374317,2,1
874,7,0.15450679743662477,4,1
875,8,0.05928910026947657,3,1
876,7,0.14822496473789215,4,1
877,6,0.10863486677408218,5,1
878,10,0.07822475582361221,1,1
879,8,0.06857391943534215,3,1
880,-29,0.11100942846387625,40,1
881,8,0.15929585446914038,3,1
882,7,0.2406028495170176,4,1
883,8,0.08735080311695735,3,1
884,9,0.06156016327440739,2,1
885,5,0.09957851159075896,6,1
886,8,0.17959938943386078,3,1
887,8,0.21436856190363565,3,1
888,9,0.05075302626937628,2,1
889,9,0.1930687502026558,2,1
890,7,0.09595174714922905,4,1
891,-13,0.16179231368005276,4,0
892,9,0.06442010216414928,2,1
893,9,0.05971543863415718,2,1
894,6,0.06513651292771101,5,1
895,9,0.05923995561897755,2,1
896,9,0.09353847056627274,2,1
897,8,0.0943480134010315,3,1
898,8,0.09872652341922124,3,1
899,10,0.13885004818439484,1,1
900,10,0.0379393994808197,1,1
901,8,0.1971763422091802,3,1
902,10,0.05022190511226654,1,1
903,10,0.03691834583878517,1,1
904,9,0.03230233117938042,2,1
905,9,0.04157400503754616,2,1
906,7,0.06088261026889086,4,1
907,10,0.13475169241428375,1,1
908,5,0.11288548385103543,6,1
909,9,0.05296981893479824,2,1
910,9,0.18475574254989624,2,1
911,6,0.09911303333938122,5,1
912,10,0.07472041249275208,1,1
913,8,0.07829265420635541,3,1
914,9,0.4167989417910576,2,1
915,10,0.011801314540207386,1,1
916,9,0.09693867340683937,2,1
917,8,0.10452224779874086,3,1
918,9,0.1364305354654789,2,1
919,-27,0.09779563026600763,38,1
920,7,0.04761468339711428,4,1
921,6,0.03855711072683334,5,1
922,8,0.08588588734467824,3,1
923,9,0.08142738044261932,2,1
924,8,0.04171058038870493,3,1
925,10,0.0508224256336689,1,1
926,8,0.1297924444079399,3,1
927,7,0.0682880599051714,4,1
928,9,0.037977227941155434,2,1
929,-12,0.0581249954799811,3,0
930,-30,0.11585054626422268,21,0
931,10,0.030504070222377777,1,1
932,-20,0.10578345879912376,11,0
933,10,0.07809128612279892,1,1
934,8,0.11901589358846347,3,1
935,7,0.26538303028792143,4,1
936,10,0.17251531779766083,1,1
937,8,0.1543821170926094,3,1
938,10,0.07833808660507202,1,1
939,8,0.05650697648525238,3,1
940,8,0.16514750321706137,3,1
941,8,0.07360414912303288,3,1
942,8,0.16088779519001642,3,1
943,8,0.07392217218875885,3,1
944,8,0.1810713658730189,3,1
945,8,0.05375279486179352,3,1
946,10,0.0546581968665123,1,1
947,8,0.1423971951007843,3,1
948,9,0.05941707268357277,2,1
949,9,0.28673957102000713,2,1
950,9,0.09153424203395844,2,1
951,10,0.07767145335674286,1,1
952,7,0.05583096481859684,4,1
953,10,0.057287443429231644,1,1
954,10,0.10638289153575897,1,1
955,10,0.10165444761514664,1,1
956,9,0.059793468564748764,2,1
957,8,0.05323354403177897,3,1
958,5,0.2425951473414898,6,1
959,6,0.13760993480682374,5,1
960,8,0.157442773381869,3,1
961,8,0.1403649648030599,3,1
962,10,0.021845348179340363,1,1
963,7,0.11090777907520533,4,1
964,7,0.04962548613548279,4,1
965,9,0.2744436729699373,2,1
966,-10,0.06719028949737549,1,0
967,9,0.042185066267848015,2,1
968,9,0.44111298583447933,2,1
969,9,0.15107706934213638,2,1
970,-11,0.18335293233394623,2,0
971,9,0.10190765932202339,2,1
972,8,0.23335236310958862,3,1
973,7,0.2319824993610382,4,1
974,-50,0.13490690674632788,50,0
975,9,0.05330108478665352,2,1
976,9,0.06944509223103523,2,1
977,-11,0.07605073228478432,2,0
978,-10,0.059351347386837006,1,0
979,-10,0.06269627064466476,1,0
980,10,0.5829029083251953,1,1
981,8,0.06908169388771057,3,1
982,10,0.09336192905902863,1,1
983,8,0.08777868002653122,3,1
984,8,0.07488365719715755,3,1
985,7,0.08315604366362095,4,1
986,-2,0.110234276463206,13,1
987,7,0.05111773544922471,4,1
988,9,0.08101895824074745,2,1
989,7,0.24448294006288052,4,1
990,9,0.5077900141477585,2,1
991,10,0.08225134015083313,1,1
992,9,0.08715661242604256,2,1
993,9,0.07362635713070631,2,1
994,8,0.08860645194848378,3,1
995,-22,0.1358746299237916,33,1
996,8,0.07713823392987251,3,1
997,9,0.3168009724467993,2,1
998,10,0.04666972532868385,1,1
999,-50,0.07772725390270352,50,0
1000,9,0.12473944947123528,2,1
1,9,0.07529672235250473,2,1
2,8,0.07884703824917476,3,1
3,7,0.15230819955468178,4,1
4,6,0.19142507165670394,5,1
5,6,0.16582739651203154,5,1
6,6,0.08960076719522476,5,1
7,7,0.12959881778806448,4,1
8,7,0.04232940310612321,4,1
9,9,0.3331424444913864,2,1
10,10,0.05486294627189636,1,1
11,10,0.03404151648283005,1,1
12,9,0.04320708103477955,2,1
13,-20,0.15153930816919572,31,1
14,9,0.0879216380417347,2,1
15,9,0.29338715597987175,2,1
16,-4,0.07148771956562996,15,1
17,9,0.01501835323870182,2,1
18,10,0.042358219623565674,1,1
19,10,0.24855563044548035,1,1
20,9,0.08027961477637291,2,1
21,10,0.100749671459198,1,1
22,9,0.1791694313287735,2,1
23,-12,0.13242676729957262,3,0
24,9,0.04820064827799797,2,1
25,10,0.03100448101758957,1,1
26,9,0.05665900744497776,2,1
27,10,0.08938059955835342,1,1
28,7,0.07537133037112653,4,1
29,-50,0.11363300863653421,50,0
30,7,0.07310878485441208,4,1
31,8,0.10140133400758107,3,1
32,0,0.12488340281627396,11,1
33,6,0.07994982600212097,5,1
34,10,0.03297092765569687,1,1
35,8,0.24080334603786469,3,1
36,10,0.09411539882421494,1,1
37,-12,0.18285493304332098,3,0
38,8,0.08585249756773312,3,1
39,3,0.06319523602724075,8,1
40,6,0.0809922955930233,5,1
41,-11,0.30572284758090973,2,0
42,9,0.4414849430322647,2,1
43,9,0.3845133036375046,2,1
44,9,0.09518503211438656,2,1
45,9,0.03714020922780037,2,1
46,9,0.054140662774443626,2,1
47,10,0.09120216965675354,1,1
48,10,0.09543506801128387,1,1
49,7,0.05592620838433504,4,1
50,9,0.020789870992302895,2,1
51,9,0.22233090735971928,2,1
52,-50,0.11460800321772695,50,0
53,-50,0.15314570954069495,50,0
54,9,0.049572836607694626,2,1
55,-10,0.12464888393878937,1,0
56,7,0.057116780430078506,4,1
57,-50,0.13130417834967376,50,0
58,5,0.11938494816422462,6,1
59,8,0.09825568273663521,3,1
60,9,0.2998914383351803,2,1
61,9,0.06990338861942291,2,1
62,8,0.23057173006236553,3,1
63,9,0.060521045699715614,2,1
64,7,0.07066329102963209,4,1
65,-11,0.1414557213641026,22,1
66,8,0.15929504359761873,3,1
67,8,0.19372761870423952,3,1
68,7,0.1422216333448887,4,1
69,10,0.05345451086759567,1,1
70,10,0.013932249508798122,1,1
71,7,0.15148739353753626,4,1
72,9,0.3550904393196106,2,1
73,-10,0.5701892375946045,1,0
74,8,0.13747994850079218,3,1
75,-50,0.13683190632611514,50,0
76,9,0.16766083613038063,2,1
77,8,0.08315807084242503,3,1
78,6,0.18345738872885703,5,1
79,7,0.08264805097132921,4,1
80,-9,0.13435530327260495,20,1
81,10,0.2099260538816452,1,1
82,-50,0.12676743656396866,50,0
83,8,0.049722778921326004,3,1
84,8,0.2454745431120197,3,1
85,9,0.03943810984492302,2,1
86,7,0.1151313572190702,4,1
87,8,0.021557915024459362,3,1
88,10,0.015097882598638535,1,1
89,-10,0.04792274162173271,1,0
90,10,0.019571920856833458,1,1
91,10,0.05526220053434372,1,1
92,5,0.11681842322771747,6,1
93,-30,0.14365703395257393,21,0
94,-5,0.058938562928233296,16,1
95,8,0.09267891695102055,3,1
96,9,0.18687158450484276,2,1
97,-3,0.08640286991638797,14,1
98,10,0.058821097016334534,1,1
99,8,0.11534193654855092,3,1
100,8,0.29165024931232136,3,1
101,10,0.4378812611103058,1,1
102,5,0.29924762435257435,6,1
103,9,0.20797671377658844,2,1
104,6,0.15705548599362373,5,1
105,-10,0.025418898090720177,1,0
106,7,0.0930231399834156,4,1
107,8,0.05009778340657552,3,1
108,10,0.07022002339363098,1,1
109,6,0.2677256569266319,5,1
110,6,0.2500555481761694,5,1
111,8,0.09830060104529063,3,1
112,7,0.1129416897892952,4,1
113,-20,0.13353060033511033,11,0
114,9,0.2676368150860071,2,1
115,9,0.26044825091958046,2,1
116,8,0.20089975744485855,3,1
117,8,0.07352370085815589,3,1
118,8,0.33489592870076496,3,1
119,10,0.39781883358955383,1,1
120,8,0.24508809794982275,3,1
121,9,0.11307172104716301,2,1
122,8,0.1624791274468104,3,1
123,9,0.09141887724399567,2,1
124,-50,0.1257474154792726,50,0
125,9,0.38892870396375656,2,1
126,7,0.07513382099568844,4,1
127,9,0.0727112628519535,2,1
128,10,0.07669585943222046,1,1
129,7,0.06523948349058628,4,1
130,6,0.1304303452372551,5,1
131,9,0.12531012669205666,2,1
132,10,0.13310445845127106,1,1
133,-27,0.1161301157094146,38,1
134,8,0.1184874176979065,3,1
135,8,0.2104917255540689,3,1
136,10,0.13229399919509888,1,1
137,8,0.11330107226967812,3,1
138,9,0.09537511318922043,2,1
139,8,0.26079632838567096,3,1
140,-11,0.058114562183618546,2,0
141,-9,0.11964498301967978,20,1
142,8,0.23298690219720206,3,1
143,-50,0.16559346366673708,50,0
144,10,0.13747116923332214,1,1
145,-50,0.16530335444957017,50,0
146,6,0.21241737976670266,5,1
147,7,0.20948969759047031,4,1
148,10,0.03799904137849808,1,1
149,-18,0.11615951076663773,29,1
150,8,0.06775779525438945,3,1
151,9,0.05486323870718479,2,1
152,8,0.2155339370171229,3,1
153,9,0.10471279174089432,2,1
154,10,0.12431632727384567,1,1
155,7,0.17816213611513376,4,1
156,-50,0.11315010908991098,50,0
157,9,0.25722261518239975,2,1
158,-10,0.06977058947086334,1,0
159,8,0.12528125631312528,3,1
160,8,0.06531016528606415,3,1
161,7,0.1589788133278489,4,1
162,-18,0.09603583356686707,29,1
163,9,0.06924496963620186,2,1
164,8,0.05216720327734947,3,1
165,9,0.07553365267813206,2,1
166,-10,0.03746038302779198,1,0
167,9,0.31551336124539375,2,1
168,6,0.07792128622531891,5,1
169,9,0.1783825345337391,2,1
170,10,0.07549991458654404,1,1
171,7,0.08726049680262804,4,1
172,8,0.06358697575827439,3,1
173,8,0.05520700290799141,3,1
174,10,0.08893127739429474,1,1
175,9,0.075484873726964,2,1
176,9,0.271139582619071,2,1
177,10,0.03727155551314354,1,1
178,9,0.30509142205119133,2,1
179,7,0.06132179917767644,4,1
180,7,0.04774844832718372,4,1
181,8,0.05817621201276779,3,1
182,8,0.23619865626096725,3,1
183,9,0.09999260678887367,2,1
184,9,0.06935999542474747,2,1
185,10,0.027448637410998344,1,1
186,9,0.1809626668691635,2,1
187,8,0.05450636396805445,3,1
188,-12,0.10219199458758037,3,0
189,9,0.044955624267458916,2,1
190,8,0.07163138190905254,3,1
191,3,0.07721712230704725,8,1
192,10,0.47425225377082825,1,1
193,-12,0.08633118309080601,3,0
194,9,0.17830218374729156,2,1
195,8,0.0434813778847456,3,1
196,8,0.28751301020383835,3,1
197,-19,0.17837911682824295,30,1
198,-10,0.03887790068984032,1,0
199,-31,0.1568314130841331,22,0
200,8,0.030360051120320957,3,1
201,8,0.03693799301981926,3,1
202,9,0.24710667878389359,2,1
203,3,0.10852807760238647,8,1
204,9,0.07391081005334854,2,1
205,8,0.07085489543775718,3,1
206,1,0.1551054332405329,10,1
207,10,0.04111085459589958,1,1
208,10,0.13143813610076904,1,1
209,9,0.04413045383989811,2,1
210,-50,0.1913737814128399,50,0
211,6,0.1413564719259739,5,1
212,9,0.075067188590765,2,1
213,0,0.09799136272208257,11,1
214,10,0.09510055929422379,1,1
215,-50,0.1498498002626002,50,0
216,10,0.40305760502815247,1,1
217,10,0.14250752329826355,1,1
218,9,0.05509859137237072,2,1
219,10,0.019688419997692108,1,1
220,9,0.33414722979068756,2,1
221,9,0.0416799858212471,2,1
222,-5,0.10158629930811003,16,1
223,-10,0.09897421300411224,1,0
224,7,0.08040544856339693,4,1
225,10,0.3734385669231415,1,1
226,-10,0.04021817445755005,1,0
227,9,0.1523976195603609,2,1
228,9,0.17134315613657236,2,1
229,-21,0.06816123860577743,12,0
230,10,0.016525402665138245,1,1
231,7,0.042122417595237494,4,1
232,-10,0.484967976808548,1,0
233,7,0.034492501989006996,4,1
234,9,0.04739607684314251,2,1
235,-23,0.17073916758903684,34,1
236,9,0.1750801969319582,2,1
237,6,0.13723793141543866,5,1
238,10,0.026401016861200333,1,1
239,9,0.3562494367361069,2,1
240,10,0.05418166145682335,1,1
241,7,0.04825375135987997,4,1
242,8,0.255254993836085,3,1
243,8,0.07218571255604427,3,1
244,-8,0.17206919114840658,19,1
245,9,0.30090551264584064,2,1
246,3,0.039307370549067855,8,1
247,8,0.04773860238492489,3,1
248,-50,0.18755967108532787,50,0
249,9,0.11776003055274487,2,1
250,7,0.10698630986735225,4,1
251,10,0.1030929684638977,1,1
252,9,0.24248232692480087,2,1
253,-17,0.2883679838851094,8,0
254,10,0.42605873942375183,1,1
255,4,0.05747396392481668,7,1
256,8,0.17692239520450434,3,1
257,-10,0.06551547348499298,1,0
258,10,0.03821738064289093,1,1
259,7,0.20474667381495237,4,1
260,9,0.018864143639802933,2,1
261,8,0.06345196440815926,3,1
262,8,0.1625225991010666,3,1
263,6,0.051586781069636344,5,1
264,10,0.022337531670928,1,1
265,-10,0.17752914130687714,1,0
266,8,0.054530707808832325,3,1
267,1,0.15356084406375886,10,1
268,-10,0.2545125186443329,1,0
269,9,0.08952086046338081,2,1
270,-50,0.175166934132576,50,0
271,9,0.047136424109339714,2,1
272,4,0.20897222789270536,7,1
273,9,0.06342157535254955,2,1
274,9,0.30569759756326675,2,1
275,10,0.09698591381311417,1,1
276,9,0.06033788621425629,2,1
277,9,0.022544664330780506,2,1
278,-10,0.04565650224685669,1,0
279,-50,0.1477547175064683,50,0
280,7,0.09042076207697392,4,1
281,-8,0.2053534126791515,19,1
282,10,0.03508865460753441,1,1
283,8,0.08111014713843663,3,1
284,-10,0.032831110060214996,1,0
285,9,0.05101498402655125,2,1
286,10,0.058801449835300446,1,1
287,7,0.11275960598140955,4,1
288,10,0.06911983340978622,1,1
289,5,0.06909624952822924,6,1
290,6,0.06253077387809754,5,1
291,7,0.16597878374159336,4,1
292,9,0.09513046965003014,2,1
293,10,0.06502819806337357,1,1
294,9,0.026145651936531067,2,1
295,9,0.2488826960325241,2,1
296,0,0.28619884157722647,11,1
297,9,0.12350948434323072,2,1
298,7,0.11516522523015738,4,1
299,7,0.2333172094076872,4,1
300,8,0.3593462109565735,3,1
301,9,0.14857397228479385,2,1
302,7,0.12674842216074467,4,1
303,-9,0.1775224670767784,20,1
304,7,0.2618485316634178,4,1
305,8,0.0577841525276502,3,1
306,8,0.12638915330171585,3,1
307,7,0.13269116077572107,4,1
308,10,0.047799140214920044,1,1
309,10,0.4545234143733978,1,1
310,9,0.15975415706634521,2,1
311,8,0.2624308541417122,3,1
312,7,0.140438592992723,4,1
313,9,0.27296507358551025,2,1
314,-24,0.09784930300499711,35,1
315,-50,0.12169927384704352,50,0
316,-10,0.02767195925116539,1,0
317,7,0.07216989435255527,4,1
318,10,0.09962230920791626,1,1
319,8,0.07959480211138725,3,1
320,-12,0.1622006886679193,23,1
321,-50,0.1324709215760231,50,0
322,-4,0.1074905422826608,15,1
323,5,0.1808096726114551,6,1
324,8,0.04724639964600404,3,1
325,10,0.08603005111217499,1,1
326,8,0.15891814418137074,3,1
327,6,0.04082094468176365,5,1
328,10,0.02720637246966362,1,1
329,8,0.04410412162542343,3,1
330,7,0.10624729562550783,4,1
331,7,0.2333983751013875,4,1
332,9,0.05986541509628296,2,1
333,7,0.01959481043741107,4,1
334,8,0.16808410982290903,3,1
335,-1,0.06278598898400863,12,1
336,9,0.09552803914994001,2,1
337,10,0.01884177327156067,1,1
338,7,0.0746723054908216,4,1
339,7,0.1111737061291933,4,1
340,9,0.5099907256662846,2,1
341,10,0.07878394424915314,1,1
342,9,0.3765425533056259,2,1
343,8,0.2156205748518308,3,1
344,9,0.32397739216685295,2,1
345,9,0.05175977200269699,2,1
346,8,0.2518792524933815,3,1
347,4,0.27293822914361954,7,1
348,8,0.21060290932655334,3,1
349,9,0.08950236067175865,2,1
350,10,0.06284306943416595,1,1
351,7,0.35117286816239357,4,1
352,2,0.0981582183804777,9,1
353,9,0.0738817322999239,2,1
354,8,0.23550883308053017,3,1
355,10,0.746242105960846,1,1
356,5,0.10350600257515907,6,1
357,-17,0.09894445684871503,28,1
358,7,0.12418834306299686,4,1
359,10,0.04603058472275734,1,1
360,6,0.060760080069303515,5,1
361,8,0.03524806226293246,3,1
362,9,0.2187073566019535,2,1
363,9,0.134631909430027,2,1
364,-19,0.13222342332204182,30,1
365,-50,0.09131062183529139,50,0
366,7,0.09668047167360783,4,1
367,6,0.10100651942193509,5,1
368,-13,0.05273845139890909,4,0
369,8,0.045147781570752464,3,1
370,9,0.033499657176434994,2,1
371,-5,0.08916823490289971,16,1
372,7,0.07217454351484776,4,1
373,8,0.19781527916590372,3,1
374,8,0.06537961835662524,3,1
375,8,0.03842457508047422,3,1
376,9,0.04135855194181204,2,1
377,10,0.07041846960783005,1,1
378,9,0.07088416256010532,2,1
379,8,0.19611356655756632,3,1
380,8,0.08983534822861354,3,1
381,9,0.062251100316643715,2,1
382,9,0.029658288694918156,2,1
383,-36,0.13227556669648657,47,1
384,-30,0.12893420861413082,21,0
385,5,0.12264345989873011,6,1
386,-10,0.09806424379348755,1,0
387,7,0.21195346303284168,4,1
388,7,0.21634929906576872,4,1
389,10,0.02777908928692341,1,1
390,7,0.056242240592837334,4,1
391,10,0.518259584903717,1,1
392,9,0.0710664875805378,2,1
393,10,0.07633399218320847,1,1
394,8,0.2060991550485293,3,1
395,10,0.03664735332131386,1,1
396,-1,0.14843999796236554,12,1
397,3,0.17465876042842865,8,1
398,-24,0.1316892779299191,35,1
399,8,0.11535595854123433,3,1
400,8,0.07727214321494102,3,1
401,9,0.2819572538137436,2,1
402,9,0.038109200075268745,2,1
403,10,0.05082482099533081,1,1
404,9,0.03510826453566551,2,1
405,8,0.09711047634482384,3,1
406,8,0.06277052375177543,3,1
407,7,0.07082962943241,4,1
408,10,0.07335341721773148,1,1
409,8,0.027500120767702658,3,1
410,-50,0.1384502013400197,50,0
411,8,0.2086889942487081,3,1
412,9,0.31135622411966324,2,1
413,6,0.07149831876158715,5,1
414,7,0.06368967704474926,4,1
415,9,0.04499394726008177,2,1
416,9,0.07530496455729008,2,1
417,8,0.1764440561334292,3,1
418,6,0.12404233142733574,5,1
419,8,0.05460449432333311,3,1
420,5,0.1560303128014008,6,1
421,6,0.1362717378884554,5,1
422,9,0.031413545832037926,2,1
423,7,0.29682382429018617,4,1
424,6,0.04665974229574203,5,1
425,6,0.049412605538964274,5,1
426,5,0.04886040805528561,6,1
427,5,0.12066334672272205,6,1
428,9,0.2625095769762993,2,1
429,8,0.22189907357096672,3,1
430,6,0.10506974216550588,5,1
431,9,0.14287728816270828,2,1
432,9,0.22167519852519035,2,1
433,7,0.1554766371846199,4,1
434,9,0.062013568356633186,2,1
435,-50,0.11722387690097094,50,0
436,7,0.07109733298420906,4,1
437,9,0.10399411991238594,2,1
438,2,0.09472258761525154,9,1
439,9,0.06588959507644176,2,1
440,6,0.10691694058477878,5,1
441,10,0.06004437059164047,1,1
442,8,0.12292595487087965,3,1
443,8,0.2325430636604627,3,1
444,9,0.10231397673487663,2,1
445,7,0.05376893701031804,4,1
446,7,0.06550427293404937,4,1
447,-11,0.3302731364965439,2,0
448,6,0.10248319506645202,5,1
449,7,0.10215544141829014,4,1
450,9,0.07167721167206764,2,1
451,8,0.05081647510329882,3,1
452,9,0.04941863380372524,2,1
453,10,0.06464444845914841,1,1
454,10,0.06586243957281113,1,1
455,6,0.07551568150520324,5,1
456,7,0.06309724319726229,4,1
457,8,0.3432174175977707,3,1
458,-24,0.1639694206416607,35,1
459,6,0.15653619691729545,5,1
460,6,0.09052645973861217,5,1
461,5,0.15658856307466826,6,1
462,6,0.04347279891371727,5,1
463,10,0.03448016941547394,1,1
464,8,0.04767551893989245,3,1
465,9,0.046710019931197166,2,1
466,8,0.20397020814319453,3,1
467,9,0.06358333677053452,2,1
468,8,0.1370328702032566,3,1
469,10,0.016368305310606956,1,1
470,7,0.16016916325315833,4,1
471,8,0.06102294350663821,3,1
472,-9,0.11340961558744311,20,1
473,10,0.08285663276910782,1,1
474,10,0.0337245911359787,1,1
475,7,0.221054763533175,4,1
476,7,0.09886940196156502,4,1
477,8,0.18226778569320837,3,1
478,6,0.1846247784793377,5,1
479,9,0.1421329379081726,2,1
480,9,0.26231639832258224,2,1
481,10,0.11879400908946991,1,1
482,9,0.1067255549132824,2,1
483,8,0.27756701906522113,3,1
484,7,0.2925240099430084,4,1
485,8,0.1287591556708018,3,1
486,6,0.17863510996103288,5,1
487,9,0.21465269476175308,2,1
488,10,0.06960052251815796,1,1
489,10,0.33274203538894653,1,1
490,9,0.17724907398223877,2,1
491,8,0.19216500471035639,3,1
492,6,0.1308335021138191,5,1
493,6,0.12639836296439172,5,1
494,9,0.1817222200334072,2,1
495,8,0.16867395242055258,3,1
496,8,0.11276631553967793,3,1
497,6,0.18316551968455314,5,1
498,10,0.1456540822982788,1,1
499,10,0.2818915843963623,1,1
500,10,0.3201043903827667,1,1
501,8,0.1571680928270022,3,1
502,6,0.2198847383260727,5,1
503,5,0.12628234177827835,6,1
504,10,0.09729097783565521,1,1
505,9,0.07586317136883736,2,1
506,9,0.054751088842749596,2,1
507,8,0.0623674343029658,3,1
508,9,0.0865476205945015,2,1
509,8,0.06765697027246158,3,1
510,9,0.0716449934989214,2,1
511,8,0.21277657399574915,3,1
512,8,0.09605709215005238,3,1
513,7,0.04827008908614516,4,1
514,9,0.2836010679602623,2,1
515,7,0.21643354278057814,4,1
516,4,0.15412746689149312,7,1
517,10,0.10404381901025772,1,1
518,6,0.14372005984187125,5,1
519,9,0.1317354328930378,2,1
520,8,0.13190728922684988,3,1
521,10,0.09409987926483154,1,1
522,8,0.17942708979050317,3,1
523,8,0.15050737311442694,3,1
524,8,0.10984214146931966,3,1
525,10,0.1057932898402214,1,1
526,7,0.18414768017828465,4,1
527,6,0.04483141526579857,5,1
528,10,0.02281133271753788,1,1
529,10,0.08867489546537399,1,1
530,9,0.04649783857166767,2,1
531,10,0.5847975015640259,1,1
532,-4,0.14012349173426628,15,1
533,8,0.19746956477562586,3,1
534,7,0.2230397667735815,4,1
535,9,0.18263154104351997,2,1
536,-50,0.10979276061058045,50,0
537,-50,0.11360522415488958,50,0
538,10,0.24170663952827454,1,1
539,6,0.0534720279276371,5,1
540,8,0.11284332722425461,3,1
541,10,0.06505747139453888,1,1
542,7,0.08160700276494026,4,1
543,10,0.06839132308959961,1,1
544,10,0.4491976797580719,1,1
545,9,0.05589786171913147,2,1
546,10,0.045813899487257004,1,1
547,10,0.06391975283622742,1,1
548,-2,0.09935611142561986,13,1
549,9,0.116165054962039,2,1
550,8,0.10775176435709,3,1
551,7,0.07173656020313501,4,1
552,8,0.10244472324848175,3,1
553,10,0.11764305830001831,1,1
554,9,0.14129457250237465,2,1
555,5,0.07340680963049333,6,1
556,9,0.03518599737435579,2,1
557,9,0.10714899189770222,2,1
558,-32,0.09290466041759003,43,1
559,10,0.13935063779354095,1,1
560,9,0.09428272023797035,2,1
561,9,0.14100931771099567,2,1
562,7,0.06406455021351576,4,1
563,-6,0.07419875773656018,17,1
564,10,0.211061030626297,1,1
565,8,0.05301596596837044,3,1
566,8,0.09458594769239426,3,1
567,5,0.09190030954778194,6,1
568,8,0.05290906752149264,3,1
569,8,0.165219746530056,3,1
570,7,0.1340693011879921,4,1
571,8,0.10903566579023997,3,1
572,9,0.03963933326303959,2,1
573,10,0.0845913216471672,1,1
574,10,0.0851549431681633,1,1
575,1,0.06346727889031172,10,1
576,9,0.029902929440140724,2,1
577,-10,0.1108645349740982,1,0
578,9,0.08302466198801994,2,1
579,-11,0.09112464843995192,22,1
580,9,0.10999558493494987,2,1
581,9,0.08011872693896294,2,1
582,10,0.06475165486335754,1,1
583,7,0.07325685862451792,4,1
584,7,0.05440359748899937,4,1
585,7,0.07205255050212145,4,1
586,10,0.032151758670806885,1,1
587,-10,0.0457911491394043,1,0
588,9,0.25587392784655094,2,1
589,7,0.12096792366355658,4,1
590,9,0.10368777625262737,2,1
591,7,0.14490654692053795,4,1
592,10,0.06924201548099518,1,1
593,8,0.20955326159795126,3,1
594,10,0.07861649990081787,1,1
595,-50,0.08027977533638478,50,0
596,7,0.1519534643739462,4,1
597,7,0.07308630924671888,4,1
598,10,0.05569525435566902,1,1
599,7,0.11190256755799055,4,1
600,8,0.1553306927283605,3,1
601,6,0.09633985608816147,5,1
602,4,0.03805260732769966,7,1
603,10,0.13499100506305695,1,1
604,7,0.08387471456080675,4,1
605,-9,0.07747529223561286,20,1
606,8,0.13960065692663193,3,1
607,-6,0.0757546166286749,17,1
608,9,0.24067090824246407,2,1
609,10,0.06261475384235382,1,1
610,9,0.03705480694770813,2,1
611,-11,0.06740005686879158,2,0
612,9,0.11793646588921547,2,1
613,-11,0.09387416020035744,2,0
614,7,0.15569762233644724,4,1
615,10,0.0317767858505249,1,1
616,6,0.06562377996742726,5,1
617,9,0.1286827102303505,2,1
618,4,0.09931227059236594,7,1
619,-25,0.08597823374697731,36,1
620,8,0.03992391377687454,3,1
621,9,0.03588176425546408,2,1
622,8,0.05041660616795222,3,1
623,8,0.04705128259956837,3,1
624,8,0.09666963790853818,3,1
625,9,0.1433347910642624,2,1
626,-30,0.09444169595655871,41,1
627,4,0.07514272098030363,7,1
628,10,0.22000539302825928,1,1
629,6,0.06508601307868958,5,1
630,8,0.0323055237531662,3,1
631,8,0.04818088561296463,3,1
632,8,0.07096991315484047,3,1
633,8,0.061485543847084045,3,1
634,9,0.10457781702280045,2,1
635,-11,0.08583652973175049,22,1
636,7,0.09650269895792007,4,1
637,-25,0.08968509914767411,36,1
638,9,0.04515453614294529,2,1
639,10,0.08293255418539047,1,1
640,7,0.12217466067522764,4,1
641,9,0.04642480053007603,2,1
642,-50,0.07729381911456584,50,0
643,9,0.17444421164691448,2,1
644,9,0.03477023169398308,2,1
645,-10,0.026367582380771637,1,0
646,-12,0.07886959219594365,23,1
647,9,0.030191504396498203,2,1
648,10,0.020697396248579025,1,1
649,3,0.06019040523096919,8,1
650,9,0.11095328256487846,2,1
651,8,0.0590029222269853,3,1
652,6,0.13369075655937196,5,1
653,-13,0.054860119707882404,4,0
654,9,0.032598827965557575,2,1
655,10,0.043133772909641266,1,1
656,-50,0.08662964656949043,50,0
657,8,0.13997594515482584,3,1
658,9,0.11804283782839775,2,1
659,9,0.06986829824745655,2,1
660,9,0.0688032079488039,2,1
661,10,0.0379253551363945,1,1
662,7,0.04737894143909216,4,1
663,9,0.06560863181948662,2,1
664,9,0.04477500356733799,2,1
665,-50,0.0998635620623827,50,0
666,10,0.02507903054356575,1,1
667,9,0.03277318738400936,2,1
668,8,0.07746671140193939,3,1
669,7,0.13098128233104944,4,1
670,6,0.1042785681784153,5,1
671,10,0.10307972878217697,1,1
672,8,0.025449481171866257,3,1
673,8,0.02982594631612301,3,1
674,9,0.10105930268764496,2,1
675,9,0.05356185883283615,2,1
676,5,0.051822040850917496,6,1
677,9,0.10712394770234823,2,1
678,-10,0.07315144687891006,1,0
679,8,0.04044454482694467,3,1
680,-35,0.07329501380698512,46,1
681,6,0.1304353505373001,5,1
682,8,0.06264860245088737,3,1
683,9,0.04941871576011181,2,1
684,10,0.022989988327026367,1,1
685,7,0.02466683741658926,4,1
686,7,0.05206433730199933,4,1
687,10,0.03907244652509689,1,1
688,8,0.2102107269068559,3,1
689,7,0.026063791010528803,4,1
690,8,0.04404089537759622,3,1
691,-19,0.10495476555079222,30,1
692,-22,0.11146174365598144,33,1
693,8,0.07067626342177391,3,1
694,1,0.16748613007366658,10,1
695,8,0.11878785739342372,3,1
696,9,0.07045244798064232,2,1
697,9,0.05822266265749931,2,1
698,8,0.035365392764409385,3,1
699,4,0.13999632533107484,7,1
700,8,0.20582410475860038,3,1
701,6,0.06749269068241119,5,1
702,6,0.03190207853913307,5,1
703,8,0.06808564563592275,3,1
704,8,0.1168680874009927,3,1
705,7,0.03266184963285923,4,1
706,7,0.047700848896056414,4,1
707,8,0.046644192188978195,3,1
708,-1,0.043836263474076986,12,1
709,9,0.24816230265423656,2,1
710,10,0.01300839427858591,1,1
711,8,0.060960416992505394,3,1
712,-27,0.09229695608251189,38,1
713,8,0.12830359612902006,3,1
714,-15,0.07478053531107995,26,1
715,8,0.07215328079958756,3,1
716,7,0.16016987804323435,4,1
717,8,0.17707848797241846,3,1
718,8,0.045123846580584846,3,1
719,3,0.12440610770136118,8,1
720,8,0.09626367688179016,3,1
721,8,0.1892425368229548,3,1
722,8,0.1872651887436708,3,1
723,7,0.05057045258581638,4,1
724,10,0.11851152777671814,1,1
725,9,0.05086440872400999,2,1
726,8,0.07882390792171161,3,1
727,-10,0.03591607138514519,1,0
728,0,0.07021995210512118,11,1
729,8,0.2777287395050128,3,1
730,9,0.02136646769940853,2,1
731,7,0.19263388961553574,4,1
732,8,0.07866186151901881,3,1
733,8,0.15313255166014036,3,1
734,-15,0.1209411734285263,26,1
735,9,0.01930444221943617,2,1
736,10,0.41364413499832153,1,1
737,9,0.02500052284449339,2,1
738,5,0.05638344290976723,6,1
739,8,0.1598965749144554,3,1
740,7,0.11129379086196423,4,1
741,7,0.09661717899143696,4,1
742,6,0.15212673395872117,5,1
743,4,0.06893121131828853,7,1
744,9,0.18585729598999023,2,1
745,7,0.09523951821029186,4,1
746,10,0.08571469783782959,1,1
747,9,0.060975173488259315,2,1
748,9,0.08275144081562757,2,1
749,10,0.12400098890066147,1,1
750,8,0.08823859691619873,3,1
751,-9,0.08696482125669718,20,1
752,10,0.17818789184093475,1,1
753,6,0.08706765323877334,5,1
754,10,0.19495728611946106,1,1
755,10,0.06385616958141327,1,1
756,10,0.04524626582860947,1,1
757,8,0.07587592427929242,3,1
758,7,0.07373203802853823,4,1
759,8,0.344893050690492,3,1
760,6,0.08977890834212303,5,1
761,7,0.11003719735890627,4,1
762,7,0.16644353047013283,4,1
763,8,0.08232411742210388,3,1
764,10,0.09230203926563263,1,1
765,7,0.06099597830325365,4,1
766,7,0.1100053321570158,4,1
767,8,0.10896552602450053,3,1
768,6,0.08695416152477264,5,1
769,10,0.0763075053691864,1,1
770,10,0.13427779078483582,1,1
771,9,0.06466994807124138,2,1
772,8,0.10939346005519231,3,1
773,-12,0.10552469867727031,23,1
774,9,0.09429123997688293,2,1
775,10,0.12123217433691025,1,1
776,8,0.21027430767814317,3,1
777,4,0.0541391455169235,7,1
778,9,0.03402983583509922,2,1
779,-12,0.08932914155656876,23,1
780,9,0.2671482190489769,2,1
781,10,0.0537138395011425,1,1
782,6,0.07402357757091522,5,1
783,8,0.0674134095509847,3,1
784,8,0.31551401565472287,3,1
785,-10,0.028470827266573906,1,0
786,-10,0.059571847319602966,1,0
787,9,0.07929092645645142,2,1
788,8,0.032022783532738686,3,1
789,7,0.06272935681045055,4,1
790,5,0.08465219599505265,6,1
791,10,0.5120229721069336,1,1
792,8,0.09245373929540317,3,1
793,-50,0.08906810436397791,50,0
794,10,0.06961718201637268,1,1
795,8,0.06880999232331912,3,1
796,9,0.09324747696518898,2,1
797,9,0.06319461204111576,2,1
798,10,0.026887012645602226,1,1
799,8,0.0829387679696083,3,1
800,5,0.12327697997291882,6,1
801,6,0.06743935979902745,5,1
802,8,0.16076099003354707,3,1
803,10,0.0660056546330452,1,1
804,10,0.023133952170610428,1,1
805,-20,0.07321746238777714,31,1
806,10,0.05229281261563301,1,1
807,9,0.060790106654167175,2,1
808,9,0.05779273808002472,2,1
809,7,0.16687055490911007,4,1
810,9,0.057768428698182106,2,1
811,10,0.025530559942126274,1,1
812,7,0.14900926873087883,4,1
813,6,0.06912632957100869,5,1
814,10,0.03413722664117813,1,1
815,10,0.03029349446296692,1,1
816,9,0.05331845209002495,2,1
817,-50,0.06526830380782485,50,0
818,9,0.12647216767072678,2,1
819,10,0.03194292634725571,1,1
820,8,0.06991410627961159,3,1
821,7,0.03796779364347458,4,1
822,-6,0.11374829523265362,17,1
823,9,0.04662421904504299,2,1
824,10,0.044131793081760406,1,1
825,6,0.04683032855391502,5,1
826,8,0.025644003103176754,3,1
827,7,0.08164384309202433,4,1
828,8,0.027422624950607617,3,1
829,8,0.04807296022772789,3,1
830,10,0.4634131193161011,1,1
831,9,0.0364576019346714,2,1
832,7,0.06996638001874089,4,1
833,7,0.09345172066241503,4,1
834,10,0.19623449444770813,1,1
835,8,0.12382683530449867,3,1
836,-22,0.11263780750221375,33,1
837,-50,0.10130738694220781,50,0
838,8,0.08431999882062276,3,1
839,-12,0.07409441859825798,23,1
840,7,0.08509959001094103,4,1
841,0,0.07486213337291371,11,1
842,9,0.07004131563007832,2,1
843,8,0.08092837532361348,3,1
844,3,0.07852795417420566,8,1
845,9,0.05690520070493221,2,1
846,-12,0.0750860414751198,23,1
847,10,0.05435136333107948,1,1
848,9,0.025962311774492264,2,1
849,6,0.10061731785535813,5,1
850,8,0.10294102380673091,3,1
851,7,0.22692889533936977,4,1
852,10,0.051740583032369614,1,1
853,-50,0.08912965185940265,50,0
854,1,0.10539581216871738,10,1
855,5,0.04921897128224373,6,1
856,9,0.035305372439324856,2,1
857,-15,0.11281726757685344,6,0
858,7,0.05525773484259844,4,1
859,1,0.12433623857796192,10,1
860,9,0.060066670179367065,2,1
861,7,0.05112995067611337,4,1
862,8,0.051355455070734024,3,1
863,7,0.07258939743041992,4,1
864,8,0.08162763342261314,3,1
865,8,0.10687581201394399,3,1
866,9,0.035117000341415405,2,1
867,8,0.1350339042643706,3,1
868,-13,0.08037933427840471,4,0
869,8,0.04757479578256607,3,1
870,7,0.18222502106800675,4,1
871,7,0.05412892811000347,4,1
872,9,0.054845625534653664,2,1
873,7,0.05431596748530865,4,1
874,9,0.2507840692996979,2,1
875,9,0.07402994111180305,2,1
876,9,0.13230978697538376,2,1
877,-20,0.05797880281123423,31,1
878,-50,0.06059014586731792,50,0
879,9,0.09880713000893593,2,1
880,-50,0.08815077353268862,50,0
881,9,0.04923895560204983,2,1
882,9,0.06876622885465622,2,1
883,9,0.0692208893597126,2,1
884,6,0.0700282946228981,5,1
885,6,0.12969900481402874,5,1
886,10,0.05723881348967552,1,1
887,7,0.1042074803262949,4,1
888,9,0.20123691484332085,2,1
889,-50,0.07417497849091888,50,0
890,10,0.02614068239927292,1,1
891,7,0.02379600889980793,4,1
892,8,0.12945713909963766,3,1
893,9,0.18559912033379078,2,1
894,9,0.03920831810683012,2,1
895,6,0.12078270558267831,5,1
896,10,0.04370543360710144,1,1
897,8,0.06049259131153425,3,1
898,7,0.04599297326058149,4,1
899,8,0.06049393614133199,3,1
900,-2,0.03571827967579548,13,1
901,9,0.02066435758024454,2,1
902,3,0.03675915743224323,8,1
903,8,0.09502528607845306,3,1
904,9,0.09628033638000488,2,1
905,6,0.048824393376708033,5,1
906,8,0.033094972372055054,3,1
907,-3,0.0763773858946349,14,1
908,10,0.041621241718530655,1,1
909,9,0.0783974714577198,2,1
910,7,0.07268266379833221,4,1
911,-50,0.07998240306973457,50,0
912,10,0.07946988195180893,1,1
913,9,0.10192301124334335,2,1
914,7,0.0736806895583868,4,1
915,8,0.1664150928457578,3,1
916,10,0.09255422651767731,1,1
917,-16,0.06988531789156022,27,1
918,-13,0.06583289243280888,24,1
919,9,0.02533655520528555,2,1
920,9,0.061265621334314346,2,1
921,10,0.037775687873363495,1,1
922,9,0.04432683624327183,2,1
923,10,0.057688795030117035,1,1
924,8,0.03969194864233335,3,1
925,8,0.041407198955615364,3,1
926,8,0.02657527041931947,3,1
927,6,0.10664302781224251,5,1
928,10,0.04514938220381737,1,1
929,4,0.042933154585106034,7,1
930,10,0.05817125365138054,1,1
931,9,0.04916044697165489,2,1
932,10,0.03622479364275932,1,1
933,9,0.07417207211256027,2,1
934,10,0.04468202218413353,1,1
935,10,0.2511346936225891,1,1
936,10,0.16147509217262268,1,1
937,3,0.0832389728166163,8,1
938,10,0.01794654317200184,1,1
939,8,0.045147220293680825,3,1
940,9,0.02502150647342205,2,1
941,9,0.05959439743310213,2,1
942,-27,0.06606627074315359,38,1
943,6,0.05053232535719872,5,1
944,9,0.07793610729277134,2,1
945,9,0.28733344934880733,2,1
946,9,0.03554934076964855,2,1
947,6,0.10525183752179146,5,1
948,9,0.05552912689745426,2,1
949,8,0.051941762367884316,3,1
950,8,0.09591639786958694,3,1
951,7,0.09473904501646757,4,1
952,8,0.06663268183668454,3,1
953,-15,0.116138902779382,26,1
954,9,0.05076997634023428,2,1
955,9,0.08268989436328411,2,1
956,7,0.045411305502057076,4,1
957,9,0.10866764187812805,2,1
958,9,0.07985290884971619,2,1
959,8,0.03710618615150452,3,1
960,10,0.017548978328704834,1,1
961,9,0.15584341436624527,2,1
962,6,0.07148051522672176,5,1
963,-24,0.1057358899286815,35,1
964,7,0.049104634672403336,4,1
965,8,0.052617691457271576,3,1
966,9,0.0739816203713417,2,1
967,10,0.034244950860738754,1,1
968,7,0.08220367133617401,4,1
969,10,0.024256804957985878,1,1
970,3,0.049312202143482864,8,1
971,9,0.0608713012188673,2,1
972,7,0.05291731562465429,4,1
973,10,0.07256048917770386,1,1
974,9,0.07006234303116798,2,1
975,7,0.14167188853025436,4,1
976,8,0.06656934631367524,3,1
977,8,0.05072821180025736,3,1
978,8,0.09703193604946136,3,1
979,7,0.09100404195487499,4,1
980,8,0.195254976550738,3,1
981,10,0.0551983006298542,1,1
982,8,0.10403126726547877,3,1
983,6,0.0580093689262867,5,1
984,-50,0.08216150408610702,50,0
985,10,0.06021362170577049,1,1
986,9,0.11473559960722923,2,1
987,-50,0.07214669226668775,50,0
988,-17,0.051455394946970046,8,0
989,9,0.10642086155712605,2,1
990,7,0.0917369476519525,4,1
991,6,0.07638030350208283,5,1
992,10,0.019969327375292778,1,1
993,10,0.12389814853668213,1,1
994,-50,0.06783797778189182,50,0
995,7,0.10479480028152466,4,1
996,-1,0.10442723954717319,12,1
997,-18,0.08110837060315855,29,1
998,9,0.055620523169636726,2,1
999,-1,0.043265741473684706,12,1
1000,10,0.044860996305942535,1,1
1,8,0.06139552469054858,3,1
2,10,0.04317775368690491,1,1
3,6,0.08888958618044854,5,1
4,8,0.09753984337051709,3,1
5,9,0.05758177116513252,2,1
6,8,0.1002151295542717,3,1
7,-50,0.06758974008262157,50,0
8,10,0.07450582832098007,1,1
9,10,0.31909942626953125,1,1
10,-23,0.08912467458011473,34,1
11,-11,0.040888646617531776,2,0
12,7,0.07865410530939698,4,1
13,8,0.04847891628742218,3,1
14,8,0.1134027789036433,3,1
15,8,0.03809091076254845,3,1
16,-17,0.08566334564238787,28,1
17,6,0.08762050382792949,5,1
18,9,0.06338902283459902,2,1
19,9,0.13867371156811714,2,1
20,9,0.028624211438000202,2,1
21,10,0.040223974734544754,1,1
22,10,0.07392068952322006,1,1
23,10,0.06950465589761734,1,1
24,9,0.08418266102671623,2,1
25,9,0.09980373457074165,2,1
26,6,0.04974632486701012,5,1
27,9,0.035582457669079304,2,1
28,10,0.11619238555431366,1,1
29,10,0.20818492770195007,1,1
30,9,0.06713969074189663,2,1
31,8,0.041345139965415,3,1
32,6,0.048328674584627154,5,1
33,-36,0.07422394511547495,47,1
34,10,0.036981649696826935,1,1
35,9,0.05150492303073406,2,1
36,8,0.16717761754989624,3,1
37,-20,0.08977191727007588,31,1
38,10,0.09730683267116547,1,1
39,8,0.03276998487611612,3,1
40,9,0.07941242307424545,2,1
41,10,0.058995675295591354,1,1
42,7,0.10647773928940296,4,1
43,8,0.15299302339553833,3,1
44,8,0.05455789466698965,3,1
45,6,0.06947465240955353,5,1
46,10,0.04371060058474541,1,1
47,7,0.07186571508646011,4,1
48,-11,0.06409871950745583,2,0
49,7,0.029342031106352806,4,1
50,10,0.1683276742696762,1,1
51,10,0.11432909220457077,1,1
52,9,0.045854249969124794,2,1
53,10,0.06274119019508362,1,1
54,-28,0.06947922195570591,39,1
55,7,0.04281223611906171,4,1
56,10,0.11210115253925323,1,1
57,8,0.0721737506488959,3,1
58,10,0.08058758080005646,1,1
59,9,0.11144211888313293,2,1
60,10,0.03748573735356331,1,1
61,8,0.05374550571044286,3,1
62,2,0.03984249383211136,9,1
63,-16,0.08253239488436116,27,1
64,7,0.19296872150152922,4,1
65,9,0.10142845660448074,2,1
66,9,0.09819405525922775,2,1
67,5,0.08455659138659637,6,1
68,7,0.12527139228768647,4,1
69,9,0.053995764814317226,2,1
70,9,0.06688758730888367,2,1
71,9,0.09633509069681168,2,1
72,9,0.03615632839500904,2,1
73,8,0.06581473040084045,3,1
74,10,0.06162340193986893,1,1
75,5,0.037750654543439545,6,1
76,7,0.07155034691095352,4,1
77,6,0.10242718197405339,5,1
78,10,0.08674056082963943,1,1
79,-10,0.0687824690359689,21,1
80,8,0.16179287557800612,3,1
81,10,0.0184636190533638,1,1
82,8,0.09959321717421214,3,1
83,5,0.05686566916604837,6,1
84,9,0.10524624586105347,2,1
85,10,0.0793684870004654,1,1
86,-15,0.06770169921219349,6,0
87,5,0.03398723341524601,6,1
88,8,0.026671563275158405,3,1
89,8,0.08066026928524177,3,1
90,10,0.01923859491944313,1,1
91,8,0.03413738558689753,3,1
92,8,0.0633521427710851,3,1
93,9,0.03771069645881653,2,1
94,8,0.20969431102275848,3,1
95,7,0.029845218872651458,4,1
96,8,0.15213229165722927,3,1
97,7,0.15304479748010635,4,1
98,8,0.07096017710864544,3,1
99,10,0.029214289039373398,1,1
100,8,0.09422459453344345,3,1
101,7,0.14308545738458633,4,1
102,7,0.07712124940007925,4,1
103,9,0.15288297086954117,2,1
104,10,0.0705224797129631,1,1
105,8,0.10796957338849704,3,1
106,10,0.19563475251197815,1,1
107,-10,0.2271292358636856,1,0
108,7,0.08729138877242804,4,1
109,7,0.09027301147580147,4,1
110,9,0.11520375311374664,2,1
111,6,0.06250400878489018,5,1
112,9,0.1413271352648735,2,1
113,10,0.0510915145277977,1,1
114,8,0.04684331143895785,3,1
115,8,0.13070938115318617,3,1
116,-43,0.09447262069100842,34,0
117,6,0.04571290761232376,5,1
118,10,0.06330038607120514,1,1
119,7,0.20886165648698807,4,1
120,7,0.173449682071805,4,1
121,9,0.11488079652190208,2,1
122,-12,0.06253612041473389,3,0
123,8,0.11449459691842397,3,1
124,10,0.07514775544404984,1,1
125,7,0.11569668538868427,4,1
126,9,0.08412937074899673,2,1
127,10,0.09956786036491394,1,1
128,5,0.05997969644765059,6,1
129,9,0.08959122747182846,2,1
130,10,0.08056320995092392,1,1
131,7,0.08300158567726612,4,1
132,6,0.07061116620898247,5,1
133,-8,0.08636828031586974,19,1
134,9,0.07136802189052105,2,1
135,10,0.06048053503036499,1,1
136,10,0.07701810449361801,1,1
137,10,0.058729104697704315,1,1
138,6,0.0644069816917181,5,1
139,5,0.13198171804348627,6,1
140,-50,0.07795854274183511,50,0
141,-8,0.11248399072179668,19,1
142,7,0.042135721538215876,4,1
143,-35,0.08342740117855695,46,1
144,7,0.11279893293976784,4,1
145,9,0.043659452348947525,2,1
146,9,0.08445696160197258,2,1
147,-49,0.08254154799506068,40,0
148,10,0.044232044368982315,1,1
149,9,0.09852790832519531,2,1
150,-10,0.034556277096271515,1,0
151,6,0.05725553445518017,5,1
152,8,0.04305675998330116,3,1
153,-50,0.07796469535678625,50,0
154,10,0.05935774743556976,1,1
155,5,0.13063489956160387,6,1
156,10,0.04027240723371506,1,1
157,9,0.020947815384715796,2,1
158,-15,0.09993974740306537,6,0
159,8,0.17958430821696916,3,1
160,9,0.06330136954784393,2,1
161,9,0.3010102342814207,2,1
162,8,0.07268332193295161,3,1
163,9,0.06875871494412422,2,1
164,8,0.05266215776403745,3,1
165,9,0.062072813510894775,2,1
166,9,0.051089802756905556,2,1
167,9,0.029853904619812965,2,1
168,9,0.06799203716218472,2,1
169,8,0.06962199943761031,3,1
170,7,0.03597824461758137,4,1
171,4,0.06815232283302716,7,1
172,8,0.052865296602249146,3,1
173,9,0.024329787120223045,2,1
174,8,0.10767101372281711,3,1
175,7,0.2503657639026642,4,1
176,-50,0.07297300335019827,50,0
177,7,0.07787427119910717,4,1
178,9,0.0666491836309433,2,1
179,9,0.03464826475828886,2,1
180,6,0.05396365895867348,5,1
181,-10,0.03321364149451256,1,0
182,8,0.04653177596628666,3,1
183,9,0.0460337745025754,2,1
184,0,0.06211480074985461,11,1
185,9,0.03660225495696068,2,1
186,9,0.11445552110671997,2,1
187,6,0.09142831768840551,5,1
188,6,0.2619653642177582,5,1
189,10,0.03873786702752113,1,1
190,6,0.18808182030916215,5,1
191,10,0.09050838649272919,1,1
192,10,0.6610130071640015,1,1
193,9,0.0695886854082346,2,1
194,-11,0.07620841637253761,2,0
195,9,0.06710953637957573,2,1
196,8,0.03406977280974388,3,1
197,9,0.29922373592853546,2,1
198,9,0.06907753646373749,2,1
199,9,0.04742657393217087,2,1
200,-10,0.06797179579734802,1,0
201,10,0.06787261366844177,1,1
202,10,0.0571097731590271,1,1
203,10,0.04651432856917381,1,1
204,10,0.051516879349946976,1,1
205,7,0.07816614210605621,4,1
206,9,0.3225243501365185,2,1
207,9,0.06029656529426575,2,1
208,7,0.1828337460756302,4,1
209,9,0.026988265104591846,2,1
210,8,0.21456535098453364,3,1
211,10,0.0337735153734684,1,1
212,8,0.05802909409006437,3,1
213,8,0.026823666567603748,3,1
214,9,0.045232487842440605,2,1
215,10,0.03719661757349968,1,1
216,8,0.06616817973554134,3,1
217,8,0.0437562953059872,3,1
218,8,0.20745022719105086,3,1
219,8,0.03383844283719858,3,1
220,9,0.24552726279944181,2,1
221,10,0.038078077137470245,1,1
222,10,0.05529699847102165,1,1
223,10,0.03252103552222252,1,1
224,7,0.10150030488148332,4,1
225,10,0.31380513310432434,1,1
226,10,0.05593382939696312,1,1
227,10,0.08438669890165329,1,1
228,7,0.03662482020445168,4,1
229,9,0.03418801352381706,2,1
230,6,0.032650307193398474,5,1
231,9,0.022895720321685076,2,1
232,9,0.1892036870121956,2,1
233,8,0.05943650503953298,3,1
234,8,0.2493997886776924,3,1
235,9,0.027344579808413982,2,1
236,10,0.018587971106171608,1,1
237,6,0.08192141577601433,5,1
238,10,0.11153167486190796,1,1
239,9,0.03683535475283861,2,1
240,9,0.2093501165509224,2,1
241,8,0.11016372467080753,3,1
242,7,0.04910893505439162,4,1
243,-12,0.20807232707738876,3,0
244,-12,0.12066402472555637,23,1
245,7,0.07756087742745876,4,1
246,9,0.055532277561724186,2,1
247,9,0.059204909950494766,2,1
248,10,0.047455549240112305,1,1
249,8,0.07177406425277393,3,1
250,8,0.05185178232689699,3,1
251,9,0.023104132153093815,2,1
252,9,0.0215684212744236,2,1
253,10,0.14574699103832245,1,1
254,8,0.038745918621619545,3,1
255,7,0.0542310425080359,4,1
256,7,0.08964584395289421,4,1
257,8,0.022954847663640976,3,1
258,10,0.01458254549652338,1,1
259,7,0.01177674368955195,4,1
260,-42,0.08503343489472613,33,0
261,8,0.04645662009716034,3,1
262,7,0.04498959053307772,4,1
263,-4,0.09282232746481896,15,1
264,6,0.025374152511358262,5,1
265,9,0.03900847304612398,2,1
266,8,0.05695201580723127,3,1
267,10,0.054504211992025375,1,1
268,9,0.05789773538708687,2,1
269,6,0.052255190908908844,5,1
270,8,0.17239505921800932,3,1
271,-10,0.04497532919049263,1,0
272,10,0.5713488459587097,1,1
273,6,0.13762592524290085,5,1
274,6,0.05505191832780838,5,1
275,6,0.14698936827480794,5,1
276,10,0.04750427231192589,1,1
277,9,0.07490173541009426,2,1
278,9,0.02341612335294485,2,1
279,10,0.05568497255444527,1,1
280,9,0.025201337411999702,2,1
281,10,0.03295477107167244,1,1
282,10,0.016666430979967117,1,1
283,9,0.05638824496418238,2,1
284,8,0.04465333248178164,3,1
285,10,0.05904676020145416,1,1
286,7,0.07475809846073389,4,1
287,9,0.2738384287804365,2,1
288,6,0.13035131096839905,5,1
289,9,0.06233120337128639,2,1
290,7,0.05916354712098837,4,1
291,8,0.06515928233663242,3,1
292,-11,0.04629375413060188,2,0
293,9,0.07447932288050652,2,1
294,7,0.14329249924048781,4,1
295,5,0.13987415532271066,6,1
296,6,0.03325116019695997,5,1
297,7,0.03508862853050232,4,1
298,8,0.23973786706725755,3,1
299,10,0.07504547387361526,1,1
300,9,0.0325149018317461,2,1
301,10,0.033079005777835846,1,1
302,-14,0.0664282850921154,5,0
303,9,0.07150089740753174,2,1
304,10,0.048295438289642334,1,1
305,10,0.03868479281663895,1,1
306,8,0.18665542205174765,3,1
307,5,0.06352919215957324,6,1
308,7,0.03983000246807933,4,1
309,9,0.2639293884858489,2,1
310,10,0.06992845237255096,1,1
311,6,0.13452237285673618,5,1
312,9,0.031916423700749874,2,1
313,7,0.16183377522975206,4,1
314,10,0.08369829505681992,1,1
315,8,0.044275589287281036,3,1
316,10,0.04638068377971649,1,1
317,9,0.018022485077381134,2,1
318,7,0.08652459224686027,4,1
319,10,0.08552201837301254,1,1
320,10,0.017738210037350655,1,1
321,8,0.07192988942066829,3,1
322,8,0.09575180212656657,3,1
323,9,0.04260964412242174,2,1
324,6,0.06743583530187607,5,1
325,-18,0.11632516042425714,29,1
326,10,0.4430410861968994,1,1
327,9,0.04865563753992319,2,1
328,9,0.0427593719214201,2,1
329,9,0.022059591487050056,2,1
330,7,0.1497604651376605,4,1
331,7,0.0768160461448133,4,1
332,9,0.06317336857318878,2,1
333,8,0.041542778412501015,3,1
334,9,0.20571324974298477,2,1
335,9,0.0584439430385828,2,1
336,8,0.0467169222732385,3,1
337,10,0.03513924777507782,1,1
338,10,0.051247887313365936,1,1
339,10,0.11084428429603577,1,1
340,7,0.1397498520091176,4,1
341,8,0.04796816905339559,3,1
342,9,0.04102059826254845,2,1
343,-39,0.12919796694070101,50,1
344,8,0.06458608557780583,3,1
345,10,0.06618674844503403,1,1
346,7,0.07767982129007578,4,1
347,-24,0.08073863839464528,35,1
348,4,0.053715555263417106,7,1
349,10,0.030726347118616104,1,1
350,9,0.12606876716017723,2,1
351,8,0.18972749014695486,3,1
352,10,0.04836272448301315,1,1
353,10,0.10206399857997894,1,1
354,7,0.1463776845484972,4,1
355,-50,0.09368773356080055,50,0
356,10,0.053220491856336594,1,1
357,7,0.05554809933528304,4,1
358,8,0.03400578039387862,3,1
359,9,0.04812891222536564,2,1
360,9,0.045285385102033615,2,1
361,6,0.04188278280198574,5,1
362,-18,0.0880091814003114,29,1
363,9,0.04080896731466055,2,1
364,10,0.02213887684047222,1,1
365,3,0.06521916040219367,8,1
366,6,0.028320223838090897,5,1
367,10,0.02050069533288479,1,1
368,10,0.04073219746351242,1,1
369,9,0.02770214155316353,2,1
370,8,0.04865720743934313,3,1
371,-50,0.053552071377635,50,0
372,10,0.05534104257822037,1,1
373,7,0.1671839915215969,4,1
374,9,0.2405230887234211,2,1
375,-10,0.09344414710288956,21,1
376,9,0.06564955972135067,2,1
377,4,0.05932588502764702,7,1
378,7,0.0649612583220005,4,1
379,-17,0.05297553259879351,8,0
380,8,0.04957602359354496,3,1
381,-31,0.09361880141798229,42,1
382,9,0.021680175326764584,2,1
383,9,0.29753687232732773,2,1
384,8,0.17803849279880524,3,1
385,-15,0.07487761353453,6,0
386,8,0.13598827148477236,3,1
387,9,0.05973399616777897,2,1
388,-50,0.11513439953327179,50,0
389,6,0.2061290167272091,5,1
390,-12,0.1306667919068233,23,1
391,10,0.43484050035476685,1,1
392,7,0.05225152987986803,4,1
393,9,0.10535422712564468,2,1
394,10,0.03009359911084175,1,1
395,10,0.05234215408563614,1,1
396,8,0.03217644492785136,3,1
397,8,0.1556922011077404,3,1
398,9,0.07640421204268932,2,1
399,-10,0.010020780377089977,1,0
400,-30,0.0786487003788352,41,1
401,-14,0.07499164789915085,5,0
402,9,0.11363157257437706,2,1
403,8,0.025116415694355965,3,1
404,9,0.21195540949702263,2,1
405,-15,0.09453582312338628,26,1
406,7,0.12408813647925854,4,1
407,7,0.18243279587477446,4,1
408,8,0.03015081336100896,3,1
409,10,0.07052834331989288,1,1
410,10,0.07528907805681229,1,1
411,10,0.03635460510849953,1,1
412,10,0.03404005244374275,1,1
413,7,0.21173092164099216,4,1
414,7,0.12098599504679441,4,1
415,10,0.13836944103240967,1,1
416,9,0.06358843483030796,2,1
417,9,0.022379023488610983,2,1
418,7,0.036735883448272943,4,1
419,7,0.044649549294263124,4,1
420,9,0.1825260273180902,2,1
421,10,0.12177139520645142,1,1
422,-23,0.07853227637379485,34,1
423,9,0.18152287602424622,2,1
424,10,0.03375548869371414,1,1
425,9,0.0636861901730299,2,1
426,9,0.09142744913697243,2,1
427,10,0.03629466891288757,1,1
428,8,0.1346319237103065,3,1
429,8,0.06992788488666217,3,1
430,10,0.04823744297027588,1,1
431,-18,0.08280690168512278,29,1
432,9,0.3237833082675934,2,1
433,9,0.11076995730400085,2,1
434,7,0.10320023633539677,4,1
435,8,0.09416406104962032,3,1
436,6,0.046994494274258614,5,1
437,0,0.06872717206451026,11,1
438,10,0.3841588795185089,1,1
439,-5,0.1194304843666032,16,1
440,8,0.1523662693798542,3,1
441,7,0.11777481995522976,4,1
442,9,0.10245153680443764,2,1
443,8,0.13900786265730858,3,1
444,7,0.10813132207840681,4,1
445,7,0.10655355826020241,4,1
446,9,0.22514143213629723,2,1
447,7,0.14490967337042093,4,1
448,9,0.055071860551834106,2,1
449,7,0.12169436365365982,4,1
450,9,0.05381953902542591,2,1
451,10,0.08834106475114822,1,1
452,9,0.08637326955795288,2,1
453,7,0.06231237854808569,4,1
454,9,0.08682575449347496,2,1
455,7,0.0497140372171998,4,1
456,9,0.1091539803892374,2,1
457,10,0.0543251596391201,1,1
458,-27,0.1361920058520304,18,0
459,-50,0.1205506795272231,50,0
460,8,0.14375900477170944,3,1
461,8,0.059991780668497086,3,1
462,0,0.09353052147410133,11,1
463,8,0.05559628767271837,3,1
464,-50,0.07939970772713423,50,0
465,6,0.11708310693502426,5,1
466,-10,0.03011969104409218,1,0
467,-50,0.08550736777484418,50,0
468,-36,0.11517281833760164,27,0
469,8,0.04695550724864006,3,1
470,-20,0.11149575807634861,31,1
471,7,0.06978601962327957,4,1
472,-50,0.08747297823429108,50,0
473,8,0.09167870754996936,3,1
474,8,0.10184470688303311,3,1
475,6,0.09177225679159165,5,1
476,9,0.061457276344299316,2,1
477,9,0.038450462743639946,2,1
478,6,0.05371400937438011,5,1
479,4,0.03387220975543771,7,1
480,8,0.1194913275539875,3,1
481,5,0.04179369689275821,6,1
482,8,0.21271667256951332,3,1
483,10,0.054733067750930786,1,1
484,10,0.024119529873132706,1,1
485,10,0.08808346837759018,1,1
486,8,0.032479636992017426,3,1
487,6,0.24062370806932448,5,1
488,-4,0.05137915027638276,15,1
489,6,0.06242396347224712,5,1
490,7,0.045424871146678925,4,1
491,-50,0.10172480177134276,50,0
492,7,0.081801344640553,4,1
493,8,0.14410371085007986,3,1
494,9,0.025063027627766132,2,1
495,6,0.026742894574999808,5,1
496,8,0.13451378047466278,3,1
497,9,0.0767460260540247,2,1
498,7,0.07928125001490116,4,1
499,-3,0.0751271757430264,14,1
500,-50,0.08203947259113192,50,0
501,-2,0.08775211397845012,13,1
502,9,0.08676810190081596,2,1
503,10,0.06615893542766571,1,1
504,9,0.061188772320747375,2,1
505,7,0.06629921495914459,4,1
506,-2,0.06517800473822997,13,1
507,9,0.043403079733252525,2,1
508,9,0.06662759929895401,2,1
509,7,0.14731802977621555,4,1
510,10,0.06296895444393158,1,1
511,8,0.05836603914697965,3,1
512,5,0.15508163596192995,6,1
513,10,0.08015032112598419,1,1
514,7,0.03432217240333557,4,1
515,10,0.312922865152359,1,1
516,7,0.043419716879725456,4,1
517,9,0.04651166871190071,2,1
518,6,0.07990971580147743,5,1
519,-4,0.09693863255282244,15,1
520,9,0.053522901609539986,2,1
521,9,0.16187574714422226,2,1
522,8,0.04074944804112116,3,1
523,-4,0.06134091789523761,15,1
524,8,0.11676729346315066,3,1
525,7,0.08696963405236602,4,1
526,9,0.12068886402994394,2,1
527,8,0.1516498178243637,3,1
528,9,0.08755552629008889,2,1
529,7,0.07123020244762301,4,1
530,9,0.050901719368994236,2,1
531,8,0.17493747423092523,3,1
532,9,0.06525009498000145,2,1
533,-10,0.09966779500246048,1,0
534,9,0.04283792804926634,2,1
535,9,0.07231378182768822,2,1
536,9,0.05308016762137413,2,1
537,-50,0.083183309212327,50,0
538,8,0.046630475049217544,3,1
539,10,0.0597277507185936,1,1
540,-14,0.08895685203373432,25,1
541,10,0.030468938872218132,1,1
542,8,0.0385719525317351,3,1
543,10,0.026916300877928734,1,1
544,-27,0.08880157425607506,38,1
545,10,0.0489531047642231,1,1
546,6,0.07892339825630187,5,1
547,10,0.02622726373374462,1,1
548,9,0.14818986505270004,2,1
549,9,0.06833999417722225,2,1
550,10,0.04890649393200874,1,1
551,8,0.03951417747884989,3,1
552,6,0.08512525334954262,5,1
553,6,0.11160954236984252,5,1
554,6,0.04248373918235302,5,1
555,10,0.05839058384299278,1,1
556,8,0.0430238942305247,3,1
557,9,0.056743946857750416,2,1
558,8,0.06394714427491029,3,1
559,9,0.09420834481716156,2,1
560,8,0.07944271216789882,3,1
561,-18,0.05981955465314717,29,1
562,9,0.04593268781900406,2,1
563,10,0.0298285074532032,1,1
564,8,0.07745017856359482,3,1
565,10,0.04743801802396774,1,1
566,8,0.08667192235589027,3,1
567,7,0.1166010326705873,4,1
568,7,0.043366660829633474,4,1
569,-5,0.06853267410770059,16,1
570,8,0.026986155658960342,3,1
571,8,0.0270149577409029,3,1
572,10,0.03354586288332939,1,1
573,10,0.017780717462301254,1,1
574,10,0.030076470226049423,1,1
575,9,0.051880632527172565,2,1
576,8,0.08640642339984576,3,1
577,10,0.047845739871263504,1,1
578,9,0.07973486743867397,2,1
579,-11,0.2862458936870098,2,0
580,9,0.051037488505244255,2,1
581,8,0.10245602950453758,3,1
582,9,0.10249374061822891,2,1
583,-10,0.07690259503821532,21,1
584,10,0.0429324172437191,1,1
585,9,0.04812166839838028,2,1
586,7,0.08175239525735378,4,1
587,4,0.07393768775675978,7,1
588,-43,0.07453512329169933,34,0
589,10,0.017303768545389175,1,1
590,8,0.0658663126329581,3,1
591,6,0.08568134177476168,5,1
592,-10,0.09617625921964645,1,0
593,10,0.04233953729271889,1,1
594,8,0.0514169471959273,3,1
595,10,0.02506217546761036,1,1
596,9,0.08523213118314743,2,1
597,9,0.09154394641518593,2,1
598,10,0.1698811799287796,1,1
599,9,0.09963758289813995,2,1
600,10,0.07227729260921478,1,1
601,8,0.17117041846116385,3,1
602,6,0.0813252530992031,5,1
603,8,0.1431305706501007,3,1
604,0,0.07302724332972006,11,1
605,8,0.0483580008149147,3,1
606,9,0.04826447740197182,2,1
607,10,0.027017783373594284,1,1
608,9,0.0792036447674036,2,1
609,9,0.07681975327432156,2,1
610,-28,0.07535783765025628,39,1
611,9,0.03912963904440403,2,1
612,-50,0.060048035029321906,50,0
613,10,0.02121155709028244,1,1
614,8,0.07830183394253254,3,1
615,4,0.05124757891254766,7,1
616,9,0.06592021510004997,2,1
617,1,0.07894956022500992,10,1
618,10,0.046413347125053406,1,1
619,9,0.05397670902311802,2,1
620,7,0.12267462443560362,4,1
621,9,0.05099296756088734,2,1
622,10,0.06794948875904083,1,1
623,9,0.0863046906888485,2,1
624,6,0.09170548096299172,5,1
625,8,0.07640913873910904,3,1
626,9,0.10515219997614622,2,1
627,5,0.08482659763346116,6,1
628,-6,0.05713848035563441,17,1
629,-10,0.0227205827832222,1,0
630,8,0.02315952970335881,3,1
631,8,0.021894946073492367,3,1
632,6,0.029601067677140235,5,1
633,9,0.16570037882775068,2,1
634,8,0.12394438187281291,3,1
635,8,0.032229345912734665,3,1
636,7,0.02078185079153627,4,1
637,-10,0.026664895936846733,1,0
638,9,0.039999425411224365,2,1
639,8,0.02759385295212269,3,1
640,8,0.02928672047952811,3,1
641,10,0.02797853946685791,1,1
642,10,0.01867188885807991,1,1
643,8,0.03444614882270495,3,1
644,10,0.0873020589351654,1,1
645,9,0.04062940273433924,2,1
646,8,0.02007821885248025,3,1
647,6,0.039813845232129094,5,1
648,10,0.012339837849140167,1,1
649,9,0.17992354929447174,2,1
650,9,0.05231093429028988,2,1
651,-8,0.07288274247395365,19,1
652,-10,0.0150819206610322,1,0
653,-6,0.09709671884775162,17,1
654,9,0.07701274752616882,2,1
655,9,0.03685045521706343,2,1
656,-30,0.12629578750943993,41,1
657,10,0.025837285444140434,1,1
658,9,0.022521203383803368,2,1
659,9,0.06554161291569471,2,1
660,6,0.09029590077698231,5,1
661,8,0.060002364218235016,3,1
662,9,0.15666533634066582,2,1
663,10,0.09891928732395172,1,1
664,9,0.1905132606625557,2,1
665,9,0.01545164454728365,2,1
666,7,0.053587364964187145,4,1
667,10,0.044464223086833954,1,1
668,10,0.059395771473646164,1,1
669,10,0.1548479050397873,1,1
670,7,0.11614576913416386,4,1
671,6,0.055722848139703275,5,1
672,8,0.03692725362877051,3,1
673,-50,0.07747348496690393,50,0
674,9,0.04220332205295563,2,1
675,9,0.07867589220404625,2,1
676,9,0.03240059409290552,2,1
677,7,0.03883360372856259,4,1
678,5,0.10342699599762757,6,1
679,8,0.050549144546190895,3,1
680,9,0.04716923460364342,2,1
681,4,0.08098770944135529,7,1
682,9,0.0569901317358017,2,1
683,-10,0.029834482818841934,1,0
684,-7,0.08325282463596927,18,1
685,9,0.16015254706144333,2,1
686,9,0.22381954547017813,2,1
687,10,0.1804964393377304,1,1
688,8,0.06904542570312817,3,1
689,8,0.07614233220616977,3,1
690,-50,0.09688330423086881,50,0
691,9,0.050803156569600105,2,1
692,7,0.0741196284070611,4,1
693,-3,0.09506577146904809,14,1
694,8,0.06898835798104604,3,1
695,10,0.057039134204387665,1,1
696,2,0.10958489837745826,9,1
697,7,0.08323026448488235,4,1
698,9,0.05385799892246723,2,1
699,1,0.06954552941024303,10,1
700,7,0.054013213608413935,4,1
701,8,0.03810121056934198,3,1
702,9,0.02966193947941065,2,1
703,9,0.02896992489695549,2,1
704,-3,0.09202506892117006,14,1
705,-50,0.07746080502867699,50,0
706,10,0.03614388778805733,1,1
707,8,0.08784212172031403,3,1
708,5,0.0901007732997338,6,1
709,-50,0.0673786740284413,50,0
710,10,0.026516903191804886,1,1
711,6,0.0602635033428669,5,1
712,8,0.041452559332052864,3,1
713,10,0.052047695964574814,1,1
714,4,0.0905151939285653,7,1
715,9,0.09668928943574429,2,1
716,-10,0.1584540456533432,1,0
717,8,0.03776547188560168,3,1
718,9,0.04031718522310257,2,1
719,10,0.08537086099386215,1,1
720,10,0.038357269018888474,1,1
721,8,0.07446753357847531,3,1
722,8,0.04303071089088917,3,1
723,10,0.05145306885242462,1,1
724,9,0.08161820843815804,2,1
725,7,0.09207234717905521,4,1
726,10,0.09632789343595505,1,1
727,6,0.15162023454904555,5,1
728,10,0.048416875302791595,1,1
729,10,0.3549472987651825,1,1
730,10,0.04831117019057274,1,1
731,8,0.06222145880262057,3,1
732,10,0.01810232549905777,1,1
733,8,0.026382472986976307,3,1
734,8,0.042959277828534446,3,1
735,7,0.10783090442419052,4,1
736,-10,0.11834073811769485,1,0
737,6,0.1029975764453411,5,1
738,9,0.1570935659110546,2,1
739,8,0.06727244332432747,3,1
740,9,0.06479550618678331,2,1
741,7,0.06321926042437553,4,1
742,-50,0.10435111969709396,50,0
743,8,0.08736901575078566,3,1
744,9,0.087643938139081,2,1
745,7,0.06453343876637518,4,1
746,8,0.042569479594628014,3,1
747,6,0.17881073132157327,5,1
748,6,0.06637500673532486,5,1
749,10,0.04444947466254234,1,1
750,9,0.0972811933606863,2,1
751,8,0.030928601200381916,3,1
752,9,0.17333835270255804,2,1
753,9,0.035338446497917175,2,1
754,10,0.034571267664432526,1,1
755,-3,0.052917766251734326,14,1
756,7,0.05356036080047488,4,1
757,10,0.03566194325685501,1,1
758,7,0.08650033501908183,4,1
759,10,0.0914306715130806,1,1
760,-50,0.10999276082962751,50,0
761,10,0.1808134913444519,1,1
762,8,0.12896131351590157,3,1
763,10,0.05521611124277115,1,1
764,7,0.16765915136784315,4,1
765,10,0.020544836297631264,1,1
766,-10,0.37846827507019043,1,0
767,7,0.12271110620349646,4,1
768,9,0.06959671527147293,2,1
769,8,0.04836598038673401,3,1
770,7,0.06218643672764301,4,1
771,-10,0.02109931968152523,1,0
772,7,0.07111693313345313,4,1
773,8,0.07518324876825015,3,1
774,9,0.043677233159542084,2,1
775,6,0.037088348530232906,5,1
776,9,0.09118336718529463,2,1
777,10,0.043421026319265366,1,1
778,7,0.04574734391644597,4,1
779,9,0.020865652710199356,2,1
780,10,0.04693840444087982,1,1
781,9,0.04293995350599289,2,1
782,7,0.027593335136771202,4,1
783,9,0.06961608026176691,2,1
784,7,0.056664118310436606,4,1
785,-3,0.056390986245657714,14,1
786,5,0.13462667788068453,6,1
787,8,0.021918372561534245,3,1
788,6,0.0803211972117424,5,1
789,6,0.05726090297102928,5,1
790,7,0.06698897946625948,4,1
791,7,0.043346462305635214,4,1
792,10,0.043184489011764526,1,1
793,9,0.07655738294124603,2,1
794,8,0.06033985999723276,3,1
795,9,0.018079216592013836,2,1
796,8,0.046031867464383446,3,1
797,6,0.1292839054018259,5,1
798,7,0.07523982971906662,4,1
799,9,0.050423065200448036,2,1
800,9,0.03084839414805174,2,1
801,8,0.055383785317341484,3,1
802,9,0.023908788338303566,2,1
803,3,0.14021930389571935,8,1
804,7,0.028391895815730095,4,1
805,-10,0.24274463951587677,1,0
806,-29,0.1255463662557304,20,0
807,5,0.13462756822506586,6,1
808,9,0.06138195842504501,2,1
809,-10,0.12583455443382263,1,0
810,7,0.07402729336172342,4,1
811,9,0.0512690506875515,2,1
812,8,0.20275376116236052,3,1
813,9,0.05896095559000969,2,1
814,8,0.09531313429276149,3,1
815,7,0.12126088561490178,4,1
816,10,0.10114961862564087,1,1
817,-3,0.07975461427122355,14,1
818,-13,0.1520140841603279,4,0
819,9,0.11467191204428673,2,1
820,8,0.06642163544893265,3,1
821,9,0.12027080729603767,2,1
822,-10,0.03058202564716339,1,0
823,7,0.11922313738614321,4,1
824,9,0.35704509913921356,2,1
825,8,0.12476653419435024,3,1
826,7,0.07721125986427069,4,1
827,6,0.04241640195250511,5,1
828,8,0.04460120697816213,3,1
829,9,0.02597984205931425,2,1
830,9,0.038466837257146835,2,1
831,8,0.02578179972867171,3,1
832,7,0.16798874363303185,4,1
833,6,0.0732874482870102,5,1
834,10,0.09843100607395172,1,1
835,9,0.26027268171310425,2,1
836,5,0.2150209154933691,6,1
837,9,0.031081431545317173,2,1
838,7,0.049729795195162296,4,1
839,9,0.09700106643140316,2,1
840,10,0.054757554084062576,1,1
841,9,0.06130867265164852,2,1
842,9,0.04059375822544098,2,1
843,8,0.14926535139481226,3,1
844,-50,0.12606432963162661,50,0
845,-50,0.1009779815748334,50,0
846,10,0.10397394001483917,1,1
847,8,0.03097644882897536,3,1
848,10,0.023273319005966187,1,1
849,6,0.047041913494467735,5,1
850,7,0.036623739171773195,4,1
851,10,0.0682399645447731,1,1
852,8,0.06512012208501498,3,1
853,10,0.10929527133703232,1,1
854,6,0.11238489598035813,5,1
855,10,0.01594097539782524,1,1
856,10,0.026977097615599632,1,1
857,9,0.04102184996008873,2,1
858,9,0.046598141081631184,2,1
859,5,0.2097091314693292,6,1
860,8,0.03420676104724407,3,1
861,9,0.06845499761402607,2,1
862,8,0.11755704879760742,3,1
863,10,0.013826277107000351,1,1
864,7,0.04686857620254159,4,1
865,-6,0.07131663693443817,17,1
866,10,0.32668471336364746,1,1
867,8,0.11591915662089984,3,1
868,9,0.07783864438533783,2,1
869,8,0.10092052817344666,3,1
870,8,0.16093101104100546,3,1
871,9,0.03436497692018747,2,1
872,10,0.10798051953315735,1,1
873,6,0.12174155041575432,5,1
874,9,0.051856137812137604,2,1
875,9,0.0522309560328722,2,1
876,8,0.04965537662307421,3,1
877,8,0.08413846790790558,3,1
878,9,0.08345424383878708,2,1
879,8,0.035476130743821464,3,1
880,9,0.060851121321320534,2,1
881,7,0.055400218814611435,4,1
882,9,0.039241351187229156,2,1
883,7,0.11506126401945949,4,1
884,-28,0.09361672807389344,39,1
885,9,0.03737948462367058,2,1
886,-50,0.10978457693010568,50,0
887,6,0.08961020968854427,5,1
888,8,0.048337314277887344,3,1
889,3,0.09719614847563207,8,1
890,-4,0.08259572399159272,15,1
891,7,0.0556580601260066,4,1
892,9,0.14038874208927155,2,1
893,8,0.22223878155152002,3,1
894,8,0.03577794134616852,3,1
895,7,0.10394995100796223,4,1
896,10,0.0260459054261446,1,1
897,10,0.043709274381399155,1,1
898,9,0.16637422144412994,2,1
899,7,0.051170626655220985,4,1
900,5,0.09829652464638154,6,1
901,-17,0.11019264780251044,28,1
902,7,0.0559492576867342,4,1
903,10,0.1512177586555481,1,1
904,8,0.13250552862882614,3,1
905,8,0.2066200959185759,3,1
906,9,0.117166792973876,2,1
907,9,0.07227106019854546,2,1
908,6,0.13740260452032088,5,1
909,9,0.04210815019905567,2,1
910,7,0.07129293261095881,4,1
911,10,0.0725092887878418,1,1
912,10,0.10174839943647385,1,1
913,7,0.1029446953907609,4,1
914,10,0.06467592716217041,1,1
915,8,0.060905409355958305,3,1
916,8,0.10887930790583293,3,1
917,9,0.06719201430678368,2,1
918,9,0.1358344852924347,2,1
919,9,0.04946103319525719,2,1
920,-14,0.06118443883955479,25,1
921,9,0.14491567760705948,2,1
922,7,0.037154699210077524,4,1
923,8,0.06145213916897774,3,1
924,-25,0.08104631669508915,36,1
925,10,0.15360771119594574,1,1
926,6,0.07021522000432015,5,1
927,9,0.04865371808409691,2,1
928,7,0.11969158775173128,4,1
929,9,0.06964455544948578,2,1
930,10,0.11391443014144897,1,1
931,-31,0.0728890456347948,42,1
932,8,0.055910032242536545,3,1
933,6,0.05704109165817499,5,1
934,9,0.028325525112450123,2,1
935,9,0.04189387522637844,2,1
936,10,0.2977503836154938,1,1
937,-10,0.0385841503739357,1,0
938,9,0.05362227372825146,2,1
939,8,0.06306808224568765,3,1
940,9,0.03314968105405569,2,1
941,8,0.022948873229324818,3,1
942,8,0.05047723030050596,3,1
943,9,0.08237044513225555,2,1
944,10,0.18001917004585266,1,1
945,9,0.01896104635670781,2,1
946,8,0.046193075676759086,3,1
947,8,0.05915821219484011,3,1
948,7,0.11013271100819111,4,1
949,9,0.17022966966032982,2,1
950,10,0.018944941461086273,1,1
951,9,0.14557591918855906,2,1
952,7,0.0517507866024971,4,1
953,6,0.17360942680388688,5,1
954,9,0.21379495039582253,2,1
955,7,0.07133658789098263,4,1
956,7,0.17024863325059414,4,1
957,-35,0.07480023374133137,46,1
958,9,0.06625508330762386,2,1
959,10,0.07181128114461899,1,1
960,-12,0.06810107765098412,3,0
961,10,0.4824267327785492,1,1
962,9,0.05362911708652973,2,1
963,9,0.061173560097813606,2,1
964,10,0.018972191959619522,1,1
965,9,0.11677128449082375,2,1
966,-50,0.08835916165262461,50,0
967,9,0.0504060760140419,2,1
968,8,0.1120073776692152,3,1
969,4,0.045790301369769235,7,1
970,8,0.026993917301297188,3,1
971,10,0.1209811344742775,1,1
972,7,0.16910528764128685,4,1
973,9,0.10334983468055725,2,1
974,8,0.03848035881916682,3,1
975,8,0.03706559166312218,3,1
976,8,0.1249412049849828,3,1
977,10,0.0494268499314785,1,1
978,9,0.3143305107951164,2,1
979,8,0.042042900497714676,3,1
980,8,0.030954835936427116,3,1
981,10,0.04891158640384674,1,1
982,8,0.09004977345466614,3,1
983,10,0.17055512964725494,1,1
984,7,0.09941505221650004,4,1
985,7,0.17804118525236845,4,1
986,7,0.031220581848174334,4,1
987,7,0.04712504241615534,4,1
988,5,0.04295941970000664,6,1
989,7,0.15582308638840914,4,1
990,6,0.06398879662156105,5,1
991,7,0.16024579014629126,4,1
992,7,0.04595506843179464,4,1
993,9,0.11728037521243095,2,1
994,-27,0.11707878174881141,18,0
995,-10,0.20986418426036835,1,0
996,8,0.2596201573808988,3,1
997,4,0.06582395599356719,7,1
998,-33,0.10037121324884621,44,1
999,0,0.09807641482488676,11,1
1000,9,0.047816913574934006,2,1
1,9,0.1615307368338108,2,1
2,7,0.1326932031661272,4,1
3,10,0.05694377422332764,1,1
4,8,0.19185969233512878,3,1
5,8,0.07021352524558704,3,1
6,-50,0.0931844813376665,50,0
7,9,0.42611412331461906,2,1
8,-10,0.10725171039147037,21,1
9,-32,0.12731062094478504,23,0
10,7,0.03195036202669144,4,1
11,10,0.10061086714267731,1,1
12,-50,0.08000928055495024,50,0
13,7,0.05465964786708355,4,1
14,10,0.06979042291641235,1,1
15,10,0.013730614446103573,1,1
16,-7,0.06538475294493967,18,1
17,10,0.025117220357060432,1,1
18,7,0.05451591592282057,4,1
19,-2,0.06248664010602694,13,1
20,8,0.09110153963168462,3,1
21,9,0.0892304889857769,2,1
22,10,0.0658886581659317,1,1
23,-5,0.0756324022077024,16,1
24,8,0.03084970700244109,3,1
25,8,0.053933163483937584,3,1
26,9,0.03185964468866587,2,1
27,7,0.06161121651530266,4,1
28,9,0.26745432429015636,2,1
29,9,0.04170563258230686,2,1
30,10,0.039419986307621,1,1
31,10,0.05253041908144951,1,1
32,2,0.05971583796458112,9,1
33,9,0.3098984509706497,2,1
34,9,0.06562669947743416,2,1
35,9,0.0798147302120924,2,1
36,9,0.07586803752928972,2,1
37,-26,0.08019863118362777,17,0
38,10,0.027589283883571625,1,1
39,9,0.07098530605435371,2,1
40,8,0.06207280047237873,3,1
41,10,0.04473523795604706,1,1
42,7,0.03455529781058431,4,1
43,9,0.023315835744142532,2,1
44,-50,0.11070795394480229,50,0
45,9,0.2612863015383482,2,1
46,9,0.07585265301167965,2,1
47,9,0.05575244873762131,2,1
48,9,0.23342163488268852,2,1
49,10,0.0779070109128952,1,1
50,7,0.09124922379851341,4,1
51,10,0.42994222044944763,1,1
52,8,0.15728740394115448,3,1
53,6,0.19395073801279067,5,1
54,9,0.05610785260796547,2,1
55,-22,0.07590056921948087,33,1
56,-18,0.0958446461450437,29,1
57,8,0.04084714874625206,3,1
58,10,0.06597281992435455,1,1
59,-24,0.10152129206274237,35,1
60,10,0.0519438162446022,1,1
61,8,0.11977812647819519,3,1
62,-10,0.021873410791158676,1,0
63,9,0.08285079710185528,2,1
64,7,0.14184748847037554,4,1
65,8,0.054100086291631065,3,1
66,8,0.16931909819444022,3,1
67,8,0.05291500315070152,3,1
68,10,0.023074189200997353,1,1
69,7,0.15856984304264188,4,1
70,9,0.03245236445218325,2,1
71,8,0.11324118822813034,3,1
72,9,0.05869198404252529,2,1
73,9,0.04083278588950634,2,1
74,10,0.07962261140346527,1,1
75,10,0.4124210774898529,1,1
76,-25,0.16192909247345394,36,1
77,-3,0.07107222971639462,14,1
78,7,0.0933162672445178,4,1
79,8,0.08225287621219952,3,1
80,-50,0.06596757296472788,50,0
81,-12,0.03972196330626806,3,0
82,8,0.05943239790697893,3,1
83,-39,0.08751507930457592,50,1
84,8,0.09678246080875397,3,1
85,6,0.059539084509015086,5,1
86,9,0.025885424576699734,2,1
87,8,0.054473224406441055,3,1
88,9,0.03742279950529337,2,1
89,9,0.048271141946315765,2,1
90,8,0.09647216399510701,3,1
91,8,0.04938484231630961,3,1
92,7,0.058364362455904484,4,1
93,10,0.05383480340242386,1,1
94,10,0.08754082024097443,1,1
95,10,0.08355861902236938,1,1
96,-13,0.09688125682684283,24,1
97,9,0.15740667283535004,2,1
98,7,0.047584109008312225,4,1
99,9,0.06632520072162151,2,1
100,-50,0.07188767524436117,50,0
101,7,0.05472535127773881,4,1
102,7,0.1457338568288833,4,1
103,9,0.055898831225931644,2,1
104,9,0.18867337331175804,2,1
105,9,0.05287336837500334,2,1
106,7,0.033617499051615596,4,1
107,10,0.037004586309194565,1,1
108,9,0.027763442136347294,2,1
109,10,0.05703502148389816,1,1
110,10,0.11851029098033905,1,1
111,6,0.06079438850283623,5,1
112,9,0.24082735367119312,2,1
113,-50,0.07441953811794519,50,0
114,-10,0.21134203672409058,1,0
115,9,0.15537858568131924,2,1
116,8,0.11328296239177386,3,1
117,8,0.05130689156552156,3,1
118,-10,0.010083808563649654,1,0
119,6,0.1150208106264472,5,1
120,6,0.056385022774338725,5,1
121,8,0.25805801960329217,3,1
122,9,0.0636125709861517,2,1
123,10,0.4121825397014618,1,1
124,10,0.1455608457326889,1,1
125,10,0.5020921230316162,1,1
126,7,0.07107948791235685,4,1
127,-28,0.08836195570154068,39,1
128,10,0.4253969192504883,1,1
129,9,0.06133545935153961,2,1
130,9,0.040101733058691025,2,1
131,6,0.12368678078055381,5,1
132,10,0.1445649415254593,1,1
133,10,0.03488892689347267,1,1
134,7,0.0368599290959537,4,1
135,10,0.053625982254743576,1,1
136,7,0.0495128957554698,4,1
137,6,0.0998395599424839,5,1
138,-10,0.04007136449217796,1,0
139,7,0.04980873502790928,4,1
140,-10,0.06191512942314148,1,0
141,5,0.1436769856760899,6,1
142,5,0.1099640807757775,6,1
143,8,0.028976667672395706,3,1
144,8,0.0614429364601771,3,1
145,-50,0.09998175049200654,50,0
146,7,0.1274983617477119,4,1
147,-18,0.05209472011132487,29,1
148,10,0.12394890934228897,1,1
149,6,0.060649972409009933,5,1
150,9,0.028301330283284187,2,1
151,-20,0.08192793357997172,31,1
152,8,0.0604479710261027,3,1
153,10,0.018783491104841232,1,1
154,8,0.023151693865656853,3,1
155,10,0.23531098663806915,1,1
156,9,0.071016326546669,2,1
157,7,0.03568384423851967,4,1
158,-50,0.07750852743163705,50,0
159,8,0.06752798954645793,3,1
160,9,0.057752642780542374,2,1
161,-50,0.10220427947118878,50,0
162,8,0.05901969348390897,3,1
163,9,0.11425317078828812,2,1
164,10,0.017109300941228867,1,1
165,10,0.08512798696756363,1,1
166,8,0.03540106272945801,3,1
167,10,0.34191638231277466,1,1
168,10,0.06265807896852493,1,1
169,9,0.06434870511293411,2,1
170,6,0.042326730117201804,5,1
171,9,0.06489071901887655,2,1
172,8,0.08884066343307495,3,1
173,8,0.02809235981355111,3,1
174,7,0.09196174889802933,4,1
175,-12,0.07767057240657184,23,1
176,8,0.03245180162290732,3,1
177,6,0.08126525655388832,5,1
178,8,0.03616447808841864,3,1
179,10,0.023451199755072594,1,1
180,8,0.09008813463151455,3,1
181,8,0.030846756572524708,3,1
182,9,0.03730330243706703,2,1
183,-7,0.1036507547315624,18,1
184,10,0.0800674557685852,1,1
185,9,0.04778073076158762,2,1
186,9,0.032095303758978844,2,1
187,9,0.07232179865241051,2,1
188,-50,0.08284775295294822,50,0
189,10,0.03605486452579498,1,1
190,8,0.10346101007113855,3,1
191,-12,0.11126515890161197,3,0
192,-50,0.09239830810576677,50,0
193,-50,0.06443451667204499,50,0
194,8,0.053747231140732765,3,1
195,8,0.032429282243053116,3,1
196,7,0.05338644003495574,4,1
197,10,0.06520022451877594,1,1
198,9,0.04062764160335064,2,1
199,8,0.0764498549203078,3,1
200,9,0.3272276595234871,2,1
201,-12,0.027680196488897007,3,0
202,8,0.08993922856946786,3,1
203,9,0.02667531557381153,2,1
204,-7,0.13548769615590572,18,1
205,9,0.044643277302384377,2,1
206,9,0.049452610313892365,2,1
207,10,0.04799698293209076,1,1
208,10,0.024250853806734085,1,1
209,8,0.10573747505744298,3,1
210,9,0.03240818716585636,2,1
211,8,0.03313694832225641,3,1
212,9,0.04916264861822128,2,1
213,9,0.04930375888943672,2,1
214,10,0.05547759309411049,1,1
215,9,0.051136527210474014,2,1
216,8,0.033679006000359855,3,1
217,3,0.11808254988864064,8,1
218,8,0.037825857289135456,3,1
219,7,0.05107560195028782,4,1
220,7,0.11692244978621602,4,1
221,8,0.05704634636640549,3,1
222,8,0.1340665171543757,3,1
223,9,0.017576344311237335,2,1
224,8,0.05243944376707077,3,1
225,9,0.05466763209551573,2,1
226,10,0.05716591700911522,1,1
227,6,0.06231179870665073,5,1
228,8,0.07441212981939316,3,1
229,7,0.02090912638232112,4,1
230,8,0.018904188958307106,3,1
231,-36,0.08126867366360223,47,1
232,10,0.08772207051515579,1,1
233,6,0.039572010189294814,5,1
234,8,0.07336222318311532,3,1
235,8,0.03392546810209751,3,1
236,-45,0.09759483186321126,36,0
237,8,0.11666405946016312,3,1
238,9,0.0211561000905931,2,1
239,-24,0.10880450109640757,15,0
240,8,0.049795735627412796,3,1
241,10,0.138198122382164,1,1
242,9,0.034826790913939476,2,1
243,-11,0.06279348768293858,2,0
244,8,0.06663254089653492,3,1
245,9,0.0387068809941411,2,1
246,9,0.08163605723530054,2,1
247,-7,0.08194393757730722,18,1
248,9,0.04068702645599842,2,1
249,9,0.02326134964823723,2,1
250,9,0.0620607640594244,2,1
251,8,0.031561521192391716,3,1
252,9,0.03897875640541315,2,1
253,6,0.0667750235646963,5,1
254,8,0.0795103261868159,3,1
255,10,0.03110089898109436,1,1
256,8,0.03232056895891825,3,1
257,10,0.1332046389579773,1,1
258,10,0.05741572752594948,1,1
259,8,0.13371859366695085,3,1
260,8,0.03777176886796951,3,1
261,9,0.025427572429180145,2,1
262,-11,0.03275605570524931,2,0
263,9,0.04804196581244469,2,1
264,7,0.04134654416702688,4,1
265,8,0.026743967086076736,3,1
266,5,0.04552408175853392,6,1
267,7,0.15449028834700584,4,1
268,9,0.07825967483222485,2,1
269,8,0.10405003031094869,3,1
270,10,0.018956907093524933,1,1
271,9,0.016401804983615875,2,1
272,8,0.07720723375678062,3,1
273,8,0.03288032238682111,3,1
274,10,0.0676722452044487,1,1
275,8,0.05066094299157461,3,1
276,3,0.14689153479412198,8,1
277,8,0.08264239318668842,3,1
278,6,0.06014294400811195,5,1
279,8,0.13183069632699093,3,1
280,10,0.3439072072505951,1,1
281,7,0.1554251064080745,4,1
282,7,0.08198271319270134,4,1
283,8,0.054382440323630966,3,1
284,5,0.10915099394818147,6,1
285,-3,0.18307200613032495,14,1
286,7,0.027931638062000275,4,1
287,9,0.06549536809325218,2,1
288,7,0.0825365437194705,4,1
289,6,0.13384098671376704,5,1
290,9,0.02573590213432908,2,1
291,-50,0.0951589372754097,50,0
292,6,0.01428386177867651,5,1
293,10,0.06096436083316803,1,1
294,9,0.3301862347871065,2,1
295,8,0.08576700277626514,3,1
296,10,0.5318037867546082,1,1
297,-36,0.0546436624581668,47,1
298,9,0.04405870265327394,2,1
299,10,0.025849662721157074,1,1
300,8,0.03996202411750952,3,1
301,10,0.06433597952127457,1,1
302,8,0.11837755019466083,3,1
303,9,0.2479222547262907,2,1
304,7,0.029510117135941982,4,1
305,6,0.052670086920261386,5,1
306,-10,0.06258545815944672,1,0
307,10,0.02290545217692852,1,1
308,9,0.09743170626461506,2,1
309,10,0.5389341115951538,1,1
310,7,0.03964711166918278,4,1
311,9,0.05534292198717594,2,1
312,6,0.07062191162258387,5,1
313,9,0.08103504963219166,2,1
314,8,0.03604960193236669,3,1
315,9,0.05405888147652149,2,1
316,9,0.03253936115652323,2,1
317,8,0.044418190295497574,3,1
318,9,0.02626573760062456,2,1
319,-50,0.15552548130974173,50,0
320,9,0.02388909086585045,2,1
321,7,0.02463785116560757,4,1
322,9,0.031740921549499035,2,1
323,-4,0.1006071616585056,15,1
324,8,0.18106843158602715,3,1
325,8,0.03220733938117822,3,1
326,5,0.12987942015752196,6,1
327,10,0.07084858417510986,1,1
328,9,0.06678616441786289,2,1
329,10,0.06023835390806198,1,1
330,7,0.03825056692585349,4,1
331,6,0.024440984055399895,5,1
332,9,0.1932166265323758,2,1
333,9,0.08553047338500619,2,1
334,10,0.06723758578300476,1,1
335,5,0.17255927358443537,6,1
336,8,0.04156813273827235,3,1
337,8,0.032295833031336464,3,1
338,9,0.1219901405274868,2,1
339,7,0.1778313759714365,4,1
340,8,0.10188789541522662,3,1
341,7,0.22904139198362827,4,1
342,9,0.298946138471365,2,1
343,-23,0.09273026333026149,34,1
344,9,0.03288367670029402,2,1
345,10,0.6644540429115295,1,1
346,10,0.06121079623699188,1,1
347,8,0.029962962493300438,3,1
348,10,0.017250625416636467,1,1
349,9,0.4363391399383545,2,1
350,8,0.2275242085258166,3,1
351,9,0.21465737652033567,2,1
352,10,0.059189409017562866,1,1
353,5,0.04208720320214828,6,1
354,7,0.14295424288138747,4,1
355,7,0.13210272323340178,4,1
356,9,0.21495408192276955,2,1
357,10,0.028189120814204216,1,1
358,8,0.010896809011076888,3,1
359,8,0.03747091659655174,3,1
360,7,0.06552564259618521,4,1
361,9,0.18048587255179882,2,1
362,9,0.06678271666169167,2,1
363,9,0.04036285821348429,2,1
364,10,0.030389998108148575,1,1
365,9,0.02261394914239645,2,1
366,10,0.028886310756206512,1,1
367,6,0.02100244425237179,5,1
368,5,0.051623158156871796,6,1
369,9,0.015126697020605206,2,1
370,7,0.05431353114545345,4,1
371,9,0.034756180830299854,2,1
372,6,0.04064351748675108,5,1
373,6,0.0701483093202114,5,1
374,9,0.030184142291545868,2,1
375,10,0.03837493807077408,1,1
376,10,0.007266297470778227,1,1
377,10,0.016771405935287476,1,1
378,10,0.03480988368391991,1,1
379,8,0.139642887438337,3,1
380,9,0.030884298495948315,2,1
381,8,0.06773419926563899,3,1
382,10,0.04130040854215622,1,1
383,8,0.20310832311709723,3,1
384,3,0.03147648286540061,8,1
385,7,0.03897972824051976,4,1
386,10,0.036714863032102585,1,1
387,8,0.06747246285279591,3,1
388,9,0.031960186548531055,2,1
389,9,0.015485885553061962,2,1
390,9,0.05589512549340725,2,1
391,10,0.028849158436059952,1,1
392,-15,0.11270091833116916,26,1
393,-10,0.027501249685883522,1,0
394,6,0.1637177389115095,5,1
395,9,0.18758369237184525,2,1
396,10,0.02313954010605812,1,1
397,10,0.036568865180015564,1,1
398,-50,0.09204617336392402,50,0
399,6,0.0711839146912098,5,1
400,8,0.1601947881281376,3,1
401,9,0.08978890627622604,2,1
402,8,0.05953847865263621,3,1
403,9,0.04391815047711134,2,1
404,9,0.0376214487478137,2,1
405,6,0.1119717862457037,5,1
406,8,0.037151274581750236,3,1
407,4,0.05351466951625688,7,1
408,7,0.13558510318398476,4,1
409,9,0.11334306746721268,2,1
410,8,0.11100725332895915,3,1
411,10,0.06361063569784164,1,1
412,9,0.053150368854403496,2,1
413,8,0.3322041283051173,3,1
414,7,0.06528496835380793,4,1
415,7,0.12674222001805902,4,1
416,9,0.053132083266973495,2,1
417,-49,0.13041962580755354,40,0
418,10,0.1664232462644577,1,1
419,9,0.0786711648106575,2,1
420,9,0.08478570356965065,2,1
421,10,0.07659129053354263,1,1
422,-50,0.08328146632760763,50,0
423,8,0.09154724578062694,3,1
424,7,0.08444573171436787,4,1
425,10,0.0589129664003849,1,1
426,9,0.16404245793819427,2,1
427,9,0.060597723349928856,2,1
428,9,0.04372311569750309,2,1
429,7,0.05075337365269661,4,1
430,9,0.030962107703089714,2,1
431,8,0.18194500108559927,3,1
432,9,0.023124398663640022,2,1
433,9,0.3016833355650306,2,1
434,9,0.10439881682395935,2,1
435,10,0.021474141627550125,1,1
436,7,0.08313513360917568,4,1
437,10,0.10589028149843216,1,1
438,10,0.08019225299358368,1,1
439,9,0.11378835514187813,2,1
440,8,0.026614173625906307,3,1
441,10,0.18207138776779175,1,1
442,8,0.10128085874021053,3,1
443,8,0.04278320570786794,3,1
444,10,0.03224486485123634,1,1
445,6,0.03975218273699284,5,1
446,8,0.08222940564155579,3,1
447,4,0.10257299962852683,7,1
448,9,0.06250765081495047,2,1
449,7,0.10101242922246456,4,1
450,10,0.038162361830472946,1,1
451,9,0.018142412416636944,2,1
452,9,0.019424428697675467,2,1
453,7,0.060362071031704545,4,1
454,6,0.0764039820060134,5,1
455,8,0.014046482120951017,3,1
456,8,0.18394234031438828,3,1
457,10,0.1483691930770874,1,1
458,7,0.09176930319517851,4,1
459,8,0.04915614053606987,3,1
460,8,0.2611287087202072,3,1
461,5,0.07428963668644428,6,1
462,9,0.062064994126558304,2,1
463,10,0.06782980263233185,1,1
464,8,0.2714589759707451,3,1
465,10,0.03527824953198433,1,1
466,10,0.049653422087430954,1,1
467,5,0.19224100094288588,6,1
468,7,0.05181448720395565,4,1
469,8,0.19860674565037092,3,1
470,8,0.10214178388317426,3,1
471,10,0.2780165672302246,1,1
472,9,0.10376424714922905,2,1
473,8,0.03526942695801457,3,1
474,7,0.09654791373759508,4,1
475,10,0.05249323695898056,1,1
476,8,0.07110706965128581,3,1
477,9,0.03824238106608391,2,1
478,8,0.049002391596635185,3,1
479,9,0.06933426111936569,2,1
480,9,0.3159327208995819,2,1
481,9,0.06061386875808239,2,1
482,6,0.10103174597024918,5,1
483,10,0.04072054103016853,1,1
484,8,0.08735381563504536,3,1
485,5,0.06522107558945815,6,1
486,8,0.07725248609979947,3,1
487,9,0.03551730886101723,2,1
488,6,0.09147592261433601,5,1
489,10,0.04689384624361992,1,1
490,4,0.1152243973421199,7,1
491,-6,0.09779340258854277,17,1
492,5,0.07392290545006593,6,1
493,2,0.049543063466747604,9,1
494,7,0.11155570251867175,4,1
495,8,0.08775306368867557,3,1
496,6,0.12361035346984864,5,1
497,10,0.29686790704727173,1,1
498,-10,0.08648471534252167,1,0
499,5,0.08301751719166835,6,1
500,9,0.039753058925271034,2,1
501,10,0.07419690489768982,1,1
502,9,0.09732011891901493,2,1
503,8,0.05437523499131203,3,1
504,10,0.01941792294383049,1,1
505,9,0.04756573215126991,2,1
506,10,0.10460995137691498,1,1
507,10,0.03424111008644104,1,1
508,10,0.06822266429662704,1,1
509,0,0.10161421244794672,11,1
510,8,0.2123334233959516,3,1
511,-50,0.1047487030364573,50,0
512,6,0.13933282904326916,5,1
513,9,0.030543556436896324,2,1
514,9,0.04953402280807495,2,1
515,8,0.1093805693089962,3,1
516,8,0.21191463246941566,3,1
517,10,0.07502834498882294,1,1
518,10,0.026161879301071167,1,1
519,10,0.03841802850365639,1,1
520,-13,0.13056873716413975,4,0
521,8,0.07727519484857719,3,1
522,9,0.09705577418208122,2,1
523,9,0.04485032055526972,2,1
524,7,0.06309962552040815,4,1
525,-15,0.11239305324852467,6,0
526,8,0.1732752782603105,3,1
527,-13,0.08689092518761754,24,1
528,8,0.07383719459176064,3,1
529,10,0.019243236631155014,1,1
530,10,0.026439961045980453,1,1
531,8,0.3456747805078824,3,1
532,10,0.04514853656291962,1,1
533,8,0.08827805519104004,3,1
534,9,0.04220300726592541,2,1
535,5,0.03825078966716925,6,1
536,5,0.035551113386948906,6,1
537,9,0.3893046975135803,2,1
538,9,0.02860746532678604,2,1
539,7,0.057989899069070816,4,1
540,9,0.22091611102223396,2,1
541,7,0.07537928782403469,4,1
542,-24,0.11090482845902443,35,1
543,10,0.09906845539808273,1,1
544,-40,0.10782674351526846,31,0
545,8,0.08458202828963597,3,1
546,5,0.24731035654743513,6,1
547,8,0.03944276459515095,3,1
548,10,0.11154850572347641,1,1
549,7,0.08846691437065601,4,1
550,6,0.06361341550946235,5,1
551,7,0.07003665994852781,4,1
552,9,0.03227503411471844,2,1
553,10,0.09328695386648178,1,1
554,7,0.06977567169815302,4,1
555,9,0.0654950924217701,2,1
556,8,0.07683764149745305,3,1
557,10,0.05589465796947479,1,1
558,8,0.1806098601470391,3,1
559,9,0.07029213011264801,2,1
560,8,0.14275271693865457,3,1
561,7,0.24217060394585133,4,1
562,8,0.08928912629683812,3,1
563,8,0.08276202653845151,3,1
564,8,0.08876882617672284,3,1
565,7,0.09315633680671453,4,1
566,10,0.1599770039319992,1,1
567,9,0.059164512902498245,2,1
568,9,0.1383581981062889,2,1
569,5,0.05581458037098249,6,1
570,-14,0.11889704108238221,25,1
571,6,0.1690531000494957,5,1
572,10,0.06309470534324646,1,1
573,8,0.06689672730863094,3,1
574,10,0.0452340729534626,1,1
575,8,0.07506337016820908,3,1
576,9,0.1478918269276619,2,1
577,9,0.07328399643301964,2,1
578,10,0.0738181546330452,1,1
579,7,0.1994637381285429,4,1
580,8,0.17054932688673338,3,1
581,8,0.047807853668928146,3,1
582,9,0.04350018594413996,2,1
583,5,0.0641848687082529,6,1
584,-50,0.10079703003168106,50,0
585,10,0.02361711859703064,1,1
586,6,0.050092647410929204,5,1
587,9,0.048405325040221214,2,1
588,9,0.24420370534062386,2,1
589,8,0.20955874025821686,3,1
590,5,0.15965155574182668,6,1
591,4,0.06304142411266055,7,1
592,10,0.0652821734547615,1,1
593,7,0.12687972886487842,4,1
594,5,0.1026652508104841,6,1
595,-50,0.12083771001547575,50,0
596,9,0.06430644169449806,2,1
597,-26,0.07557642152784644,37,1
598,10,0.052302829921245575,1,1
599,10,0.046870775520801544,1,1
600,8,0.19671092554926872,3,1
601,9,0.05620961636304855,2,1
602,3,0.08424423821270466,8,1
603,10,0.055366791784763336,1,1
604,-16,0.09726263182582678,27,1
605,6,0.07687980569899082,5,1
606,1,0.10724051278084516,10,1
607,9,0.21055805683135986,2,1
608,6,0.06767359226942063,5,1
609,10,0.12412025034427643,1,1
610,9,0.08199184387922287,2,1
611,10,0.056316494941711426,1,1
612,8,0.03476786116758982,3,1
613,7,0.0648657875135541,4,1
614,9,0.03537702187895775,2,1
615,9,0.04833722487092018,2,1
616,6,0.03769414722919464,5,1
617,6,0.053218401968479156,5,1
618,-50,0.07610354091972113,50,0
619,4,0.056592615587370734,7,1
620,7,0.07249681372195482,4,1
621,7,0.05597255192697048,4,1
622,-10,0.05829611420631409,1,0
623,9,0.03815627656877041,2,1
624,10,0.06873735040426254,1,1
625,8,0.046195770924290024,3,1
626,7,0.043434553779661655,4,1
627,9,0.2329181032255292,2,1
628,0,0.035240727053447204,11,1
629,9,0.0713147297501564,2,1
630,-30,0.10657441899889991,21,0
631,9,0.0782952792942524,2,1
632,7,0.09333332860842347,4,1
633,9,0.21015735901892185,2,1
634,9,0.17821011506021023,2,1
635,8,0.14897721571226916,3,1
636,9,0.04317340441048145,2,1
637,8,0.06926126529773076,3,1
638,8,0.04706649978955587,3,1
639,10,0.036664292216300964,1,1
640,10,0.08615414053201675,1,1
641,9,0.09028306603431702,2,1
642,8,0.03888211896022161,3,1
643,10,0.09814413636922836,1,1
644,5,0.050554570431510605,6,1
645,10,0.2309691309928894,1,1
646,9,0.05808454379439354,2,1
647,-50,0.0823123424872756,50,0
648,8,0.035233121986190476,3,1
649,-10,0.05488840942936284,21,1
650,9,0.051343757659196854,2,1
651,10,0.02828815206885338,1,1
652,9,0.041357310488820076,2,1
653,7,0.058864007238298655,4,1
654,-17,0.07383698710639562,28,1
655,10,0.061610281467437744,1,1
656,9,0.03622152842581272,2,1
657,5,0.03886834376802047,6,1
658,9,0.03462748322635889,2,1
659,9,0.043917068280279636,2,1
660,8,0.04323623267312845,3,1
661,-21,0.07696060978923924,32,1
662,9,0.057147568091750145,2,1
663,6,0.07506299167871475,5,1
664,10,0.04603508114814758,1,1
665,-50,0.06484115848317742,50,0
666,9,0.09309711772948503,2,1
667,9,0.06963970884680748,2,1
668,7,0.05754506774246693,4,1
669,7,0.05657536117359996,4,1
670,7,0.04301708564162254,4,1
671,9,0.0453849658370018,2,1
672,9,0.04844382777810097,2,1
673,10,0.05227399989962578,1,1
674,10,0.06583507359027863,1,1
675,7,0.05218895431607962,4,1
676,9,0.06287786364555359,2,1
677,-11,0.0625943737951192,22,1
678,-10,0.02474723756313324,1,0
679,8,0.06156283617019653,3,1
680,7,0.04053635196760297,4,1
681,8,0.057628173381090164,3,1
682,10,0.03497994691133499,1,1
683,8,0.0295764214048783,3,1
684,8,0.034815200294057526,3,1
685,9,0.06395163387060165,2,1
686,9,0.04629122093319893,2,1
687,10,0.051490962505340576,1,1
688,9,0.0416790172457695,2,1
689,10,0.01604696363210678,1,1
690,9,0.04163860343396664,2,1
691,8,0.07367884616057079,3,1
692,10,0.0406615175306797,1,1
693,7,0.08611826039850712,4,1
694,7,0.062362815253436565,4,1
695,9,0.042682006023824215,2,1
696,8,0.08411519353588422,3,1
697,10,0.08012489229440689,1,1
698,-7,0.039269870354069605,18,1
699,10,0.041220467537641525,1,1
700,10,0.3016250729560852,1,1
701,10,0.041989125311374664,1,1
702,10,0.13928095996379852,1,1
703,7,0.08436885289847851,4,1
704,8,0.08584129561980565,3,1
705,9,0.02441930305212736,2,1
706,7,0.07222091592848301,4,1
707,9,0.041305238381028175,2,1
708,6,0.18408696874976158,5,1
709,10,0.029681352898478508,1,1
710,7,0.05022742412984371,4,1
711,9,0.03370736725628376,2,1
712,-10,0.009337153285741806,1,0
713,8,0.05514958376685778,3,1
714,8,0.19481201159457365,3,1
715,10,0.03701401501893997,1,1
716,9,0.031110437586903572,2,1
717,9,0.029192691668868065,2,1
718,8,0.03515032554666201,3,1
719,10,0.12863968312740326,1,1
720,9,0.020975382067263126,2,1
721,7,0.062233518809080124,4,1
722,6,0.04469918347895145,5,1
723,10,0.18762736022472382,1,1
724,8,0.07195267205437024,3,1
725,9,0.06311941891908646,2,1
726,6,0.058119938150048255,5,1
727,9,0.04595297388732433,2,1
728,5,0.04770580865442753,6,1
729,9,0.26093496941030025,2,1
730,-5,0.08420453709550202,16,1
731,9,0.06362436339259148,2,1
732,10,0.035671498626470566,1,1
733,7,0.039704971481114626,4,1
734,8,0.03953014127910137,3,1
735,1,0.04409998208284378,10,1
736,4,0.07742974853941373,7,1
737,10,0.06392151117324829,1,1
738,9,0.07910171709954739,2,1
739,8,0.03659192472696304,3,1
740,5,0.06886838811139266,6,1
741,-36,0.07086697950008068,47,1
742,9,0.046505605801939964,2,1
743,6,0.15380356647074223,5,1
744,9,0.04598665051162243,2,1
745,9,0.04169516172260046,2,1
746,8,0.035859692841768265,3,1
747,8,0.027438759182890255,3,1
748,10,0.1454838067293167,1,1
749,9,0.043509466573596,2,1
750,-50,0.07698375383391977,50,0
751,-50,0.05141499372199178,50,0
752,9,0.03922237828373909,2,1
753,9,0.18066607834771276,2,1
754,8,0.03810437365124623,3,1
755,8,0.12882656107346216,3,1
756,10,0.060345474630594254,1,1
757,6,0.10675010867416859,5,1
758,8,0.052502659459908806,3,1
759,6,0.049729353934526446,5,1
760,10,0.025172332301735878,1,1
761,7,0.04341009771451354,4,1
762,10,0.07116610556840897,1,1
763,9,0.040386470034718513,2,1
764,7,0.045739795081317425,4,1
765,7,0.04752408154308796,4,1
766,10,0.039772357791662216,1,1
767,8,0.04625613677004973,3,1
768,9,0.14506656862795353,2,1
769,6,0.0393253143876791,5,1
770,6,0.08673569485545159,5,1
771,9,0.042868572287261486,2,1
772,9,0.02555304765701294,2,1
773,10,0.013394727371633053,1,1
774,-1,0.052121954038739204,12,1
775,9,0.032161119394004345,2,1
776,-12,0.06256852590519449,23,1
777,8,0.055897711465756096,3,1
778,10,0.01697739027440548,1,1
779,10,0.02680182084441185,1,1
780,5,0.03116301478197177,6,1
781,9,0.02779871504753828,2,1
782,8,0.05743358408411344,3,1
783,8,0.0669373447696368,3,1
784,10,0.021922579035162926,1,1
785,8,0.027648701642950375,3,1
786,8,0.05001492487887541,3,1
787,-11,0.0472462959587574,2,0
788,8,0.043087572480241455,3,1
789,-6,0.048404885894235444,17,1
790,-11,0.024015952832996845,2,0
791,10,0.01781962811946869,1,1
792,10,0.027628138661384583,1,1
793,9,0.022815542295575142,2,1
794,9,0.07303744461387396,2,1
795,7,0.12065686914138496,4,1
796,7,0.060315072536468506,4,1
797,4,0.12041132764092513,7,1
798,8,0.1092586237937212,3,1
799,4,0.07770465553871223,7,1
800,9,0.026946241036057472,2,1
801,9,0.05946715269237757,2,1
802,9,0.02760642860084772,2,1
803,-25,0.07816708248315586,36,1
804,6,0.05570094138383865,5,1
805,7,0.09029288217425346,4,1
806,-17,0.09269142210749644,28,1
807,7,0.05031703179702163,4,1
808,10,0.022306814789772034,1,1
809,8,0.054043994595607124,3,1
810,8,0.1502125784754753,3,1
811,7,0.06176159391179681,4,1
812,10,0.036652129143476486,1,1
813,8,0.11619661934673786,3,1
814,9,0.013712672516703606,2,1
815,5,0.029094580250481766,6,1
816,-12,0.0585392226829477,23,1
817,7,0.024202436208724976,4,1
818,10,0.015520879998803139,1,1
819,9,0.057799145579338074,2,1
820,9,0.037334270775318146,2,1
821,10,0.03189719468355179,1,1
822,7,0.03944733622483909,4,1
823,7,0.039617856964468956,4,1
824,9,0.2004588022828102,2,1
825,-11,0.031817445531487465,2,0
826,-50,0.07403739128261805,50,0
827,8,0.049785579244295754,3,1
828,9,0.02503379061818123,2,1
829,8,0.047734763473272324,3,1
830,7,0.13557359157130122,4,1
831,10,0.030457783490419388,1,1
832,9,0.19613554794341326,2,1
833,10,0.08314481377601624,1,1
834,7,0.07052775099873543,4,1
835,7,0.23343271715566516,4,1
836,8,0.043921373784542084,3,1
837,5,0.04674035978193084,6,1
838,8,0.05717706369856993,3,1
839,8,0.03212432190775871,3,1
840,8,0.15733731041351953,3,1
841,8,0.04777706818034252,3,1
842,9,0.07048156205564737,2,1
843,7,0.08602618030272424,4,1
844,-50,0.05990644304081798,50,0
845,8,0.05322058623035749,3,1
846,8,0.040763924519220986,3,1
847,-8,0.10397105320895973,19,1
848,7,0.18442861968651414,4,1
849,9,0.03037877008318901,2,1
850,8,0.03812672384083271,3,1
851,8,0.1493378902475039,3,1
852,8,0.030868487432599068,3,1
853,5,0.12942819095527133,6,1
854,6,0.05893792361021042,5,1
855,8,0.07452072451512019,3,1
856,9,0.025138525292277336,2,1
857,7,0.14338050060905516,4,1
858,8,0.038957783952355385,3,1
859,10,0.0708184540271759,1,1
860,10,0.06199339032173157,1,1
861,8,0.0896280836313963,3,1
862,8,0.04570413753390312,3,1
863,8,0.08861071368058522,3,1
864,10,0.08973556011915207,1,1
865,9,0.06326127238571644,2,1
866,10,0.021505584940314293,1,1
867,8,0.018500753367940586,3,1
868,9,0.02636095229536295,2,1
869,10,0.17556634545326233,1,1
870,7,0.06932483008131385,4,1
871,8,0.2080234301586946,3,1
872,8,0.17340124770998955,3,1
873,8,0.01563029456883669,3,1
874,5,0.08706690324470401,6,1
875,7,0.02927997033111751,4,1
876,8,0.24673217969636121,3,1
877,10,0.009707456454634666,1,1
878,9,0.04165926668792963,2,1
879,8,0.0410572299733758,3,1
880,8,0.04692893164853255,3,1
881,9,0.025435781106352806,2,1
882,8,0.025025401264429092,3,1
883,10,0.015679799020290375,1,1
884,8,0.02529737415413062,3,1
885,10,0.015037233009934425,1,1
886,4,0.04639129300734827,7,1
887,6,0.043856432661414146,5,1
888,9,0.06223154440522194,2,1
889,8,0.07375342398881912,3,1
890,-10,0.06483352929353714,1,0
891,6,0.03949733227491379,5,1
892,9,0.07973494380712509,2,1
893,9,0.03312724083662033,2,1
894,-50,0.06238779056817293,50,0
895,10,0.031089283525943756,1,1
896,10,0.036725495010614395,1,1
897,7,0.03922707540914416,4,1
898,9,0.014918693341314793,2,1
899,8,0.04532733807961146,3,1
900,5,0.04981130982438723,6,1
901,9,0.05389682948589325,2,1
902,7,0.056833403185009956,4,1
903,8,0.04255843783418337,3,1
904,10,0.034969013184309006,1,1
905,-50,0.06177688902243972,50,0
906,8,0.060536290208498635,3,1
907,-50,0.08471757367253303,50,0
908,7,0.023344673216342926,4,1
909,9,0.02677526418119669,2,1
910,8,0.0579857820024093,3,1
911,10,0.05847325548529625,1,1
912,10,0.03744138404726982,1,1
913,-28,0.046677943653403185,39,1
914,-11,0.04119270481169224,2,0
915,7,0.035343780182302,4,1
916,9,0.29883297346532345,2,1
917,9,0.035915009677410126,2,1
918,5,0.0496520052353541,6,1
919,10,0.018539389595389366,1,1
920,-3,0.057124581187963486,14,1
921,9,0.07272655423730612,2,1
922,6,0.04244957752525806,5,1
923,6,0.07945461925119161,5,1
924,9,0.03213275037705898,2,1
925,9,0.26119879726320505,2,1
926,-50,0.06264971756376327,50,0
927,8,0.0887285793821017,3,1
928,8,0.06227957084774971,3,1
929,8,0.17611332361896834,3,1
930,8,0.03722329313556353,3,1
931,10,0.026569349691271782,1,1
932,6,0.1176525078713894,5,1
933,-50,0.05997343759052456,50,0
934,9,0.0646183229982853,2,1
935,7,0.02947444887831807,4,1
936,7,0.060287654865533113,4,1
937,7,0.043589689303189516,4,1
938,8,0.14878737243513265,3,1
939,4,0.06183573736676148,7,1
940,9,0.028645988553762436,2,1
941,10,0.4423319697380066,1,1
942,-15,0.07214689197448584,26,1
943,7,0.03418722888454795,4,1
944,6,0.05695723593235016,5,1
945,10,0.07862943410873413,1,1
946,10,0.01392298936843872,1,1
947,-4,0.036865366933246456,15,1
948,9,0.05739645007997751,2,1
949,7,0.0762849235907197,4,1
950,7,0.05537523049861193,4,1
951,8,0.0487299965073665,3,1
952,-12,0.08838711678981781,3,0
953,7,0.057157582603394985,4,1
954,10,0.03747814521193504,1,1
955,8,0.038347321252028145,3,1
956,10,0.04281366616487503,1,1
957,10,0.02804643288254738,1,1
958,9,0.055707777850329876,2,1
959,8,0.06437434628605843,3,1
960,10,0.03207399696111679,1,1
961,9,0.04204671364277601,2,1
962,6,0.029344814829528332,5,1
963,-4,0.070274584988753,15,1
964,-10,0.04076339304447174,1,0
965,9,0.03904644958674908,2,1
966,7,0.04540005652233958,4,1
967,7,0.07579304464161396,4,1
968,-12,0.049847844259246536,23,1
969,10,0.018968412652611732,1,1
970,-11,0.020047705620527267,2,0
971,7,0.18229303136467934,4,1
972,-18,0.07669794450289216,29,1
973,6,0.05277103744447231,5,1
974,7,0.17816984094679356,4,1
975,7,0.17967191827483475,4,1
976,10,0.07113359123468399,1,1
977,10,0.06791678071022034,1,1
978,10,0.019756436347961426,1,1
979,9,0.03461425565183163,2,1
980,10,0.02413446269929409,1,1
981,9,0.033703102730214596,2,1
982,8,0.03215276015301546,3,1
983,10,0.029255229979753494,1,1
984,10,0.04545900970697403,1,1
985,-27,0.05886107575344412,38,1
986,10,0.03385799005627632,1,1
987,8,0.03823358379304409,3,1
988,8,0.02247388040026029,3,1
989,9,0.026658208575099707,2,1
990,-10,0.5873894691467285,1,0
991,9,0.03461561631411314,2,1
992,9,0.038834392093122005,2,1
993,9,0.09464391320943832,2,1
994,10,0.07781796902418137,1,1
995,9,0.3164911959320307,2,1
996,-50,0.07206358633935452,50,0
997,-13,0.2710634144023061,4,0
998,8,0.07434059679508209,3,1
999,9,0.015016237273812294,2,1
1000,9,0.09217679128050804,2,1
1,7,0.1753967758268118,4,1
2,1,0.062204407062381506,10,1
3,6,0.03368573933839798,5,1
4,9,0.03856537863612175,2,1
5,8,0.03210267859200636,3,1
6,-50,0.07258888561278581,50,0
7,9,0.04728121869266033,2,1
8,9,0.08876094222068787,2,1
9,8,0.2049397019048532,3,1
10,9,0.02230269694700837,2,1
11,7,0.0354898483492434,4,1
12,7,0.03965268866159022,4,1
13,8,0.027117919797698658,3,1
14,9,0.017920788377523422,2,1
15,8,0.025779317133128643,3,1
16,8,0.019869935077925522,3,1
17,-10,0.02561759017407894,1,0
18,8,0.03373961398998896,3,1
19,9,0.009907193947583437,2,1
20,10,0.026215720921754837,1,1
21,7,0.2801656685769558,4,1
22,6,0.1692572571337223,5,1
23,7,0.038837420754134655,4,1
24,8,0.036650981133182846,3,1
25,8,0.02909691073000431,3,1
26,8,0.04018781272073587,3,1
27,9,0.02797483978793025,2,1
28,9,0.11408935021609068,2,1
29,9,0.06119914352893829,2,1
30,10,0.03654618561267853,1,1
31,9,0.015542279928922653,2,1
32,9,0.23832291271537542,2,1
33,9,0.03231076896190643,2,1
34,8,0.035181679452459015,3,1
35,7,0.022270989138633013,4,1
36,-15,0.1254669784102589,6,0
37,5,0.03802895064776143,6,1
38,8,0.03396753594279289,3,1
39,8,0.023655603329340618,3,1
40,8,0.05366521825393041,3,1
41,9,0.025402458384633064,2,1
42,10,0.011798852123320103,1,1
43,7,0.2126622125506401,4,1
44,8,0.031033849343657494,3,1
45,10,0.12335716933012009,1,1
46,8,0.07120780150095622,3,1
47,8,0.09784168501694997,3,1
48,8,0.039304122949639954,3,1
49,5,0.04504686687141657,6,1
50,5,0.10832814406603575,6,1
51,8,0.022336155797044437,3,1
52,9,0.01614180952310562,2,1
53,7,0.0408315802924335,4,1
54,8,0.037892356514930725,3,1
55,-4,0.08827234382430713,15,1
56,10,0.05385787785053253,1,1
57,8,0.13494767621159554,3,1
58,8,0.2467989685634772,3,1
59,10,0.07415864616632462,1,1
60,7,0.09494336135685444,4,1
61,9,0.2974289059638977,2,1
62,9,0.048474470153450966,2,1
63,10,0.12152284383773804,1,1
64,7,0.0754908761009574,4,1
65,8,0.041699071725209556,3,1
66,8,0.06073660465578238,3,1
67,-13,0.1214506234973669,4,0
68,10,0.02444901317358017,1,1
69,-10,0.08741283416748047,1,0
70,8,0.3842525730530421,3,1
71,8,0.07329473147789638,3,1
72,9,0.09032640513032675,2,1
73,10,0.28114041686058044,1,1
74,6,0.050606537237763406,5,1
75,10,0.07665887475013733,1,1
76,-50,0.07787219457328319,50,0
77,7,0.03566517820581794,4,1
78,8,0.06701045421262582,3,1
79,9,0.04807930439710617,2,1
80,-16,0.08063684227979845,27,1
81,7,0.03591410210356116,4,1
82,8,0.03670892243583997,3,1
83,9,0.02331490535289049,2,1
84,9,0.026358486153185368,2,1
85,10,0.02125423774123192,1,1
86,-23,0.0677545637424503,14,0
87,6,0.14401403740048407,5,1
88,-50,0.11611090570688248,50,0
89,8,0.049372103065252304,3,1
90,8,0.03838749105731646,3,1
91,7,0.17534953355789185,4,1
92,10,0.0485059879720211,1,1
93,8,0.0596718875070413,3,1
94,10,0.029985154047608376,1,1
95,7,0.03796882554888725,4,1
96,-10,0.03158115968108177,1,0
97,9,0.048553118482232094,2,1
98,6,0.03270682618021965,5,1
99,10,0.03012883849442005,1,1
100,10,0.012857500463724136,1,1
101,7,0.2437844411469996,4,1
102,9,0.23447241447865963,2,1
103,8,0.10455495243271191,3,1
104,7,0.06889869831502438,4,1
105,9,0.2932464685291052,2,1
106,10,0.03997018188238144,1,1
107,10,0.06490517407655716,1,1
108,10,0.03227578103542328,1,1
109,9,0.22849607281386852,2,1
110,10,0.02733626216650009,1,1
111,8,0.025715447962284088,3,1
112,7,0.1411110912449658,4,1
113,10,0.02793739177286625,1,1
114,9,0.026546691544353962,2,1
115,8,0.02643338032066822,3,1
116,7,0.13508077524602413,4,1
117,9,0.05319679342210293,2,1
118,9,0.019293973222374916,2,1
119,9,0.0273141972720623,2,1
120,10,0.008963347412645817,1,1
121,10,0.02480771206319332,1,1
122,9,0.3469918258488178,2,1
123,7,0.05080293957144022,4,1
124,6,0.04775445740669966,5,1
125,8,0.17972181861599287,3,1
126,-50,0.09947603277862072,50,0
127,7,0.21033385023474693,4,1
128,-50,0.06681171683594585,50,0
129,10,0.04488964006304741,1,1
130,8,0.03766006169219812,3,1
131,9,0.04377898573875427,2,1
132,8,0.13916883617639542,3,1
133,10,0.5141603946685791,1,1
134,7,0.16547174705192447,4,1
135,9,0.03413163684308529,2,1
136,9,0.03774584410712123,2,1
137,10,0.07795330137014389,1,1
138,8,0.022008835648496945,3,1
139,-15,0.06811241379294258,26,1
140,8,0.28119059403737384,3,1
141,7,0.14437609957531095,4,1
142,10,0.08937462419271469,1,1
143,6,0.12915550246834756,5,1
144,9,0.020236928015947342,2,1
145,9,0.06658784300088882,2,1
146,8,0.10896214221914609,3,1
147,-11,0.055628322064876556,2,0
148,9,0.03964722529053688,2,1
149,6,0.03719220831990242,5,1
150,10,0.029635611921548843,1,1
151,-50,0.08737984655424952,50,0
152,-19,0.08682620096951724,30,1
153,9,0.03493079449981451,2,1
154,9,0.041441407054662704,2,1
155,5,0.06522630775968234,6,1
156,9,0.2633795514702797,2,1
157,5,0.11033943574875593,6,1
158,5,0.0876002994676431,6,1
159,9,0.0492827482521534,2,1
160,8,0.03505540577073892,3,1
161,10,0.07097169011831284,1,1
162,8,0.1335622494419416,3,1
163,10,0.025543756783008575,1,1
164,9,0.049876466393470764,2,1
165,-36,0.07119795333277038,47,1
166,-50,0.10806979941204191,50,0
167,9,0.06015767157077789,2,1
168,6,0.13974256440997124,5,1
169,10,0.034907013177871704,1,1
170,10,0.027593392878770828,1,1
171,9,0.05407771281898022,2,1
172,9,0.08551517874002457,2,1
173,8,0.11971779043475787,3,1
174,8,0.06115361178914706,3,1
175,-34,0.08046464137732982,45,1
176,7,0.07194080017507076,4,1
177,-10,0.05577695369720459,1,0
178,10,0.08646783232688904,1,1
179,8,0.06350190316637357,3,1
180,8,0.04400138184428215,3,1
181,-22,0.07598226633148664,33,1
182,9,0.07612854242324829,2,1
183,10,0.10329035669565201,1,1
184,9,0.034400468692183495,2,1
185,9,0.08307339251041412,2,1
186,9,0.04449686408042908,2,1
187,9,0.0934386495500803,2,1
188,8,0.06838564574718475,3,1
189,10,0.0903966948390007,1,1
190,9,0.04971558228135109,2,1
191,9,0.27553487569093704,2,1
192,7,0.05900656245648861,4,1
193,8,0.04558847099542618,3,1
194,10,0.017902040854096413,1,1
195,9,0.08206034079194069,2,1
196,10,0.023333625867962837,1,1
197,9,0.04226432181894779,2,1
198,8,0.04640434247752031,3,1
199,9,0.26048402301967144,2,1
200,-52,0.08291953563863455,43,0
201,7,0.03392865229398012,4,1
202,9,0.059034496545791626,2,1
203,9,0.04388818144798279,2,1
204,9,0.11474360153079033,2,1
205,-50,0.06383676536381244,50,0
206,1,0.07064773607999086,10,1
207,9,0.041213082149624825,2,1
208,5,0.12095378898084164,6,1
209,8,0.02873063397904237,3,1
210,8,0.029575170949101448,3,1
211,7,0.03916178736835718,4,1
212,7,0.06934054475277662,4,1
213,9,0.04099011607468128,2,1
214,6,0.04082896914333105,5,1
215,7,0.025040774838998914,4,1
216,9,0.044236619025468826,2,1
217,10,0.05662883445620537,1,1
218,9,0.05696459859609604,2,1
219,9,0.032805271446704865,2,1
220,9,0.029269962571561337,2,1
221,7,0.24834581837058067,4,1
222,10,0.08370041847229004,1,1
223,8,0.044295000533262886,3,1
224,6,0.060360778123140335,5,1
225,9,0.036165373399853706,2,1
226,10,0.1142110750079155,1,1
227,-50,0.05986752854660153,50,0
228,8,0.028905586649974186,3,1
229,9,0.025576679036021233,2,1
230,10,0.13567371666431427,1,1
231,9,0.04461078345775604,2,1
232,5,0.0918260021135211,6,1
233,10,0.03574550896883011,1,1
234,5,0.03868568626542886,6,1
235,7,0.07673729117959738,4,1
236,8,0.06203191882620255,3,1
237,9,0.033680472522974014,2,1
238,4,0.04695626095469509,7,1
239,9,0.09757013991475105,2,1
240,9,0.04794342257082462,2,1
241,9,0.04316745512187481,2,1
242,7,0.04571286030113697,4,1
243,9,0.056957583874464035,2,1
244,7,0.1286519947461784,4,1
245,9,0.1503727324306965,2,1
246,10,0.015577120706439018,1,1
247,6,0.04470283687114716,5,1
248,7,0.05996644985862076,4,1
249,8,0.03309319665034612,3,1
250,-50,0.06800627017393708,50,0
251,9,0.06838461384177208,2,1
252,10,0.03546152636408806,1,1
253,8,0.05053999274969101,3,1
254,7,0.029483447782695293,4,1
255,9,0.04257222078740597,2,1
256,10,0.13249558210372925,1,1
257,10,0.022386059165000916,1,1
258,7,0.06683191331103444,4,1
259,6,0.04367607831954956,5,1
260,6,0.04995684325695038,5,1
261,8,0.037427778666218124,3,1
262,8,0.0848629002769788,3,1
263,8,0.027929650619626045,3,1
264,9,0.028067806735634804,2,1
265,7,0.028509578201919794,4,1
266,8,0.03951850843926271,3,1
267,10,0.03454950824379921,1,1
268,10,0.04568646475672722,1,1
269,8,0.033539108311136566,3,1
270,8,0.031222490904231865,3,1
271,9,0.03276811167597771,2,1
272,9,0.08062769658863544,2,1
273,8,0.059959592297673225,3,1
274,7,0.07870584260672331,4,1
275,8,0.07270963303744793,3,1
276,7,0.02909721783362329,4,1
277,-50,0.05295447330921888,50,0
278,7,0.09950352646410465,4,1
279,6,0.09783285558223724,5,1
280,10,0.11455415189266205,1,1
281,7,0.08810312114655972,4,1
282,-50,0.0995816445723176,50,0
283,10,0.0684903934597969,1,1
284,10,0.18000592291355133,1,1
285,8,0.022355905423561733,3,1
286,10,0.0664038434624672,1,1
287,8,0.029680492356419563,3,1
288,9,0.29344308748841286,2,1
289,9,0.03183265682309866,2,1
290,9,0.03772889822721481,2,1
291,8,0.045191388577222824,3,1
292,9,0.05003657191991806,2,1
293,9,0.05546804144978523,2,1
294,9,0.031059101223945618,2,1
295,7,0.05092619592323899,4,1
296,-7,0.08828139920822448,18,1
297,-10,0.05514586716890335,1,0
298,9,0.05816398002207279,2,1
299,5,0.0412293958167235,6,1
300,7,0.034401153679937124,4,1
301,9,0.05053894966840744,2,1
302,8,0.18488341569900513,3,1
303,10,0.0555650033056736,1,1
304,9,0.03238900564610958,2,1
305,-14,0.07562665767967701,25,1
306,6,0.07443647757172585,5,1
307,7,0.04494577459990978,4,1
308,6,0.08938391022384166,5,1
309,8,0.041786920900146164,3,1
310,10,0.025616362690925598,1,1
311,9,0.05202144384384155,2,1
312,8,0.05197023848692576,3,1
313,-50,0.061485687009990214,50,0
314,7,0.0475424537435174,4,1
315,8,0.05399271845817566,3,1
316,10,0.045418187975883484,1,1
317,0,0.050163613124327225,11,1
318,9,0.05919690243899822,2,1
319,8,0.05745375528931618,3,1
320,-50,0.06561471624299883,50,0
321,8,0.035847168415784836,3,1
322,7,0.03788397088646889,4,1
323,8,0.06587725629409154,3,1
324,10,0.0582568421959877,1,1
325,6,0.038331670314073564,5,1
326,10,0.028211211785674095,1,1
327,10,0.03617047145962715,1,1
328,8,0.02666970870147149,3,1
329,9,0.03577703610062599,2,1
330,10,0.09787203371524811,1,1
331,9,0.03841252811253071,2,1
332,10,0.039196841418743134,1,1
333,6,0.025327079370617865,5,1
334,10,0.02870890311896801,1,1
335,10,0.032565902918577194,1,1
336,9,0.0610239002853632,2,1
337,6,0.02357433121651411,5,1
338,7,0.06262768153101206,4,1
339,-11,0.06593005545437336,2,0
340,-11,0.049073168182406916,22,1
341,10,0.032745398581027985,1,1
342,9,0.04966600053012371,2,1
343,10,0.08800946176052094,1,1
344,9,0.21263365633785725,2,1
345,8,0.04595929756760597,3,1
346,10,0.05062566697597504,1,1
347,7,0.10884038591757417,4,1
348,2,0.0413682974047131,9,1
349,9,0.1148884566500783,2,1
350,8,0.05315623804926872,3,1
351,9,0.08898034878075123,2,1
352,9,0.045005131512880325,2,1
353,8,0.03680642321705818,3,1
354,5,0.04380120399097601,6,1
355,8,0.06735277051726977,3,1
356,7,0.05692050326615572,4,1
357,10,0.03500702232122421,1,1
358,6,0.06706274822354316,5,1
359,7,0.04411802254617214,4,1
360,9,0.0442751981317997,2,1
361,4,0.09197617934218474,7,1
362,9,0.0501287542283535,2,1
363,10,0.018879257142543793,1,1
364,9,0.08965090848505497,2,1
365,7,0.05805091466754675,4,1
366,2,0.05241336590713925,9,1
367,9,0.16079872101545334,2,1
368,10,0.06607164442539215,1,1
369,10,0.12103336304426193,1,1
370,10,0.05601997673511505,1,1
371,9,0.049242923967540264,2,1
372,9,0.07648559659719467,2,1
373,10,0.10198615491390228,1,1
374,9,0.04851461388170719,2,1
375,7,0.05880338745191693,4,1
376,10,0.045959021896123886,1,1
377,7,0.08425440546125174,4,1
378,8,0.0648201834410429,3,1
379,9,0.0795123502612114,2,1
380,10,0.04085763171315193,1,1
381,6,0.05487948060035706,5,1
382,8,0.08191920816898346,3,1
383,8,0.0384069470067819,3,1
384,9,0.2043046709150076,2,1
385,6,0.07476131170988083,5,1
386,9,0.07696302607655525,2,1
387,9,0.13655848801136017,2,1
388,9,0.3179876208305359,2,1
389,10,0.055204521864652634,1,1
390,6,0.062415491044521335,5,1
391,9,0.10052984394133091,2,1
392,9,0.09602228924632072,2,1
393,7,0.06829579267650843,4,1
394,7,0.12339290883392096,4,1
395,10,0.030709797516465187,1,1
396,8,0.05870438118775686,3,1
397,10,0.051336269825696945,1,1
398,-47,0.06409744501702096,38,0
399,7,0.033226337283849716,4,1
400,7,0.053702933713793755,4,1
401,7,0.031816691625863314,4,1
402,10,0.05630068480968475,1,1
403,10,0.06371806561946869,1,1
404,7,0.03880902612581849,4,1
405,9,0.02525575878098607,2,1
406,6,0.05621712878346443,5,1
407,-50,0.06568914331495762,50,0
408,-1,0.06382878838727872,12,1
409,-50,0.05524259328842163,50,0
410,9,0.1554027572274208,2,1
411,9,0.05087647587060928,2,1
412,10,0.07801530510187149,1,1
413,10,0.06870197504758835,1,1
414,8,0.06152092665433884,3,1
415,9,0.03812352567911148,2,1
416,9,0.12080921791493893,2,1
417,10,0.025429673492908478,1,1
418,8,0.04986859858036041,3,1
419,8,0.02171664871275425,3,1
420,7,0.1340813310816884,4,1
421,10,0.026068639010190964,1,1
422,7,0.04069182137027383,4,1
423,8,0.038361446311076484,3,1
424,9,0.04106801375746727,2,1
425,7,0.049142162315547466,4,1
426,6,0.14180373027920723,5,1
427,10,0.08223426342010498,1,1
428,8,0.09635713199774425,3,1
429,8,0.17423932005961737,3,1
430,-5,0.05618271604180336,16,1
431,9,0.042764391750097275,2,1
432,9,0.06146842613816261,2,1
433,9,0.07449552603065968,2,1
434,7,0.05232082353904843,4,1
435,9,0.2175664957612753,2,1
436,8,0.048745996008316674,3,1
437,5,0.06386746854210894,6,1
438,8,0.06406885633865993,3,1
439,7,0.07136531849391758,4,1
440,8,0.07979232693711917,3,1
441,8,0.03530686969558398,3,1
442,10,0.02526101842522621,1,1
443,-10,0.02345370501279831,1,0
444,9,0.05747166462242603,2,1
445,10,0.040141962468624115,1,1
446,7,0.03255267348140478,4,1
447,7,0.022711538709700108,4,1
448,7,0.14996092952787876,4,1
449,6,0.053596608154475686,5,1
450,-50,0.07940325329080224,50,0
451,8,0.1505174320191145,3,1
452,10,0.041249532252550125,1,1
453,-8,0.0646630576566646,19,1
454,7,0.06206386722624302,4,1
455,7,0.08322751009836793,4,1
456,-12,0.10867538485352111,23,1
457,6,0.050232965499162674,5,1
458,10,0.014878638088703156,1,1
459,8,0.01677130612855156,3,1
460,8,0.038005489235123,3,1
461,8,0.3449047828714053,3,1
462,7,0.0970305954106152,4,1
463,-15,0.08238092150825721,26,1
464,10,0.1528555452823639,1,1
465,9,0.09941572323441505,2,1
466,10,0.051768966019153595,1,1
467,-5,0.05804078059736639,16,1
468,10,0.09743572771549225,1,1
469,9,0.09545527398586273,2,1
470,8,0.04955403755108515,3,1
471,8,0.1319592297077179,3,1
472,-39,0.09213499374687671,50,1
473,9,0.07839614152908325,2,1
474,-50,0.08829031601548194,50,0
475,7,0.047538855113089085,4,1
476,5,0.0370485025147597,6,1
477,6,0.03534736223518849,5,1
478,-11,0.0644355621188879,2,0
479,10,0.060549139976501465,1,1
480,8,0.026478605965773266,3,1
481,-36,0.11221057500828195,27,0
482,7,0.05658174119889736,4,1
483,9,0.31393324956297874,2,1
484,7,0.07165540801361203,4,1
485,-12,0.07765755964362103,23,1
486,10,0.0152968754991889,1,1
487,8,0.044550640508532524,3,1
488,8,0.04970891401171684,3,1
489,10,0.11609542369842529,1,1
490,10,0.02030107006430626,1,1
491,10,0.02155466005206108,1,1
492,7,0.05327056301757693,4,1
493,6,0.06894298046827316,5,1
494,-18,0.059105883455938764,9,0
495,-11,0.017100673634558916,2,0
496,-50,0.10652491271495819,50,0
497,-10,0.055647265166044235,1,0
498,8,0.03710294018189112,3,1
499,8,0.04522161992887656,3,1
500,8,0.06354006379842758,3,1
501,8,0.0423630935450395,3,1
502,10,0.03395271301269531,1,1
503,8,0.04636592542131742,3,1
504,7,0.1357129910029471,4,1
505,10,0.022971775382757187,1,1
506,8,0.04669243345657984,3,1
507,7,0.05985133349895477,4,1
508,8,0.2460657606522242,3,1
509,5,0.06682547057668368,6,1
510,7,0.0681178830564022,4,1
511,10,0.0487026646733284,1,1
512,7,0.04617369221523404,4,1
513,-1,0.0631833381485194,12,1
514,8,0.13254067301750183,3,1
515,7,0.10954426229000092,4,1
516,-50,0.0914659227244556,50,0
517,10,0.019565360620617867,1,1
518,10,0.02702820859849453,1,1
519,9,0.28664955496788025,2,1
520,8,0.03071328190465768,3,1
521,9,0.031982049345970154,2,1
522,10,0.038263555616140366,1,1
523,10,0.01989375799894333,1,1
524,9,0.07578891888260841,2,1
525,8,0.076329056173563,3,1
526,10,0.05589201673865318,1,1
527,8,0.05852264662583669,3,1
528,10,0.04922306537628174,1,1
529,8,0.02131825623412927,3,1
530,6,0.04670567661523819,5,1
531,-50,0.08630267633125185,50,0
532,5,0.04470208411415418,6,1
533,10,0.162931427359581,1,1
534,9,0.2842553723603487,2,1
535,8,0.16358336806297302,3,1
536,7,0.1668449710123241,4,1
537,9,0.0461836252361536,2,1
538,9,0.039640854112803936,2,1
539,7,0.045810623560100794,4,1
540,7,0.06813116371631622,4,1
541,9,0.059534575790166855,2,1
542,10,0.072474405169487,1,1
543,10,0.08439306914806366,1,1
544,9,0.3680477235466242,2,1
545,10,0.05205979943275452,1,1
546,10,0.07662250101566315,1,1
547,9,0.06803877279162407,2,1
548,8,0.09751960883537929,3,1
549,8,0.0823280190428098,3,1
550,10,0.07580191642045975,1,1
551,0,0.06549263948743994,11,1
552,10,0.08298736810684204,1,1
553,8,0.10085649726291497,3,1
554,8,0.049950058261553444,3,1
555,9,0.07212106324732304,2,1
556,9,0.04316754825413227,2,1
557,7,0.06665862584486604,4,1
558,8,0.15276876091957092,3,1
559,8,0.10290975868701935,3,1
560,9,0.29322903603315353,2,1
561,5,0.08072640188038349,6,1
562,7,0.1406161361373961,4,1
563,9,0.04637962859123945,2,1
564,9,0.2095977831631899,2,1
565,7,0.15689603984355927,4,1
566,9,0.05062633566558361,2,1
567,-23,0.09760240920107155,34,1
568,-50,0.09139805706217885,50,0
569,6,0.19667078256607057,5,1
570,7,0.07769120298326015,4,1
571,7,0.06876294687390327,4,1
572,4,0.07255603319832257,7,1
573,-10,0.49305105209350586,1,0
574,9,0.059881724417209625,2,1
575,9,0.045563291758298874,2,1
576,6,0.05278678387403488,5,1
577,8,0.07219921611249447,3,1
578,10,0.03329593315720558,1,1
579,4,0.06586510980767864,7,1
580,9,0.05858351942151785,2,1
581,5,0.18977001123130322,6,1
582,10,0.06695795059204102,1,1
583,8,0.25014324486255646,3,1
584,9,0.031975445337593555,2,1
585,8,0.049743463595708214,3,1
586,10,0.02502148412168026,1,1
587,8,0.13120963548620543,3,1
588,8,0.08048981117705505,3,1
589,-50,0.100616465061903,50,0
590,9,0.07929196394979954,2,1
591,5,0.09772050753235817,6,1
592,10,0.09069271385669708,1,1
593,-50,0.121670494787395,50,0
594,10,0.031938910484313965,1,1
595,10,0.0613599568605423,1,1
596,-12,0.058557809640963875,3,0
597,7,0.08060974348336458,4,1
598,9,0.043459164910018444,2,1
599,10,0.2209799587726593,1,1
600,6,0.04935332536697388,5,1
601,8,0.04742323110500971,3,1
602,-14,0.11372633211314678,25,1
603,9,0.0654218178242445,2,1
604,8,0.10186333147188027,3,1
605,8,0.1582029921313127,3,1
606,9,0.18100444972515106,2,1
607,-32,0.08766493387520313,43,1
608,9,0.0514582134783268,2,1
609,7,0.19275681488215923,4,1
610,10,0.03732672706246376,1,1
611,8,0.04705730080604553,3,1
612,9,0.11004209890961647,2,1
613,9,0.08451088517904282,2,1
614,-14,0.0723613116890192,5,0
615,10,0.03311847150325775,1,1
616,7,0.07769523188471794,4,1
617,10,0.0203838087618351,1,1
618,8,0.07705060765147209,3,1
619,10,0.14376948773860931,1,1
620,7,0.21222006902098656,4,1
621,-10,0.050499677658081055,1,0
622,9,0.07226752676069736,2,1
623,8,0.23495487868785858,3,1
624,8,0.09784922748804092,3,1
625,9,0.20428082812577486,2,1
626,8,0.14505146195491156,3,1
627,9,0.4316781908273697,2,1
628,10,0.15863370895385742,1,1
629,9,0.1202443391084671,2,1
630,9,0.09255726914852858,2,1
631,-50,0.1110188189148903,50,0
632,-50,0.10938527205958963,50,0
633,6,0.07641270682215691,5,1
634,-13,0.14932863414287567,4,0
635,7,0.04766864748671651,4,1
636,10,0.033765509724617004,1,1
637,9,0.1181030310690403,2,1
638,8,0.03973825089633465,3,1
639,10,0.06738855689764023,1,1
640,7,0.17978337639942765,4,1
641,3,0.0898607678245753,8,1
642,9,0.06036189943552017,2,1
643,-6,0.13713660726652427,17,1
644,9,0.042367114685475826,2,1
645,10,0.06708644330501556,1,1
646,7,0.15177409630268812,4,1
647,8,0.04173694861431917,3,1
648,7,0.05638231988996267,4,1
649,9,0.042145662009716034,2,1
650,9,0.028467606753110886,2,1
651,5,0.20748578726003566,6,1
652,10,0.3296836018562317,1,1
653,9,0.1534445509314537,2,1
654,7,0.13222909905016422,4,1
655,8,0.10295488064487775,3,1
656,9,0.26958924159407616,2,1
657,10,0.03489576280117035,1,1
658,10,0.03435763716697693,1,1
659,8,0.29828478892644245,3,1
660,10,0.1431652009487152,1,1
661,7,0.20942229684442282,4,1
662,7,0.0991899692453444,4,1
663,2,0.07145662212537394,9,1
664,6,0.09286829307675362,5,1
665,7,0.09364683832973242,4,1
666,6,0.07394792586565017,5,1
667,8,0.16524345924456915,3,1
668,10,0.058155424892902374,1,1
669,10,0.04460616409778595,1,1
670,7,0.1813210491091013,4,1
671,9,0.12050794810056686,2,1
672,9,0.1023869439959526,2,1
673,8,0.193494846423467,3,1
674,10,0.04943474009633064,1,1
675,7,0.05672901775687933,4,1
676,9,0.09181669354438782,2,1
677,9,0.06691380590200424,2,1
678,10,0.044158563017845154,1,1
679,9,0.17999392375349998,2,1
680,7,0.03473106864839792,4,1
681,1,0.09628447778522968,10,1
682,10,0.22132813930511475,1,1
683,6,0.14740938432514666,5,1
684,-11,0.04669209383428097,2,0
685,8,0.09242875501513481,3,1
686,10,0.08064672350883484,1,1
687,4,0.12855338837419236,7,1
688,9,0.2913926672190428,2,1
689,7,0.0984435472637415,4,1
690,6,0.10564186275005341,5,1
691,-11,0.25549839437007904,2,0
692,9,0.07002828642725945,2,1
693,6,0.03413177505135536,5,1
694,8,0.28770459691683453,3,1
695,-50,0.10266265731304884,50,0
696,10,0.45754504203796387,1,1
697,6,0.045548659190535544,5,1
698,-50,0.07937724622897804,50,0
699,9,0.0300777405500412,2,1
700,10,0.026079924777150154,1,1
701,-50,0.11788098795339465,50,0
702,-10,0.1208369220562634,21,1
703,8,0.08282555391391118,3,1
704,7,0.16336951311677694,4,1
705,7,0.16785097820684314,4,1
706,8,0.24383946259816489,3,1
707,10,0.11034319549798965,1,1
708,6,0.05640135183930397,5,1
709,9,0.028808095026761293,2,1
710,6,0.08005841225385665,5,1
711,8,0.030654629692435265,3,1
712,10,0.030739089474081993,1,1
713,9,0.02799962181597948,2,1
714,7,0.17644434981048107,4,1
715,8,0.09000132605433464,3,1
716,9,0.32081902027130127,2,1
717,8,0.10270825276772182,3,1
718,10,0.0747808888554573,1,1
719,7,0.03957395348697901,4,1
720,9,0.05624637193977833,2,1
721,4,0.11581246075885636,7,1
722,7,0.05511437123641372,4,1
723,7,0.040146967861801386,4,1
724,9,0.05551842227578163,2,1
725,7,0.040965039283037186,4,1
726,9,0.052363138645887375,2,1
727,9,0.10517694056034088,2,1
728,6,0.05085193291306496,5,1
729,7,0.07095758663490415,4,1
730,10,0.10470989346504211,1,1
731,6,0.05018750615417957,5,1
732,7,0.046506945975124836,4,1
733,-13,0.11167907435446978,4,0
734,4,0.05074818565377167,7,1
735,8,0.12352971360087395,3,1
736,10,0.06556858122348785,1,1
737,8,0.38887513304750126,3,1
738,8,0.01953120529651642,3,1
739,9,0.02735206950455904,2,1
740,9,0.09304709266871214,2,1
741,10,0.024272074922919273,1,1
742,10,0.0627615675330162,1,1
743,9,0.22039208374917507,2,1
744,7,0.19931537145748734,4,1
745,8,0.048544105142354965,3,1
746,10,0.03777075186371803,1,1
747,-2,0.1662494455679105,13,1
748,10,0.05486689880490303,1,1
749,-11,0.050523340702056885,2,0
750,9,0.0474410355091095,2,1
751,10,0.0677657425403595,1,1
752,9,0.045785559341311455,2,1
753,10,0.028730973601341248,1,1
754,9,0.048568522557616234,2,1
755,8,0.05188885206977526,3,1
756,6,0.06884456798434258,5,1
757,7,0.027767210267484188,4,1
758,10,0.04384932294487953,1,1
759,7,0.029152296483516693,4,1
760,7,0.05014522699639201,4,1
761,8,0.05245056562125683,3,1
762,8,0.03319831502934297,3,1
763,-50,0.15298582484945655,50,0
764,10,0.03988780826330185,1,1
765,-11,0.09262909981506792,22,1
766,5,0.027682538144290447,6,1
767,9,0.0502771120518446,2,1
768,9,0.13337984681129456,2,1
769,8,0.12765111898382506,3,1
770,6,0.030170504935085773,5,1
771,8,0.05866407851378123,3,1
772,7,0.036053920863196254,4,1
773,10,0.12286753207445145,1,1
774,-21,0.10015772702172399,32,1
775,9,0.02323160506784916,2,1
776,10,0.22274664044380188,1,1
777,10,0.09695692360401154,1,1
778,9,0.11731665208935738,2,1
779,10,0.17252293229103088,1,1
780,8,0.122541477282842,3,1
781,10,0.04630628600716591,1,1
782,9,0.08110779896378517,2,1
783,7,0.11065774783492088,4,1
784,9,0.032280417159199715,2,1
785,9,0.14626649022102356,2,1
786,-18,0.07664752115720305,29,1
787,9,0.026842687278985977,2,1
788,9,0.03571879863739014,2,1
789,9,0.08048403821885586,2,1
790,6,0.07866545766592026,5,1
791,10,0.03436175733804703,1,1
792,6,0.14108109585940837,5,1
793,10,0.5484498143196106,1,1
794,6,0.0884567454457283,5,1
795,9,0.04769784398376942,2,1
796,8,0.08675124992926915,3,1
797,8,0.08856065074602763,3,1
798,8,0.08378916482130687,3,1
799,9,0.03644365631043911,2,1
800,-50,0.08209668464958668,50,0
801,8,0.0701117863257726,3,1
802,8,0.04472472767035166,3,1
803,9,0.03515861555933952,2,1
804,9,0.03337336704134941,2,1
805,6,0.14746879041194916,5,1
806,9,0.02988819032907486,2,1
807,10,0.08535533398389816,1,1
808,10,0.05675128102302551,1,1
809,-17,0.07476546801626682,28,1
810,8,0.03410683013498783,3,1
811,6,0.14802049174904824,5,1
812,10,0.03464151546359062,1,1
813,7,0.2310491711832583,4,1
814,7,0.09240355365909636,4,1
815,7,0.2030072035267949,4,1
816,9,0.03958981670439243,2,1
817,10,0.030656054615974426,1,1
818,9,0.18117782473564148,2,1
819,8,0.03970622147123019,3,1
820,10,0.18415643274784088,1,1
821,9,0.07909524068236351,2,1
822,7,0.05339366756379604,4,1
823,-11,0.054685757495462894,2,0
824,8,0.08705962697664897,3,1
825,7,0.1003938689827919,4,1
826,9,0.060864388942718506,2,1
827,10,0.10087814182043076,1,1
828,6,0.14724123626947402,5,1
829,6,0.0640964962542057,5,1
830,-29,0.07815643604844809,40,1
831,9,0.0799907948821783,2,1
832,8,0.1111220916112264,3,1
833,9,0.08114276453852654,2,1
834,-18,0.08713296017256277,29,1
835,6,0.13453446924686432,5,1
836,7,0.12124241515994072,4,1
837,9,0.05654386058449745,2,1
838,8,0.10637783507506053,3,1
839,6,0.06799998134374619,5,1
840,-50,0.09360006783157587,50,0
841,9,0.05449730157852173,2,1
842,9,0.05452878959476948,2,1
843,6,0.060820794105529784,5,1
844,7,0.05281802173703909,4,1
845,7,0.085935122333467,4,1
846,7,0.04486599192023277,4,1
847,6,0.04635523147881031,5,1
848,-5,0.08497684262692928,16,1
849,9,0.06782347895205021,2,1
850,7,0.05776089895516634,4,1
851,8,0.10281785577535629,3,1
852,10,0.03209363669157028,1,1
853,6,0.0764535441994667,5,1
854,7,0.051741866394877434,4,1
855,9,0.1364966332912445,2,1
856,9,0.22686437517404556,2,1
857,10,0.03280939906835556,1,1
858,6,0.06705285981297493,5,1
859,9,0.027467360720038414,2,1
860,8,0.04861609141031901,3,1
861,10,0.4987199604511261,1,1
862,8,0.10391123096148173,3,1
863,9,0.12825633957982063,2,1
864,5,0.07706584098438422,6,1
865,8,0.08616988360881805,3,1
866,9,0.0737492311745882,2,1
867,6,0.08171958923339843,5,1
868,8,0.06162000695864359,3,1
869,10,0.031634196639060974,1,1
870,-50,0.08551515642553568,50,0
871,8,0.049459703266620636,3,1
872,6,0.08731555119156838,5,1
873,7,0.12068359646946192,4,1
874,7,0.0626734015531838,4,1
875,7,0.05164788383990526,4,1
876,9,0.08524670824408531,2,1
877,8,0.07036524762709935,3,1
878,8,0.03251844830811024,3,1
879,7,0.039409922901540995,4,1
880,8,0.09248513852556546,3,1
881,-9,0.04775610780343413,20,1
882,9,0.026543695479631424,2,1
883,9,0.04331010952591896,2,1
884,9,0.027905198745429516,2,1
885,7,0.05763715598732233,4,1
886,9,0.11150090023875237,2,1
887,8,0.050726221253474556,3,1
888,8,0.07044859975576401,3,1
889,6,0.08791543580591679,5,1
890,8,0.06605554496248563,3,1
891,9,0.0631268247961998,2,1
892,5,0.11549257238705952,6,1
893,8,0.10294903814792633,3,1
894,9,0.06156315095722675,2,1
895,-4,0.06776082180440426,15,1
896,8,0.04194116157790025,3,1
897,8,0.18119971454143524,3,1
898,10,0.06083779036998749,1,1
899,6,0.051712135598063466,5,1
900,9,0.08344728499650955,2,1
901,10,0.05718018859624863,1,1
902,10,0.0572851337492466,1,1
903,9,0.05063345283269882,2,1
904,10,0.022458767518401146,1,1
905,7,0.0861752419732511,4,1
906,10,0.03118843212723732,1,1
907,5,0.06920684594660997,6,1
908,6,0.073027965426445,5,1
909,8,0.0696764662861824,3,1
910,10,0.039801713079214096,1,1
911,9,0.055945564061403275,2,1
912,8,0.13571461290121078,3,1
913,7,0.07339263707399368,4,1
914,10,0.018609624356031418,1,1
915,7,0.034399416064843535,4,1
916,9,0.0485425079241395,2,1
917,10,0.03257431462407112,1,1
918,8,0.027578760559360187,3,1
919,10,0.027676718309521675,1,1
920,8,0.04832827548185984,3,1
921,7,0.08431662898510695,4,1
922,7,0.03574271826073527,4,1
923,9,0.07172384113073349,2,1
924,9,0.04449587780982256,2,1
925,9,0.0819903090596199,2,1
926,9,0.023901953361928463,2,1
927,8,0.031717464327812195,3,1
928,6,0.062203914672136304,5,1
929,10,0.027394525706768036,1,1
930,10,0.06633847951889038,1,1
931,7,0.03541067475453019,4,1
932,6,0.059887686744332314,5,1
933,9,0.04127580393105745,2,1
934,10,0.05114214867353439,1,1
935,8,0.07754247635602951,3,1
936,7,0.04687949409708381,4,1
937,9,0.026697116903960705,2,1
938,10,0.024980228394269943,1,1
939,7,0.03281030198559165,4,1
940,8,0.027163888638218243,3,1
941,8,0.04271890766297778,3,1
942,7,0.045437159948050976,4,1
943,9,0.11334265023469925,2,1
944,-50,0.07666602581739426,50,0
945,8,0.05026770383119583,3,1
946,9,0.06549067609012127,2,1
947,-50,0.06540980670601129,50,0
948,-6,0.07716968962374855,17,1
949,9,0.24646478611975908,2,1
950,5,0.08618172847976287,6,1
951,-50,0.11185406865552068,50,0
952,10,0.05738191679120064,1,1
953,8,0.07706258880595367,3,1
954,8,0.08952089647452037,3,1
955,5,0.06379399821162224,6,1
956,-10,0.07037641853094101,1,0
957,8,0.03496417899926504,3,1
958,8,0.058717274417479835,3,1
959,9,0.07824251614511013,2,1
960,7,0.09103209851309657,4,1
961,8,0.04805696134765943,3,1
962,-50,0.09765081413090229,50,0
963,10,0.03973766043782234,1,1
964,8,0.11546339218815167,3,1
965,10,0.02661619707942009,1,1
966,7,0.07672682777047157,4,1
967,9,0.03389314096421003,2,1
968,9,0.048526909202337265,2,1
969,5,0.028962039699157078,6,1
970,9,0.04126677755266428,2,1
971,8,0.21260957544048628,3,1
972,8,0.28296787043412525,3,1
973,-10,0.019946405664086342,1,0
974,6,0.036679664999246596,5,1
975,9,0.04780098237097263,2,1
976,-17,0.053312263750870316,28,1
977,9,0.08007723558694124,2,1
978,-50,0.11267624380066991,50,0
979,8,0.05185165504614512,3,1
980,8,0.04877878725528717,3,1
981,9,0.06701520085334778,2,1
982,8,0.09496632528801759,3,1
983,8,0.07496120035648346,3,1
984,6,0.06083137840032578,5,1
985,8,0.027861061195532482,3,1
986,8,0.023417976995309193,3,1
987,7,0.12159514147788286,4,1
988,9,0.035729904659092426,2,1
989,10,0.026790408417582512,1,1
990,-15,0.12971027553654635,26,1
991,7,0.10744431894272566,4,1
992,8,0.0575478229050835,3,1
993,8,0.04755661388238271,3,1
994,10,0.08797840774059296,1,1
995,8,0.06221338858207067,3,1
996,-3,0.03465953595670206,14,1
997,7,0.2624312052503228,4,1
998,10,0.008903879672288895,1,1
999,8,0.0459244338174661,3,1
1000,-50,0.08373305907472968,50,0
1,8,0.03411840461194515,3,1
2,8,0.18264255175987879,3,1
3,7,0.07409117557108402,4,1
4,-50,0.0873097238689661,50,0
5,9,0.04221340548247099,2,1
6,8,0.04908501356840134,3,1
7,5,0.065909077723821,6,1
8,7,0.10694954637438059,4,1
9,10,0.026024535298347473,1,1
10,5,0.06169590447098017,6,1
11,10,0.02015853300690651,1,1
12,7,0.17159922467544675,4,1
13,9,0.11731700785458088,2,1
14,7,0.0932107544504106,4,1
15,8,0.07305123160282771,3,1
16,8,0.18726256986459097,3,1
17,7,0.04564580135047436,4,1
18,7,0.06851587072014809,4,1
19,-12,0.05350287291018859,23,1
20,7,0.0976699786260724,4,1
21,8,0.05080182105302811,3,1
22,-12,0.06339316151064375,23,1
23,7,0.08402763353660703,4,1
24,9,0.22628766298294067,2,1
25,10,0.029842831194400787,1,1
26,10,0.04891587793827057,1,1
27,7,0.12715506367385387,4,1
28,10,0.03800610825419426,1,1
29,8,0.037001361760000386,3,1
30,9,0.20889109279960394,2,1
31,-38,0.07154395977227852,29,0
32,7,0.026547331362962723,4,1
33,10,0.01720188558101654,1,1
34,9,0.02312589343637228,2,1
35,7,0.05935643729753792,4,1
36,-50,0.061093557495623826,50,0
37,7,0.03761412762105465,4,1
38,9,0.02584437932819128,2,1
39,9,0.03852790594100952,2,1
40,9,0.07922955974936485,2,1
41,9,0.011380600277334452,2,1
42,10,0.009869703091681004,1,1
43,-50,0.06652226153761148,50,0
44,8,0.06992362563808759,3,1
45,7,0.08303747046738863,4,1
46,8,0.04722756240516901,3,1
47,-2,0.06620118380166017,13,1
48,7,0.09483866021037102,4,1
49,7,0.05782912438735366,4,1
50,6,0.10980196744203567,5,1
51,5,0.10179624520242214,6,1
52,-11,0.04848436173051596,2,0
53,-50,0.05725936133414507,50,0
54,-50,0.06644957046955824,50,0
55,8,0.055680051445961,3,1
56,10,0.03305475413799286,1,1
57,9,0.035028520971536636,2,1
58,7,0.022327910410240293,4,1
59,9,0.026451202109456062,2,1
60,8,0.03446103415141503,3,1
61,10,0.4322831928730011,1,1
62,7,0.03080024477094412,4,1
63,-6,0.05450187308494659,17,1
64,8,0.05511872780819734,3,1
65,9,0.07979973405599594,2,1
66,9,0.016482630744576454,2,1
67,8,0.03735035751014948,3,1
68,7,0.024554127594456077,4,1
69,7,0.045951609034091234,4,1
70,9,0.26041802763938904,2,1
71,-50,0.058312116116285326,50,0
72,8,0.06654157986243565,3,1
73,8,0.06378097708026569,3,1
74,9,0.07088245265185833,2,1
75,5,0.06313414995869,6,1
76,10,0.05829154700040817,1,1
77,9,0.06028168275952339,2,1
78,10,0.01611284911632538,1,1
79,7,0.03629664145410061,4,1
80,9,0.04271921329200268,2,1
81,8,0.04888711373011271,3,1
82,7,0.05332810524851084,4,1
83,6,0.07412180900573731,5,1
84,-50,0.06025932298973203,50,0
85,10,0.024068722501397133,1,1
86,6,0.04293426945805549,5,1
87,5,0.04157096038882931,6,1
88,8,0.1144811287522316,3,1
89,7,0.041201040614396334,4,1
90,5,0.049262446351349354,6,1
91,10,0.22310955822467804,1,1
92,8,0.048651132732629776,3,1
93,9,0.052760789170861244,2,1
94,10,0.05107048153877258,1,1
95,9,0.06697085034102201,2,1
96,-10,0.05696526914834976,1,0
97,10,0.02236240915954113,1,1
98,9,0.05293520912528038,2,1
99,-50,0.0740888955257833,50,0
100,9,0.009944121818989515,2,1
101,10,0.02097230777144432,1,1
102,10,0.03343179449439049,1,1
103,9,0.02214886201545596,2,1
104,6,0.05892367884516716,5,1
105,-14,0.06266401275992393,25,1
106,9,0.028491192497313023,2,1
107,-39,0.07103395050391555,50,1
108,9,0.10758760385215282,2,1
109,-11,0.0731811693615534,22,1
110,6,0.042614901810884474,5,1
111,10,0.11482656002044678,1,1
112,8,0.03029626701027155,3,1
113,6,0.07351321168243885,5,1
114,8,0.13620535532633463,3,1
115,7,0.04718520911410451,4,1
116,7,0.08862837683409452,4,1
117,-50,0.061342675630003216,50,0
118,7,0.03818365465849638,4,1
119,5,0.036362348745266594,6,1
120,8,0.09208143875002861,3,1
121,9,0.04553138557821512,2,1
122,10,0.01172364316880703,1,1
123,-10,0.361912339925766,1,0
124,9,0.01283361529931426,2,1
125,10,0.06368131935596466,1,1
126,10,0.06960452347993851,1,1
127,7,0.11294958274811506,4,1
128,8,0.04954642429947853,3,1
129,8,0.1469345341126124,3,1
130,-17,0.08872941302667771,28,1
131,8,0.07889535774787267,3,1
132,7,0.05440730880945921,4,1
133,-10,0.031539324671030045,1,0
134,8,0.04936038671682278,3,1
135,10,0.5305101871490479,1,1
136,7,0.12248283298686147,4,1
137,9,0.3255944587290287,2,1
138,6,0.23313951417803763,5,1
139,-7,0.1274442815532287,18,1
140,10,0.042120758444070816,1,1
141,8,0.04051920212805271,3,1
142,8,0.03744154547651609,3,1
143,7,0.16787135461345315,4,1
144,10,0.02518025040626526,1,1
145,-28,0.09360346876275845,39,1
146,7,0.02859720913693309,4,1
147,8,0.0318335797637701,3,1
148,7,0.03732284065335989,4,1
149,-10,0.014232838526368141,1,0
150,6,0.03189393542706966,5,1
151,-50,0.07317150389775634,50,0
152,10,0.050842784345149994,1,1
153,7,0.07279511028900743,4,1
154,9,0.02976396679878235,2,1
155,8,0.03436807170510292,3,1
156,7,0.018951576203107834,4,1
157,7,0.05670627951622009,4,1
158,6,0.10285404995083809,5,1
159,8,0.047675399109721184,3,1
160,8,0.05649323140581449,3,1
161,7,0.15525281243026257,4,1
162,9,0.043143197894096375,2,1
163,9,0.04499167948961258,2,1
164,9,0.019978653639554977,2,1
165,10,0.0336730070412159,1,1
166,10,0.08740957081317902,1,1
167,-32,0.06196287339148314,23,0
168,-10,0.13953374326229095,1,0
169,8,0.0854440728823344,3,1
170,10,0.1802656352519989,1,1
171,10,0.09886082261800766,1,1
172,10,0.10682114213705063,1,1
173,7,0.07823221851140261,4,1
174,10,0.040992267429828644,1,1
175,10,0.0471046045422554,1,1
176,7,0.045431255362927914,4,1
177,8,0.06547545393308003,3,1
178,9,0.11394527554512024,2,1
179,7,0.04116587061434984,4,1
180,9,0.02564190234988928,2,1
181,10,0.018287530168890953,1,1
182,10,0.018891863524913788,1,1
183,8,0.05804774848123392,3,1
184,6,0.04075684808194637,5,1
185,9,0.019920227583497763,2,1
186,8,0.10595326342930396,3,1
187,8,0.04488911976416906,3,1
188,6,0.04727316200733185,5,1
189,10,0.13285116851329803,1,1
190,4,0.1295916744108711,7,1
191,-7,0.10249162941343254,18,1
192,6,0.041282468289136884,5,1
193,9,0.07399553433060646,2,1
194,8,0.13383253663778305,3,1
195,8,0.23441324445108572,3,1
196,7,0.035154050681740046,4,1
197,6,0.03433242179453373,5,1
198,8,0.029508591008683045,3,1
199,5,0.06438289629295468,6,1
200,8,0.16722117364406586,3,1
201,10,0.04152790084481239,1,1
202,9,0.04556650668382645,2,1
203,8,0.0708869385222594,3,1
204,10,0.08084705471992493,1,1
205,9,0.0830085463821888,2,1
206,8,0.2921847651402156,3,1
207,10,0.08454500883817673,1,1
208,10,0.3636230230331421,1,1
209,-25,0.07595443461711208,36,1
210,9,0.24279573932290077,2,1
211,10,0.021066803485155106,1,1
212,6,0.06616330593824386,5,1
213,7,0.05325703229755163,4,1
214,10,0.06321091204881668,1,1
215,9,0.052847858518362045,2,1
216,10,0.13479790091514587,1,1
217,8,0.05277231397728125,3,1
218,9,0.07858484610915184,2,1
219,7,0.03076329967007041,4,1
220,9,0.09354561008512974,2,1
221,8,0.08241543546319008,3,1
222,7,0.06442633550614119,4,1
223,8,0.1367983172337214,3,1
224,7,0.054990741424262524,4,1
225,9,0.36320510506629944,2,1
226,7,0.12471326347440481,4,1
227,9,0.07099470123648643,2,1
228,-10,0.05676714703440666,1,0
229,-13,0.16526573710143566,4,0
230,9,0.07395970821380615,2,1
231,7,0.051227347925305367,4,1
232,8,0.027840114819506805,3,1
233,6,0.056175865791738035,5,1
234,9,0.2301917616277933,2,1
235,8,0.1830505169928074,3,1
236,-14,0.07554966647177935,25,1
237,9,0.03323454409837723,2,1
238,9,0.03250524029135704,2,1
239,10,0.050920747220516205,1,1
240,10,0.10503759980201721,1,1
241,7,0.07114942092448473,4,1
242,7,0.08836997672915459,4,1
243,9,0.26274910010397434,2,1
244,9,0.2261878252029419,2,1
245,7,0.05964155262336135,4,1
246,6,0.036971070989966395,5,1
247,8,0.048222255582610764,3,1
248,3,0.16406048415228724,8,1
249,-17,0.09457732570756759,28,1
250,10,0.030394041910767555,1,1
251,6,0.03945500291883945,5,1
252,10,0.029958782717585564,1,1
253,7,0.10463826730847359,4,1
254,-9,0.061741405818611386,20,1
255,10,0.35158446431159973,1,1
256,7,0.06723796250298619,4,1
257,10,0.039550457149744034,1,1
258,-17,0.11086422185014401,28,1
259,10,0.03712029755115509,1,1
260,-19,0.08740428816527128,10,0
261,7,0.09111081948503852,4,1
262,10,0.04660012573003769,1,1
263,7,0.05783315375447273,4,1
264,5,0.08489153534173965,6,1
265,9,0.026409894227981567,2,1
266,9,0.038245636969804764,2,1
267,9,0.06207160837948322,2,1
268,6,0.07326012328267098,5,1
269,3,0.06063404679298401,8,1
270,4,0.10435887692230088,7,1
271,-22,0.08601110270963265,13,0
272,9,0.07412439584732056,2,1
273,3,0.12681629741564393,8,1
274,6,0.07657494097948074,5,1
275,10,0.04542151838541031,1,1
276,-7,0.13563930036293137,18,1
277,5,0.06564134762932856,6,1
278,10,0.05439505726099014,1,1
279,8,0.04031327118476232,3,1
280,10,0.01312832348048687,1,1
281,6,0.06602887511253357,5,1
282,10,0.13083039224147797,1,1
283,7,0.1252232762053609,4,1
284,9,0.10174991935491562,2,1
285,6,0.07979218512773514,5,1
286,2,0.05715027389427026,9,1
287,-50,0.10673804268240929,50,0
288,8,0.08461171636978786,3,1
289,10,0.13786566257476807,1,1
290,9,0.030256060417741537,2,1
291,10,0.0347675085067749,1,1
292,9,0.03546554921194911,2,1
293,6,0.050610126834362744,5,1
294,-11,0.06508339856835929,22,1
295,6,0.07960782125592232,5,1
296,7,0.08065658435225487,4,1
297,8,0.041408112893501915,3,1
298,8,0.042939244459072747,3,1
299,7,0.055056046694517136,4,1
300,10,0.051083121448755264,1,1
301,10,0.09095647186040878,1,1
302,5,0.040437077172100544,6,1
303,7,0.1302670780569315,4,1
304,9,0.026365019381046295,2,1
305,-18,0.09816529755962305,29,1
306,8,0.04990550751487414,3,1
307,9,0.032398845069110394,2,1
308,9,0.07791721448302269,2,1
309,10,0.026073891669511795,1,1
310,-34,0.07515023897091548,45,1
311,5,0.09473420182863872,6,1
312,10,0.28435853123664856,1,1
313,9,0.02123747393488884,2,1
314,9,0.0796356350183487,2,1
315,9,0.04355134814977646,2,1
316,4,0.051996863314083645,7,1
317,8,0.0736874844878912,3,1
318,2,0.1388206055594815,9,1
319,-34,0.07541314042690728,45,1
320,9,0.05675794929265976,2,1
321,10,0.05792875960469246,1,1
322,9,0.04934701323509216,2,1
323,7,0.08658219082280993,4,1
324,-15,0.07784259623776262,26,1
325,9,0.035921040922403336,2,1
326,10,0.060799743980169296,1,1
327,8,0.02798737275103728,3,1
328,8,0.10145876867075761,3,1
329,8,0.025163595254222553,3,1
330,5,0.05093895271420479,6,1
331,8,0.15592018018166223,3,1
332,7,0.04671583138406277,4,1
333,9,0.04994859639555216,2,1
334,-31,0.10670610335232182,22,0
335,-25,0.06247435277327895,16,0
336,8,0.20805461208025613,3,1
337,9,0.04863993264734745,2,1
338,6,0.050157976895570756,5,1
339,8,0.12154545728117228,3,1
340,9,0.062385110184550285,2,1
341,9,0.0419197604060173,2,1
342,7,0.057462205179035664,4,1
343,9,0.03760212194174528,2,1
344,10,0.17719189822673798,1,1
345,9,0.12384643405675888,2,1
346,9,0.05160303972661495,2,1
347,-27,0.053115109962068106,38,1
348,9,0.1262911558151245,2,1
349,5,0.047291857500871025,6,1
350,10,0.13430358469486237,1,1
351,5,0.05440124310553074,6,1
352,9,0.24624341540038586,2,1
353,10,0.059346236288547516,1,1
354,9,0.030962646007537842,2,1
355,8,0.05951234636207422,3,1
356,-8,0.06723915050296407,19,1
357,7,0.1519799972884357,4,1
358,8,0.094174279520909,3,1
359,5,0.0691883258211116,6,1
360,7,0.06530755059793591,4,1
361,10,0.4015200734138489,1,1
362,9,0.09608308505266905,2,1
363,9,0.018327800557017326,2,1
364,6,0.1583992525935173,5,1
365,10,0.114008828997612,1,1
366,8,0.03863005650540193,3,1
367,8,0.05336795561015606,3,1
368,9,0.03231407422572374,2,1
369,7,0.024237242061644793,4,1
370,-10,0.037228453904390335,1,0
371,7,0.06158309010788798,4,1
372,9,0.10389714501798153,2,1
373,9,0.023435194045305252,2,1
374,10,0.01944124884903431,1,1
375,10,0.05015800520777702,1,1
376,9,0.06215591635555029,2,1
377,8,0.07278099376708269,3,1
378,7,0.03344390308484435,4,1
379,8,0.0735179881254832,3,1
380,8,0.046615906059741974,3,1
381,10,0.055389031767845154,1,1
382,10,0.0515555776655674,1,1
383,10,0.05868840590119362,1,1
384,9,0.017507382668554783,2,1
385,7,0.0441134087741375,4,1
386,7,0.05159894982352853,4,1
387,10,0.053229525685310364,1,1
388,8,0.06090895396967729,3,1
389,6,0.0701920872554183,5,1
390,9,0.0699657890945673,2,1
391,10,0.03949844464659691,1,1
392,10,0.04250466078519821,1,1
393,-10,0.4655352234840393,1,0
394,9,0.05854284716770053,2,1
395,10,0.4825265109539032,1,1
396,7,0.039248698856681585,4,1
397,4,0.15357461678130285,7,1
398,-23,0.06164365594408342,14,0
399,7,0.10016595385968685,4,1
400,6,0.047827252000570294,5,1
401,8,0.06904478867848714,3,1
402,8,0.04510175126294295,3,1
403,6,0.18160194642841815,5,1
404,9,0.059448775835335255,2,1
405,9,0.04097428172826767,2,1
406,8,0.13502228943010172,3,1
407,9,0.0335261570289731,2,1
408,7,0.09129200037568808,4,1
409,-50,0.10024024737998843,50,0
410,8,0.0921975647409757,3,1
411,9,0.06625605560839176,2,1
412,8,0.1467378760377566,3,1
413,10,0.03690581023693085,1,1
414,-3,0.09360467230102845,14,1
415,7,0.09186102263629436,4,1
416,10,0.09667271375656128,1,1
417,5,0.14155565947294235,6,1
418,10,0.05277794972062111,1,1
419,10,0.26514458656311035,1,1
420,-11,0.09361259546130896,2,0
421,5,0.11317253236969312,6,1
422,6,0.09645470157265663,5,1
423,10,0.04731913283467293,1,1
424,4,0.11770022580666202,7,1
425,7,0.057494278997182846,4,1
426,7,0.15963065018877387,4,1
427,10,0.11329472064971924,1,1
428,10,0.09100916236639023,1,1
429,5,0.08533010445535183,6,1
430,7,0.11243703588843346,4,1
431,10,0.10370089113712311,1,1
432,4,0.07539438562733787,7,1
433,-50,0.0769481659308076,50,0
434,10,0.019042709842324257,1,1
435,-12,0.13129908947840982,23,1
436,7,0.037328824400901794,4,1
437,9,0.18684001825749874,2,1
438,9,0.05464544892311096,2,1
439,8,0.023682102871437866,3,1
440,10,0.058592189103364944,1,1
441,7,0.05327326012775302,4,1
442,3,0.04711596388369799,8,1
443,7,0.10279135685414076,4,1
444,9,0.04475084971636534,2,1
445,7,0.07621550094336271,4,1
446,8,0.15130977363636097,3,1
447,8,0.04287191232045492,3,1
448,9,0.015244740061461926,2,1
449,8,0.04047893484433492,3,1
450,9,0.16118518775328994,2,1
451,7,0.0511420639231801,4,1
452,9,0.02997635956853628,2,1
453,8,0.19791100298364958,3,1
454,10,0.02128724195063114,1,1
455,10,0.026082975789904594,1,1
456,10,0.09667544811964035,1,1
457,8,0.05140630528330803,3,1
458,-5,0.06174805131740868,16,1
459,7,0.07392617408186197,4,1
460,10,0.05474809184670448,1,1
461,10,0.04911521449685097,1,1
462,9,0.04341021366417408,2,1
463,6,0.05805607922375202,5,1
464,10,0.11811508238315582,1,1
465,9,0.04163449816405773,2,1
466,7,0.06095377681776881,4,1
467,7,0.04625359387136996,4,1
468,10,0.03462231159210205,1,1
469,6,0.09395896196365357,5,1
470,9,0.05623737722635269,2,1
471,7,0.0454475493170321,4,1
472,-11,0.08900088799948042,22,1
473,-7,0.08335272036492825,18,1
474,10,0.02811288833618164,1,1
475,8,0.03832143855591615,3,1
476,9,0.054854217916727066,2,1
477,10,0.025203639641404152,1,1
478,10,0.4877566397190094,1,1
479,10,0.024154119193553925,1,1
480,8,0.0754965990781784,3,1
481,7,0.1481290264055133,4,1
482,10,0.044464267790317535,1,1
483,-50,0.07373532515019178,50,0
484,5,0.11386207584291697,6,1
485,-12,0.10719319681326549,3,0
486,9,0.29599378257989883,2,1
487,10,0.061920709908008575,1,1
488,-20,0.08402625116850099,31,1
489,9,0.019593801349401474,2,1
490,8,0.29728733251492184,3,1
491,10,0.03350530564785004,1,1
492,7,0.04368911311030388,4,1
493,5,0.13973429426550865,6,1
494,8,0.0797025499244531,3,1
495,-25,0.04849529325858586,36,1
496,8,0.07939305653174718,3,1
497,9,0.05603546742349863,2,1
498,10,0.07369441539049149,1,1
499,10,0.045321665704250336,1,1
500,9,0.04926529712975025,2,1
501,-14,0.04225436758249998,25,1
502,6,0.03747803494334221,5,1
503,8,0.04493864066898823,3,1
504,6,0.06380484346300364,5,1
505,7,0.06090185698121786,4,1
506,-50,0.10058633115142585,50,0
507,9,0.2112751305103302,2,1
508,8,0.41938920753697556,3,1
509,4,0.12083274312317371,7,1
510,7,0.05602390319108963,4,1
511,7,0.04255085112527013,4,1
512,8,0.1191339207192262,3,1
513,10,0.06498266011476517,1,1
514,8,0.20045925800999007,3,1
515,-7,0.091967830951843,18,1
516,-1,0.13655321408684054,12,1
517,9,0.11757864058017731,2,1
518,7,0.052761029452085495,4,1
519,4,0.12836374502096856,7,1
520,8,0.05604250356554985,3,1
521,10,0.02513185702264309,1,1
522,6,0.06077147424221039,5,1
523,-9,0.1395435579121113,20,1
524,10,0.03232448548078537,1,1
525,10,0.03896443545818329,1,1
526,5,0.07128263451159,6,1
527,9,0.10105054453015327,2,1
528,10,0.04068666696548462,1,1
529,-23,0.12485413466963698,34,1
530,10,0.0361105315387249,1,1
531,-50,0.09466231040656567,50,0
532,9,0.067643191665411,2,1
533,4,0.045871722644993236,7,1
534,-10,0.04478425532579422,1,0
535,7,0.08515545912086964,4,1
536,7,0.06837310595437884,4,1
537,7,0.10670056659728289,4,1
538,7,0.0745800118893385,4,1
539,-50,0.08180357228964567,50,0
540,8,0.05840112020572027,3,1
541,10,0.11021669209003448,1,1
542,8,0.0891830747326215,3,1
543,10,0.029485462233424187,1,1
544,9,0.2834007106721401,2,1
545,8,0.13811000933249792,3,1
546,6,0.11896951459348201,5,1
547,8,0.14974059040347734,3,1
548,10,0.07919225096702576,1,1
549,-7,0.10311288562499815,18,1
550,-15,0.09808508647032656,26,1
551,7,0.13119151070713997,4,1
552,1,0.0904471704736352,10,1
553,8,0.10162028670310974,3,1
554,7,0.054556147661060095,4,1
555,-50,0.09321660293266178,50,0
556,-38,0.07541524440202178,49,1
557,6,0.06360059604048729,5,1
558,7,0.14572116220369935,4,1
559,9,0.14276672527194023,2,1
560,10,0.04140837490558624,1,1
561,8,0.057045831034580864,3,1
562,10,0.08059077709913254,1,1
563,-50,0.09606503933668137,50,0
564,9,0.0696500726044178,2,1
565,-11,0.04553369991481304,2,0
566,9,0.10297704488039017,2,1
567,8,0.09834120174249013,3,1
568,10,0.10644226521253586,1,1
569,7,0.03568434342741966,4,1
570,7,0.16218876303173602,4,1
571,-12,0.10145129376779431,23,1
572,5,0.07349544391036034,6,1
573,10,0.04940549656748772,1,1
574,9,0.11267086863517761,2,1
575,4,0.05899996097598757,7,1
576,8,0.048609280958771706,3,1
577,-50,0.06125414112582803,50,0
578,9,0.05240972898900509,2,1
579,7,0.043373710941523314,4,1
580,-10,0.042612237501002494,21,1
581,6,0.06259230151772499,5,1
582,9,0.11937322840094566,2,1
583,8,0.07482580592234929,3,1
584,10,0.05592881888151169,1,1
585,8,0.040681142359972,3,1
586,-10,0.08424179255962372,1,0
587,10,0.041326239705085754,1,1
588,7,0.13130628177896142,4,1
589,8,0.17692430565754572,3,1
590,9,0.2025846168398857,2,1
591,9,0.059731148183345795,2,1
592,8,0.12750082463026047,3,1
593,1,0.09691730290651321,10,1
594,-17,0.09928555705118924,8,0
595,10,0.058265235275030136,1,1
596,10,0.052404142916202545,1,1
597,8,0.029306507669389248,3,1
598,8,0.04509203011790911,3,1
599,9,0.018155240919440985,2,1
600,-33,0.05991213231093504,44,1
601,4,0.10490530676075391,7,1
602,1,0.11526301875710487,10,1
603,8,0.15095492949088415,3,1
604,6,0.1571814723312855,5,1
605,8,0.060400012880563736,3,1
606,-11,0.09954464922405103,22,1
607,8,0.09150216480096181,3,1
608,8,0.041903331875801086,3,1
609,9,0.02500976901501417,2,1
610,8,0.07594873197376728,3,1
611,9,0.018944882787764072,2,1
612,9,0.1459331288933754,2,1
613,-24,0.05600817525493247,35,1
614,7,0.0467627109028399,4,1
615,10,0.04936613142490387,1,1
616,9,0.045189449563622475,2,1
617,7,0.05854187346994877,4,1
618,8,0.07624414873619874,3,1
619,9,0.0943821370601654,2,1
620,9,0.1429810244590044,2,1
621,-50,0.08293753193691372,50,0
622,7,0.1330361203290522,4,1
623,10,0.03763745352625847,1,1
624,-26,0.07217592395403806,17,0
625,10,0.1495199203491211,1,1
626,-12,0.048700625697771706,3,0
627,5,0.06671099830418825,6,1
628,-12,0.05983354378005733,23,1
629,-5,0.06528463104041293,16,1
630,5,0.028339473220209282,6,1
631,10,0.02103559672832489,1,1
632,5,0.06199726819371184,6,1
633,8,0.030948276941974957,3,1
634,-50,0.05293003784492612,50,0
635,10,0.04616198688745499,1,1
636,7,0.042452470399439335,4,1
637,6,0.19800185784697533,5,1
638,7,0.0545063279569149,4,1
639,8,0.045219299693902336,3,1
640,9,0.027177670039236546,2,1
641,10,0.0374201200902462,1,1
642,10,0.008212185464799404,1,1
643,6,0.028783462569117547,5,1
644,7,0.0778762805275619,4,1
645,8,0.03904072009027004,3,1
646,9,0.03266181517392397,2,1
647,10,0.03609326109290123,1,1
648,10,0.04768297076225281,1,1
649,9,0.04468670021742582,2,1
650,9,0.02686408907175064,2,1
651,10,0.05079789087176323,1,1
652,7,0.03717769309878349,4,1
653,-50,0.0598809183947742,50,0
654,9,0.24612019211053848,2,1
655,-10,0.09291017800569534,1,0
656,7,0.039983163587749004,4,1
657,-50,0.0850705305673182,50,0
658,10,0.032340824604034424,1,1
659,7,0.05140993511304259,4,1
660,9,0.03587852884083986,2,1
661,10,0.06363929808139801,1,1
662,-50,0.053294480061158535,50,0
663,7,0.02035284647718072,4,1
664,8,0.12849547434598207,3,1
665,9,0.20611464977264404,2,1
666,9,0.23399597126990557,2,1
667,7,0.22967933770269156,4,1
668,10,0.017946431413292885,1,1
669,-10,0.1005372405052185,1,0
670,9,0.012946522794663906,2,1
671,6,0.036241136491298676,5,1
672,6,0.14170751087367534,5,1
673,9,0.03241801168769598,2,1
674,8,0.0862675408522288,3,1
675,10,0.04133952409029007,1,1
676,10,0.04556683450937271,1,1
677,7,0.05449191201478243,4,1
678,10,0.05923386663198471,1,1
679,-50,0.06650365553796292,50,0
680,8,0.025741251806418102,3,1
681,9,0.048622267320752144,2,1
682,10,0.016322288662195206,1,1
683,9,0.08220923691987991,2,1
684,8,0.1706559043377638,3,1
685,8,0.03990903993447622,3,1
686,9,0.013978031929582357,2,1
687,8,0.10841783229261637,3,1
688,6,0.18506693802773952,5,1
689,7,0.01637485041283071,4,1
690,8,0.19706259046991667,3,1
691,8,0.03321315844853719,3,1
692,9,0.03085760399699211,2,1
693,8,0.04660135259230932,3,1
694,10,0.28764623403549194,1,1
695,9,0.012896055821329355,2,1
696,10,0.03487297520041466,1,1
697,8,0.10586587029198806,3,1
698,10,0.05109810084104538,1,1
699,10,0.043971601873636246,1,1
700,7,0.027162427781149745,4,1
701,7,0.02911911578848958,4,1
702,8,0.036798094399273396,3,1
703,6,0.01295109186321497,5,1
704,6,0.08207771051675081,5,1
705,10,0.014700502157211304,1,1
706,8,0.06581713150565822,3,1
707,8,0.047573147962490715,3,1
708,10,0.027786599472165108,1,1
709,8,0.02300522445390622,3,1
710,9,0.016997008584439754,2,1
711,10,0.018604081124067307,1,1
712,8,0.021223340183496475,3,1
713,9,0.04131152015179396,2,1
714,7,0.06897480925545096,4,1
715,10,0.04130230471491814,1,1
716,-11,0.059063589200377464,2,0
717,6,0.04213729612529278,5,1
718,8,0.03617486854394277,3,1
719,10,0.047133129090070724,1,1
720,8,0.08097025007009506,3,1
721,6,0.029682106152176858,5,1
722,10,0.026107273995876312,1,1
723,8,0.029184527695178986,3,1
724,10,0.052698682993650436,1,1
725,9,0.03280692733824253,2,1
726,7,0.08421129081398249,4,1
727,9,0.01594090275466442,2,1
728,10,0.016527637839317322,1,1
729,8,0.038106644526124,3,1
730,-3,0.1209462631626853,14,1
731,5,0.17330148443579674,6,1
732,7,0.09098726324737072,4,1
733,8,0.03091617425282796,3,1
734,10,0.017928019165992737,1,1
735,8,0.04425650586684545,3,1
736,6,0.04099249802529812,5,1
737,10,0.030584007501602173,1,1
738,-20,0.06911466821968075,31,1
739,10,0.0316762775182724,1,1
740,9,0.03359958343207836,2,1
741,-10,0.08821085840463638,1,0
742,7,0.057602550368756056,4,1
743,8,0.048286562164624534,3,1
744,10,0.03708047792315483,1,1
745,8,0.08394165461262067,3,1
746,7,0.10987810464575887,4,1
747,-50,0.05301786994561553,50,0
748,8,0.06342233717441559,3,1
749,10,0.01364507433027029,1,1
750,7,0.023361852392554283,4,1
751,9,0.028968563303351402,2,1
752,7,0.031251377891749144,4,1
753,10,0.0629686564207077,1,1
754,10,0.059140894562006,1,1
755,10,0.014825609512627125,1,1
756,5,0.03123314507926504,6,1
757,8,0.0562669343004624,3,1
758,5,0.03782207317029437,6,1
759,9,0.035300055518746376,2,1
760,6,0.033980225399136546,5,1
761,7,0.03887382126413286,4,1
762,7,0.03008755506016314,4,1
763,9,0.02153223706409335,2,1
764,9,0.055221037939190865,2,1
765,10,0.01203799806535244,1,1
766,2,0.24611506000575092,9,1
767,8,0.0932321734726429,3,1
768,10,0.04975474998354912,1,1
769,8,0.1230243444442749,3,1
770,8,0.04824071874221166,3,1
771,8,0.04645580053329468,3,1
772,10,0.05170198529958725,1,1
773,7,0.054564809426665306,4,1
774,9,0.06488996371626854,2,1
775,8,0.056544702500104904,3,1
776,8,0.038195169841249786,3,1
777,8,0.07343627202014129,3,1
778,8,0.09084534645080566,3,1
779,8,0.040953765312830605,3,1
780,7,0.06843077624216676,4,1
781,-10,0.012771288864314556,1,0
782,10,0.025729820132255554,1,1
783,8,0.06670591173072656,3,1
784,7,0.0819870620034635,4,1
785,10,0.4953404366970062,1,1
786,8,0.0852837519099315,3,1
787,10,0.02283169887959957,1,1
788,8,0.050591880455613136,3,1
789,-12,0.032521254693468414,3,0
790,9,0.047632474452257156,2,1
791,9,0.06560067180544138,2,1
792,8,0.05588679388165474,3,1
793,-50,0.08073389863595366,50,0
794,-50,0.09368264438584446,50,0
795,10,0.06887664645910263,1,1
796,7,0.042059885803610086,4,1
797,7,0.15424044942483306,4,1
798,9,0.03730349242687225,2,1
799,-25,0.030619536992162466,16,0
800,9,0.03964461386203766,2,1
801,10,0.013339659199118614,1,1
802,8,0.021764224395155907,3,1
803,9,0.2125248685479164,2,1
804,5,0.03586517988393704,6,1
805,9,0.07369764009490609,2,1
806,-3,0.0652708989967193,14,1
807,6,0.049493468925356866,5,1
808,8,0.021629030505816143,3,1
809,-8,0.08628125478954692,19,1
810,7,0.04280473478138447,4,1
811,6,0.048842966184020044,5,1
812,9,0.04950263909995556,2,1
813,8,0.043446129808823265,3,1
814,9,0.1256137266755104,2,1
815,-50,0.0681803341396153,50,0
816,6,0.09720255620777607,5,1
817,9,0.02250870317220688,2,1
818,7,0.039620412047952414,4,1
819,9,0.07648906111717224,2,1
820,7,0.0669857223983854,4,1
821,9,0.059666628018021584,2,1
822,7,0.040190248284488916,4,1
823,-6,0.02789667287074468,17,1
824,8,0.037325830509265266,3,1
825,9,0.05262000043876469,2,1
826,10,0.01607838086783886,1,1
827,7,0.11152113322168589,4,1
828,8,0.029168205180515844,3,1
829,8,0.054972184201081596,3,1
830,7,0.14248475804924965,4,1
831,8,0.019467574854691822,3,1
832,8,0.0148471063002944,3,1
833,7,0.04530100151896477,4,1
834,10,0.07961723208427429,1,1
835,8,0.02958840100715558,3,1
836,-12,0.017030680552124977,3,0
837,7,0.0385496336966753,4,1
838,9,0.027406292036175728,2,1
839,10,0.48861220479011536,1,1
840,10,0.006496776826679707,1,1
841,6,0.16458293721079825,5,1
842,8,0.04619223655511936,3,1
843,7,0.04661493422463536,4,1
844,9,0.08631946705281734,2,1
845,10,0.052291661500930786,1,1
846,8,0.06804272780815761,3,1
847,2,0.0496000260528591,9,1
848,8,0.0357599351555109,3,1
849,10,0.03654942288994789,1,1
850,7,0.09008332714438438,4,1
851,-10,0.012561633251607418,1,0
852,8,0.3074133737633626,3,1
853,10,0.05339941009879112,1,1
854,6,0.09539634436368942,5,1
855,8,0.01635896290342013,3,1
856,10,0.0231560580432415,1,1
857,7,0.18339119129814208,4,1
858,9,0.02457332704216242,2,1
859,10,0.03581142798066139,1,1
860,10,0.01747281476855278,1,1
861,-10,0.1273917257785797,1,0
862,9,0.008812521118670702,2,1
863,3,0.06096013356000185,8,1
864,5,0.042984463895360626,6,1
865,9,0.051141489297151566,2,1
866,8,0.046952238927284874,3,1
867,10,0.02210400067269802,1,1
868,10,0.013106260448694229,1,1
869,-12,0.03503840168317159,3,0
870,9,0.2174155293032527,2,1
871,9,0.24699467793107033,2,1
872,7,0.031454961746931076,4,1
873,10,0.18009111285209656,1,1
874,8,0.026266744981209438,3,1
875,7,0.0160200041718781,4,1
876,6,0.12652378417551519,5,1
877,8,0.34115692352255184,3,1
878,10,0.011625436134636402,1,1
879,10,0.4807434380054474,1,1
880,10,0.3693639934062958,1,1
881,-16,0.09829870799418401,27,1
882,7,0.12480294704437256,4,1
883,9,0.020532826893031597,2,1
884,4,0.042258545490247865,7,1
885,8,0.052257390692830086,3,1
886,7,0.04253522749058902,4,1
887,-50,0.08920542649924755,50,0
888,8,0.04343751445412636,3,1
889,7,0.17293921764940023,4,1
890,8,0.08317802598079045,3,1
891,8,0.10567210366328557,3,1
892,8,0.16789116462071738,3,1
893,10,0.08365722745656967,1,1
894,9,0.033479937352240086,2,1
895,-1,0.124716616080453,12,1
896,7,0.1636122246272862,4,1
897,8,0.15330478424827257,3,1
898,5,0.13108853219697872,6,1
899,8,0.04021369914213816,3,1
900,7,0.023993863258510828,4,1
901,7,0.030032597947865725,4,1
902,7,0.09131545946002007,4,1
903,7,0.09932232275605202,4,1
904,8,0.0696997841199239,3,1
905,9,0.05335543677210808,2,1
906,8,0.05593200897177061,3,1
907,4,0.03731645164745195,7,1
908,-6,0.1466015953132335,17,1
909,8,0.041808243840932846,3,1
910,8,0.05036904290318489,3,1
911,8,0.0419014027963082,3,1
912,9,0.02973389346152544,2,1
913,-21,0.10805504315067083,32,1
914,-55,0.09434498459829585,46,0
915,10,0.4370812177658081,1,1
916,8,0.16276184593637785,3,1
917,7,0.063714399933815,4,1
918,-3,0.060943889298609326,14,1
919,10,0.050377797335386276,1,1
920,6,0.19977084472775458,5,1
921,8,0.031813432152072586,3,1
922,10,0.025704022496938705,1,1
923,9,0.024203396402299404,2,1
924,6,0.0642821442335844,5,1
925,7,0.04665214940905571,4,1
926,7,0.03984257951378822,4,1
927,-56,0.09421120322448143,47,0
928,6,0.07074128985404968,5,1
929,7,0.12204403360374272,4,1
930,8,0.18274144704143205,3,1
931,9,0.31362245604395866,2,1
932,10,0.041044969111680984,1,1
933,8,0.06982973838845889,3,1
934,10,0.4699521064758301,1,1
935,7,0.15292487479746342,4,1
936,8,0.05837480599681536,3,1
937,8,0.04395390364030997,3,1
938,9,0.04325770027935505,2,1
939,10,0.07889057695865631,1,1
940,10,0.18879064917564392,1,1
941,7,0.04897276917472482,4,1
942,-32,0.09937003003649933,43,1
943,10,0.39675411581993103,1,1
944,10,0.05734168738126755,1,1
945,8,0.05599902135630449,3,1
946,10,0.13872921466827393,1,1
947,9,0.041425671428442,2,1
948,10,0.033950891345739365,1,1
949,7,0.1686334628611803,4,1
950,10,0.06925686448812485,1,1
951,9,0.03870176710188389,2,1
952,8,0.03740321906904379,3,1
953,9,0.3088315725326538,2,1
954,9,0.040708886459469795,2,1
955,-50,0.08977277362719178,50,0
956,8,0.03763109631836414,3,1
957,9,0.04524034447968006,2,1
958,9,0.0363014992326498,2,1
959,8,0.16725395619869232,3,1
960,7,0.09518963936716318,4,1
961,10,0.03951878100633621,1,1
962,9,0.027583514340221882,2,1
963,8,0.04705699781576792,3,1
964,8,0.04587303350369135,3,1
965,9,0.06297178938984871,2,1
966,8,0.04123631430168947,3,1
967,7,0.06858270894736052,4,1
968,9,0.11488186754286289,2,1
969,10,0.01591287925839424,1,1
970,6,0.03154183067381382,5,1
971,-10,0.052715007215738297,1,0
972,10,0.08025872707366943,1,1
973,7,0.1450018035247922,4,1
974,-3,0.0352374031873686,14,1
975,10,0.5274935960769653,1,1
976,9,0.043089126236736774,2,1
977,-50,0.10454521859064698,50,0
978,9,0.08480165712535381,2,1
979,8,0.045406948775053024,3,1
980,7,0.05140637420117855,4,1
981,10,0.058772895485162735,1,1
982,8,0.1741558462381363,3,1
983,10,0.03139451518654823,1,1
984,-50,0.07396219184622169,50,0
985,9,0.08379825577139854,2,1
986,10,0.06641114503145218,1,1
987,6,0.11555467396974564,5,1
988,10,0.04356597736477852,1,1
989,9,0.08778181485831738,2,1
990,-50,0.06313074849545956,50,0
991,8,0.14317188411951065,3,1
992,5,0.03556362492963672,6,1
993,10,0.027775581926107407,1,1
994,10,0.022438786923885345,1,1
995,6,0.03275345154106617,5,1
996,10,0.3477705717086792,1,1
997,8,0.13147822891672453,3,1
998,7,0.02095816843211651,4,1
999,10,0.009115217253565788,1,1
1000,8,0.1859942451119423,3,1
1,7,0.11356163304299116,4,1
2,9,0.06194733735173941,2,1
3,9,0.016015184111893177,2,1
4,7,0.05792121891863644,4,1
5,8,0.2322356142103672,3,1
6,9,0.04976846184581518,2,1
7,10,0.36090797185897827,1,1
8,8,0.027578159235417843,3,1
9,8,0.029564412000278633,3,1
10,8,0.20859578624367714,3,1
11,9,0.029888693243265152,2,1
12,7,0.01967488368973136,4,1
13,8,0.04366857806841532,3,1
14,10,0.023245403543114662,1,1
15,8,0.048482914144794144,3,1
16,7,0.09499366790987551,4,1
17,9,0.017616992816329002,2,1
18,8,0.032550809594492115,3,1
19,10,0.07655502110719681,1,1
20,-50,0.09420391071587801,50,0
21,7,0.05117274262011051,4,1
22,10,0.04940790683031082,1,1
23,9,0.06953449361026287,2,1
24,7,0.06652531679719687,4,1
25,5,0.09948747387776773,6,1
26,9,0.1487019881606102,2,1
27,9,0.10425864160060883,2,1
28,8,0.03671130600074927,3,1
29,9,0.04806782864034176,2,1
30,-16,0.06807717525710662,27,1
31,10,0.12488866597414017,1,1
32,9,0.18324754014611244,2,1
33,6,0.1383591614663601,5,1
34,9,0.03024643287062645,2,1
35,10,0.3510642647743225,1,1
36,9,0.030325590632855892,2,1
37,-50,0.09003827288746834,50,0
38,6,0.12535762339830397,5,1
39,9,0.03783237375319004,2,1
40,9,0.0504296887665987,2,1
41,7,0.05183992441743612,4,1
42,9,0.11113750003278255,2,1
43,8,0.046598599602778755,3,1
44,7,0.07849877048283815,4,1
45,6,0.05181128606200218,5,1
46,3,0.05016789631918073,8,1
47,-39,0.04896779858196775,30,0
48,10,0.05687280371785164,1,1
49,8,0.12118689343333244,3,1
50,9,0.036374082788825035,2,1
51,7,0.12324413796886802,4,1
52,-6,0.07646341019255273,17,1
53,8,0.12036308273673058,3,1
54,6,0.05284169167280197,5,1
55,10,0.02832244336605072,1,1
56,7,0.06079055229201913,4,1
57,10,0.031106803566217422,1,1
58,9,0.05037176050245762,2,1
59,9,0.11646627634763718,2,1
60,10,0.08782430738210678,1,1
61,10,0.025198128074407578,1,1
62,9,0.08714821748435497,2,1
63,10,0.03433019667863846,1,1
64,7,0.059150843881070614,4,1
65,6,0.08748051337897778,5,1
66,6,0.09221450947225093,5,1
67,7,0.03993993205949664,4,1
68,-15,0.05368931913891664,26,1
69,10,0.04739006981253624,1,1
70,-36,0.07447738707699675,47,1
71,9,0.0342485886067152,2,1
72,9,0.03905030898749828,2,1
73,10,0.03447829186916351,1,1
74,8,0.07235140974322955,3,1
75,-50,0.06109263706952334,50,0
76,-17,0.045636514434590936,28,1
77,7,0.07649221830070019,4,1
78,8,0.07054107015331586,3,1
79,6,0.09776286706328392,5,1
80,9,0.04492960590869188,2,1
81,10,0.05069992318749428,1,1
82,9,0.06690745800733566,2,1
83,8,0.03354224128027757,3,1
84,10,0.024560874328017235,1,1
85,5,0.04215569437171022,6,1
86,-3,0.11421443096229009,14,1
87,8,0.05849255993962288,3,1
88,9,0.0868593524210155,2,1
89,8,0.07080640954275925,3,1
90,10,0.10093110054731369,1,1
91,9,0.03743613697588444,2,1
92,9,0.05871169455349445,2,1
93,8,0.03292107582092285,3,1
94,10,0.08818050473928452,1,1
95,9,0.06985734775662422,2,1
96,8,0.05871505290269852,3,1
97,9,0.03164181858301163,2,1
98,-8,0.045376763335968316,19,1
99,9,0.041929312981665134,2,1
100,9,0.07639082986861467,2,1
101,7,0.05167320789769292,4,1
102,8,0.039853535592556,3,1
103,5,0.06911939553295572,6,1
104,-4,0.058280879134933156,15,1
105,8,0.09726949160297711,3,1
106,10,0.06898719817399979,1,1
107,10,0.05307875573635101,1,1
108,10,0.05812691152095795,1,1
109,10,0.02926042303442955,1,1
110,9,0.07829836290329695,2,1
111,9,0.02924233488738537,2,1
112,10,0.04345441609621048,1,1
113,7,0.023141568526625633,4,1
114,1,0.04097349140793085,10,1
115,7,0.0539022209122777,4,1
116,9,0.07813454885035753,2,1
117,6,0.05526162460446358,5,1
118,8,0.1508463229984045,3,1
119,-26,0.07248996429749437,37,1
120,6,0.047784308716654775,5,1
121,7,0.0652166036888957,4,1
122,-50,0.052154069356620314,50,0
123,6,0.04440776333212852,5,1
124,5,0.03291259581844012,6,1
125,9,0.18324091285467148,2,1
126,5,0.05106910038739443,6,1
127,-20,0.05008369368771391,31,1
128,7,0.05155576253309846,4,1
129,8,0.0936676673591137,3,1
130,9,0.05811210349202156,2,1
131,10,0.04612845554947853,1,1
132,7,0.048283572774380445,4,1
133,9,0.05239691957831383,2,1
134,10,0.11209425330162048,1,1
135,10,0.2620249390602112,1,1
136,9,0.027435594704002142,2,1
137,9,0.09329998306930065,2,1
138,5,0.04051109620680412,6,1
139,8,0.036032332107424736,3,1
140,6,0.04601216241717339,5,1
141,9,0.02592039480805397,2,1
142,-50,0.04213832829147577,50,0
143,5,0.023000688912967842,6,1
144,7,0.06396653410047293,4,1
145,9,0.029192691668868065,2,1
146,10,0.04290471971035004,1,1
147,8,0.044635885705550514,3,1
148,7,0.05483909137547016,4,1
149,10,0.10146306455135345,1,1
150,7,0.036769005469977856,4,1
151,-10,0.021890748292207718,1,0
152,6,0.054394029453396796,5,1
153,10,0.04032238572835922,1,1
154,9,0.028009931556880474,2,1
155,-10,0.028091561049222946,1,0
156,9,0.03461025096476078,2,1
157,5,0.04474605247378349,6,1
158,9,0.01795603008940816,2,1
159,9,0.31670160312205553,2,1
160,8,0.055221578727165856,3,1
161,7,0.020756242563948035,4,1
162,9,0.031498612836003304,2,1
163,10,0.015490020625293255,1,1
164,6,0.02614942826330662,5,1
165,9,0.036045895889401436,2,1
166,10,0.0058150505647063255,1,1
167,8,0.018442018888890743,3,1
168,7,0.14543734211474657,4,1
169,9,0.027353397570550442,2,1
170,8,0.016607208798329037,3,1
171,-50,0.06307332942262292,50,0
172,6,0.052977390587329865,5,1
173,-39,0.03570972890593112,50,1
174,6,0.05151651725172997,5,1
175,9,0.011962976306676865,2,1
176,8,0.06308146907637517,3,1
177,9,0.07158747781068087,2,1
178,8,0.02616482973098755,3,1
179,9,0.0354013554751873,2,1
180,-32,0.07561089930146239,43,1
181,9,0.018680933862924576,2,1
182,8,0.060907029857238136,3,1
183,6,0.04044403713196516,5,1
184,8,0.19921434422334036,3,1
185,9,0.018814822658896446,2,1
186,7,0.030759996734559536,4,1
187,9,0.04008127748966217,2,1
188,10,0.028279796242713928,1,1
189,-6,0.04038603368270047,17,1
190,8,0.07162037802239259,3,1
191,9,0.06995425932109356,2,1
192,-10,0.016310876235365868,1,0
193,8,0.05338903392354647,3,1
194,10,0.018786875531077385,1,1
195,8,0.19351998219887415,3,1
196,9,0.027392713353037834,2,1
197,7,0.02845023712143302,4,1
198,10,0.03735040873289108,1,1
199,9,0.020037426613271236,2,1
200,8,0.036334363743662834,3,1
201,10,0.04854501038789749,1,1
202,10,0.008546000346541405,1,1
203,9,0.07711827289313078,2,1
204,9,0.04841311275959015,2,1
205,-11,0.026239968053149907,22,1
206,1,0.019799128733575345,10,1
207,7,0.012904394418001175,4,1
208,10,0.011349320411682129,1,1
209,10,0.011271246708929539,1,1
210,-24,0.086222026993831,15,0
211,8,0.06941504776477814,3,1
212,9,0.039709173142910004,2,1
213,9,0.04386705346405506,2,1
214,7,0.0378797254525125,4,1
215,7,0.04916949337348342,4,1
216,10,0.024415506049990654,1,1
217,8,0.04175244830548763,3,1
218,8,0.06906046749403079,3,1
219,10,0.06031455472111702,1,1
220,9,0.02229517139494419,2,1
221,8,0.19813918073972067,3,1
222,9,0.024941537529230118,2,1
223,8,0.039499313880999885,3,1
224,8,0.039512146885196366,3,1
225,5,0.038793822129567467,6,1
226,9,0.05976639222353697,2,1
227,8,0.04887240628401438,3,1
228,8,0.2285701980193456,3,1
229,5,0.03415796828145782,6,1
230,7,0.033099787309765816,4,1
231,9,0.11415756121277809,2,1
232,9,0.08143490180373192,2,1
233,5,0.04424890192846457,6,1
234,10,0.010750990360975266,1,1
235,9,0.027081742882728577,2,1
236,7,0.03379471553489566,4,1
237,-5,0.06745549221523106,16,1
238,8,0.23301459973057112,3,1
239,7,0.3079240024089813,4,1
240,10,0.03297474607825279,1,1
241,9,0.04551981948316097,2,1
242,4,0.06692535323756081,7,1
243,8,0.04707711935043335,3,1
244,7,0.04203475406393409,4,1
245,9,0.2915591672062874,2,1
246,10,0.07984988391399384,1,1
247,7,0.03427043929696083,4,1
248,7,0.030434695538133383,4,1
249,6,0.11895344220101833,5,1
250,9,0.029446253087371588,2,1
251,9,0.02294262032955885,2,1
252,6,0.0591946080327034,5,1
253,-31,0.0509548557668247,22,0
254,-2,0.0765646669583825,13,1
255,2,0.042985024551550545,9,1
256,-50,0.09682574981823563,50,0
257,8,0.03740982276697954,3,1
258,9,0.21890358440577984,2,1
259,10,0.022890562191605568,1,1
260,10,0.029431600123643875,1,1
261,10,0.042281389236450195,1,1
262,10,0.017488934099674225,1,1
263,10,0.025299672037363052,1,1
264,8,0.02135511487722397,3,1
265,-50,0.04263654259964824,50,0
266,8,0.08863283569614093,3,1
267,8,0.041345445439219475,3,1
268,9,0.016326149459928274,2,1
269,9,0.06919988244771957,2,1
270,10,0.02166602574288845,1,1
271,9,0.20680686831474304,2,1
272,10,0.014454206451773643,1,1
273,-6,0.062265043694745094,17,1
274,10,0.03078610450029373,1,1
275,7,0.030510773416608572,4,1
276,8,0.02532579004764557,3,1
277,8,0.020945333875715733,3,1
278,7,0.04258693289011717,4,1
279,7,0.0473762764595449,4,1
280,9,0.02376302145421505,2,1
281,8,0.042974657068649925,3,1
282,8,0.03429520192245642,3,1
283,8,0.016368736202518146,3,1
284,6,0.20086125731468202,5,1
285,-10,0.020141465589404106,1,0
286,8,0.019436522852629423,3,1
287,9,0.17428865004330873,2,1
288,9,0.0609587375074625,2,1
289,9,0.027448521461337805,2,1
290,6,0.1260141234844923,5,1
291,9,0.027805699035525322,2,1
292,4,0.03474296110549143,7,1
293,5,0.04945551541944345,6,1
294,8,0.028208686659733456,3,1
295,8,0.047861202930410705,3,1
296,8,0.02990654855966568,3,1
297,-10,0.10953080654144287,1,0
298,-11,0.06880684463645924,22,1
299,5,0.043250967748463154,6,1
300,9,0.14476818405091763,2,1
301,10,0.011275970377027988,1,1
302,9,0.057071711868047714,2,1
303,10,0.24855481088161469,1,1
304,4,0.04728126685534205,7,1
305,9,0.02716456912457943,2,1
306,8,0.21414980540672937,3,1
307,9,0.06106535345315933,2,1
308,7,0.029911398887634277,4,1
309,10,0.10819459706544876,1,1
310,5,0.053340550822516285,6,1
311,5,0.04042994789779186,6,1
312,9,0.024697606451809406,2,1
313,8,0.028367184412976105,3,1
314,10,0.08398176729679108,1,1
315,10,0.08708254992961884,1,1
316,8,0.20213255596657595,3,1
317,10,0.12283891439437866,1,1
318,8,0.02582405631740888,3,1
319,-21,0.06356586597394198,32,1
320,9,0.16573108453303576,2,1
321,8,0.15632846330602965,3,1
322,8,0.030598691354195278,3,1
323,6,0.13438244722783566,5,1
324,7,0.053323693573474884,4,1
325,10,0.010999876074492931,1,1
326,9,0.025756760500371456,2,1
327,10,0.03188212960958481,1,1
328,8,0.030927497272690136,3,1
329,8,0.034436735635002456,3,1
330,-11,0.05277866777032614,2,0
331,9,0.06423700973391533,2,1
332,10,0.2833462953567505,1,1
333,8,0.2859683930873871,3,1
334,7,0.15084953885525465,4,1
335,10,0.029314924031496048,1,1
336,6,0.03556541092693806,5,1
337,5,0.0477307407806317,6,1
338,8,0.01686269665757815,3,1
339,9,0.06949232518672943,2,1
340,8,0.1664216990272204,3,1
341,7,0.019256548956036568,4,1
342,-25,0.08138679842361146,36,1
343,9,0.33549951016902924,2,1
344,-50,0.058221861999481914,50,0
345,9,0.060269614681601524,2,1
346,9,0.022450863383710384,2,1
347,6,0.1472801247611642,5,1
348,8,0.023570903887351353,3,1
349,7,0.1004371689632535,4,1
350,6,0.04290555473417044,5,1
351,-6,0.06653514109990176,17,1
352,9,0.043749209493398666,2,1
353,6,0.1700791146606207,5,1
354,8,0.04261417438586553,3,1
355,-16,0.06449573235241352,27,1
356,9,0.008635374251753092,2,1
357,7,0.02147467085160315,4,1
358,7,0.021168221719563007,4,1
359,7,0.030852135736495256,4,1
360,8,0.21063064721723398,3,1
361,9,0.015660551376640797,2,1
362,7,0.036938647739589214,4,1
363,9,0.02228618413209915,2,1
364,9,0.04922437109053135,2,1
365,8,0.13928745811184248,3,1
366,9,0.14111822890117764,2,1
367,8,0.0436500987658898,3,1
368,-17,0.06006125560296433,28,1
369,6,0.048315224796533586,5,1
370,4,0.11173113994300365,7,1
371,5,0.14650127850472927,6,1
372,6,0.030590863898396492,5,1
373,7,0.07727948343381286,4,1
374,10,0.16756176948547363,1,1
375,9,0.032081251963973045,2,1
376,9,0.025440752506256104,2,1
377,9,0.12401428073644638,2,1
378,8,0.02995769741634528,3,1
379,10,0.022172320634126663,1,1
380,8,0.06629469866553943,3,1
381,4,0.08062646671065263,7,1
382,8,0.19543295167386532,3,1
383,5,0.0624685762450099,6,1
384,6,0.03164870887994766,5,1
385,6,0.05641111470758915,5,1
386,10,0.07564156502485275,1,1
387,10,0.01982727088034153,1,1
388,7,0.1823920621536672,4,1
389,8,0.05725165829062462,3,1
390,9,0.02887746226042509,2,1
391,10,0.019935118034482002,1,1
392,9,0.0237998622469604,2,1
393,8,0.025854579483469326,3,1
394,7,0.0728832520544529,4,1
395,9,0.11017745733261108,2,1
396,8,0.08663320293029149,3,1
397,8,0.04356420412659645,3,1
398,10,0.0692114382982254,1,1
399,7,0.045927672646939754,4,1
400,10,0.10097935795783997,1,1
401,9,0.037487177178263664,2,1
402,7,0.037161230109632015,4,1
403,4,0.062443883291312625,7,1
404,10,0.039947137236595154,1,1
405,9,0.025199138093739748,2,1
406,7,0.029404320288449526,4,1
407,2,0.05803826948006948,9,1
408,8,0.05764430140455564,3,1
409,-5,0.07469498389400542,16,1
410,9,0.05402316525578499,2,1
411,8,0.07150806114077568,3,1
412,-8,0.1319512529788833,19,1
413,8,0.03240388507644335,3,1
414,9,0.024482330307364464,2,1
415,10,0.10938616096973419,1,1
416,6,0.04781295470893383,5,1
417,10,0.10356443375349045,1,1
418,8,0.03989629199107488,3,1
419,-2,0.05203269551006647,13,1
420,8,0.04485340664784113,3,1
421,7,0.04263014905154705,4,1
422,9,0.037647685036063194,2,1
423,10,0.14675910770893097,1,1
424,8,0.06669285520911217,3,1
425,9,0.04435408674180508,2,1
426,9,0.07403198629617691,2,1
427,8,0.06342132079104583,3,1
428,6,0.042956359684467316,5,1
429,6,0.027487171813845634,5,1
430,10,0.03821895644068718,1,1
431,9,0.030734610743820667,2,1
432,-18,0.055634439312692345,29,1
433,7,0.04080978990532458,4,1
434,7,0.06602359423413873,4,1
435,-10,0.017751729115843773,1,0
436,10,0.11566586792469025,1,1
437,0,0.049346439371054825,11,1
438,9,0.2594310790300369,2,1
439,10,0.020164407789707184,1,1
440,-19,0.07469998123124241,30,1
441,9,0.027024980634450912,2,1
442,9,0.03762310231104493,2,1
443,7,0.0206227945163846,4,1
444,-23,0.04431483869933907,34,1
445,-5,0.06364771467633545,16,1
446,9,0.03678977210074663,2,1
447,10,0.13678711652755737,1,1
448,7,0.048328973818570375,4,1
449,-8,0.06390752560017925,19,1
450,10,0.023040229454636574,1,1
451,7,0.02581370947882533,4,1
452,7,0.04765067156404257,4,1
453,10,0.02463832125067711,1,1
454,-10,0.01975236088037491,1,0
455,7,0.022421892266720533,4,1
456,7,0.043151885736733675,4,1
457,9,0.020705644972622395,2,1
458,9,0.01800180273130536,2,1
459,8,0.03563809829453627,3,1
460,8,0.026603192711869877,3,1
461,7,0.02411942044273019,4,1
462,9,0.016610072925686836,2,1
463,10,0.022107280790805817,1,1
464,10,0.0523434579372406,1,1
465,7,0.022385972319170833,4,1
466,-10,0.021650351583957672,1,0
467,10,0.017035696655511856,1,1
468,9,0.01034090993925929,2,1
469,8,0.029391976073384285,3,1
470,8,0.04671183958028754,3,1
471,9,0.01015704800374806,2,1
472,10,0.08682883530855179,1,1
473,7,0.029584576841443777,4,1
474,8,0.043165801713864006,3,1
475,9,0.02045017946511507,2,1
476,8,0.01685206840435664,3,1
477,7,0.034504666458815336,4,1
478,8,0.020462074006597202,3,1
479,9,0.056234393268823624,2,1
480,6,0.02482210351154208,5,1
481,7,0.01485042879357934,4,1
482,-3,0.0429775295779109,14,1
483,10,0.04495975002646446,1,1
484,9,0.03260744363069534,2,1
485,7,0.06182558182626963,4,1
486,10,0.09607045352458954,1,1
487,-11,0.06090974062681198,2,0
488,9,0.02208633814007044,2,1
489,9,0.035778334364295006,2,1
490,7,0.05782465450465679,4,1
491,10,0.2771848142147064,1,1
492,10,0.02431575581431389,1,1
493,10,0.08331035822629929,1,1
494,-2,0.08424637215928389,13,1
495,7,0.08284478448331356,4,1
496,5,0.1147438728561004,6,1
497,7,0.11120638810098171,4,1
498,7,0.22606108151376247,4,1
499,8,0.18735216868420443,3,1
500,9,0.03369881398975849,2,1
501,7,0.12494057975709438,4,1
502,10,0.0668271854519844,1,1
503,9,0.00923768151551485,2,1
504,7,0.022185692097991705,4,1
505,10,0.042805179953575134,1,1
506,8,0.03868864290416241,3,1
507,8,0.036983213697870575,3,1
508,7,0.2533032833598554,4,1
509,8,0.06894411767522494,3,1
510,6,0.15114548727869986,5,1
511,8,0.02465058925251166,3,1
512,10,0.06979553401470184,1,1
513,6,0.030325448885560036,5,1
514,9,0.027759293094277382,2,1
515,8,0.051098376512527466,3,1
516,5,0.029790075961500406,6,1
517,8,0.03770964158078035,3,1
518,10,0.020517291501164436,1,1
519,10,0.07010287046432495,1,1
520,-50,0.046495665544643995,50,0
521,5,0.24725169284890094,6,1
522,9,0.020601550117135048,2,1
523,9,0.05716598592698574,2,1
524,10,0.09094519913196564,1,1
525,-7,0.06016524198154608,18,1
526,8,0.04610298698147138,3,1
527,9,0.461827352643013,2,1
528,7,0.044587308540940285,4,1
529,7,0.15697850659489632,4,1
530,10,0.042842332273721695,1,1
531,9,0.03439336083829403,2,1
532,7,0.1384418709203601,4,1
533,8,0.03684386424720287,3,1
534,10,0.07898358255624771,1,1
535,6,0.05033081620931625,5,1
536,-17,0.05450088800197201,28,1
537,10,0.025043457746505737,1,1
538,8,0.030677175770203274,3,1
539,9,0.03655456192791462,2,1
540,10,0.09682456403970718,1,1
541,10,0.032339077442884445,1,1
542,-13,0.03847128851339221,4,0
543,8,0.23103544488549232,3,1
544,7,0.17357801226899028,4,1
545,10,0.16210871934890747,1,1
546,-50,0.08419361921027303,50,0
547,8,0.043232093254725136,3,1
548,8,0.036938708275556564,3,1
549,7,0.1534283049404621,4,1
550,8,0.023968002448479336,3,1
551,10,0.061582937836647034,1,1
552,10,0.03324730694293976,1,1
553,8,0.18288522586226463,3,1
554,8,0.033859592551986374,3,1
555,7,0.16236738325096667,4,1
556,8,0.1874762736260891,3,1
557,8,0.03186988830566406,3,1
558,9,0.24682405963540077,2,1
559,9,0.01850546896457672,2,1
560,7,0.04774996521882713,4,1
561,9,0.0605256212875247,2,1
562,-17,0.06906985388403493,28,1
563,10,0.028947941958904266,1,1
564,7,0.12679952522739768,4,1
565,9,0.023315098136663437,2,1
566,9,0.04133455455303192,2,1
567,7,0.04336162656545639,4,1
568,8,0.028207315132021904,3,1
569,10,0.4892537593841553,1,1
570,10,0.4936625063419342,1,1
571,10,0.0531451478600502,1,1
572,8,0.1784437783062458,3,1
573,9,0.033444357104599476,2,1
574,9,0.04371584579348564,2,1
575,10,0.021381154656410217,1,1
576,9,0.13918177038431168,2,1
577,7,0.034987512743100524,4,1
578,-12,0.054981372703838606,23,1
579,6,0.04245888106524944,5,1
580,6,0.04134177714586258,5,1
581,9,0.28210966661572456,2,1
582,8,0.04526811527709166,3,1
583,-10,0.033011939376592636,1,0
584,8,0.0256227795034647,3,1
585,-23,0.12721501576847263,14,0
586,-50,0.07441334309056401,50,0
587,9,0.016130167990922928,2,1
588,9,0.024278219789266586,2,1
589,9,0.2272033211775124,2,1
590,10,0.009403050877153873,1,1
591,-25,0.09996700858593816,36,1
592,10,0.059685178101062775,1,1
593,9,0.043656207621097565,2,1
594,10,0.04063215106725693,1,1
595,-50,0.1002627482265234,50,0
596,-17,0.11813958351766425,28,1
597,7,0.03588602691888809,4,1
598,9,0.02214951626956463,2,1
599,10,0.054267387837171555,1,1
600,9,0.019176485016942024,2,1
601,10,0.04825039952993393,1,1
602,-7,0.09387690408362283,18,1
603,7,0.03254760173149407,4,1
604,6,0.11457507833838462,5,1
605,9,0.07063202746212482,2,1
606,6,0.14313740208745002,5,1
607,7,0.08852780051529408,4,1
608,8,0.18864904095729193,3,1
609,5,0.1836326684181889,6,1
610,7,0.17545376485213637,4,1
611,9,0.29473936185240746,2,1
612,7,0.04239808185957372,4,1
613,9,0.04844350088387728,2,1
614,-5,0.06490916182519868,16,1
615,5,0.09637629737456639,6,1
616,9,0.06449377350509167,2,1
617,-19,0.13297749509414036,30,1
618,9,0.25095649622380733,2,1
619,8,0.036175986751914024,3,1
620,9,0.09154438972473145,2,1
621,10,0.07004415988922119,1,1
622,10,0.09553180634975433,1,1
623,5,0.11181589712699254,6,1
624,10,0.5071373581886292,1,1
625,9,0.036484481766819954,2,1
626,8,0.049237372974554695,3,1
627,10,0.06816422194242477,1,1
628,6,0.03830224834382534,5,1
629,7,0.03501746337860823,4,1
630,9,0.02338823862373829,2,1
631,7,0.04682317283004522,4,1
632,10,0.030052270740270615,1,1
633,6,0.03096449375152588,5,1
634,6,0.12628594525158404,5,1
635,9,0.2771815396845341,2,1
636,10,0.021545587107539177,1,1
637,9,0.03260247781872749,2,1
638,7,0.04469072073698044,4,1
639,-38,0.08216944491041117,29,0
640,-50,0.09075922278687358,50,0
641,10,0.02619556337594986,1,1
642,4,0.09329026964093957,7,1
643,10,0.01603640802204609,1,1
644,7,0.015965537633746862,4,1
645,9,0.22868206724524498,2,1
646,7,0.15985369635745883,4,1
647,9,0.04421862494200468,2,1
648,9,0.0406816303730011,2,1
649,10,0.033747877925634384,1,1
650,10,0.02513573318719864,1,1
651,7,0.07130360137671232,4,1
652,9,0.05255395919084549,2,1
653,7,0.07109816372394562,4,1
654,8,0.057565382992227875,3,1
655,10,0.09830168634653091,1,1
656,-17,0.06865138178026038,28,1
657,9,0.06286579929292202,2,1
658,9,0.2263404093682766,2,1
659,9,0.05029020272195339,2,1
660,8,0.13449091402192911,3,1
661,9,0.21315940096974373,2,1
662,9,0.06103441305458546,2,1
663,9,0.12651930004358292,2,1
664,6,0.06367279626429082,5,1
665,9,0.2502012215554714,2,1
666,10,0.01839141920208931,1,1
667,10,0.026792366057634354,1,1
668,-13,0.0817686168399329,24,1
669,8,0.08168031958242257,3,1
670,10,0.008133994415402412,1,1
671,9,0.03915579151362181,2,1
672,9,0.0280952462926507,2,1
673,9,0.02243002923205495,2,1
674,7,0.13863919209688902,4,1
675,6,0.20613870322704314,5,1
676,9,0.030922829173505306,2,1
677,10,0.08397631347179413,1,1
678,-50,0.08178875658661128,50,0
679,1,0.1648392372764647,10,1
680,5,0.08200443644697468,6,1
681,9,0.32198432832956314,2,1
682,9,0.09267791360616684,2,1
683,8,0.049413928762078285,3,1
684,9,0.05426952987909317,2,1
685,9,0.032092563807964325,2,1
686,7,0.11651629256084561,4,1
687,10,0.017649222165346146,1,1
688,7,0.034401300363242626,4,1
689,10,0.03593626245856285,1,1
690,1,0.1370487878099084,10,1
691,10,0.43884581327438354,1,1
692,8,0.18095122277736664,3,1
693,7,0.1394419251009822,4,1
694,8,0.0618914682418108,3,1
695,10,0.034484270960092545,1,1
696,9,0.035255756229162216,2,1
697,7,0.04185929335653782,4,1
698,9,0.049202864058315754,2,1
699,9,0.07707802206277847,2,1
700,8,0.03901146476467451,3,1
701,9,0.04076758399605751,2,1
702,10,0.040201473981142044,1,1
703,10,0.03537592664361,1,1
704,9,0.061643028631806374,2,1
705,-12,0.05693709615456021,23,1
706,9,0.25470416247844696,2,1
707,6,0.0535526629537344,5,1
708,8,0.2946969121694565,3,1
709,10,0.021737301722168922,1,1
710,7,0.18479655217379332,4,1
711,9,0.034131892025470734,2,1
712,10,0.14742067456245422,1,1
713,10,0.019642263650894165,1,1
714,9,0.226282000541687,2,1
715,9,0.25359334982931614,2,1
716,8,0.08312470093369484,3,1
717,9,0.03165710438042879,2,1
718,8,0.05417060727874438,3,1
719,8,0.1596271495024363,3,1
720,10,0.03281181678175926,1,1
721,8,0.05834880222876867,3,1
722,8,0.15969245384136835,3,1
723,7,0.1609659269452095,4,1
724,7,0.04355020122602582,4,1
725,-13,0.10045036308777829,24,1
726,9,0.09894711151719093,2,1
727,9,0.08068441040813923,2,1
728,9,0.05260659009218216,2,1
729,10,0.09843926131725311,1,1
730,9,0.08690517395734787,2,1
731,9,0.04782191477715969,2,1
732,7,0.05847867392003536,4,1
733,9,0.11231762543320656,2,1
734,10,0.10494288802146912,1,1
735,7,0.08692992012947798,4,1
736,6,0.06713129058480263,5,1
737,8,0.10002498080333073,3,1
738,10,0.20412401854991913,1,1
739,10,0.08955215662717819,1,1
740,-13,0.07333675574045628,24,1
741,8,0.029121813053886097,3,1
742,8,0.025095267842213314,3,1
743,9,0.20798270776867867,2,1
744,9,0.018387709744274616,2,1
745,8,0.030126461138327915,3,1
746,6,0.1319716226309538,5,1
747,-18,0.056394451105132186,29,1
748,9,0.03880897909402847,2,1
749,8,0.02634877401093642,3,1
750,7,0.02406392083503306,4,1
751,7,0.07280843262560666,4,1
752,7,0.07248593820258975,4,1
753,8,0.1727299333239595,3,1
754,-50,0.06300598612055182,50,0
755,8,0.061079959074656166,3,1
756,8,0.11049988865852356,3,1
757,9,0.08474898710846901,2,1
758,10,0.05307866632938385,1,1
759,-31,0.06341909104958177,42,1
760,-19,0.06460027256980538,30,1
761,9,0.01845743227750063,2,1
762,6,0.04675414152443409,5,1
763,8,0.06175265088677406,3,1
764,-7,0.11644475151681238,18,1
765,10,0.18605902791023254,1,1
766,10,0.023194678127765656,1,1
767,10,0.3906913995742798,1,1
768,8,0.04937992679576079,3,1
769,7,0.11659007705748081,4,1
770,10,0.123480886220932,1,1
771,9,0.031200764700770378,2,1
772,10,0.024869613349437714,1,1
773,8,0.03851747636993726,3,1
774,-50,0.08623208796605468,50,0
775,10,0.3613525629043579,1,1
776,9,0.018896819557994604,2,1
777,9,0.050398195162415504,2,1
778,10,0.013689534738659859,1,1
779,6,0.025699781253933907,5,1
780,9,0.026021352503448725,2,1
781,7,0.21894773934036493,4,1
782,7,0.03765952913090587,4,1
783,-50,0.07027816522866487,50,0
784,9,0.16366299241781235,2,1
785,9,0.09955306351184845,2,1
786,8,0.16587171951929727,3,1
787,10,0.10539884120225906,1,1
788,8,0.04993263569970926,3,1
789,9,0.042148612439632416,2,1
790,8,0.06580052773157756,3,1
791,-21,0.04770030526560731,32,1
792,6,0.11779845096170902,5,1
793,6,0.04964525066316128,5,1
794,4,0.04444276674517563,7,1
795,5,0.04180948187907537,6,1
796,7,0.14125280175358057,4,1
797,-14,0.05486162565648556,25,1
798,8,0.12968037153283754,3,1
799,-50,0.054365890193730594,50,0
800,9,0.04241166077554226,2,1
801,9,0.13030742295086384,2,1
802,10,0.02726186066865921,1,1
803,10,0.038572315126657486,1,1
804,8,0.04050584944585959,3,1
805,9,0.040684597566723824,2,1
806,-31,0.06509508185886911,42,1
807,8,0.13836335763335228,3,1
808,5,0.09376084121565025,6,1
809,-50,0.06460300758481026,50,0
810,9,0.031009318307042122,2,1
811,-11,0.08847199007868767,2,0
812,8,0.02223210409283638,3,1
813,8,0.024110889062285423,3,1
814,9,0.061539506539702415,2,1
815,8,0.03974404806892077,3,1
816,9,0.24975566379725933,2,1
817,7,0.03251530695706606,4,1
818,8,0.01790776476264,3,1
819,6,0.0318412683904171,5,1
820,-50,0.04867457137443125,50,0
821,-4,0.05664210474739472,15,1
822,7,0.03697170875966549,4,1
823,9,0.17896775156259537,2,1
824,9,0.06125666946172714,2,1
825,-22,0.09468344040215015,13,0
826,9,0.11322459019720554,2,1
827,9,0.053767284378409386,2,1
828,9,0.04405221249908209,2,1
829,9,0.017540931701660156,2,1
830,10,0.4516075849533081,1,1
831,7,0.07767838472500443,4,1
832,7,0.13652035291306674,4,1
833,10,0.02248053066432476,1,1
834,7,0.13722873339429498,4,1
835,6,0.028348025307059287,5,1
836,10,0.027370644733309746,1,1
837,9,0.26125795394182205,2,1
838,8,0.04498189563552538,3,1
839,-14,0.022893674951046706,5,0
840,8,0.017870421210924785,3,1
841,3,0.06525855616200715,8,1
842,10,0.014900864101946354,1,1
843,9,0.036960260942578316,2,1
844,9,0.17363349441438913,2,1
845,-10,0.019332559779286385,1,0
846,7,0.021372663788497448,4,1
847,9,0.020973091013729572,2,1
848,7,0.030592804541811347,4,1
849,7,0.094843290746212,4,1
850,10,0.02824333682656288,1,1
851,9,0.07899817079305649,2,1
852,10,0.01781260222196579,1,1
853,8,0.06150297944744428,3,1
854,9,0.05156700499355793,2,1
855,9,0.07945770770311356,2,1
856,8,0.022359601842860382,3,1
857,8,0.02674248379965623,3,1
858,10,0.4318861961364746,1,1
859,7,0.021789930295199156,4,1
860,10,0.039068449288606644,1,1
861,9,0.03630950674414635,2,1
862,7,0.03197230270598084,4,1
863,9,0.02131193596869707,2,1
864,10,0.11739812791347504,1,1
865,9,0.024679684545844793,2,1
866,7,0.01655472570564598,4,1
867,8,0.050888760636250176,3,1
868,9,0.055485423654317856,2,1
869,9,0.08132333867251873,2,1
870,10,0.04782719537615776,1,1
871,6,0.04065367430448532,5,1
872,-10,0.023361457511782646,1,0
873,10,0.08088082820177078,1,1
874,9,0.033232420682907104,2,1
875,10,0.07152505218982697,1,1
876,9,0.21797701716423035,2,1
877,9,0.04716275166720152,2,1
878,5,0.08735779641817014,6,1
879,-12,0.06564610745028956,23,1
880,9,0.04581576772034168,2,1
881,6,0.1327662343159318,5,1
882,7,0.024229208938777447,4,1
883,8,0.14424639319380125,3,1
884,8,0.03026389889419079,3,1
885,3,0.04303946834988892,8,1
886,9,0.05085445707663894,2,1
887,9,0.07479194831103086,2,1
888,8,0.04016627805928389,3,1
889,6,0.04109471570700407,5,1
890,8,0.025084189449747402,3,1
891,10,0.0268207099288702,1,1
892,6,0.05505865141749382,5,1
893,8,0.027132595268388588,3,1
894,8,0.06036466763665279,3,1
895,8,0.0454914178699255,3,1
896,9,0.027443108148872852,2,1
897,8,0.03468777798116207,3,1
898,7,0.04379620123654604,4,1
899,6,0.20921955369412898,5,1
900,9,0.01424996554851532,2,1
901,8,0.015771038209398586,3,1
902,10,0.007649697363376617,1,1
903,10,0.032915350049734116,1,1
904,8,0.02999492424229781,3,1
905,8,0.11884386961658795,3,1
906,10,0.030694203451275826,1,1
907,10,0.013750310987234116,1,1
908,8,0.04033393350740274,3,1
909,9,0.10393195319920778,2,1
910,10,0.02609895169734955,1,1
911,10,0.5826248526573181,1,1
912,-50,0.08505090627819299,50,0
913,9,0.027271020226180553,2,1
914,7,0.03210308775305748,4,1
915,9,0.24535465519875288,2,1
916,9,0.040691536851227283,2,1
917,9,0.04306778311729431,2,1
918,10,0.031737931072711945,1,1
919,9,0.02478792332112789,2,1
920,4,0.0870531645736524,7,1
921,9,0.04959770292043686,2,1
922,7,0.18549476051703095,4,1
923,-3,0.11827829120946783,14,1
924,10,0.01579449139535427,1,1
925,7,0.043375203385949135,4,1
926,9,0.08223921060562134,2,1
927,8,0.020920193443695705,3,1
928,8,0.027272248330215614,3,1
929,8,0.025421440911789734,3,1
930,9,0.013735254295170307,2,1
931,8,0.14929859433323145,3,1
932,9,0.02102634124457836,2,1
933,10,0.0330081582069397,1,1
934,8,0.05614863087733587,3,1
935,10,0.07102182507514954,1,1
936,10,0.08526287227869034,1,1
937,5,0.06318970397114754,6,1
938,9,0.043770598247647285,2,1
939,7,0.045858358964324,4,1
940,8,0.044459027548631035,3,1
941,7,0.06872515473514795,4,1
942,7,0.05854279827326536,4,1
943,10,0.20678332448005676,1,1
944,8,0.04548571507136027,3,1
945,7,0.04829995334148407,4,1
946,9,0.04936714842915535,2,1
947,8,0.04722119867801666,3,1
948,8,0.18309499012927213,3,1
949,0,0.05485473370010203,11,1
950,6,0.051580683887004854,5,1
951,8,0.033921861400206886,3,1
952,10,0.06412956118583679,1,1
953,6,0.05503202974796295,5,1
954,7,0.037578610237687826,4,1
955,-50,0.0683669918961823,50,0
956,7,0.03661350719630718,4,1
957,6,0.1171045858412981,5,1
958,8,0.03944805016120275,3,1
959,6,0.043310271576046944,5,1
960,8,0.017849708907306194,3,1
961,5,0.03321489691734314,6,1
962,9,0.019426065497100353,2,1
963,9,0.03568136226385832,2,1
964,9,0.03397664474323392,2,1
965,8,0.020974464404086273,3,1
966,8,0.06852876767516136,3,1
967,9,0.0218857666477561,2,1
968,10,0.01341222133487463,1,1
969,10,0.012323739938437939,1,1
970,9,0.02450423501431942,2,1
971,8,0.1612067266056935,3,1
972,9,0.015714126639068127,2,1
973,9,0.02297396818175912,2,1
974,8,0.16834594930211702,3,1
975,8,0.04167446245749792,3,1
976,8,0.03649196090797583,3,1
977,9,0.022304340731352568,2,1
978,5,0.0298124475715061,6,1
979,3,0.07332240720279515,8,1
980,9,0.036656856536865234,2,1
981,-10,0.048965416671264736,21,1
982,8,0.02031715027987957,3,1
983,7,0.010501131182536483,4,1
984,9,0.030537185724824667,2,1
985,6,0.0468266811221838,5,1
986,7,0.03277502069249749,4,1
987,-10,0.02718891203403473,1,0
988,10,0.020422834903001785,1,1
989,8,0.025657312323649723,3,1
990,10,0.010363376699388027,1,1
991,9,0.023091964423656464,2,1
992,9,0.34342922549694777,2,1
993,10,0.019802497699856758,1,1
994,10,0.010312255471944809,1,1
995,6,0.10931289680302143,5,1
996,9,0.019155760295689106,2,1
997,9,0.008362206863239408,2,1
998,9,0.03298845235258341,2,1
999,10,0.01304500363767147,1,1
1000,9,0.028832179494202137,2,1
1,10,0.012301422655582428,1,1
2,8,0.1518261923144261,3,1
3,10,0.031559888273477554,1,1
4,8,0.029437095547715824,3,1
5,10,0.035453733056783676,1,1
6,8,0.022620743761459988,3,1
7,8,0.03201034137358268,3,1
8,7,0.028060459066182375,4,1
9,8,0.016133750167985756,3,1
10,8,0.03435657608012358,3,1
11,4,0.018996437346296653,7,1
12,8,0.14679357471565405,3,1
13,7,0.12942940182983875,4,1
14,9,0.008205004036426544,2,1
15,7,0.017916347132995725,4,1
16,10,0.024201588705182076,1,1
17,6,0.018227047473192214,5,1
18,10,0.014609212055802345,1,1
19,9,0.2110743634402752,2,1
20,9,0.028332454152405262,2,1
21,9,0.017105652019381523,2,1
22,-6,0.0651538580765619,17,1
23,10,0.0062776305712759495,1,1
24,9,0.09147386997938156,2,1
25,-10,0.009747510775923729,1,0
26,8,0.014919152483344078,3,1
27,8,0.14860021881759167,3,1
28,-50,0.05807841477915645,50,0
29,8,0.08919432883461316,3,1
30,8,0.11778560156623523,3,1
31,8,0.12383016323049863,3,1
32,7,0.06134886387735605,4,1
33,8,0.05725283920764923,3,1
34,8,0.0997219334046046,3,1
35,9,0.3262457326054573,2,1
36,6,0.10207365453243256,5,1
37,9,0.041447997093200684,2,1
38,8,0.026713271935780842,3,1
39,10,0.03299781680107117,1,1
40,9,0.025440942496061325,2,1
41,9,0.06026007328182459,2,1
42,9,0.02629274409264326,2,1
43,10,0.013894010335206985,1,1
44,7,0.232801943551749,4,1
45,8,0.02883065165951848,3,1
46,6,0.1075634764507413,5,1
47,10,0.12322234362363815,1,1
48,7,0.16553100431337953,4,1
49,7,0.09482590388506651,4,1
50,6,0.06707784906029701,5,1
51,10,0.04541685804724693,1,1
52,8,0.06630084042747815,3,1
53,10,0.041274502873420715,1,1
54,8,0.15819675475358963,3,1
55,9,0.06509457342326641,2,1
56,-50,0.10859226878732443,50,0
57,10,0.042166776955127716,1,1
58,9,0.030885331332683563,2,1
59,10,0.05233711376786232,1,1
60,-5,0.08585393388057128,16,1
61,-12,0.020607582293450832,3,0
62,8,0.05538581187526385,3,1
63,9,0.12391136586666107,2,1
64,7,0.21681753173470497,4,1
65,10,0.07865329831838608,1,1
66,9,0.059575287625193596,2,1
67,9,0.09502041339874268,2,1
68,5,0.046408492450912796,6,1
69,9,0.022253900300711393,2,1
70,10,0.0391668826341629,1,1
71,7,0.04769292147830129,4,1
72,8,0.024066302925348282,3,1
73,10,0.05666032433509827,1,1
74,10,0.07004350423812866,1,1
75,8,0.02284262143075466,3,1
76,9,0.017304815351963043,2,1
77,8,0.0425494077304999,3,1
78,8,0.046907028183341026,3,1
79,5,0.05501718074083328,6,1
80,-10,0.5426533818244934,1,0
81,10,0.03238101676106453,1,1
82,5,0.07295276100436847,6,1
83,9,0.02507813274860382,2,1
84,10,0.030067646875977516,1,1
85,7,0.12497067172080278,4,1
86,8,0.3753679326424996,3,1
87,9,0.029541282914578915,2,1
88,5,0.17936063837260008,6,1
89,-1,0.02933435367109875,12,1
90,7,0.11539755458943546,4,1
91,7,0.03191355708986521,4,1
92,8,0.028198130428791046,3,1
93,9,0.2155209593474865,2,1
94,10,0.33359405398368835,1,1
95,8,0.05998207504550616,3,1
96,10,0.04493847116827965,1,1
97,9,0.20752324629575014,2,1
98,9,0.03971046209335327,2,1
99,4,0.03584583768887179,7,1
100,8,0.043051845083634056,3,1
101,10,0.502578616142273,1,1
102,10,0.019970908761024475,1,1
103,8,0.04052009806036949,3,1
104,8,0.030203834796945255,3,1
105,-25,0.053534511069301516,16,0
106,7,0.06036148313432932,4,1
107,7,0.23577347630634904,4,1
108,7,0.13895370811223984,4,1
109,9,0.07352735102176666,2,1
110,9,0.2049155831336975,2,1
111,0,0.08275213278830051,11,1
112,7,0.04502026876434684,4,1
113,7,0.15086890943348408,4,1
114,7,0.12379632145166397,4,1
115,10,0.04844919219613075,1,1
116,7,0.13792127696797252,4,1
117,9,0.23327313363552094,2,1
118,10,0.04328429326415062,1,1
119,7,0.05643475381657481,4,1
120,9,0.03619135916233063,2,1
121,6,0.10200680531561375,5,1
122,8,0.19688696041703224,3,1
123,5,0.15300235928346714,6,1
124,7,0.2826536260545254,4,1
125,7,0.061070614494383335,4,1
126,6,0.03689506500959396,5,1
127,6,0.10767523907124996,5,1
128,9,0.051465220749378204,2,1
129,9,0.017852691002190113,2,1
130,10,0.06129008159041405,1,1
131,8,0.050223605086406074,3,1
132,9,0.02654509898275137,2,1
133,7,0.03186028450727463,4,1
134,8,0.049970281620820366,3,1
135,8,0.1743808345248302,3,1
136,7,0.11172489635646343,4,1
137,8,0.030648166313767433,3,1
138,7,0.05078657530248165,4,1
139,8,0.14367311572035155,3,1
140,8,0.17867502570152283,3,1
141,9,0.1050303690135479,2,1
142,8,0.12349379621446133,3,1
143,-50,0.08848084500059486,50,0
144,7,0.07000921946018934,4,1
145,9,0.021165465470403433,2,1
146,6,0.06188089326024056,5,1
147,8,0.06586703037222226,3,1
148,7,0.03178494260646403,4,1
149,6,0.11933481320738792,5,1
150,3,0.1634545576525852,8,1
151,10,0.01153729110956192,1,1
152,8,0.0924493291725715,3,1
153,7,0.05942482315003872,4,1
154,9,0.04054722748696804,2,1
155,8,0.14851629734039307,3,1
156,7,0.03452409338206053,4,1
157,8,0.13458921325703463,3,1
158,9,0.018844406120479107,2,1
159,8,0.2283515160282453,3,1
160,8,0.06765707085529964,3,1
161,7,0.12125703529454768,4,1
162,10,0.011718529276549816,1,1
163,10,0.01849132403731346,1,1
164,9,0.04890407994389534,2,1
165,9,0.03237506654113531,2,1
166,8,0.027298141581316788,3,1
167,9,0.019837423227727413,2,1
168,9,0.021920103579759598,2,1
169,6,0.07096485439687968,5,1
170,6,0.21910223588347436,5,1
171,10,0.05449441820383072,1,1
172,8,0.05335741862654686,3,1
173,10,0.06300675868988037,1,1
174,6,0.11132451444864273,5,1
175,9,0.044108638539910316,2,1
176,7,0.0286995442584157,4,1
177,9,0.0518309511244297,2,1
178,9,0.10478453896939754,2,1
179,10,0.04547451436519623,1,1
180,6,0.06283993870019913,5,1
181,-10,0.09749020250248057,21,1
182,6,0.05050236955285072,5,1
183,10,0.02332368865609169,1,1
184,9,0.04090743698179722,2,1
185,8,0.08437540754675865,3,1
186,8,0.07404753689964612,3,1
187,8,0.0229506678879261,3,1
188,8,0.07420724630355835,3,1
189,7,0.06642166851088405,4,1
190,7,0.05236193910241127,4,1
191,8,0.043024538084864616,3,1
192,10,0.04113104194402695,1,1
193,7,0.04773124121129513,4,1
194,7,0.12751801894046366,4,1
195,10,0.14335915446281433,1,1
196,8,0.058093090852101646,3,1
197,-1,0.056519841154416404,12,1
198,8,0.1717095778634151,3,1
199,9,0.03899844363331795,2,1
200,6,0.06942098923027515,5,1
201,10,0.07845793664455414,1,1
202,10,0.06698556244373322,1,1
203,8,0.05312744900584221,3,1
204,8,0.2184412181377411,3,1
205,7,0.05850940803065896,4,1
206,10,0.053166713565588,1,1
207,9,0.04802083782851696,2,1
208,10,0.020352616906166077,1,1
209,8,0.05530031708379587,3,1
210,9,0.05544252321124077,2,1
211,9,0.032775670289993286,2,1
212,-50,0.06652294501662254,50,0
213,-11,0.3773291911929846,2,0
214,8,0.04695540790756544,3,1
215,10,0.030106889083981514,1,1
216,10,0.2785763740539551,1,1
217,10,0.021796198561787605,1,1
218,8,0.04596888398130735,3,1
219,7,0.2064316151663661,4,1
220,10,0.04215722158551216,1,1
221,9,0.026203108951449394,2,1
222,7,0.05366831133142114,4,1
223,-1,0.0707674032698075,12,1
224,8,0.16001014783978462,3,1
225,8,0.06370530774195989,3,1
226,9,0.026504334062337875,2,1
227,8,0.03726660956939062,3,1
228,6,0.11820315048098565,5,1
229,6,0.10045394320040942,5,1
230,7,0.05113473115488887,4,1
231,10,0.0739966407418251,1,1
232,7,0.03249130677431822,4,1
233,10,0.15710538625717163,1,1
234,7,0.06602709647268057,4,1
235,8,0.05018910641471545,3,1
236,9,0.061703234910964966,2,1
237,8,0.08397055044770241,3,1
238,-10,0.0773218290082046,21,1
239,10,0.014366491697728634,1,1
240,9,0.06358529254794121,2,1
241,10,0.040086232125759125,1,1
242,9,0.04301737621426582,2,1
243,7,0.027460529934614897,4,1
244,8,0.1877053420369824,3,1
245,8,0.06706411267320316,3,1
246,8,0.050123234589894615,3,1
247,8,0.029419230297207832,3,1
248,9,0.44816912710666656,2,1
249,10,0.03003969043493271,1,1
250,-30,0.07248723638675562,41,1
251,10,0.02934420481324196,1,1
252,7,0.04550914792343974,4,1
253,8,0.044615903248389564,3,1
254,8,0.040015967562794685,3,1
255,8,0.03859532562394937,3,1
256,8,0.16431733593344688,3,1
257,8,0.02976404254635175,3,1
258,8,0.10739113390445709,3,1
259,7,0.0288242744281888,4,1
260,8,0.022966839062670868,3,1
261,10,0.06984280794858932,1,1
262,9,0.027657565660774708,2,1
263,10,0.04396979510784149,1,1
264,7,0.11817372590303421,4,1
265,10,0.015377327799797058,1,1
266,9,0.028672319371253252,2,1
267,8,0.03996202970544497,3,1
268,8,0.047135072449843086,3,1
269,10,0.3909783959388733,1,1
270,8,0.03994426938394705,3,1
271,10,0.08295659720897675,1,1
272,9,0.03887806460261345,2,1
273,10,0.031731970608234406,1,1
274,10,0.028655078262090683,1,1
275,-4,0.06716475207358599,15,1
276,8,0.053316169107953705,3,1
277,7,0.07686729449778795,4,1
278,10,0.01930498704314232,1,1
279,6,0.03334612585604191,5,1
280,10,0.023904170840978622,1,1
281,8,0.03622111305594444,3,1
282,6,0.02816893495619297,5,1
283,8,0.02914588898420334,3,1
284,9,0.02622224111109972,2,1
285,10,0.01111414935439825,1,1
286,8,0.023868987647195656,3,1
287,6,0.06830964125692844,5,1
288,7,0.0386180654168129,4,1
289,10,0.1472773253917694,1,1
290,10,0.043377649039030075,1,1
291,-9,0.06971694398671388,20,1
292,9,0.03552472032606602,2,1
293,7,0.041697061620652676,4,1
294,9,0.02382703311741352,2,1
295,7,0.05383959552273154,4,1
296,8,0.05237154165903727,3,1
297,9,0.06719102896749973,2,1
298,5,0.09282690193504095,6,1
299,8,0.062048252671957016,3,1
300,-24,0.07604831563574928,35,1
301,8,0.037056535482406616,3,1
302,8,0.18114067614078522,3,1
303,3,0.04706206894479692,8,1
304,9,0.03564116545021534,2,1
305,-50,0.07501131178811192,50,0
306,6,0.06606034822762012,5,1
307,10,0.1550518125295639,1,1
308,10,0.06774602085351944,1,1
309,7,0.06156246969476342,4,1
310,9,0.03527606278657913,2,1
311,8,0.059913384107251964,3,1
312,10,0.02751922234892845,1,1
313,10,0.02864927239716053,1,1
314,8,0.04146881649891535,3,1
315,10,0.13074077665805817,1,1
316,10,0.09966512024402618,1,1
317,8,0.06711716701587041,3,1
318,4,0.08331003266253642,7,1
319,8,0.19361105064551035,3,1
320,10,0.02493058145046234,1,1
321,10,0.02153782732784748,1,1
322,4,0.09611687622964382,7,1
323,8,0.04312829176584879,3,1
324,9,0.06263545341789722,2,1
325,7,0.04194957297295332,4,1
326,10,0.01781315542757511,1,1
327,9,0.024394717998802662,2,1
328,8,0.04857080429792404,3,1
329,-12,0.05566346334914366,3,0
330,8,0.0503008421510458,3,1
331,6,0.053774255141615865,5,1
332,9,0.038516078144311905,2,1
333,10,0.04146916791796684,1,1
334,8,0.03181708542009195,3,1
335,9,0.09096061438322067,2,1
336,8,0.026996455776194733,3,1
337,8,0.05411144097646078,3,1
338,10,0.02455514669418335,1,1
339,10,0.0561620369553566,1,1
340,10,0.03453756496310234,1,1
341,8,0.03977662262817224,3,1
342,8,0.044900731494029365,3,1
343,9,0.026430385187268257,2,1
344,10,0.02752748876810074,1,1
345,7,0.052363756112754345,4,1
346,9,0.027148603461682796,2,1
347,9,0.03505000751465559,2,1
348,8,0.037255022985239826,3,1
349,-17,0.0636337730102241,8,0
350,9,0.07359744468703866,2,1
351,6,0.029794646613299846,5,1
352,6,0.15466131521388887,5,1
353,8,0.18135492938260236,3,1
354,9,0.037847576662898064,2,1
355,7,0.05401709582656622,4,1
356,8,0.18776201208432516,3,1
357,5,0.06287509296089411,6,1
358,8,0.05165436118841171,3,1
359,9,0.0543670617043972,2,1
360,7,0.1300635887309909,4,1
361,9,0.028190122917294502,2,1
362,9,0.07255305349826813,2,1
363,10,0.03708004578948021,1,1
364,9,0.24276580661535263,2,1
365,10,0.04036349058151245,1,1
366,9,0.02515769423916936,2,1
367,8,0.04890234830478827,3,1
368,9,0.17292178981006145,2,1
369,10,0.05993335694074631,1,1
370,10,0.40987536311149597,1,1
371,10,0.028657082468271255,1,1
372,4,0.10421926781002964,7,1
373,7,0.02778639574535191,4,1
374,-10,0.0333927758038044,1,0
375,7,0.20051658619195223,4,1
376,7,0.06620217766612768,4,1
377,9,0.041203614324331284,2,1
378,8,0.0775424987077713,3,1
379,10,0.07227913290262222,1,1
380,7,0.0574702275916934,4,1
381,-16,0.09877052727258867,27,1
382,10,0.047874417155981064,1,1
383,9,0.04773169942200184,2,1
384,7,0.03905504010617733,4,1
385,9,0.16463766433298588,2,1
386,10,0.07438452541828156,1,1
387,7,0.06999837048351765,4,1
388,5,0.040593511735399566,6,1
389,9,0.3497877586632967,2,1
390,9,0.04083260614424944,2,1
391,8,0.22740252688527107,3,1
392,9,0.2129331585019827,2,1
393,10,0.046989332884550095,1,1
394,8,0.043848938308656216,3,1
395,9,0.06768231093883514,2,1
396,8,0.03464284663399061,3,1
397,6,0.038875587657094,5,1
398,9,0.18544231541454792,2,1
399,8,0.047286814699570336,3,1
400,9,0.036991219967603683,2,1
401,10,0.04306910187005997,1,1
402,8,0.2962428356210391,3,1
403,6,0.050295965000987056,5,1
404,9,0.12313384562730789,2,1
405,10,0.03343591094017029,1,1
406,10,0.05405936762690544,1,1
407,8,0.025828925892710686,3,1
408,6,0.06024157628417015,5,1
409,8,0.22542562584082285,3,1
410,-3,0.10372332629880734,14,1
411,9,0.03874461352825165,2,1
412,9,0.04067716374993324,2,1
413,10,0.04339822754263878,1,1
414,-16,0.07463221890093,27,1
415,9,0.05888867471367121,2,1
416,9,0.06564882956445217,2,1
417,9,0.03419574722647667,2,1
418,7,0.059130254201591015,4,1
419,5,0.05304359799871842,6,1
420,6,0.10882737785577774,5,1
421,-10,0.035950589925050735,1,0
422,8,0.0659633142252763,3,1
423,8,0.16501984745264053,3,1
424,10,0.5660470128059387,1,1
425,9,0.02310941554605961,2,1
426,8,0.0360774677246809,3,1
427,8,0.05425768283506235,3,1
428,8,0.04096400613586108,3,1
429,9,0.03966892696917057,2,1
430,9,0.2060355907306075,2,1
431,8,0.07278191298246384,3,1
432,10,0.05347084254026413,1,1
433,9,0.03567258082330227,2,1
434,9,0.042114430107176304,2,1
435,9,0.04171709343791008,2,1
436,8,0.04270285243789355,3,1
437,8,0.2030798296133677,3,1
438,8,0.039797178780039154,3,1
439,8,0.032069217413663864,3,1
440,9,0.06668873131275177,2,1
441,10,0.6395550966262817,1,1
442,8,0.051144332314531006,3,1
443,8,0.06083944688240687,3,1
444,9,0.0808662548661232,2,1
445,10,0.024061013013124466,1,1
446,8,0.04197937001784643,3,1
447,9,0.03353280387818813,2,1
448,9,0.05086130276322365,2,1
449,-6,0.07553615881239667,17,1
450,8,0.04324082285165787,3,1
451,9,0.03475135751068592,2,1
452,10,0.055037397891283035,1,1
453,6,0.05178115740418434,5,1
454,10,0.04345019906759262,1,1
455,7,0.11158011062070727,4,1
456,9,0.06405702419579029,2,1
457,10,0.029982024803757668,1,1
458,7,0.11566831776872277,4,1
459,8,0.049485607693592705,3,1
460,4,0.04276542312332562,7,1
461,9,0.16319693252444267,2,1
462,-10,0.09748539922847635,21,1
463,10,0.0763922780752182,1,1
464,10,0.022884290665388107,1,1
465,8,0.03352390105525652,3,1
466,7,0.11566068837419152,4,1
467,9,0.023781387135386467,2,1
468,7,0.04665075149387121,4,1
469,7,0.0388202047906816,4,1
470,8,0.22230391825238863,3,1
471,9,0.049747345969080925,2,1
472,6,0.023010895773768424,5,1
473,10,0.18229559063911438,1,1
474,7,0.18299729377031326,4,1
475,10,0.07269579917192459,1,1
476,7,0.17719364492222667,4,1
477,6,0.0793441493064165,5,1
478,9,0.026005519554018974,2,1
479,6,0.032490044832229614,5,1
480,8,0.031056120991706848,3,1
481,-26,0.09468524032146544,37,1
482,9,0.27783187478780746,2,1
483,8,0.05206990366180738,3,1
484,6,0.034262997284531596,5,1
485,8,0.09196750695506732,3,1
486,7,0.04914922872558236,4,1
487,9,0.02292490378022194,2,1
488,10,0.023143980652093887,1,1
489,8,0.034097773022949696,3,1
490,9,0.048640262335538864,2,1
491,-50,0.05110572950914502,50,0
492,9,0.024509135633707047,2,1
493,7,0.027928880881518126,4,1
494,7,0.02268101926892996,4,1
495,-10,0.08732317521103791,21,1
496,9,0.05671303626149893,2,1
497,8,0.07021249706546466,3,1
498,0,0.0529422445053404,11,1
499,9,0.044289009645581245,2,1
500,8,0.03241817591090997,3,1
501,10,0.01630638726055622,1,1
502,9,0.026340847834944725,2,1
503,9,0.07821139693260193,2,1
504,8,0.0450860100487868,3,1
505,10,0.031030327081680298,1,1
506,10,0.028021952137351036,1,1
507,6,0.11950416043400765,5,1
508,-24,0.02999617587774992,15,0
509,10,0.02095825970172882,1,1
510,9,0.29510697722435,2,1
511,9,0.039385341107845306,2,1
512,6,0.11521519310772418,5,1
513,7,0.0831466787494719,4,1
514,7,0.1886473409831524,4,1
515,5,0.06746630867322286,6,1
516,10,0.07935041189193726,1,1
517,10,0.04658781737089157,1,1
518,9,0.019743070006370544,2,1
519,9,0.06816279143095016,2,1
520,6,0.022969238460063934,5,1
521,9,0.06483564898371696,2,1
522,8,0.03320301976054907,3,1
523,7,0.14568453351967037,4,1
524,10,0.018092093989253044,1,1
525,10,0.041269056499004364,1,1
526,10,0.016502413898706436,1,1
527,6,0.05006127506494522,5,1
528,7,0.1608018260449171,4,1
529,8,0.2675644854704539,3,1
530,10,0.01363086886703968,1,1
531,5,0.07217489462345839,6,1
532,7,0.02524766931310296,4,1
533,9,0.02544004749506712,2,1
534,9,0.025347343180328608,2,1
535,8,0.01842837097744147,3,1
536,6,0.04594286791980266,5,1
537,9,0.025350060313940048,2,1
538,-50,0.08374670885503292,50,0
539,5,0.07055771040419738,6,1
540,8,0.03459848277270794,3,1
541,10,0.13095898926258087,1,1
542,9,0.25724599324166775,2,1
543,9,0.06747522950172424,2,1
544,-10,0.06042156009269612,21,1
545,9,0.05958013795316219,2,1
546,-8,0.062064616401728834,19,1
547,9,0.24960770271718502,2,1
548,7,0.04905326711013913,4,1
549,10,0.21746928989887238,1,1
550,9,0.035212249495089054,2,1
551,9,0.02731390856206417,2,1
552,9,0.2548799114301801,2,1
553,9,0.047023515217006207,2,1
554,10,0.029244430363178253,1,1
555,9,0.0197934377938509,2,1
556,9,0.029361870139837265,2,1
557,8,0.04094753103951613,3,1
558,8,0.14402227957422534,3,1
559,10,0.027490608394145966,1,1
560,10,0.013071725144982338,1,1
561,9,0.025978130288422108,2,1
562,6,0.10496745929121971,5,1
563,8,0.03307496507962545,3,1
564,6,0.03650026023387909,5,1
565,-50,0.09839776925742626,50,0
566,10,0.11237922310829163,1,1
567,-8,0.09902993432785336,19,1
568,7,0.04041751753538847,4,1
569,6,0.14984784051775932,5,1
570,10,0.16160421073436737,1,1
571,9,0.02767997793853283,2,1
572,7,0.03945032926276326,4,1
573,9,0.033534330781549215,2,1
574,8,0.028646208345890045,3,1
575,-50,0.0545623555034399,50,0
576,8,0.03386050742119551,3,1
577,-4,0.11918312938263019,15,1
578,8,0.19204999754826227,3,1
579,6,0.09596948288381099,5,1
580,9,0.1240764930844307,2,1
581,8,0.05450043951471647,3,1
582,7,0.12484336318448186,4,1
583,10,0.060506854206323624,1,1
584,7,0.23257623985409737,4,1
585,8,0.01645286815861861,3,1
586,8,0.04221375907460848,3,1
587,9,0.02287560049444437,2,1
588,10,0.025456935167312622,1,1
589,7,0.042394123040139675,4,1
590,9,0.03202671278268099,2,1
591,10,0.030626662075519562,1,1
592,9,0.02578957937657833,2,1
593,7,0.08233429049141705,4,1
594,10,0.048709478229284286,1,1
595,7,0.021612030221149325,4,1
596,7,0.015906531363725662,4,1
597,8,0.018717825102309387,3,1
598,9,0.023505781777203083,2,1
599,9,0.017081471625715494,2,1
600,8,0.18047952155272165,3,1
601,8,0.02775540016591549,3,1
602,10,0.021921541541814804,1,1
603,8,0.22571843738357225,3,1
604,10,0.042840585112571716,1,1
605,10,0.015289549715816975,1,1
606,8,0.02862819905082385,3,1
607,9,0.035487703047692776,2,1
608,10,0.016957908868789673,1,1
609,9,0.00819160440005362,2,1
610,-10,0.032166462391614914,1,0
611,7,0.02762935683131218,4,1
612,7,0.031896587926894426,4,1
613,9,0.025531381368637085,2,1
614,10,0.04799119383096695,1,1
615,10,0.016034625470638275,1,1
616,9,0.025628881063312292,2,1
617,7,0.027046180330216885,4,1
618,-31,0.05751415614836982,42,1
619,10,0.053023356944322586,1,1
620,10,0.049146898090839386,1,1
621,8,0.03366229310631752,3,1
622,10,0.034492649137973785,1,1
623,8,0.06382926801840465,3,1
624,10,0.013118091970682144,1,1
625,-10,0.028683317825198174,1,0
626,10,0.04862385243177414,1,1
627,10,0.02807958982884884,1,1
628,6,0.030821875855326652,5,1
629,10,0.025948865339159966,1,1
630,7,0.05900281062349677,4,1
631,10,0.020814672112464905,1,1
632,9,0.024195941165089607,2,1
633,10,0.01358775608241558,1,1
634,7,0.03772944677621126,4,1
635,7,0.017906893976032734,4,1
636,8,0.2180617998043696,3,1
637,6,0.08488827347755432,5,1
638,8,0.07203055856128533,3,1
639,-33,0.06011930414983495,44,1
640,10,0.01289538387209177,1,1
641,9,0.031401428394019604,2,1
642,6,0.07674236968159676,5,1
643,10,0.02525537833571434,1,1
644,9,0.07311933115124702,2,1
645,10,0.08267544209957123,1,1
646,-10,0.04531484097242355,1,0
647,5,0.11668857575083773,6,1
648,8,0.030415430665016174,3,1
649,-16,0.11560062798006195,7,0
650,7,0.032255363650619984,4,1
651,8,0.02793891355395317,3,1
652,8,0.059376404310266175,3,1
653,8,0.042358693977197014,3,1
654,9,0.035643504932522774,2,1
655,8,0.2112817174444596,3,1
656,8,0.04730799421668053,3,1
657,8,0.05566012238462766,3,1
658,-10,0.039686862379312515,1,0
659,9,0.06394943967461586,2,1
660,-10,0.10193005204200745,21,1
661,8,0.028515142078200977,3,1
662,8,0.21539814646045366,3,1
663,10,0.01638408750295639,1,1
664,9,0.04626563377678394,2,1
665,7,0.031935869017615914,4,1
666,-5,0.08726302767172456,16,1
667,8,0.04234121243158976,3,1
668,10,0.03945162519812584,1,1
669,9,0.048445288091897964,2,1
670,10,0.04006670415401459,1,1
671,8,0.05906984955072403,3,1
672,9,0.04363142140209675,2,1
673,8,0.06349661449591319,3,1
674,8,0.03831065011521181,3,1
675,6,0.06580846793949605,5,1
676,8,0.028028770660360653,3,1
677,8,0.03694071310261885,3,1
678,8,0.0371123639245828,3,1
679,5,0.05582539892445008,6,1
680,10,0.06820453703403473,1,1
681,9,0.2763937544077635,2,1
682,8,0.174663578470548,3,1
683,2,0.07606002357270983,9,1
684,9,0.03949710726737976,2,1
685,10,0.052104201167821884,1,1
686,9,0.06896764598786831,2,1
687,10,0.5004255175590515,1,1
688,8,0.044382864609360695,3,1
689,10,0.02749417908489704,1,1
690,8,0.029107943798104923,3,1
691,6,0.12377747260034085,5,1
692,7,0.0665015485137701,4,1
693,5,0.04634983061502377,6,1
694,8,0.05418086300293604,3,1
695,9,0.03329976461827755,2,1
696,8,0.11626093275845051,3,1
697,8,0.024463997067262728,3,1
698,8,0.060184710969527565,3,1
699,7,0.25314388214610517,4,1
700,10,0.033589646220207214,1,1
701,-12,0.10185339516433685,23,1
702,-9,0.13417670768685638,20,1
703,-10,0.08710576017342862,21,1
704,8,0.023784604544440906,3,1
705,8,0.046264068533976875,3,1
706,8,0.0291427889217933,3,1
707,-11,0.03220631927251816,2,0
708,10,0.04371458664536476,1,1
709,8,0.02324794822682937,3,1
710,8,0.02292860858142376,3,1
711,9,0.22636377438902855,2,1
712,6,0.038556873053312304,5,1
713,8,0.051085268457730613,3,1
714,-10,0.02169547975063324,1,0
715,9,0.04502144455909729,2,1
716,9,0.026433047838509083,2,1
717,10,0.017922768369317055,1,1
718,7,0.02139329956844449,4,1
719,-10,0.13006575033068657,21,1
720,9,0.0720560010522604,2,1
721,8,0.026459453006585438,3,1
722,10,0.4819258749485016,1,1
723,8,0.05762450831631819,3,1
724,10,0.026072729378938675,1,1
725,8,0.17025201581418514,3,1
726,-20,0.06621961133374323,31,1
727,7,0.25249441899359226,4,1
728,9,0.05994313396513462,2,1
729,6,0.035020065307617185,5,1
730,9,0.04149773996323347,2,1
731,9,0.09163838624954224,2,1
732,8,0.15364491504927477,3,1
733,-52,0.10365285126622333,43,0
734,9,0.01679675094783306,2,1
735,8,0.02654186263680458,3,1
736,10,0.022501222789287567,1,1
737,7,0.021402625367045403,4,1
738,7,0.039882087148725986,4,1
739,6,0.035034370794892314,5,1
740,-24,0.05082460573563973,15,0
741,9,0.23365816287696362,2,1
742,7,0.03405032632872462,4,1
743,9,0.0566673232242465,2,1
744,8,0.044274558002750077,3,1
745,-10,0.47765612602233887,1,0
746,9,0.07108781859278679,2,1
747,9,0.07004976645112038,2,1
748,10,0.04238669574260712,1,1
749,9,0.18634392134845257,2,1
750,10,0.04464016854763031,1,1
751,9,0.0229179710149765,2,1
752,10,0.04260832443833351,1,1
753,7,0.05692300386726856,4,1
754,9,0.04312591254711151,2,1
755,9,0.036385202780365944,2,1
756,8,0.023435455126067,3,1
757,9,0.00841121980920434,2,1
758,6,0.10556827075779437,5,1
759,10,0.04592040926218033,1,1
760,7,0.1515708975493908,4,1
761,7,0.04594444017857313,4,1
762,9,0.2798700863495469,2,1
763,8,0.14049875053266683,3,1
764,9,0.060090502724051476,2,1
765,-50,0.11901756767183543,50,0
766,7,0.19314802577719092,4,1
767,7,0.07661574450321496,4,1
768,-50,0.073108193539083,50,0
769,10,0.5354123115539551,1,1
770,9,0.023223567754030228,2,1
771,6,0.10384187996387481,5,1
772,10,0.44107136130332947,1,1
773,7,0.1600880972109735,4,1
774,9,0.13344522565603256,2,1
775,7,0.23426387924700975,4,1
776,5,0.09615783921132486,6,1
777,9,0.14375034347176552,2,1
778,-11,0.08154679462313652,2,0
779,10,0.036695342510938644,1,1
780,6,0.32673860862851145,5,1
781,7,0.05801515839993954,4,1
782,10,0.04554023593664169,1,1
783,8,0.046840752164522804,3,1
784,7,0.1323695369064808,4,1
785,8,0.11631986995538075,3,1
786,8,0.16749669797718525,3,1
787,8,0.028528802717725437,3,1
788,10,0.053108397871255875,1,1
789,10,0.5549512505531311,1,1
790,7,0.17275483440607786,4,1
791,4,0.09962993234928165,7,1
792,8,0.04869361345966657,3,1
793,10,0.032114628702402115,1,1
794,7,0.2241388037800789,4,1
795,10,0.04987286403775215,1,1
796,7,0.21399818174540997,4,1
797,9,0.04814971052110195,2,1
798,9,0.18715230375528336,2,1
799,7,0.0430897306650877,4,1
800,8,0.05766375859578451,3,1
801,9,0.06618974357843399,2,1
802,-9,0.09733728552237153,20,1
803,10,0.03381576016545296,1,1
804,10,0.042204055935144424,1,1
805,7,0.11044815694913268,4,1
806,10,0.02168709971010685,1,1
807,10,0.2788154184818268,1,1
808,9,0.04996965732425451,2,1
809,10,0.04450578987598419,1,1
810,8,0.3457188953955968,3,1
811,10,0.0717814564704895,1,1
812,5,0.05293876367310683,6,1
813,9,0.0887523926794529,2,1
814,9,0.05835628882050514,2,1
815,9,0.07608851417899132,2,1
816,9,0.03250142652541399,2,1
817,10,0.03853771090507507,1,1
818,9,0.05723315291106701,2,1
819,7,0.05765504948794842,4,1
820,-14,0.08041988912969827,25,1
821,9,0.09320821613073349,2,1
822,7,0.06164528615772724,4,1
823,5,0.04074721845487753,6,1
824,8,0.043884469817082085,3,1
825,6,0.16461295932531356,5,1
826,9,0.052175482735037804,2,1
827,8,0.05336622024575869,3,1
828,9,0.017069815658032894,2,1
829,10,0.023509731516242027,1,1
830,9,0.04161428473889828,2,1
831,8,0.229930912454923,3,1
832,8,0.2418214020629724,3,1
833,9,0.04553072527050972,2,1
834,7,0.05838678544387221,4,1
835,6,0.14935652539134026,5,1
836,-30,0.06518257713717658,41,1
837,-11,0.32068435475230217,2,0
838,8,0.15117097521821657,3,1
839,5,0.053557878360152245,6,1
840,8,0.10809376587470372,3,1
841,7,0.05379263684153557,4,1
842,-15,0.09867033749245681,26,1
843,10,0.015262635424733162,1,1
844,-11,0.05087265372276306,2,0
845,7,0.03804393298923969,4,1
846,10,0.0339866578578949,1,1
847,10,0.028615150600671768,1,1
848,9,0.22514910623431206,2,1
849,-35,0.08912118293506943,46,1
850,8,0.019929237353305023,3,1
851,7,0.2575379777699709,4,1
852,8,0.034362140422066055,3,1
853,7,0.0765845887362957,4,1
854,-10,0.22404727339744568,1,0
855,7,0.06206547096371651,4,1
856,-9,0.06463870713487267,20,1
857,9,0.04427605681121349,2,1
858,-10,0.028766723349690437,1,0
859,6,0.03278843425214291,5,1
860,8,0.028690203403433163,3,1
861,-28,0.09740176904373445,39,1
862,6,0.05220469646155834,5,1
863,6,0.02724032886326313,5,1
864,9,0.0271963095292449,2,1
865,5,0.10089547047391534,6,1
866,7,0.3693335484713316,4,1
867,-50,0.09097380286082625,50,0
868,-50,0.07958123808726668,50,0
869,8,0.06055586040019989,3,1
870,9,0.056172216311097145,2,1
871,-42,0.08356307356646567,33,0
872,6,0.13539320100098848,5,1
873,9,0.17489674966782331,2,1
874,8,0.022384997146824997,3,1
875,-13,0.025916906539350748,4,0
876,9,0.026157711632549763,2,1
877,7,0.14091147016733885,4,1
878,10,0.02069699950516224,1,1
879,10,0.04640647768974304,1,1
880,10,0.013222937472164631,1,1
881,7,0.02384836506098509,4,1
882,6,0.044089421071112155,5,1
883,10,0.010679206810891628,1,1
884,9,0.0758604109287262,2,1
885,7,0.03715261956676841,4,1
886,10,0.009782882407307625,1,1
887,10,0.01920956000685692,1,1
888,10,0.010968889109790325,1,1
889,8,0.03255284329255422,3,1
890,8,0.12951683439314365,3,1
891,6,0.08583386261016131,5,1
892,9,0.03242872562259436,2,1
893,5,0.0625137984752655,6,1
894,7,0.12307059112936258,4,1
895,6,0.10803052335977555,5,1
896,6,0.12202613539993763,5,1
897,-10,0.05642123520374298,1,0
898,10,0.3247298002243042,1,1
899,9,0.02793700620532036,2,1
900,10,0.023073388263583183,1,1
901,6,0.1615623887628317,5,1
902,6,0.18462991565465928,5,1
903,8,0.20175382867455482,3,1
904,10,0.02176719531416893,1,1
905,8,0.037826048831144966,3,1
906,10,0.03501477092504501,1,1
907,9,0.3434008117765188,2,1
908,-30,0.08978251176999837,41,1
909,7,0.04517297446727753,4,1
910,9,0.015985256992280483,2,1
911,8,0.25575010168055695,3,1
912,10,0.3499191999435425,1,1
913,9,0.04986237362027168,2,1
914,7,0.07196176145225763,4,1
915,6,0.17557074762880803,5,1
916,9,0.04809850826859474,2,1
917,10,0.03217093646526337,1,1
918,8,0.05177974204222361,3,1
919,9,0.169288769364357,2,1
920,10,0.04310348629951477,1,1
921,7,0.06410257518291473,4,1
922,8,0.19271991401910782,3,1
923,8,0.19087850426634154,3,1
924,7,0.0406753858551383,4,1
925,7,0.04465342406183481,4,1
926,10,0.04575876519083977,1,1
927,8,0.3391098063439131,3,1
928,8,0.1905723735690117,3,1
929,10,0.3978188633918762,1,1
930,8,0.04177378490567207,3,1
931,7,0.03781125647947192,4,1
932,9,0.024367282167077065,2,1
933,9,0.024988777935504913,2,1
934,-10,0.03884374350309372,1,0
935,9,0.20921098999679089,2,1
936,7,0.086323706433177,4,1
937,8,0.18400635570287704,3,1
938,9,0.03527966793626547,2,1
939,10,0.05986500903964043,1,1
940,10,0.07691759616136551,1,1
941,-13,0.07577565161045641,24,1
942,8,0.17429480329155922,3,1
943,10,0.8247188329696655,1,1
944,7,0.04130540695041418,4,1
945,7,0.028375918278470635,4,1
946,7,0.06837302260100842,4,1
947,8,0.06559032450119655,3,1
948,9,0.22264008037745953,2,1
949,7,0.043132709339261055,4,1
950,10,0.041354551911354065,1,1
951,4,0.09285672940313816,7,1
952,9,0.021135522052645683,2,1
953,7,0.024602022487670183,4,1
954,9,0.031283692456781864,2,1
955,9,0.018804532941430807,2,1
956,9,0.049641078338027,2,1
957,8,0.05072098225355148,3,1
958,5,0.06799267946432035,6,1
959,7,0.09617524780333042,4,1
960,8,0.030618624140818913,3,1
961,7,0.03244192153215408,4,1
962,9,0.09161587618291378,2,1
963,7,0.3167907390743494,4,1
964,-30,0.10692511108226893,41,1
965,-50,0.08921163654886186,50,0
966,8,0.07211111858487129,3,1
967,9,0.0383391659706831,2,1
968,-1,0.07863710944851239,12,1
969,10,0.03536634519696236,1,1
970,10,0.02374333143234253,1,1
971,10,0.02117716707289219,1,1
972,8,0.05646091761688391,3,1
973,10,0.01978815719485283,1,1
974,8,0.038267966049412884,3,1
975,9,0.21872602961957455,2,1
976,8,0.03586744082470735,3,1
977,-20,0.07059625375338575,11,0
978,8,0.03133148824175199,3,1
979,6,0.034241596981883046,5,1
980,10,0.06160243973135948,1,1
981,8,0.02743699060132106,3,1
982,7,0.09526445716619492,4,1
983,10,0.02155212312936783,1,1
984,7,0.04878042731434107,4,1
985,10,0.02750033512711525,1,1
986,9,0.11627600155770779,2,1
987,9,0.03080956358462572,2,1
988,7,0.036267432384192944,4,1
989,7,0.0925076324492693,4,1
990,-11,0.016291468404233456,2,0
991,-50,0.06308835536241532,50,0
992,-50,0.06333339439705014,50,0
993,8,0.19949042424559593,3,1
994,8,0.10772702346245448,3,1
995,10,0.08733820915222168,1,1
996,6,0.15030508637428283,5,1
997,9,0.05216630548238754,2,1
998,-34,0.08972872294485569,25,0
999,8,0.055731469144423805,3,1
1000,-6,0.07463048102662843,17,1
1,7,0.03909899806603789,4,1
2,10,0.04230858385562897,1,1
3,7,0.12452974589541554,4,1
4,8,0.028194515655438106,3,1
5,9,0.021470719948410988,2,1
6,-24,0.09254451763949224,35,1
7,10,0.06801891326904297,1,1
8,10,0.039863262325525284,1,1
9,7,0.05373423174023628,4,1
10,9,0.05762539245188236,2,1
11,9,0.04244424914941192,2,1
12,8,0.03678686358034611,3,1
13,6,0.12388780303299426,5,1
14,10,0.45514726638793945,1,1
15,6,0.19367125928401946,5,1
16,9,0.050936415791511536,2,1
17,10,0.1492816060781479,1,1
18,6,0.2078707106411457,5,1
19,8,0.04257074619332949,3,1
20,4,0.04093850749943938,7,1
21,10,0.0197488684207201,1,1
22,8,0.18821436911821365,3,1
23,9,0.04885637201368809,2,1
24,7,0.031345000956207514,4,1
25,9,0.02433193940669298,2,1
26,7,0.04184602526947856,4,1
27,10,0.3999904990196228,1,1
28,10,0.03138887137174606,1,1
29,6,0.04258896633982658,5,1
30,10,0.05725201591849327,1,1
31,9,0.017694033682346344,2,1
32,9,0.21914578322321177,2,1
33,8,0.015798735121885937,3,1
34,7,0.08187634369824082,4,1
35,9,0.11476461961865425,2,1
36,6,0.15082250460982322,5,1
37,8,0.09624451336761315,3,1
38,8,0.03836716152727604,3,1
39,5,0.08686985090995829,6,1
40,9,0.088507279753685,2,1
41,8,0.0647410424426198,3,1
42,6,0.04734146986156702,5,1
43,8,0.1981331861267487,3,1
44,9,0.5255410671234131,2,1
45,-10,0.04378604516386986,1,0
46,9,0.028795086545869708,2,1
47,5,0.07079176666835944,6,1
48,5,0.11178130470216274,6,1
49,10,0.0515107624232769,1,1
50,-19,0.06896473343173663,30,1
51,7,0.017426052130758762,4,1
52,8,0.04140175320208073,3,1
53,7,0.07282662205398083,4,1
54,7,0.16364970989525318,4,1
55,7,0.12387383729219437,4,1
56,9,0.23262352868914604,2,1
57,-10,0.04991842806339264,1,0
58,7,0.06430736370384693,4,1
59,-27,0.10597285897912163,38,1
60,6,0.08557511791586876,5,1
61,8,0.056477468460798264,3,1
62,10,0.04896775260567665,1,1
63,8,0.13173682863513628,3,1
64,8,0.21166283885637918,3,1
65,7,0.20500128250569105,4,1
66,9,0.03431001864373684,2,1
67,-8,0.08254818882989257,19,1
68,9,0.09604937955737114,2,1
69,9,0.23934674263000488,2,1
70,9,0.04657287150621414,2,1
71,-50,0.0927201327867806,50,0
72,10,0.05484243482351303,1,1
73,7,0.06026660744100809,4,1
74,5,0.10461476196845372,6,1
75,-3,0.09476534676338945,14,1
76,7,0.030664830468595028,4,1
77,6,0.14821469634771348,5,1
78,8,0.04096591348449389,3,1
79,10,0.03518350422382355,1,1
80,8,0.02720871940255165,3,1
81,6,0.08668726943433284,5,1
82,8,0.07172201698025067,3,1
83,7,0.18641585484147072,4,1
84,7,0.09852687828242779,4,1
85,7,0.19000498950481415,4,1
86,8,0.06238646122316519,3,1
87,6,0.03157579489052296,5,1
88,7,0.1002899818122387,4,1
89,8,0.05692989813784758,3,1
90,7,0.18057969119399786,4,1
91,4,0.06355471696172442,7,1
92,6,0.0617697436362505,5,1
93,9,0.03780237026512623,2,1
94,10,0.08674079179763794,1,1
95,6,0.05296791642904282,5,1
96,8,0.06654441605011623,3,1
97,7,0.0725732259452343,4,1
98,9,0.37309879064559937,2,1
99,8,0.07648059725761414,3,1
100,9,0.10956542193889618,2,1
101,9,0.06774661503732204,2,1
102,8,0.05703320105870565,3,1
103,9,0.05203304626047611,2,1
104,7,0.12761664390563965,4,1
105,-35,0.11417313578093181,46,1
106,9,0.07070535980165005,2,1
107,-6,0.06847655115758672,17,1
108,-16,0.08591464355036064,27,1
109,9,0.2207296546548605,2,1
110,4,0.08261176624468394,7,1
111,7,0.0816292348317802,4,1
112,9,0.0594173539429903,2,1
113,-15,0.03713605894396702,6,0
114,8,0.2310278577109178,3,1
115,9,0.054282184690237045,2,1
116,9,0.04067593067884445,2,1
117,8,0.10589375781516235,3,1
118,10,0.025214066728949547,1,1
119,8,0.015828180437286694,3,1
120,9,0.16075843386352062,2,1
121,9,0.014001424890011549,2,1
122,8,0.03891630408664545,3,1
123,8,0.14805502941211066,3,1
124,4,0.09599916157977921,7,1
125,6,0.14618863202631474,5,1
126,10,0.006761375814676285,1,1
127,8,0.12740857899188995,3,1
128,7,0.041349442675709724,4,1
129,-19,0.06799238482490182,30,1
130,9,0.14529827795922756,2,1
131,10,0.09424730390310287,1,1
132,9,0.21619706973433495,2,1
133,-12,0.15249653160572052,3,0
134,8,0.2513788590828578,3,1
135,10,0.02766485884785652,1,1
136,8,0.046647426982720695,3,1
137,10,0.0752863809466362,1,1
138,7,0.033021826297044754,4,1
139,7,0.19324141880497336,4,1
140,9,0.0580868273973465,2,1
141,9,0.03844145778566599,2,1
142,7,0.10957394121214747,4,1
143,7,0.026062036398798227,4,1
144,10,0.028319913893938065,1,1
145,9,0.12516821175813675,2,1
146,10,0.04584746062755585,1,1
147,7,0.023633539211004972,4,1
148,-50,0.08528962505981326,50,0
149,9,0.026517122983932495,2,1
150,9,0.30277302861213684,2,1
151,8,0.0629647175470988,3,1
152,6,0.1214153453707695,5,1
153,10,0.23634062707424164,1,1
154,8,0.20883005360762277,3,1
155,9,0.026992328464984894,2,1
156,0,0.10881087006154386,11,1
157,8,0.0997191791733106,3,1
158,8,0.03496191278100014,3,1
159,8,0.019263523630797863,3,1
160,10,0.035397179424762726,1,1
161,-25,0.0769272825628933,36,1
162,5,0.0828691404312849,6,1
163,10,0.034824151545763016,1,1
164,8,0.02188571107884248,3,1
165,8,0.036151272555192314,3,1
166,7,0.06430221628397703,4,1
167,8,0.033337959398825966,3,1
168,6,0.032578632980585095,5,1
169,7,0.1523291701450944,4,1
170,-33,0.10313266519612323,24,0
171,6,0.08676721192896367,5,1
172,4,0.04094137158244848,7,1
173,8,0.036338238045573235,3,1
174,7,0.11730550788342953,4,1
175,-22,0.08020222530915187,13,0
176,8,0.3226300577322642,3,1
177,7,0.053184769582003355,4,1
178,10,0.5372288227081299,1,1
179,8,0.08170382243891557,3,1
180,8,0.052326355750362076,3,1
181,5,0.1461179961139957,6,1
182,9,0.06915358826518059,2,1
183,3,0.09238549531437457,8,1
184,8,0.03335915754238764,3,1
185,8,0.12811090548833212,3,1
186,8,0.033845546965797745,3,1
187,8,0.10822176809112231,3,1
188,7,0.04838658310472965,4,1
189,8,0.07899182724455993,3,1
190,9,0.2598235756158829,2,1
191,-13,0.09584019519388676,4,0
192,10,0.03761155530810356,1,1
193,7,0.1989150568842888,4,1
194,-9,0.12236011866480112,20,1
195,6,0.07896972130984067,5,1
196,8,0.09057170276840527,3,1
197,7,0.12378960940986872,4,1
198,10,0.4848937690258026,1,1
199,8,0.03864726610481739,3,1
200,8,0.10041810075441997,3,1
201,8,0.16962533816695213,3,1
202,10,0.06333498656749725,1,1
203,8,0.14380774771173796,3,1
204,4,0.1990991426365716,7,1
205,9,0.05096070095896721,2,1
206,5,0.04257092221329609,6,1
207,10,0.4519945979118347,1,1
208,8,0.04066168268521627,3,1
209,10,0.028840258717536926,1,1
210,9,0.027822705917060375,2,1
211,5,0.14396134236206612,6,1
212,8,0.1099449023604393,3,1
213,8,0.23485150188207626,3,1
214,8,0.046467773616313934,3,1
215,9,0.0744488313794136,2,1
216,10,0.07075393199920654,1,1
217,6,0.07184086069464683,5,1
218,8,0.041154139985640846,3,1
219,9,0.035324133932590485,2,1
220,10,0.022725224494934082,1,1
221,10,0.14484772086143494,1,1
222,10,0.023032257333397865,1,1
223,10,0.057248931378126144,1,1
224,8,0.05674927184979121,3,1
225,3,0.05535565013997257,8,1
226,9,0.08664857596158981,2,1
227,8,0.046769523061811924,3,1
228,10,0.06141582131385803,1,1
229,9,0.09728019498288631,2,1
230,6,0.1375716008245945,5,1
231,7,0.07065718062222004,4,1
232,6,0.036068324372172354,5,1
233,5,0.10940439843883117,6,1
234,9,0.23037457093596458,2,1
235,7,0.18036525137722492,4,1
236,10,0.029369525611400604,1,1
237,-5,0.09095884050475433,16,1
238,4,0.15217394062450953,7,1
239,9,0.06845783442258835,2,1
240,10,0.01416616141796112,1,1
241,6,0.19010817930102347,5,1
242,10,0.09033343195915222,1,1
243,10,1.0283881425857544,1,1
244,9,0.06362639553844929,2,1
245,9,0.035923680290579796,2,1
246,-50,0.09978930283337832,50,0
247,8,0.05171100174387296,3,1
248,7,0.11996025964617729,4,1
249,8,0.20125488191843033,3,1
250,9,0.09162979014217854,2,1
251,7,0.17306847358122468,4,1
252,5,0.05448730227847894,6,1
253,9,0.02874760888516903,2,1
254,8,0.03298822293678919,3,1
255,10,0.19413913786411285,1,1
256,8,0.10217755412062009,3,1
257,6,0.042560060322284696,5,1
258,10,0.12657499313354492,1,1
259,10,0.02930469438433647,1,1
260,9,0.07312573492527008,2,1
261,6,0.1677030146121979,5,1
262,7,0.10389876272529364,4,1
263,-7,0.08901350055303839,18,1
264,9,0.18492105975747108,2,1
265,6,0.1036888487637043,5,1
266,-12,0.06654455264409383,3,0
267,10,0.05268951877951622,1,1
268,-11,0.047767505049705505,2,0
269,8,0.10562261566519737,3,1
270,9,0.018913527950644493,2,1
271,8,0.25191059708595276,3,1
272,9,0.11018337681889534,2,1
273,7,0.20473001897335052,4,1
274,9,0.07225602120161057,2,1
275,8,0.22665354857842127,3,1
276,-10,0.11258534342050552,1,0
277,-6,0.12686890637611642,17,1
278,10,0.0510517954826355,1,1
279,8,0.06457735846439998,3,1
280,8,0.09012478093306224,3,1
281,7,0.05113483779132366,4,1
282,9,0.3776712901890278,2,1
283,10,0.06411022692918777,1,1
284,10,0.4766365587711334,1,1
285,-18,0.1252860435894851,29,1
286,8,0.19975349431236586,3,1
287,7,0.1592290224507451,4,1
288,9,0.5304901320487261,2,1
289,10,0.044418320059776306,1,1
290,7,0.1524006612598896,4,1
291,8,0.2503146504362424,3,1
292,9,0.04380195681005716,2,1
293,9,0.076270941644907,2,1
294,-9,0.0575629873201251,20,1
295,9,0.04074451886117458,2,1
296,9,0.06520344689488411,2,1
297,9,0.1593353971838951,2,1
298,-6,0.10771882687421407,17,1
299,10,0.43264248967170715,1,1
300,-50,0.09051162175834179,50,0
301,10,0.34254974126815796,1,1
302,10,0.04626203700900078,1,1
303,9,0.32222997304052114,2,1
304,10,0.032092511653900146,1,1
305,8,0.03464877977967262,3,1
306,7,0.02035059710033238,4,1
307,8,0.044433243572711945,3,1
308,10,0.4651256799697876,1,1
309,3,0.03242225921712816,8,1
310,8,0.07650619745254517,3,1
311,-14,0.027200951986014844,5,0
312,8,0.03757453461488088,3,1
313,10,0.07640896737575531,1,1
314,10,0.023338034749031067,1,1
315,10,0.023670637980103493,1,1
316,8,0.05672424907485644,3,1
317,9,0.25421953946352005,2,1
318,3,0.06894590507727116,8,1
319,9,0.054011838510632515,2,1
320,9,0.22045664954930544,2,1
321,0,0.09999488488855687,11,1
322,9,0.04660886526107788,2,1
323,6,0.056723752617836,5,1
324,7,0.03929620422422886,4,1
325,9,0.047836619429290295,2,1
326,5,0.08746169631679852,6,1
327,-7,0.051953916851845056,18,1
328,9,0.03287574928253889,2,1
329,10,0.018911724910140038,1,1
330,-31,0.060119338714602316,22,0
331,10,0.03963587433099747,1,1
332,8,0.0325634628534317,3,1
333,5,0.052049592758218445,6,1
334,-50,0.12013792544603348,50,0
335,9,0.07243753224611282,2,1
336,9,0.036020927131175995,2,1
337,9,0.07970905676484108,2,1
338,6,0.06905639506876468,5,1
339,9,0.2523934468626976,2,1
340,9,0.3081534281373024,2,1
341,7,0.05388265987858176,4,1
342,7,0.15090727852657437,4,1
343,9,0.03300984902307391,2,1
344,-10,0.020760085433721542,1,0
345,9,0.20724173821508884,2,1
346,-13,0.07331174414139241,24,1
347,8,0.018866520064572494,3,1
348,7,0.03652083524502814,4,1
349,10,0.06614132970571518,1,1
350,8,0.028580384328961372,3,1
351,7,0.06858356227166951,4,1
352,10,0.025840796530246735,1,1
353,7,0.09758136328309774,4,1
354,8,0.047282384087642036,3,1
355,8,0.050744449719786644,3,1
356,5,0.03506468888372183,6,1
357,10,0.06512725353240967,1,1
358,9,0.04666178859770298,2,1
359,-11,0.05172100879082626,22,1
360,8,0.04814951882387201,3,1
361,9,0.026492172852158546,2,1
362,9,0.03684799559414387,2,1
363,8,0.05520022784670194,3,1
364,10,0.06119892746210098,1,1
365,8,0.028913407896955807,3,1
366,5,0.180059768880407,6,1
367,4,0.05659553302185876,7,1
368,6,0.09381910711526871,5,1
369,6,0.07476538456976414,5,1
370,10,0.048892538994550705,1,1
371,10,0.03008088283240795,1,1
372,10,0.08822976052761078,1,1
373,5,0.13612867457171282,6,1
374,10,0.0708388015627861,1,1
375,-10,0.17490260303020477,1,0
376,10,0.09992244094610214,1,1
377,9,0.12456927821040154,2,1
378,8,0.1352364420890808,3,1
379,8,0.056295101841290794,3,1
380,10,0.3997558057308197,1,1
381,-19,0.1622327858582139,10,0
382,10,0.04611595347523689,1,1
383,7,0.12862507719546556,4,1
384,7,0.16862287372350693,4,1
385,7,0.07395397825166583,4,1
386,7,0.03407847322523594,4,1
387,7,0.21781614376232028,4,1
388,6,0.07235343009233475,5,1
389,9,0.08482920005917549,2,1
390,9,0.03722777124494314,2,1
391,7,0.05541709391400218,4,1
392,9,0.04211104288697243,2,1
393,9,0.09644855558872223,2,1
394,8,0.06433267146348953,3,1
395,6,0.05277733113616705,5,1
396,10,0.07057904452085495,1,1
397,10,0.055507201701402664,1,1
398,9,0.06318122521042824,2,1
399,9,0.24132522381842136,2,1
400,8,0.03584908383587996,3,1
401,9,0.18660010024905205,2,1
402,10,0.16431376338005066,1,1
403,6,0.10471924729645252,5,1
404,-12,0.07364897926648457,3,0
405,7,0.19694297201931477,4,1
406,-17,0.07943389711103269,28,1
407,8,0.05116310467322668,3,1
408,7,0.1685440638102591,4,1
409,10,0.029745696112513542,1,1
410,9,0.057109152898192406,2,1
411,10,0.016204794868826866,1,1
412,10,0.13460080325603485,1,1
413,3,0.052828599233180285,8,1
414,10,0.18459345400333405,1,1
415,10,0.04850376769900322,1,1
416,9,0.060491882264614105,2,1
417,9,0.05726701207458973,2,1
418,7,0.07059869635850191,4,1
419,9,0.05275435373187065,2,1
420,-4,0.039042947130898634,15,1
421,-12,0.09137333982178698,23,1
422,9,0.09356505796313286,2,1
423,10,0.026820115745067596,1,1
424,-22,0.11157285407758676,13,0
425,10,0.02831619791686535,1,1
426,8,0.026339660709102947,3,1
427,4,0.152167463142957,7,1
428,10,0.03504889830946922,1,1
429,8,0.0663424941400687,3,1
430,10,0.047013603150844574,1,1
431,9,0.07641457207500935,2,1
432,10,0.036065999418497086,1,1
433,6,0.10208119079470634,5,1
434,5,0.2584713672598203,6,1
435,9,0.10390150919556618,2,1
436,9,0.07232645340263844,2,1
437,-50,0.08890225410461426,50,0
438,9,0.02536746859550476,2,1
439,8,0.0439872977634271,3,1
440,6,0.12528686597943306,5,1
441,8,0.030644789338111877,3,1
442,9,0.04965904541313648,2,1
443,4,0.10734765071954046,7,1
444,8,0.1320460339387258,3,1
445,8,0.035328893611828484,3,1
446,8,0.19619753460089365,3,1
447,9,0.17039528861641884,2,1
448,3,0.07176302280277014,8,1
449,5,0.0748333012064298,6,1
450,9,0.09364440105855465,2,1
451,9,0.05691376142203808,2,1
452,8,0.18025006974736849,3,1
453,9,0.03584153577685356,2,1
454,10,0.031740594655275345,1,1
455,-21,0.07819775864481926,32,1
456,-16,0.06737919657358102,7,0
457,9,0.10255496203899384,2,1
458,8,0.15381989907473326,3,1
459,9,0.09617350623011589,2,1
460,10,0.1010148674249649,1,1
461,10,0.07468987256288528,1,1
462,7,0.12711724359542131,4,1
463,8,0.13426587296028933,3,1
464,8,0.09678791897992294,3,1
465,4,0.08105723213936601,7,1
466,10,0.028537701815366745,1,1
467,-12,0.07866697183445744,23,1
468,10,0.031036296859383583,1,1
469,8,0.0703664446870486,3,1
470,9,0.15250201150774956,2,1
471,6,0.08522394504398108,5,1
472,10,0.05839165300130844,1,1
473,9,0.036048749927431345,2,1
474,5,0.05148436843107144,6,1
475,10,0.08500301092863083,1,1
476,10,0.01841406151652336,1,1
477,8,0.06558821598688762,3,1
478,8,0.10901927296072245,3,1
479,8,0.15944776063164076,3,1
480,10,0.0187175665050745,1,1
481,6,0.06554843038320542,5,1
482,7,0.05651358049362898,4,1
483,6,0.07061580121517182,5,1
484,9,0.032766696996986866,2,1
485,6,0.049758308380842206,5,1
486,8,0.06200047768652439,3,1
487,9,0.021751616150140762,2,1
488,6,0.12054724059998989,5,1
489,10,0.019131628796458244,1,1
490,9,0.07071444112807512,2,1
491,9,0.07415477372705936,2,1
492,9,0.14758463203907013,2,1
493,6,0.04898480325937271,5,1
494,9,0.028892042115330696,2,1
495,-10,0.031008657068014145,1,0
496,9,0.06727926433086395,2,1
497,7,0.03253136854618788,4,1
498,10,0.050348199903964996,1,1
499,9,0.20397471077740192,2,1
500,7,0.1137053850106895,4,1
501,9,0.021321172825992107,2,1
502,9,0.03764120116829872,2,1
503,8,0.03271418002744516,3,1
504,9,0.02661840431392193,2,1
505,7,0.05644404795020819,4,1
506,5,0.10263920420159896,6,1
507,10,0.01623898185789585,1,1
508,7,0.046541530173271894,4,1
509,10,0.021722182631492615,1,1
510,10,0.06681197881698608,1,1
511,-13,0.04939692933112383,4,0
512,8,0.1549423262476921,3,1
513,7,0.028016455471515656,4,1
514,10,0.040932588279247284,1,1
515,-6,0.03559753024841056,17,1
516,6,0.03275034092366695,5,1
517,8,0.06899128978451093,3,1
518,10,0.021165898069739342,1,1
519,7,0.028626084327697754,4,1
520,9,0.02227427065372467,2,1
521,-29,0.07880676100030541,40,1
522,7,0.12086036009714007,4,1
523,6,0.05046151429414749,5,1
524,8,0.03171288159986337,3,1
525,6,0.046640974655747416,5,1
526,10,0.02147422917187214,1,1
527,10,0.5284748673439026,1,1
528,8,0.04435434751212597,3,1
529,7,0.029053868260234594,4,1
530,7,0.03667066874913871,4,1
531,7,0.11911646160297096,4,1
532,10,0.04024743661284447,1,1
533,10,0.051729146391153336,1,1
534,9,0.09250893071293831,2,1
535,9,0.028708016499876976,2,1
536,9,0.05165882408618927,2,1
537,8,0.10300858567158382,3,1
538,8,0.040768730143706,3,1
539,9,0.06760127283632755,2,1
540,8,0.10901236285765965,3,1
541,9,0.19776026345789433,2,1
542,10,0.041369277983903885,1,1
543,9,0.07332216389477253,2,1
544,9,0.06382605340331793,2,1
545,8,0.16029895593722662,3,1
546,6,0.06424092128872871,5,1
547,9,0.03434142377227545,2,1
548,9,0.19083439372479916,2,1
549,7,0.11278947629034519,4,1
550,8,0.021041045586268108,3,1
551,-20,0.0811925013098986,31,1
552,10,0.05941642075777054,1,1
553,9,0.040202646516263485,2,1
554,5,0.07121442475666602,6,1
555,10,0.033766936510801315,1,1
556,7,0.03150284430012107,4,1
557,-30,0.07223318206010068,41,1
558,7,0.04014205187559128,4,1
559,8,0.02764700974027316,3,1
560,9,0.04471936821937561,2,1
561,7,0.02535297768190503,4,1
562,8,0.025827052692572277,3,1
563,-50,0.055370489470660686,50,0
564,-8,0.05974940906621908,19,1
565,9,0.03411432169377804,2,1
566,10,0.049760669469833374,1,1
567,9,0.07705685310065746,2,1
568,9,0.05467100068926811,2,1
569,8,0.04036952213694652,3,1
570,8,0.03394757770001888,3,1
571,8,0.050314982111255326,3,1
572,10,0.03088650479912758,1,1
573,10,0.022578440606594086,1,1
574,6,0.0642668567597866,5,1
575,10,0.019285893067717552,1,1
576,8,0.042972903698682785,3,1
577,-50,0.04417176607996225,50,0
578,10,0.05454494431614876,1,1
579,5,0.03531271560738484,6,1
580,8,0.06409085045258205,3,1
581,10,0.049558307975530624,1,1
582,8,0.0320302527397871,3,1
583,5,0.05775729628900687,6,1
584,9,0.03697808366268873,2,1
585,8,0.07050784553090732,3,1
586,8,0.03590299064914385,3,1
587,9,0.020509935915470123,2,1
588,10,0.01686733216047287,1,1
589,9,0.01585501665249467,2,1
590,6,0.036269447579979894,5,1
591,3,0.04613062634598464,8,1
592,8,0.05684742735077938,3,1
593,7,0.07039698911830783,4,1
594,7,0.06365941278636456,4,1
595,-2,0.06665932516065928,13,1
596,8,0.04731657604376475,3,1
597,-50,0.056767301820218566,50,0
598,-15,0.07761525890479486,6,0
599,9,0.1737019345164299,2,1
600,10,0.031401921063661575,1,1
601,-50,0.04349796809256077,50,0
602,7,0.05269312206655741,4,1
603,5,0.06261592855056126,6,1
604,10,0.009692752733826637,1,1
605,9,0.023047457449138165,2,1
606,8,0.028036981200178463,3,1
607,9,0.20022330433130264,2,1
608,7,0.05445824330672622,4,1
609,8,0.02833119345208009,3,1
610,8,0.07296268331507842,3,1
611,9,0.060220614075660706,2,1
612,7,0.12411214038729668,4,1
613,7,0.10066585754975677,4,1
614,10,0.03307774290442467,1,1
615,8,0.04183874775966009,3,1
616,6,0.11456997636705638,5,1
617,6,0.039919023774564265,5,1
618,9,0.030590281821787357,2,1
619,6,0.03021967690438032,5,1
620,8,0.11334415525197983,3,1
621,7,0.01824288652278483,4,1
622,10,0.01938513293862343,1,1
623,10,0.05057230219244957,1,1
624,-29,0.08624348207376897,40,1
625,6,0.07936468124389648,5,1
626,8,0.03173557296395302,3,1
627,6,0.09325687810778618,5,1
628,9,0.018154097720980644,2,1
629,9,0.08166149258613586,2,1
630,9,0.08789544552564621,2,1
631,5,0.03965910648306211,6,1
632,10,0.035920895636081696,1,1
633,8,0.06052997584144274,3,1
634,7,0.08744763676077127,4,1
635,-50,0.06726615730673075,50,0
636,9,0.03616732265800238,2,1
637,8,0.03943153036137422,3,1
638,9,0.05728818662464619,2,1
639,9,0.02313743531703949,2,1
640,7,0.04757280321791768,4,1
641,8,0.027557897691925366,3,1
642,2,0.05851956011934413,9,1
643,5,0.036778574188550316,6,1
644,7,0.040499801747500896,4,1
645,8,0.04504319652915001,3,1
646,10,0.2452239692211151,1,1
647,9,0.0834221113473177,2,1
648,5,0.043293945180873074,6,1
649,9,0.07189683616161346,2,1
650,6,0.08422314338386058,5,1
651,7,0.035452129784971476,4,1
652,-50,0.05212807359173894,50,0
653,8,0.04856368899345398,3,1
654,6,0.0717146135866642,5,1
655,9,0.04577033221721649,2,1
656,7,0.0373768238350749,4,1
657,-12,0.08953734984000523,3,0
658,10,0.08574530482292175,1,1
659,-37,0.05309816108395656,48,1
660,7,0.05320583749562502,4,1
661,8,0.018095374728242557,3,1
662,10,0.041096076369285583,1,1
663,9,0.040595296770334244,2,1
664,7,0.09880160074681044,4,1
665,9,0.07070772349834442,2,1
666,7,0.04272213205695152,4,1
667,6,0.039064671844244,5,1
668,9,0.2346712090075016,2,1
669,8,0.0929405689239502,3,1
670,8,0.10956790049870808,3,1
671,8,0.07419114311536153,3,1
672,10,0.09455293416976929,1,1
673,10,0.0361938439309597,1,1
674,8,0.048045571272571884,3,1
675,-10,0.08973677456378937,1,0
676,10,0.04335958510637283,1,1
677,10,0.028597509488463402,1,1
678,7,0.07475708285346627,4,1
679,10,0.03594924882054329,1,1
680,9,0.07174493744969368,2,1
681,9,0.03496837802231312,2,1
682,8,0.023129784502089024,3,1
683,7,0.19105226593092084,4,1
684,9,0.08954595401883125,2,1
685,9,0.07156483456492424,2,1
686,9,0.36708834767341614,2,1
687,9,0.13161076977849007,2,1
688,8,0.07246234392126401,3,1
689,9,0.02414356917142868,2,1
690,10,0.07312452793121338,1,1
691,9,0.06443248316645622,2,1
692,7,0.03632779838517308,4,1
693,6,0.07643166184425354,5,1
694,-10,0.03172823041677475,1,0
695,9,0.02582370489835739,2,1
696,8,0.037906864657998085,3,1
697,7,0.04251472931355238,4,1
698,7,0.15150544722564518,4,1
699,0,0.05407730015841397,11,1
700,9,0.1059710755944252,2,1
701,-12,0.06482344055953233,23,1
702,8,0.04637990643580755,3,1
703,9,0.028281014412641525,2,1
704,7,0.07449204474687576,4,1
705,7,0.06396165490150452,4,1
706,7,0.04690118320286274,4,1
707,8,0.06053618465860685,3,1
708,10,0.03196505084633827,1,1
709,6,0.04038236849009991,5,1
710,8,0.07394031745692094,3,1
711,6,0.042862293496727946,5,1
712,7,0.028774466831237078,4,1
713,5,0.07831580967952807,6,1
714,8,0.03581647823254267,3,1
715,8,0.0426994493852059,3,1
716,4,0.12294273637235165,7,1
717,7,0.04854392446577549,4,1
718,8,0.036906588822603226,3,1
719,7,0.2922765430994332,4,1
720,7,0.022210542112588882,4,1
721,8,0.0499118318160375,3,1
722,6,0.04314015209674835,5,1
723,-50,0.05401933154091239,50,0
724,8,0.07033205529054005,3,1
725,7,0.040991575457155704,4,1
726,10,0.025519054383039474,1,1
727,8,0.23027008399367332,3,1
728,10,0.5560017228126526,1,1
729,9,0.030444270931184292,2,1
730,9,0.02417030744254589,2,1
731,6,0.038639160618185994,5,1
732,6,0.06272161304950714,5,1
733,8,0.07106321305036545,3,1
734,10,0.01903529465198517,1,1
735,10,0.0186421200633049,1,1
736,9,0.04843308590352535,2,1
737,8,0.05507387469212214,3,1
738,8,0.05462994612753391,3,1
739,9,0.029581853188574314,2,1
740,6,0.07766219973564148,5,1
741,8,0.07245097681879997,3,1
742,9,0.030348326079547405,2,1
743,7,0.044382637832313776,4,1
744,8,0.03356559822956721,3,1
745,9,0.04830878973007202,2,1
746,6,0.04153683390468359,5,1
747,9,0.041670456528663635,2,1
748,10,0.03520205616950989,1,1
749,8,0.042043861001729965,3,1
750,-17,0.04674492839590779,28,1
751,9,0.05299621261656284,2,1
752,8,0.07200583567221959,3,1
753,10,0.03338063508272171,1,1
754,6,0.04227254875004292,5,1
755,8,0.044722508949538074,3,1
756,10,0.039708223193883896,1,1
757,9,0.0411276388913393,2,1
758,9,0.09753294289112091,2,1
759,7,0.031291112303733826,4,1
760,-9,0.09420532560907305,20,1
761,8,0.037350498139858246,3,1
762,10,0.10175783932209015,1,1
763,9,0.04499073512852192,2,1
764,8,0.05832432582974434,3,1
765,7,0.09486905951052904,4,1
766,9,0.03445040062069893,2,1
767,8,0.05804045498371124,3,1
768,10,0.03501869738101959,1,1
769,6,0.07240515425801278,5,1
770,8,0.02425030680994193,3,1
771,8,0.046463027596473694,3,1
772,9,0.04556953441351652,2,1
773,8,0.04537834568570057,3,1
774,-20,0.056250632825222885,11,0
775,7,0.054185631684958935,4,1
776,7,0.08556605037301779,4,1
777,9,0.0668101105839014,2,1
778,9,0.038718925788998604,2,1
779,7,0.025089900009334087,4,1
780,9,0.026040857657790184,2,1
781,8,0.043769776821136475,3,1
782,10,0.014641785994172096,1,1
783,9,0.028081435710191727,2,1
784,-22,0.03908825137962898,33,1
785,8,0.09242772683501244,3,1
786,8,0.07224143855273724,3,1
787,-10,0.02965659834444523,1,0
788,-50,0.07325744061730802,50,0
789,9,0.3571456838399172,2,1
790,9,0.0644463887438178,2,1
791,6,0.05475583449006081,5,1
792,-50,0.046226064544171094,50,0
793,8,0.05276910091439883,3,1
794,-50,0.05793238522484898,50,0
795,7,0.03776858653873205,4,1
796,8,0.043899413819114365,3,1
797,10,0.02812678925693035,1,1
798,9,0.019138925708830357,2,1
799,10,0.01511551532894373,1,1
800,10,0.017371438443660736,1,1
801,10,0.03232502192258835,1,1
802,7,0.15402167802676558,4,1
803,9,0.052328314166516066,2,1
804,7,0.06196832610294223,4,1
805,8,0.028132500126957893,3,1
806,10,0.0757463127374649,1,1
807,9,0.027936233207583427,2,1
808,7,0.17929818853735924,4,1
809,9,0.04277905821800232,2,1
810,8,0.04966241866350174,3,1
811,9,0.03907443769276142,2,1
812,6,0.14033700227737428,5,1
813,10,0.04906158149242401,1,1
814,7,0.03514059167355299,4,1
815,8,0.03323437894384066,3,1
816,10,0.11351248621940613,1,1
817,-21,0.06446563758072443,32,1
818,10,0.05701269581913948,1,1
819,9,0.10520872101187706,2,1
820,7,0.05668044835329056,4,1
821,8,0.10754181196292241,3,1
822,3,0.07061021076515317,8,1
823,1,0.07150831669569016,10,1
824,-9,0.06074715415015817,20,1
825,-39,0.07107617776840926,50,1
826,-16,0.03353961046647142,27,1
827,9,0.03074991423636675,2,1
828,10,0.06127200648188591,1,1
829,6,0.05572687424719334,5,1
830,9,0.0396326445043087,2,1
831,8,0.03298617868373791,3,1
832,-11,0.024853100068867207,2,0
833,8,0.045308349654078484,3,1
834,8,0.047489055121938385,3,1
835,8,0.04515889100730419,3,1
836,10,0.2765183746814728,1,1
837,7,0.04343607276678085,4,1
838,10,0.21152405440807343,1,1
839,10,0.461812824010849,1,1
840,7,0.07359714154154062,4,1
841,8,0.03254632061968247,3,1
842,-10,0.25073012709617615,1,0
843,9,0.052820589393377304,2,1
844,8,0.03701432670156161,3,1
845,8,0.0804439236720403,3,1
846,9,0.03748197201639414,2,1
847,10,0.04853349179029465,1,1
848,4,0.027136729364948615,7,1
849,7,0.0386545998044312,4,1
850,9,0.0127416024915874,2,1
851,-20,0.06615944549200996,31,1
852,0,0.08635382870720192,11,1
853,5,0.09876115977143247,6,1
854,10,0.05690032243728638,1,1
855,6,0.02392306216061115,5,1
856,8,0.04831596091389656,3,1
857,-10,0.6610583066940308,1,0
858,8,0.0862833634018898,3,1
859,9,0.07773557677865028,2,1
860,8,0.04230784748991331,3,1
861,7,0.15493708429858088,4,1
862,9,0.03194357268512249,2,1
863,9,0.030654950998723507,2,1
864,9,0.3403358981013298,2,1
865,10,0.02139751985669136,1,1
866,9,0.028951799497008324,2,1
867,9,0.05883412901312113,2,1
868,7,0.17016129614785314,4,1
869,9,0.028501703403890133,2,1
870,9,0.123967370018363,2,1
871,-18,0.11553804226348112,29,1
872,10,0.05795002356171608,1,1
873,7,0.04068464715965092,4,1
874,5,0.03672248016421994,6,1
875,8,0.05565201242764791,3,1
876,7,0.02461431361734867,4,1
877,6,0.13670415673404931,5,1
878,10,0.04653467983007431,1,1
879,8,0.024569083005189896,3,1
880,9,0.079967743717134,2,1
881,10,0.10274334996938705,1,1
882,9,0.044282385148108006,2,1
883,9,0.2803416345268488,2,1
884,9,0.055760638788342476,2,1
885,8,0.24031397762397924,3,1
886,10,0.03514431416988373,1,1
887,9,0.04375816509127617,2,1
888,7,0.1538993837311864,4,1
889,8,0.2282104603946209,3,1
890,10,0.05805625766515732,1,1
891,8,0.2085708286613226,3,1
892,10,0.5718094706535339,1,1
893,-27,0.09813922104474745,38,1
894,9,0.1379419695585966,2,1
895,10,0.04686041548848152,1,1
896,9,0.06072571873664856,2,1
897,8,0.046811141073703766,3,1
898,9,0.11523297429084778,2,1
899,8,0.08460591236750285,3,1
900,-50,0.0758190243318677,50,0
901,7,0.24049321562051773,4,1
902,10,0.01619633287191391,1,1
903,10,0.212269127368927,1,1
904,5,0.10513008525595069,6,1
905,8,0.08244694769382477,3,1
906,10,0.04596218466758728,1,1
907,7,0.027248552534729242,4,1
908,8,0.05966158459583918,3,1
909,8,0.023917026817798615,3,1
910,8,0.02598799392580986,3,1
911,8,0.05427669733762741,3,1
912,8,0.1976910506685575,3,1
913,7,0.18773300480097532,4,1
914,-50,0.11664079800248146,50,0
915,9,0.039275506511330605,2,1
916,10,0.0421803742647171,1,1
917,9,0.05156240612268448,2,1
918,9,0.037717562168836594,2,1
919,-23,0.08133071869173471,34,1
920,-39,0.06678712829947471,50,1
921,10,0.016650184988975525,1,1
922,10,0.01695907860994339,1,1
923,7,0.11936736945062876,4,1
924,9,0.054942172951996326,2,1
925,8,0.030468772475918133,3,1
926,9,0.09792358428239822,2,1
927,9,0.04176214896142483,2,1
928,-12,0.08566115920742352,3,0
929,8,0.129063597569863,3,1
930,9,0.08095616102218628,2,1
931,8,0.045108664159973465,3,1
932,-50,0.09954650476574897,50,0
933,10,0.02258984185755253,1,1
934,-11,0.054149994626641273,2,0
935,8,0.12252906089027722,3,1
936,-50,0.06605317033827304,50,0
937,8,0.027120081707835197,3,1
938,-11,0.019311887212097645,2,0
939,8,0.04188670528431734,3,1
940,10,0.02676001749932766,1,1
941,8,0.021191345527768135,3,1
942,10,0.10403406620025635,1,1
943,10,0.01119568757712841,1,1
944,9,0.013819279614835978,2,1
945,10,0.14538943767547607,1,1
946,-11,0.05664712144061923,2,0
947,10,0.029605256393551826,1,1
948,8,0.10314647791286309,3,1
949,8,0.07408391187588374,3,1
950,7,0.1681827949360013,4,1
951,8,0.023292195051908493,3,1
952,7,0.04726879112422466,4,1
953,9,0.09515960142016411,2,1
954,7,0.18804779648780823,4,1
955,9,0.07223667576909065,2,1
956,9,0.25297272950410843,2,1
957,9,0.018014132976531982,2,1
958,9,0.04527384974062443,2,1
959,7,0.12300184927880764,4,1
960,5,0.1261546954823037,6,1
961,8,0.030749083186189335,3,1
962,9,0.03748126979917288,2,1
963,7,0.02974582277238369,4,1
964,8,0.07109593972563744,3,1
965,7,0.18321475200355053,4,1
966,8,0.26360613356033963,3,1
967,6,0.04807576574385166,5,1
968,10,0.04293447732925415,1,1
969,10,0.06409939378499985,1,1
970,7,0.39615485491231084,4,1
971,4,0.11810726379709584,7,1
972,8,0.024224393690625828,3,1
973,-13,0.27544229943305254,4,0
974,8,0.029807220213115215,3,1
975,8,0.024345721428593,3,1
976,7,0.17161799082532525,4,1
977,7,0.2143610343337059,4,1
978,9,0.11976326443254948,2,1
979,10,0.17390744388103485,1,1
980,10,0.014991902746260166,1,1
981,6,0.14990279302001,5,1
982,9,0.47072549164295197,2,1
983,9,0.11109499726444483,2,1
984,10,0.01593589596450329,1,1
985,7,0.017622728599235415,4,1
986,8,0.018284878693521023,3,1
987,10,0.03336236625909805,1,1
988,5,0.01926685186723868,6,1
989,9,0.03412075177766383,2,1
990,9,0.014464314095675945,2,1
991,10,0.052776433527469635,1,1
992,-5,0.07300466601736844,16,1
993,6,0.1458754524588585,5,1
994,6,0.0574788823723793,5,1
995,9,0.24513338133692741,2,1
996,10,0.08895060420036316,1,1
997,9,0.06391109898686409,2,1
998,8,0.2150664838651816,3,1
999,8,0.06182792534430822,3,1
1000,10,0.9144248366355896,1,1
1,7,0.21786487055942416,4,1
2,8,0.03632082355519136,3,1
3,9,0.08233767934143543,2,1
4,8,0.1953917903204759,3,1
5,3,0.20827477518469095,8,1
6,8,0.09786506742238998,3,1
7,4,0.04562660147036825,7,1
8,10,0.03169996663928032,1,1
9,8,0.09460094819466273,3,1
10,7,0.1367802619934082,4,1
11,7,0.04113604931626469,4,1
12,9,0.03789141867309809,2,1
13,9,0.26584033947438,2,1
14,6,0.025570755824446678,5,1
15,4,0.09650191691304956,7,1
16,10,0.036980532109737396,1,1
17,6,0.137373916991055,5,1
18,10,0.028017280623316765,1,1
19,6,0.17355901710689067,5,1
20,10,0.024655934423208237,1,1
21,9,0.26345386635512114,2,1
22,10,0.010025231167674065,1,1
23,6,0.08711583577096463,5,1
24,-13,0.13377716830776384,24,1
25,9,0.28715840727090836,2,1
26,7,0.06227878760546446,4,1
27,9,0.035803619772195816,2,1
28,10,0.10789739340543747,1,1
29,6,0.1177134346216917,5,1
30,-50,0.08107539618387818,50,0
31,10,0.0221153162419796,1,1
32,8,0.04994038802882036,3,1
33,8,0.02572881119946639,3,1
34,9,0.056960390880703926,2,1
35,9,0.03266895469278097,2,1
36,8,0.06750936650981505,3,1
37,9,0.018385511822998524,2,1
38,9,0.022169439122080803,2,1
39,10,0.046526338905096054,1,1
40,-17,0.07490460797479111,28,1
41,8,0.027537953729430836,3,1
42,10,0.031120583415031433,1,1
43,7,0.1549740917980671,4,1
44,8,0.01912048924714327,3,1
45,8,0.15134989097714424,3,1
46,7,0.05168820917606354,4,1
47,10,0.04806265980005264,1,1
48,8,0.1893867366015911,3,1
49,7,0.16026814933866262,4,1
50,10,0.052942756563425064,1,1
51,9,0.07435810007154942,2,1
52,8,0.20110057294368744,3,1
53,9,0.028932994231581688,2,1
54,9,0.14567774161696434,2,1
55,9,0.4835990369319916,2,1
56,5,0.037628449499607086,6,1
57,-4,0.09950820592542489,15,1
58,8,0.2874590077747901,3,1
59,10,0.06303946673870087,1,1
60,8,0.030017914871374767,3,1
61,6,0.14266421496868134,5,1
62,9,0.24412298761308193,2,1
63,5,0.19132461988677582,6,1
64,9,0.0554706659168005,2,1
65,6,0.12475787401199341,5,1
66,8,0.1684474771221479,3,1
67,8,0.02207460254430771,3,1
68,7,0.17427339497953653,4,1
69,9,0.061817921698093414,2,1
70,6,0.21699658893048762,5,1
71,7,0.026494865771383047,4,1
72,10,0.33134886622428894,1,1
73,9,0.04151213355362415,2,1
74,5,0.04196518318106731,6,1
75,8,0.09447658310333888,3,1
76,7,0.039207746740430593,4,1
77,-50,0.12991691773757338,50,0
78,7,0.17939790803939104,4,1
79,10,0.03024541214108467,1,1
80,4,0.07436656526156835,7,1
81,10,0.022604722529649734,1,1
82,9,0.04010345134884119,2,1
83,7,0.05528513388708234,4,1
84,7,0.21486355923116207,4,1
85,8,0.05541834980249405,3,1
86,9,0.04147530719637871,2,1
87,10,0.08716555684804916,1,1
88,9,0.22873715683817863,2,1
89,10,0.034865837544202805,1,1
90,8,0.027313581978281338,3,1
91,10,0.02027195133268833,1,1
92,6,0.027454236708581447,5,1
93,10,0.025161154568195343,1,1
94,6,0.12158092185854912,5,1
95,-50,0.08931480266153813,50,0
96,9,0.1462836191058159,2,1
97,6,0.18857781141996383,5,1
98,7,0.3653415497392416,4,1
99,9,0.31609073653817177,2,1
100,9,0.027898801490664482,2,1
101,9,0.028796831145882607,2,1
102,8,0.05599134167035421,3,1
103,7,0.04932350851595402,4,1
104,8,0.03513688314706087,3,1
105,8,0.046649048725763954,3,1
106,9,0.04137707129120827,2,1
107,9,0.060694362968206406,2,1
108,7,0.02840936090797186,4,1
109,10,0.04190106317400932,1,1
110,8,0.2978895716369152,3,1
111,10,0.01735704578459263,1,1
112,6,0.030275943875312804,5,1
113,-2,0.09208081676982917,13,1
114,10,0.014022315852344036,1,1
115,7,0.04058652464300394,4,1
116,9,0.06591225415468216,2,1
117,10,0.05337836593389511,1,1
118,6,0.02415484730154276,5,1
119,9,0.029259055852890015,2,1
120,10,0.013413025997579098,1,1
121,9,0.04699585773050785,2,1
122,6,0.06482926346361637,5,1
123,8,0.03768420033156872,3,1
124,-50,0.05575290840119124,50,0
125,10,0.01644928567111492,1,1
126,8,0.030423541242877643,3,1
127,8,0.1721559874713421,3,1
128,6,0.12172266878187657,5,1
129,9,0.0762765184044838,2,1
130,9,0.2943108379840851,2,1
131,10,0.054326560348272324,1,1
132,4,0.1035741541002478,7,1
133,9,0.02781862113624811,2,1
134,8,0.052471671253442764,3,1
135,6,0.03917408660054207,5,1
136,-1,0.14222685433924198,12,1
137,9,0.025347030721604824,2,1
138,10,0.040977317839860916,1,1
139,7,0.049108223989605904,4,1
140,10,0.0794733539223671,1,1
141,8,0.03795061012109121,3,1
142,7,0.06441236287355423,4,1
143,8,0.12653150161107382,3,1
144,6,0.04880895838141441,5,1
145,6,0.14148159474134445,5,1
146,-12,0.035244289164741836,3,0
147,10,0.027350865304470062,1,1
148,9,0.03391530644148588,2,1
149,9,0.13591834902763367,2,1
150,7,0.16267651319503784,4,1
151,6,0.214405670017004,5,1
152,-1,0.04591312057649096,12,1
153,9,0.25695835053920746,2,1
154,9,0.023748242761939764,2,1
155,9,0.043150825425982475,2,1
156,5,0.10038779769092798,6,1
157,9,0.0685642920434475,2,1
158,10,0.025351781398057938,1,1
159,10,0.030219044536352158,1,1
160,-13,0.055071622715331614,24,1
161,9,0.04723797179758549,2,1
162,-13,0.055255343982328974,24,1
163,4,0.10246899763920478,7,1
164,8,0.19661609828472137,3,1
165,9,0.02476073009893298,2,1
166,7,0.13370758388191462,4,1
167,5,0.22908587971081337,6,1
168,6,0.04401571340858936,5,1
169,8,0.05021382557849089,3,1
170,6,0.14353905208408832,5,1
171,7,0.1420697416178882,4,1
172,9,0.08738006465137005,2,1
173,7,0.03508744668215513,4,1
174,-7,0.1403526183631685,18,1
175,6,0.036123154778033496,5,1
176,6,0.03319964949041605,5,1
177,9,0.024856046307832003,2,1
178,7,0.06884209695272148,4,1
179,8,0.21305162832140923,3,1
180,9,0.29640437476336956,2,1
181,10,0.017185963690280914,1,1
182,7,0.16425505559891462,4,1
183,8,0.06376910395920277,3,1
184,9,0.06520671024918556,2,1
185,10,0.03399837389588356,1,1
186,10,0.025073949247598648,1,1
187,8,0.03717738762497902,3,1
188,9,0.057900771498680115,2,1
189,5,0.11170668962101142,6,1
190,9,0.030127436853945255,2,1
191,3,0.0443946470040828,8,1
192,10,0.01874048449099064,1,1
193,10,0.34986385703086853,1,1
194,6,0.060317962616682055,5,1
195,8,0.06919314712285995,3,1
196,8,0.0216100017229716,3,1
197,10,0.050782013684511185,1,1
198,7,0.046657231636345387,4,1
199,8,0.02260601023832957,3,1
200,-4,0.13504148386418818,15,1
201,7,0.01804255321621895,4,1
202,10,0.01810457743704319,1,1
203,8,0.02634936881562074,3,1
204,10,0.01589987426996231,1,1
205,-28,0.05580107008035366,39,1
206,9,0.01995225390419364,2,1
207,8,0.19670247907439867,3,1
208,8,0.028149812171856563,3,1
209,-10,0.03451615199446678,1,0
210,7,0.03883660351857543,4,1
211,10,0.028638439252972603,1,1
212,8,0.2962588171164195,3,1
213,7,0.15559615846723318,4,1
214,10,0.01723853126168251,1,1
215,9,0.01738474052399397,2,1
216,-50,0.08360122263431549,50,0
217,-8,0.14448236178998886,19,1
218,10,0.11414983868598938,1,1
219,7,0.19107093242928386,4,1
220,2,0.03668046991030375,9,1
221,9,0.02488010935485363,2,1
222,9,0.2451773351058364,2,1
223,6,0.05407656691968441,5,1
224,9,0.014613132923841476,2,1
225,10,0.08524379134178162,1,1
226,10,0.044632092118263245,1,1
227,8,0.18132638993362585,3,1
228,10,0.03362832963466644,1,1
229,-50,0.08059579202905297,50,0
230,9,0.2546613533049822,2,1
231,8,0.04620579971621434,3,1
232,8,0.04510881379246712,3,1
233,-50,0.09452596662566065,50,0
234,9,0.07819148059934378,2,1
235,9,0.024686330929398537,2,1
236,10,0.01328998152166605,1,1
237,10,0.018717249855399132,1,1
238,6,0.03493523560464382,5,1
239,8,0.031544601544737816,3,1
240,7,0.25944230053573847,4,1
241,9,0.04212002456188202,2,1
242,5,0.05343607378502687,6,1
243,9,0.039765238761901855,2,1
244,7,0.23002441134303808,4,1
245,9,0.029717426747083664,2,1
246,10,0.06937834620475769,1,1
247,10,0.02129608765244484,1,1
248,-12,0.16568032714227834,3,0
249,-12,0.05494623010357221,3,0
250,-50,0.08529035777784884,50,0
251,10,0.8853210210800171,1,1
252,-50,0.08834995489567518,50,0
253,6,0.04120496734976768,5,1
254,-50,0.07545273496769368,50,0
255,10,0.025782551616430283,1,1
256,10,0.012352642603218555,1,1
257,6,0.017882661148905753,5,1
258,7,0.03042350895702839,4,1
259,7,0.14712957199662924,4,1
260,1,0.048162132408469914,10,1
261,7,0.05147254653275013,4,1
262,6,0.035991846770048144,5,1
263,7,0.03264827840030193,4,1
264,-1,0.0900040998434027,12,1
265,9,0.017691430170089006,2,1
266,8,0.017443165183067322,3,1
267,7,0.11087584518827498,4,1
268,9,0.020383157767355442,2,1
269,7,0.16023000609129667,4,1
270,10,0.02789316326379776,1,1
271,7,0.03185884980484843,4,1
272,5,0.17462394386529922,6,1
273,9,0.03554645134136081,2,1
274,7,0.020388098899275064,4,1
275,7,0.04620450595393777,4,1
276,10,0.01936538703739643,1,1
277,7,0.023608625400811434,4,1
278,5,0.02155844122171402,6,1
279,10,0.019946301355957985,1,1
280,8,0.14599984915306172,3,1
281,9,0.053705260157585144,2,1
282,9,0.04173141531646252,2,1
283,8,0.2738497791190942,3,1
284,10,0.030438479036092758,1,1
285,9,0.19610394164919853,2,1
286,8,0.0397250143190225,3,1
287,6,0.0958397151902318,5,1
288,9,0.02886103931814432,2,1
289,3,0.041629946790635586,8,1
290,-29,0.0900120011297986,40,1
291,-25,0.12334856326277885,36,1
292,10,0.012809951789677143,1,1
293,8,0.15849402671058974,3,1
294,8,0.018162344271938007,3,1
295,7,0.18341063242405653,4,1
296,9,0.025276165455579758,2,1
297,10,0.01639828458428383,1,1
298,8,0.02984771194557349,3,1
299,-18,0.16347895096987486,9,0
300,8,0.029196795697013538,3,1
301,-10,0.16704183391162328,21,1
302,8,0.03308227596183618,3,1
303,9,0.193158651702106,2,1
304,5,0.13862373400479555,6,1
305,9,0.039616622030735016,2,1
306,10,0.042465053498744965,1,1
307,5,0.26751132619877654,6,1
308,10,0.10941459238529205,1,1
309,9,0.04346763854846358,2,1
310,10,0.05181831121444702,1,1
311,9,0.027834387496113777,2,1
312,10,0.04524897038936615,1,1
313,9,0.03846929641440511,2,1
314,10,0.0137332733720541,1,1
315,8,0.01662948727607727,3,1
316,8,0.16761363577097654,3,1
317,7,0.1936779422685504,4,1
318,8,0.027925730993350346,3,1
319,10,0.017556313425302505,1,1
320,8,0.01696158479899168,3,1
321,8,0.036163583397865295,3,1
322,9,0.03367982618510723,2,1
323,7,0.040825012139976025,4,1
324,5,0.26290062877039116,6,1
325,8,0.026356692736347515,3,1
326,6,0.034874201938509944,5,1
327,7,0.030943345045670867,4,1
328,-50,0.12166148519143462,50,0
329,-50,0.054401109628379345,50,0
330,10,0.03255416080355644,1,1
331,-16,0.05301673841421251,27,1
332,3,0.15388057916425169,8,1
333,-10,0.05342111736536026,1,0
334,10,0.054992642253637314,1,1
335,8,0.19997321565945944,3,1
336,9,0.05469951592385769,2,1
337,5,0.0422292227546374,6,1
338,6,0.12603084668517112,5,1
339,6,0.1030704852193594,5,1
340,8,0.18656448740512133,3,1
341,8,0.03172581891218821,3,1
342,7,0.19372312212362885,4,1
343,-11,0.02471801917999983,2,0
344,10,0.026331540197134018,1,1
345,-14,0.0785871771723032,25,1
346,6,0.046635574847459796,5,1
347,8,0.023437793056170147,3,1
348,8,0.02749324155350526,3,1
349,8,0.03927727912863096,3,1
350,9,0.021521027199923992,2,1
351,7,0.025713179958984256,4,1
352,9,0.11808005161583424,2,1
353,6,0.026146429870277644,5,1
354,2,0.09086882902516259,9,1
355,6,0.05488879606127739,5,1
356,10,0.023462748154997826,1,1
357,8,0.031724308927853904,3,1
358,8,0.03978454073270162,3,1
359,6,0.035433854162693026,5,1
360,9,0.05153888696804643,2,1
361,9,0.026158149354159832,2,1
362,10,0.04993210732936859,1,1
363,5,0.06696736998856068,6,1
364,8,0.06259844762583573,3,1
365,9,0.019417266361415386,2,1
366,8,0.032369016048808895,3,1
367,3,0.04120470327325165,8,1
368,8,0.037827866772810616,3,1
369,8,0.04713876855870088,3,1
370,9,0.057021934539079666,2,1
371,9,0.031135072000324726,2,1
372,-50,0.0633165504783392,50,0
373,10,0.05996813252568245,1,1
374,10,0.08739663660526276,1,1
375,9,0.037068288773298264,2,1
376,8,0.02865295608838399,3,1
377,10,0.03237246349453926,1,1
378,9,0.022534231655299664,2,1
379,10,0.02619243785738945,1,1
380,10,0.4740222692489624,1,1
381,10,0.013809734024107456,1,1
382,7,0.12512253620661795,4,1
383,8,0.019756929948925972,3,1
384,9,0.049344563856720924,2,1
385,-50,0.10029254011809825,50,0
386,10,0.09662199020385742,1,1
387,-27,0.08339911824288337,38,1
388,8,0.017576022073626518,3,1
389,-1,0.07127571105957031,12,1
390,9,0.02907285001128912,2,1
391,-10,0.022800983861088753,1,0
392,10,0.047254014760255814,1,1
393,9,0.02186211384832859,2,1
394,-14,0.0815352139621973,25,1
395,7,0.2680146978236735,4,1
396,9,0.08792215306311846,2,1
397,8,0.20714569153885046,3,1
398,5,0.0544793049339205,6,1
399,9,0.06551799923181534,2,1
400,5,0.03692952822893858,6,1
401,9,0.055978850461542606,2,1
402,7,0.026601205579936504,4,1
403,7,0.11256409902125597,4,1
404,-39,0.06678439155220986,30,0
405,7,0.05057775089517236,4,1
406,-7,0.08123775778545274,18,1
407,6,0.329541851580143,5,1
408,8,0.12588999047875404,3,1
409,6,0.07050769403576851,5,1
410,9,0.11684727668762207,2,1
411,8,0.06700512891014417,3,1
412,10,0.5203720927238464,1,1
413,9,0.34728435426950455,2,1
414,7,0.09388307109475136,4,1
415,10,0.04445939511060715,1,1
416,-3,0.14496683010033198,14,1
417,8,0.17883045164247355,3,1
418,8,0.049347887436548867,3,1
419,10,0.019185137003660202,1,1
420,9,0.04020168259739876,2,1
421,6,0.1445411004126072,5,1
422,7,0.054568737745285034,4,1
423,7,0.03008925449103117,4,1
424,9,0.025091111660003662,2,1
425,6,0.04415955990552902,5,1
426,9,0.06203486956655979,2,1
427,6,0.06128662526607513,5,1
428,10,0.023717302829027176,1,1
429,7,0.1877961540594697,4,1
430,6,0.12511228136718272,5,1
431,10,0.034124791622161865,1,1
432,10,0.02735716849565506,1,1
433,7,0.039005441358312964,4,1
434,7,0.08745995117351413,4,1
435,8,0.029986598218480747,3,1
436,8,0.06449687977631886,3,1
437,8,0.023542437702417374,3,1
438,8,0.02592046248416106,3,1
439,6,0.03625870253890753,5,1
440,8,0.018711190670728683,3,1
441,10,0.017568938434123993,1,1
442,8,0.022678003335992496,3,1
443,-9,0.06607040357775987,20,1
444,9,0.25926956441253424,2,1
445,-50,0.10333007657900453,50,0
446,9,0.048452893272042274,2,1
447,9,0.25340710952878,2,1
448,9,0.27651667036116123,2,1
449,-10,0.014779885299503803,1,0
450,9,0.31867075711488724,2,1
451,8,0.0703131432334582,3,1
452,8,0.04252118617296219,3,1
453,-50,0.06732754169031978,50,0
454,9,0.047864098101854324,2,1
455,7,0.05439786892384291,4,1
456,7,0.05424220021814108,4,1
457,7,0.039647641591727734,4,1
458,-15,0.04323391476646066,26,1
459,9,0.24772349139675498,2,1
460,-28,0.13130932315610921,39,1
461,8,0.031082042803366978,3,1
462,7,0.01943883253261447,4,1
463,8,0.01454460946843028,3,1
464,10,0.032680634409189224,1,1
465,9,0.2151292972266674,2,1
466,9,0.02299727126955986,2,1
467,8,0.13861862445871034,3,1
468,-23,0.11306803626939654,34,1
469,8,0.06829934070507686,3,1
470,10,0.1113927811384201,1,1
471,8,0.06687412038445473,3,1
472,9,0.01686234539374709,2,1
473,7,0.07050848472863436,4,1
474,6,0.1276508193463087,5,1
475,8,0.07183009386062622,3,1
476,8,0.18209661295016608,3,1
477,10,0.04593771696090698,1,1
478,9,0.24233140796422958,2,1
479,8,0.23987548301617304,3,1
480,7,0.03274776181206107,4,1
481,8,0.019340391581257183,3,1
482,6,0.12734538950026036,5,1
483,8,0.05376913274327914,3,1
484,9,0.030581196770071983,2,1
485,10,0.45589298009872437,1,1
486,9,0.01872899290174246,2,1
487,8,0.03703859758873781,3,1
488,7,0.07117058895528316,4,1
489,6,0.053947534039616586,5,1
490,6,0.07335957624018193,5,1
491,4,0.046819105212177546,7,1
492,7,0.047453911043703556,4,1
493,9,0.03775708004832268,2,1
494,9,0.03697093017399311,2,1
495,7,0.13989778654649854,4,1
496,10,0.04417714476585388,1,1
497,9,0.009890281595289707,2,1
498,9,0.0409949803724885,2,1
499,10,0.030182894319295883,1,1
500,9,0.04999029077589512,2,1
501,9,0.04601472616195679,2,1
502,10,0.011029860004782677,1,1
503,10,0.0953904241323471,1,1
504,7,0.04854808887466788,4,1
505,7,0.1819178839214146,4,1
506,9,0.03696295525878668,2,1
507,8,0.010771849503119787,3,1
508,7,0.10401382250711322,4,1
509,8,0.18548143655061722,3,1
510,-38,0.06064050834701986,49,1
511,10,0.05025718733668327,1,1
512,10,0.03984878584742546,1,1
513,9,0.04034363478422165,2,1
514,6,0.1706147812306881,5,1
515,8,0.32334065934022266,3,1
516,9,0.03590722009539604,2,1
517,9,0.04376806691288948,2,1
518,5,0.07563160856564839,6,1
519,9,0.13139726594090462,2,1
520,9,0.03398358076810837,2,1
521,6,0.06203382164239883,5,1
522,8,0.06049575532476107,3,1
523,9,0.038967021740972996,2,1
524,6,0.12531594298779963,5,1
525,8,0.030835727229714394,3,1
526,9,0.31006552651524544,2,1
527,10,0.04046861082315445,1,1
528,10,0.44701796770095825,1,1
529,8,0.031303454811374344,3,1
530,-27,0.09031251854159766,18,0
531,-9,0.08187381578609347,20,1
532,-12,0.050276768704255424,3,0
533,1,0.14717769334092737,10,1
534,-50,0.10364685920998454,50,0
535,9,0.2719651600345969,2,1
536,6,0.14390435256063938,5,1
537,9,0.0438988171517849,2,1
538,8,0.0626913495361805,3,1
539,10,0.056503452360630035,1,1
540,7,0.14850958483293653,4,1
541,6,0.0436745148152113,5,1
542,10,0.03227938711643219,1,1
543,1,0.04186607673764229,10,1
544,10,0.050025664269924164,1,1
545,10,0.023373086005449295,1,1
546,9,0.04052073881030083,2,1
547,9,0.02303245197981596,2,1
548,6,0.18035188112407924,5,1
549,8,0.06276311725378036,3,1
550,10,0.07136942446231842,1,1
551,9,0.06831355392932892,2,1
552,9,0.0679603349417448,2,1
553,9,0.2133091725409031,2,1
554,9,0.07082168012857437,2,1
555,6,0.13527137637138367,5,1
556,10,0.045818109065294266,1,1
557,10,0.14044666290283203,1,1
558,8,0.029098591456810634,3,1
559,8,0.03012854854265849,3,1
560,10,0.022992592304944992,1,1
561,8,0.03961231683691343,3,1
562,8,0.020563896435002487,3,1
563,9,0.037301287055015564,2,1
564,8,0.02489958144724369,3,1
565,9,0.016827687621116638,2,1
566,8,0.2289876788854599,3,1
567,10,0.022250158712267876,1,1
568,-50,0.10555468328297138,50,0
569,8,0.19859377046426138,3,1
570,-12,0.061806196549340435,23,1
571,-10,0.04186579957604408,1,0
572,10,0.05236144736409187,1,1
573,10,0.058467961847782135,1,1
574,9,0.06123464182019234,2,1
575,9,0.03368483856320381,2,1
576,8,0.04603337620695432,3,1
577,9,0.029657570645213127,2,1
578,6,0.1888350911438465,5,1
579,6,0.1706061251461506,5,1
580,9,0.04705845005810261,2,1
581,-5,0.08535230369307101,16,1
582,9,0.05258937552571297,2,1
583,7,0.1191829964518547,4,1
584,9,0.023114160634577274,2,1
585,10,0.01948690600693226,1,1
586,7,0.11169174406677485,4,1
587,8,0.13450107599298158,3,1
588,10,0.017438767477869987,1,1
589,2,0.03313761287265354,9,1
590,7,0.0481342114508152,4,1
591,10,0.028445295989513397,1,1
592,7,0.23894026456400752,4,1
593,9,0.030360632576048374,2,1
594,7,0.03199069038964808,4,1
595,8,0.22075521449247995,3,1
596,3,0.060339171439409256,8,1
597,9,0.03807640727609396,2,1
598,9,0.030578546226024628,2,1
599,-10,0.06323034316301346,1,0
600,9,0.07010386511683464,2,1
601,8,0.028713818018635113,3,1
602,-8,0.1330195278125374,19,1
603,9,0.052565036341547966,2,1
604,7,0.0641954680904746,4,1
605,9,0.13380501046776772,2,1
606,7,0.17357076331973076,4,1
607,9,0.0930952038615942,2,1
608,10,0.040026526898145676,1,1
609,-50,0.12808101676404476,50,0
610,10,0.1022578626871109,1,1
611,10,0.36818423867225647,1,1
612,8,0.1780264899134636,3,1
613,10,0.2231474220752716,1,1
614,9,0.029710179194808006,2,1
615,7,0.09688417054712772,4,1
616,7,0.23623519763350487,4,1
617,8,0.18050668140252432,3,1
618,6,0.11902699619531631,5,1
619,7,0.11059817671775818,4,1
620,7,0.08741292078047991,4,1
621,9,0.3021007180213928,2,1
622,10,0.024286659434437752,1,1
623,8,0.04822621867060661,3,1
624,7,0.08755737403407693,4,1
625,8,0.18891223147511482,3,1
626,7,0.1947797480970621,4,1
627,8,0.3238707408308983,3,1
628,3,0.08211223036050797,8,1
629,4,0.08606483148677009,7,1
630,9,0.050859034061431885,2,1
631,-10,0.10731502622365952,1,0
632,8,0.06176792954405149,3,1
633,6,0.05420715436339378,5,1
634,9,0.22836399264633656,2,1
635,9,0.0415181303396821,2,1
636,7,0.07417739601805806,4,1
637,10,0.024994976818561554,1,1
638,8,0.035497527569532394,3,1
639,9,0.03193330205976963,2,1
640,-50,0.10683943634852767,50,0
641,10,0.009182584472000599,1,1
642,6,0.0545563492923975,5,1
643,9,0.019857797771692276,2,1
644,10,0.11383619904518127,1,1
645,6,0.166746736317873,5,1
646,8,0.18694403332968554,3,1
647,6,0.03688869997859001,5,1
648,9,0.07566151209175587,2,1
649,5,0.21861903835088015,6,1
650,-21,0.08256278994182746,12,0
651,9,0.07436077482998371,2,1
652,6,0.05223146751523018,5,1
653,10,0.022421875968575478,1,1
654,10,0.04598116874694824,1,1
655,10,0.028908560052514076,1,1
656,9,0.04788845777511597,2,1
657,9,0.08919411525130272,2,1
658,-50,0.12377927754074335,50,0
659,7,0.08525566291064024,4,1
660,8,0.1430012434720993,3,1
661,9,0.08029058668762445,2,1
662,8,0.06953375910719235,3,1
663,10,0.1419931948184967,1,1
664,9,0.049683837220072746,2,1
665,10,0.061614494770765305,1,1
666,9,0.11189829185605049,2,1
667,9,0.05702950805425644,2,1
668,9,0.10916108638048172,2,1
669,4,0.10340481783662524,7,1
670,9,0.04906683415174484,2,1
671,10,0.0620795339345932,1,1
672,7,0.025576656684279442,4,1
673,9,0.03977309167385101,2,1
674,9,0.2593796271830797,2,1
675,7,0.12298485357314348,4,1
676,8,0.06111246968309084,3,1
677,9,0.05129526928067207,2,1
678,8,0.16095744694272676,3,1
679,7,0.06357300281524658,4,1
680,7,0.04537410009652376,4,1
681,8,0.06256374654670556,3,1
682,10,0.030734052881598473,1,1
683,6,0.07402752228081226,5,1
684,8,0.030022827287515003,3,1
685,8,0.04199598294993242,3,1
686,9,0.0483420193195343,2,1
687,4,0.145079302202378,7,1
688,7,0.1835722136311233,4,1
689,8,0.18430183517436186,3,1
690,8,0.02948797618349393,3,1
691,5,0.10227083476881187,6,1
692,7,0.057680689729750156,4,1
693,9,0.06803704798221588,2,1
694,10,0.04425998777151108,1,1
695,7,0.059591103810817,4,1
696,9,0.20682250894606113,2,1
697,10,0.04171428084373474,1,1
698,6,0.04382923245429993,5,1
699,6,0.17087543681263923,5,1
700,9,0.05060580559074879,2,1
701,9,0.1463330313563347,2,1
702,4,0.12046471743711404,7,1
703,8,0.042127035558223724,3,1
704,9,0.03478654334321618,2,1
705,9,0.026041780598461628,2,1
706,5,0.1515298035616676,6,1
707,7,0.1690181428566575,4,1
708,10,0.04022908955812454,1,1
709,7,0.06799921859055758,4,1
710,9,0.08402969967573881,2,1
711,8,0.18490122507015863,3,1
712,-50,0.075771249178797,50,0
713,8,0.04030079022049904,3,1
714,10,0.03540828824043274,1,1
715,8,0.07402842740217845,3,1
716,8,0.11783520008126895,3,1
717,10,0.19953759014606476,1,1
718,10,0.022703826427459717,1,1
719,10,0.10133557766675949,1,1
720,4,0.04683719149657658,7,1
721,-14,0.0921482177823782,25,1
722,9,0.16044898703694344,2,1
723,10,0.12651357054710388,1,1
724,8,0.24293112754821777,3,1
725,8,0.054472715283433594,3,1
726,8,0.19223951237897077,3,1
727,9,0.15525959059596062,2,1
728,9,0.0560239776968956,2,1
729,9,0.08701271936297417,2,1
730,9,0.03729957342147827,2,1
731,10,0.022624844685196877,1,1
732,7,0.06861142348498106,4,1
733,10,0.056890420615673065,1,1
734,8,0.18340495973825455,3,1
735,-17,0.10458378666745764,28,1
736,10,0.16971144080162048,1,1
737,6,0.05903106927871704,5,1
738,9,0.08209061715751886,2,1
739,9,0.041123075410723686,2,1
740,-13,0.05709576443769038,24,1
741,9,0.03793110325932503,2,1
742,8,0.05902343740065893,3,1
743,8,0.0890699749191602,3,1
744,-5,0.07787224906496704,16,1
745,8,0.1154487170279026,3,1
746,8,0.0545942826817433,3,1
747,9,0.019320596009492874,2,1
748,10,0.10047108680009842,1,1
749,9,0.0618563499301672,2,1
750,7,0.038312865886837244,4,1
751,10,0.03646375611424446,1,1
752,10,0.05324539542198181,1,1
753,7,0.030805425252765417,4,1
754,9,0.04057676903903484,2,1
755,8,0.07859902332226436,3,1
756,-11,0.09370154692706736,22,1
757,9,0.07031456008553505,2,1
758,9,0.06424876861274242,2,1
759,8,0.05095611388484637,3,1
760,10,0.01970049925148487,1,1
761,8,0.04317696765065193,3,1
762,8,0.05358969792723656,3,1
763,9,0.10900643188506365,2,1
764,9,0.025355961173772812,2,1
765,9,0.04840227961540222,2,1
766,8,0.030597287540634472,3,1
767,7,0.07138422457501292,4,1
768,8,0.17772247766455015,3,1
769,10,0.04843762516975403,1,1
770,9,0.044713087379932404,2,1
771,10,0.04569101333618164,1,1
772,9,0.03643587976694107,2,1
773,9,0.042716726660728455,2,1
774,8,0.05484791782995065,3,1
775,7,0.04425045847892761,4,1
776,8,0.053631061067183815,3,1
777,8,0.02997930347919464,3,1
778,-10,0.0942034185198801,21,1
779,7,0.03779103304259479,4,1
780,7,0.04381429078057408,4,1
781,8,0.021819838633139927,3,1
782,9,0.05391976423561573,2,1
783,8,0.05026965526243051,3,1
784,9,0.04961087740957737,2,1
785,9,0.04216756112873554,2,1
786,7,0.044080195017158985,4,1
787,6,0.07866714894771576,5,1
788,-14,0.04407820452004671,25,1
789,10,0.026928333565592766,1,1
790,9,0.03705905191600323,2,1
791,7,0.027963576838374138,4,1
792,6,0.034202621318399906,5,1
793,9,0.015655750408768654,2,1
794,8,0.020886517750720184,3,1
795,10,0.023359278216958046,1,1
796,8,0.08358404661218326,3,1
797,-10,0.06353039294481277,1,0
798,8,0.02738839325805505,3,1
799,-5,0.08375080721452832,16,1
800,9,0.068692771717906,2,1
801,7,0.027937553822994232,4,1
802,10,0.02776285819709301,1,1
803,6,0.09134413823485374,5,1
804,8,0.15581004321575165,3,1
805,9,0.05737840384244919,2,1
806,-12,0.043964037050803505,3,0
807,10,0.03313543647527695,1,1
808,7,0.06749479984864593,4,1
809,6,0.07501022815704346,5,1
810,10,0.07710064947605133,1,1
811,7,0.04238806711509824,4,1
812,6,0.06192768812179565,5,1
813,7,0.04802182596176863,4,1
814,-11,0.06786556169390678,2,0
815,10,0.03529791533946991,1,1
816,-8,0.06192015680043321,19,1
817,8,0.37632138033707935,3,1
818,8,0.04269049440821012,3,1
819,10,0.4155599772930145,1,1
820,6,0.13913849741220474,5,1
821,10,0.04113563522696495,1,1
822,6,0.13770272955298424,5,1
823,10,0.04648074880242348,1,1
824,9,0.0810143742710352,2,1
825,0,0.13902559571645476,11,1
826,9,0.054181452840566635,2,1
827,-7,0.08196673687133524,18,1
828,10,0.05149787664413452,1,1
829,8,0.06120622095962366,3,1
830,9,0.08993449062108994,2,1
831,6,0.06901046186685562,5,1
832,7,0.047021166421473026,4,1
833,8,0.08259348819653194,3,1
834,7,0.04929181933403015,4,1
835,10,0.07777093350887299,1,1
836,-18,0.07934736556791026,29,1
837,8,0.07554156084855397,3,1
838,-13,0.04092867160215974,4,0
839,-23,0.08402246625765282,34,1
840,9,0.16483723372220993,2,1
841,10,0.05089368671178818,1,1
842,-6,0.06247707982273663,17,1
843,-11,0.2915978915989399,2,0
844,8,0.031860312446951866,3,1
845,10,0.4131961762905121,1,1
846,5,0.04001788670818011,6,1
847,8,0.08230859041213989,3,1
848,10,0.41824230551719666,1,1
849,6,0.12335544973611831,5,1
850,10,0.009215445257723331,1,1
851,8,0.161607064306736,3,1
852,8,0.0550654965142409,3,1
853,8,0.04221437747279803,3,1
854,8,0.024409635613361996,3,1
855,10,0.02335468865931034,1,1
856,10,0.03961063176393509,1,1
857,7,0.02708927495405078,4,1
858,8,0.029687600831190746,3,1
859,10,0.02660839445888996,1,1
860,8,0.03588394572337469,3,1
861,5,0.11393467957774799,6,1
862,7,0.032578781712800264,4,1
863,8,0.040682449315985046,3,1
864,10,0.013392260298132896,1,1
865,10,0.02678046002984047,1,1
866,10,0.02742115594446659,1,1
867,10,0.01638217642903328,1,1
868,-32,0.0652754259144151,43,1
869,8,0.020790550236900646,3,1
870,7,0.10033322032541037,4,1
871,6,0.05406263284385204,5,1
872,6,0.03347117453813553,5,1
873,8,0.05353118603428205,3,1
874,-50,0.09405915718525648,50,0
875,9,0.03879072703421116,2,1
876,8,0.09528990959127744,3,1
877,7,0.04589528078213334,4,1
878,9,0.0703239282593131,2,1
879,9,0.2465532012283802,2,1
880,9,0.0595714095979929,2,1
881,8,0.0719658558567365,3,1
882,10,0.03864345699548721,1,1
883,8,0.035971647749344506,3,1
884,9,0.045788249000906944,2,1
885,7,0.06441348418593407,4,1
886,10,0.060369402170181274,1,1
887,1,0.06573263797909021,10,1
888,10,0.03720664605498314,1,1
889,8,0.03385250394543012,3,1
890,5,0.1783701448390881,6,1
891,5,0.09845939837396145,6,1
892,8,0.08048660308122635,3,1
893,7,0.07477182429283857,4,1
894,8,0.0640149253110091,3,1
895,8,0.04526655375957489,3,1
896,9,0.04725921154022217,2,1
897,8,0.04536576817433039,3,1
898,5,0.05744416918605566,6,1
899,-17,0.09321547246405057,28,1
900,7,0.14842289872467518,4,1
901,-16,0.11418380215764046,7,0
902,7,0.04892528336495161,4,1
903,9,0.23041265085339546,2,1
904,7,0.0550491688773036,4,1
905,8,0.04890079175432523,3,1
906,10,0.0852368101477623,1,1
907,9,0.027582162991166115,2,1
908,6,0.13362247906625271,5,1
909,9,0.054589975625276566,2,1
910,9,0.1990213766694069,2,1
911,8,0.2176970113068819,3,1
912,9,0.06755782105028629,2,1
913,8,0.07201538234949112,3,1
914,7,0.04268211405724287,4,1
915,-10,0.021658537909388542,1,0
916,8,0.18490703093508878,3,1
917,9,0.03831763193011284,2,1
918,8,0.015988533074657123,3,1
919,-13,0.11312387185171247,24,1
920,6,0.09517077803611755,5,1
921,9,0.03608157718554139,2,1
922,-50,0.13801850002259017,50,0
923,8,0.07222536578774452,3,1
924,9,0.13123521208763123,2,1
925,10,0.05597507953643799,1,1
926,10,0.1252010017633438,1,1
927,7,0.10871045291423798,4,1
928,7,0.059152391739189625,4,1
929,8,0.19398911918203035,3,1
930,7,0.13687942642718554,4,1
931,8,0.16409199591726065,3,1
932,9,0.04589143581688404,2,1
933,-10,0.10926051437854767,1,0
934,5,0.11213661544024944,6,1
935,8,0.15837444737553596,3,1
936,9,0.020243799313902855,2,1
937,8,0.025779124970237415,3,1
938,7,0.13748913537710905,4,1
939,8,0.03151043256123861,3,1
940,6,0.04545706082135439,5,1
941,10,0.07207154482603073,1,1
942,10,0.05225980281829834,1,1
943,-14,0.05436411052942276,5,0
944,10,0.030938265845179558,1,1
945,8,0.1579661580423514,3,1
946,6,0.04311402700841427,5,1
947,8,0.039172825713952385,3,1
948,9,0.34795277565717697,2,1
949,9,0.019005549140274525,2,1
950,8,0.03187138090531031,3,1
951,7,0.04483643639832735,4,1
952,10,0.029315747320652008,1,1
953,8,0.15622848023970923,3,1
954,9,0.03831328172236681,2,1
955,7,0.0197230011690408,4,1
956,9,0.017572686076164246,2,1
957,8,0.05571123585104942,3,1
958,10,0.022869886830449104,1,1
959,10,0.44748979806900024,1,1
960,-23,0.12148378236109719,34,1
961,8,0.1270043427745501,3,1
962,10,0.035196226090192795,1,1
963,8,0.11939422910412152,3,1
964,9,0.03913865424692631,2,1
965,10,0.0544658899307251,1,1
966,9,0.07302597165107727,2,1
967,8,0.049782367423176765,3,1
968,10,0.029453013092279434,1,1
969,-10,0.04632027447223663,1,0
970,-50,0.11516671834513545,50,0
971,8,0.07343522583444913,3,1
972,8,0.16040203968683878,3,1
973,2,0.11593937584095532,9,1
974,7,0.05151910847052932,4,1
975,10,0.04647882282733917,1,1
976,8,0.05973477413256963,3,1
977,8,0.061276902755101524,3,1
978,9,0.039885399863123894,2,1
979,6,0.10557137969881296,5,1
980,10,0.02458428405225277,1,1
981,4,0.05554785326655422,7,1
982,6,0.07918369024991989,5,1
983,9,0.05445619486272335,2,1
984,9,0.045260367915034294,2,1
985,7,0.03181087365373969,4,1
986,10,0.03186482936143875,1,1
987,-33,0.10695125336166132,44,1
988,10,0.03905470296740532,1,1
989,8,0.17122825110952059,3,1
990,9,0.07461220771074295,2,1
991,8,0.08229410896698634,3,1
992,-20,0.0943664853431044,31,1
993,7,0.03789346758276224,4,1
994,9,0.034956807270646095,2,1
995,9,0.04119572043418884,2,1
996,10,0.02267509698867798,1,1
997,7,0.027364311274141073,4,1
998,6,0.10370127148926259,5,1
999,-11,0.35878558456897736,2,0
1000,9,0.03886232525110245,2,1
1,-11,0.04999629780650139,2,0
2,9,0.06895161420106888,2,1
3,9,0.07883275859057903,2,1
4,-11,0.34599361941218376,2,0
5,8,0.05268459456662337,3,1
6,7,0.24827859597280622,4,1
7,5,0.11405855355163415,6,1
8,10,0.07788063585758209,1,1
9,-50,0.1305017202347517,50,0
10,10,0.036490775644779205,1,1
11,8,0.0721089222157995,3,1
12,8,0.14186369006832442,3,1
13,9,0.08521110564470291,2,1
14,8,0.05207902813951174,3,1
15,-50,0.08060625802725553,50,0
16,8,0.1557737166682879,3,1
17,6,0.03770407624542713,5,1
18,9,0.05202556401491165,2,1
19,8,0.08572997152805328,3,1
20,9,0.11606179922819138,2,1
21,10,0.029249388724565506,1,1
22,8,0.04970191791653633,3,1
23,10,0.022960690781474113,1,1
24,10,0.031934238970279694,1,1
25,9,0.03409947268664837,2,1
26,8,0.028876733655730884,3,1
27,8,0.0348940355082353,3,1
28,9,0.028924803249537945,2,1
29,8,0.04798094742000103,3,1
30,8,0.049250723173220955,3,1
31,9,0.025840739719569683,2,1
32,9,0.17006436362862587,2,1
33,9,0.14712499268352985,2,1
34,10,0.022426288574934006,1,1
35,9,0.08117292635142803,2,1
36,9,0.024932963773608208,2,1
37,8,0.04380210116505623,3,1
38,6,0.05381705053150654,5,1
39,9,0.13636269606649876,2,1
40,8,0.05228335658709208,3,1
41,5,0.0430502292389671,6,1
42,7,0.054760849103331566,4,1
43,8,0.04294280894100666,3,1
44,10,0.33015894889831543,1,1
45,8,0.04646496226390203,3,1
46,8,0.048479991654555,3,1
47,9,0.14495773240923882,2,1
48,7,0.19558602198958397,4,1
49,8,0.15461997936169306,3,1
50,8,0.021999369685848553,3,1
51,8,0.05430065467953682,3,1
52,8,0.043887884666522346,3,1
53,6,0.05198976434767246,5,1
54,9,0.030756120570003986,2,1
55,6,0.1371888518333435,5,1
56,8,0.2459531252582868,3,1
57,5,0.07551758922636509,6,1
58,10,0.03745067119598389,1,1
59,10,0.04478074610233307,1,1
60,9,0.12392079085111618,2,1
61,7,0.0345315751619637,4,1
62,-12,0.2530611033240954,3,0
63,8,0.09952938308318456,3,1
64,9,0.025311128236353397,2,1
65,6,0.10016353540122509,5,1
66,9,0.019910814706236124,2,1
67,9,0.04040905088186264,2,1
68,10,0.02023553103208542,1,1
69,8,0.031720942817628384,3,1
70,7,0.04448437411338091,4,1
71,10,0.04517216607928276,1,1
72,9,0.04993954487144947,2,1
73,10,0.017433341592550278,1,1
74,7,0.04315681243315339,4,1
75,7,0.06099928170442581,4,1
76,-26,0.10337693123694729,17,0
77,9,0.0381929948925972,2,1
78,9,0.04942786693572998,2,1
79,8,0.05525471270084381,3,1
80,8,0.05765735109647115,3,1
81,9,0.05427132174372673,2,1
82,9,0.045033324509859085,2,1
83,8,0.27014770979682606,3,1
84,9,0.024810168892145157,2,1
85,6,0.09548989571630954,5,1
86,8,0.19300418347120285,3,1
87,9,0.04494550172239542,2,1
88,8,0.17195736120144525,3,1
89,8,0.11363260572155316,3,1
90,8,0.042763772110144295,3,1
91,7,0.03864062251523137,4,1
92,-20,0.13982319930988935,31,1
93,8,0.04832530332108339,3,1
94,10,0.022016869857907295,1,1
95,-1,0.04250627445677916,12,1
96,7,0.06733663380146027,4,1
97,9,0.27805774938315153,2,1
98,10,0.05169007182121277,1,1
99,10,0.03179622441530228,1,1
100,10,0.06906471401453018,1,1
101,7,0.03814635309390724,4,1
102,8,0.041329111283024154,3,1
103,9,0.026033383794128895,2,1
104,7,0.22929208725690842,4,1
105,9,0.053624384105205536,2,1
106,6,0.13804034590721131,5,1
107,10,0.07739778608083725,1,1
108,8,0.1576322422673305,3,1
109,10,0.38738277554512024,1,1
110,8,0.03235422012706598,3,1
111,7,0.279297896893695,4,1
112,9,0.034539809450507164,2,1
113,9,0.372565321624279,2,1
114,7,0.06421369733288884,4,1
115,8,0.1621501992146174,3,1
116,9,0.054597764275968075,2,1
117,9,0.42884528636932373,2,1
118,10,0.0311305969953537,1,1
119,10,0.010531198233366013,1,1
120,-50,0.0979489727690816,50,0
121,6,0.052290745079517365,5,1
122,10,0.06815417855978012,1,1
123,8,0.2242976458122333,3,1
124,8,0.11576311041911443,3,1
125,10,0.08176790177822113,1,1
126,7,0.041047463193535805,4,1
127,8,0.11256853987773259,3,1
128,7,0.09111767099238932,4,1
129,9,0.04780079424381256,2,1
130,7,0.14686249056831002,4,1
131,9,0.142998187802732,2,1
132,8,0.04969637468457222,3,1
133,8,0.05239911066989104,3,1
134,10,0.031607069075107574,1,1
135,10,0.0416373610496521,1,1
136,-24,0.09548659210226365,35,1
137,10,0.023458778858184814,1,1
138,1,0.07914851699024439,10,1
139,6,0.09421444609761238,5,1
140,6,0.04095280468463898,5,1
141,10,0.019096747040748596,1,1
142,10,0.013485906645655632,1,1
143,10,0.026384754106402397,1,1
144,9,0.04745892807841301,2,1
145,-12,0.09824585914611816,23,1
146,7,0.06068928726017475,4,1
147,9,0.05068951519206166,2,1
148,9,0.21044360473752022,2,1
149,5,0.06434595460693042,6,1
150,10,0.3614405691623688,1,1
151,6,0.05488169752061367,5,1
152,6,0.10393418334424495,5,1
153,5,0.0867827149728934,6,1
154,10,0.106163889169693,1,1
155,10,0.17934110760688782,1,1
156,-50,0.06322458202019333,50,0
157,7,0.047047375701367855,4,1
158,9,0.05590454116463661,2,1
159,7,0.04260699590668082,4,1
160,7,0.028933338820934296,4,1
161,4,0.045156817750207016,7,1
162,7,0.08462076587602496,4,1
163,10,0.01441324781626463,1,1
164,10,0.09783100336790085,1,1
165,8,0.07137493292490642,3,1
166,6,0.11264840140938759,5,1
167,7,0.061978975776582956,4,1
168,6,0.1884223349392414,5,1
169,6,0.06918236017227172,5,1
170,7,0.032397368689998984,4,1
171,9,0.02778786141425371,2,1
172,9,0.04206855222582817,2,1
173,7,0.057130360044538975,4,1
174,10,0.03729807585477829,1,1
175,6,0.040893756225705145,5,1
176,9,0.31928133964538574,2,1
177,10,0.4719026982784271,1,1
178,8,0.029737765590349834,3,1
179,3,0.12864477164112031,8,1
180,9,0.028097357600927353,2,1
181,7,0.03125812578946352,4,1
182,9,0.03460795804858208,2,1
183,9,0.09964846633374691,2,1
184,9,0.021395092830061913,2,1
185,10,0.08344919234514236,1,1
186,9,0.02039077877998352,2,1
187,10,0.02035588212311268,1,1
188,8,0.03963023858765761,3,1
189,10,0.02913578413426876,1,1
190,9,0.024247700348496437,2,1
191,8,0.2097387152413527,3,1
192,6,0.08721529357135296,5,1
193,7,0.13186033675447106,4,1
194,-25,0.09713159998257954,36,1
195,9,0.07572679594159126,2,1
196,9,0.041971126571297646,2,1
197,9,0.16278858669102192,2,1
198,8,0.05653516451517741,3,1
199,7,0.055788660887628794,4,1
200,7,0.06578206503763795,4,1
201,7,0.0918151056393981,4,1
202,7,0.10868082102388144,4,1
203,6,0.06772373467683793,5,1
204,8,0.04852789081633091,3,1
205,7,0.07594467140734196,4,1
206,9,0.04597021825611591,2,1
207,1,0.06764225699007512,10,1
208,8,0.18700662006934485,3,1
209,9,0.07963295094668865,2,1
210,6,0.13870715871453285,5,1
211,7,0.1102311285212636,4,1
212,10,0.08749465644359589,1,1
213,9,0.03340315539389849,2,1
214,8,0.057319835449258484,3,1
215,9,0.037595768459141254,2,1
216,9,0.09146091714501381,2,1
217,-15,0.07839672081172466,26,1
218,10,0.024515382945537567,1,1
219,1,0.12408146113157273,10,1
220,5,0.08522293406228225,6,1
221,8,0.08022346099217732,3,1
222,7,0.0626725610345602,4,1
223,6,0.11047057956457138,5,1
224,10,0.06535536050796509,1,1
225,10,0.036687031388282776,1,1
226,10,0.06543650478124619,1,1
227,8,0.1751470317443212,3,1
228,-50,0.09376624189317226,50,0
229,9,0.03784362133592367,2,1
230,10,0.08971431106328964,1,1
231,9,0.03492221049964428,2,1
232,9,0.11468720156699419,2,1
233,6,0.11444136798381806,5,1
234,6,0.05273028984665871,5,1
235,10,0.04491807892918587,1,1
236,-19,0.05454581671704849,30,1
237,9,0.0349957887083292,2,1
238,6,0.04956728219985962,5,1
239,6,0.04763056561350822,5,1
240,7,0.10950284916907549,4,1
241,10,0.03790537640452385,1,1
242,-30,0.07385032487715162,41,1
243,10,0.08717556297779083,1,1
244,8,0.07136191924413045,3,1
245,-18,0.08193127014513674,29,1
246,10,0.05295432731509209,1,1
247,8,0.1103425162533919,3,1
248,10,0.07680954039096832,1,1
249,9,0.1143234483897686,2,1
250,8,0.05651978279153506,3,1
251,7,0.059491191525012255,4,1
252,7,0.11432425258681178,4,1
253,7,0.057233368046581745,4,1
254,9,0.2519814996048808,2,1
255,10,0.02068081684410572,1,1
256,10,0.1230996698141098,1,1
257,6,0.0734969835728407,5,1
258,9,0.03705159015953541,2,1
259,2,0.1360296467319131,9,1
260,6,0.04563015848398209,5,1
261,8,0.09586150199174881,3,1
262,9,0.2814321406185627,2,1
263,10,0.04309177026152611,1,1
264,9,0.04685555025935173,2,1
265,6,0.12304490953683853,5,1
266,9,0.04126400873064995,2,1
267,10,0.2638605237007141,1,1
268,9,0.09156934916973114,2,1
269,9,0.1155960951000452,2,1
270,7,0.03928708750754595,4,1
271,9,0.0442226380109787,2,1
272,7,0.05594695615582168,4,1
273,7,0.10105334315449,4,1
274,-15,0.06468112949425212,26,1
275,10,0.09040753543376923,1,1
276,6,0.04938524775207043,5,1
277,7,0.08469570148736238,4,1
278,10,0.09316213428974152,1,1
279,8,0.04770711064338684,3,1
280,8,0.02782767390211423,3,1
281,-10,0.09423112869262695,1,0
282,8,0.04513660942514738,3,1
283,7,0.07995225302875042,4,1
284,7,0.10066867806017399,4,1
285,9,0.023182339034974575,2,1
286,5,0.07312516930202644,6,1
287,7,0.07382059842348099,4,1
288,9,0.06328625231981277,2,1
289,-27,0.10963993044079919,38,1
290,-2,0.04521534162072035,13,1
291,10,0.06553170084953308,1,1
292,10,0.03572586923837662,1,1
293,9,0.06578703597187996,2,1
294,-10,0.06027103587985039,1,0
295,7,0.054888784885406494,4,1
296,9,0.03445534314960241,2,1
297,9,0.040047296322882175,2,1
298,5,0.13812124418715635,6,1
299,9,0.032698553055524826,2,1
300,10,0.034029677510261536,1,1
301,7,0.03309359936974943,4,1
302,10,0.1425633579492569,1,1
303,10,0.40192991495132446,1,1
304,9,0.22435127198696136,2,1
305,6,0.21073580011725426,5,1
306,-14,0.05701084446161985,25,1
307,6,0.03730016350746155,5,1
308,7,0.06907814368605614,4,1
309,8,0.058232758194208145,3,1
310,-12,0.0961642142628198,23,1
311,-50,0.105550053473562,50,0
312,9,0.03728704713284969,2,1
313,9,0.04464694298803806,2,1
314,7,0.06391097046434879,4,1
315,8,0.07746502881248792,3,1
316,8,0.06163805350661278,3,1
317,8,0.11021051059166591,3,1
318,8,0.036717272674043976,3,1
319,8,0.03520498486856619,3,1
320,8,0.14556599563608566,3,1
321,8,0.1315052012602488,3,1
322,10,0.031355418264865875,1,1
323,6,0.03627685308456421,5,1
324,8,0.09230361257990201,3,1
325,9,0.1266965800896287,2,1
326,10,0.06356785446405411,1,1
327,10,0.02233317121863365,1,1
328,9,0.06929477769881487,2,1
329,10,0.0536205917596817,1,1
330,-20,0.036077933555299584,11,0
331,10,0.08867910504341125,1,1
332,9,0.10185148753225803,2,1
333,10,0.06223694607615471,1,1
334,8,0.055343277752399445,3,1
335,10,0.01376264076679945,1,1
336,8,0.053068225582440696,3,1
337,5,0.05636104599883159,6,1
338,8,0.027535568922758102,3,1
339,9,0.017690960317850113,2,1
340,9,0.38982386887073517,2,1
341,8,0.03319168152908484,3,1
342,7,0.09716024994850159,4,1
343,9,0.05155491456389427,2,1
344,8,0.038146973898013435,3,1
345,8,0.09561888997753461,3,1
346,9,0.02771539520472288,2,1
347,8,0.04710731407006582,3,1
348,9,0.025532178580760956,2,1
349,6,0.17453535795211791,5,1
350,8,0.04438859596848488,3,1
351,-29,0.10463210809975862,20,0
352,9,0.02850210200995207,2,1
353,5,0.101325496720771,6,1
354,10,0.407019704580307,1,1
355,8,0.026626139258344967,3,1
356,6,0.03693681992590427,5,1
357,10,0.018771769478917122,1,1
358,9,0.04895721096545458,2,1
359,7,0.04683611588552594,4,1
360,8,0.04395910228292147,3,1
361,10,0.05710167437791824,1,1
362,9,0.054319524206221104,2,1
363,-11,0.08821503411639821,22,1
364,7,0.09213273227214813,4,1
365,10,0.02338574081659317,1,1
366,10,0.020704496651887894,1,1
367,7,0.038213872350752354,4,1
368,-7,0.10183079985694753,18,1
369,9,0.057396307587623596,2,1
370,-10,0.038303837180137634,1,0
371,9,0.04683845490217209,2,1
372,9,0.026149893179535866,2,1
373,8,0.17338419953982034,3,1
374,-24,0.08939618271376405,35,1
375,9,0.08881138078868389,2,1
376,7,0.05213335156440735,4,1
377,7,0.0772315189242363,4,1
378,10,0.029593145474791527,1,1
379,4,0.057354921741144996,7,1
380,8,0.10786645238598187,3,1
381,8,0.019102057442069054,3,1
382,8,0.025109870359301567,3,1
383,8,0.07583992679913838,3,1
384,7,0.04350769054144621,4,1
385,7,0.02664523385465145,4,1
386,10,0.017605822533369064,1,1
387,7,0.03452366474084556,4,1
388,10,0.029814470559358597,1,1
389,8,0.25418520097931224,3,1
390,10,0.1903807818889618,1,1
391,9,0.024171246215701103,2,1
392,-12,0.08253825451854778,23,1
393,7,0.04998171655461192,4,1
394,9,0.02101378934457898,2,1
395,9,0.11079861596226692,2,1
396,10,0.08799093216657639,1,1
397,8,0.021826090291142464,3,1
398,9,0.03200782276690006,2,1
399,9,0.02263551577925682,2,1
400,6,0.026120209507644175,5,1
401,10,0.021121803671121597,1,1
402,-50,0.0809497201256454,50,0
403,6,0.08571508340537548,5,1
404,10,0.04358593374490738,1,1
405,0,0.13249916380101984,11,1
406,9,0.06514345481991768,2,1
407,5,0.06306639841447274,6,1
408,8,0.05034705251455307,3,1
409,10,0.3623194992542267,1,1
410,8,0.046638685589035354,3,1
411,10,0.06068016216158867,1,1
412,9,0.03782255947589874,2,1
413,9,0.04109719209372997,2,1
414,4,0.05997403444988387,7,1
415,7,0.030798421474173665,4,1
416,9,0.0794738382101059,2,1
417,9,0.08029872179031372,2,1
418,9,0.0940408743917942,2,1
419,9,0.09613220021128654,2,1
420,10,0.032734982669353485,1,1
421,-10,0.12193211168050766,1,0
422,9,0.07185866683721542,2,1
423,10,0.0781862884759903,1,1
424,9,0.07895353250205517,2,1
425,8,0.05104699730873108,3,1
426,7,0.08716602995991707,4,1
427,7,0.1492595956660807,4,1
428,9,0.06418251618742943,2,1
429,9,0.07906017825007439,2,1
430,9,0.0440314132720232,2,1
431,6,0.06463714335113764,5,1
432,-10,0.015822799876332283,1,0
433,9,0.037831551395356655,2,1
434,-15,0.059359875561382905,26,1
435,7,0.15552342822775245,4,1
436,9,0.03780635446310043,2,1
437,-15,0.11354300415573212,26,1
438,9,0.024362482130527496,2,1
439,8,0.22284048919876417,3,1
440,10,0.021233199164271355,1,1
441,6,0.07331965565681457,5,1
442,7,0.24396371003240347,4,1
443,10,0.2920321524143219,1,1
444,7,0.08631174033507705,4,1
445,9,0.038069712929427624,2,1
446,9,0.06304981466382742,2,1
447,10,0.09162954241037369,1,1
448,7,0.03008624934591353,4,1
449,10,0.017188355326652527,1,1
450,10,0.02208300307393074,1,1
451,10,0.02262159064412117,1,1
452,7,0.02447855891659856,4,1
453,8,0.35769388514260453,3,1
454,9,0.2357284976169467,2,1
455,-11,0.09703792970288884,22,1
456,9,0.04699878208339214,2,1
457,9,0.06766915507614613,2,1
458,10,0.05265822261571884,1,1
459,7,0.040448084473609924,4,1
460,7,0.031920610927045345,4,1
461,10,0.018009159713983536,1,1
462,9,0.020760122686624527,2,1
463,10,0.016018010675907135,1,1
464,8,0.020385560269157093,3,1
465,9,0.032049546018242836,2,1
466,-2,0.07326713691537197,13,1
467,10,0.04924027621746063,1,1
468,7,0.024286112748086452,4,1
469,9,0.021862467750906944,2,1
470,10,0.02579618990421295,1,1
471,-3,0.05221172688262803,14,1
472,10,0.014292258769273758,1,1
473,9,0.01539052976295352,2,1
474,-10,0.024857759475708008,1,0
475,8,0.03695917688310146,3,1
476,8,0.06312780703107516,3,1
477,6,0.15999453961849214,5,1
478,9,0.03248622361570597,2,1
479,0,0.10140534160150723,11,1
480,10,0.02792433463037014,1,1
481,3,0.03894758131355047,8,1
482,10,0.02802625298500061,1,1
483,6,0.10287658292800188,5,1
484,6,0.015825118217617274,5,1
485,10,0.017831549048423767,1,1
486,9,0.3314741160720587,2,1
487,9,0.053054033778607845,2,1
488,7,0.019148385850712657,4,1
489,10,0.023783808574080467,1,1
490,8,0.03478599712252617,3,1
491,9,0.01272506034001708,2,1
492,9,0.04765445925295353,2,1
493,6,0.06376194618642331,5,1
494,7,0.03322906559333205,4,1
495,8,0.011566225904971361,3,1
496,9,0.0751940943300724,2,1
497,7,0.018735504942014813,4,1
498,-16,0.09897728864517477,27,1
499,9,0.02190113067626953,2,1
500,10,0.016788272187113762,1,1
501,6,0.02798401713371277,5,1
502,5,0.25900846036771935,6,1
503,8,0.044835031032562256,3,1
504,8,0.02158467813084523,3,1
505,7,0.02741420455276966,4,1
506,10,0.03344195708632469,1,1
507,8,0.03908078900227944,3,1
508,9,0.05271664820611477,2,1
509,8,0.04539914429187775,3,1
510,9,0.04139506258070469,2,1
511,6,0.08558285087347031,5,1
512,10,0.04067414626479149,1,1
513,7,0.16341508785262704,4,1
514,10,0.040353599935770035,1,1
515,8,0.09441421863933404,3,1
516,7,0.036883533000946045,4,1
517,10,0.07635506987571716,1,1
518,9,0.01928502880036831,2,1
519,7,0.03104603895917535,4,1
520,8,0.04365626039604346,3,1
521,10,0.01176847517490387,1,1
522,9,0.020057433051988482,2,1
523,9,0.021507391706109047,2,1
524,10,0.011025408282876015,1,1
525,-12,0.07467687247401994,23,1
526,10,0.05638635531067848,1,1
527,9,0.028841602616012096,2,1
528,7,0.01968250283971429,4,1
529,8,0.03122544474899769,3,1
530,6,0.07542984783649445,5,1
531,-11,0.032915846148336474,22,1
532,8,0.04256644534567992,3,1
533,10,0.03583400696516037,1,1
534,-15,0.042292747395829514,26,1
535,7,0.031363846035674214,4,1
536,7,0.027027319185435772,4,1
537,7,0.028944493271410465,4,1
538,9,0.024644306860864162,2,1
539,10,0.024332160130143166,1,1
540,7,0.023728221305646002,4,1
541,8,0.03628752070168654,3,1
542,7,0.052622346207499504,4,1
543,8,0.027595918004711468,3,1
544,7,0.04726256453432143,4,1
545,6,0.03359549194574356,5,1
546,9,0.04533364623785019,2,1
547,8,0.019263704773038626,3,1
548,9,0.029441948980093002,2,1
549,9,0.018486399203538895,2,1
550,9,0.011690556071698666,2,1
551,8,0.030554842203855515,3,1
552,5,0.04129762543986241,6,1
553,8,0.08683840092271566,3,1
554,7,0.05532658938318491,4,1
555,6,0.058990595117211345,5,1
556,7,0.028026973363012075,4,1
557,9,0.04340212885290384,2,1
558,10,0.028190279379487038,1,1
559,6,0.032726939953863624,5,1
560,10,0.016340170055627823,1,1
561,8,0.020508195894459885,3,1
562,10,0.013167613185942173,1,1
563,9,0.036842335015535355,2,1
564,7,0.06502324156463146,4,1
565,10,0.01773964986205101,1,1
566,7,0.2128298489842564,4,1
567,8,0.017269490286707878,3,1
568,9,0.08538338635116816,2,1
569,9,0.030533811077475548,2,1
570,10,0.03414148464798927,1,1
571,10,0.033484894782304764,1,1
572,8,0.042493464425206184,3,1
573,7,0.05311246635392308,4,1
574,8,0.012011891230940819,3,1
575,8,0.04840962029993534,3,1
576,9,0.04984320513904095,2,1
577,7,0.019614386837929487,4,1
578,10,0.0450892373919487,1,1
579,10,0.04556160792708397,1,1
580,8,0.02270868265380462,3,1
581,6,0.04965706840157509,5,1
582,8,0.018306789298852284,3,1
583,7,0.028241189196705818,4,1
584,6,0.017328963428735734,5,1
585,9,0.0219544917345047,2,1
586,9,0.0278633926063776,2,1
587,10,0.03611627593636513,1,1
588,-14,0.056007837131619456,5,0
589,8,0.04258482406536738,3,1
590,7,0.1718033100478351,4,1
591,8,0.04371372361977895,3,1
592,8,0.030171059382458527,3,1
593,10,0.042941682040691376,1,1
594,5,0.04044824574763576,6,1
595,6,0.1267014503479004,5,1
596,10,0.04863839969038963,1,1
597,10,0.025799015536904335,1,1
598,9,0.011960740201175213,2,1
599,10,0.04202652722597122,1,1
600,6,0.04092748947441578,5,1
601,9,0.05295682605355978,2,1
602,8,0.19960629971077046,3,1
603,9,0.010371847078204155,2,1
604,6,0.1292907066643238,5,1
605,9,0.03969334624707699,2,1
606,8,0.021813245800634224,3,1
607,7,0.0181349809281528,4,1
608,9,0.03692692518234253,2,1
609,-11,0.08154279048639265,22,1
610,9,0.02136480901390314,2,1
611,7,0.025035054422914982,4,1
612,8,0.16846342633167902,3,1
613,7,0.01714458130300045,4,1
614,9,0.016533654183149338,2,1
615,7,0.023492732550948858,4,1
616,-10,0.0435560867190361,1,0
617,10,0.017085932195186615,1,1
618,2,0.02717560829801692,9,1
619,7,0.020857070107012987,4,1
620,7,0.014392954530194402,4,1
621,9,0.2076337579637766,2,1
622,9,0.2267168816179037,2,1
623,9,0.01594486366957426,2,1
624,9,0.2409978248178959,2,1
625,10,0.019546594470739365,1,1
626,9,0.05280762538313866,2,1
627,9,0.051911478862166405,2,1
628,7,0.1259240738581866,4,1
629,8,0.021612041629850864,3,1
630,10,0.015093846246600151,1,1
631,7,0.021255949744954705,4,1
632,10,0.010428700596094131,1,1
633,9,0.019978259224444628,2,1
634,8,0.02018071509276827,3,1
635,10,0.016473671421408653,1,1
636,9,0.02079033385962248,2,1
637,8,0.16650071119268736,3,1
638,10,0.013866270892322063,1,1
639,6,0.01893342100083828,5,1
640,9,0.030061857774853706,2,1
641,6,0.14474731031805277,5,1
642,9,0.023014318197965622,2,1
643,6,0.035434899479150773,5,1
644,10,0.02231578528881073,1,1
645,-48,0.05631052992808131,39,0
646,6,0.028826014325022697,5,1
647,8,0.033923630292216934,3,1
648,9,0.25945782102644444,2,1
649,10,0.03193854168057442,1,1
650,9,0.01052902266383171,2,1
651,10,0.020425288006663322,1,1
652,10,0.014471917413175106,1,1
653,7,0.024312633089721203,4,1
654,8,0.022017036254207294,3,1
655,9,0.015167571604251862,2,1
656,8,0.028745120701690514,3,1
657,8,0.020753524576624233,3,1
658,7,0.14473320078104734,4,1
659,7,0.11547927325591445,4,1
660,9,0.016790388617664576,2,1
661,7,0.020707058254629374,4,1
662,8,0.030068029028673966,3,1
663,9,0.03427824378013611,2,1
664,8,0.02718360411624114,3,1
665,9,0.02878459170460701,2,1
666,7,0.024808098562061787,4,1
667,9,0.02632889524102211,2,1
668,10,0.012954561039805412,1,1
669,10,0.024825001135468483,1,1
670,10,0.040124863386154175,1,1
671,8,0.02169124906261762,3,1
672,7,0.04253873787820339,4,1
673,9,0.014780406840145588,2,1
674,7,0.021268854616209865,4,1
675,6,0.031989560648798945,5,1
676,8,0.033205969259142876,3,1
677,10,0.030228035524487495,1,1
678,6,0.11142400279641151,5,1
679,9,0.010021579917520285,2,1
680,9,0.031090790405869484,2,1
681,8,0.09115057811141014,3,1
682,6,0.04262477122247219,5,1
683,10,0.04630522429943085,1,1
684,-15,0.07163034619476932,26,1
685,10,0.5354532599449158,1,1
686,6,0.047284319251775744,5,1
687,8,0.08326169351736705,3,1
688,5,0.1611492338900765,6,1
689,-13,0.033792550675570965,4,0
690,8,0.03417245298624039,3,1
691,9,0.10849447175860405,2,1
692,9,0.0240020127967,2,1
693,10,0.05205764248967171,1,1
694,9,0.043914297595620155,2,1
695,8,0.02357141487300396,3,1
696,9,0.021093355491757393,2,1
697,10,0.03765295073390007,1,1
698,6,0.020464372448623182,5,1
699,7,0.04428420215845108,4,1
700,6,0.037499303743243215,5,1
701,10,0.029367603361606598,1,1
702,9,0.264008603990078,2,1
703,-10,0.022277526557445526,1,0
704,9,0.19741630926728249,2,1
705,6,0.13913089260458947,5,1
706,8,0.07192761823534966,3,1
707,10,0.04809296503663063,1,1
708,10,0.02561461366713047,1,1
709,4,0.048161501064896584,7,1
710,8,0.04259354496995608,3,1
711,6,0.03094109483063221,5,1
712,6,0.12941618487238885,5,1
713,9,0.030772285535931587,2,1
714,7,0.032086473889648914,4,1
715,10,0.012692616321146488,1,1
716,10,0.024020735174417496,1,1
717,10,0.01840893365442753,1,1
718,9,0.02591517474502325,2,1
719,10,0.018401332199573517,1,1
720,10,0.038994576781988144,1,1
721,-11,0.4496816052123904,2,0
722,7,0.03563997242599726,4,1
723,9,0.057060088496655226,2,1
724,4,0.10076923202723265,7,1
725,9,0.1995685724541545,2,1
726,6,0.028380862437188625,5,1
727,9,0.0505441315472126,2,1
728,6,0.03523715175688267,5,1
729,8,0.06072974825898806,3,1
730,10,0.0346776582300663,1,1
731,9,0.03104595933109522,2,1
732,8,0.023501108090082806,3,1
733,8,0.03409839731951555,3,1
734,10,0.47503867745399475,1,1
735,10,0.03164028748869896,1,1
736,8,0.02000727007786433,3,1
737,-50,0.08073591219261289,50,0
738,8,0.02815207124998172,3,1
739,7,0.01647382415831089,4,1
740,-11,0.021630416624248028,2,0
741,8,0.01861638731012742,3,1
742,9,0.27072448562830687,2,1
743,8,0.15606307983398438,3,1
744,9,0.02672047819942236,2,1
745,8,0.1282252244030436,3,1
746,8,0.02581879465530316,3,1
747,6,0.0412071481347084,5,1
748,10,0.35207343101501465,1,1
749,-10,0.6942755579948425,1,0
750,3,0.06755418458487839,8,1
751,10,0.0501016229391098,1,1
752,9,0.009877812350168824,2,1
753,8,0.06787554438536365,3,1
754,8,0.012958573798338572,3,1
755,9,0.03772142715752125,2,1
756,7,0.018501403275877237,4,1
757,10,0.014895156025886536,1,1
758,7,0.012520771007984877,4,1
759,9,0.028632672503590584,2,1
760,10,0.029628142714500427,1,1
761,9,0.011227965354919434,2,1
762,9,0.01963229291141033,2,1
763,9,0.012148624751716852,2,1
764,9,0.01949016423895955,2,1
765,-32,0.10914490631846495,43,1
766,-3,0.06956272625497409,14,1
767,6,0.042260560765862466,5,1
768,-23,0.12055395084566303,14,0
769,6,0.027344004809856416,5,1
770,7,0.15858431160449982,4,1
771,8,0.11031067681809266,3,1
772,-54,0.0732854744212495,45,0
773,10,0.015718478709459305,1,1
774,7,0.032895442098379135,4,1
775,10,0.01982342079281807,1,1
776,8,0.16568632796406746,3,1
777,8,0.01605629175901413,3,1
778,10,0.3174952566623688,1,1
779,9,0.02389493864029646,2,1
780,-50,0.08326268520206213,50,0
781,10,0.0350324846804142,1,1
782,9,0.01795794372446835,2,1
783,8,0.08062925438086192,3,1
784,8,0.19011497870087624,3,1
785,7,0.03204192640259862,4,1
786,10,0.027396712452173233,1,1
787,7,0.1413290873169899,4,1
788,6,0.09221643023192883,5,1
789,7,0.02537038829177618,4,1
790,8,0.022866930191715557,3,1
791,-38,0.03281059151451136,29,0
792,8,0.019757801666855812,3,1
793,-9,0.08062168336473405,20,1
794,-17,0.09889385686255991,28,1
795,10,0.018008092418313026,1,1
796,7,0.02474747644737363,4,1
797,9,0.17623903881758451,2,1
798,9,0.06425026804208755,2,1
799,6,0.05899381637573242,5,1
800,6,0.1400106031447649,5,1
801,7,0.017744509736075997,4,1
802,9,0.007684112060815096,2,1
803,10,0.06446108222007751,1,1
804,7,0.033679969143122435,4,1
805,7,0.03267361572943628,4,1
806,8,0.04367434233427048,3,1
807,7,0.19465397205203772,4,1
808,10,0.07060496509075165,1,1
809,8,0.02485761729379495,3,1
810,9,0.050657857209444046,2,1
811,5,0.08777412384127577,6,1
812,10,0.034884147346019745,1,1
813,8,0.046317542592684426,3,1
814,9,0.33488356694579124,2,1
815,8,0.1044530738145113,3,1
816,4,0.10593316916908536,7,1
817,7,0.03352817893028259,4,1
818,8,0.20269550693531832,3,1
819,8,0.09787451227506001,3,1
820,8,0.1405257284641266,3,1
821,8,0.0926540916164716,3,1
822,-50,0.058399602565914394,50,0
823,10,0.01084334496408701,1,1
824,9,0.03212905954569578,2,1
825,9,0.26788951084017754,2,1
826,10,0.022420061752200127,1,1
827,9,0.11917413398623466,2,1
828,8,0.018794424831867218,3,1
829,7,0.06270678341388702,4,1
830,8,0.10076447762548923,3,1
831,8,0.035720016807317734,3,1
832,8,0.04981340405841669,3,1
833,-18,0.053632777055789685,29,1
834,9,0.05163717642426491,2,1
835,10,0.014460441656410694,1,1
836,7,0.030681852251291275,4,1
837,7,0.19862485863268375,4,1
838,10,0.03346377611160278,1,1
839,7,0.029723131097853184,4,1
840,-50,0.08593492463231087,50,0
841,9,0.03646340873092413,2,1
842,-22,0.04555153506666874,33,1
843,-4,0.1541497086485227,15,1
844,10,0.06950981169939041,1,1
845,-13,0.07562440583327164,24,1
846,6,0.029273196309804916,5,1
847,8,0.044527954732378326,3,1
848,10,0.037822965532541275,1,1
849,9,0.01618531928397715,2,1
850,8,0.030175819372137386,3,1
851,10,0.042336199432611465,1,1
852,8,0.28241411844889325,3,1
853,-36,0.06944441037411068,47,1
854,7,0.07611417211592197,4,1
855,10,0.046004585921764374,1,1
856,8,0.05587816300491492,3,1
857,8,0.03496248492350181,3,1
858,8,0.0511676532526811,3,1
859,10,0.03830453008413315,1,1
860,10,0.04478321969509125,1,1
861,9,0.07975838333368301,2,1
862,9,0.02247646264731884,2,1
863,10,0.03783306106925011,1,1
864,9,0.2864740788936615,2,1
865,9,0.0851395009085536,2,1
866,10,0.15230052173137665,1,1
867,8,0.043012662480274834,3,1
868,6,0.033928490430116656,5,1
869,8,0.05118567651758591,3,1
870,7,0.01689646253362298,4,1
871,9,0.22809162270277739,2,1
872,9,0.03635505214333534,2,1
873,9,0.07869211304932833,2,1
874,10,0.5045149326324463,1,1
875,8,0.0382998331139485,3,1
876,8,0.056425237407286964,3,1
877,10,0.044474538415670395,1,1
878,7,0.04330230876803398,4,1
879,7,0.018668239237740636,4,1
880,8,0.17005839385092258,3,1
881,5,0.058992649894207716,6,1
882,8,0.2112599859635035,3,1
883,-12,0.032196534176667534,3,0
884,6,0.09167028553783893,5,1
885,9,0.038710569962859154,2,1
886,7,0.03886739956215024,4,1
887,9,0.05217039957642555,2,1
888,7,0.023513292893767357,4,1
889,4,0.03243463792439018,7,1
890,9,0.030366729013621807,2,1
891,6,0.13335919119417666,5,1
892,8,0.17084033725162348,3,1
893,10,0.09028857946395874,1,1
894,10,0.07077644020318985,1,1
895,6,0.02861223928630352,5,1
896,7,0.04087813291698694,4,1
897,9,0.026541471481323242,2,1
898,3,0.10157924587838352,8,1
899,8,0.0447731955597798,3,1
900,10,0.03361275792121887,1,1
901,8,0.032697731629014015,3,1
902,9,0.036899419501423836,2,1
903,9,0.05985482223331928,2,1
904,9,0.022444618865847588,2,1
905,8,0.020503598575790722,3,1
906,8,0.02715529811878999,3,1
907,10,0.023295138031244278,1,1
908,9,0.034368776716291904,2,1
909,9,0.026195837184786797,2,1
910,9,0.019626587629318237,2,1
911,10,0.34307676553726196,1,1
912,3,0.045804976020008326,8,1
913,10,0.03513918071985245,1,1
914,10,0.030782248824834824,1,1
915,7,0.10036671627312899,4,1
916,6,0.06784523800015449,5,1
917,9,0.06254789233207703,2,1
918,10,0.031918756663799286,1,1
919,8,0.054242766151825585,3,1
920,10,0.01773707941174507,1,1
921,9,0.06073515862226486,2,1
922,9,0.03309748135507107,2,1
923,9,0.014903615228831768,2,1
924,7,0.01790762273594737,4,1
925,7,0.06474298285320401,4,1
926,8,0.06690642361839612,3,1
927,9,0.09413003548979759,2,1
928,5,0.044860795916368566,6,1
929,-13,0.034202399430796504,4,0
930,-7,0.0592005104602625,18,1
931,10,0.06183698773384094,1,1
932,9,0.06981120351701975,2,1
933,8,0.24110038578510284,3,1
934,9,0.19359896145761013,2,1
935,8,0.033100311954816185,3,1
936,-1,0.047584222784886755,12,1
937,5,0.09962284999589126,6,1
938,10,0.02715173177421093,1,1
939,8,0.050193946808576584,3,1
940,7,0.04938320443034172,4,1
941,9,0.06173191126435995,2,1
942,6,0.1333755474537611,5,1
943,-10,0.027715779840946198,1,0
944,9,0.029375426471233368,2,1
945,-10,0.044985003769397736,1,0
946,8,0.040325988084077835,3,1
947,9,0.04562224633991718,2,1
948,7,0.03213852131739259,4,1
949,10,0.024033907800912857,1,1
950,7,0.11354787414893508,4,1
951,9,0.056094447150826454,2,1
952,8,0.03546145868798097,3,1
953,7,0.11908874940127134,4,1
954,-3,0.148765290422099,14,1
955,9,0.033747632056474686,2,1
956,9,0.028334641829133034,2,1
957,7,0.04605405335314572,4,1
958,9,0.3700203001499176,2,1
959,6,0.07746754810214043,5,1
960,-50,0.08076666574925184,50,0
961,8,0.08349946575860183,3,1
962,8,0.05611138790845871,3,1
963,8,0.07899635906020801,3,1
964,8,0.06123244265715281,3,1
965,9,0.032576967030763626,2,1
966,9,0.0717033538967371,2,1
967,7,0.0880216509103775,4,1
968,8,0.05059734794000784,3,1
969,9,0.023633155040442944,2,1
970,10,0.04809696227312088,1,1
971,6,0.038623476028442384,5,1
972,9,0.06687804311513901,2,1
973,8,0.20386340407033762,3,1
974,7,0.06356441648676991,4,1
975,9,0.029255883302539587,2,1
976,8,0.20732621600230536,3,1
977,9,0.06396439112722874,2,1
978,6,0.029588032513856888,5,1
979,9,0.059522468596696854,2,1
980,7,0.04838779242709279,4,1
981,8,0.03902691602706909,3,1
982,8,0.08457301060358684,3,1
983,8,0.1487372306485971,3,1
984,8,0.058999013155698776,3,1
985,9,0.11397316679358482,2,1
986,8,0.09697105487187703,3,1
987,9,0.05941265728324652,2,1
988,7,0.04562847875058651,4,1
989,10,0.09279218316078186,1,1
990,9,0.03774115955457091,2,1
