episode,reward,loss,steps,success
1,-11,0.0,22,1
2,-50,0.3510278178969534,50,0
3,-10,0.16326144220130073,21,1
4,9,0.006439354503527284,2,1
5,-59,0.32420205340720715,50,0
6,-10,0.32138240337371826,1,0
7,7,0.3764388933777809,4,1
8,-20,0.31971366669712287,31,1
9,-29,0.40745467828819526,40,1
10,-27,0.2679843607689499,38,1
11,-18,0.45107236069937545,9,0
12,-30,0.26781192758963224,21,0
13,5,0.24384636462976536,6,1
14,-21,0.43585139693459496,32,1
15,-21,0.41339643724495545,32,1
16,5,0.5389562100172043,6,1
17,-21,0.44476441930358607,12,0
18,-50,0.4212244301661849,50,0
19,-10,0.47450468600505874,21,1
20,-15,0.22358844553430876,6,0
21,-16,0.46080435329565295,27,1
22,-26,0.43199921771883965,37,1
23,7,0.42890469171106815,4,1
24,-25,0.35431299544870853,16,0
25,10,0.23059552907943726,1,1
26,-25,0.4832562506198883,36,1
27,-11,0.4680113270878792,2,0
28,10,0.6568089127540588,1,1
29,10,0.059519365429878235,1,1
30,-23,0.501978167465755,14,0
31,-12,0.7439008342723051,3,0
32,3,0.5547556346282363,8,1
33,1,0.5086816355586052,10,1
34,10,0.06429900974035263,1,1
35,3,0.7753422744572163,8,1
36,-14,0.5615140780806541,5,0
37,0,0.5511295104568655,11,1
38,-15,0.3824784594277541,6,0
39,-20,0.8128732564774427,11,0
40,-10,0.47032713890075684,1,0
41,-29,0.5799327889457345,20,0
42,-15,0.5519855330483272,26,1
43,-50,0.5177323124557733,50,0
44,-25,0.6159609041642398,16,0
45,-11,0.38499532639980316,2,0
46,-31,0.48741145533594216,22,0
47,2,0.4828515284591251,9,1
48,-10,0.8887082934379578,1,0
49,-13,0.8117882572114468,4,0
50,-10,0.058218128979206085,1,0
51,-50,0.5160920980572701,50,0
52,-36,0.5320849144072445,27,0
53,-14,0.48578904271125795,5,0
54,-28,0.43400055601408605,19,0
55,-50,0.47486981123685834,50,0
56,-15,0.47972305935735887,26,1
57,-50,0.4339903912693262,50,0
58,2,0.400995141102208,9,1
59,-10,0.4065577983856201,1,0
60,0,0.5412294282154604,11,1
61,-10,0.15175382792949677,1,0
62,-2,0.4856969588077985,13,1
63,3,0.24504587287083268,8,1
64,-2,0.410910282857143,13,1
65,9,0.5702379271388054,2,1
66,-23,0.6413271342005048,14,0
67,6,0.6222277641296386,5,1
68,-16,0.5386727058461734,7,0
69,-10,0.5459802769834087,21,1
70,-7,0.5639113274713358,18,1
71,-13,0.3707940634340048,4,0
72,7,1.0216793715953827,4,1
73,-10,0.6403989195823669,1,0
74,4,0.4310038707086018,7,1
75,-21,0.6740175721546015,12,0
76,-25,0.42926740017719567,16,0
77,-12,0.6993310675024986,3,0
78,-50,0.514151806384325,50,0
79,-7,0.5736445577608215,18,1
80,-50,0.5332218559645117,50,0
81,-21,0.6660243039950728,12,0
82,7,0.3338570664636791,4,1
83,10,0.04136965423822403,1,1
84,3,0.466449806233868,8,1
85,-9,0.5625281635671854,20,1
86,-33,0.6333109725577136,24,0
87,-50,0.42226344387978315,50,0
88,-50,0.5508458904549479,50,0
89,-14,0.6103546242415905,25,1
90,-24,0.4242093083759149,15,0
91,-57,0.39746197472171235,48,0
92,-50,0.44938595939427617,50,0
93,-40,0.5895150463667608,31,0
94,9,0.1340459454804659,2,1
95,-10,0.3550567626953125,1,0
96,-11,0.35931138694286346,2,0
97,-2,0.5822788572941835,13,1
98,-58,0.5219673057447891,49,0
99,-16,0.5252984714295182,7,0
100,-34,0.5163833625614643,25,0
101,-24,0.6504886329174042,15,0
102,-17,0.5371916256844997,8,0
103,10,0.03152300417423248,1,1
104,-10,0.5452727754378602,21,1
105,-50,0.36350384511053563,50,0
106,-19,0.4988473903387785,10,0
107,-12,0.7895539651314417,3,0
108,-11,0.07957907021045685,2,0
109,-16,0.6205414294920586,27,1
110,-21,0.5505424144988259,12,0
111,10,0.07299094647169113,1,1
112,-50,0.439937980286777,50,0
113,-3,0.4166002550295421,14,1
114,-11,0.2809804454445839,2,0
115,-11,0.34076739847660065,2,0
116,-22,0.569178807182294,33,1
117,-15,0.546479873215923,26,1
118,-11,1.2678476125001907,2,0
119,5,0.6445940857132276,6,1
120,-19,0.587653324007988,10,0
121,-50,0.4400555320829153,50,0
122,-26,0.4590424091062125,17,0
123,-8,0.621914462431481,19,1
124,4,0.6458955478987524,7,1
125,-23,0.4937930120421307,14,0
126,-50,0.4869952604919672,50,0
127,-1,0.4778599189594388,12,1
128,10,0.5436958074569702,1,1
129,-2,0.4916190497863751,13,1
130,-50,0.6372440066188574,50,0
131,-12,0.5651352334281673,23,1
132,5,0.17751107613245645,6,1
133,-12,0.27315706635514897,3,0
134,-1,0.5256551631415883,12,1
135,-18,0.7750740378267236,9,0
136,6,0.3433872818946838,5,1
137,-21,0.6224308100839456,12,0
138,-15,0.46478393487632275,6,0
139,-50,0.44278449691832067,50,0
140,9,0.6475231032818556,2,1
141,-18,0.3896131304403146,9,0
142,-10,0.4653248190879822,1,0
143,-50,0.5238534990698099,50,0
144,-12,0.39374415268716606,23,1
145,-11,0.31921081990003586,2,0
146,-13,0.4508004294087489,24,1
147,-11,0.27312806621193886,2,0
148,-12,0.4080801109472911,3,0
149,7,0.8297790735960007,4,1
150,-24,0.3917063946525256,15,0
151,-16,0.15690777557236807,7,0
152,10,1.2176669836044312,1,1
153,8,0.3553602198759715,3,1
154,-4,0.28261570520699025,15,1
155,4,0.5676863385098321,7,1
156,-50,0.4338623009249568,50,0
157,-50,0.4383148017525673,50,0
158,-28,0.37313629382927166,19,0
159,6,0.2962446630001068,5,1
160,-4,0.6151943862438202,15,1
161,3,0.7332593570463359,8,1
162,9,1.0268664360046387,2,1
163,-6,0.4324718417928499,17,1
164,-11,0.5469684898853302,2,0
165,-15,0.38389235806579775,26,1
166,9,0.38153547048568726,2,1
167,-13,0.3571228673681617,4,0
168,-45,0.5471751247015264,36,0
169,10,0.6492693424224854,1,1
170,8,0.24708365773161253,3,1
171,-35,0.4682800411604918,26,0
172,-40,0.5668997849908567,31,0
173,-50,0.558958415389061,50,0
174,9,0.5086058154702187,2,1
175,-14,0.828598004579544,5,0
176,2,0.7426344015532069,9,1
177,-20,0.6097391820089384,11,0
178,-17,0.2841547052375972,8,0
179,-44,0.5167732029088906,35,0
180,8,0.5700472146272659,3,1
181,9,0.8824342265725136,2,1
182,-10,0.585497767531446,21,1
183,-16,0.6887281403221466,27,1
184,-11,1.7191365361213684,2,0
185,2,0.5373062797718577,9,1
186,10,0.0266457237303257,1,1
187,8,0.40210630496342975,3,1
188,6,0.7623264692723751,5,1
189,-11,0.5821057558059692,2,0
190,-50,0.6232987313345074,50,0
191,1,0.6006903186440468,10,1
192,5,0.6847126726061106,6,1
193,1,0.4534785345196724,10,1
194,10,0.04465671628713608,1,1
195,10,0.6815900206565857,1,1
196,9,0.9708042442798615,2,1
197,-50,0.5800807988271117,50,0
198,7,0.6356625147163868,4,1
199,8,0.9766075412432352,3,1
200,-10,0.019609345123171806,1,0
201,-11,0.4111899044364691,2,0
202,8,0.6570449024438858,3,1
203,-50,0.5847106495499611,50,0
204,-5,0.365116958739236,16,1
205,-10,2.2017135620117188,1,0
206,9,0.15893390029668808,2,1
207,-16,0.5408803602414471,7,0
208,-11,1.4429748058319092,2,0
209,-17,0.8087043832056224,8,0
210,-13,0.7792754285037518,4,0
211,-57,0.6075781828646237,48,0
212,-50,0.5375481956079602,50,0
213,4,0.7436737780060086,7,1
214,-9,0.4323524750769138,20,1
215,-25,0.7794281853130087,16,0
216,-20,0.5284689817238938,11,0
217,1,0.45129608996212484,10,1
218,-44,0.581240990119321,35,0
219,-13,0.6451406143605709,4,0
220,-17,0.6632075868546963,8,0
221,10,0.836063027381897,1,1
222,-11,0.9343306422233582,2,0
223,8,0.9782207409540812,3,1
224,-15,0.3392822283009688,6,0
225,-27,0.8136179861857703,38,1
226,5,0.20591820403933525,6,1
227,-50,0.7944430143386125,50,0
228,10,1.1179847717285156,1,1
229,-38,0.8027955339900379,29,0
230,-50,0.7864118200540543,50,0
231,-3,0.707460063376597,14,1
232,7,0.6079040989279747,4,1
233,-50,0.6626091206073761,50,0
234,-50,0.5257659462094307,50,0
235,-7,0.7016370971169736,18,1
236,-50,0.6751781245321036,50,0
237,-10,0.9978525638580322,1,0
238,9,0.4733864367008209,2,1
239,-10,0.21564236283302307,1,0
240,9,1.1800560057163239,2,1
241,-17,0.5940412692725658,8,0
242,10,0.6932637095451355,1,1
243,5,0.4154494379957517,6,1
244,6,0.9320968121290207,5,1
245,10,0.7378818392753601,1,1
246,6,0.2573980152606964,5,1
247,9,0.7814901918172836,2,1
248,-11,0.4501214325428009,2,0
249,-21,0.8740803574522337,12,0
250,-12,1.2136995991071065,3,0
251,-50,0.5154313078522682,50,0
252,-11,1.1144890785217285,2,0
253,-32,0.6219138620897781,43,1
254,-16,0.8670673987695149,7,0
255,-39,0.6356865607202054,30,0
256,-35,0.6391593120668245,46,1
257,7,0.7956488132476807,4,1
258,8,0.62656369805336,3,1
259,8,0.8180960019429525,3,1
260,-19,0.5487069614231587,10,0
261,-22,0.715800157819803,13,0
262,8,0.8645668625831604,3,1
263,-50,0.6895243516564369,50,0
264,-50,0.8433855989575386,50,0
265,0,0.5309627056121826,11,1
266,7,0.4313168190419674,4,1
267,-26,0.7934491590541952,17,0
268,-11,1.0322888791561127,2,0
269,-31,0.7227263193238865,22,0
270,-39,0.6560615000128746,50,1
271,8,0.25663312276204425,3,1
272,-12,0.5160345236460367,3,0
273,-50,0.5027895227819681,50,0
274,-2,0.5574085913025416,13,1
275,-19,0.8369333676993846,10,0
276,-4,0.550514601667722,15,1
277,3,0.7921037711203098,8,1
278,-13,0.7534964233636856,4,0
279,-50,0.5812840259075165,50,0
280,5,0.5459810756146908,6,1
281,3,0.7795615829527378,8,1
282,-30,0.44892021481479916,21,0
283,-7,0.4369880188670423,18,1
284,9,0.12198833748698235,2,1
285,10,0.7380202412605286,1,1
286,-14,0.4617819383740425,5,0
287,-50,0.6824553701281547,50,0
288,-50,0.4666653995960951,50,0
289,8,0.5532843669255575,3,1
290,10,0.14488820731639862,1,1
291,-8,0.5093850007182673,19,1
292,-38,0.7052400931715965,49,1
293,-18,0.6805949897087854,29,1
294,8,0.21349714696407318,3,1
295,-22,0.5520831400697882,33,1
296,-12,0.7304161141316096,3,0
297,-11,0.2631092146039009,2,0
298,-50,0.4874202256649733,50,0
299,8,0.8883394996325175,3,1
300,-12,0.5954164564609528,3,0
301,-14,0.5448758322000503,25,1
302,8,0.38885723054409027,3,1
303,10,0.16606128215789795,1,1
304,-12,0.3586549659570058,3,0
305,9,0.10406628251075745,2,1
306,-50,0.5709719363600015,50,0
307,10,0.6078155040740967,1,1
308,9,1.0150930881500244,2,1
309,9,0.6421524211764336,2,1
310,3,0.43383692018687725,8,1
311,-10,0.09568431973457336,1,0
312,-19,0.6125724330544472,10,0
313,-10,0.6320685148239136,1,0
314,-50,0.5890409789979458,50,0
315,-50,0.4132341279834509,50,0
316,10,0.691973090171814,1,1
317,-11,0.08830206096172333,2,0
318,9,0.2244892530143261,2,1
319,-50,0.4989200722426176,50,0
320,-24,0.5353078388742039,35,1
321,-50,0.329947020560503,50,0
322,-50,0.6270454256236553,50,0
323,-50,0.3361722167208791,50,0
324,-13,0.21969393827021122,4,0
325,9,0.06697670742869377,2,1
326,-10,0.5315786600112915,1,0
327,9,0.841168612241745,2,1
328,3,0.28190566156990826,8,1
329,10,0.400699257850647,1,1
330,10,0.3312113881111145,1,1
331,7,0.22518990188837051,4,1
332,-50,0.5535819662362337,50,0
333,-26,0.48685655481106527,37,1
334,-15,0.6671836376190186,26,1
335,-11,1.608916461467743,2,0
336,-10,0.5254599650700887,21,1
337,-16,0.4767151890056474,7,0
338,-50,0.4989428609609604,50,0
339,7,0.5857420414686203,4,1
340,5,0.5709205791354179,6,1
341,-22,0.6707580932057821,13,0
342,-11,0.8512784540653229,2,0
343,-14,0.5915188103914261,5,0
344,-22,0.6144617643545974,33,1
345,7,0.35866355802863836,4,1
346,-50,0.4350194049626589,50,0
347,-1,0.4999312063058217,12,1
348,10,1.0504955053329468,1,1
349,9,0.20798678696155548,2,1
350,3,0.3693088633008301,8,1
351,-16,0.5759710091407653,27,1
352,2,0.47156371114154655,9,1
353,4,0.7706553574119296,7,1
354,-15,0.6098020945986112,6,0
355,-25,0.5270458691132566,36,1
356,-26,0.6061984359009845,37,1
357,10,0.5967158675193787,1,1
358,-31,0.6987978358837691,22,0
359,-37,0.4563588732853532,28,0
360,8,0.4841887205839157,3,1
361,-10,0.5993810296058655,1,0
362,-50,0.5101268266141414,50,0
363,-5,0.6677163764834404,16,1
364,-17,0.44223844446241856,8,0
365,-37,0.5609605690198285,28,0
366,-50,0.5426802936196328,50,0
367,-13,0.5348074864596128,24,1
368,8,0.5294839690128962,3,1
369,-11,0.4068916290998459,2,0
370,-10,0.715639054775238,1,0
371,-50,0.563713256418705,50,0
372,9,0.3247631937265396,2,1
373,-16,0.4426611652252851,27,1
374,-50,0.49822310734540226,50,0
375,8,0.5715708384911219,3,1
376,-50,0.6153370705246926,50,0
377,-11,0.09639110416173935,2,0
378,7,0.37417812272906303,4,1
379,7,0.7825263701379299,4,1
380,10,0.5769455432891846,1,1
381,-10,0.8130214810371399,1,0
382,10,0.6246020793914795,1,1
383,7,0.4251417927443981,4,1
384,4,0.5272097417286464,7,1
385,-35,0.568252770946576,26,0
386,9,0.5725339353084564,2,1
387,-11,0.3094263933598995,2,0
388,9,0.8395571149885654,2,1
389,-24,0.5284707940050534,35,1
390,-17,0.47345874551683664,8,0
391,-12,0.2265996833642324,3,0
392,8,1.2504745125770569,3,1
393,-50,0.37461250871419904,50,0
394,9,0.38520266115665436,2,1
395,-21,0.49630872724810615,32,1
396,5,0.4406310245394707,6,1
397,-13,0.37083216368531186,24,1
398,6,0.43790687173604964,5,1
399,-50,0.5448093306273222,50,0
400,-19,0.4658798150718212,10,0
401,-50,0.4803446426987648,50,0
402,8,0.3085230737924576,3,1
403,-3,0.5681095960150871,14,1
404,-20,0.4116626022563827,31,1
405,-18,0.3607896740237872,9,0
406,7,0.5330081507563591,4,1
407,-21,0.433765205865105,12,0
408,6,0.24060251712799072,5,1
409,-9,0.47199547160416844,20,1
410,-50,0.47932880848646164,50,0
411,10,0.8390184640884399,1,1
412,-4,0.44161436557769773,15,1
413,-10,0.35786744952201843,1,0
414,-56,0.41237925587499397,47,0
415,-10,1.5292942523956299,1,0
416,5,0.44855923764407635,6,1
417,5,0.5165459004541239,6,1
418,10,0.08183738589286804,1,1
419,-50,0.5472401979565621,50,0
420,-24,0.35084385158760206,35,1
421,-10,0.40950423461340724,21,1
422,-50,0.5104610639810562,50,0
423,-33,0.5810501721094955,44,1
424,9,0.34194931387901306,2,1
425,-50,0.4390484588593245,50,0
426,-12,0.328276348610719,3,0
427,-50,0.398465181812644,50,0
428,-50,0.4397521810233593,50,0
429,-12,0.30837611357371014,3,0
430,9,0.5469077080488205,2,1
431,10,0.8026134371757507,1,1
432,8,0.4781672805547714,3,1
433,-31,0.5033609535206448,22,0
434,-50,0.523777523636818,50,0
435,-50,0.4917813267558813,50,0
436,-50,0.444528127014637,50,0
437,8,0.6020331233739853,3,1
438,-13,0.3247252395376563,4,0
439,-50,0.40787006117403507,50,0
440,-11,0.6251987144351006,2,0
441,10,0.018884308636188507,1,1
442,-50,0.5739725186675787,50,0
443,-50,0.5004153624176979,50,0
444,-50,0.4258541039377451,50,0
445,-18,0.3713966925339452,29,1
446,-50,0.41913060523569584,50,0
447,9,0.49944645166397095,2,1
448,-11,0.33364688232541084,2,0
449,9,0.13142037950456142,2,1
450,10,0.48859891295433044,1,1
451,-50,0.4437287425994873,50,0
452,-50,0.3724506659060717,50,0
453,-43,0.41710201913819595,34,0
454,-14,0.4431650584936142,25,1
455,7,0.26686202362179756,4,1
456,-50,0.3544537856429815,50,0
457,-26,0.4818524518872009,17,0
458,-10,0.18800638616085052,1,0
459,9,0.13795294612646103,2,1
460,1,0.2792461160570383,10,1
461,-44,0.3236509052770478,35,0
462,-50,0.36335257191210985,50,0
463,10,0.08272434771060944,1,1
464,2,0.25715533271431923,9,1
465,-50,0.37396866872906687,50,0
466,-8,0.33358004993121876,19,1
467,-50,0.3409316923469305,50,0
468,4,0.45352562836238314,7,1
469,-11,0.06240737438201904,2,0
470,10,0.20251011848449707,1,1
471,10,0.5192235112190247,1,1
472,7,0.3494294583797455,4,1
473,-50,0.35613371156156065,50,0
474,-11,0.4160200994123112,22,1
475,-13,0.15108062326908112,4,0
476,-11,0.15741988644003868,2,0
477,2,0.1940404698252678,9,1
478,10,0.5437867045402527,1,1
479,6,0.4614704132080078,5,1
480,4,0.3275908146585737,7,1
481,10,0.03804243355989456,1,1
482,-50,0.4101408623158932,50,0
483,-1,0.3436330755551656,12,1
484,8,0.3634082426627477,3,1
485,-10,0.5018255114555359,1,0
486,9,0.5291146896779537,2,1
487,-38,0.39660098958684475,49,1
488,-10,0.2827044725418091,1,0
489,-13,0.23835683893412352,24,1
490,-3,0.562790176964232,14,1
491,8,0.17121734221776327,3,1
492,-50,0.4389005009829998,50,0
493,9,0.18969079852104187,2,1
494,9,0.1586068794131279,2,1
495,-50,0.2831789183616638,50,0
496,4,0.4593826468501772,7,1
497,-50,0.29673780035227537,50,0
498,9,0.21126025915145874,2,1
499,-11,0.2156306803226471,2,0
500,-25,0.29431048853115904,36,1
501,7,0.157973175868392,4,1
502,-11,0.17284408956766129,2,0
503,9,0.295001819729805,2,1
504,-12,0.09697721898555756,3,0
505,7,0.49697865545749664,4,1
506,-50,0.2992402811348438,50,0
507,5,0.555669728666544,6,1
508,8,0.14261624962091446,3,1
509,-10,0.06544775515794754,1,0
510,10,0.24580636620521545,1,1
511,9,0.11477344296872616,2,1
512,-50,0.2999788527563214,50,0
513,-50,0.3104619116522372,50,0
514,-50,0.2529573157057166,50,0
515,-50,0.26248014871031045,50,0
516,-50,0.21743544714525342,50,0
517,-50,0.25846265863627194,50,0
518,9,0.17672250419855118,2,1
519,-2,0.23366783258433527,13,1
520,-50,0.24499331299215554,50,0
521,-15,0.28479980584234,6,0
522,-13,0.10995719954371452,4,0
523,-50,0.26807722317054866,50,0
524,-57,0.27638486159654957,48,0
525,9,0.07959812879562378,2,1
526,-22,0.19066556571333698,33,1
527,7,0.31240592524409294,4,1
528,10,0.8541585803031921,1,1
529,-55,0.33314538896893675,46,0
530,9,0.47093435004353523,2,1
531,-50,0.2514145271480083,50,0
532,-50,0.29930829282850024,50,0
533,-50,0.3292988213524222,50,0
534,6,0.30363074950873853,5,1
535,0,0.3024332059377974,11,1
536,-50,0.27555735282599925,50,0
537,-50,0.25507527008652686,50,0
538,-50,0.22899763278663157,50,0
539,-50,0.2826530810073018,50,0
540,-55,0.32963636817167635,46,0
541,9,0.10614835284650326,2,1
542,-11,0.19974353164434433,2,0
543,-3,0.14923568655337607,14,1
544,-50,0.2627162493392825,50,0
545,-18,0.3549453730470148,29,1
546,1,0.268781528621912,10,1
547,-10,0.05297820642590523,1,0
548,-50,0.2890201058238745,50,0
549,6,0.38000053763389585,5,1
550,-10,0.06095912307500839,1,0
551,9,0.2376493290066719,2,1
552,8,0.386656458179156,3,1
553,9,0.8853178322315216,2,1
554,-50,0.3253629846870899,50,0
555,-19,0.3180266631146272,30,1
556,-12,0.20720344285170236,3,0
557,-50,0.2287351107597351,50,0
558,-2,0.32207979605748105,13,1
559,9,0.1743893027305603,2,1
560,9,0.12851465493440628,2,1
561,4,0.5483494762863431,7,1
562,-30,0.2643619398700028,41,1
563,-20,0.27145677348298414,31,1
564,-50,0.18629784382879733,50,0
565,-1,0.44463468591372174,12,1
566,7,0.32404235284775496,4,1
567,-3,0.33111536875367165,14,1
568,10,0.5692996978759766,1,1
569,-10,0.0970623791217804,1,0
570,10,0.08188037574291229,1,1
571,10,1.3446786403656006,1,1
572,10,0.059008777141571045,1,1
573,-38,0.30122251462723526,49,1
574,-27,0.3442033322321044,18,0
575,-50,0.29564386054873465,50,0
576,-50,0.22878259200602769,50,0
577,9,0.3909533694386482,2,1
578,10,0.839860737323761,1,1
579,10,0.753061830997467,1,1
580,-11,0.5625878348946571,2,0
581,7,0.20844443142414093,4,1
582,-50,0.25171207055449485,50,0
583,10,0.03811091557145119,1,1
584,6,0.4591797053813934,5,1
585,-50,0.24333385229110718,50,0
586,10,0.07203157246112823,1,1
587,6,0.31350050717592237,5,1
588,7,0.5486656343564391,4,1
589,7,0.4236504975706339,4,1
590,-10,0.6142638921737671,1,0
591,-50,0.3294373743236065,50,0
592,-50,0.26594313111156226,50,0
593,-38,0.30080179683864117,49,1
594,-50,0.22518291484564543,50,0
595,-50,0.24909358639270068,50,0
596,-10,0.037142664194107056,1,0
597,8,0.09330960487325986,3,1
598,1,0.15125308008864521,10,1
599,10,0.2132444679737091,1,1
600,2,0.14856226721571553,9,1
601,8,0.1395790179570516,3,1
602,-50,0.21006475042551756,50,0
603,-42,0.2776673146608201,33,0
604,10,0.579418420791626,1,1
605,-15,0.21027167731275162,6,0
606,-11,0.5353550612926483,2,0
607,-50,0.35512403808534143,50,0
608,10,0.14608636498451233,1,1
609,4,0.28685601694243296,7,1
610,9,0.1370975524187088,2,1
611,8,0.1735548973083496,3,1
612,-50,0.30661801252514126,50,0
613,-10,0.06289028376340866,1,0
614,9,0.7288794666528702,2,1
615,-10,0.19468778371810913,1,0
616,9,0.3633594159036875,2,1
617,-50,0.46420593600720167,50,0
618,-50,0.37174090325832365,50,0
619,8,0.8839877595504125,3,1
620,-50,0.3087968235835433,50,0
621,-11,0.23466843366622925,2,0
622,-50,0.3539623149856925,50,0
623,-50,0.3078017344325781,50,0
624,8,0.5482088675101598,3,1
625,-50,0.32736230235546826,50,0
626,-11,0.15412448346614838,2,0
627,-11,0.70951908826828,2,0
628,6,0.2804707199335098,5,1
629,-10,0.018674947321414948,1,0
630,-50,0.28745642852038145,50,0
631,-35,0.34742021418945945,46,1
632,-23,0.3176705707412432,34,1
633,10,0.11976052820682526,1,1
634,-50,0.2902975487522781,50,0
635,9,0.10928819887340069,2,1
636,-50,0.32850648850202563,50,0
637,-34,0.3253697275908457,45,1
638,-11,0.23131652176380157,2,0
639,-36,0.3149406830879285,47,1
640,6,0.5136070013046264,5,1
641,10,0.3481719195842743,1,1
642,-12,0.29720550030469894,3,0
643,-50,0.2896028231829405,50,0
644,7,0.4158543748781085,4,1
645,0,0.3384022770280188,11,1
646,8,0.4015748103459676,3,1
647,-50,0.36711468890309334,50,0
648,-1,0.3721685092896223,12,1
649,10,0.08292718231678009,1,1
650,10,0.09976373612880707,1,1
651,-50,0.34725948628038167,50,0
652,9,0.42381758987903595,2,1
653,-11,0.17398522794246674,2,0
654,8,0.24262866377830505,3,1
655,-12,0.1833355501294136,3,0
656,-50,0.29460099097341297,50,0
657,7,0.36704252287745476,4,1
658,-50,0.31434991337358953,50,0
659,10,0.5596816539764404,1,1
660,-30,0.2532833966358406,41,1
661,9,0.4072831757366657,2,1
662,10,0.08429107069969177,1,1
663,-11,0.4579315856099129,2,0
664,-50,0.362901852093637,50,0
665,-50,0.3494996113330126,50,0
666,9,0.366836853325367,2,1
667,5,0.26389727741479874,6,1
668,-30,0.31992576112289256,41,1
669,-36,0.268738107161319,47,1
670,-24,0.2369488991264786,35,1
671,9,0.2840868979692459,2,1
672,8,0.13707537576556206,3,1
673,8,0.36925508578618366,3,1
674,-50,0.32594453483819963,50,0
675,-16,0.2600533299975925,27,1
676,-23,0.2475993960876675,34,1
677,-10,0.22653165459632874,1,0
678,9,0.17327617853879929,2,1
679,-18,0.22427740359100803,29,1
680,10,0.04856084659695625,1,1
681,9,0.22574157267808914,2,1
682,10,0.3456284701824188,1,1
683,9,0.5120216794312,2,1
684,-25,0.23362508840445015,36,1
685,-50,0.29560045517981054,50,0
686,9,0.46641411259770393,2,1
687,-37,0.3210663453986247,48,1
688,-50,0.3180388861522079,50,0
689,10,0.6915811896324158,1,1
690,-50,0.21035492692142724,50,0
691,10,0.21627891063690186,1,1
692,-42,0.2867434843245781,33,0
693,7,0.08072201907634735,4,1
694,9,0.665157787501812,2,1
695,10,0.0836065411567688,1,1
696,-50,0.24564919002354146,50,0
697,8,0.05298864593108495,3,1
698,10,0.11208291351795197,1,1
699,-24,0.24570826776325702,35,1
700,5,0.30073127150535583,6,1
701,9,0.20885543897747993,2,1
702,-39,0.21669755816459657,50,1
703,-10,1.4791408777236938,1,0
704,-13,0.3238414330407977,4,0
705,-27,0.16401901738227984,38,1
706,-50,0.2840097222849727,50,0
707,-39,0.266240383349359,50,1
708,-10,0.510896623134613,1,0
709,-10,0.3621265319663854,21,1
710,5,0.16840416363750896,6,1
711,-50,0.24790140252560378,50,0
712,-50,0.22959529172629117,50,0
713,10,0.02693137712776661,1,1
714,-33,0.2807630486363037,44,1
715,-50,0.33092281050980094,50,0
716,-50,0.2803128176368773,50,0
717,9,0.4728340804576874,2,1
718,-50,0.3635457891598344,50,0
719,-5,0.3312679259106517,16,1
720,-11,0.17707039415836334,2,0
721,4,0.5232539751699993,7,1
722,10,0.45498254895210266,1,1
723,6,0.44392685890197753,5,1
724,9,0.8775160312652588,2,1
725,10,0.42625948786735535,1,1
726,-50,0.3382602571696043,50,0
727,-50,0.2740017325244844,50,0
728,-50,0.31101519737392663,50,0
729,9,0.1184812393039465,2,1
730,8,0.9430379072825114,3,1
731,-50,0.28285520009696485,50,0
732,10,0.7863038778305054,1,1
733,8,0.48331592977046967,3,1
734,10,0.5103118419647217,1,1
735,-24,0.2929178632795811,35,1
736,9,0.6964678168296814,2,1
737,-11,0.4005287326872349,2,0
738,-10,0.16543079912662506,1,0
739,10,0.021573832258582115,1,1
740,-28,0.3023802691545242,39,1
741,10,0.11642502248287201,1,1
742,9,0.21585477143526077,2,1
743,8,0.5431883136431376,3,1
744,-2,0.2335551128937648,13,1
745,-6,0.32980512991985855,17,1
746,8,0.3868587662776311,3,1
747,8,0.2935104966163635,3,1
748,9,0.16811001859605312,2,1
749,7,0.33519745990633965,4,1
750,8,0.5819424738486608,3,1
751,-26,0.4271577151643263,37,1
752,10,0.2693932056427002,1,1
753,-2,0.4239398235311875,13,1
754,-50,0.3138324987888336,50,0
755,-50,0.3588510999083519,50,0
756,-21,0.4644571199314669,32,1
757,7,0.3716854900121689,4,1
758,-21,0.3775369424838573,32,1
759,9,0.9428654313087463,2,1
760,-13,0.46245962878068286,24,1
761,-50,0.37203496068716047,50,0
762,8,0.4618001679579417,3,1
763,10,0.28157103061676025,1,1
764,-10,0.12960703670978546,1,0
765,9,0.4203186556696892,2,1
766,-10,0.6718794703483582,1,0
767,-10,0.5722901821136475,1,0
768,8,0.46592902516325313,3,1
769,-46,0.4220592626244635,37,0
770,-7,0.3525987159874704,18,1
771,-34,0.5946495902538299,25,0
772,-17,0.4520461391657591,8,0
773,-6,0.4292444770827013,17,1
774,-50,0.3450131459534168,50,0
775,9,0.3730130195617676,2,1
776,-5,0.3055345546454191,16,1
777,10,0.2259329855442047,1,1
778,6,0.46290660053491595,5,1
779,7,0.38915256038308144,4,1
780,9,0.41746994853019714,2,1
781,-10,0.31643828465825036,21,1
782,9,0.20926111191511154,2,1
783,8,0.5386103689670563,3,1
784,-10,0.09156115353107452,1,0
785,-12,0.36594879378875095,3,0
786,9,0.8507820218801498,2,1
787,9,0.06246998906135559,2,1
788,4,0.3538197694080217,7,1
789,9,0.18557259440422058,2,1
790,10,0.7453514337539673,1,1
791,-50,0.34983269684016705,50,0
792,-32,0.3077130071645559,43,1
793,-13,0.36547966782624525,24,1
794,-12,0.46029897530873615,3,0
795,-50,0.3005479212850332,50,0
796,10,0.05253618583083153,1,1
797,3,0.1834192997775972,8,1
798,-50,0.4238696973770857,50,0
799,-4,0.24113129923741022,15,1
800,7,0.4295595996081829,4,1
801,10,0.18355204164981842,1,1
802,10,0.1227673590183258,1,1
803,9,0.28964902460575104,2,1
804,10,0.09729398787021637,1,1
805,-16,0.367404329556006,27,1
806,-50,0.32749255280941725,50,0
807,-50,0.37102904595434666,50,0
808,-11,0.17200754582881927,2,0
809,-21,0.39188015658874065,32,1
810,8,0.203031395872434,3,1
811,10,0.2583713233470917,1,1
812,-50,0.3098277324438095,50,0
813,-10,0.7804372906684875,1,0
814,8,0.36417513092358905,3,1
815,10,0.17277900874614716,1,1
816,-50,0.358351281657815,50,0
817,-50,0.29690580904483793,50,0
818,-10,0.09406033158302307,1,0
819,7,0.1925001018680632,4,1
820,9,0.13506528735160828,2,1
821,-50,0.30359335236251356,50,0
822,-50,0.34948617659509185,50,0
823,10,0.3339238166809082,1,1
824,-24,0.2905256262669961,15,0
825,-59,0.3784680702537298,50,0
826,-50,0.325291580632329,50,0
827,9,0.8281773328781128,2,1
828,-20,0.22756759035250834,31,1
829,10,0.03365587815642357,1,1
830,-50,0.24762128226459026,50,0
831,10,0.007965799421072006,1,1
832,-50,0.3178538617491722,50,0
833,-11,0.10413487628102303,2,0
834,-46,0.2766937995581208,37,0
835,10,0.024268101900815964,1,1
836,-13,0.5865342859178782,4,0
837,9,0.2979688420891762,2,1
838,7,0.24243204668164253,4,1
839,10,0.09671366959810257,1,1
840,-50,0.3838079247623682,50,0
841,10,0.4977083206176758,1,1
842,10,1.2194856405258179,1,1
843,-11,0.32074538652192464,22,1
844,-50,0.33755644351243974,50,0
845,10,0.03464219719171524,1,1
846,-50,0.36587279280647633,50,0
847,8,0.341672604282697,3,1
848,-50,0.35944758787751196,50,0
849,-50,0.33031361740082504,50,0
850,7,0.1344290440902114,4,1
851,9,0.1257224977016449,2,1
852,-19,0.2508921729400754,30,1
853,9,0.4827069491147995,2,1
854,-25,0.36350576227737796,36,1
855,5,0.44185473521550495,6,1
856,2,0.35374685956372154,9,1
857,9,0.16654696315526962,2,1
858,-30,0.292952830770186,21,0
859,-50,0.3714769461005926,50,0
860,8,0.26664363344510394,3,1
861,-32,0.2826379006323607,23,0
862,-10,0.12736643850803375,1,0
863,10,0.3239330053329468,1,1
864,9,0.12968522496521473,2,1
865,-18,0.2803031063542284,29,1
866,-10,0.26805970072746277,1,0
867,7,0.32965294644236565,4,1
868,-10,0.11531589925289154,1,0
869,-13,0.08616022253409028,4,0
870,9,0.0698341429233551,2,1
871,8,0.3072081555922826,3,1
872,-10,0.19213441014289856,1,0
873,9,0.8926914930343628,2,1
874,7,0.25783578492701054,4,1
875,10,0.18224045634269714,1,1
876,-9,0.26872689593583343,20,1
877,7,0.3085574693977833,4,1
878,-50,0.3892046867311001,50,0
879,-5,0.3671051999554038,16,1
880,5,0.4199560880661011,6,1
881,-50,0.2947167506068945,50,0
882,-35,0.30409747333480763,26,0
883,8,0.08111382524172465,3,1
884,-4,0.3562782329817613,15,1
885,-11,0.37657132744789124,2,0
886,8,0.48434462149937946,3,1
887,9,0.656812846660614,2,1
888,7,0.40225060284137726,4,1
889,-50,0.33298806224018335,50,0
890,7,0.4355652555823326,4,1
891,8,0.37257632116476697,3,1
892,10,0.3502418100833893,1,1
893,7,0.3456266522407532,4,1
894,10,0.7084935903549194,1,1
895,9,0.703535407781601,2,1
896,8,0.48819322387377423,3,1
897,8,0.2352326661348343,3,1
898,-10,0.5894112586975098,1,0
899,-50,0.29093376331031323,50,0
900,8,0.23223620653152466,3,1
901,9,0.32409437373280525,2,1
902,6,0.3829305678606033,5,1
903,-11,0.12286295741796494,2,0
904,-10,0.031526558101177216,1,0
905,-50,0.3679293652623892,50,0
906,-50,0.41800963811576364,50,0
907,7,0.2876885123550892,4,1
908,8,0.31335656344890594,3,1
909,8,0.4507515033086141,3,1
910,-50,0.32848267585039137,50,0
911,-14,0.4592497706413269,5,0
912,4,0.4093128442764282,7,1
913,10,0.8865362405776978,1,1
914,10,0.3135959506034851,1,1
915,8,0.21114614605903625,3,1
916,-22,0.2872497481152867,33,1
917,4,0.2652257968272482,7,1
918,10,0.09774178266525269,1,1
919,10,0.09524604678153992,1,1
920,-50,0.3240260134637356,50,0
921,6,0.2541112810373306,5,1
922,9,0.7937331795692444,2,1
923,8,0.5070128440856934,3,1
924,-12,0.11391011377175649,3,0
925,6,0.12748624458909036,5,1
926,-50,0.32020309843122957,50,0
927,-50,0.30308927558362486,50,0
928,-56,0.28822653019364847,47,0
929,-50,0.21641997907310725,50,0
930,8,0.35355337460835773,3,1
931,7,0.14086039643734694,4,1
932,-10,0.06834255158901215,1,0
933,-2,0.367761029360386,13,1
934,-50,0.25480463188141583,50,0
935,-17,0.35763950406440664,28,1
936,-10,0.17147120833396912,1,0
937,-28,0.21199381881608412,39,1
938,-39,0.21307913586497307,30,0
939,9,0.2620876133441925,2,1
940,-10,0.018085263669490814,1,0
941,9,0.060168858617544174,2,1
942,-50,0.1813443947955966,50,0
943,9,0.4080885350704193,2,1
944,-10,0.26170530915260315,1,0
945,6,0.19111822545528412,5,1
946,-11,0.3045031353831291,2,0
947,-10,0.1366436779499054,1,0
948,10,0.32100972533226013,1,1
949,10,0.17122718691825867,1,1
950,-50,0.22668987357988954,50,0
951,9,0.10560115054249763,2,1
952,-50,0.26723117027431725,50,0
953,-26,0.2695815282294879,37,1
954,9,0.2977645769715309,2,1
955,8,0.33910949528217316,3,1
956,8,0.15431256095568338,3,1
957,6,0.2516182605177164,5,1
958,9,0.3266197443008423,2,1
959,8,0.14983249207337698,3,1
960,3,0.15942712174728513,8,1
961,-25,0.22847751493100077,16,0
962,-10,0.25134024024009705,1,0
963,-50,0.2277318678610027,50,0
964,-23,0.23538233765533992,14,0
965,7,0.34142263047397137,4,1
966,-26,0.2154910033317031,37,1
967,-10,0.11899856477975845,1,0
968,-50,0.34616065979003907,50,0
969,-19,0.32860656852523484,30,1
970,-50,0.2991081915050745,50,0
971,7,0.46135449036955833,4,1
972,7,0.20433279313147068,4,1
973,8,0.16446839769681296,3,1
974,9,0.19123130291700363,2,1
975,-50,0.3061714148148894,50,0
976,9,0.1295795775949955,2,1
977,6,0.6409169375896454,5,1
978,-50,0.23940896056592464,50,0
979,5,0.34902549907565117,6,1
980,7,0.6373697314411402,4,1
981,-31,0.31278658538524595,42,1
982,-10,0.12555034458637238,1,0
983,-23,0.2376452643314705,34,1
984,8,0.21062063922484717,3,1
985,-50,0.27964370030909774,50,0
986,10,0.2557235062122345,1,1
987,10,0.14031752943992615,1,1
988,10,0.35225650668144226,1,1
989,10,0.6756184101104736,1,1
990,9,0.08356766030192375,2,1
991,9,0.36023062840104103,2,1
992,-12,0.6784675714249412,3,0
993,9,0.3312205299735069,2,1
994,8,0.22609011580546698,3,1
995,-16,0.2358121513216584,27,1
996,9,0.3054247908294201,2,1
997,-11,0.6040970087051392,2,0
998,8,0.10820818816622098,3,1
999,-10,0.014760616235435009,1,0
1000,-11,0.15092460811138153,2,0
1,6,0.23614513874053955,5,1
2,10,0.6523916125297546,1,1
3,9,0.41215120255947113,2,1
4,-50,0.3215446515381336,50,0
5,-50,0.3204397949576378,50,0
6,7,0.45317936316132545,4,1
7,1,0.24604595750570296,10,1
8,10,0.16535121202468872,1,1
9,-50,0.3780545576661825,50,0
10,8,0.15064511944850287,3,1
11,-11,0.29582832753658295,2,0
12,9,0.38257577270269394,2,1
13,-50,0.3949039755016565,50,0
14,-11,0.2886630240827799,2,0
15,10,0.18831446766853333,1,1
16,9,0.21649300307035446,2,1
17,7,0.25814009457826614,4,1
18,8,0.40772077441215515,3,1
19,7,0.3947843313217163,4,1
20,-10,0.4066128485969135,21,1
21,-30,0.346634476286609,41,1
22,7,0.33506645634770393,4,1
23,8,0.22883553554614386,3,1
24,-38,0.3328760487540644,49,1
25,8,0.23310212790966034,3,1
26,-50,0.32089910469949245,50,0
27,9,0.21372757852077484,2,1
28,10,0.36682331562042236,1,1
29,-33,0.35118519023738126,44,1
30,-10,0.06617742776870728,1,0
31,8,0.46911267439524335,3,1
32,-37,0.3605077494867146,48,1
33,-37,0.2709109823086432,28,0
34,10,0.7130283117294312,1,1
35,9,0.25853734463453293,2,1
36,8,0.15370042622089386,3,1
37,-13,0.25066453590989113,4,0
38,-50,0.38675511091947556,50,0
39,10,0.6000716686248779,1,1
40,4,0.3069635746734483,7,1
41,-10,0.3559848666191101,1,0
42,-18,0.31737301250298816,9,0
43,7,0.12772172782570124,4,1
44,-19,0.3526433438062668,30,1
45,-13,0.3133436553180218,4,0
46,-12,0.3292846878369649,3,0
47,8,0.429484228293101,3,1
48,9,0.28769607841968536,2,1
49,9,0.4002057909965515,2,1
50,-50,0.32104986980557443,50,0
51,9,0.16702400892972946,2,1
52,-10,0.513978123664856,1,0
53,10,0.2662046253681183,1,1
54,8,0.2317330241203308,3,1
55,-44,0.42077735662460325,35,0
56,-12,0.2931647342832192,23,1
57,-14,0.3109275108575821,25,1
58,-50,0.27943209022283555,50,0
59,1,0.2253764256834984,10,1
60,10,0.2224833369255066,1,1
61,-12,0.2786390135685603,3,0
62,9,0.2966492138803005,2,1
63,-50,0.33759601749479773,50,0
64,7,0.22499318793416023,4,1
65,-2,0.3357009177024548,13,1
66,-50,0.3056877817213535,50,0
67,-50,0.22620214875787498,50,0
68,-50,0.22516141198575496,50,0
69,-10,0.022313792258501053,1,0
70,10,0.34759801626205444,1,1
71,9,0.32521310448646545,2,1
72,8,0.23308282593886057,3,1
73,4,0.36990760266780853,7,1
74,-4,0.3047439306974411,15,1
75,-12,0.21772105495134988,3,0
76,10,0.4165065288543701,1,1
77,8,0.2982350140810013,3,1
78,-33,0.254940874564151,24,0
79,-50,0.27994053896516563,50,0
80,-50,0.21348908014595508,50,0
81,-10,0.17574551701545715,1,0
82,9,0.3861697241663933,2,1
83,10,0.15139305591583252,1,1
84,7,0.1296650767326355,4,1
85,-46,0.19757118126427806,37,0
86,-57,0.2574459604996567,48,0
87,-50,0.20604306645691395,50,0
88,-50,0.20665517587214707,50,0
89,9,0.12426109239459038,2,1
90,10,0.331956148147583,1,1
91,-11,0.24402372623709115,22,1
92,-50,0.1350669337436557,50,0
93,-8,0.229152678070884,19,1
94,-5,0.26383096841163933,16,1
95,6,0.19696832299232483,5,1
96,10,0.21762315928936005,1,1
97,-12,0.356135626633962,3,0
98,9,0.20589473843574524,2,1
99,-50,0.22849380689673127,50,0
100,8,0.321959321697553,3,1
101,9,0.20784611999988556,2,1
102,8,0.5184100766976675,3,1
103,-35,0.2373454833160276,46,1
104,-50,0.27360789481550457,50,0
105,-50,0.25657713811844585,50,0
106,-38,0.25637937344762746,49,1
107,8,0.2948140452305476,3,1
108,10,0.43568575382232666,1,1
109,10,0.08337076008319855,1,1
110,10,0.3442930281162262,1,1
111,-38,0.33588510132109634,49,1
112,6,0.23960580304265022,5,1
113,8,0.05527663417160511,3,1
114,-50,0.34778706496581435,50,0
115,9,0.23737711645662785,2,1
116,-50,0.2701089779660106,50,0
117,-50,0.257955823931843,50,0
118,-50,0.2674883692339063,50,0
119,10,0.036918431520462036,1,1
120,6,0.21330140382051468,5,1
121,-50,0.1957405110821128,50,0
122,9,0.04870446026325226,2,1
123,-12,0.346729576587677,3,0
124,8,0.1007030854622523,3,1
125,-10,0.585080087184906,1,0
126,-50,0.2855639466643333,50,0
127,-19,0.27398549218972523,30,1
128,-10,0.38332343101501465,1,0
129,8,0.32961078981558484,3,1
130,-12,0.30899470547835034,3,0
131,9,0.13749108463525772,2,1
132,-26,0.3100030435299551,37,1
133,8,0.11261754979689916,3,1
134,8,0.24977390840649605,3,1
135,10,0.3077326714992523,1,1
136,-14,0.28611389204859733,25,1
137,9,0.31305573880672455,2,1
138,6,0.44943512678146363,5,1
139,8,0.5203300515810648,3,1
140,8,0.24908573925495148,3,1
141,-34,0.2498448544078403,45,1
142,5,0.2877229352792104,6,1
143,8,0.2208963135878245,3,1
144,-10,0.42892828583717346,1,0
145,-12,0.3717722617413687,23,1
146,10,0.33186906576156616,1,1
147,9,0.4677693471312523,2,1
148,-10,0.06203228980302811,1,0
149,-12,0.31290199461838475,23,1
150,-10,0.2854401171207428,1,0
151,-50,0.4270716857910156,50,0
152,8,0.3184661927322547,3,1
153,-50,0.34655114509165286,50,0
154,9,0.2117975652217865,2,1
155,5,0.16896175841490427,6,1
156,9,0.3893253020942211,2,1
157,9,0.21183786913752556,2,1
158,10,0.09122560173273087,1,1
159,10,0.8264124393463135,1,1
160,10,0.40345627069473267,1,1
161,7,0.3018335737287998,4,1
162,4,0.3302948262010302,7,1
163,-50,0.29752532176673413,50,0
164,10,0.4146355986595154,1,1
165,9,0.24274498596787453,2,1
166,-18,0.268614095346681,29,1
167,-50,0.32375270783901217,50,0
168,6,0.2851627737283707,5,1
169,-50,0.290681708753109,50,0
170,-12,0.16883315394322077,3,0
171,10,0.3844788670539856,1,1
172,8,0.19138575593630472,3,1
173,-12,0.291760690510273,3,0
174,-10,0.11048018932342529,1,0
175,8,0.2694977621237437,3,1
176,0,0.15118094296617943,11,1
177,-50,0.30822988286614417,50,0
178,-50,0.284389066696167,50,0
179,-50,0.2925880733132362,50,0
180,8,0.11715702712535858,3,1
181,-11,0.14965077862143517,2,0
182,5,0.16022789229949316,6,1
183,9,0.2963823080062866,2,1
184,-50,0.27899430580437184,50,0
185,8,0.15190264334281287,3,1
186,-10,0.02485664188861847,1,0
187,-50,0.23238139253109694,50,0
188,-4,0.19754400302966435,15,1
189,-8,0.2553302579020199,19,1
190,9,0.18359952792525291,2,1
191,9,0.13606400042772293,2,1
192,9,0.3281242698431015,2,1
193,10,0.29684752225875854,1,1
194,9,0.354506716132164,2,1
195,8,0.123324250181516,3,1
196,5,0.1917375959455967,6,1
197,7,0.24473088700324297,4,1
198,8,0.24870453278223673,3,1
199,9,0.3519870638847351,2,1
200,3,0.23179568722844124,8,1
201,-50,0.3042509747296572,50,0
202,-32,0.26119591399680736,43,1
203,-10,0.20095784962177277,1,0
204,-11,0.31031033396720886,2,0
205,-10,0.30983302139100577,21,1
206,-9,0.26874150298535826,20,1
207,9,0.1272716112434864,2,1
208,-32,0.251609108259165,43,1
209,9,0.24415168724954128,2,1
210,10,0.41204628348350525,1,1
211,8,0.15501604353388151,3,1
212,-12,0.23557264606157938,3,0
213,10,0.14226873219013214,1,1
214,-50,0.2422991156205535,50,0
215,9,0.1716993898153305,2,1
216,-50,0.28739288149401543,50,0
217,9,0.2391181644052267,2,1
218,8,0.22903449771304926,3,1
219,10,0.07838672399520874,1,1
220,8,0.12274471546212833,3,1
221,7,0.15539087913930416,4,1
222,10,0.2189456820487976,1,1
223,9,0.36482709646224976,2,1
224,8,0.1228992473334074,3,1
225,-50,0.3133819096535444,50,0
226,4,0.31752065462725504,7,1
227,8,0.08983718355496724,3,1
228,-56,0.26869705513595266,47,0
229,-24,0.21686828876180309,35,1
230,-10,0.704761266708374,1,0
231,8,0.26127727578083676,3,1
232,-10,0.45515674352645874,1,0
233,6,0.18423094153404235,5,1
234,-50,0.2422163413092494,50,0
235,9,0.2225550040602684,2,1
236,6,0.28835206031799315,5,1
237,10,0.04107149690389633,1,1
238,10,0.28897780179977417,1,1
239,9,0.3334287405014038,2,1
240,7,0.2764229066669941,4,1
241,-8,0.35798466989868566,19,1
242,7,0.1211455762386322,4,1
243,9,0.3579839635640383,2,1
244,8,0.40413089096546173,3,1
245,-50,0.27703735042363403,50,0
246,9,0.5914227962493896,2,1
247,-39,0.36710693657398225,50,1
248,-50,0.2629370523244143,50,0
249,10,0.091163769364357,1,1
250,-10,0.06889384984970093,1,0
251,8,0.2561277101437251,3,1
252,-10,0.517949104309082,1,0
253,10,0.48040762543678284,1,1
254,-50,0.32495485819876196,50,0
255,-11,0.3047557733952999,22,1
256,8,0.15702734142541885,3,1
257,-12,0.3807327449321747,3,0
258,-50,0.2810909447446466,50,0
259,-11,0.4275369986214421,22,1
260,8,0.24192372957865396,3,1
261,-5,0.2972560144844465,16,1
262,-50,0.2915745573118329,50,0
263,9,0.06581157445907593,2,1
264,-50,0.32597443588078023,50,0
265,7,0.3206056859344244,4,1
266,-50,0.3752591839432716,50,0
267,10,0.13055849075317383,1,1
268,10,0.23829615116119385,1,1
269,-12,0.11593687037626903,3,0
270,9,0.6129972189664841,2,1
271,10,0.2817836403846741,1,1
272,-17,0.4059614473953843,8,0
273,-50,0.35415661204606297,50,0
274,-12,0.35786248246828717,3,0
275,-11,0.35580368543213065,22,1
276,-15,0.3594151119200083,26,1
277,10,0.13863606750965118,1,1
278,7,0.5116261169314384,4,1
279,5,0.35503224035104114,6,1
280,9,0.6381729692220688,2,1
281,-30,0.32386437838985804,21,0
282,-50,0.3658808740228415,50,0
283,7,0.38898034766316414,4,1
284,8,0.2433974693218867,3,1
285,-11,0.3055660277605057,2,0
286,7,0.4343218132853508,4,1
287,10,0.5517027974128723,1,1
288,-50,0.3317754516005516,50,0
289,5,0.23322129249572754,6,1
290,-27,0.2949868355338511,38,1
291,6,0.35418859124183655,5,1
292,8,0.25747781495253247,3,1
293,10,0.1832018792629242,1,1
294,8,0.19546428074439368,3,1
295,10,0.3569566607475281,1,1
296,-11,0.4689406603574753,2,0
297,10,0.159902423620224,1,1
298,10,0.4547373652458191,1,1
299,9,0.5704470574855804,2,1
300,-11,0.40724511444568634,2,0
301,-50,0.3532040487229824,50,0
302,-19,0.3051838743189971,30,1
303,-50,0.317302774861455,50,0
304,10,0.27937620878219604,1,1
305,10,0.2592952847480774,1,1
306,-50,0.29908333621919153,50,0
307,9,0.12242521345615387,2,1
308,-50,0.24350321501493455,50,0
309,-50,0.25845355555415156,50,0
310,-50,0.27308289043605327,50,0
311,9,0.3058353513479233,2,1
312,6,0.15224379748106004,5,1
313,7,0.1807347759604454,4,1
314,-21,0.23016826001306376,12,0
315,-50,0.23555636495351792,50,0
316,-50,0.23028098776936531,50,0
317,-33,0.22942798237570308,44,1
318,-32,0.19176445520201393,43,1
319,-50,0.2184518288075924,50,0
320,10,0.46109116077423096,1,1
321,8,0.31304121265808743,3,1
322,8,0.17487245549758276,3,1
323,-10,0.1964211580121801,21,1
324,-10,0.06536094099283218,1,0
325,-32,0.2193912936504497,43,1
326,-50,0.17975588832050562,50,0
327,-50,0.15840103946626186,50,0
328,-50,0.15735875323414802,50,0
329,8,0.08766236218313377,3,1
330,10,0.10389670729637146,1,1
331,8,0.04223229239384333,3,1
332,-50,0.16848681561648846,50,0
333,8,0.13476655880610147,3,1
334,8,0.25682921210924786,3,1
335,-10,0.16249901056289673,1,0
336,-10,0.4264962375164032,1,0
337,2,0.17898248136043549,9,1
338,9,0.08510268107056618,2,1
339,7,0.09783859737217426,4,1
340,8,0.10281127753357093,3,1
341,-28,0.18542218363533416,39,1
342,-28,0.2055909788530124,19,0
343,-31,0.2005496959734176,42,1
344,-5,0.11650515510700643,16,1
345,9,0.08702793717384338,2,1
346,-27,0.18025444340156882,38,1
347,-50,0.20211004002019764,50,0
348,8,0.08591152913868427,3,1
349,-14,0.11497626081109047,5,0
350,5,0.1632782293794056,6,1
351,-10,0.03217741474509239,1,0
352,5,0.18689098116010427,6,1
353,-50,0.21784829743206502,50,0
354,-7,0.16802389692101213,18,1
355,-50,0.2533312413841486,50,0
356,9,0.26137030869722366,2,1
357,8,0.09265222990264495,3,1
358,9,0.3819984197616577,2,1
359,0,0.2497050901028243,11,1
360,6,0.13725824356079103,5,1
361,8,0.22208819290002188,3,1
362,-50,0.25007722813636063,50,0
363,9,0.10493231937289238,2,1
364,-14,0.3609344355762005,5,0
365,2,0.1863235965785053,9,1
366,7,0.1398992482572794,4,1
367,-50,0.2577253369987011,50,0
368,-50,0.2652188031375408,50,0
369,7,0.346135251224041,4,1
370,-15,0.22449316456913948,6,0
371,9,0.3197983354330063,2,1
372,9,0.305781327188015,2,1
373,9,0.1372717171907425,2,1
374,6,0.1677727669477463,5,1
375,-50,0.28416568368673323,50,0
376,-50,0.2315708540380001,50,0
377,-27,0.2461205439053868,38,1
378,10,0.49023497104644775,1,1
379,-11,0.11228942684829235,2,0
380,9,0.4603442884981632,2,1
381,-26,0.3002161717898137,37,1
382,8,0.21869740386803946,3,1
383,6,0.27823601067066195,5,1
384,7,0.17315424885600805,4,1
385,-3,0.2753607662660735,14,1
386,9,0.536231055855751,2,1
387,8,0.21066117783387503,3,1
388,10,0.5184958577156067,1,1
389,-50,0.24617959767580033,50,0
390,-10,0.15204979479312897,1,0
391,-50,0.29114550866186617,50,0
392,9,0.19601936265826225,2,1
393,-9,0.2016112247481942,20,1
394,9,0.13229326903820038,2,1
395,-12,0.49497973918914795,3,0
396,9,0.32091767340898514,2,1
397,10,0.1968395709991455,1,1
398,9,0.06955829448997974,2,1
399,-50,0.19245248802006246,50,0
400,10,0.5621395111083984,1,1
401,-27,0.2554112983246644,18,0
402,9,0.31558506190776825,2,1
403,-50,0.23103596851229669,50,0
404,-50,0.23019350484013557,50,0
405,8,0.5694953501224518,3,1
406,10,0.4474645256996155,1,1
407,-11,0.17878136783838272,2,0
408,-18,0.2035050888856252,9,0
409,10,0.06336071342229843,1,1
410,0,0.3077158684080297,11,1
411,10,0.13882726430892944,1,1
412,9,0.21707292646169662,2,1
413,7,0.18030119873583317,4,1
414,-21,0.25329905313750106,12,0
415,8,0.22343568752209345,3,1
416,7,0.4162278026342392,4,1
417,-10,0.25706180930137634,1,0
418,-50,0.28843379065394403,50,0
419,10,0.08998636901378632,1,1
420,-11,0.29114966839551926,2,0
421,9,0.1590481223538518,2,1
422,7,0.354696623980999,4,1
423,7,0.3226487599313259,4,1
424,7,0.20520447008311749,4,1
425,10,0.27248015999794006,1,1
426,8,0.23554331064224243,3,1
427,-53,0.3411518399688331,44,0
428,-28,0.29936511394305104,39,1
429,9,0.33895325660705566,2,1
430,10,0.2665131092071533,1,1
431,-10,0.4366683065891266,1,0
432,-50,0.29216825298964977,50,0
433,-20,0.2693226642666324,31,1
434,7,0.4321836307644844,4,1
435,-15,0.3002646075418362,26,1
436,-10,0.35279522907166255,21,1
437,9,0.24611937999725342,2,1
438,-11,0.22548097372055054,2,0
439,9,0.39094334840774536,2,1
440,-12,0.27852366864681244,3,0
441,-22,0.22957063432444225,33,1
442,-14,0.297035226225853,5,0
443,8,0.15311325838168463,3,1
444,9,0.2654537633061409,2,1
445,9,0.054314328357577324,2,1
446,7,0.31393367797136307,4,1
447,-10,0.20366635918617249,1,0
448,9,0.5615080893039703,2,1
449,8,0.41339004039764404,3,1
450,-10,0.28689396949041457,21,1
451,-12,0.1816290815671285,3,0
452,9,0.07418791204690933,2,1
453,4,0.1691064595111779,7,1
454,10,0.6689716577529907,1,1
455,-50,0.29185668751597404,50,0
456,6,0.4605556637048721,5,1
457,6,0.26233949065208434,5,1
458,9,0.3923743814229965,2,1
459,7,0.24460887908935547,4,1
460,-2,0.39967433305887073,13,1
461,8,0.44339131315549213,3,1
462,9,0.37598100304603577,2,1
463,8,0.20790797596176466,3,1
464,8,0.22214811543623605,3,1
465,8,0.09076005220413208,3,1
466,-50,0.3304172157496214,50,0
467,9,0.4719502553343773,2,1
468,-34,0.3094514567818907,45,1
469,0,0.2268244752829725,11,1
470,10,0.1067006066441536,1,1
471,-50,0.25444859340786935,50,0
472,7,0.25052523240447044,4,1
473,-10,0.11219014972448349,1,0
474,8,0.3041781932115555,3,1
475,-17,0.2704082422756723,28,1
476,10,0.18705764412879944,1,1
477,-20,0.28749456977651966,31,1
478,-25,0.23537272535678413,36,1
479,-20,0.24802155860445715,11,0
480,8,0.2744647065798442,3,1
481,8,0.24631596356630325,3,1
482,7,0.22301671281456947,4,1
483,-17,0.23652333114296198,28,1
484,-50,0.27338662825524807,50,0
485,10,0.25359466671943665,1,1
486,-18,0.20668450871418262,29,1
487,9,0.13758451864123344,2,1
488,-50,0.24353054020553827,50,0
489,7,0.1341795213520527,4,1
490,10,0.04743019491434097,1,1
491,10,0.6081380248069763,1,1
492,-39,0.2556104817986488,50,1
493,-36,0.2636685437978582,47,1
494,9,0.699350893497467,2,1
495,-50,0.3040248496830463,50,0
496,-50,0.23669644698500633,50,0
497,-50,0.24923446595668794,50,0
498,2,0.2782841208908293,9,1
499,8,0.2450158248345057,3,1
500,8,0.13318699598312378,3,1
501,9,0.20742148160934448,2,1
502,10,0.48291629552841187,1,1
503,-50,0.20141426391899586,50,0
504,8,0.38247741262118023,3,1
505,9,0.29677435755729675,2,1
506,-11,0.15095679461956024,2,0
507,-12,0.3503829203546047,3,0
508,8,0.43242038289705914,3,1
509,8,0.7136207818984985,3,1
510,-16,0.2773046661168337,27,1
511,-11,0.29426198452711105,2,0
512,10,0.5005245208740234,1,1
513,-10,0.4342627227306366,1,0
514,9,0.32257726043462753,2,1
515,6,0.32879754304885866,5,1
516,-50,0.2633303718268871,50,0
517,6,0.29634793996810915,5,1
518,10,0.31369635462760925,1,1
519,-51,0.32726849903840394,42,0
520,10,0.6944484114646912,1,1
521,-11,0.12811921909451485,2,0
522,-58,0.32017005272969906,49,0
523,10,0.7215005159378052,1,1
524,-50,0.3631763562373817,50,0
525,7,0.46574658900499344,4,1
526,10,0.3272903859615326,1,1
527,9,0.31897274032235146,2,1
528,-15,0.3817386460992006,26,1
529,9,0.3919535093009472,2,1
530,-50,0.3463501273095608,50,0
531,-26,0.3905320064844312,37,1
532,-23,0.3093688899979872,34,1
533,-13,0.23279245430603623,24,1
534,9,0.15515118837356567,2,1
535,-11,0.315307155251503,2,0
536,-18,0.35394211421752797,29,1
537,-17,0.35786035204572336,28,1
538,-11,0.5807816162705421,2,0
539,10,0.16891855001449585,1,1
540,8,0.4222224752108256,3,1
541,6,0.2835099458694458,5,1
542,10,0.22735901176929474,1,1
543,-10,0.3436952829360962,1,0
544,8,0.15957159797350565,3,1
545,7,0.2429920844733715,4,1
546,10,0.20191502571105957,1,1
547,9,0.3395727425813675,2,1
548,-50,0.3585588801652193,50,0
549,10,0.10941725224256516,1,1
550,8,0.6389696548382441,3,1
551,10,0.06259860098361969,1,1
552,7,0.2499755434691906,4,1
553,7,0.23902039974927902,4,1
554,-50,0.36163418397307395,50,0
555,-37,0.302827852157255,48,1
556,10,0.6644027233123779,1,1
557,-7,0.32496988276640576,18,1
558,10,0.21528908610343933,1,1
559,9,0.43502897769212723,2,1
560,7,0.25132498145103455,4,1
561,-8,0.3055626722542863,19,1
562,-50,0.3048180852085352,50,0
563,8,0.388145590821902,3,1
564,-50,0.3075477485358715,50,0
565,9,0.3137113153934479,2,1
566,0,0.34265629879452963,11,1
567,-12,0.2606692024223182,23,1
568,-33,0.2661565197631717,44,1
569,8,0.231474240620931,3,1
570,8,0.49857360621293384,3,1
571,8,0.25646746903657913,3,1
572,7,0.2526800036430359,4,1
573,8,0.2953180621067683,3,1
574,9,0.45075707510113716,2,1
575,-36,0.35072502742211026,27,0
576,8,0.18840286632378897,3,1
577,6,0.31339060962200166,5,1
578,-10,0.6176062226295471,1,0
579,10,0.1309199184179306,1,1
580,-11,0.27098987996578217,2,0
581,-34,0.25134953707456587,45,1
582,9,0.17114827781915665,2,1
583,-6,0.23896615075714447,17,1
584,7,0.3221434187144041,4,1
585,-23,0.23585303522208156,34,1
586,10,0.17774119973182678,1,1
587,-50,0.30601088285446165,50,0
588,-16,0.28929005935788155,7,0
589,8,0.2732785642147064,3,1
590,10,0.2968684434890747,1,1
591,9,0.1208914965391159,2,1
592,-50,0.21033585198223592,50,0
593,-50,0.24363796673715116,50,0
594,10,0.20389844477176666,1,1
595,10,0.19437262415885925,1,1
596,-58,0.209782354001488,49,0
597,-50,0.1653003086335957,50,0
598,9,0.26139289885759354,2,1
599,10,0.33783382177352905,1,1
600,8,0.25702743356426555,3,1
601,-11,0.20303867012262344,2,0
602,10,0.04264106601476669,1,1
603,-23,0.2445179980029078,34,1
604,-29,0.1704621552489698,40,1
605,1,0.18298890069127083,10,1
606,-35,0.20052165509727987,46,1
607,-50,0.18512762382626533,50,0
608,-21,0.20667881906653443,12,0
609,9,0.30613138154149055,2,1
610,-29,0.2430921310093254,40,1
611,-10,0.17040741443634033,1,0
612,-20,0.22253243372805656,31,1
613,7,0.1782742626965046,4,1
614,9,0.14123353362083435,2,1
615,-50,0.20741764259524642,50,0
616,7,0.17574762180447578,4,1
617,-10,0.41987720131874084,1,0
618,-13,0.12641520984470844,4,0
619,-51,0.22071909283598265,42,0
620,10,0.10440665483474731,1,1
621,-32,0.186511434798757,43,1
622,3,0.24987008702009916,8,1
623,10,0.14973285794258118,1,1
624,6,0.22691147774457932,5,1
625,-50,0.2321713214367628,50,0
626,-50,0.21784524191170931,50,0
627,10,0.21226420998573303,1,1
628,-50,0.1646201791241765,50,0
629,-23,0.30054024835665,34,1
630,10,0.2244117558002472,1,1
631,9,0.06485546566545963,2,1
632,-19,0.2214989565933744,30,1
633,7,0.2070312201976776,4,1
634,7,0.24701793864369392,4,1
635,-50,0.19815777684096247,50,0
636,8,0.3386827806631724,3,1
637,8,0.4295700987180074,3,1
638,8,0.36301753173271817,3,1
639,8,0.17441954215367636,3,1
640,7,0.26524971053004265,4,1
641,6,0.24937711507081986,5,1
642,6,0.30757383704185487,5,1
643,10,0.45059266686439514,1,1
644,-10,0.3286641538143158,1,0
645,10,0.0970957949757576,1,1
646,8,0.5872959991296133,3,1
647,9,0.3188260495662689,2,1
648,10,0.18081168830394745,1,1
649,10,0.12823456525802612,1,1
650,-13,0.2905461275950074,4,0
651,10,0.03194371610879898,1,1
652,9,0.267938818782568,2,1
653,5,0.2274678130634129,6,1
654,4,0.42253291606903076,7,1
655,-50,0.3104630671069026,50,0
656,-19,0.24570949375629425,10,0
657,7,0.3813006617128849,4,1
658,-4,0.36078177466988565,15,1
659,9,0.3006584942340851,2,1
660,9,0.4130956083536148,2,1
661,-50,0.3074232826381922,50,0
662,10,0.5590391755104065,1,1
663,9,0.2428959533572197,2,1
664,9,0.23118020594120026,2,1
665,7,0.31028636544942856,4,1
666,9,0.6022326201200485,2,1
667,8,0.23734901348749796,3,1
668,8,0.16655474652846655,3,1
669,5,0.26889510204394657,6,1
670,-50,0.373275311216712,50,0
671,9,0.2609804905951023,2,1
672,8,0.2875651518503825,3,1
673,7,0.3429863937199116,4,1
674,10,0.3659873604774475,1,1
675,-10,0.04254227131605148,1,0
676,-2,0.3601268082857132,13,1
677,-50,0.3253336498141289,50,0
678,10,1.1949797868728638,1,1
679,-13,0.339550225995481,24,1
680,-10,0.2721579372882843,1,0
681,-50,0.3222217074409127,50,0
682,9,0.1489228419959545,2,1
683,8,0.4613447884718577,3,1
684,-52,0.315205326477109,43,0
685,-19,0.2900323824336131,30,1
686,6,0.1642623081803322,5,1
687,-20,0.2216860851780935,11,0
688,-10,0.4275909960269928,1,0
689,7,0.26601438596844673,4,1
690,-50,0.24899083614349365,50,0
691,-10,0.13218894600868225,1,0
692,7,0.17327526956796646,4,1
693,-50,0.241431238129735,50,0
694,-50,0.2588085750862956,50,0
695,6,0.14188153073191642,5,1
696,-38,0.2598993344878664,49,1
697,9,0.47189514338970184,2,1
698,10,0.08855359256267548,1,1
699,-1,0.17468421533703804,12,1
700,10,0.10996956378221512,1,1
701,9,0.2000854630023241,2,1
702,6,0.33431722819805143,5,1
703,10,0.11997495591640472,1,1
704,-50,0.28131312482059,50,0
705,9,0.09195166081190109,2,1
706,7,0.2719077542424202,4,1
707,9,0.2158789299428463,2,1
708,9,0.13906439766287804,2,1
709,10,0.07010084390640259,1,1
710,-50,0.22962875097990035,50,0
711,-24,0.1861953725417455,15,0
712,10,0.25908946990966797,1,1
713,-50,0.2357326153665781,50,0
714,10,0.16232292354106903,1,1
715,7,0.10295090824365616,4,1
716,8,0.11841386308272679,3,1
717,7,0.253713633865118,4,1
718,7,0.06871346570551395,4,1
719,7,0.30506445840001106,4,1
720,-10,0.0774063766002655,1,0
721,-38,0.2051305294188918,49,1
722,9,0.0913112424314022,2,1
723,-1,0.27616186750431854,12,1
724,-10,0.2555612623691559,1,0
725,-10,0.7784881591796875,1,0
726,5,0.3205304568012555,6,1
727,10,0.08949775993824005,1,1
728,-27,0.21592304607232413,18,0
729,7,0.14800284430384636,4,1
730,8,0.19628282884756723,3,1
731,8,0.3110617746909459,3,1
732,9,0.36736199632287025,2,1
733,-28,0.2331318551531205,39,1
734,8,0.48644421497980755,3,1
735,-11,0.18526475131511688,2,0
736,-50,0.2549915770441294,50,0
737,8,0.09842182199160258,3,1
738,9,0.11766011640429497,2,1
739,-50,0.18002866327762604,50,0
740,-50,0.1922548821941018,50,0
741,8,0.11208406090736389,3,1
742,7,0.1518636764958501,4,1
743,-50,0.21157278925180434,50,0
744,9,0.2152639701962471,2,1
745,8,0.5395348370075226,3,1
746,-10,0.6002299189567566,1,0
747,-10,0.5041689872741699,1,0
748,6,0.17987626194953918,5,1
749,-15,0.15528565210600695,6,0
750,10,0.24551452696323395,1,1
751,10,0.09956271946430206,1,1
752,10,0.12173880636692047,1,1
753,9,0.38171375542879105,2,1
754,7,0.2295980229973793,4,1
755,9,0.10932584386318922,2,1
756,-14,0.18764930739998817,5,0
757,8,0.20313217242558798,3,1
758,7,0.14454693160951138,4,1
759,-24,0.366621815909942,15,0
760,-10,0.16467928886413574,1,0
761,-50,0.25887004122138024,50,0
762,6,0.3159273862838745,5,1
763,10,0.19131411612033844,1,1
764,-11,0.22564303129911423,2,0
765,-36,0.2640902179258841,27,0
766,-50,0.19356838043779134,50,0
767,9,0.1605418361723423,2,1
768,6,0.2954559653997421,5,1
769,-10,0.10663879662752151,1,0
770,-50,0.17820617988705634,50,0
771,10,0.550503134727478,1,1
772,8,0.24162457883358002,3,1
773,-50,0.2638903991132975,50,0
774,-50,0.18828140534460544,50,0
775,10,0.23515531420707703,1,1
776,-11,0.32985812425613403,2,0
777,9,0.14329150319099426,2,1
778,-28,0.2259087289014879,39,1
779,10,0.5728802680969238,1,1
780,10,0.07408978044986725,1,1
781,10,0.27040618658065796,1,1
782,6,0.2804694831371307,5,1
783,-11,0.17976589500904083,2,0
784,8,0.2593066195646922,3,1
785,8,0.14217319587866464,3,1
786,10,0.08219370245933533,1,1
787,8,0.3705635021130244,3,1
788,9,0.04968291521072388,2,1
789,-10,0.3928160071372986,1,0
790,5,0.2561648152768612,6,1
791,7,0.31905644200742245,4,1
792,10,0.07488556206226349,1,1
793,-50,0.2568120377510786,50,0
794,7,0.29961282946169376,4,1
795,-35,0.28093951697582786,46,1
796,7,0.11523449700325727,4,1
797,-50,0.2686869738996029,50,0
798,9,0.2712065652012825,2,1
799,10,0.22782598435878754,1,1
800,7,0.08392210025340319,4,1
801,8,0.20423543453216553,3,1
802,7,0.4478299282491207,4,1
803,8,0.41365233560403186,3,1
804,10,0.15607209503650665,1,1
805,-13,0.4266914874315262,4,0
806,8,0.4196220984061559,3,1
807,8,0.28139076630274457,3,1
808,-50,0.2790291478484869,50,0
809,7,0.3211728259921074,4,1
810,-10,0.27468645572662354,1,0
811,8,0.33149486780166626,3,1
812,6,0.46675379276275636,5,1
813,-50,0.32896884055808184,50,0
814,-11,0.14249324053525925,2,0
815,8,0.5445538659890493,3,1
816,0,0.37405305288054724,11,1
817,10,0.36312204599380493,1,1
818,8,0.5513690263032913,3,1
819,9,0.17002902925014496,2,1
820,-24,0.3759024076163769,35,1
821,-18,0.3030569838552639,29,1
822,-11,0.3911431282758713,2,0
823,10,0.37140676379203796,1,1
824,-10,0.16722506284713745,1,0
825,7,0.2756575644016266,4,1
826,-38,0.29806298519275626,49,1
827,-59,0.30446810618042947,50,0
828,-50,0.42787019707262514,50,0
829,-11,0.2691830173134804,2,0
830,9,0.3243272081017494,2,1
831,9,0.15245983749628067,2,1
832,-21,0.3631372128923734,12,0
833,-50,0.24247500982135534,50,0
834,8,0.2233686757584413,3,1
835,10,0.11753135919570923,1,1
836,7,0.21783199021592736,4,1
837,-50,0.3024801607429981,50,0
838,9,0.18754297122359276,2,1
839,6,0.33767986595630645,5,1
840,6,0.39947175681591035,5,1
841,-15,0.2796102553032912,26,1
842,7,0.22034430969506502,4,1
843,-41,0.24377009563613683,32,0
844,10,0.23194484412670135,1,1
845,-50,0.31040053024888037,50,0
846,-50,0.2382499508559704,50,0
847,-10,0.2580317556858063,1,0
848,-24,0.33735749473174415,15,0
849,-10,0.4589216709136963,1,0
850,-50,0.29572223231196404,50,0
851,-51,0.2243622454060685,42,0
852,-19,0.2739065495630105,30,1
853,10,0.24371355772018433,1,1
854,8,0.31036214033762616,3,1
855,-10,0.09854095429182053,1,0
856,6,0.36345154643058775,5,1
857,-26,0.27283251829243993,37,1
858,9,0.13606637716293335,2,1
859,10,0.34384870529174805,1,1
860,9,0.31762807071208954,2,1
861,-50,0.2677415603399277,50,0
862,10,0.3301904797554016,1,1
863,10,0.2593088448047638,1,1
864,10,0.1761578768491745,1,1
865,8,0.08262198170026143,3,1
866,-11,0.16691320203244686,2,0
867,9,0.30144891142845154,2,1
868,-50,0.26839383542537687,50,0
869,-50,0.23084846511483192,50,0
870,8,0.11552796761194865,3,1
871,10,0.7606335878372192,1,1
872,9,0.23554202914237976,2,1
873,8,0.2217596968015035,3,1
874,9,0.3545663133263588,2,1
875,-23,0.2823854502947891,34,1
876,-6,0.26758061437045827,17,1
877,8,0.13375285267829895,3,1
878,6,0.1243432953953743,5,1
879,-10,0.09648531675338745,1,0
880,-50,0.2320915038138628,50,0
881,-50,0.19827594585716724,50,0
882,-50,0.1515911040455103,50,0
883,8,0.1313686246673266,3,1
884,5,0.19666948541998863,6,1
885,-10,0.15011091530323029,1,0
886,-43,0.20635156191008933,34,0
887,-50,0.17399634227156638,50,0
888,8,0.11565801749626796,3,1
889,8,0.1544163723786672,3,1
890,9,0.13019109889864922,2,1
891,8,0.10644097874561946,3,1
892,10,0.05066554248332977,1,1
893,-12,0.1970380817850431,3,0
894,7,0.3679814338684082,4,1
895,-36,0.15636603886935305,47,1
896,-50,0.1404953208193183,50,0
897,10,0.34250980615615845,1,1
898,-28,0.17315122475608802,39,1
899,9,0.16910464316606522,2,1
900,0,0.3189521648667075,11,1
901,-10,0.6485904455184937,1,0
902,10,0.18137940764427185,1,1
903,-13,0.3549415832385421,4,0
904,9,0.13255149126052856,2,1
905,6,0.1736587554216385,5,1
906,6,0.2371966667473316,5,1
907,9,0.08510151132941246,2,1
908,8,0.06410075103243192,3,1
909,9,0.050743693485856056,2,1
910,-12,0.17974495080610117,3,0
911,-57,0.16309408063534647,48,0
912,9,0.32156025618314743,2,1
913,9,0.07581295073032379,2,1
914,7,0.26128240395337343,4,1
915,10,0.071913942694664,1,1
916,9,0.1520722359418869,2,1
917,6,0.29960702881217005,5,1
918,9,0.1949007250368595,2,1
919,-50,0.1715698167309165,50,0
920,9,0.2719496041536331,2,1
921,10,0.1733919382095337,1,1
922,6,0.4303112328052521,5,1
923,8,0.19150833040475845,3,1
924,-37,0.19928963934459412,48,1
925,9,0.2869900017976761,2,1
926,5,0.26432941233118373,6,1
927,-11,0.20827973634004593,2,0
928,-11,0.24124053865671158,2,0
929,6,0.14371488392353057,5,1
930,8,0.15862329800923666,3,1
931,9,0.04414067417383194,2,1
932,9,0.09362554922699928,2,1
933,10,0.22495630383491516,1,1
934,8,0.21909352640310922,3,1
935,-50,0.22141679011285306,50,0
936,9,0.5281729400157928,2,1
937,-34,0.16175135063628357,45,1
938,-12,0.2443386564652125,3,0
939,10,0.14041471481323242,1,1
940,9,0.04732515290379524,2,1
941,-50,0.2266207131743431,50,0
942,7,0.21045641042292118,4,1
943,8,0.14304811569551626,3,1
944,8,0.2828923513491948,3,1
945,-50,0.23317758522927762,50,0
946,9,0.19757749140262604,2,1
947,7,0.33526309952139854,4,1
948,-10,0.4645746648311615,1,0
949,10,0.030215781182050705,1,1
950,-50,0.23768674597144127,50,0
951,8,0.315615842739741,3,1
952,9,0.2267015427350998,2,1
953,8,0.17415931820869446,3,1
954,5,0.14640052616596222,6,1
955,-10,0.08767381310462952,1,0
956,9,0.08629010990262032,2,1
957,-12,0.3784753580888112,3,0
958,-50,0.2772320663556457,50,0
959,8,0.33386815587679547,3,1
960,10,0.1699463129043579,1,1
961,5,0.23365112021565437,6,1
962,8,0.10193072507778804,3,1
963,8,0.21905812621116638,3,1
964,9,0.18102143704891205,2,1
965,9,0.47178860008716583,2,1
966,9,0.24706602469086647,2,1
967,9,0.18171166256070137,2,1
968,-50,0.2980816701799631,50,0
969,8,0.11173318326473236,3,1
970,8,0.23761852085590363,3,1
971,9,0.12777766585350037,2,1
972,7,0.21423986926674843,4,1
973,10,0.14556866884231567,1,1
974,7,0.19416363164782524,4,1
975,-33,0.2701352514665235,44,1
976,9,0.22719747573137283,2,1
977,8,0.34519126017888385,3,1
978,-24,0.295956575764077,35,1
979,8,0.21957839528719583,3,1
980,-50,0.27021765787154434,50,0
981,-50,0.2408837766945362,50,0
982,-50,0.21187201993539928,50,0
983,5,0.19199787949522337,6,1
984,-50,0.24386071376502513,50,0
985,9,0.6055111885070801,2,1
986,10,0.14307990670204163,1,1
987,9,0.38195693492889404,2,1
988,6,0.22274501323699952,5,1
989,6,0.2837980955839157,5,1
990,5,0.15677565646668276,6,1
991,7,0.2649679407477379,4,1
992,-10,0.1327141374349594,1,0
993,-28,0.24415515067103583,39,1
994,10,0.08372174948453903,1,1
995,6,0.13115556687116622,5,1
996,7,0.09887837991118431,4,1
997,-50,0.26708258502185345,50,0
998,-31,0.23449465579220227,42,1
999,-11,0.46639135479927063,2,0
1000,8,0.21647275239229202,3,1
1,9,0.46949636936187744,2,1
2,8,0.08636267234881718,3,1
3,-22,0.2475871736127319,33,1
4,8,0.3556642234325409,3,1
5,8,0.3067425986131032,3,1
6,8,0.23299860954284668,3,1
7,9,0.11059676855802536,2,1
8,-21,0.23369790241122246,12,0
9,4,0.49600721682821003,7,1
10,-50,0.28617595113813876,50,0
11,9,0.7113538384437561,2,1
12,-48,0.2694457314717464,39,0
13,10,0.2255215048789978,1,1
14,5,0.342821894834439,6,1
15,10,0.22499197721481323,1,1
16,8,0.40227754414081573,3,1
17,6,0.2251914620399475,5,1
18,5,0.281769039730231,6,1
19,-50,0.2491376193612814,50,0
20,9,0.680840902030468,2,1
21,10,0.2650471031665802,1,1
22,-50,0.23993708491325377,50,0
23,8,0.25384295483430225,3,1
24,10,0.12519435584545135,1,1
25,-10,0.11338330060243607,1,0
26,6,0.2029188133776188,5,1
27,5,0.18352560016016164,6,1
28,-50,0.2395192090421915,50,0
29,7,0.19999422132968903,4,1
30,8,0.18001906077067056,3,1
31,-16,0.24700872820836525,27,1
32,8,0.29957416529456776,3,1
33,10,0.08776077628135681,1,1
34,8,0.1589203601082166,3,1
35,9,0.14965908974409103,2,1
36,10,0.6038779616355896,1,1
37,6,0.10296927541494369,5,1
38,6,0.23043456375598909,5,1
39,6,0.18443107903003692,5,1
40,9,0.23737488687038422,2,1
41,8,0.15208592700461546,3,1
42,-10,0.17231997847557068,1,0
43,6,0.32060318291187284,5,1
44,7,0.4139421284198761,4,1
45,-50,0.297427579164505,50,0
46,-11,0.21702779084444046,2,0
47,8,0.24436871210734049,3,1
48,-14,0.18919103115797042,25,1
49,10,0.10597264766693115,1,1
50,8,0.10926027099291484,3,1
51,-9,0.2023540496826172,20,1
52,6,0.21426296830177308,5,1
53,10,0.18748405575752258,1,1
54,8,0.18445465713739395,3,1
55,10,0.3748409152030945,1,1
56,9,0.2624938078224659,2,1
57,7,0.24161109700798988,4,1
58,8,0.10266371940573056,3,1
59,10,0.35312145948410034,1,1
60,-11,0.2278326153755188,2,0
61,3,0.22326047997921705,8,1
62,8,0.22810960312684378,3,1
63,-46,0.19455544016248472,37,0
64,-11,0.111623615026474,2,0
65,9,0.2003428041934967,2,1
66,-33,0.2154679698869586,24,0
67,8,0.3923575083414714,3,1
68,10,0.10262088477611542,1,1
69,-50,0.2069828709214926,50,0
70,5,0.15475528128445148,6,1
71,10,0.28776103258132935,1,1
72,9,0.2930193245410919,2,1
73,-12,0.06071944162249565,3,0
74,8,0.24410861233870187,3,1
75,9,0.0750570222735405,2,1
76,-50,0.18768026001751423,50,0
77,8,0.05241845672329267,3,1
78,8,0.18114698057373366,3,1
79,10,0.07995493710041046,1,1
80,9,0.23485246486961842,2,1
81,8,0.14415195335944495,3,1
82,-50,0.20446903090924023,50,0
83,-6,0.21725186793243184,17,1
84,6,0.13383429646492004,5,1
85,9,0.13721542432904243,2,1
86,8,0.18915297711888948,3,1
87,-5,0.11604999320115894,16,1
88,-50,0.16483281597495078,50,0
89,-50,0.1738794593885541,50,0
90,8,0.1856022501985232,3,1
91,8,0.2947744329770406,3,1
92,10,0.08963745832443237,1,1
93,-28,0.2081964657856868,39,1
94,-1,0.17067438208808502,12,1
95,-4,0.1123232290148735,15,1
96,-11,0.11913737654685974,2,0
97,-37,0.12519544867488244,48,1
98,-50,0.12535124544054269,50,0
99,9,0.08758357167243958,2,1
100,8,0.08631240700682004,3,1
101,-5,0.1595693570561707,16,1
102,-50,0.15081581883132458,50,0
103,-50,0.170667012501508,50,0
104,9,0.15570641309022903,2,1
105,-50,0.24692020246759058,50,0
106,8,0.15048730870087942,3,1
107,9,0.3564779609441757,2,1
108,-50,0.3614427576214075,50,0
109,10,0.14371861517429352,1,1
110,10,0.4118087589740753,1,1
111,8,0.356415977080663,3,1
112,9,0.3795303478837013,2,1
113,9,0.529026210308075,2,1
114,8,0.19171690195798874,3,1
115,-50,0.27351703986525533,50,0
116,-50,0.17808443520218134,50,0
117,10,0.0882345661520958,1,1
118,-50,0.21953622250817717,50,0
119,7,0.28385153971612453,4,1
120,-50,0.18821457404643296,50,0
121,10,0.07160963118076324,1,1
122,-50,0.21553664715960622,50,0
123,-1,0.23066876192266741,12,1
124,9,0.20395051315426826,2,1
125,-2,0.17364977901944748,13,1
126,-50,0.15194673094898462,50,0
127,-5,0.2046336114872247,16,1
128,-17,0.16260654479265213,8,0
129,9,0.12708908692002296,2,1
130,-22,0.19999336044896732,33,1
131,8,0.16508969416220984,3,1
132,9,0.20127582550048828,2,1
133,-12,0.08471915870904922,3,0
134,-4,0.22863052810231846,15,1
135,10,0.038632575422525406,1,1
136,7,0.10967618320137262,4,1
137,10,0.13649258017539978,1,1
138,9,0.10410680621862411,2,1
139,-50,0.15757557958364488,50,0
140,-10,0.21783217787742615,1,0
141,8,0.11601907759904861,3,1
142,10,0.13522955775260925,1,1
143,4,0.27853461248534067,7,1
144,10,0.08628480136394501,1,1
145,8,0.20164170737067857,3,1
146,-50,0.19217777371406555,50,0
147,10,0.06360287219285965,1,1
148,9,0.12503943592309952,2,1
149,7,0.12979507353156805,4,1
150,-50,0.18556993320584297,50,0
151,10,0.04032280296087265,1,1
152,-24,0.15869591667183808,35,1
153,8,0.26341216266155243,3,1
154,-13,0.20343675386781493,24,1
155,-10,0.22981783747673035,1,0
156,-19,0.16372320254643757,30,1
157,10,0.08464263379573822,1,1
158,7,0.2082170620560646,4,1
159,-50,0.18850399807095528,50,0
160,10,0.1711343377828598,1,1
161,10,0.2571757435798645,1,1
162,-7,0.19544796314504412,18,1
163,7,0.1947590373456478,4,1
164,7,0.1819428838789463,4,1
165,-17,0.15856302808970213,8,0
166,6,0.2099755212664604,5,1
167,1,0.19351472817361354,10,1
168,-50,0.15258424058556558,50,0
169,-50,0.18219386979937555,50,0
170,-12,0.0642876277367274,3,0
171,7,0.11789798550307751,4,1
172,-19,0.20979036167263984,30,1
173,10,0.05169112980365753,1,1
174,8,0.12262652814388275,3,1
175,8,0.16079843292633691,3,1
176,6,0.23989083766937255,5,1
177,-11,0.14767124131321907,2,0
178,-50,0.17710215754806996,50,0
179,-10,0.053206995129585266,1,0
180,-29,0.23004621779546142,40,1
181,-50,0.16019482627511025,50,0
182,9,0.17487017437815666,2,1
183,8,0.2690716361006101,3,1
184,-10,0.03937647491693497,1,0
185,9,0.11638813093304634,2,1
186,-10,0.17544859647750854,1,0
187,9,0.14992742985486984,2,1
188,10,0.19117796421051025,1,1
189,-19,0.15293292626738547,30,1
190,6,0.1837594449520111,5,1
191,8,0.22815232972304025,3,1
192,-13,0.1469912976026535,4,0
193,10,0.2864694893360138,1,1
194,9,0.4125577211380005,2,1
195,-10,0.20188396743365697,21,1
196,9,0.30456558614969254,2,1
197,9,0.21028251200914383,2,1
198,-50,0.21049907494336367,50,0
199,-4,0.20501979316274324,15,1
200,-31,0.1720125258323692,42,1
201,-12,0.12744359423716864,3,0
202,9,0.14898422174155712,2,1
203,9,0.11821156740188599,2,1
204,9,0.2597893327474594,2,1
205,10,0.2927943468093872,1,1
206,-29,0.17705924706533552,40,1
207,7,0.1259950790554285,4,1
208,8,0.27106186499198276,3,1
209,8,0.13385026653607687,3,1
210,7,0.32988325878977776,4,1
211,8,0.36090710510810214,3,1
212,10,0.11415073275566101,1,1
213,-16,0.2833063136096354,27,1
214,8,0.11418548598885536,3,1
215,8,0.2361020396153132,3,1
216,8,0.14632090429464975,3,1
217,-50,0.20976481959223747,41,0
218,9,0.3578118681907654,2,1
219,7,0.166883310303092,4,1
220,10,0.37440308928489685,1,1
221,9,0.03574809245765209,2,1
222,10,0.1471567153930664,1,1
223,10,0.13700447976589203,1,1
224,10,0.20491445064544678,1,1
225,-50,0.19752398252487183,50,0
226,-14,0.1930929347872734,5,0
227,10,0.5279698371887207,1,1
228,-11,0.44290174543857574,2,0
229,8,0.03146706521511078,3,1
230,8,0.14583660227557024,3,1
231,6,0.18589591085910798,5,1
232,-11,0.1559523642063141,2,0
233,9,0.14472540095448494,2,1
234,9,0.5157569050788879,2,1
235,5,0.21319743556280932,6,1
236,7,0.2905882243067026,4,1
237,9,0.08222359977662563,2,1
238,-29,0.21986306682229043,40,1
239,7,0.3277982287108898,4,1
240,10,0.2131761908531189,1,1
241,7,0.23037025146186352,4,1
242,10,0.3681517243385315,1,1
243,8,0.3853040859103203,3,1
244,10,0.45798152685165405,1,1
245,9,0.39193256199359894,2,1
246,9,0.13118962943553925,2,1
247,-18,0.19985877902343355,29,1
248,10,0.14094489812850952,1,1
249,10,0.17988482117652893,1,1
250,9,0.3119894713163376,2,1
251,-10,0.43579554557800293,1,0
252,10,0.22887304425239563,1,1
253,2,0.3586723084251086,9,1
254,-50,0.21318509235978125,50,0
255,-50,0.17548336658626795,50,0
256,-50,0.18097575524821877,50,0
257,8,0.2147550086180369,3,1
258,8,0.20010611663262048,3,1
259,-24,0.26422940609710555,35,1
260,-10,0.2289525270462036,1,0
261,-14,0.17684792906045912,25,1
262,-50,0.26968118999153373,50,0
263,-39,0.20285135291516782,50,1
264,7,0.22437693364918232,4,1
265,9,0.1670514941215515,2,1
266,-50,0.20542884267866612,50,0
267,9,0.2534526363015175,2,1
268,9,0.0791977010667324,2,1
269,-50,0.2346229986846447,50,0
270,9,0.39924513548612595,2,1
271,10,0.3357071280479431,1,1
272,8,0.3538491527239482,3,1
273,-10,0.11195280402898788,1,0
274,9,0.4376198947429657,2,1
275,7,0.1692144963890314,4,1
276,8,0.37190477301677066,3,1
277,-50,0.26207850718870757,50,0
278,-7,0.21141918003559113,18,1
279,9,0.35460805892944336,2,1
280,10,0.2802233099937439,1,1
281,9,0.21332118660211563,2,1
282,-50,0.2287598634324968,50,0
283,-12,0.2598296066989069,23,1
284,-50,0.19422511223703623,50,0
285,8,0.22312226643164954,3,1
286,8,0.2032215790823102,3,1
287,-24,0.23535668243254934,35,1
288,6,0.2578167378902435,5,1
289,10,0.05571208521723747,1,1
290,-10,0.15157118439674377,1,0
291,-10,0.10757961124181747,1,0
292,8,0.11194977598885696,3,1
293,-11,0.3316747695207596,2,0
294,5,0.1614448626836141,6,1
295,8,0.5648143390814463,3,1
296,-10,0.36748450994491577,1,0
297,8,0.25289416313171387,3,1
298,-50,0.2186157450079918,50,0
299,-8,0.2377935388174496,19,1
300,9,0.39407971501350403,2,1
301,9,0.4463933855295181,2,1
302,4,0.14952524432114192,7,1
303,1,0.203949660807848,10,1
304,9,0.30354611203074455,2,1
305,-50,0.24360817916691302,50,0
306,-32,0.22568640225501949,43,1
307,-11,0.24268920719623566,2,0
308,10,0.04915611445903778,1,1
309,-11,0.20232103019952774,22,1
310,-50,0.2045093283802271,50,0
311,6,0.3209717147052288,5,1
312,-24,0.22609562203288078,35,1
313,-50,0.23391107499599456,50,0
314,10,0.14397761225700378,1,1
315,7,0.17597948014736176,4,1
316,7,0.302349342033267,4,1
317,-50,0.23223718136548996,50,0
318,9,0.1372848004102707,2,1
319,7,0.09158020932227373,4,1
320,-23,0.1950011152241911,14,0
321,7,0.24629928544163704,4,1
322,10,0.15485969185829163,1,1
323,-11,0.6212902218103409,2,0
324,9,0.1358649730682373,2,1
325,-11,0.3232942819595337,2,0
326,8,0.17122400055329004,3,1
327,7,0.15166825242340565,4,1
328,-38,0.1760118082165718,49,1
329,8,0.2730238636334737,3,1
330,-50,0.23834233850240708,50,0
331,7,0.2127426713705063,4,1
332,-50,0.21224065810441972,50,0
333,8,0.3193614532550176,3,1
334,9,0.11414658278226852,2,1
335,10,0.28525781631469727,1,1
336,-50,0.1951093965023756,50,0
337,-10,0.11525750160217285,1,0
338,9,0.10263204202055931,2,1
339,7,0.14305411465466022,4,1
340,8,0.12032349656025569,3,1
341,10,0.10499201714992523,1,1
342,-17,0.19314234663865396,28,1
343,7,0.3636138401925564,4,1
344,-10,0.08647766709327698,1,0
345,-50,0.16997996278107166,50,0
346,10,0.14371901750564575,1,1
347,8,0.09492683410644531,3,1
348,10,0.11998263001441956,1,1
349,10,0.1674232929944992,1,1
350,-19,0.18272323521474998,30,1
351,8,0.11118696257472038,3,1
352,-8,0.15670593808356084,19,1
353,5,0.13806236224869886,6,1
354,-13,0.22412299752856293,24,1
355,7,0.13692048285156488,4,1
356,-50,0.19896985944360496,50,0
357,8,0.07595118135213852,3,1
358,10,0.03638618066906929,1,1
359,10,0.21675047278404236,1,1
360,8,0.11155748864014943,3,1
361,-16,0.14849797384468494,27,1
362,-50,0.14544491909444332,50,0
363,-32,0.18812696068266102,43,1
364,-10,0.13516363501548767,1,0
365,10,0.2035193145275116,1,1
366,10,0.10886479169130325,1,1
367,9,0.13093992322683334,2,1
368,-9,0.13485879497602582,20,1
369,10,0.21896885335445404,1,1
370,8,0.1854609108219544,3,1
371,9,0.032946253195405006,2,1
372,10,0.32282447814941406,1,1
373,10,0.11040978133678436,1,1
374,-24,0.13173002898693084,35,1
375,9,0.0915740504860878,2,1
376,7,0.08538699895143509,4,1
377,-50,0.13644316360354425,50,0
378,9,0.12146929651498795,2,1
379,10,0.5365480184555054,1,1
380,-50,0.14663089163601398,50,0
381,7,0.09024409670382738,4,1
382,10,0.019727636128664017,1,1
383,-50,0.10136211751028895,50,0
384,8,0.22483258446057638,3,1
385,-18,0.164243190886517,29,1
386,-10,0.07262639781194073,21,1
387,6,0.04223246816545725,5,1
388,-19,0.15501044529179733,30,1
389,10,0.05433782935142517,1,1
390,10,0.4964402914047241,1,1
391,5,0.1919511699428161,6,1
392,7,0.035363979171961546,4,1
393,10,0.03496089577674866,1,1
394,8,0.11844844619433086,3,1
395,7,0.1362605132162571,4,1
396,10,0.29955628514289856,1,1
397,9,0.10391995869576931,2,1
398,-29,0.1298258130904287,40,1
399,-19,0.10175736723467707,30,1
400,9,0.06918785721063614,2,1
401,7,0.18511062860488892,4,1
402,-50,0.14859932798892259,50,0
403,-25,0.1336326381424442,16,0
404,10,0.008927326649427414,1,1
405,9,0.09771145135164261,2,1
406,-50,0.14810361243784428,50,0
407,-50,0.14052395662292838,50,0
408,8,0.1368110030889511,3,1
409,10,0.010867585428059101,1,1
410,10,0.009101261384785175,1,1
411,-25,0.14789607300837007,36,1
412,-50,0.11866757496260107,50,0
413,9,0.15041162818670273,2,1
414,9,0.2965364456176758,2,1
415,8,0.14902396919205785,3,1
416,0,0.0752635867419568,11,1
417,9,0.2224256582558155,2,1
418,-50,0.16610193254426123,50,0
419,-12,0.10902239133914311,3,0
420,10,0.06484309583902359,1,1
421,-50,0.17071055851876735,50,0
422,9,0.20831701159477234,2,1
423,7,0.2819090820848942,4,1
424,8,0.429714173078537,3,1
425,9,0.16492120921611786,2,1
426,9,0.08918663114309311,2,1
427,10,0.14710532128810883,1,1
428,8,0.2785904308160146,3,1
429,-34,0.1845196613834964,45,1
430,-21,0.15403754741419107,32,1
431,6,0.18206702470779418,5,1
432,10,0.09315218031406403,1,1
433,9,0.1471959389746189,2,1
434,9,0.11919531412422657,2,1
435,10,0.046876732259988785,1,1
436,8,0.2540411055088043,3,1
437,8,0.3318371574083964,3,1
438,7,0.12348407506942749,4,1
439,-50,0.196616772711277,50,0
440,10,0.13552628457546234,1,1
441,-16,0.17062569126762725,27,1
442,-50,0.16624270603060723,50,0
443,-20,0.2158662277189168,11,0
444,-50,0.16347660191357136,50,0
445,8,0.23072616755962372,3,1
446,-9,0.13677017111331224,20,1
447,9,0.08813933655619621,2,1
448,10,0.21963337063789368,1,1
449,-25,0.2083815879498919,36,1
450,8,0.15669575333595276,3,1
451,9,0.21720005571842194,2,1
452,7,0.23907800391316414,4,1
453,9,0.2110646665096283,2,1
454,9,0.03625168278813362,2,1
455,-50,0.1366010142862797,50,0
456,-5,0.13200250826776028,16,1
457,-17,0.22685099067166448,8,0
458,8,0.272284430762132,3,1
459,9,0.2613018602132797,2,1
460,-50,0.15617486868053676,50,0
461,-19,0.15253481771796942,30,1
462,7,0.05200723558664322,4,1
463,10,0.24473340809345245,1,1
464,10,0.05939287692308426,1,1
465,7,0.23811385408043861,4,1
466,7,0.1833469346165657,4,1
467,9,0.14169366285204887,2,1
468,9,0.049830433912575245,2,1
469,10,0.07088671624660492,1,1
470,10,0.13900034129619598,1,1
471,7,0.13490767497569323,4,1
472,-10,0.649780809879303,1,0
473,7,0.19540943554602563,4,1
474,10,0.12289904057979584,1,1
475,-12,0.17747508102784987,23,1
476,-10,0.11187655478715897,1,0
477,-50,0.1696496979147196,50,0
478,5,0.08055404418458541,6,1
479,9,0.19634830579161644,2,1
480,6,0.23801901936531067,5,1
481,-50,0.17897790372371675,50,0
482,6,0.14407299607992172,5,1
483,6,0.182149475812912,5,1
484,-7,0.12423080650882588,18,1
485,9,0.08140045776963234,2,1
486,9,0.2384893000125885,2,1
487,-4,0.1730736292898655,15,1
488,7,0.13167957216501236,4,1
489,8,0.22448009252548218,3,1
490,8,0.08770979444185893,3,1
491,8,0.181961956123511,3,1
492,-12,0.13804384569327036,3,0
493,8,0.11879322677850723,3,1
494,9,0.19048088788986206,2,1
495,-10,0.03922028839588165,1,0
496,-50,0.19579994536936282,50,0
497,-16,0.14750336248565604,27,1
498,5,0.20489016671975455,6,1
499,10,0.07178211957216263,1,1
500,9,0.13155484199523926,2,1
501,-5,0.12510956404730678,16,1
502,10,0.04602702334523201,1,1
503,-50,0.1714970039576292,50,0
504,9,0.07730633392930031,2,1
505,-50,0.1517850185930729,50,0
506,6,0.06334204524755478,5,1
507,2,0.188001346670919,9,1
508,-52,0.1786402103512786,43,0
509,7,0.18379616178572178,4,1
510,-10,0.0773419439792633,1,0
511,9,0.12045682407915592,2,1
512,-8,0.178532204149585,19,1
513,-10,0.19802778959274292,1,0
514,-17,0.1747706121365939,28,1
515,-6,0.2509827096672619,17,1
516,8,0.31354618569215137,3,1
517,9,0.20182190835475922,2,1
518,-50,0.18480659753084183,50,0
519,8,0.19341464340686798,3,1
520,10,0.03226679190993309,1,1
521,-50,0.13993769727647304,50,0
522,8,0.1121644675731659,3,1
523,9,0.1538005992770195,2,1
524,-50,0.13956333216279745,50,0
525,3,0.06619860511273146,8,1
526,10,0.23498299717903137,1,1
527,-10,0.3094649016857147,1,0
528,8,0.02940116450190544,3,1
529,1,0.09588307328522205,10,1
530,-23,0.17784751409336047,34,1
531,-12,0.10413041718952033,23,1
532,-10,0.13062576949596405,1,0
533,7,0.13780365325510502,4,1
534,-29,0.11447826293297111,40,1
535,-50,0.15314216397702693,50,0
536,9,0.11530417203903198,2,1
537,8,0.2853840986887614,3,1
538,6,0.06814140006899834,5,1
539,7,0.07762178033590317,4,1
540,-50,0.10115005873143673,50,0
541,-4,0.09758541285991669,15,1
542,-26,0.1161349943109058,37,1
543,-36,0.07039672466232738,47,1
544,-13,0.06436408739925052,24,1
545,-50,0.1246159279718995,50,0
546,8,0.048811718821525574,3,1
547,9,0.03266528621315956,2,1
548,-50,0.10633225043304265,50,0
549,7,0.06859652884304523,4,1
550,7,0.135302163194865,4,1
551,10,0.14229078590869904,1,1
552,9,0.10863814875483513,2,1
553,8,0.09952966185907523,3,1
554,10,0.04206102713942528,1,1
555,10,0.11127675324678421,1,1
556,10,0.035678185522556305,1,1
557,7,0.23480425029993057,4,1
558,7,0.06738199852406979,4,1
559,7,0.0807710075750947,4,1
560,10,0.07168948650360107,1,1
561,-10,0.09827128052711487,1,0
562,-50,0.12293310949578881,50,0
563,8,0.13287270069122314,3,1
564,9,0.14135298505425453,2,1
565,9,0.17736542224884033,2,1
566,10,0.05383309721946716,1,1
567,7,0.21517201699316502,4,1
568,9,0.22094105184078217,2,1
569,7,0.20853734016418457,4,1
570,7,0.14340536762028933,4,1
571,10,0.2830760180950165,1,1
572,-50,0.22069045793265105,50,0
573,-13,0.21586738154292107,4,0
574,10,0.17178191244602203,1,1
575,9,0.20180416852235794,2,1
576,9,0.29452590085566044,2,1
577,7,0.22052844613790512,4,1
578,-16,0.15208473056554794,7,0
579,7,0.2011788273230195,4,1
580,7,0.26649627927690744,4,1
581,8,0.060988436142603554,3,1
582,9,0.16436557471752167,2,1
583,-10,0.08713314682245255,1,0
584,9,0.289971724152565,2,1
585,-2,0.1594823095947504,13,1
586,10,0.3612807095050812,1,1
587,-50,0.1968831324018538,50,0
588,-50,0.2216220073029399,50,0
589,10,0.008970661088824272,1,1
590,10,0.04053992033004761,1,1
591,10,0.09429174661636353,1,1
592,8,0.124188005613784,3,1
593,6,0.1995450284332037,5,1
594,-34,0.22807236115137736,45,1
595,8,0.25073371330897015,3,1
596,8,0.17567622164885202,3,1
597,8,0.11213695506254832,3,1
598,7,0.08659602049738169,4,1
599,9,0.06397470645606518,2,1
600,8,0.2510686169068019,3,1
601,-18,0.16475508085869509,29,1
602,-11,0.6001732349395752,2,0
603,9,0.46561211347579956,2,1
604,-10,0.07191579788923264,1,0
605,10,0.06869807839393616,1,1
606,-50,0.21059690475463866,50,0
607,9,0.2232377678155899,2,1
608,9,0.14789646118879318,2,1
609,6,0.18836311101913453,5,1
610,10,0.6210088729858398,1,1
611,9,0.1726294308900833,2,1
612,-50,0.2035636321082711,50,0
613,9,0.29985316563397646,2,1
614,7,0.1706618838943541,4,1
615,-50,0.18740012511610984,50,0
616,-50,0.14204827427864075,50,0
617,-10,0.10979429632425308,1,0
618,8,0.4668358042836189,3,1
619,7,0.33061728812754154,4,1
620,10,0.4088844060897827,1,1
621,-50,0.22932577293366194,50,0
622,9,0.14361750334501266,2,1
623,8,0.22625254591306052,3,1
624,10,0.2434397041797638,1,1
625,-50,0.18162258472293616,50,0
626,-50,0.19016643188893795,50,0
627,8,0.2168403019507726,3,1
628,7,0.09781591035425663,4,1
629,-16,0.16911134041017956,27,1
630,10,0.2993120849132538,1,1
631,-12,0.1941820407907168,3,0
632,8,0.15965805699427923,3,1
633,9,0.09796498715877533,2,1
634,7,0.19033998809754848,4,1
635,7,0.15189593844115734,4,1
636,10,0.06592194736003876,1,1
637,7,0.22352898679673672,4,1
638,-30,0.14700017024467632,41,1
639,7,0.20413882657885551,4,1
640,10,0.09568106383085251,1,1
641,-50,0.18656540758907794,50,0
642,9,0.1261078454554081,2,1
643,5,0.1296351874868075,6,1
644,10,0.10784447193145752,1,1
645,9,0.2628650479018688,2,1
646,6,0.23161385506391524,5,1
647,10,0.12925957143306732,1,1
648,9,0.14832720160484314,2,1
649,-10,0.04928509145975113,1,0
650,8,0.15472141404946646,3,1
651,8,0.3434513757626216,3,1
652,10,0.07594956457614899,1,1
653,7,0.1199859157204628,4,1
654,-8,0.17494896877753108,19,1
655,9,0.3264169692993164,2,1
656,8,0.21580454210440317,3,1
657,-1,0.15119572170078754,12,1
658,10,0.13746750354766846,1,1
659,9,0.11448787897825241,2,1
660,9,0.17930099368095398,2,1
661,6,0.1990918666124344,5,1
662,-50,0.1501978262886405,50,0
663,-39,0.13558428107450407,30,0
664,8,0.19034005453189215,3,1
665,-50,0.15111157454550267,50,0
666,-11,0.11325552314519882,2,0
667,10,0.06168573349714279,1,1
668,8,0.14581460629900297,3,1
669,9,0.09863052144646645,2,1
670,10,0.20262810587882996,1,1
671,-50,0.17853455528616904,50,0
672,-50,0.15105695955455303,50,0
673,10,0.22287298738956451,1,1
674,9,0.0774565041065216,2,1
675,7,0.23135560750961304,4,1
676,1,0.12685953937470912,10,1
677,10,0.14386829733848572,1,1
678,8,0.07933939745028813,3,1
679,9,0.25478822737932205,2,1
680,-50,0.15259157184511424,50,0
681,10,0.0638900175690651,1,1
682,8,0.12748685479164124,3,1
683,10,0.11177496612071991,1,1
684,-50,0.1445235550403595,50,0
685,5,0.10948667178551356,6,1
686,7,0.17733149603009224,4,1
687,4,0.17275460490158626,7,1
688,-50,0.14241217587143182,50,0
689,8,0.1628373364607493,3,1
690,8,0.12172725175817807,3,1
691,6,0.1848062500357628,5,1
692,-13,0.06468674633651972,4,0
693,10,0.25596433877944946,1,1
694,10,0.11205282807350159,1,1
695,9,0.1423076055943966,2,1
696,8,0.12356341381867726,3,1
697,-50,0.13601317305117847,50,0
698,-50,0.14780485823750497,50,0
699,-14,0.2225840447843075,25,1
700,-32,0.125998089003355,43,1
701,7,0.15098700625821948,4,1
702,9,0.09228857234120369,2,1
703,7,0.19899027049541473,4,1
704,-12,0.12540498127539954,3,0
705,8,0.10764689246813457,3,1
706,8,0.09654621407389641,3,1
707,-13,0.0949912288536628,24,1
708,10,0.138800248503685,1,1
709,9,0.15428886376321316,2,1
710,9,0.08357486687600613,2,1
711,-50,0.1485860411450267,50,0
712,8,0.28106725712617237,3,1
713,10,0.015660813078284264,1,1
714,8,0.14169009402394295,3,1
715,8,0.17085880786180496,3,1
716,9,0.07669321075081825,2,1
717,10,0.06292636692523956,1,1
718,8,0.05297652259469032,3,1
719,8,0.06654204055666924,3,1
720,10,0.07995863258838654,1,1
721,-50,0.1497093004360795,50,0
722,8,0.09420582527915637,3,1
723,-10,0.16386090219020844,1,0
724,8,0.09994935741027196,3,1
725,-50,0.14368518449366094,50,0
726,8,0.060411872963110604,3,1
727,-50,0.13124930441379548,50,0
728,8,0.2248692810535431,3,1
729,10,0.04475313052535057,1,1
730,4,0.2585681177941816,7,1
731,-11,0.09156608581542969,2,0
732,-50,0.11127016866579652,50,0
733,10,0.04384314641356468,1,1
734,9,0.17699382454156876,2,1
735,-10,0.29716864228248596,1,0
736,10,0.04538630321621895,1,1
737,10,0.17656324803829193,1,1
738,10,0.07447196543216705,1,1
739,8,0.03904240888853868,3,1
740,-50,0.1234206859767437,50,0
741,-17,0.19091436892215694,28,1
742,9,0.0966285951435566,2,1
743,10,0.11804033815860748,1,1
744,7,0.13713412964716554,4,1
745,9,0.11689560022205114,2,1
746,9,0.261419914662838,2,1
747,7,0.08250659238547087,4,1
748,8,0.21159301698207855,3,1
749,10,0.11208423972129822,1,1
750,10,0.19604924321174622,1,1
751,-50,0.1808621053211391,50,0
752,-10,0.11335358023643494,1,0
753,-50,0.17683633808046578,50,0
754,10,0.16128060221672058,1,1
755,10,0.1427418738603592,1,1
756,8,0.3176085166633129,3,1
757,8,0.2690095156431198,3,1
758,-24,0.1458815114306552,35,1
759,9,0.4524078667163849,2,1
760,-12,0.18415510557267978,23,1
761,4,0.20991365292242595,7,1
762,9,0.16759147495031357,2,1
763,7,0.08469159808009863,4,1
764,-11,0.19221197068691254,2,0
765,8,0.4612693786621094,3,1
766,8,0.1256522573530674,3,1
767,9,0.12157605588436127,2,1
768,9,0.31418754905462265,2,1
769,-3,0.18064871270741736,14,1
770,10,0.2792593836784363,1,1
771,10,0.14392197132110596,1,1
772,10,0.10683916509151459,1,1
773,2,0.22445778196884525,9,1
774,7,0.1624614205211401,4,1
775,10,0.10380664467811584,1,1
776,-50,0.26001327741891145,50,0
777,10,0.18100053071975708,1,1
778,7,0.4586236998438835,4,1
779,7,0.196382699534297,4,1
780,10,0.4134902060031891,1,1
781,-21,0.23912394017679617,32,1
782,-11,0.31136225163936615,2,0
783,9,0.16590085625648499,2,1
784,-14,0.18966105699539185,25,1
785,-50,0.21768821153789758,50,0
786,8,0.1515213573972384,3,1
787,9,0.09466657415032387,2,1
788,9,0.1450347751379013,2,1
789,-50,0.25321470454335215,50,0
790,10,0.18097716569900513,1,1
791,7,0.10815070709213614,4,1
792,-10,0.2890169322490692,1,0
793,-7,0.24922685242361492,18,1
794,-50,0.2363682183995843,50,0
795,10,0.09915318340063095,1,1
796,8,0.2698205957810084,3,1
797,5,0.20907598982254663,6,1
798,10,0.0527668371796608,1,1
799,5,0.11979492257038753,6,1
800,8,0.18271144479513168,3,1
801,10,0.03924901410937309,1,1
802,3,0.15097928047180176,8,1
803,-32,0.15991678162542886,43,1
804,-50,0.19713916569948198,50,0
805,9,0.0893721953034401,2,1
806,8,0.10250303770105045,3,1
807,-50,0.1510011674463749,50,0
808,-50,0.1732163428887725,50,0
809,8,0.15281341969966888,3,1
810,10,0.31178203225135803,1,1
811,-13,0.12397659942507744,24,1
812,8,0.11732319742441177,3,1
813,10,0.09471306949853897,1,1
814,-10,0.46616220474243164,1,0
815,-34,0.1583804640091128,45,1
816,10,0.11431469023227692,1,1
817,-20,0.19915068942692973,31,1
818,-46,0.1640583708680965,37,0
819,6,0.09483528770506382,5,1
820,9,0.0594224538654089,2,1
821,9,0.08503551408648491,2,1
822,5,0.2051137313246727,6,1
823,8,0.1437260409196218,3,1
824,6,0.15839969143271446,5,1
825,10,0.07287710905075073,1,1
826,7,0.10623154230415821,4,1
827,10,0.07614324241876602,1,1
828,8,0.20837332804997763,3,1
829,-36,0.1625910368847086,47,1
830,8,0.12868277231852213,3,1
831,10,0.16441768407821655,1,1
832,9,0.08754800818860531,2,1
833,9,0.15986280515789986,2,1
834,9,0.09655124321579933,2,1
835,-13,0.14417321234941483,24,1
836,-11,0.16960344836115837,2,0
837,9,0.12775592505931854,2,1
838,7,0.1287227813154459,4,1
839,6,0.14309915006160737,5,1
840,6,0.09034595265984535,5,1
841,-50,0.17342159867286683,50,0
842,-14,0.162577198818326,25,1
843,2,0.1204861741926935,9,1
844,10,0.10758669674396515,1,1
845,10,0.18960028886795044,1,1
846,7,0.059567490592598915,4,1
847,10,0.13988548517227173,1,1
848,7,0.10328840278089046,4,1
849,-50,0.14592405758798122,50,0
850,10,0.11636443436145782,1,1
851,-16,0.13117879366985075,27,1
852,7,0.15172197856009007,4,1
853,-6,0.14163044664789648,17,1
854,10,0.5687129497528076,1,1
855,7,0.20511415787041187,4,1
856,-29,0.14272711407393218,40,1
857,10,0.1343989074230194,1,1
858,9,0.06711936369538307,2,1
859,8,0.09515971442063649,3,1
860,3,0.186717146076262,8,1
861,10,0.2465064823627472,1,1
862,-14,0.10780780829489231,25,1
863,10,0.12333740293979645,1,1
864,9,0.13823127001523972,2,1
865,8,0.13512587050596872,3,1
866,-38,0.15930113026165757,29,0
867,9,0.11231310199946165,2,1
868,10,0.056207939982414246,1,1
869,10,0.026568423956632614,1,1
870,9,0.047672197222709656,2,1
871,8,0.12341170261303584,3,1
872,-14,0.22412701740860938,25,1
873,10,0.043942712247371674,1,1
874,7,0.07444303762167692,4,1
875,8,0.18198154494166374,3,1
876,8,0.09327566251158714,3,1
877,9,0.32728803157806396,2,1
878,8,0.21816962957382202,3,1
879,7,0.07284404896199703,4,1
880,9,0.08973968401551247,2,1
881,8,0.3136393527189891,3,1
882,-50,0.13929134022444487,50,0
883,8,0.1140175610780716,3,1
884,7,0.0891642402857542,4,1
885,10,0.584953784942627,1,1
886,7,0.08037394843995571,4,1
887,8,0.23669325436155,3,1
888,-11,0.0831109769642353,2,0
889,10,0.10424074530601501,1,1
890,8,0.06380431478222211,3,1
891,5,0.2662925124168396,6,1
892,9,0.12925360724329948,2,1
893,5,0.0967007465660572,6,1
894,8,0.07458156843980153,3,1
895,-11,0.11977126449346542,2,0
896,8,0.06188030416766802,3,1
897,8,0.08696239441633224,3,1
898,9,0.14487911760807037,2,1
899,8,0.17472413430611292,3,1
900,8,0.06016760319471359,3,1
901,8,0.04368673637509346,3,1
902,9,0.051951659843325615,2,1
903,9,0.3025567755103111,2,1
904,6,0.1462985347956419,5,1
905,8,0.24411998192469278,3,1
906,-17,0.15109066026551382,28,1
907,-11,0.0975978896021843,2,0
908,9,0.3268296793103218,2,1
909,10,0.06209670007228851,1,1
910,5,0.15234403312206268,6,1
911,-10,0.03682843595743179,1,0
912,-50,0.15058183060958982,50,0
913,8,0.12202450136343639,3,1
914,7,0.18585340213030577,4,1
915,10,0.3478039801120758,1,1
916,9,0.13777713477611542,2,1
917,6,0.11401872038841247,5,1
918,10,0.044415295124053955,1,1
919,10,0.25768858194351196,1,1
920,10,0.049304235726594925,1,1
921,10,0.08892552554607391,1,1
922,10,0.22146344184875488,1,1
923,10,0.0650092139840126,1,1
924,10,0.106308214366436,1,1
925,-50,0.15765352929010987,50,0
926,-23,0.129125841153676,34,1
927,9,0.4497451186180115,2,1
928,8,0.22483720382054648,3,1
929,7,0.2602408826351166,4,1
930,-11,0.07397175580263138,2,0
931,7,0.1836906000971794,4,1
932,9,0.24381744861602783,2,1
933,-50,0.16509765446186064,50,0
934,10,0.022874722257256508,1,1
935,-50,0.13070337561890483,50,0
936,9,0.10650670155882835,2,1
937,-12,0.2696342101941506,3,0
938,8,0.09588642170031865,3,1
939,5,0.09944759123027325,6,1
940,6,0.12136122360825538,5,1
941,9,0.12987814098596573,2,1
942,5,0.16083992520968118,6,1
943,10,0.8357045650482178,1,1
944,8,0.09754122296969096,3,1
945,9,0.2719450891017914,2,1
946,8,0.2510630438725154,3,1
947,7,0.13541594799607992,4,1
948,9,0.15392812713980675,2,1
949,9,0.32840219140052795,2,1
950,9,0.20807172916829586,2,1
951,-50,0.13077290192246438,50,0
952,9,0.04916467145085335,2,1
953,10,0.2710018754005432,1,1
954,-18,0.1429845450189093,29,1
955,8,0.4624272882938385,3,1
956,10,0.08226151764392853,1,1
957,8,0.12929481516281763,3,1
958,9,0.17273560538887978,2,1
959,8,0.22607410637040934,3,1
960,-17,0.161449405032077,28,1
961,-50,0.1866591016575694,50,0
962,9,0.18743088468909264,2,1
963,-24,0.20490041407091278,35,1
964,6,0.12939662411808966,5,1
965,9,0.2525876499712467,2,1
966,10,0.4798137843608856,1,1
967,-50,0.18539962589740752,50,0
968,-10,0.18281614780426025,1,0
969,-17,0.15746600353824242,28,1
970,5,0.3176799640059471,6,1
971,8,0.2652168522278468,3,1
972,9,0.21988897025585175,2,1
973,-50,0.17326132321730256,50,0
974,10,0.0945570170879364,1,1
975,10,0.0827435776591301,1,1
976,9,0.1869715116918087,2,1
977,10,0.049095235764980316,1,1
978,-10,0.6112133264541626,1,0
979,10,0.05367716774344444,1,1
980,-10,0.3856530785560608,1,0
981,10,0.593420684337616,1,1
982,5,0.08487241094311078,6,1
983,-50,0.1932309909723699,50,0
984,6,0.25249460339546204,5,1
985,7,0.1545627899467945,4,1
986,10,0.01689019426703453,1,1
987,10,0.04319095239043236,1,1
988,10,0.19274987280368805,1,1
989,9,0.13899247348308563,2,1
990,9,0.40360136330127716,2,1
991,10,0.11644560098648071,1,1
992,8,0.13212367395559946,3,1
993,10,0.7076608538627625,1,1
994,9,0.13183877244591713,2,1
995,10,0.7712172865867615,1,1
996,-15,0.16952220228715584,26,1
997,9,0.08604372013360262,2,1
998,8,0.1990038783599933,3,1
999,10,0.3656289875507355,1,1
1000,-21,0.11677845905069262,32,1
1,-50,0.1780318759381771,50,0
2,10,0.19598126411437988,1,1
3,10,0.14243480563163757,1,1
4,9,0.22659288346767426,2,1
5,9,0.41809694468975067,2,1
6,8,0.191709004342556,3,1
7,9,0.14791398495435715,2,1
8,-10,0.18900775696550096,21,1
9,6,0.12625301629304886,5,1
10,9,0.16552307456731796,2,1
11,1,0.205598059669137,10,1
12,9,0.10576319135725498,2,1
13,-5,0.2087430510437116,16,1
14,-35,0.19219697574558464,46,1
15,-10,0.12049831449985504,1,0
16,8,0.1327820966641108,3,1
17,10,0.06995753198862076,1,1
18,10,0.23659902811050415,1,1
19,-21,0.19221135252155364,32,1
20,9,0.1503600999712944,2,1
21,-31,0.18990071827457064,42,1
22,7,0.10715960990637541,4,1
23,9,0.10860247910022736,2,1
24,10,0.08285222947597504,1,1
25,-10,0.07741758227348328,1,0
26,-27,0.1980484575033188,38,1
27,9,0.08764052763581276,2,1
28,1,0.09723377153277397,10,1
29,-50,0.19336422253400087,50,0
30,7,0.11948192305862904,4,1
31,9,0.07096924260258675,2,1
32,10,0.26825451850891113,1,1
33,6,0.15793855115771294,5,1
34,7,0.1805409025400877,4,1
35,6,0.200710266828537,5,1
36,8,0.18180776884158453,3,1
37,-30,0.13495458680249395,21,0
38,8,0.233445064475139,3,1
39,-10,0.12246981263160706,1,0
40,8,0.12691803773244223,3,1
41,3,0.1436267327517271,8,1
42,9,0.35007746517658234,2,1
43,8,0.24708873530228934,3,1
44,5,0.17286837783952555,6,1
45,10,0.17102573812007904,1,1
46,-11,0.2926507443189621,2,0
47,8,0.20777917901674905,3,1
48,-12,0.24655727545420328,3,0
49,8,0.12756534914175668,3,1
50,7,0.11105853319168091,4,1
51,9,0.19985105097293854,2,1
52,-10,0.1380409300327301,1,0
53,6,0.19531461894512175,5,1
54,0,0.2269799614494497,11,1
55,10,0.16537418961524963,1,1
56,9,0.27704037725925446,2,1
57,10,0.046966392546892166,1,1
58,4,0.2849078508360045,7,1
59,3,0.12930763443000615,8,1
60,-23,0.17996538830373218,34,1
61,9,0.3299696519970894,2,1
62,8,0.1065263773004214,3,1
63,9,0.09873133152723312,2,1
64,10,0.16722047328948975,1,1
65,9,0.20088107138872147,2,1
66,10,0.06408809125423431,1,1
67,-6,0.22094223210040262,17,1
68,7,0.12682851683348417,4,1
69,10,0.03291734308004379,1,1
70,9,0.08795486018061638,2,1
71,-38,0.1582790562997059,49,1
72,5,0.09048050517837207,6,1
73,9,0.08725428953766823,2,1
74,10,0.12489012628793716,1,1
75,9,0.09331044554710388,2,1
76,-25,0.2340511538916164,36,1
77,9,0.12426632270216942,2,1
78,10,0.10174023360013962,1,1
79,9,0.08268995955586433,2,1
80,-19,0.3184644487996896,30,1
81,1,0.22962815016508104,10,1
82,-11,0.39158153533935547,2,0
83,8,0.21714633206526437,3,1
84,9,0.14857924357056618,2,1
85,6,0.15959485471248627,5,1
86,8,0.0996612161397934,3,1
87,8,0.2633569464087486,3,1
88,-50,0.20368968151509761,50,0
89,10,0.02819819748401642,1,1
90,6,0.15515367090702056,5,1
91,1,0.08826697804033756,10,1
92,10,0.06924711167812347,1,1
93,8,0.42941681543986004,3,1
94,9,0.07518463209271431,2,1
95,10,0.10013025999069214,1,1
96,9,0.08894316665828228,2,1
97,9,0.158596009016037,2,1
98,-19,0.12151371594518423,30,1
99,-50,0.16174361832439899,50,0
100,8,0.24317849179108939,3,1
101,9,0.33750902861356735,2,1
102,-50,0.14771847166121005,50,0
103,-50,0.1704554657638073,50,0
104,9,0.3620930016040802,2,1
105,-6,0.14261561413021648,17,1
106,1,0.10506481863558292,10,1
107,6,0.0690525621175766,5,1
108,8,0.049448161075512566,3,1
109,8,0.13570269445578256,3,1
110,-10,0.08486394584178925,1,0
111,9,0.18470248579978943,2,1
112,8,0.12630707398056984,3,1
113,7,0.09504793584346771,4,1
114,8,0.2026930128534635,3,1
115,10,0.10410051047801971,1,1
116,4,0.11406868323683739,7,1
117,7,0.1370600452646613,4,1
118,7,0.057208084501326084,4,1
119,-12,0.1209609533349673,3,0
120,8,0.07119463384151459,3,1
121,10,0.38816770911216736,1,1
122,-15,0.13189248337099949,6,0
123,8,0.0839984118938446,3,1
124,7,0.11074034497141838,4,1
125,10,0.027245663106441498,1,1
126,8,0.11409619823098183,3,1
127,-22,0.1322824297416391,33,1
128,9,0.02078801952302456,2,1
129,7,0.14214658737182617,4,1
130,-12,0.2264222533752521,3,0
131,-16,0.16591908779271222,27,1
132,-10,0.04995584115386009,1,0
133,9,0.18995197117328644,2,1
134,8,0.13563489417235056,3,1
135,10,1.0624566078186035,1,1
136,-10,0.07625380158424377,1,0
137,10,0.6594246625900269,1,1
138,8,0.2618078365921974,3,1
139,9,0.2011861950159073,2,1
140,7,0.15619840286672115,4,1
141,-20,0.1487062829396417,31,1
142,7,0.09247923735529184,4,1
143,10,0.03757167607545853,1,1
144,9,0.05135033093392849,2,1
145,-50,0.12219996187835931,50,0
146,10,0.06996627151966095,1,1
147,9,0.16507311165332794,2,1
148,8,0.15619548906882605,3,1
149,8,0.2510444273551305,3,1
150,6,0.053598787635564804,5,1
151,10,0.023918144404888153,1,1
152,9,0.04795062355697155,2,1
153,8,0.26046442488829297,3,1
154,8,0.08567991852760315,3,1
155,9,0.03822271851822734,2,1
156,-50,0.1352427576109767,50,0
157,-53,0.18738425031981684,44,0
158,6,0.1569707367569208,5,1
159,9,0.14572691917419434,2,1
160,10,0.046532042324543,1,1
161,9,0.0819421149790287,2,1
162,9,0.05896089691668749,2,1
163,9,0.16072949022054672,2,1
164,8,0.0542553806056579,3,1
165,7,0.24886598624289036,4,1
166,6,0.10850003510713577,5,1
167,9,0.04219760373234749,2,1
168,10,0.017065800726413727,1,1
169,10,0.08090324699878693,1,1
170,8,0.19696604212125143,3,1
171,-10,0.0321638286113739,1,0
172,7,0.13349922001361847,4,1
173,10,0.13833844661712646,1,1
174,2,0.16538446375893223,9,1
175,8,0.1677167365948359,3,1
176,8,0.06868988772233327,3,1
177,8,0.18175054093201956,3,1
178,6,0.1420718513429165,5,1
179,6,0.16250018663704396,5,1
180,9,0.16542385146021843,2,1
181,-13,0.15539556904695928,24,1
182,10,0.054589733481407166,1,1
183,10,0.050481684505939484,1,1
184,9,0.21259775012731552,2,1
185,10,0.3782103955745697,1,1
186,7,0.0899456487968564,4,1
187,9,0.02483703661710024,2,1
188,8,0.28481176868081093,3,1
189,7,0.03143665101379156,4,1
190,-50,0.1922664114460349,50,0
191,10,0.15713778138160706,1,1
192,10,0.1583958864212036,1,1
193,-35,0.27765040214245135,26,0
194,9,0.29203036427497864,2,1
195,8,0.23606318483750025,3,1
196,9,0.28006579726934433,2,1
197,7,0.38729141280055046,4,1
198,9,0.07198571041226387,2,1
199,10,0.19151723384857178,1,1
200,9,0.27386171370744705,2,1
201,-11,0.25989529490470886,2,0
202,10,0.12180416285991669,1,1
203,-6,0.21010889584089026,17,1
204,9,0.5987631753087044,2,1
205,9,0.22547153383493423,2,1
206,-50,0.2464493376761675,50,0
207,6,0.12761389464139938,5,1
208,8,0.16212337712446848,3,1
209,4,0.20915862864681653,7,1
210,7,0.26747442968189716,4,1
211,8,0.48616738120714825,3,1
212,10,0.2192431390285492,1,1
213,9,0.5824046432971954,2,1
214,-50,0.27115009814500807,50,0
215,-50,0.21254184253513814,50,0
216,5,0.2948468402028084,6,1
217,9,0.14844070374965668,2,1
218,-10,0.4354792833328247,1,0
219,10,0.1309557557106018,1,1
220,-50,0.23036725230515004,50,0
221,8,0.4690219710270564,3,1
222,8,0.3000239630540212,3,1
223,-11,0.41790638491511345,2,0
224,-11,0.1332244947552681,2,0
225,7,0.14758614636957645,4,1
226,10,0.18216368556022644,1,1
227,8,0.0707297498981158,3,1
228,10,0.16500866413116455,1,1
229,10,0.5346062183380127,1,1
230,9,0.44130653142929077,2,1
231,-10,0.17874814569950104,1,0
232,5,0.22991527368625006,6,1
233,-33,0.2362753189253536,44,1
234,10,0.8893543481826782,1,1
235,7,0.2439598273485899,4,1
236,9,0.28891145437955856,2,1
237,9,0.36580652743577957,2,1
238,10,0.11664396524429321,1,1
239,-50,0.2507887269183993,50,0
240,-13,0.19317635148763657,4,0
241,10,0.10675463825464249,1,1
242,7,0.1267381627112627,4,1
243,7,0.20397746562957764,4,1
244,8,0.32227735221385956,3,1
245,9,0.3988966103643179,2,1
246,10,0.13469679653644562,1,1
247,7,0.10783032421022654,4,1
248,9,0.24923660978674889,2,1
249,10,0.17900128662586212,1,1
250,6,0.09842511788010597,5,1
251,8,0.1587832048535347,3,1
252,-25,0.20552918035537004,36,1
253,-20,0.23831074288295162,31,1
254,10,0.2547314167022705,1,1
255,-31,0.1985857920898568,42,1
256,8,0.11696714411179225,3,1
257,9,0.12903925590217113,2,1
258,-31,0.1675126605074514,22,0
259,9,0.08809833601117134,2,1
260,8,0.11151313160856564,3,1
261,-8,0.1677178160140389,19,1
262,10,0.07598870992660522,1,1
263,-50,0.2492489656433463,50,0
264,8,0.11082466195027034,3,1
265,9,0.07510731182992458,2,1
266,4,0.11914465736065592,7,1
267,-10,0.09187015146017075,1,0
268,10,0.15379372239112854,1,1
269,9,0.2312210649251938,2,1
270,-10,0.050388261675834656,1,0
271,-50,0.2229583538323641,50,0
272,10,0.1977500170469284,1,1
273,6,0.27263089567422866,5,1
274,10,0.5358341932296753,1,1
275,10,0.10554062575101852,1,1
276,9,0.08194642513990402,2,1
277,8,0.30300377309322357,3,1
278,9,0.13836615532636642,2,1
279,8,0.21444612741470337,3,1
280,7,0.19077830482274294,4,1
281,10,0.1559264361858368,1,1
282,8,0.23179011046886444,3,1
283,9,0.41822443902492523,2,1
284,6,0.15967801213264465,5,1
285,8,0.19211668272813162,3,1
286,8,0.23788466056187949,3,1
287,8,0.08972696959972382,3,1
288,-4,0.23874033987522125,15,1
289,-50,0.23523384004831313,50,0
290,8,0.1583821860452493,3,1
291,-26,0.22123336268437876,37,1
292,-10,0.0902024656534195,1,0
293,8,0.14893816659847894,3,1
294,-10,0.18719789385795593,1,0
295,10,0.09917126595973969,1,1
296,7,0.15094831958413124,4,1
297,9,0.10262386128306389,2,1
298,10,0.5568606853485107,1,1
299,10,0.16169527173042297,1,1
300,8,0.15403712168335915,3,1
301,6,0.3521154344081879,5,1
302,-18,0.1612277196013722,29,1
303,9,0.5875304937362671,2,1
304,7,0.3359566628932953,4,1
305,10,0.12368682026863098,1,1
306,8,0.10681769748528798,3,1
307,8,0.4676242619752884,3,1
308,-12,0.12879001473387083,3,0
309,10,0.49133601784706116,1,1
310,6,0.2982208579778671,5,1
311,10,0.1361829936504364,1,1
312,-18,0.17271130120959774,29,1
313,9,0.33570289611816406,2,1
314,9,0.44855012744665146,2,1
315,10,0.1350090205669403,1,1
316,7,0.23331550508737564,4,1
317,10,0.1292111575603485,1,1
318,9,0.1933910772204399,2,1
319,6,0.1334208831191063,5,1
320,10,0.07888229191303253,1,1
321,8,0.26099928220113117,3,1
322,8,0.175042986869812,3,1
323,-50,0.1886620445549488,50,0
324,5,0.30651020382841426,6,1
325,9,0.10013044625520706,2,1
326,7,0.16868111677467823,4,1
327,9,0.04167483653873205,2,1
328,-25,0.201826639732139,36,1
329,7,0.19334085658192635,4,1
330,7,0.1820567063987255,4,1
331,10,0.1215972900390625,1,1
332,7,0.08968325518071651,4,1
333,-50,0.16940459705889224,50,0
334,-11,0.1267518252134323,2,0
335,-21,0.18147153360769153,32,1
336,10,0.0861034244298935,1,1
337,-15,0.12839965636913592,26,1
338,7,0.1647852435708046,4,1
339,-50,0.16514421243220567,50,0
340,-20,0.15305126255208795,11,0
341,9,0.33563512563705444,2,1
342,8,0.14003810286521912,3,1
343,-11,0.16724250465631485,2,0
344,8,0.08146349092324574,3,1
345,-25,0.20629732807477316,36,1
346,9,0.047699619084596634,2,1
347,9,0.23897835984826088,2,1
348,9,0.21026718616485596,2,1
349,9,0.3144887536764145,2,1
350,7,0.15067745931446552,4,1
351,8,0.05936039611697197,3,1
352,9,0.0883428305387497,2,1
353,7,0.447201743721962,4,1
354,9,0.1041455827653408,2,1
355,-50,0.17212367687374353,50,0
356,10,0.059156037867069244,1,1
357,-5,0.2115642975550145,16,1
358,-50,0.22425296887755394,50,0
359,9,0.15669523924589157,2,1
360,9,0.11198214814066887,2,1
361,-11,0.125862255692482,2,0
362,9,0.1076856404542923,2,1
363,-6,0.2784794082536417,17,1
364,5,0.13625607639551163,6,1
365,9,0.18655487895011902,2,1
366,-50,0.14976552538573742,50,0
367,9,0.08984095230698586,2,1
368,-11,0.3166934549808502,2,0
369,9,0.27719357423484325,2,1
370,7,0.19505360536277294,4,1
371,6,0.10428569987416267,5,1
372,9,0.3179937079548836,2,1
373,8,0.09955255811413129,3,1
374,8,0.18961196765303612,3,1
375,10,0.14438708126544952,1,1
376,9,0.1048065684735775,2,1
377,-10,0.30158525705337524,1,0
378,10,0.15498197078704834,1,1
379,10,0.055795662105083466,1,1
380,8,0.13015407820542654,3,1
381,9,0.1604420617222786,2,1
382,9,0.029865085147321224,2,1
383,9,0.23601289093494415,2,1
384,-10,0.08510251343250275,1,0
385,8,0.13037245410184065,3,1
386,9,0.06023753806948662,2,1
387,3,0.06666860159020871,8,1
388,10,0.05923492833971977,1,1
389,-10,0.0772060975432396,1,0
390,10,0.16444797813892365,1,1
391,8,0.47263994812965393,3,1
392,9,0.2680119499564171,2,1
393,7,0.047019755467772484,4,1
394,5,0.23990214119354883,6,1
395,9,0.0951835885643959,2,1
396,7,0.1875901287421584,4,1
397,-11,0.08460206538438797,2,0
398,2,0.14605246153142717,9,1
399,8,0.2574921635289987,3,1
400,-50,0.1581468877568841,50,0
401,10,0.10390253365039825,1,1
402,10,0.16206666827201843,1,1
403,10,0.06337279826402664,1,1
404,-10,0.1303868293762207,1,0
405,4,0.09841538327080863,7,1
406,8,0.09260140483578046,3,1
407,10,0.18173129856586456,1,1
408,6,0.08208019956946373,5,1
409,6,0.14868691246956586,5,1
410,8,0.15304531063884497,3,1
411,6,0.19639644175767898,5,1
412,5,0.10783375799655914,6,1
413,10,0.08578506857156754,1,1
414,8,0.2092063638071219,3,1
415,10,0.06333833187818527,1,1
416,-10,0.03210638463497162,1,0
417,8,0.12796366401016712,3,1
418,10,0.28089338541030884,1,1
419,-50,0.21149548986926675,50,0
420,7,0.1940883919596672,4,1
421,9,0.08115902543067932,2,1
422,-10,0.1366971880197525,1,0
423,8,0.2251219501097997,3,1
424,9,0.1621561273932457,2,1
425,8,0.11648872805138429,3,1
426,-50,0.15132798306643963,50,0
427,8,0.19673333937923113,3,1
428,7,0.2018343834206462,4,1
429,8,0.09490349143743515,3,1
430,10,0.5889402031898499,1,1
431,8,0.07854064367711544,3,1
432,7,0.19336295686662197,4,1
433,-11,0.08219673857092857,2,0
434,10,0.027881350368261337,1,1
435,10,0.1330070048570633,1,1
436,-50,0.18369662787765265,50,0
437,10,0.2511094808578491,1,1
438,9,0.1449320763349533,2,1
439,8,0.22417822231849036,3,1
440,-34,0.2792728008495437,45,1
441,10,0.14063645899295807,1,1
442,10,0.16180869936943054,1,1
443,9,0.060699768364429474,2,1
444,9,0.15375633910298347,2,1
445,8,0.16881012047330538,3,1
446,-50,0.22397506296634673,50,0
447,9,0.0736507922410965,2,1
448,10,0.5104066729545593,1,1
449,-50,0.17189214886166154,50,0
450,7,0.11530964076519012,4,1
451,8,0.3240008627374967,3,1
452,10,0.059010155498981476,1,1
453,-38,0.1936435143710399,49,1
454,7,0.2738963789306581,4,1
455,5,0.08026720304042101,6,1
456,10,0.05628073960542679,1,1
457,9,0.14256353676319122,2,1
458,8,0.4411837210257848,3,1
459,7,0.1246839314699173,4,1
460,-50,0.17932033384218812,50,0
461,9,0.21166513860225677,2,1
462,8,0.3182384818792343,3,1
463,-52,0.19859580498535273,43,0
464,8,0.1584916114807129,3,1
465,7,0.29533445090055466,4,1
466,8,0.19443872043242058,3,1
467,7,0.15712487511336803,4,1
468,6,0.19499224685132505,5,1
469,10,0.07761119306087494,1,1
470,10,0.029037026688456535,1,1
471,8,0.04224538120130698,3,1
472,10,0.2219337671995163,1,1
473,-50,0.1742435478232801,50,0
474,8,0.06262866718073686,3,1
475,9,0.22688891738653183,2,1
476,10,0.03617331385612488,1,1
477,9,0.1360861212015152,2,1
478,6,0.23995252847671508,5,1
479,5,0.11696479904154937,6,1
480,-10,0.1159602701663971,1,0
481,-16,0.17054100334644318,7,0
482,7,0.2358251865953207,4,1
483,8,0.38939684132734936,3,1
484,-50,0.18336561053991318,50,0
485,6,0.21621426045894623,5,1
486,9,0.162398561835289,2,1
487,7,0.3351777195930481,4,1
488,7,0.2532227709889412,4,1
489,7,0.3376186601817608,4,1
490,10,0.09014163911342621,1,1
491,9,0.20384374260902405,2,1
492,-22,0.16787359310370503,33,1
493,9,0.12556962668895721,2,1
494,9,0.3516184911131859,2,1
495,10,0.07067432254552841,1,1
496,9,0.0805467925965786,2,1
497,7,0.20735847763717175,4,1
498,7,0.12890142481774092,4,1
499,10,0.5059564113616943,1,1
500,-50,0.22853218484669924,50,0
501,9,0.32223380729556084,2,1
502,-13,0.3428422175347805,4,0
503,9,0.3327963501214981,2,1
504,-6,0.16639357290285475,17,1
505,8,0.21526234348615012,3,1
506,7,0.16656122170388699,4,1
507,6,0.10725334733724594,5,1
508,6,0.17286744415760041,5,1
509,9,0.036812194623053074,2,1
510,-10,0.0588817223906517,1,0
511,-19,0.16484167103966077,30,1
512,9,0.16988747380673885,2,1
513,-18,0.19448870966403647,29,1
514,10,0.4051373600959778,1,1
515,10,0.0700116977095604,1,1
516,9,0.059602610766887665,2,1
517,8,0.1327041288216909,3,1
518,-50,0.2430435276031494,50,0
519,-2,0.13488483973420584,13,1
520,8,0.1320241540670395,3,1
521,-11,0.6759025752544403,2,0
522,5,0.16604606434702873,6,1
523,-2,0.1533746553155092,13,1
524,9,0.14257511124014854,2,1
525,9,0.1967204324901104,2,1
526,8,0.16480820377667746,3,1
527,-49,0.1918004086241126,40,0
528,9,0.22174903750419617,2,1
529,10,0.09642951190471649,1,1
530,10,0.5245441198348999,1,1
531,-13,0.20003218855708838,24,1
532,8,0.5602017541726431,3,1
533,-50,0.18620768383145334,50,0
534,9,0.2511768788099289,2,1
535,9,0.11284131184220314,2,1
536,3,0.3652687454596162,8,1
537,-29,0.18853633869439362,20,0
538,8,0.1308331141869227,3,1
539,7,0.20470233168452978,4,1
540,-23,0.22848972897319234,34,1
541,-30,0.18431647085561986,41,1
542,8,0.05794752389192581,3,1
543,-5,0.12203453481197357,16,1
544,8,0.1891201250255108,3,1
545,0,0.11763488094915044,11,1
546,8,0.31894029676914215,3,1
547,10,0.2509397864341736,1,1
548,9,0.16739220917224884,2,1
549,9,0.09372325614094734,2,1
550,-28,0.17765401571224898,39,1
551,-29,0.1825798018835485,40,1
552,-10,0.2353811264038086,1,0
553,6,0.1709698185324669,5,1
554,-50,0.17318320348858834,50,0
555,-11,0.08811595290899277,2,0
556,9,0.10172141715884209,2,1
557,9,0.2551489621400833,2,1
558,8,0.11640050262212753,3,1
559,7,0.0855967327952385,4,1
560,7,0.10583945829421282,4,1
561,8,0.1623388131459554,3,1
562,8,0.09726959218581517,3,1
563,9,0.08834715932607651,2,1
564,8,0.12042333806554477,3,1
565,9,0.0517299510538578,2,1
566,-7,0.1846311492845416,18,1
567,10,0.08762874454259872,1,1
568,8,0.19483313709497452,3,1
569,8,0.1981177826722463,3,1
570,8,0.34439556300640106,3,1
571,8,0.2031753808259964,3,1
572,8,0.4076298450430234,3,1
573,9,0.25600285828113556,2,1
574,-12,0.27339546879132587,3,0
575,8,0.28689808895190555,3,1
576,7,0.08416194934397936,4,1
577,9,0.04166867211461067,2,1
578,7,0.38541637919843197,4,1
579,8,0.10746997098128001,3,1
580,-10,0.07320071011781693,1,0
581,-9,0.10349528323858977,20,1
582,9,0.13300492241978645,2,1
583,-50,0.13770134516060353,50,0
584,-4,0.13484981308380764,15,1
585,9,0.1722552850842476,2,1
586,10,0.05127190798521042,1,1
587,-32,0.14786544919985792,23,0
588,-50,0.1763537634909153,50,0
589,8,0.07540229087074597,3,1
590,9,0.15296895056962967,2,1
591,10,0.08712702244520187,1,1
592,6,0.4669268414378166,5,1
593,10,0.11686214804649353,1,1
594,-15,0.09987702562163274,6,0
595,7,0.1002415306866169,4,1
596,-50,0.16615512691438197,50,0
597,-50,0.1284681026637554,50,0
598,-50,0.12177332047373056,50,0
599,10,0.597538948059082,1,1
600,9,0.0911764595657587,2,1
601,8,0.07017243467271328,3,1
602,-11,0.1495506949722767,2,0
603,9,0.3749749958515167,2,1
604,10,0.3441530466079712,1,1
605,-50,0.10376646000891925,50,0
606,8,0.1645825287948052,3,1
607,9,0.06315809860825539,2,1
608,-50,0.06313080221414566,50,0
609,-50,0.07370847634971142,50,0
610,-50,0.10833245614543557,50,0
611,6,0.1406543742865324,5,1
612,9,0.05801720172166824,2,1
613,-50,0.08581172900274396,50,0
614,-20,0.09483209282400147,31,1
615,9,0.050404731184244156,2,1
616,9,0.07880645617842674,2,1
617,10,0.01748799905180931,1,1
618,10,0.17507219314575195,1,1
619,10,0.06089242547750473,1,1
620,-50,0.10662887008860707,50,0
621,-50,0.09676292700693011,50,0
622,-13,0.04339089849963784,4,0
623,-10,0.02885867841541767,1,0
624,9,0.07208839058876038,2,1
625,10,0.09597720950841904,1,1
626,-10,0.0216301828622818,1,0
627,8,0.027400992810726166,3,1
628,8,0.02000468783080578,3,1
629,9,0.16978070326149464,2,1
630,7,0.15510186087340117,4,1
631,-12,0.02421661124875148,3,0
632,7,0.020836733747273684,4,1
633,10,0.07279416918754578,1,1
634,10,0.3211005628108978,1,1
635,7,0.01572632510215044,4,1
636,10,0.015913188457489014,1,1
637,7,0.021620808402076364,4,1
638,10,0.02040480449795723,1,1
639,9,0.029235822148621082,2,1
640,8,0.19601882559557757,3,1
641,8,0.10109379639228185,3,1
642,-32,0.11186205258939502,43,1
643,8,0.08168489796419938,3,1
644,-11,0.0705551765859127,2,0
645,-10,0.191047963021057,21,1
646,9,0.12167444173246622,2,1
647,10,0.029306428506970406,1,1
648,8,0.13905852288007736,3,1
649,10,0.18403954803943634,1,1
650,9,0.11259820312261581,2,1
651,10,0.46474140882492065,1,1
652,8,0.19806220134099325,3,1
653,9,0.042867330834269524,2,1
654,-50,0.1389402638375759,50,0
655,-10,0.09338980913162231,1,0
656,10,0.19891998171806335,1,1
657,-10,0.13633221742652712,21,1
658,10,0.06384404748678207,1,1
659,-12,0.04518114154537519,3,0
660,1,0.25597645379602907,10,1
661,10,0.09138882905244827,1,1
662,5,0.19009220972657204,6,1
663,-10,0.12063878029584885,1,0
664,10,0.03847324848175049,1,1
665,8,0.09443917373816173,3,1
666,9,0.09129060246050358,2,1
667,8,0.19332826882600784,3,1
668,10,0.1391993910074234,1,1
669,8,0.29169567426045734,3,1
670,8,0.259044071038564,3,1
671,10,0.05710920691490173,1,1
672,9,0.26077301800251007,2,1
673,8,0.35974598055084545,3,1
674,10,0.252238392829895,1,1
675,-50,0.17799674104899169,50,0
676,8,0.22242145178218684,3,1
677,8,0.07175621017813683,3,1
678,8,0.2471954052646955,3,1
679,10,0.07843764871358871,1,1
680,10,0.11329557001590729,1,1
681,-2,0.1772766628374274,13,1
682,10,0.035109296441078186,1,1
683,10,0.2384698987007141,1,1
684,10,0.026288477703928947,1,1
685,6,0.2729184225201607,5,1
686,8,0.2039089227716128,3,1
687,8,0.11471918597817421,3,1
688,-10,0.2574494779109955,1,0
689,-50,0.1634889011271298,50,0
690,-23,0.20238976125769756,34,1
691,8,0.27928974231084186,3,1
692,8,0.21232415239016214,3,1
693,7,0.4228764772415161,4,1
694,-10,0.09752774398241724,21,1
695,9,0.19663817062973976,2,1
696,-36,0.1738823634829927,47,1
697,8,0.10263598586122195,3,1
698,-10,0.09918743371963501,1,0
699,-10,0.19237977266311646,1,0
700,7,0.10272452794015408,4,1
701,8,0.1667143702507019,3,1
702,8,0.07898931701978047,3,1
703,-48,0.1673247244877693,39,0
704,8,0.3326872115333875,3,1
705,-3,0.15619636154068367,14,1
706,7,0.21889985352754593,4,1
707,10,0.10756253451108932,1,1
708,8,0.1408008337020874,3,1
709,6,0.11925623491406441,5,1
710,9,0.26486337929964066,2,1
711,7,0.23043960705399513,4,1
712,8,0.44642961025238037,3,1
713,9,0.6210765391588211,2,1
714,9,0.06261429190635681,2,1
715,10,0.684596836566925,1,1
716,-10,0.12604792416095734,1,0
717,5,0.18527730430165926,6,1
718,9,0.04257828928530216,2,1
719,9,0.03855578973889351,2,1
720,8,0.34445201108853024,3,1
721,9,0.22040007263422012,2,1
722,-18,0.17066348690924973,29,1
723,8,0.12959880257646242,3,1
724,10,0.020410330966114998,1,1
725,10,0.020263170823454857,1,1
726,-2,0.1304830344250569,13,1
727,9,0.061289673671126366,2,1
728,-10,0.16727197170257568,1,0
729,-50,0.23766158491373063,50,0
730,-50,0.1750627647712827,50,0
731,-11,0.02937414962798357,2,0
732,-10,0.03611644729971886,1,0
733,-50,0.14535519905388355,50,0
734,9,0.12621738761663437,2,1
735,-50,0.13478136491030454,50,0
736,10,0.19713124632835388,1,1
737,-5,0.19817913975566626,16,1
738,9,0.08891703747212887,2,1
739,9,0.25736791640520096,2,1
740,-9,0.1521859562024474,20,1
741,10,0.07812231779098511,1,1
742,9,0.1102212443947792,2,1
743,8,0.22063721964756647,3,1
744,7,0.1334066316485405,4,1
745,-10,0.3768119215965271,1,0
746,10,0.14330285787582397,1,1
747,8,0.18802147607008615,3,1
748,9,0.15454770624637604,2,1
749,9,0.31929246708750725,2,1
750,10,0.1069534569978714,1,1
751,1,0.2381144493818283,10,1
752,8,0.07802211617430051,3,1
753,8,0.3236146519581477,3,1
754,-12,0.18341506985218628,23,1
755,-15,0.1792042562738061,26,1
756,9,0.0696742869913578,2,1
757,-22,0.1671530564851833,33,1
758,-50,0.13753479171544314,50,0
759,10,0.10947711020708084,1,1
760,9,0.27742160856723785,2,1
761,9,0.07988737523555756,2,1
762,10,0.09034925699234009,1,1
763,-50,0.13136103324592113,50,0
764,7,0.09060059301555157,4,1
765,9,0.08809387497603893,2,1
766,-10,0.11166506260633469,1,0
767,1,0.12008164674043656,10,1
768,8,0.040879459430774055,3,1
769,10,0.04476361721754074,1,1
770,8,0.11958612315356731,3,1
771,9,0.05307384580373764,2,1
772,-10,0.12150505930185318,1,0
773,0,0.10753268291327087,11,1
774,7,0.12659625988453627,4,1
775,-50,0.1528496963903308,50,0
776,6,0.12312589734792709,5,1
777,-36,0.09855457300201376,47,1
778,10,0.046957410871982574,1,1
779,-10,0.05139647424221039,1,0
780,-50,0.15707145866006614,50,0
781,9,0.07127402722835541,2,1
782,10,0.08907639980316162,1,1
783,8,0.07726088538765907,3,1
784,9,0.05665246397256851,2,1
785,8,0.12559553732474646,3,1
786,-50,0.12163773123174906,50,0
787,-10,0.13806404173374176,1,0
788,5,0.11976216764499743,6,1
789,9,0.10974273830652237,2,1
790,0,0.09160447696393187,11,1
791,8,0.06434862005213897,3,1
792,7,0.12336244992911816,4,1
793,7,0.14774775691330433,4,1
794,10,0.11640939116477966,1,1
795,9,0.09037258848547935,2,1
796,10,0.03530573472380638,1,1
797,8,0.07382021223505338,3,1
798,9,0.09701988846063614,2,1
799,-11,0.2643720470368862,2,0
800,5,0.1963834756364425,6,1
801,10,0.07955852150917053,1,1
802,9,0.061279939487576485,2,1
803,9,0.10093308798968792,2,1
804,8,0.05216891194383303,3,1
805,10,0.04434098303318024,1,1
806,-11,0.23170540481805801,2,0
807,10,0.21548017859458923,1,1
808,8,0.05899605341255665,3,1
809,-3,0.1178428094301905,14,1
810,9,0.10184505209326744,2,1
811,9,0.32942576706409454,2,1
812,7,0.10428358428180218,4,1
813,10,0.1494819074869156,1,1
814,9,0.10391854122281075,2,1
815,7,0.22164290770888329,4,1
816,9,0.14510580152273178,2,1
817,8,0.11053138474623363,3,1
818,10,0.09113873541355133,1,1
819,9,0.08890467882156372,2,1
820,9,0.39460892975330353,2,1
821,6,0.17892553061246871,5,1
822,-50,0.19263104051351548,50,0
823,9,0.07765750028192997,2,1
824,8,0.33650816480318707,3,1
825,-13,0.1484588300033162,24,1
826,9,0.19490475952625275,2,1
827,-22,0.12788738711522177,13,0
828,9,0.1507402891293168,2,1
829,10,0.09542268514633179,1,1
830,9,0.07635709084570408,2,1
831,9,0.054384469985961914,2,1
832,-50,0.13134513661265373,50,0
833,10,0.02041185088455677,1,1
834,10,0.020538154989480972,1,1
835,10,0.03543547913432121,1,1
836,10,0.11737269163131714,1,1
837,-51,0.07650417544036395,42,0
838,-50,0.11332125175744295,50,0
839,-12,0.09695497244272543,23,1
840,8,0.2079255630572637,3,1
841,7,0.13935326784849167,4,1
842,-20,0.12078342586755753,11,0
843,8,0.06946116437514623,3,1
844,0,0.08643626370890574,11,1
845,6,0.09081730134785175,5,1
846,8,0.09569093212485313,3,1
847,10,0.08007392287254333,1,1
848,-50,0.11401153195649386,50,0
849,-42,0.13731833670118992,33,0
850,5,0.16517901420593262,6,1
851,7,0.18512701895087957,4,1
852,9,0.2261471375823021,2,1
853,9,0.150330550968647,2,1
854,9,0.0395608376711607,2,1
855,-50,0.1443221927806735,50,0
856,-10,0.03387400507926941,1,0
857,-12,0.15421830259425484,23,1
858,8,0.09851428618033727,3,1
859,-34,0.16497460301551553,45,1
860,8,0.18742013722658157,3,1
861,-50,0.18705060832202436,50,0
862,9,0.16744188591837883,2,1
863,10,0.02849075384438038,1,1
864,9,0.08850200474262238,2,1
865,10,0.04164465144276619,1,1
866,-16,0.17602428842197965,27,1
867,6,0.10891846865415573,5,1
868,-50,0.2040540064126253,50,0
869,4,0.11148911927427564,7,1
870,8,0.24745073914527893,3,1
871,-50,0.1644124723598361,50,0
872,9,0.15954290330410004,2,1
873,9,0.05961251072585583,2,1
874,8,0.17528891998032728,3,1
875,8,0.10797188058495522,3,1
876,-5,0.13104170665610582,16,1
877,-50,0.16638625524938105,50,0
878,9,0.5041294693946838,2,1
879,10,0.1632964164018631,1,1
880,-11,0.24762865900993347,2,0
881,6,0.13141820430755616,5,1
882,-50,0.19113857751712204,50,0
883,10,0.1575564444065094,1,1
884,10,0.10021847486495972,1,1
885,-50,0.19822577148675918,50,0
886,9,0.04721434786915779,2,1
887,10,0.29527610540390015,1,1
888,8,0.20062688986460367,3,1
889,10,0.09883865714073181,1,1
890,9,0.3572506383061409,2,1
891,7,0.1430310131981969,4,1
892,9,0.08366800844669342,2,1
893,9,0.4728195108473301,2,1
894,-50,0.17035842686891556,50,0
895,8,0.32867934306462604,3,1
896,10,0.24981534481048584,1,1
897,9,0.024061771109700203,2,1
898,6,0.25117502808570863,5,1
899,-28,0.20758883135491296,19,0
900,5,0.20696560541788736,6,1
901,-50,0.19164345514029266,50,0
902,9,0.13423974812030792,2,1
903,7,0.18185639567673206,4,1
904,9,0.1526305377483368,2,1
905,8,0.20723076661427817,3,1
906,6,0.20126212537288665,5,1
907,4,0.18016392365098,7,1
908,-50,0.17279960066080094,50,0
909,9,0.2786003351211548,2,1
910,9,0.06433896720409393,2,1
911,8,0.1491805762052536,3,1
912,8,0.23206652700901031,3,1
913,10,0.15242299437522888,1,1
914,8,0.32134262720743817,3,1
915,-10,0.08962665498256683,1,0
916,8,0.11915347476800282,3,1
917,6,0.13867773860692978,5,1
918,-17,0.1765534043578165,28,1
919,-50,0.18073682121932508,50,0
920,10,0.3052492141723633,1,1
921,7,0.14754928275942802,4,1
922,8,0.4248383392890294,3,1
923,8,0.23886726796627045,3,1
924,8,0.13709304730097452,3,1
925,10,0.16193291544914246,1,1
926,10,0.06661956012248993,1,1
927,-11,0.08647464588284492,2,0
928,8,0.33059922357400257,3,1
929,10,0.24488160014152527,1,1
930,9,0.1874191239476204,2,1
931,7,0.2285235235467553,4,1
932,5,0.3313853107392788,6,1
933,9,0.07572981528937817,2,1
934,10,0.20002338290214539,1,1
935,6,0.16905854493379593,5,1
936,10,0.12662585079669952,1,1
937,6,0.16934381574392318,5,1
938,10,0.09911433607339859,1,1
939,-50,0.16192640397697688,50,0
940,9,0.19794653356075287,2,1
941,10,0.11169669032096863,1,1
942,9,0.1903190091252327,2,1
943,10,0.13657251000404358,1,1
944,8,0.17723659177621207,3,1
945,2,0.10891019842690891,9,1
946,-10,0.16210956871509552,1,0
947,10,0.20494838058948517,1,1
948,8,0.2752395073572795,3,1
949,8,0.39552537351846695,3,1
950,9,0.2084546461701393,2,1
951,-6,0.21359032896511695,17,1
952,9,0.347986102104187,2,1
953,8,0.31489809850851697,3,1
954,10,0.029502786695957184,1,1
955,-10,0.17495745420455933,1,0
956,8,0.14354309688011804,3,1
957,9,0.19869588315486908,2,1
958,8,0.13191446661949158,3,1
959,9,0.2461031973361969,2,1
960,2,0.2527155491213004,9,1
961,-11,0.13204043358564377,2,0
962,9,0.3493558317422867,2,1
963,9,0.12924547493457794,2,1
964,-8,0.20058349323900124,19,1
965,-39,0.270471715554595,50,1
966,9,0.29369892179965973,2,1
967,6,0.2608597010374069,5,1
968,-10,0.10830140113830566,1,0
969,10,0.12041331827640533,1,1
970,8,0.27211811145146686,3,1
971,-50,0.2011468132585287,50,0
972,7,0.15276212012395263,4,1
973,7,0.22561309207230806,4,1
974,7,0.09501131251454353,4,1
975,9,0.14323267713189125,2,1
976,8,0.31527812282244366,3,1
977,10,0.22834663093090057,1,1
978,10,0.1661413013935089,1,1
979,10,0.2163158655166626,1,1
980,8,0.15932188431421915,3,1
981,9,0.20089540630578995,2,1
982,6,0.19467752575874328,5,1
983,8,0.17422751088937125,3,1
984,7,0.2931849006563425,4,1
985,-25,0.2362757209274504,36,1
986,9,0.3053005337715149,2,1
987,6,0.14874552190303802,5,1
988,8,0.23790416618188223,3,1
989,10,0.07675842940807343,1,1
990,-15,0.24330241481463113,6,0
991,-38,0.18490081729025257,49,1
992,7,0.302884703502059,4,1
993,-50,0.15663394536823033,50,0
994,9,0.15595657005906105,2,1
995,10,0.08211535960435867,1,1
996,10,0.058398015797138214,1,1
997,10,0.10369721055030823,1,1
998,9,0.07752449065446854,2,1
999,-19,0.15523909789820511,30,1
1000,9,0.10476388409733772,2,1
1,-15,0.12299441145016597,26,1
2,-30,0.16129895958413437,41,1
3,9,0.2981955297291279,2,1
4,10,0.4817449450492859,1,1
5,9,0.11335228756070137,2,1
6,7,0.19061652198433876,4,1
7,8,0.1952450101574262,3,1
8,9,0.2529180310666561,2,1
9,7,0.11042208038270473,4,1
10,-14,0.11474834829568863,5,0
11,10,0.09768334031105042,1,1
12,9,0.13582825660705566,2,1
13,8,0.14098500336209932,3,1
14,8,0.08032567178209622,3,1
15,8,0.10241826872030894,3,1
16,9,0.05356347747147083,2,1
17,6,0.05328537747263908,5,1
18,7,0.16223747888579965,4,1
19,-4,0.16782653493185837,15,1
20,2,0.16642523888084623,9,1
21,9,0.15085357427597046,2,1
22,9,0.12252717465162277,2,1
23,-50,0.10246282495558262,50,0
24,-10,0.07995633780956268,1,0
25,6,0.11289582848548889,5,1
26,-50,0.19302612528204918,50,0
27,7,0.15948718693107367,4,1
28,6,0.22167406901717185,5,1
29,8,0.06832727293173473,3,1
30,9,0.2549846414476633,2,1
31,9,0.07184409722685814,2,1
32,8,0.05351388330260912,3,1
33,10,0.04010031744837761,1,1
34,10,0.021853763610124588,1,1
35,8,0.06883637110392253,3,1
36,-21,0.12200000579468906,32,1
37,9,0.265104990452528,2,1
38,6,0.06118278503417969,5,1
39,3,0.06785939447581768,8,1
40,-50,0.12261189918965101,50,0
41,9,0.10690941661596298,2,1
42,-50,0.15050024688243865,50,0
43,9,0.22625704482197762,2,1
44,9,0.36512719094753265,2,1
45,9,0.15087532252073288,2,1
46,8,0.07882819573084514,3,1
47,10,0.045491330325603485,1,1
48,10,0.10798466205596924,1,1
49,8,0.04802081113060316,3,1
50,10,0.055912379175424576,1,1
51,9,0.09694358706474304,2,1
52,-50,0.16347509829327464,50,0
53,8,0.10047360261281331,3,1
54,10,0.08048112690448761,1,1
55,-10,0.10030341148376465,1,0
56,3,0.1696217730641365,8,1
57,10,0.07602456957101822,1,1
58,7,0.13358393404632807,4,1
59,-13,0.13980228081345558,4,0
60,7,0.2821264313533902,4,1
61,9,0.061589211225509644,2,1
62,10,0.22150421142578125,1,1
63,9,0.12221141904592514,2,1
64,6,0.1654629275202751,5,1
65,7,0.12189494213089347,4,1
66,-50,0.1129163764230907,50,0
67,10,0.07755424082279205,1,1
68,6,0.11161804981529713,5,1
69,10,0.7493348121643066,1,1
70,8,0.24577357371648154,3,1
71,9,0.3056638687849045,2,1
72,9,0.06063474528491497,2,1
73,-10,0.07773634791374207,1,0
74,7,0.23674017377197742,4,1
75,10,0.06541384756565094,1,1
76,8,0.08066664884487788,3,1
77,8,0.034562220176061,3,1
78,8,0.20642921328544617,3,1
79,7,0.0694618159905076,4,1
80,-34,0.15345562133524154,45,1
81,-10,0.22238057851791382,1,0
82,4,0.10041297546454839,7,1
83,9,0.13440200313925743,2,1
84,8,0.31333574652671814,3,1
85,-12,0.12373155976335208,3,0
86,-19,0.10759026547893882,10,0
87,8,0.23884610583384833,3,1
88,10,0.017015406861901283,1,1
89,-27,0.21851859180452793,38,1
90,8,0.10838151474793752,3,1
91,7,0.2598603777587414,4,1
92,-18,0.1694428778157152,29,1
93,8,0.046340892712275185,3,1
94,10,0.23325490951538086,1,1
95,8,0.32907457773884136,3,1
96,-42,0.210109719498591,33,0
97,10,0.2555895447731018,1,1
98,7,0.2518225349485874,4,1
99,7,0.12966698873788118,4,1
100,-27,0.24460523016750813,18,0
101,7,0.24948524124920368,4,1
102,10,0.0974908322095871,1,1
103,10,0.21169115602970123,1,1
104,8,0.2883068819840749,3,1
105,9,0.07756165415048599,2,1
106,6,0.07756610438227654,5,1
107,9,0.21214792132377625,2,1
108,10,0.10499771684408188,1,1
109,9,0.3824402242898941,2,1
110,10,0.09872109442949295,1,1
111,7,0.13325979933142662,4,1
112,-13,0.32288438081741333,4,0
113,8,0.08090295394261678,3,1
114,-50,0.21722524015232922,50,0
115,7,0.20020694471895695,4,1
116,-50,0.1946583829820156,50,0
117,9,0.17453941702842712,2,1
118,10,0.172024667263031,1,1
119,-50,0.20560555793344976,50,0
120,10,0.2987973690032959,1,1
121,9,0.07558684796094894,2,1
122,-10,0.07724979519844055,1,0
123,10,0.12990319728851318,1,1
124,10,0.05824830383062363,1,1
125,-10,0.14302924931758926,21,1
126,10,0.0854380801320076,1,1
127,7,0.24736300483345985,4,1
128,8,0.2980276048183441,3,1
129,10,0.06470203399658203,1,1
130,8,0.34664012491703033,3,1
131,6,0.0501488609239459,5,1
132,5,0.12704350054264069,6,1
133,-11,0.05820975825190544,2,0
134,-50,0.21018958628177642,50,0
135,10,0.30583441257476807,1,1
136,9,0.32650475203990936,2,1
137,9,0.10681305453181267,2,1
138,6,0.09274293966591358,5,1
139,9,0.079052759334445,2,1
140,10,0.24985824525356293,1,1
141,9,0.08875764533877373,2,1
142,-10,0.08892564475536346,1,0
143,10,0.090899758040905,1,1
144,7,0.1700570322573185,4,1
145,8,0.366232305765152,3,1
146,7,0.15082353074103594,4,1
147,9,0.10857997089624405,2,1
148,6,0.16219073235988618,5,1
149,9,0.17407938465476036,2,1
150,9,0.29878364130854607,2,1
151,6,0.12250620201230049,5,1
152,10,0.09423255920410156,1,1
153,9,0.7561598643660545,2,1
154,7,0.1257929764688015,4,1
155,8,0.16959490378697714,3,1
156,10,0.07013335824012756,1,1
157,9,0.6326479017734528,2,1
158,8,0.22054300705591837,3,1
159,9,0.03775893524289131,2,1
160,-10,0.08159182220697403,1,0
161,9,0.3460685946047306,2,1
162,9,0.14847707748413086,2,1
163,-24,0.1507824151909777,35,1
164,7,0.21272592525929213,4,1
165,-36,0.24417090305575617,27,0
166,10,0.23322758078575134,1,1
167,7,0.14324513636529446,4,1
168,8,0.20890367527802786,3,1
169,7,0.2286093384027481,4,1
170,8,0.1261974722146988,3,1
171,9,0.21173250675201416,2,1
172,-17,0.19194055308720895,28,1
173,-50,0.1685759001225233,50,0
174,8,0.16135752697785696,3,1
175,7,0.23105709068477154,4,1
176,-50,0.21720310140401125,50,0
177,10,0.1705082654953003,1,1
178,6,0.3108734756708145,5,1
179,8,0.2662820816040039,3,1
180,-12,0.0954086755712827,3,0
181,-19,0.15045942614475885,30,1
182,9,0.11120754480361938,2,1
183,7,0.10797459445893764,4,1
184,7,0.09123376477509737,4,1
185,8,0.1295651669303576,3,1
186,8,0.18835769717892012,3,1
187,8,0.0967087559401989,3,1
188,10,0.12350312620401382,1,1
189,6,0.11012206375598907,5,1
190,8,0.31352167824904126,3,1
191,7,0.10067356936633587,4,1
192,7,0.17539860028773546,4,1
193,7,0.1962861269712448,4,1
194,-11,0.26438406109809875,2,0
195,10,0.14254620671272278,1,1
196,-32,0.21819670895195525,23,0
197,10,0.07136180251836777,1,1
198,10,0.06754360347986221,1,1
199,-7,0.21929891655842462,18,1
200,7,0.21324963122606277,4,1
201,-15,0.1611922217103151,26,1
202,10,0.04389673471450806,1,1
203,10,0.3549553453922272,1,1
204,8,0.08289400239785512,3,1
205,9,0.5082460157573223,2,1
206,9,0.06921081803739071,2,1
207,9,0.3119410574436188,2,1
208,7,0.3016894496977329,4,1
209,-10,0.36217451095581055,1,0
210,9,0.3282330296933651,2,1
211,8,0.20197436958551407,3,1
212,8,0.3210451553265254,3,1
213,7,0.1491960771381855,4,1
214,-4,0.21691894953449567,15,1
215,7,0.13265531323850155,4,1
216,-50,0.19622113831341267,50,0
217,9,0.22589579224586487,2,1
218,9,0.16791857033967972,2,1
219,-10,0.10386443138122559,1,0
220,-12,0.12422058482964833,3,0
221,8,0.4306243062019348,3,1
222,7,0.5342439748346806,4,1
223,-11,0.1710398867726326,2,0
224,7,0.2606830755248666,4,1
225,10,0.2554950714111328,1,1
226,10,0.02953578531742096,1,1
227,8,0.14049268265565237,3,1
228,10,0.17927753925323486,1,1
229,-4,0.31335488756497704,15,1
230,-50,0.19094732634723185,50,0
231,7,0.29507538862526417,4,1
232,10,0.21674594283103943,1,1
233,7,0.11957903951406479,4,1
234,-28,0.18684995448903033,19,0
235,2,0.44012444963057834,9,1
236,6,0.28299846649169924,5,1
237,6,0.2635744273662567,5,1
238,9,0.13130853325128555,2,1
239,9,0.11768459156155586,2,1
240,10,0.4638073444366455,1,1
241,9,0.22898869216442108,2,1
242,9,0.09380154311656952,2,1
243,-21,0.21013905806466937,32,1
244,8,0.18717723339796066,3,1
245,10,0.13228373229503632,1,1
246,-50,0.20849664233624934,50,0
247,-5,0.15525632654316723,16,1
248,9,0.26130890659987926,2,1
249,-10,0.6191531419754028,1,0
250,9,0.06653171963989735,2,1
251,9,0.3120168522000313,2,1
252,8,0.26012368500232697,3,1
253,8,0.08893320957819621,3,1
254,10,0.099277563393116,1,1
255,8,0.0796481470266978,3,1
256,7,0.11124967224895954,4,1
257,-10,0.0680161714553833,1,0
258,10,0.1529310643672943,1,1
259,8,0.1552633966008822,3,1
260,9,0.06949188187718391,2,1
261,10,0.6322396397590637,1,1
262,8,0.08299274742603302,3,1
263,-11,0.03770821914076805,2,0
264,9,0.33532311394810677,2,1
265,9,0.1258776169270277,2,1
266,-50,0.1941008424013853,50,0
267,9,0.03879303112626076,2,1
268,9,0.15281310304999352,2,1
269,9,0.1550646834075451,2,1
270,-6,0.2565215166439028,17,1
271,10,0.514917254447937,1,1
272,7,0.14509241376072168,4,1
273,9,0.06658359616994858,2,1
274,9,0.3619226012378931,2,1
275,9,0.08828400820493698,2,1
276,10,0.5346600413322449,1,1
277,8,0.1401568502187729,3,1
278,10,0.07751137763261795,1,1
279,-17,0.10525483638048172,28,1
280,6,0.20950922966003419,5,1
281,-25,0.13363613488359583,36,1
282,8,0.3103197092811267,3,1
283,9,0.06495124846696854,2,1
284,10,0.057730644941329956,1,1
285,7,0.11768010817468166,4,1
286,8,0.1500624194741249,3,1
287,-50,0.2079863854497671,50,0
288,10,0.029317744076251984,1,1
289,10,0.07630757987499237,1,1
290,8,0.22666022554039955,3,1
291,10,0.49722740054130554,1,1
292,8,0.1097915122906367,3,1
293,1,0.250884610414505,10,1
294,10,0.255721777677536,1,1
295,5,0.19122798865040144,6,1
296,-50,0.14224442824721337,50,0
297,10,0.090134397149086,1,1
298,9,0.131343562155962,2,1
299,9,0.08239272609353065,2,1
300,10,0.09655609726905823,1,1
301,-8,0.11857164494301144,19,1
302,10,0.17352713644504547,1,1
303,-19,0.13152020368725062,10,0
304,9,0.030783900059759617,2,1
305,8,0.06619088351726532,3,1
306,-50,0.2142561382614076,50,0
307,9,0.30395712703466415,2,1
308,9,0.0865347646176815,2,1
309,-10,0.056579723954200745,1,0
310,9,0.13343000039458275,2,1
311,9,0.1124190166592598,2,1
312,7,0.056096527725458145,4,1
313,-21,0.18750164238736033,32,1
314,7,0.09038301184773445,4,1
315,10,0.1333996206521988,1,1
316,8,0.07662407557169597,3,1
317,-2,0.10712682570402439,13,1
318,10,0.11138374358415604,1,1
319,-50,0.11846136000007391,50,0
320,10,0.08106096088886261,1,1
321,9,0.10869161412119865,2,1
322,10,0.030005430802702904,1,1
323,8,0.08610642080505689,3,1
324,10,0.02292381227016449,1,1
325,5,0.21164808981120586,6,1
326,-10,0.02138838917016983,1,0
327,9,0.05723083484917879,2,1
328,7,0.23754386324435472,4,1
329,10,0.08713230490684509,1,1
330,9,0.042780086398124695,2,1
331,-23,0.23302988628191607,14,0
332,8,0.05252827207247416,3,1
333,-50,0.210828369371593,50,0
334,9,0.3219009190797806,2,1
335,10,0.14625006914138794,1,1
336,9,0.25298506394028664,2,1
337,9,0.19280602596700191,2,1
338,8,0.21564043375353018,3,1
339,8,0.41403016448020935,3,1
340,8,0.16032743329803148,3,1
341,7,0.058136316016316414,4,1
342,9,0.01979995798319578,2,1
343,8,0.19884857535362244,3,1
344,-12,0.13896783821932648,23,1
345,-50,0.13742849424481393,50,0
346,7,0.3210331927984953,4,1
347,8,0.08905680477619171,3,1
348,9,0.09502382576465607,2,1
349,-12,0.05759965628385544,3,0
350,7,0.060183318331837654,4,1
351,4,0.2049283595489604,7,1
352,-21,0.18270384735660627,32,1
353,-27,0.17796428156036295,38,1
354,8,0.11197784543037415,3,1
355,7,0.16715096309781075,4,1
356,7,0.3342983368784189,4,1
357,9,0.3302278220653534,2,1
358,8,0.2829426589111487,3,1
359,10,0.2437288761138916,1,1
360,9,0.09837773814797401,2,1
361,9,0.3149367421865463,2,1
362,10,0.4611235558986664,1,1
363,-50,0.18877562815323473,50,0
364,4,0.2539002544113568,7,1
365,7,0.14174399245530367,4,1
366,8,0.05772273366649946,3,1
367,9,0.2509608864784241,2,1
368,5,0.3417785344645381,6,1
369,-33,0.20014235002666034,44,1
370,7,0.07948434632271528,4,1
371,9,0.2902250587940216,2,1
372,-42,0.18451685904327667,33,0
373,9,0.26891057193279266,2,1
374,8,0.20693684866031012,3,1
375,8,0.12780831443766752,3,1
376,7,0.06883181352168322,4,1
377,-14,0.24850803792476653,25,1
378,8,0.33879877130190533,3,1
379,6,0.2750140581279993,5,1
380,9,0.11230947077274323,2,1
381,7,0.10027542151510715,4,1
382,10,0.08891302347183228,1,1
383,6,0.12037276029586792,5,1
384,6,0.10421873033046722,5,1
385,-11,0.09855208359658718,2,0
386,10,0.09365171194076538,1,1
387,9,0.2482423633337021,2,1
388,6,0.2150295775383711,5,1
389,10,0.11283548176288605,1,1
390,9,0.1917438507080078,2,1
391,8,0.15192542473475137,3,1
392,-50,0.22097660176455974,50,0
393,-50,0.17692130811512471,50,0
394,9,0.12895222380757332,2,1
395,7,0.10178748890757561,4,1
396,10,0.09890909492969513,1,1
397,-5,0.2077705862466246,16,1
398,8,0.17993062237898508,3,1
399,10,0.031438618898391724,1,1
400,7,0.2797926291823387,4,1
401,10,0.17647342383861542,1,1
402,-50,0.18417562142014504,50,0
403,1,0.31339073851704596,10,1
404,9,0.24810101836919785,2,1
405,9,0.41691213846206665,2,1
406,-50,0.2083940214663744,50,0
407,7,0.09101364761590958,4,1
408,10,0.17433717846870422,1,1
409,-10,0.15769535303115845,1,0
410,8,0.2019248977303505,3,1
411,9,0.19232328236103058,2,1
412,10,0.09410431981086731,1,1
413,10,0.1560949981212616,1,1
414,8,0.21210795640945435,3,1
415,10,0.10463638603687286,1,1
416,4,0.31241630230631146,7,1
417,10,0.08712606877088547,1,1
418,9,0.4867491126060486,2,1
419,9,0.27806431427598,2,1
420,7,0.24937622249126434,4,1
421,2,0.18808347235123316,9,1
422,10,0.7574124336242676,1,1
423,10,0.04302356392145157,1,1
424,7,0.11062917299568653,4,1
425,8,0.40341804424921673,3,1
426,10,0.14899946749210358,1,1
427,-17,0.17557757880006516,28,1
428,9,0.16064761951565742,2,1
429,8,0.19176389276981354,3,1
430,-7,0.2043743868254953,18,1
431,-50,0.1443220517039299,50,0
432,-3,0.1569982673972845,14,1
433,9,0.2121480107307434,2,1
434,9,0.04386276192963123,2,1
435,-34,0.15909255126284227,45,1
436,-10,0.16277551651000977,1,0
437,-19,0.14909975367287795,30,1
438,10,0.1955874264240265,1,1
439,10,0.06682140380144119,1,1
440,8,0.2383108213543892,3,1
441,-11,0.166789960116148,2,0
442,-10,0.028679516166448593,1,0
443,10,0.11953604221343994,1,1
444,-10,0.9413062334060669,1,0
445,9,0.07030344381928444,2,1
446,10,0.09821833670139313,1,1
447,5,0.14156702222923437,6,1
448,9,0.34651094675064087,2,1
449,7,0.1808803826570511,4,1
450,-25,0.23289380967617035,36,1
451,8,0.1774930084745089,3,1
452,9,0.12708691135048866,2,1
453,8,0.2578020393848419,3,1
454,-10,0.14110256731510162,1,0
455,5,0.13198156654834747,6,1
456,8,0.14451675613721213,3,1
457,10,0.19921007752418518,1,1
458,10,0.03995461389422417,1,1
459,9,0.08364598453044891,2,1
460,9,0.18218380212783813,2,1
461,-50,0.15753929935395716,50,0
462,4,0.15849666829620088,7,1
463,8,0.193770132958889,3,1
464,9,0.1435806155204773,2,1
465,5,0.1343617821112275,6,1
466,7,0.2560233026742935,4,1
467,8,0.1480352928241094,3,1
468,9,0.11195967346429825,2,1
469,9,0.15658947080373764,2,1
470,8,0.17390273635586104,3,1
471,-23,0.13990869612566062,14,0
472,-10,0.11838395893573761,1,0
473,9,0.11570525355637074,2,1
474,9,0.1769050657749176,2,1
475,8,0.1419477015733719,3,1
476,2,0.15877564168638653,9,1
477,8,0.10337490836779277,3,1
478,8,0.17410745720068613,3,1
479,9,0.10431362688541412,2,1
480,-16,0.16563340110911262,27,1
481,7,0.18482400849461555,4,1
482,6,0.23278786912560462,5,1
483,7,0.24482375383377075,4,1
484,9,0.1858295053243637,2,1
485,10,0.03404122591018677,1,1
486,10,0.07745169848203659,1,1
487,9,0.1347124520689249,2,1
488,8,0.1537894308567047,3,1
489,10,0.08698945492506027,1,1
490,-26,0.17035184166318662,37,1
491,7,0.15925233997404575,4,1
492,9,0.21965920738875866,2,1
493,10,0.05644679442048073,1,1
494,9,0.13224275223910809,2,1
495,-20,0.12542655222838925,31,1
496,9,0.20635930076241493,2,1
497,-10,0.3114309310913086,1,0
498,2,0.1511865109205246,9,1
499,9,0.16411101818084717,2,1
500,9,0.16103266924619675,2,1
501,7,0.34197211265563965,4,1
502,10,0.36736470460891724,1,1
503,9,0.11597660556435585,2,1
504,9,0.3951740562915802,2,1
505,9,0.11196740344166756,2,1
506,6,0.24764111787080764,5,1
507,9,0.08197600394487381,2,1
508,-10,0.1222541332244873,1,0
509,10,0.14862903952598572,1,1
510,9,0.331632524728775,2,1
511,9,0.061544591560959816,2,1
512,-23,0.13970442806534908,34,1
513,9,0.23355380445718765,2,1
514,-14,0.23614158630371093,5,0
515,8,0.14051071306069693,3,1
516,6,0.3172392606735229,5,1
517,-10,0.41070109605789185,1,0
518,7,0.3151928521692753,4,1
519,7,0.13037583976984024,4,1
520,7,0.11468859110027552,4,1
521,-4,0.20693118448058764,15,1
522,9,0.14520199596881866,2,1
523,9,0.3343151658773422,2,1
524,9,0.23665598779916763,2,1
525,9,0.2849910780787468,2,1
526,-8,0.19850634783506393,19,1
527,8,0.298287366827329,3,1
528,-23,0.1884633407873266,34,1
529,10,0.04020332172513008,1,1
530,8,0.07116615896423657,3,1
531,8,0.15106053153673807,3,1
532,7,0.30763545632362366,4,1
533,6,0.2126028671860695,5,1
534,10,0.08937351405620575,1,1
535,8,0.11049056053161621,3,1
536,6,0.25260044932365416,5,1
537,10,0.08945184201002121,1,1
538,-12,0.12102102455885513,23,1
539,9,0.20526963472366333,2,1
540,-7,0.1817733601977428,18,1
541,9,0.3868420608341694,2,1
542,9,0.12640627473592758,2,1
543,-10,0.06934939324855804,1,0
544,10,0.10262370109558105,1,1
545,9,0.5127539932727814,2,1
546,9,0.22117825970053673,2,1
547,-11,0.15326806750487199,22,1
548,8,0.2619404246409734,3,1
549,-12,0.0905306302011013,3,0
550,10,0.10112841427326202,1,1
551,10,0.04732969030737877,1,1
552,9,0.18014239519834518,2,1
553,-50,0.13842656072229148,50,0
554,-50,0.11339741552248597,50,0
555,-16,0.12050956894678098,27,1
556,-11,0.18857374414801598,2,0
557,9,0.17977526783943176,2,1
558,8,0.09310097247362137,3,1
559,6,0.19952210485935212,5,1
560,10,0.06398283690214157,1,1
561,10,0.15743327140808105,1,1
562,9,0.042091941460967064,2,1
563,-33,0.13801955948160452,44,1
564,9,0.06133568659424782,2,1
565,9,0.054517644457519054,2,1
566,-12,0.054480668157339096,3,0
567,9,0.02907460741698742,2,1
568,-50,0.10365534495562315,50,0
569,-21,0.07274341924736898,12,0
570,10,0.0692843347787857,1,1
571,7,0.1716573890298605,4,1
572,-9,0.12916390830650926,20,1
573,8,0.06013896192113558,3,1
574,-10,0.079271100461483,1,0
575,8,0.21427864332993826,3,1
576,9,0.05579738691449165,2,1
577,7,0.2596936342306435,4,1
578,8,0.08565570414066315,3,1
579,10,0.03175242245197296,1,1
580,10,0.32425644993782043,1,1
581,9,0.04280712082982063,2,1
582,-12,0.06455147390564282,3,0
583,10,0.16021853685379028,1,1
584,-10,0.11600581556558609,1,0
585,8,0.2442843864361445,3,1
586,8,0.05889978383978208,3,1
587,7,0.3602363094687462,4,1
588,10,0.04937241971492767,1,1
589,7,0.04102433240041137,4,1
590,8,0.10713204244772594,3,1
591,8,0.08343460162480672,3,1
592,6,0.07916860803961753,5,1
593,10,0.35707908868789673,1,1
594,9,0.15406756475567818,2,1
595,8,0.06012976045409838,3,1
596,7,0.24096949957311153,4,1
597,7,0.0832922151312232,4,1
598,10,0.01510712318122387,1,1
599,7,0.13947217422537506,4,1
600,9,0.17825809493660927,2,1
601,-5,0.13411734765395522,16,1
602,9,0.19600045680999756,2,1
603,8,0.20960702498753866,3,1
604,9,0.07321299239993095,2,1
605,7,0.11004170402884483,4,1
606,6,0.14292582347989083,5,1
607,-9,0.09526975154876709,20,1
608,7,0.08116446482017636,4,1
609,10,0.02308112382888794,1,1
610,7,0.08498481847345829,4,1
611,10,0.017510447651147842,1,1
612,6,0.08382986336946488,5,1
613,-26,0.11366881868122397,37,1
614,-18,0.1750733377090816,29,1
615,8,0.16178622096776962,3,1
616,10,0.030875224620103836,1,1
617,7,0.1254088580608368,4,1
618,10,0.12259794026613235,1,1
619,8,0.09462765480081241,3,1
620,-50,0.17100987859070302,50,0
621,7,0.2516177147626877,4,1
622,9,0.22166984155774117,2,1
623,9,0.25626918487250805,2,1
624,-10,0.12982887029647827,1,0
625,7,0.18456605914980173,4,1
626,-33,0.15776644058694894,44,1
627,-50,0.17368742495775222,50,0
628,10,0.12058910727500916,1,1
629,8,0.3615366245309512,3,1
630,9,0.10290171578526497,2,1
631,-10,0.4760616421699524,1,0
632,9,0.12397241592407227,2,1
633,7,0.09693660633638501,4,1
634,9,0.2086048349738121,2,1
635,-13,0.2203563527824978,24,1
636,7,0.24105316773056984,4,1
637,6,0.20339495837688445,5,1
638,-28,0.2480960045582973,39,1
639,8,0.24387311935424805,3,1
640,9,0.38296446204185486,2,1
641,8,0.29867691298325855,3,1
642,-50,0.18005322970449925,50,0
643,-50,0.15768284536898136,50,0
644,8,0.06345006823539734,3,1
645,-50,0.23436336025595664,50,0
646,7,0.20283051393926144,4,1
647,7,0.13828292582184076,4,1
648,-13,0.23857154324650764,4,0
649,9,0.1803722083568573,2,1
650,-11,0.25586550682783127,2,0
651,6,0.19107918664813042,5,1
652,-50,0.21210043769329787,50,0
653,7,0.1588815525174141,4,1
654,7,0.23299783654510975,4,1
655,-13,0.23145918361842632,4,0
656,8,0.030843109513322513,3,1
657,-11,0.26556599512696266,2,0
658,7,0.07821112917736173,4,1
659,8,0.22069945434729257,3,1
660,10,0.11329434812068939,1,1
661,10,0.04538661614060402,1,1
662,-13,0.23712439474184066,24,1
663,10,0.09668157249689102,1,1
664,10,0.4332810938358307,1,1
665,-50,0.1957494029402733,50,0
666,10,0.38056474924087524,1,1
667,-13,0.12329555116593838,4,0
668,-50,0.17703524120151998,50,0
669,6,0.06892272047698497,5,1
670,7,0.2172258384525776,4,1
671,-26,0.19007658012009956,37,1
672,-20,0.21661116115071558,11,0
673,8,0.16671872635682425,3,1
674,9,0.2541554868221283,2,1
675,9,0.46678294241428375,2,1
676,8,0.2230118215084076,3,1
677,9,0.07708803191781044,2,1
678,9,0.03653695806860924,2,1
679,5,0.16581761992226043,6,1
680,8,0.1454365054766337,3,1
681,10,0.06908464431762695,1,1
682,-32,0.20269852712057357,43,1
683,8,0.11379105101029079,3,1
684,10,0.2833903133869171,1,1
685,9,0.042668748646974564,2,1
686,10,0.10702148824930191,1,1
687,10,0.026511825621128082,1,1
688,6,0.22928572371602057,5,1
689,8,0.3630533888936043,3,1
690,-12,0.12264080469806989,3,0
691,6,0.36034275963902473,5,1
692,10,0.4546056091785431,1,1
693,9,0.5734923779964447,2,1
694,10,0.09658804535865784,1,1
695,10,0.08836376667022705,1,1
696,7,0.2911980338394642,4,1
697,8,0.10249605278174083,3,1
698,6,0.23985502123832703,5,1
699,-10,0.176539346575737,1,0
700,7,0.16810032725334167,4,1
701,-12,0.08170454949140549,3,0
702,7,0.19714479707181454,4,1
703,9,0.14092598855495453,2,1
704,-50,0.225682988204062,50,0
705,7,0.23243507370352745,4,1
706,9,0.0928489975631237,2,1
707,9,0.07109249383211136,2,1
708,-10,0.7715625762939453,1,0
709,9,0.06755830347537994,2,1
710,10,0.44248032569885254,1,1
711,9,0.4241062104701996,2,1
712,7,0.32435788214206696,4,1
713,7,0.3646659944206476,4,1
714,-13,0.2532047312706709,4,0
715,-10,0.18391655083923114,21,1
716,10,0.5019767880439758,1,1
717,9,0.10826859250664711,2,1
718,7,0.19964294508099556,4,1
719,8,0.10464197397232056,3,1
720,8,0.06886724630991618,3,1
721,9,0.10840459913015366,2,1
722,-13,0.23782838694751263,4,0
723,6,0.2083975449204445,5,1
724,-10,0.327108234167099,1,0
725,10,0.2866939604282379,1,1
726,10,0.31059762835502625,1,1
727,10,0.20476046204566956,1,1
728,7,0.19849472679197788,4,1
729,10,0.048338934779167175,1,1
730,10,0.5611041784286499,1,1
731,10,0.28037363290786743,1,1
732,10,0.2995421290397644,1,1
733,-10,0.11787742376327515,1,0
734,10,0.26964765787124634,1,1
735,10,0.27788466215133667,1,1
736,10,0.6402695775032043,1,1
737,8,0.33661850169301033,3,1
738,5,0.21805214633544287,6,1
739,8,0.2287986030181249,3,1
740,10,0.09840407967567444,1,1
741,8,0.16913661857446036,3,1
742,9,0.1923721581697464,2,1
743,10,0.19603794813156128,1,1
744,7,0.3290177658200264,4,1
745,7,0.28403738513588905,4,1
746,-18,0.25107644100127546,29,1
747,8,0.46464215219020844,3,1
748,7,0.12954737059772015,4,1
749,-14,0.23955383718013765,25,1
750,8,0.2310747653245926,3,1
751,10,0.22364303469657898,1,1
752,10,0.05431390553712845,1,1
753,6,0.15210047364234924,5,1
754,7,0.49193625524640083,4,1
755,9,0.1633915677666664,2,1
756,8,0.19330281019210815,3,1
757,10,0.16593188047409058,1,1
758,10,0.22410427033901215,1,1
759,10,0.35736989974975586,1,1
760,6,0.2973170906305313,5,1
761,9,0.3911071717739105,2,1
762,-20,0.21859240423767798,31,1
763,9,0.13229703716933727,2,1
764,8,0.13924336433410645,3,1
765,7,0.12743079289793968,4,1
766,7,0.30738058499991894,4,1
767,7,0.13611459359526634,4,1
768,-10,0.07710292190313339,1,0
769,7,0.1426112800836563,4,1
770,-50,0.22822564393281936,50,0
771,7,0.1733636111021042,4,1
772,10,0.6127840876579285,1,1
773,7,0.14392370730638504,4,1
774,9,0.42252659797668457,2,1
775,10,0.10531886667013168,1,1
776,-10,0.07335178554058075,1,0
777,6,0.22683928459882735,5,1
778,8,0.134721040725708,3,1
779,9,0.1306690126657486,2,1
780,8,0.3023902674516042,3,1
781,9,0.43906979262828827,2,1
782,7,0.23933257535099983,4,1
783,8,0.21452344954013824,3,1
784,-7,0.19070694160958132,18,1
785,8,0.26266802102327347,3,1
786,-18,0.18307748411236138,29,1
787,8,0.35486693556110066,3,1
788,10,0.15187063813209534,1,1
789,8,0.11492744833230972,3,1
790,10,0.07142595946788788,1,1
791,9,0.30838215351104736,2,1
792,0,0.23615858094258743,11,1
793,-4,0.24823158755898475,15,1
794,10,0.18174126744270325,1,1
795,10,0.2129686176776886,1,1
796,-10,0.12881274388304778,21,1
797,8,0.13381359974543253,3,1
798,9,0.22070904076099396,2,1
799,4,0.06742986983486585,7,1
800,-10,0.34256890416145325,1,0
801,-8,0.09804021841601322,19,1
802,-5,0.12614339811261743,16,1
803,8,0.10721164693435033,3,1
804,6,0.2545563653111458,5,1
805,6,0.22068214863538743,5,1
806,-10,0.19120660424232483,1,0
807,7,0.3409012667834759,4,1
808,5,0.19706688386698565,6,1
809,7,0.1050161262974143,4,1
810,8,0.1404986431201299,3,1
811,6,0.16392372250556947,5,1
812,8,0.06319799398382504,3,1
813,-3,0.1303980467574937,14,1
814,6,0.18603504225611686,5,1
815,-12,0.19119482611616453,3,0
816,9,0.3305395944043994,2,1
817,7,0.18305518105626106,4,1
818,10,0.7719641923904419,1,1
819,9,0.2956022173166275,2,1
820,8,0.25641397138436633,3,1
821,-50,0.22801249012351035,50,0
822,7,0.43845029920339584,4,1
823,10,0.12177561223506927,1,1
824,6,0.4043589413166046,5,1
825,-31,0.19251083870503036,22,0
826,9,0.14615656808018684,2,1
827,6,0.06991311181336642,5,1
828,7,0.16872134059667587,4,1
829,10,0.25487014651298523,1,1
830,10,0.24569861590862274,1,1
831,7,0.13160592690110207,4,1
832,8,0.21189205100138983,3,1
833,-26,0.20516644488718058,37,1
834,7,0.1672699199989438,4,1
835,6,0.237632592022419,5,1
836,9,0.17353833466768265,2,1
837,-50,0.1668001741170883,50,0
838,-50,0.15587588854134082,50,0
839,10,0.03899938240647316,1,1
840,8,0.09331217656532924,3,1
841,-50,0.17725225262343883,50,0
842,9,0.17295125126838684,2,1
843,9,0.07166587375104427,2,1
844,8,0.09162800014019012,3,1
845,1,0.11936721205711365,10,1
846,8,0.05197575564185778,3,1
847,0,0.10344150154428049,11,1
848,-10,0.1581764623877548,21,1
849,9,0.13038450479507446,2,1
850,9,0.08725077286362648,2,1
851,8,0.07522804786761601,3,1
852,10,0.03996330499649048,1,1
853,6,0.057358714193105696,5,1
854,9,0.09150019474327564,2,1
855,9,0.05074417218565941,2,1
856,9,0.07489655539393425,2,1
857,9,0.14661409705877304,2,1
858,8,0.0712148683766524,3,1
859,-18,0.1641762537945961,29,1
860,9,0.07474556937813759,2,1
861,6,0.2593967214226723,5,1
862,8,0.05087176958719889,3,1
863,8,0.08279506117105484,3,1
864,10,0.03489838168025017,1,1
865,7,0.18539854371920228,4,1
866,8,0.06687448173761368,3,1
867,8,0.1986118952433268,3,1
868,10,0.07540132105350494,1,1
869,-10,0.06354472786188126,1,0
870,9,0.06741442251950502,2,1
871,9,0.042395373340696096,2,1
872,8,0.33007724458972615,3,1
873,6,0.1072775587439537,5,1
874,9,0.14963219687342644,2,1
875,8,0.22172605991363525,3,1
876,9,0.11058894917368889,2,1
877,7,0.22089609131217003,4,1
878,7,0.22142267785966396,4,1
879,-50,0.1258587021380663,50,0
880,10,0.09748715907335281,1,1
881,-11,0.5035453103482723,2,0
882,10,0.07506562769412994,1,1
883,7,0.061671625822782516,4,1
884,9,0.09124667197465897,2,1
885,7,0.09601140581071377,4,1
886,-28,0.1842113599965447,19,0
887,9,0.2249714955687523,2,1
888,4,0.07934501660721642,7,1
889,9,0.08494274318218231,2,1
890,8,0.07790944849451382,3,1
891,10,0.0718545988202095,1,1
892,7,0.0691818930208683,4,1
893,9,0.27595450077205896,2,1
894,7,0.22047901712357998,4,1
895,-50,0.17662424445152283,50,0
896,9,0.3235859200358391,2,1
897,9,0.09659059345722198,2,1
898,9,0.07467908039689064,2,1
899,8,0.11957774311304092,3,1
900,10,0.21686652302742004,1,1
901,9,0.041848739609122276,2,1
902,7,0.2526007299311459,4,1
903,-11,0.043933733366429806,2,0
904,8,0.22054150700569153,3,1
905,9,0.4516691267490387,2,1
906,5,0.13937301747500896,6,1
907,10,0.05745772272348404,1,1
908,8,0.07583796605467796,3,1
909,7,0.08530788123607635,4,1
910,10,0.03622151166200638,1,1
911,6,0.20740242749452592,5,1
912,-10,0.08309096097946167,1,0
913,-50,0.19310489494353533,50,0
914,-10,0.46241670846939087,1,0
915,-29,0.17435859460383654,40,1
916,10,0.4436822533607483,1,1
917,-20,0.2439497685240161,31,1
918,9,0.2416047379374504,2,1
919,9,0.14125998318195343,2,1
920,7,0.1394923087209463,4,1
921,8,0.17693117385109267,3,1
922,10,0.09362386167049408,1,1
923,-50,0.17396511459723116,50,0
924,8,0.28086719413598377,3,1
925,7,0.38353583589196205,4,1
926,-50,0.13843065895140172,50,0
927,7,0.13819990493357182,4,1
928,10,0.1287769228219986,1,1
929,-18,0.25986705142362365,29,1
930,8,0.1746807595094045,3,1
931,-50,0.1945804313570261,50,0
932,8,0.22373839716116586,3,1
933,1,0.17419130690395832,10,1
934,10,0.0658380538225174,1,1
935,8,0.18550406768918037,3,1
936,10,0.17663273215293884,1,1
937,6,0.1415935881435871,5,1
938,8,0.2193535746385654,3,1
939,10,0.5520678758621216,1,1
940,6,0.10304216518998147,5,1
941,-22,0.09955132229683492,13,0
942,10,0.07928717136383057,1,1
943,-17,0.2391222014224955,28,1
944,8,0.1351995219786962,3,1
945,8,0.12931720788280168,3,1
946,7,0.14828206598758698,4,1
947,9,0.18206766992807388,2,1
948,9,0.059720467776060104,2,1
949,9,0.15175094828009605,2,1
950,7,0.1735434818547219,4,1
951,9,0.06969098746776581,2,1
952,10,0.12417666614055634,1,1
953,8,0.11174661666154861,3,1
954,8,0.29874634246031445,3,1
955,-11,0.3097098544239998,2,0
956,9,0.19944646209478378,2,1
957,9,0.11512717604637146,2,1
958,-9,0.1719071004539728,20,1
959,7,0.15762607380747795,4,1
960,6,0.20685283727943898,5,1
961,9,0.214581910520792,2,1
962,9,0.23016546666622162,2,1
963,9,0.2718602120876312,2,1
964,-50,0.1964011602476239,50,0
965,7,0.08471342548727989,4,1
966,10,0.028674423694610596,1,1
967,8,0.13891272991895676,3,1
968,9,0.13868319243192673,2,1
969,10,0.13457386195659637,1,1
970,9,0.1999547779560089,2,1
971,9,0.3200960010290146,2,1
972,9,0.1423468440771103,2,1
973,6,0.20120090544223784,5,1
974,9,0.0890803188085556,2,1
975,8,0.13878379265467325,3,1
976,9,0.13832234218716621,2,1
977,6,0.14618140161037446,5,1
978,-10,0.07063275575637817,1,0
979,3,0.23138505406677723,8,1
980,-11,0.13902124762535095,2,0
981,-50,0.2338597459346056,50,0
982,-10,0.1425236165523529,1,0
983,9,0.09210980869829655,2,1
984,8,0.10237609470884006,3,1
985,7,0.08758839778602123,4,1
986,7,0.10210927203297615,4,1
987,8,0.2069897179802259,3,1
988,8,0.25178783635298413,3,1
989,8,0.1328470508257548,3,1
990,9,0.20895644277334213,2,1
991,-14,0.11237933859229088,5,0
992,-50,0.22833931274712085,50,0
993,10,0.07891379296779633,1,1
994,10,0.07745063304901123,1,1
995,-14,0.19397486120462418,25,1
996,8,0.25913295646508533,3,1
997,9,0.1505548171699047,2,1
998,9,0.1512586772441864,2,1
999,9,0.0892142504453659,2,1
1000,-14,0.2093543615937233,25,1
1,8,0.09107444683710735,3,1
2,10,0.03619537502527237,1,1
3,9,0.5495911482721567,2,1
4,8,0.06935484210650127,3,1
5,-5,0.17192108638118953,16,1
6,8,0.07894320785999298,3,1
7,9,0.09690304473042488,2,1
8,6,0.30790071487426757,5,1
9,9,0.25074733048677444,2,1
10,10,0.0952378362417221,1,1
11,10,0.12620413303375244,1,1
12,9,0.1370564103126526,2,1
13,9,0.3714485466480255,2,1
14,9,0.09494337439537048,2,1
15,10,0.153036966919899,1,1
16,8,0.1798463687300682,3,1
17,8,0.19283940891424814,3,1
18,-57,0.15099756636967263,48,0
19,9,0.09100934490561485,2,1
20,10,0.04330797493457794,1,1
21,10,0.09462693333625793,1,1
22,10,0.058319877833127975,1,1
23,-50,0.15958254370838404,50,0
24,-11,0.1202640924602747,2,0
25,7,0.05729083623737097,4,1
26,-35,0.2306196389152952,46,1
27,-22,0.20365497441680142,33,1
28,-25,0.19942593947052956,36,1
29,10,0.13761290907859802,1,1
30,8,0.13375568141539892,3,1
31,9,0.32648807391524315,2,1
32,9,0.1121513843536377,2,1
33,6,0.2708483554422855,5,1
34,7,0.07213885895907879,4,1
35,8,0.06460923080643018,3,1
36,6,0.1390659838914871,5,1
37,8,0.23821902523438135,3,1
38,10,0.12927299737930298,1,1
39,9,0.09094000607728958,2,1
40,10,0.5353662371635437,1,1
41,-11,0.07658437266945839,2,0
42,7,0.17796224262565374,4,1
43,7,0.07567623257637024,4,1
44,10,0.03289571404457092,1,1
45,-35,0.15154441295621487,26,0
46,-30,0.18131605526659547,41,1
47,6,0.10443059280514717,5,1
48,-11,0.15884690528566187,22,1
49,6,0.1706590313464403,5,1
50,8,0.0689645620683829,3,1
51,10,0.1000627651810646,1,1
52,8,0.1251958372692267,3,1
53,10,0.07373015582561493,1,1
54,8,0.08030152320861816,3,1
55,10,0.11964060366153717,1,1
56,7,0.16691552801057696,4,1
57,7,0.10259132087230682,4,1
58,10,0.043002329766750336,1,1
59,-8,0.2013220141004575,19,1
60,8,0.05170203621188799,3,1
61,8,0.05807638975481192,3,1
62,10,0.03085540235042572,1,1
63,8,0.22906185438235602,3,1
64,9,0.06698294915258884,2,1
65,9,0.08982119895517826,2,1
66,8,0.11730655034383138,3,1
67,7,0.07169060781598091,4,1
68,10,0.07913188636302948,1,1
69,-16,0.11431870844077181,27,1
70,10,0.11907555162906647,1,1
71,10,0.6062320470809937,1,1
72,9,0.1618555150926113,2,1
73,5,0.23410242050886154,6,1
74,6,0.15380919463932513,5,1
75,6,0.1349450320005417,5,1
76,7,0.3534141704440117,4,1
77,10,0.14834845066070557,1,1
78,10,0.04840249568223953,1,1
79,10,0.08820720762014389,1,1
80,9,0.3356209844350815,2,1
81,-50,0.21570819556713106,50,0
82,9,0.15436778590083122,2,1
83,9,0.10520017892122269,2,1
84,10,0.5405980348587036,1,1
85,10,0.09350515902042389,1,1
86,10,0.5389893651008606,1,1
87,7,0.05086251813918352,4,1
88,10,0.29211556911468506,1,1
89,8,0.3378705581029256,3,1
90,10,0.05409809201955795,1,1
91,6,0.09330781511962413,5,1
92,10,0.05106324329972267,1,1
93,-10,0.05235737934708595,1,0
94,3,0.14368806639686227,8,1
95,10,0.09539464861154556,1,1
96,8,0.048208208133776985,3,1
97,9,0.3299631020054221,2,1
98,9,0.047329654917120934,2,1
99,-10,0.038958728313446045,1,0
100,9,0.3711053654551506,2,1
101,6,0.058095965534448624,5,1
102,9,0.041668725199997425,2,1
103,-14,0.20792143270373345,25,1
104,-12,0.0542460468908151,3,0
105,9,0.271731985732913,2,1
106,-15,0.1671208027893534,26,1
107,8,0.21034341553846994,3,1
108,-50,0.243960515037179,50,0
109,8,0.1710030436515808,3,1
110,-26,0.17597836336574038,37,1
111,10,0.03951060771942139,1,1
112,9,0.0985749289393425,2,1
113,10,0.5792790651321411,1,1
114,9,0.08551546931266785,2,1
115,10,0.021157197654247284,1,1
116,-50,0.1446775409579277,50,0
117,-26,0.1670205628851781,37,1
118,9,0.3031403496861458,2,1
119,8,0.11305790767073631,3,1
120,-12,0.19363467146952948,3,0
121,10,0.44733935594558716,1,1
122,9,0.06511981040239334,2,1
123,9,0.25368472561240196,2,1
124,10,0.07443263381719589,1,1
125,10,0.051271580159664154,1,1
126,9,0.1109417974948883,2,1
127,-18,0.12428900772898362,29,1
128,7,0.0875450037419796,4,1
129,-50,0.14378628134727478,50,0
130,9,0.07054682075977325,2,1
131,10,0.09776642173528671,1,1
132,7,0.40438663866370916,4,1
133,9,0.04532334767282009,2,1
134,6,0.07368088439106942,5,1
135,6,0.049002143740653994,5,1
136,6,0.39793907701969145,5,1
137,10,0.04482700303196907,1,1
138,9,0.024237703531980515,2,1
139,8,0.1837430198987325,3,1
140,-50,0.15379442870616913,50,0
141,9,0.37601500283926725,2,1
142,7,0.04102618410252035,4,1
143,-12,0.1546865925192833,3,0
144,10,0.05145280063152313,1,1
145,5,0.03806233266368508,6,1
146,-50,0.1520365700311959,50,0
147,8,0.24377874160806337,3,1
148,8,0.3737022280693054,3,1
149,9,0.4320908971130848,2,1
150,10,0.07671218365430832,1,1
151,9,0.2693488970398903,2,1
152,-10,0.036387454718351364,1,0
153,-11,0.09672670811414719,2,0
154,9,0.6056635975837708,2,1
155,8,0.025809345146020252,3,1
156,7,0.2475506030023098,4,1
157,9,0.07788591645658016,2,1
158,-11,0.042267585173249245,2,0
159,8,0.3061795091877381,3,1
160,-50,0.19173585101030766,50,0
161,-10,0.4671570062637329,1,0
162,9,0.0873313881456852,2,1
163,-16,0.11354476506156581,7,0
164,-33,0.15869325754994695,44,1
165,9,0.06977605074644089,2,1
166,-28,0.16005479673353526,39,1
167,9,0.2703840881586075,2,1
168,7,0.14448692463338375,4,1
169,10,0.019564148038625717,1,1
170,-18,0.20731045023120684,29,1
171,7,0.2013870533555746,4,1
172,-11,0.13244397193193436,2,0
173,-2,0.15883768607790655,13,1
174,10,0.6574353575706482,1,1
175,-50,0.180859834253788,50,0
176,-50,0.18527255579829216,50,0
177,9,0.3585814796388149,2,1
178,10,0.019584139809012413,1,1
179,8,0.2680725157260895,3,1
180,10,0.4670720398426056,1,1
181,9,0.30419078283011913,2,1
182,-10,0.6721813678741455,1,0
183,-50,0.21617550492286683,50,0
184,8,0.0856240230302016,3,1
185,7,0.29329938814044,4,1
186,6,0.25369525849819186,5,1
187,7,0.24678082298487425,4,1
188,7,0.23581637814641,4,1
189,10,0.07371202856302261,1,1
190,10,0.17320936918258667,1,1
191,7,0.21958483941853046,4,1
192,8,0.03564790729433298,3,1
193,10,0.7256760597229004,1,1
194,9,0.08473397977650166,2,1
195,10,0.41559839248657227,1,1
196,10,0.032693274319171906,1,1
197,7,0.1303544412367046,4,1
198,9,0.0971481092274189,2,1
199,-14,0.20005836255848408,25,1
200,10,0.1303699016571045,1,1
201,8,0.16372637823224068,3,1
202,6,0.16830730959773063,5,1
203,-50,0.20526166800409557,50,0
204,7,0.12380424700677395,4,1
205,7,0.7461021319031715,4,1
206,7,0.417953934520483,4,1
207,8,0.2712300146619479,3,1
208,6,0.43803777545690536,5,1
209,7,0.2540896460413933,4,1
210,7,0.3662567622959614,4,1
211,10,0.04532286897301674,1,1
212,10,0.061648890376091,1,1
213,7,0.37068086117506027,4,1
214,10,0.12504805624485016,1,1
215,10,0.3724890351295471,1,1
216,7,0.3584884461015463,4,1
217,9,0.11131672188639641,2,1
218,-50,0.1786417566984892,50,0
219,10,0.13935695588588715,1,1
220,7,0.21748577244579792,4,1
221,6,0.19808394610881805,5,1
222,-2,0.24464726147170252,13,1
223,-11,0.1482013976201415,2,0
224,8,0.18735252569119135,3,1
225,6,0.33036753833293914,5,1
226,8,0.08913840601841609,3,1
227,8,0.1537849729259809,3,1
228,9,0.5924318209290504,2,1
229,9,0.4010201096534729,2,1
230,-20,0.19627867503599686,11,0
231,7,0.1421447964385152,4,1
232,9,0.31131869554519653,2,1
233,9,0.16064966470003128,2,1
234,-13,0.16372922994196415,4,0
235,7,0.06650241417810321,4,1
236,8,0.15453348370889822,3,1
237,9,0.17124823480844498,2,1
238,8,0.1640267868836721,3,1
239,8,0.232896755139033,3,1
240,-50,0.24484801288694144,50,0
241,10,0.7546881437301636,1,1
242,-50,0.17879394114017486,50,0
243,8,0.08317432676752408,3,1
244,9,0.3208681643009186,2,1
245,9,0.06041594594717026,2,1
246,8,0.08030859256784122,3,1
247,9,0.112472303211689,2,1
248,-10,0.08940206468105316,1,0
249,7,0.05240851826965809,4,1
250,9,0.041796025820076466,2,1
251,-11,0.33315392956137657,2,0
252,10,0.030018150806427002,1,1
253,-10,0.5084806680679321,1,0
254,7,0.18582953233271837,4,1
255,-21,0.2165978766279295,32,1
256,-11,0.33184801787137985,2,0
257,10,0.9653805494308472,1,1
258,8,0.33645106852054596,3,1
259,6,0.30981859415769575,5,1
260,8,0.33278945833444595,3,1
261,9,0.09432125836610794,2,1
262,6,0.14368702173233033,5,1
263,9,0.23648326098918915,2,1
264,-13,0.20998935812773803,24,1
265,-3,0.22142641991376877,14,1
266,7,0.20804955810308456,4,1
267,6,0.3719849407672882,5,1
268,10,0.07799594849348068,1,1
269,9,0.10439843311905861,2,1
270,-32,0.22473959728728893,43,1
271,5,0.15131428837776184,6,1
272,8,0.0927471009393533,3,1
273,-34,0.21307503812842898,45,1
274,10,0.07720167934894562,1,1
275,10,0.14818522334098816,1,1
276,-1,0.21451955195516348,12,1
277,7,0.33335175551474094,4,1
278,5,0.17265995778143406,6,1
279,7,0.09776175580918789,4,1
280,10,0.08399224281311035,1,1
281,7,0.10493588447570801,4,1
282,10,0.163590207695961,1,1
283,8,0.2967088570197423,3,1
284,10,0.6044052839279175,1,1
285,8,0.14557730903228125,3,1
286,9,0.3454528898000717,2,1
287,-24,0.14050108417868615,35,1
288,7,0.13247809000313282,4,1
289,10,0.13200823962688446,1,1
290,8,0.27087271710236865,3,1
291,8,0.08709625899791718,3,1
292,8,0.1008261168996493,3,1
293,8,0.18205805867910385,3,1
294,10,0.046486224979162216,1,1
295,5,0.21483532339334488,6,1
296,9,0.34852657467126846,2,1
297,8,0.22188490008314452,3,1
298,8,0.2665858479837577,3,1
299,10,0.08342618495225906,1,1
300,8,0.5880043506622314,3,1
301,8,0.22679094721873602,3,1
302,7,0.3673040457069874,4,1
303,10,0.16079892218112946,1,1
304,-50,0.1869295855425298,50,0
305,9,0.09083373472094536,2,1
306,8,0.06316843628883362,3,1
307,9,0.16053704172372818,2,1
308,9,0.20534365624189377,2,1
309,8,0.07199729109803836,3,1
310,8,0.10364554077386856,3,1
311,8,0.11606416602929433,3,1
312,8,0.09115519126256307,3,1
313,-14,0.07879467457532882,5,0
314,-3,0.1735120423670326,14,1
315,10,0.14785119891166687,1,1
316,5,0.26971807641287643,6,1
317,9,0.06843574158847332,2,1
318,5,0.14403104099134603,6,1
319,10,0.150007426738739,1,1
320,8,0.40151166915893555,3,1
321,9,0.07676110230386257,2,1
322,9,0.08129994571208954,2,1
323,8,0.2201821655035019,3,1
324,9,0.08118333294987679,2,1
325,10,0.07989533245563507,1,1
326,6,0.19383079409599305,5,1
327,7,0.18728412128984928,4,1
328,7,0.20142235048115253,4,1
329,9,0.06432374939322472,2,1
330,10,0.03210672363638878,1,1
331,10,0.543255090713501,1,1
332,9,0.04525412619113922,2,1
333,7,0.11778147984296083,4,1
334,7,0.28335301391780376,4,1
335,7,0.06928347330540419,4,1
336,9,0.09012909792363644,2,1
337,8,0.18151610096295676,3,1
338,9,0.13796335458755493,2,1
339,9,0.16725796461105347,2,1
340,6,0.23239813297986983,5,1
341,-50,0.1321980868279934,50,0
342,6,0.10020247697830201,5,1
343,9,0.5309273600578308,2,1
344,9,0.08800703287124634,2,1
345,-1,0.1105267417927583,12,1
346,5,0.07038463031252225,6,1
347,8,0.22488022968173027,3,1
348,7,0.07013340201228857,4,1
349,-28,0.14510368823240966,39,1
350,-10,0.5517958402633667,1,0
351,1,0.13670853450894355,10,1
352,9,0.03859980031847954,2,1
353,8,0.032212097818652786,3,1
354,6,0.1880715787410736,5,1
355,10,0.5088117718696594,1,1
356,8,0.0878956491748492,3,1
357,10,0.10460782796144485,1,1
358,-10,0.13227906823158264,1,0
359,8,0.3996921678384145,3,1
360,10,0.09030678868293762,1,1
361,10,0.1470302939414978,1,1
362,9,0.11147893965244293,2,1
363,5,0.3629118390381336,6,1
364,10,0.06278656423091888,1,1
365,8,0.20507254203160605,3,1
366,-50,0.20956378091126682,50,0
367,9,0.07693925499916077,2,1
368,7,0.34528815001249313,4,1
369,8,0.07865604509909947,3,1
370,9,0.33419883996248245,2,1
371,-25,0.13770091836340725,16,0
372,-12,0.14979717896684355,23,1
373,8,0.046895833065112434,3,1
374,9,0.06089034304022789,2,1
375,8,0.06930663312474887,3,1
376,9,0.10713344812393188,2,1
377,10,0.15307271480560303,1,1
378,10,0.05258610099554062,1,1
379,8,0.055189824352661766,3,1
380,-36,0.13762214066500358,47,1
381,9,0.2891979515552521,2,1
382,9,0.021764969918876886,2,1
383,8,0.028192513311902683,3,1
384,9,0.08154866844415665,2,1
385,8,0.059881169348955154,3,1
386,9,0.11044593527913094,2,1
387,8,0.22558538864056268,3,1
388,8,0.06460829203327496,3,1
389,9,0.0388560276478529,2,1
390,7,0.10621880739927292,4,1
391,10,0.028474947437644005,1,1
392,5,0.09358775056898594,6,1
393,8,0.08751605202754338,3,1
394,8,0.08029886956016223,3,1
395,7,0.059129186905920506,4,1
396,10,0.0956977978348732,1,1
397,10,0.05049767717719078,1,1
398,6,0.03298082798719406,5,1
399,10,0.07930007576942444,1,1
400,-10,0.05056854709982872,1,0
401,8,0.06869566688934962,3,1
402,-50,0.1641496105864644,50,0
403,9,0.34031398966908455,2,1
404,8,0.11930978546539943,3,1
405,6,0.2029428228735924,5,1
406,7,0.08126367162913084,4,1
407,-36,0.09507900040517463,47,1
408,10,0.12577426433563232,1,1
409,7,0.14545053662732244,4,1
410,-10,0.18224693923479035,21,1
411,9,0.18274929374456406,2,1
412,5,0.07625903313358624,6,1
413,10,0.3516669273376465,1,1
414,10,0.11802180111408234,1,1
415,-15,0.09972256966508351,26,1
416,10,0.05513842776417732,1,1
417,4,0.07998912728258542,7,1
418,9,0.026932690292596817,2,1
419,8,0.026342056691646576,3,1
420,9,0.6746265590190887,2,1
421,10,0.28736990690231323,1,1
422,10,0.015625523403286934,1,1
423,2,0.17777802422642708,9,1
424,8,0.12504156368474165,3,1
425,10,0.08089882135391235,1,1
426,-33,0.1732651109341532,44,1
427,10,0.06937278807163239,1,1
428,-1,0.20540833193808794,12,1
429,10,0.06690797209739685,1,1
430,6,0.1195857658982277,5,1
431,10,0.05043557658791542,1,1
432,6,0.2997435048222542,5,1
433,6,0.05054254420101643,5,1
434,4,0.12190360735569682,7,1
435,-12,0.07754602531592052,3,0
436,10,0.024227075278759003,1,1
437,8,0.060907576233148575,3,1
438,8,0.06549597159028053,3,1
439,-3,0.0988155993233834,14,1
440,7,0.057380941696465015,4,1
441,9,0.057997249998152256,2,1
442,10,0.283643513917923,1,1
443,-50,0.16218950361013412,50,0
444,9,0.18657904118299484,2,1
445,-11,0.08215772360563278,2,0
446,4,0.13357751497200557,7,1
447,8,0.36030103266239166,3,1
448,-50,0.1355863028205931,50,0
449,10,0.26867836713790894,1,1
450,-50,0.11885970246046781,50,0
451,9,0.4251061864197254,2,1
452,9,0.05658087506890297,2,1
453,7,0.13412025943398476,4,1
454,10,0.339209645986557,1,1
455,7,0.26359550189226866,4,1
456,9,0.19615310430526733,2,1
457,-50,0.17292784366756678,50,0
458,5,0.20010735342899957,6,1
459,9,0.26429049856960773,2,1
460,-50,0.1874838722497225,50,0
461,5,0.1496010459959507,6,1
462,8,0.21628022193908691,3,1
463,7,0.28320517390966415,4,1
464,-50,0.19837264562025667,50,0
465,-27,0.22032096187927222,38,1
466,7,0.08979467116296291,4,1
467,4,0.2824682391115597,7,1
468,8,0.06824336697657903,3,1
469,9,0.19754120707511902,2,1
470,8,0.1916723574201266,3,1
471,9,0.3147890046238899,2,1
472,8,0.18162540656824908,3,1
473,7,0.342046570032835,4,1
474,-34,0.1981006701787313,45,1
475,9,0.2217554673552513,2,1
476,8,0.216514702886343,3,1
477,8,0.18881792823473612,3,1
478,-50,0.15006767351180314,50,0
479,8,0.04652429992953936,3,1
480,9,0.5441250950098038,2,1
481,-11,0.06769022718071938,2,0
482,9,0.03605564869940281,2,1
483,-17,0.10141533493463482,28,1
484,-13,0.18533045526904365,24,1
485,9,0.10263253375887871,2,1
486,-50,0.14595001267269253,50,0
487,9,0.11963992193341255,2,1
488,9,0.29152917116880417,2,1
489,10,0.8341257572174072,1,1
490,-12,0.07264485210180283,3,0
491,9,0.054055978544056416,2,1
492,8,0.2820635723570983,3,1
493,-1,0.2633342230692506,12,1
494,10,0.058655425906181335,1,1
495,7,0.08937633642926812,4,1
496,-50,0.1880074491351843,50,0
497,-10,0.07422150671482086,1,0
498,10,0.08744928240776062,1,1
499,7,0.1870451122522354,4,1
500,9,0.17926913127303123,2,1
501,8,0.09993765254815419,3,1
502,9,0.06513670459389687,2,1
503,7,0.24207285232841969,4,1
504,10,0.4945782423019409,1,1
505,10,0.4289996922016144,1,1
506,9,0.11295470222830772,2,1
507,7,0.1840606890618801,4,1
508,10,0.017515525221824646,1,1
509,9,0.3730117455124855,2,1
510,9,0.2987789921462536,2,1
511,7,0.3071658927947283,4,1
512,-10,0.26319044828414917,1,0
513,9,0.02995236963033676,2,1
514,9,0.15515547152608633,2,1
515,9,0.42046381533145905,2,1
516,6,0.1952760625630617,5,1
517,-7,0.10240756668564346,18,1
518,8,0.05302084609866142,3,1
519,6,0.23430492356419563,5,1
520,-14,0.12328851997852325,25,1
521,7,0.07583748642355204,4,1
522,10,0.17634648084640503,1,1
523,7,0.0919034443795681,4,1
524,7,0.11027157120406628,4,1
525,7,0.4473252482712269,4,1
526,-5,0.21041390392929316,16,1
527,10,0.08702631294727325,1,1
528,7,0.2712505338713527,4,1
529,10,0.21161165833473206,1,1
530,6,0.351600581407547,5,1
531,8,0.10048101594050725,3,1
532,9,0.08318341709673405,2,1
533,6,0.1481763668358326,5,1
534,-13,0.23534358572214842,4,0
535,9,0.07113009132444859,2,1
536,8,0.10734584679206212,3,1
537,-4,0.18599255457520486,15,1
538,8,0.12265010674794515,3,1
539,-37,0.1625211890010784,48,1
540,10,0.3827393651008606,1,1
541,6,0.13839589804410934,5,1
542,10,0.32636675238609314,1,1
543,8,0.09293473760286967,3,1
544,7,0.13001282513141632,4,1
545,-9,0.13940077647566795,20,1
546,9,0.13283338397741318,2,1
547,7,0.0977500881999731,4,1
548,9,0.10405280441045761,2,1
549,8,0.05117760101954142,3,1
550,10,0.08463935554027557,1,1
551,9,0.02742837369441986,2,1
552,6,0.07675354182720184,5,1
553,8,0.17288992553949356,3,1
554,7,0.07547645457088947,4,1
555,5,0.15350346515576044,6,1
556,9,0.42720291018486023,2,1
557,7,0.09049577824771404,4,1
558,8,0.11882879460851352,3,1
559,6,0.19491418749094008,5,1
560,10,0.509315013885498,1,1
561,9,0.15318022668361664,2,1
562,10,0.2155507504940033,1,1
563,8,0.30077268679936725,3,1
564,7,0.09066453017294407,4,1
565,7,0.05535018630325794,4,1
566,10,0.26584112644195557,1,1
567,5,0.16789505382378897,6,1
568,9,0.0961341205984354,2,1
569,10,0.041873518377542496,1,1
570,8,0.26416338856021565,3,1
571,-10,0.10542600601911545,1,0
572,-12,0.3892231533924739,3,0
573,9,0.1903528142720461,2,1
574,9,0.15722688287496567,2,1
575,6,0.11276828497648239,5,1
576,-50,0.15665607199072837,50,0
577,7,0.07894193567335606,4,1
578,10,0.057468511164188385,1,1
579,10,0.14326781034469604,1,1
580,8,0.09149075175325076,3,1
581,7,0.07223916612565517,4,1
582,9,0.07157359458506107,2,1
583,8,0.1654077172279358,3,1
584,8,0.12004101648926735,3,1
585,8,0.13952486713727316,3,1
586,8,0.04315090427796046,3,1
587,10,0.07982660830020905,1,1
588,-17,0.17245935801682727,28,1
589,10,0.11110380291938782,1,1
590,-10,0.2861081659793854,1,0
591,9,0.10999443009495735,2,1
592,9,0.2104002758860588,2,1
593,10,0.16696089506149292,1,1
594,9,0.05066230706870556,2,1
595,9,0.06309955380856991,2,1
596,3,0.12931804545223713,8,1
597,9,0.2715606540441513,2,1
598,-1,0.22979992348700762,12,1
599,9,0.09731855615973473,2,1
600,8,0.10645283510287602,3,1
601,6,0.17741377502679825,5,1
602,9,0.08009251579642296,2,1
603,-10,0.12545529007911682,1,0
604,6,0.2061754509806633,5,1
605,7,0.08553915843367577,4,1
606,-48,0.19078084148275545,39,0
607,7,0.20093104615807533,4,1
608,8,0.13348054885864258,3,1
609,9,0.31181979179382324,2,1
610,4,0.12866940987961634,7,1
611,6,0.23961427807807922,5,1
612,-50,0.1819497961550951,50,0
613,10,0.5112476348876953,1,1
614,7,0.29773929761722684,4,1
615,6,0.03696883767843247,5,1
616,10,0.03684762120246887,1,1
617,-10,0.037491314113140106,1,0
618,10,0.043038975447416306,1,1
619,10,0.05016835778951645,1,1
620,10,0.10603328794240952,1,1
621,8,0.07704523702462514,3,1
622,8,0.2943663150072098,3,1
623,10,0.09167254716157913,1,1
624,6,0.16967710107564926,5,1
625,8,0.12955174098412195,3,1
626,9,0.1375616379082203,2,1
627,8,0.031350954746206604,3,1
628,9,0.05266055464744568,2,1
629,8,0.1792485093077024,3,1
630,8,0.18074086432655653,3,1
631,10,0.06841728836297989,1,1
632,7,0.15371939889155328,4,1
633,8,0.038908775274952255,3,1
634,10,0.015617161057889462,1,1
635,-10,0.031001778319478035,1,0
636,9,0.06306451186537743,2,1
637,9,0.04894982371479273,2,1
638,8,0.2237271045645078,3,1
639,7,0.14265352534130216,4,1
640,-11,0.3404823448508978,2,0
641,10,0.42253535985946655,1,1
642,10,0.8863829374313354,1,1
643,-12,0.199704066850245,3,0
644,10,0.5781720876693726,1,1
645,9,0.034975881688296795,2,1
646,8,0.24431224167346954,3,1
647,9,0.10809553787112236,2,1
648,10,0.10077047348022461,1,1
649,-22,0.13783453286371447,33,1
650,8,0.10207098722457886,3,1
651,3,0.1865811417810619,8,1
652,-11,0.20164856932718644,22,1
653,9,0.502718722447753,2,1
654,9,0.08584357984364033,2,1
655,6,0.208646559715271,5,1
656,9,0.09692230075597763,2,1
657,9,0.058497294783592224,2,1
658,-33,0.19266760649836875,44,1
659,6,0.20208124369382857,5,1
660,8,0.10211848964293797,3,1
661,8,0.2836222896973292,3,1
662,9,0.37603549659252167,2,1
663,6,0.29812100492417815,5,1
664,8,0.2949403723080953,3,1
665,9,0.10567193478345871,2,1
666,9,0.047733306884765625,2,1
667,5,0.18505566008388996,6,1
668,7,0.3214761302806437,4,1
669,8,0.35748498514294624,3,1
670,6,0.27940874062478543,5,1
671,9,0.12445812299847603,2,1
672,-12,0.41787976771593094,3,0
673,8,0.2136839578549067,3,1
674,10,0.06388528645038605,1,1
675,6,0.10845592543482781,5,1
676,8,0.10924581686655681,3,1
677,9,0.25773345585912466,2,1
678,6,0.25866108387708664,5,1
679,10,0.0756765604019165,1,1
680,-26,0.19928910233382438,37,1
681,8,0.22561833014090857,3,1
682,10,0.1741332709789276,1,1
683,9,0.08619967848062515,2,1
684,8,0.07479013378421466,3,1
685,8,0.22226340572039285,3,1
686,7,0.19530016835778952,4,1
687,9,0.08481510728597641,2,1
688,10,0.12378000468015671,1,1
689,8,0.130690086632967,3,1
690,9,0.04353327862918377,2,1
691,9,0.3153836652636528,2,1
692,-49,0.17341947820968925,40,0
693,8,0.0900788481036822,3,1
694,-11,0.29621840827167034,2,0
695,9,0.08684464544057846,2,1
696,9,0.5945904552936554,2,1
697,-50,0.17394879262894392,50,0
698,10,0.02511238306760788,1,1
699,9,0.32621870189905167,2,1
700,-49,0.15073304125107825,40,0
701,-12,0.12244383742411931,3,0
702,9,0.08147800713777542,2,1
703,-50,0.13610776014626025,50,0
704,6,0.2777243599295616,5,1
705,-23,0.16505569646901944,34,1
706,8,0.09742171689867973,3,1
707,7,0.10951379127800465,4,1
708,9,0.18311414495110512,2,1
709,-50,0.1707371430285275,50,0
710,-50,0.16207530450075866,50,0
711,6,0.15467748790979385,5,1
712,10,0.034745678305625916,1,1
713,-50,0.12696797974407673,50,0
714,10,0.13095051050186157,1,1
715,8,0.23325758737822375,3,1
716,6,0.18015955984592438,5,1
717,10,0.24115732312202454,1,1
718,9,0.2556309625506401,2,1
719,8,0.21268150210380554,3,1
720,-10,0.021595140919089317,1,0
721,-20,0.14324589067649457,31,1
722,-10,0.539025068283081,1,0
723,-39,0.1424974150583148,50,1
724,7,0.11057270132005215,4,1
725,9,0.14080268889665604,2,1
726,9,0.1288763228803873,2,1
727,9,0.10042936727404594,2,1
728,-50,0.1605141896381974,50,0
729,8,0.08694545676310857,3,1
730,9,0.21608975529670715,2,1
731,9,0.3562692105770111,2,1
732,7,0.10988583462312818,4,1
733,4,0.11633364111185074,7,1
734,4,0.21735553762742452,7,1
735,9,0.1975516378879547,2,1
736,9,0.3117155749350786,2,1
737,7,0.4592619016766548,4,1
738,10,0.26467838883399963,1,1
739,10,0.43655699491500854,1,1
740,5,0.2328930056343476,6,1
741,8,0.11326982577641805,3,1
742,7,0.12780447397381067,4,1
743,7,0.09301423002034426,4,1
744,8,0.26061297456423443,3,1
745,9,0.23622045665979385,2,1
746,-10,0.06447406113147736,1,0
747,9,0.10612281411886215,2,1
748,7,0.24766290001571178,4,1
749,9,0.024085949175059795,2,1
750,8,0.0979025090734164,3,1
751,9,0.21951476484537125,2,1
752,-50,0.22480953115969896,50,0
753,10,0.206680029630661,1,1
754,-12,0.11190552761157353,3,0
755,9,0.1300879567861557,2,1
756,9,0.09567289426922798,2,1
757,9,0.05207551084458828,2,1
758,10,0.20732563734054565,1,1
759,9,0.19792478159070015,2,1
760,8,0.2328584132095178,3,1
761,7,0.20134233869612217,4,1
762,8,0.0699071263273557,3,1
763,-10,0.1652275025844574,1,0
764,9,0.36920820362865925,2,1
765,10,0.6794760823249817,1,1
766,10,0.1815224289894104,1,1
767,9,0.18829159438610077,2,1
768,8,0.10475270636379719,3,1
769,6,0.23521666079759598,5,1
770,6,0.18637869209051133,5,1
771,9,0.12236785050481558,2,1
772,8,0.11080317944288254,3,1
773,8,0.165651086717844,3,1
774,6,0.1352570705115795,5,1
775,10,0.06916586309671402,1,1
776,10,0.03640301153063774,1,1
777,10,0.09135778248310089,1,1
778,8,0.08240273719032605,3,1
779,6,0.12148214802145958,5,1
780,-50,0.21611113902181386,50,0
781,-50,0.205726317781955,50,0
782,-13,0.2576364865526557,4,0
783,8,0.5782617529233297,3,1
784,8,0.06305471621453762,3,1
785,8,0.3349454489847024,3,1
786,10,0.2662133276462555,1,1
787,8,0.16293173531691232,3,1
788,8,0.1923564299941063,3,1
789,10,0.04534509778022766,1,1
790,7,0.17382518202066422,4,1
791,-50,0.17625034434720874,50,0
792,6,0.3219636082649231,5,1
793,10,0.36514991521835327,1,1
794,9,0.19347942620515823,2,1
795,7,0.31793875247240067,4,1
796,9,0.2743046246469021,2,1
797,9,0.10686038248240948,2,1
798,6,0.26750185862183573,5,1
799,9,0.8278873264789581,2,1
800,10,0.06775888055562973,1,1
801,5,0.23725626493493715,6,1
802,10,0.06155278906226158,1,1
803,7,0.2915854649618268,4,1
804,9,0.10322386026382446,2,1
805,5,0.17028565456469855,6,1
806,9,0.22843556851148605,2,1
807,10,0.150346040725708,1,1
808,6,0.12305412515997886,5,1
809,7,0.20361176878213882,4,1
810,5,0.2284496302405993,6,1
811,7,0.1301234122365713,4,1
812,8,0.5858802000681559,3,1
813,-50,0.1683427781611681,50,0
814,8,0.10205660263697307,3,1
815,10,0.05187816917896271,1,1
816,9,0.03988909721374512,2,1
817,8,0.17137208580970764,3,1
818,-50,0.20215817846357823,50,0
819,9,0.24895532429218292,2,1
820,7,0.1813295790925622,4,1
821,10,0.05518174171447754,1,1
822,10,0.07052305340766907,1,1
823,9,0.06792735680937767,2,1
824,-50,0.19783977076411247,50,0
825,9,0.3174350932240486,2,1
826,7,0.12058328278362751,4,1
827,-48,0.16765551517407098,39,0
828,10,0.29449963569641113,1,1
829,-14,0.20718515142798424,5,0
830,10,0.027912527322769165,1,1
831,8,0.24025242030620575,3,1
832,-10,0.7363350987434387,1,0
833,9,0.459126852452755,2,1
834,7,0.12854336481541395,4,1
835,9,0.17076174169778824,2,1
836,9,0.11649948358535767,2,1
837,6,0.32585097551345826,5,1
838,8,0.1128206526239713,3,1
839,-2,0.12106874212622643,13,1
840,-12,0.5533501207828522,3,0
841,8,0.13627164190014204,3,1
842,9,0.09267856553196907,2,1
843,9,0.06472605466842651,2,1
844,7,0.04901394993066788,4,1
845,9,0.030205845832824707,2,1
846,7,0.16414231993258,4,1
847,10,0.07042419910430908,1,1
848,-9,0.23741144090890884,20,1
849,7,0.07250074762851,4,1
850,8,0.3444696304698785,3,1
851,-13,0.21571462973952293,4,0
852,-20,0.15646191097555623,31,1
853,8,0.31423130879799527,3,1
854,10,0.4962764382362366,1,1
855,9,0.278615802526474,2,1
856,9,0.19716744869947433,2,1
857,-22,0.18159741105941626,13,0
858,6,0.3314102813601494,5,1
859,4,0.1698922280754362,7,1
860,-10,0.16432598233222961,1,0
861,9,0.29115021973848343,2,1
862,10,0.07811681926250458,1,1
863,9,0.09874422661960125,2,1
864,10,0.07097829133272171,1,1
865,7,0.40091593377292156,4,1
866,9,0.12355336546897888,2,1
867,10,0.27970585227012634,1,1
868,9,0.10514122247695923,2,1
869,-50,0.18588448774069546,50,0
870,-36,0.1787696624243701,27,0
871,9,0.11260589212179184,2,1
872,7,0.22763795591890812,4,1
873,8,0.2662968412041664,3,1
874,8,0.11759485552708308,3,1
875,8,0.27616822222868603,3,1
876,-17,0.2072101735642978,28,1
877,7,0.17995357606559992,4,1
878,8,0.11185590674479802,3,1
879,6,0.13816171512007713,5,1
880,9,0.12733552604913712,2,1
881,7,0.3120690658688545,4,1
882,9,0.16771109029650688,2,1
883,9,0.29877999797463417,2,1
884,7,0.06627311557531357,4,1
885,9,0.060205426067113876,2,1
886,8,0.2782016098499298,3,1
887,-16,0.1570592292205051,27,1
888,-10,0.13810470700263977,1,0
889,9,0.06261969357728958,2,1
890,5,0.18363721979161104,6,1
891,9,0.16190413385629654,2,1
892,10,0.02814687415957451,1,1
893,7,0.3785085016861558,4,1
894,9,0.0902266576886177,2,1
895,-19,0.17722142102817695,30,1
896,9,0.2897672951221466,2,1
897,9,0.3408927470445633,2,1
898,-12,0.20944832427346188,23,1
899,7,0.1268953699618578,4,1
900,7,0.19510784931480885,4,1
901,7,0.28480199445039034,4,1
902,10,0.06603183597326279,1,1
903,8,0.11556265751520793,3,1
904,9,0.04886058531701565,2,1
905,10,0.07534767687320709,1,1
906,-7,0.11654932403730021,18,1
907,10,0.07561580836772919,1,1
908,7,0.08111767657101154,4,1
909,9,0.16360579244792461,2,1
910,8,0.19442777708172798,3,1
911,-11,0.1250900849699974,2,0
912,7,0.3506353758275509,4,1
913,9,0.08742597699165344,2,1
914,-50,0.18832350246608257,50,0
915,7,0.0941691854968667,4,1
916,9,0.0600862018764019,2,1
917,10,0.0517742745578289,1,1
918,7,0.1362938079982996,4,1
919,9,0.09744201228022575,2,1
920,9,0.09246797487139702,2,1
921,-50,0.1343437361344695,50,0
922,10,0.04303092509508133,1,1
923,9,0.052811672911047935,2,1
924,7,0.088063545525074,4,1
925,9,0.27518267184495926,2,1
926,8,0.06347403675317764,3,1
927,8,0.13496632128953934,3,1
928,8,0.12652120118339857,3,1
929,9,0.025161349214613438,2,1
930,9,0.03291206434369087,2,1
931,0,0.17487363449551843,11,1
932,7,0.2945341467857361,4,1
933,10,0.5382888913154602,1,1
934,8,0.0900908038020134,3,1
935,-50,0.12900974355638029,50,0
936,9,0.07060446590185165,2,1
937,9,0.1081332191824913,2,1
938,9,0.25752249732613564,2,1
939,7,0.05628252308815718,4,1
940,7,0.14967628754675388,4,1
941,-27,0.14871179704603396,38,1
942,2,0.10300846501357025,9,1
943,10,0.05720633268356323,1,1
944,10,0.2216113656759262,1,1
945,7,0.11202399339526892,4,1
946,7,0.12649342813529074,4,1
947,6,0.14689720124006272,5,1
948,8,0.23466434081395468,3,1
949,9,0.023663354106247425,2,1
950,9,0.21539348363876343,2,1
951,3,0.07476495765149593,8,1
952,8,0.11646014700333278,3,1
953,-50,0.06778541322797536,50,0
954,8,0.05248922171692053,3,1
955,10,0.02252388745546341,1,1
956,-2,0.10005557995576125,13,1
957,9,0.04909682460129261,2,1
958,8,0.09121330454945564,3,1
959,5,0.10753544606268406,6,1
960,8,0.04136364534497261,3,1
961,7,0.04648623801767826,4,1
962,9,0.10161852464079857,2,1
963,-50,0.09263588719069958,50,0
964,9,0.06227432005107403,2,1
965,7,0.04918327461928129,4,1
966,8,0.051613648111621536,3,1
967,8,0.047172725200653076,3,1
968,3,0.08728941599838436,8,1
969,8,0.04062818922102451,3,1
970,-50,0.06521870411932468,50,0
971,9,0.05432746186852455,2,1
972,8,0.06043518955508868,3,1
973,8,0.0266185166935126,3,1
974,7,0.11325255245901644,4,1
975,7,0.045628972351551056,4,1
976,9,0.07395883649587631,2,1
977,6,0.05291668847203255,5,1
978,-16,0.06584986720096182,27,1
979,8,0.028602968901395798,3,1
980,8,0.05727342640360197,3,1
981,10,0.014676682651042938,1,1
982,9,0.11962234601378441,2,1
983,-50,0.06792050898075104,50,0
984,-19,0.056421051484843096,30,1
985,9,0.048735227435827255,2,1
986,-50,0.07790698828175664,50,0
987,10,0.23930339515209198,1,1
988,6,0.03543657548725605,5,1
989,10,0.014184889383614063,1,1
990,10,0.06663478910923004,1,1
991,10,0.0368335135281086,1,1
992,-10,0.06767553091049194,1,0
993,9,0.03467870783060789,2,1
994,8,0.10066039611895879,3,1
995,6,0.0542606070637703,5,1
996,7,0.07960892748087645,4,1
997,7,0.03290302027016878,4,1
998,8,0.04123871400952339,3,1
999,10,0.0240127295255661,1,1
1000,7,0.05425918800756335,4,1
1,7,0.07039200281724334,4,1
2,-11,0.16925517097115517,2,0
3,9,0.09088919311761856,2,1
4,10,0.07494474947452545,1,1
5,10,0.08510863780975342,1,1
6,8,0.07816662142674129,3,1
7,8,0.17593142886956534,3,1
8,6,0.12921025604009628,5,1
9,7,0.18088576290756464,4,1
10,9,0.07400670647621155,2,1
11,10,0.48043346405029297,1,1
12,-5,0.07101396162761375,16,1
13,6,0.25379914697259665,5,1
14,9,0.03577333316206932,2,1
15,9,0.10591785609722137,2,1
16,8,0.03669256158173084,3,1
17,8,0.07793936630090077,3,1
18,9,0.05079672113060951,2,1
19,7,0.04230632679536939,4,1
20,7,0.07027031667530537,4,1
21,7,0.050393328070640564,4,1
22,10,0.10135410726070404,1,1
23,4,0.11490133165248803,7,1
24,9,0.11806079000234604,2,1
25,9,0.05145617201924324,2,1
26,-26,0.12232978903764002,37,1
27,-50,0.15626661863178015,50,0
28,-12,0.0705990195274353,3,0
29,-11,0.11460068449378014,2,0
30,10,0.039007801562547684,1,1
31,8,0.24559297412633896,3,1
32,10,0.10423634946346283,1,1
33,9,0.04268710408359766,2,1
34,8,0.046486240501205124,3,1
35,9,0.11214783973991871,2,1
36,8,0.029457105944554012,3,1
37,7,0.04240895248949528,4,1
38,9,0.2578108608722687,2,1
39,9,0.05378791689872742,2,1
40,7,0.1714923083782196,4,1
41,9,0.09885160624980927,2,1
42,10,0.10994510352611542,1,1
43,-3,0.07894038408994675,14,1
44,10,0.13663527369499207,1,1
45,10,0.07411523163318634,1,1
46,-25,0.10732186218309733,36,1
47,-10,0.08056490123271942,1,0
48,-3,0.12298032801066126,14,1
49,10,0.1971290111541748,1,1
50,9,0.047546361573040485,2,1
51,8,0.06692325634260972,3,1
52,10,0.04100853204727173,1,1
53,9,0.12341314926743507,2,1
54,9,0.3345942199230194,2,1
55,7,0.17195707000792027,4,1
56,9,0.07260553725063801,2,1
57,10,0.14224226772785187,1,1
58,10,0.028638586401939392,1,1
59,-10,0.019890211522579193,1,0
60,10,0.06479568779468536,1,1
61,7,0.14584054797887802,4,1
62,10,0.4376419186592102,1,1
63,9,0.046333570033311844,2,1
64,9,0.07817735895514488,2,1
65,7,0.11171239893883467,4,1
66,8,0.09079357609152794,3,1
67,10,0.3517075479030609,1,1
68,9,0.048091234639286995,2,1
69,7,0.15379355754703283,4,1
70,-6,0.12210266204441295,17,1
71,9,0.05767488293349743,2,1
72,9,0.08352039009332657,2,1
73,10,0.03883092850446701,1,1
74,-24,0.1359346192330122,35,1
75,8,0.1851658672094345,3,1
76,9,0.11118336953222752,2,1
77,9,0.10662037134170532,2,1
78,10,0.0704047903418541,1,1
79,-17,0.12345668101417166,28,1
80,9,0.04128996096551418,2,1
81,9,0.14749889075756073,2,1
82,9,0.13257912918925285,2,1
83,8,0.04904836292068163,3,1
84,9,0.31438660249114037,2,1
85,8,0.05518371736009916,3,1
86,6,0.0537016361951828,5,1
87,9,0.11634144186973572,2,1
88,8,0.19031664480765662,3,1
89,-6,0.16506819098311312,17,1
90,8,0.12223822126785915,3,1
91,8,0.18654861052831015,3,1
92,7,0.06708710826933384,4,1
93,10,0.11738559603691101,1,1
94,5,0.10087145864963531,6,1
95,8,0.18259940296411514,3,1
96,7,0.1379170073196292,4,1
97,9,0.1544475331902504,2,1
98,7,0.25845454819500446,4,1
99,10,0.07637958228588104,1,1
100,8,0.07960067689418793,3,1
101,10,0.23363083600997925,1,1
102,9,0.030194059014320374,2,1
103,9,0.12445555254817009,2,1
104,0,0.1133480676534501,11,1
105,9,0.04092804715037346,2,1
106,10,0.08194581419229507,1,1
107,10,0.29379743337631226,1,1
108,8,0.06535320729017258,3,1
109,-11,0.04622971173375845,2,0
110,6,0.17006174176931382,5,1
111,10,0.035717301070690155,1,1
112,10,0.08337044715881348,1,1
113,10,0.2182742804288864,1,1
114,5,0.15313474213083586,6,1
115,10,0.24344658851623535,1,1
116,9,0.077428188174963,2,1
117,10,0.1349664330482483,1,1
118,7,0.10537102725356817,4,1
119,9,0.0820365734398365,2,1
120,-11,0.03957127407193184,2,0
121,8,0.0978142519791921,3,1
122,9,0.2463146075606346,2,1
123,9,0.12852643802762032,2,1
124,-25,0.19192025088705122,16,0
125,9,0.07692824117839336,2,1
126,9,0.06620975956320763,2,1
127,9,0.0922660380601883,2,1
128,-50,0.1461947723478079,50,0
129,-10,0.10109637677669525,1,0
130,-10,0.15172410011291504,1,0
131,9,0.06647997163236141,2,1
132,9,0.11141145974397659,2,1
133,9,0.11150893941521645,2,1
134,8,0.029244845112164814,3,1
135,9,0.12479634210467339,2,1
136,9,0.052279213443398476,2,1
137,-50,0.16749818980693817,50,0
138,-31,0.1728218456818944,42,1
139,9,0.09120361134409904,2,1
140,8,0.09108466406663258,3,1
141,10,0.10749824345111847,1,1
142,8,0.06214395662148794,3,1
143,7,0.12784635461866856,4,1
144,9,0.15924768149852753,2,1
145,9,0.12897557765245438,2,1
146,7,0.06617224309593439,4,1
147,-7,0.16967091957728067,18,1
148,10,0.132643461227417,1,1
149,9,0.03819858469069004,2,1
150,10,0.08965540677309036,1,1
151,-8,0.10317864994469442,19,1
152,8,0.15287646651268005,3,1
153,9,0.10975344851613045,2,1
154,10,0.04425665736198425,1,1
155,-6,0.14333151773933103,17,1
156,10,0.050086360424757004,1,1
157,10,0.07185585796833038,1,1
158,8,0.06524028815329075,3,1
159,7,0.3293817173689604,4,1
160,7,0.2257701689377427,4,1
161,7,0.18001064285635948,4,1
162,10,0.024042492732405663,1,1
163,10,0.0864151194691658,1,1
164,9,0.05785178020596504,2,1
165,0,0.20677874643694272,11,1
166,7,0.08603712823241949,4,1
167,10,0.0841926634311676,1,1
168,9,0.07961168512701988,2,1
169,-18,0.14534630009840274,29,1
170,10,0.04976728931069374,1,1
171,9,0.12368781119585037,2,1
172,9,0.09829854592680931,2,1
173,10,0.08668401837348938,1,1
174,10,0.1799691617488861,1,1
175,-50,0.1317010971903801,50,0
176,10,0.07773508131504059,1,1
177,9,0.35176610201597214,2,1
178,10,0.03705751523375511,1,1
179,8,0.09369399398565292,3,1
180,8,0.05745206028223038,3,1
181,8,0.15033916011452675,3,1
182,6,0.04842210710048676,5,1
183,10,0.1370837241411209,1,1
184,4,0.07149419773902212,7,1
185,10,0.0847017765045166,1,1
186,9,0.5424896329641342,2,1
187,10,0.041038911789655685,1,1
188,9,0.0819423496723175,2,1
189,10,0.04363219439983368,1,1
190,10,0.11419086158275604,1,1
191,10,0.038709960877895355,1,1
192,-50,0.14520848281681537,50,0
193,10,0.06465743482112885,1,1
194,9,0.0626943614333868,2,1
195,8,0.11060777803262074,3,1
196,9,0.10918004810810089,2,1
197,-8,0.14520282974760784,19,1
198,9,0.09562846645712852,2,1
199,9,0.08295809850096703,2,1
200,-35,0.12590629202516182,46,1
201,8,0.25905874868233997,3,1
202,9,0.08935154788196087,2,1
203,8,0.11940585325161616,3,1
204,7,0.09367533959448338,4,1
205,6,0.05625968314707279,5,1
206,7,0.07066239509731531,4,1
207,9,0.2531363517045975,2,1
208,10,0.036719970405101776,1,1
209,6,0.10184458196163178,5,1
210,10,0.041448354721069336,1,1
211,10,0.10279794037342072,1,1
212,10,0.04969782754778862,1,1
213,9,0.0535589624196291,2,1
214,9,0.06912157498300076,2,1
215,9,0.332315219566226,2,1
216,-7,0.05908505815184779,18,1
217,10,0.11980330944061279,1,1
218,9,0.09958628751337528,2,1
219,9,0.3651149570941925,2,1
220,9,0.20671720057725906,2,1
221,8,0.0744724025328954,3,1
222,9,0.07804185710847378,2,1
223,9,0.09655747935175896,2,1
224,10,0.17862947285175323,1,1
225,8,0.11515405277411143,3,1
226,9,0.09986824542284012,2,1
227,6,0.11635550931096077,5,1
228,8,0.04767092193166415,3,1
229,7,0.08923511207103729,4,1
230,5,0.21774781681597233,6,1
231,8,0.20198945452769598,3,1
232,8,0.24489415436983109,3,1
233,8,0.1373901292681694,3,1
234,7,0.07577313762158155,4,1
235,5,0.14897067844867706,6,1
236,8,0.2536299725373586,3,1
237,6,0.17242948934435845,5,1
238,7,0.11254424788057804,4,1
239,9,0.16038763523101807,2,1
240,9,0.21952947974205017,2,1
241,-50,0.1411069007962942,50,0
242,8,0.07337164878845215,3,1
243,10,0.0774688571691513,1,1
244,9,0.07230069115757942,2,1
245,-50,0.11086079359054565,50,0
246,9,0.07121534273028374,2,1
247,9,0.06769387051463127,2,1
248,6,0.14459165260195733,5,1
249,10,0.037008997052907944,1,1
250,10,0.09841321408748627,1,1
251,-11,0.05630874261260033,2,0
252,8,0.19808465304474035,3,1
253,7,0.09980988036841154,4,1
254,10,0.17762568593025208,1,1
255,-11,0.04310472123324871,2,0
256,7,0.08211412280797958,4,1
257,10,0.02823258936405182,1,1
258,10,0.07242555916309357,1,1
259,9,0.08868947997689247,2,1
260,9,0.2596268393099308,2,1
261,-4,0.0706528893361489,15,1
262,8,0.06679349641005199,3,1
263,3,0.10885359207168221,8,1
264,7,0.07176858745515347,4,1
265,8,0.04386063168446223,3,1
266,10,0.06313061714172363,1,1
267,7,0.06792265735566616,4,1
268,9,0.030422390438616276,2,1
269,8,0.047079943120479584,3,1
270,10,0.09726977348327637,1,1
271,10,0.030740125104784966,1,1
272,9,0.058881137520074844,2,1
273,10,0.33084845542907715,1,1
274,9,0.1274163220077753,2,1
275,3,0.07040459010750055,8,1
276,10,0.08063742518424988,1,1
277,-21,0.08898590819444507,32,1
278,7,0.10637594293802977,4,1
279,7,0.12689528614282608,4,1
280,8,0.11467866102854411,3,1
281,-23,0.1121951373560088,14,0
282,7,0.08679492957890034,4,1
283,1,0.14411684162914754,10,1
284,9,0.07705503329634666,2,1
285,9,0.06850409880280495,2,1
286,10,0.03668316453695297,1,1
287,-13,0.10803485265932977,24,1
288,9,0.07673388719558716,2,1
289,6,0.14565482288599013,5,1
290,9,0.06112974137067795,2,1
291,8,0.14293634270628294,3,1
292,8,0.0947049284974734,3,1
293,8,0.2304533397157987,3,1
294,7,0.05202810652554035,4,1
295,8,0.1143663873275121,3,1
296,-11,0.10351530835032463,2,0
297,10,0.13050149381160736,1,1
298,8,0.04542858277757963,3,1
299,9,0.287052970379591,2,1
300,9,0.06181878875941038,2,1
301,8,0.24934024115403494,3,1
302,-10,0.06682262569665909,1,0
303,-20,0.0755273324827994,31,1
304,9,0.07451628427952528,2,1
305,9,0.04029007628560066,2,1
306,-12,0.040887270122766495,3,0
307,9,0.03299143351614475,2,1
308,9,0.08283776231110096,2,1
309,7,0.061382841784507036,4,1
310,-10,0.04919847846031189,1,0
311,8,0.056497879326343536,3,1
312,-21,0.1325060250237584,32,1
313,8,0.042201630771160126,3,1
314,10,0.4407057762145996,1,1
315,9,0.10375510528683662,2,1
316,10,0.09796322882175446,1,1
317,8,0.19390595331788063,3,1
318,9,0.3058405816555023,2,1
319,9,0.11864384636282921,2,1
320,10,0.03035971149802208,1,1
321,9,0.1799076423048973,2,1
322,8,0.04853544756770134,3,1
323,7,0.20826083607971668,4,1
324,8,0.03438237371544043,3,1
325,9,0.06557843089103699,2,1
326,10,0.8955481052398682,1,1
327,7,0.15865033632144332,4,1
328,-50,0.10610120875760913,50,0
329,9,0.06178353726863861,2,1
330,-3,0.09814890061638185,14,1
331,9,0.08918019942939281,2,1
332,9,0.21308749727904797,2,1
333,8,0.14747576788067818,3,1
334,10,0.023188043385744095,1,1
335,9,0.03779102209955454,2,1
336,10,0.03864530846476555,1,1
337,8,0.08199700961510341,3,1
338,8,0.17993230124314627,3,1
339,9,0.338355865329504,2,1
340,6,0.1873929001390934,5,1
341,9,0.06276420503854752,2,1
342,3,0.09702157229185104,8,1
343,9,0.04049398563802242,2,1
344,8,0.0566165658334891,3,1
345,8,0.03048260634144147,3,1
346,4,0.07968819394175496,7,1
347,9,0.04268704820424318,2,1
348,9,0.09816240426152945,2,1
349,9,0.052770597860217094,2,1
350,9,0.0482050608843565,2,1
351,8,0.35934779544671375,3,1
352,10,0.022772708907723427,1,1
353,7,0.05811621807515621,4,1
354,8,0.07095346103111903,3,1
355,1,0.11136639602482319,10,1
356,9,0.0589549383148551,2,1
357,7,0.09110684553161263,4,1
358,6,0.0722485151141882,5,1
359,-12,0.16220365526775518,3,0
360,10,0.0800446942448616,1,1
361,8,0.2563990354537964,3,1
362,-50,0.16354982364922763,50,0
363,8,0.3217875783642133,3,1
364,6,0.06499001570045948,5,1
365,10,0.3828187584877014,1,1
366,8,0.15605234603087106,3,1
367,9,0.1456938125193119,2,1
368,8,0.11710720757643382,3,1
369,9,0.047977411188185215,2,1
370,8,0.0377110131084919,3,1
371,-15,0.09569338572999606,26,1
372,9,0.052815068513154984,2,1
373,-15,0.11297244320695217,26,1
374,8,0.10017330199480057,3,1
375,9,0.19917873293161392,2,1
376,10,0.1404769867658615,1,1
377,8,0.28918637335300446,3,1
378,-11,0.1191801613366062,22,1
379,8,0.16871623943249384,3,1
380,-50,0.19167881064116954,50,0
381,8,0.1156374563773473,3,1
382,8,0.34084047625462216,3,1
383,8,0.23903692762056986,3,1
384,-50,0.1739309234172106,50,0
385,9,0.11821205168962479,2,1
386,-10,0.1253354847431183,1,0
387,9,0.15769611671566963,2,1
388,10,0.05803612247109413,1,1
389,7,0.10179084353148937,4,1
390,6,0.2165968671441078,5,1
391,5,0.22596328581372896,6,1
392,9,0.24170587956905365,2,1
393,-50,0.15240147806704044,50,0
394,8,0.050366027280688286,3,1
395,9,0.0869435966014862,2,1
396,0,0.1805545071309263,11,1
397,-15,0.21009496914652678,26,1
398,5,0.1853844275077184,6,1
399,9,0.12384711764752865,2,1
400,-26,0.13478165009134524,37,1
401,9,0.5876981616020203,2,1
402,10,0.10566556453704834,1,1
403,7,0.11994610540568829,4,1
404,-39,0.17743117734789848,50,1
405,-10,0.13105081021785736,1,0
406,9,0.13042118400335312,2,1
407,7,0.17406225018203259,4,1
408,-10,0.13955816626548767,1,0
409,9,0.14210985973477364,2,1
410,10,0.06614190340042114,1,1
411,9,0.04573666490614414,2,1
412,10,0.133536696434021,1,1
413,8,0.17021788656711578,3,1
414,8,0.06825211892525355,3,1
415,-12,0.3231807102759679,3,0
416,6,0.31866427063941954,5,1
417,-10,0.06929820775985718,1,0
418,10,0.09807245433330536,1,1
419,6,0.08708255067467689,5,1
420,8,0.06824670856197675,3,1
421,4,0.11906096764973231,7,1
422,6,0.24726269394159317,5,1
423,10,0.02344541810452938,1,1
424,-1,0.20465144235640764,12,1
425,10,0.11041543632745743,1,1
426,10,0.24512937664985657,1,1
427,8,0.11660630255937576,3,1
428,7,0.18874496221542358,4,1
429,9,0.3365510329604149,2,1
430,9,0.6110750734806061,2,1
431,10,0.5834326148033142,1,1
432,7,0.2114087212830782,4,1
433,10,0.2350047528743744,1,1
434,7,0.13107125461101532,4,1
435,-50,0.21175602734088897,50,0
436,9,0.1904553920030594,2,1
437,4,0.08461100182362966,7,1
438,9,0.4252435266971588,2,1
439,8,0.06702964132030804,3,1
440,8,0.3471458877126376,3,1
441,-50,0.1749301725253463,50,0
442,8,0.0538464126487573,3,1
443,10,0.13551753759384155,1,1
444,10,0.026357877999544144,1,1
445,8,0.0579952597618103,3,1
446,9,0.13751030340790749,2,1
447,10,0.2641054093837738,1,1
448,6,0.06636381894350052,5,1
449,6,0.2324233829975128,5,1
450,10,0.2819559574127197,1,1
451,6,0.18793759867548943,5,1
452,10,0.6392595171928406,1,1
453,10,0.24812105298042297,1,1
454,9,0.17746520414948463,2,1
455,-11,0.09078621678054333,2,0
456,9,0.10279031842947006,2,1
457,8,0.10624022781848907,3,1
458,9,0.31752103567123413,2,1
459,9,0.3365584909915924,2,1
460,9,0.04310457222163677,2,1
461,-10,0.13326925039291382,1,0
462,10,0.023967640474438667,1,1
463,10,0.02966761216521263,1,1
464,10,0.09760146588087082,1,1
465,10,0.06677389144897461,1,1
466,7,0.263864004984498,4,1
467,9,0.14788846299052238,2,1
468,9,0.07791148498654366,2,1
469,7,0.11652220785617828,4,1
470,9,0.24641263484954834,2,1
471,8,0.13190067311127981,3,1
472,10,0.051539670675992966,1,1
473,8,0.11401924242575963,3,1
474,8,0.09958272303144138,3,1
475,9,0.31555519811809063,2,1
476,10,0.5387639999389648,1,1
477,8,0.10193681096037228,3,1
478,8,0.12403097003698349,3,1
479,8,0.23335740466912588,3,1
480,8,0.24790820479393005,3,1
481,9,0.06430344097316265,2,1
482,10,0.27671313285827637,1,1
483,10,0.23047736287117004,1,1
484,10,0.0967782586812973,1,1
485,7,0.15976252406835556,4,1
486,10,0.04109182953834534,1,1
487,10,0.23587092757225037,1,1
488,10,0.02454531565308571,1,1
489,7,0.14010025933384895,4,1
490,9,0.18898522295057774,2,1
491,-39,0.1748352957268556,30,0
492,-11,0.06997014209628105,2,0
493,9,0.12450797855854034,2,1
494,9,0.10474158078432083,2,1
495,9,0.3221639096736908,2,1
496,9,0.21479450911283493,2,1
497,8,0.0765292967359225,3,1
498,7,0.3187474012374878,4,1
499,-12,0.11452830831209819,3,0
500,3,0.10692145070061088,8,1
501,7,0.22158729657530785,4,1
502,-1,0.17446008883416653,12,1
503,-36,0.16116135583278982,47,1
504,-13,0.24935581162571907,4,0
505,8,0.13756930579741797,3,1
506,5,0.20503068715333939,6,1
507,9,0.11023283004760742,2,1
508,8,0.08320564652482669,3,1
509,9,0.19099419564008713,2,1
510,8,0.10830943783124287,3,1
511,9,0.07860106974840164,2,1
512,8,0.3042822976907094,3,1
513,7,0.35169265046715736,4,1
514,8,0.1116343264778455,3,1
515,9,0.37147149443626404,2,1
516,8,0.09054503465692203,3,1
517,3,0.318710689432919,8,1
518,8,0.08365152031183243,3,1
519,7,0.17993081081658602,4,1
520,-18,0.19526007116354746,29,1
521,-21,0.34002922226985294,12,0
522,7,0.15536486078053713,4,1
523,9,0.46714792400598526,2,1
524,5,0.25233452022075653,6,1
525,7,0.24225815385580063,4,1
526,10,0.047003693878650665,1,1
527,10,0.19162273406982422,1,1
528,9,0.4201084263622761,2,1
529,9,0.08491243422031403,2,1
530,6,0.25502974539995193,5,1
531,8,0.15251852571964264,3,1
532,10,0.060011476278305054,1,1
533,10,0.11494079232215881,1,1
534,9,0.10945902392268181,2,1
535,8,0.10656293978293736,3,1
536,10,0.11369718611240387,1,1
537,7,0.10369591042399406,4,1
538,9,0.2456536963582039,2,1
539,6,0.12393850982189178,5,1
540,9,0.12618424370884895,2,1
541,7,0.2252814993262291,4,1
542,8,0.12161801258722942,3,1
543,-14,0.1747886173427105,5,0
544,-3,0.21906034941119806,14,1
545,9,0.12276095896959305,2,1
546,-11,0.28255312144756317,2,0
547,8,0.15698217352231345,3,1
548,7,0.11298097483813763,4,1
549,9,0.14416257292032242,2,1
550,-11,0.11706476658582687,2,0
551,10,0.11041492223739624,1,1
552,9,0.21992963179945946,2,1
553,9,0.15230981074273586,2,1
554,-50,0.24617185421288013,50,0
555,6,0.2580806866288185,5,1
556,8,0.08475321655472119,3,1
557,8,0.17324419071276984,3,1
558,8,0.0547200491031011,3,1
559,10,0.1758594959974289,1,1
560,-10,0.10926119238138199,1,0
561,9,0.2906416021287441,2,1
562,7,0.3947674613445997,4,1
563,9,0.3284454494714737,2,1
564,10,0.7332289218902588,1,1
565,10,0.09064032137393951,1,1
566,8,0.2551864857474963,3,1
567,8,0.39032497505346936,3,1
568,7,0.16011618915945292,4,1
569,9,0.39365261048078537,2,1
570,9,0.2629543039947748,2,1
571,9,0.34357817471027374,2,1
572,7,0.10275216400623322,4,1
573,8,0.049352310597896576,3,1
574,-14,0.17373880565166475,25,1
575,8,0.22174474596977234,3,1
576,-50,0.16617370925843716,50,0
577,10,0.30449557304382324,1,1
578,8,0.38545556366443634,3,1
579,7,0.20524650812149048,4,1
580,9,0.4125277176499367,2,1
581,10,0.06196913868188858,1,1
582,10,0.08621948957443237,1,1
583,7,0.07715864107012749,4,1
584,8,0.1067921593785286,3,1
585,9,0.0888497456908226,2,1
586,-50,0.2374187109619379,50,0
587,8,0.1739718442161878,3,1
588,10,0.5111600160598755,1,1
589,7,0.358667504042387,4,1
590,-9,0.16577764684334398,20,1
591,9,0.07812116295099258,2,1
592,8,0.3572819083929062,3,1
593,9,0.13841207325458527,2,1
594,-19,0.16051102882872026,30,1
595,-10,0.05370499566197395,1,0
596,-50,0.15675237338989972,50,0
597,10,0.05790591239929199,1,1
598,7,0.09483638219535351,4,1
599,8,0.19277683645486832,3,1
600,9,0.21909272111952305,2,1
601,9,0.10835882276296616,2,1
602,6,0.18103923052549362,5,1
603,8,0.07892075926065445,3,1
604,10,0.07656577974557877,1,1
605,8,0.04647437110543251,3,1
606,6,0.11141602247953415,5,1
607,10,0.08083619177341461,1,1
608,8,0.16539750124017397,3,1
609,10,0.07314015924930573,1,1
610,10,0.05415923148393631,1,1
611,8,0.27477305630842846,3,1
612,10,0.022085634991526604,1,1
613,8,0.056027352809906006,3,1
614,5,0.1642667924364408,6,1
615,9,0.09207117930054665,2,1
616,9,0.10098053887486458,2,1
617,10,0.10133230686187744,1,1
618,7,0.10683350823819637,4,1
619,8,0.04085062320033709,3,1
620,9,0.42861469462513924,2,1
621,8,0.03692888220151266,3,1
622,8,0.09043284133076668,3,1
623,9,0.046185596846044064,2,1
624,-5,0.15703630540519953,16,1
625,9,0.021794087253510952,2,1
626,9,0.3355991840362549,2,1
627,9,0.060979681089520454,2,1
628,7,0.1910639964044094,4,1
629,8,0.10713250562548637,3,1
630,8,0.34531186521053314,3,1
631,-32,0.12496922957862533,43,1
632,10,0.15328054130077362,1,1
633,9,0.3133626654744148,2,1
634,9,0.1408621482551098,2,1
635,10,0.08920811861753464,1,1
636,8,0.059440008054176964,3,1
637,-49,0.15655496404506267,40,0
638,6,0.10439061895012855,5,1
639,7,0.16318851988762617,4,1
640,6,0.13755596950650215,5,1
641,10,0.4445827603340149,1,1
642,8,0.14457624281446138,3,1
643,7,0.07523005921393633,4,1
644,9,0.06279554218053818,2,1
645,9,0.21188349835574627,2,1
646,10,0.039674676954746246,1,1
647,-12,0.04577614149699608,3,0
648,-50,0.14935400493443013,50,0
649,8,0.0727078802883625,3,1
650,8,0.04211353976279497,3,1
651,8,0.041619617491960526,3,1
652,-50,0.1296060286462307,50,0
653,10,0.2130156010389328,1,1
654,8,0.03222431304554144,3,1
655,10,0.6024764180183411,1,1
656,-25,0.14823188963863584,36,1
657,8,0.2024050901333491,3,1
658,10,0.4229002296924591,1,1
659,10,0.06817701458930969,1,1
660,10,0.05562262237071991,1,1
661,4,0.12491568523858275,7,1
662,7,0.18191874679178,4,1
663,8,0.04532364010810852,3,1
664,9,0.03622232563793659,2,1
665,10,0.03516656160354614,1,1
666,7,0.03493614285252988,4,1
667,8,0.14499649157126746,3,1
668,9,0.09421637281775475,2,1
669,9,0.08284209854900837,2,1
670,10,0.03036469966173172,1,1
671,9,0.09636957384645939,2,1
672,-50,0.11602291006594896,50,0
673,10,0.059528253972530365,1,1
674,8,0.14157557984193167,3,1
675,8,0.07217926159501076,3,1
676,10,0.2527009844779968,1,1
677,7,0.05944255227223039,4,1
678,9,0.1315167099237442,2,1
679,8,0.050607974330584206,3,1
680,8,0.14919239530960718,3,1
681,6,0.11187859587371349,5,1
682,9,0.08607999607920647,2,1
683,-27,0.09096861723810434,38,1
684,10,0.06716872751712799,1,1
685,5,0.12130193179473281,6,1
686,9,0.08936412259936333,2,1
687,6,0.08778419718146324,5,1
688,9,0.1591026745736599,2,1
689,8,0.100458941111962,3,1
690,9,0.06498540565371513,2,1
691,10,0.05567806214094162,1,1
692,7,0.07990600261837244,4,1
693,10,0.20425885915756226,1,1
694,7,0.03577729524113238,4,1
695,9,0.26882490515708923,2,1
696,-13,0.17466454037154713,24,1
697,7,0.06568543426692486,4,1
698,9,0.24045758321881294,2,1
699,7,0.14024838153272867,4,1
700,9,0.13571737706661224,2,1
701,10,0.07596097886562347,1,1
702,-49,0.08656958707142622,40,0
703,10,0.03679589554667473,1,1
704,10,0.019020741805434227,1,1
705,9,0.23829659819602966,2,1
706,9,0.30296335369348526,2,1
707,10,0.029383301734924316,1,1
708,8,0.10256862143675487,3,1
709,9,0.06004120223224163,2,1
710,5,0.12693632456163564,6,1
711,9,0.12920311838388443,2,1
712,8,0.18021531403064728,3,1
713,8,0.28560062994559604,3,1
714,3,0.09629957284778357,8,1
715,6,0.11662620455026626,5,1
716,9,0.11486137472093105,2,1
717,8,0.21052401388684908,3,1
718,9,0.08509062323719263,2,1
719,6,0.08398612514138222,5,1
720,7,0.09057152550667524,4,1
721,9,0.03820289112627506,2,1
722,-50,0.11570233404636383,50,0
723,9,0.10579365864396095,2,1
724,-26,0.09262825395106464,37,1
725,10,0.03651437535881996,1,1
726,7,0.0657298406586051,4,1
727,9,0.22935622185468674,2,1
728,6,0.19042055159807206,5,1
729,8,0.1667352889974912,3,1
730,-50,0.15356925737112762,50,0
731,-10,0.4689980149269104,1,0
732,10,0.05109643191099167,1,1
733,9,0.15946319699287415,2,1
734,9,0.08050728961825371,2,1
735,9,0.07104506716132164,2,1
736,6,0.2978875830769539,5,1
737,-14,0.08664255440235138,5,0
738,-39,0.18348814848810435,50,1
739,7,0.07856644596904516,4,1
740,9,0.05066843889653683,2,1
741,-50,0.16920530244708062,50,0
742,8,0.1288472811381022,3,1
743,9,0.11772512272000313,2,1
744,7,0.14460358768701553,4,1
745,6,0.09486292898654938,5,1
746,-21,0.13791193976067007,32,1
747,-19,0.11888146232813597,30,1
748,-50,0.14692116118967533,50,0
749,-27,0.10603853824891542,38,1
750,8,0.14145580182472864,3,1
751,1,0.16776604149490595,10,1
752,9,0.15588532760739326,2,1
753,9,0.1308978907763958,2,1
754,7,0.12596797943115234,4,1
755,10,0.05281023308634758,1,1
756,-50,0.1284815849363804,50,0
757,9,0.18748582899570465,2,1
758,8,0.12470407038927078,3,1
759,10,0.47999337315559387,1,1
760,8,0.06962392355004947,3,1
761,9,0.20758595317602158,2,1
762,9,0.25090447068214417,2,1
763,9,0.03772414103150368,2,1
764,8,0.0688225415845712,3,1
765,8,0.11618074278036754,3,1
766,9,0.05151095986366272,2,1
767,7,0.05141699407249689,4,1
768,7,0.15535724628716707,4,1
769,-50,0.09968219839036464,50,0
770,6,0.10783309563994407,5,1
771,8,0.2689155042171478,3,1
772,9,0.1882980354130268,2,1
773,10,0.16888093948364258,1,1
774,7,0.08254655450582504,4,1
775,-50,0.11008362982422114,50,0
776,-15,0.1309743718459056,26,1
777,7,0.06832962203770876,4,1
778,8,0.03135298130412897,3,1
779,7,0.052169930655509233,4,1
780,10,0.026703592389822006,1,1
781,3,0.14331031264737248,8,1
782,8,0.05022153506676356,3,1
783,6,0.06722844392061234,5,1
784,8,0.054234384248654045,3,1
785,-20,0.14058292030610822,11,0
786,6,0.0439544565975666,5,1
787,9,0.17504437640309334,2,1
788,10,0.21421094238758087,1,1
789,8,0.09016353636980057,3,1
790,6,0.2245730958878994,5,1
791,6,0.11232581734657288,5,1
792,6,0.14845006689429283,5,1
793,10,0.08246134221553802,1,1
794,8,0.09096044301986694,3,1
795,9,0.09900352731347084,2,1
796,8,0.2489809294541677,3,1
797,9,0.09528727643191814,2,1
798,8,0.25852253412206966,3,1
799,-9,0.09870654530823231,20,1
800,-50,0.10631539706140757,50,0
801,6,0.08131828829646111,5,1
802,9,0.10088121891021729,2,1
803,8,0.1440179000298182,3,1
804,9,0.08075748942792416,2,1
805,9,0.07477428205311298,2,1
806,7,0.12409647181630135,4,1
807,8,0.07185887172818184,3,1
808,9,0.05750401318073273,2,1
809,5,0.10158102757607897,6,1
810,7,0.06372888013720512,4,1
811,-11,0.07760090939700603,2,0
812,10,0.10029307007789612,1,1
813,9,0.03643789887428284,2,1
814,-50,0.1112545745447278,50,0
815,-30,0.09452204837849955,41,1
816,4,0.06861412418740136,7,1
817,10,0.07472700625658035,1,1
818,9,0.06224106810986996,2,1
819,8,0.3412935535113017,3,1
820,9,0.07519649341702461,2,1
821,9,0.08207658305764198,2,1
822,8,0.032221815859278045,3,1
823,-19,0.11246045660227537,30,1
824,8,0.062045320868492126,3,1
825,6,0.07192183472216129,5,1
826,10,0.056694041937589645,1,1
827,9,0.10079006105661392,2,1
828,8,0.07203738267223041,3,1
829,10,0.07668782770633698,1,1
830,10,0.08988057076931,1,1
831,9,0.05916646495461464,2,1
832,7,0.06802558992058039,4,1
833,8,0.06823259592056274,3,1
834,8,0.26316769793629646,3,1
835,8,0.10203779985507329,3,1
836,8,0.11154799287517865,3,1
837,-26,0.09602507088031317,37,1
838,9,0.07958902791142464,2,1
839,-28,0.0661781522899102,39,1
840,9,0.0255184480920434,2,1
841,6,0.07059714905917644,5,1
842,8,0.15289821972449621,3,1
843,8,0.025189994523922603,3,1
844,-13,0.07828893978148699,24,1
845,10,0.34841665625572205,1,1
846,6,0.04207578189671039,5,1
847,10,0.04749376326799393,1,1
848,-1,0.08423316618427634,12,1
849,8,0.07364603877067566,3,1
850,10,0.3540622293949127,1,1
851,9,0.02982500661164522,2,1
852,7,0.10509372130036354,4,1
853,9,0.08897358551621437,2,1
854,10,0.03292010724544525,1,1
855,9,0.03878066875040531,2,1
856,-26,0.09162278141121606,37,1
857,9,0.09713034331798553,2,1
858,10,0.03460213541984558,1,1
859,8,0.046355621268351875,3,1
860,10,0.040105659514665604,1,1
861,10,0.03828652948141098,1,1
862,7,0.06508155539631844,4,1
863,-10,0.05600398778915405,1,0
864,10,0.1527097523212433,1,1
865,10,0.12861528992652893,1,1
866,9,0.16548103466629982,2,1
867,8,0.0867076466480891,3,1
868,10,0.40619611740112305,1,1
869,-11,0.08278708904981613,2,0
870,9,0.045176733285188675,2,1
871,8,0.06052590409914652,3,1
872,9,0.08350147679448128,2,1
873,8,0.05261365820964178,3,1
874,8,0.19239167620738348,3,1
875,7,0.0541086015291512,4,1
876,9,0.09009718149900436,2,1
877,9,0.12174319475889206,2,1
878,9,0.06072111055254936,2,1
879,7,0.042128220200538635,4,1
880,8,0.05853679155309995,3,1
881,9,0.10090598464012146,2,1
882,10,0.10698546469211578,1,1
883,10,0.03516073152422905,1,1
884,-14,0.04984595812857151,5,0
885,7,0.08208098541945219,4,1
886,9,0.1380487158894539,2,1
887,6,0.13752002343535424,5,1
888,10,0.09307229518890381,1,1
889,6,0.04962570555508137,5,1
890,10,0.024031955748796463,1,1
891,8,0.06768592757483323,3,1
892,6,0.09060501493513584,5,1
893,8,0.07394801576932271,3,1
894,9,0.027685909532010555,2,1
895,10,0.12726712226867676,1,1
896,9,0.03398007992655039,2,1
897,9,0.2953222319483757,2,1
898,7,0.07077262783423066,4,1
899,10,0.03608611971139908,1,1
900,10,0.0549389012157917,1,1
901,10,0.023204341530799866,1,1
902,7,0.09439139626920223,4,1
903,8,0.09104360515872638,3,1
904,2,0.06249228099154101,9,1
905,9,0.07994862645864487,2,1
906,9,0.06005363166332245,2,1
907,8,0.17258170743783316,3,1
908,7,0.15369897661730647,4,1
909,9,0.10733379051089287,2,1
910,-16,0.1044395409386467,27,1
911,10,0.0897325798869133,1,1
912,-11,0.044316137209534645,2,0
913,-10,0.05707709491252899,1,0
914,10,0.037775203585624695,1,1
915,9,0.05139721743762493,2,1
916,8,0.16790655503670374,3,1
917,9,0.12204562500119209,2,1
918,10,0.08968144655227661,1,1
919,8,0.12650146211187044,3,1
920,-17,0.056974629272839854,28,1
921,9,0.05683329049497843,2,1
922,9,0.106794822961092,2,1
923,10,0.021548576653003693,1,1
924,8,0.15070590128501257,3,1
925,8,0.11480093002319336,3,1
926,9,0.058934977278113365,2,1
927,8,0.06693192323048909,3,1
928,7,0.24649320170283318,4,1
929,8,0.2098977118730545,3,1
930,9,0.1494196355342865,2,1
931,10,0.07492592930793762,1,1
932,10,0.19448821246623993,1,1
933,10,0.06911017000675201,1,1
934,10,0.2393493354320526,1,1
935,-26,0.1167408319542537,37,1
936,10,0.04821373149752617,1,1
937,8,0.12817070384820303,3,1
938,10,0.08711785078048706,1,1
939,10,0.10622656345367432,1,1
940,6,0.16422112956643103,5,1
941,9,0.06502734683454037,2,1
942,-50,0.09759085344150663,50,0
943,2,0.1571926905049218,9,1
944,9,0.03821743279695511,2,1
945,8,0.11222553625702858,3,1
946,8,0.14469792445500693,3,1
947,8,0.10855840270717938,3,1
948,7,0.030392405577003956,4,1
949,8,0.02659801331659158,3,1
950,9,0.025209810584783554,2,1
951,8,0.07875374952952068,3,1
952,5,0.05694260106732448,6,1
953,-50,0.08603512447327376,50,0
954,10,0.04528460651636124,1,1
955,6,0.14925250075757504,5,1
956,-11,0.2578261010348797,2,0
957,1,0.11154927723109723,10,1
958,10,0.15520437061786652,1,1
959,8,0.20654951532681784,3,1
960,-10,0.09775561839342117,1,0
961,9,0.02400345355272293,2,1
962,10,0.09995122253894806,1,1
963,10,0.27633386850357056,1,1
964,8,0.20735834911465645,3,1
965,8,0.035456943015257515,3,1
966,10,0.025152841582894325,1,1
967,9,0.05827148072421551,2,1
968,7,0.040726244915276766,4,1
969,10,0.02231672778725624,1,1
970,-15,0.115158590917977,26,1
971,5,0.0634399252012372,6,1
972,6,0.09969414304941893,5,1
973,8,0.2051495791723331,3,1
974,10,0.04642866551876068,1,1
975,6,0.04778807684779167,5,1
976,6,0.06228097341954708,5,1
977,9,0.037984090857207775,2,1
978,10,0.04756399989128113,1,1
979,-11,0.041592623107135296,2,0
980,9,0.16057763248682022,2,1
981,-33,0.10214481511237947,44,1
982,9,0.053901853039860725,2,1
983,7,0.06824066489934921,4,1
984,9,0.14984801691025496,2,1
985,9,0.025922254659235477,2,1
986,9,0.04863334260880947,2,1
987,-50,0.10946061996743083,50,0
988,9,0.06918008625507355,2,1
989,7,0.10656274296343327,4,1
990,-22,0.07921494820126981,33,1
991,10,0.2038375288248062,1,1
992,10,0.29067155718803406,1,1
993,6,0.08909226469695568,5,1
994,8,0.028067733471592266,3,1
995,9,0.015937109477818012,2,1
996,9,0.13715752586722374,2,1
997,-17,0.09935888704577726,28,1
998,9,0.026913952082395554,2,1
999,9,0.08038104139268398,2,1
1000,-50,0.11114253223873675,50,0
1,-13,0.09641432544837396,24,1
2,10,0.32113948464393616,1,1
3,-21,0.09357997763436288,32,1
4,-31,0.11397572165532481,42,1
5,10,0.37329813838005066,1,1
6,7,0.16980216093361378,4,1
7,8,0.04533972839514414,3,1
8,-11,0.1459590679203922,22,1
9,9,0.021797912195324898,2,1
10,10,0.03899900242686272,1,1
11,10,0.058287616819143295,1,1
12,9,0.1335167996585369,2,1
13,8,0.2200766603151957,3,1
14,6,0.11018241941928864,5,1
15,10,0.6187370419502258,1,1
16,9,0.27806528005748987,2,1
17,8,0.051185958087444305,3,1
18,10,0.20440369844436646,1,1
19,-30,0.13400347275295998,41,1
20,10,0.11814437061548233,1,1
21,8,0.19468448435266814,3,1
22,7,0.12791683990508318,4,1
23,8,0.08107456999520461,3,1
24,9,0.1742030717432499,2,1
25,9,0.05555403418838978,2,1
26,-50,0.1632333429530263,50,0
27,8,0.22953221884866556,3,1
28,9,0.25193022191524506,2,1
29,8,0.0778932087123394,3,1
30,7,0.11618850752711296,4,1
31,10,0.05083964020013809,1,1
32,-38,0.10145069240611426,49,1
33,10,0.009313535876572132,1,1
34,9,0.10318664461374283,2,1
35,7,0.17300128191709518,4,1
36,9,0.05647614970803261,2,1
37,9,0.10261832922697067,2,1
38,9,0.08582602813839912,2,1
39,5,0.21893751372893652,6,1
40,-50,0.10435874503105878,50,0
41,8,0.05732364269594351,3,1
42,-10,0.13227751851081848,1,0
43,6,0.07573722004890442,5,1
44,5,0.11613547801971436,6,1
45,8,0.06682530790567398,3,1
46,-12,0.19520284483830133,3,0
47,8,0.20235930755734444,3,1
48,10,0.15773211419582367,1,1
49,9,0.26841621473431587,2,1
50,9,0.04541623219847679,2,1
51,8,0.07249325265487035,3,1
52,-10,0.5046564936637878,1,0
53,7,0.05434551741927862,4,1
54,10,0.02732549048960209,1,1
55,9,0.06363508477807045,2,1
56,10,0.06485332548618317,1,1
57,8,0.03551736784478029,3,1
58,8,0.22887612134218216,3,1
59,9,0.0490835327655077,2,1
60,-10,0.5106518864631653,1,0
61,2,0.04619101890259319,9,1
62,10,0.044108323752880096,1,1
63,-37,0.13196747716782348,28,0
64,7,0.04001094214618206,4,1
65,8,0.037812525406479836,3,1
66,7,0.0907726576551795,4,1
67,7,0.0676076477393508,4,1
68,-50,0.14319337971508503,50,0
69,9,0.0389450266957283,2,1
70,7,0.2042854530736804,4,1
71,6,0.12477202340960503,5,1
72,1,0.19487397372722626,10,1
73,8,0.2927231180171172,3,1
74,-16,0.14035462829525824,27,1
75,8,0.1803013924509287,3,1
76,10,0.0365140438079834,1,1
77,-10,0.2347075492143631,1,0
78,7,0.19584185676649213,4,1
79,8,0.23530839135249457,3,1
80,9,0.06187172420322895,2,1
81,10,0.08099833130836487,1,1
82,6,0.24798599779605865,5,1
83,9,0.23274633288383484,2,1
84,9,0.38674021884799004,2,1
85,8,0.15669109672307968,3,1
86,8,0.11425974716742833,3,1
87,9,0.11233004927635193,2,1
88,8,0.255788446093599,3,1
89,-10,0.08976983278989792,1,0
90,9,0.13962315768003464,2,1
91,4,0.1317741232258933,7,1
92,7,0.058484435081481934,4,1
93,9,0.21378193795681,2,1
94,9,0.13510924205183983,2,1
95,10,0.16600176692008972,1,1
96,4,0.1871222611516714,7,1
97,7,0.25672617368400097,4,1
98,-10,0.09881704300642014,1,0
99,7,0.24845348484814167,4,1
100,-54,0.1827663414180279,45,0
101,10,0.05939614027738571,1,1
102,-32,0.1592759533763625,43,1
103,9,0.1461312398314476,2,1
104,8,0.07444405431548755,3,1
105,-50,0.21196650624275207,50,0
106,10,0.04498222470283508,1,1
107,10,0.047138143330812454,1,1
108,10,0.38732123374938965,1,1
109,-10,0.0362202450633049,1,0
110,6,0.25768604055047034,5,1
111,6,0.15698113441467285,5,1
112,9,0.12417273223400116,2,1
113,9,0.0858572106808424,2,1
114,7,0.1484307269565761,4,1
115,7,0.041023511439561844,4,1
116,8,0.12545116742451987,3,1
117,-2,0.19628311865604842,13,1
118,10,0.024284083396196365,1,1
119,8,0.10772488762935002,3,1
120,8,0.22230168183644614,3,1
121,-10,0.1885071015428929,21,1
122,8,0.2270129124323527,3,1
123,10,0.043273214250802994,1,1
124,7,0.1134621724486351,4,1
125,8,0.1222509431342284,3,1
126,-19,0.27693345174193384,10,0
127,10,0.09941726177930832,1,1
128,8,0.169175968815883,3,1
129,5,0.26083579162756604,6,1
130,8,0.12540194392204285,3,1
131,9,0.412136435508728,2,1
132,5,0.1269062620898088,6,1
133,7,0.40090727619826794,4,1
134,10,0.07072588056325912,1,1
135,-11,0.615923285484314,2,0
136,7,0.1619727611541748,4,1
137,10,0.14826372265815735,1,1
138,7,0.38333995919674635,4,1
139,9,0.1307961270213127,2,1
140,10,0.13605642318725586,1,1
141,-10,0.4974880814552307,1,0
142,7,0.1716257855296135,4,1
143,8,0.1515402247508367,3,1
144,7,0.19561030343174934,4,1
145,7,0.3079614285379648,4,1
146,5,0.1768023024002711,6,1
147,9,0.25051071494817734,2,1
148,9,0.32095177471637726,2,1
149,6,0.1835389643907547,5,1
150,9,0.2195764034986496,2,1
151,9,0.15763431787490845,2,1
152,10,0.049315109848976135,1,1
153,-10,0.10499441623687744,1,0
154,9,0.3441294692456722,2,1
155,8,0.17963074644406637,3,1
156,-10,0.5067474842071533,1,0
157,-6,0.13493348132161534,17,1
158,9,0.20524157583713531,2,1
159,-13,0.1049103606492281,4,0
160,7,0.1863720789551735,4,1
161,6,0.16486268788576125,5,1
162,9,0.19644363597035408,2,1
163,9,0.40769337490200996,2,1
164,7,0.08971070777624846,4,1
165,7,0.11191452015191317,4,1
166,6,0.059411199390888215,5,1
167,9,0.11475416272878647,2,1
168,7,0.34439297020435333,4,1
169,7,0.1066485047340393,4,1
170,-34,0.17230965689652497,45,1
171,7,0.11274831648916006,4,1
172,9,0.03516215831041336,2,1
173,9,0.05872850678861141,2,1
174,-50,0.1295677798986435,50,0
175,9,0.14706658571958542,2,1
176,10,0.10020492970943451,1,1
177,9,0.1450072042644024,2,1
178,6,0.14833128303289414,5,1
179,9,0.25072161108255386,2,1
180,9,0.33088789880275726,2,1
181,-50,0.12911743346601726,50,0
182,8,0.12032960851987202,3,1
183,8,0.15296044573187828,3,1
184,8,0.12084320684274037,3,1
185,10,0.10765863955020905,1,1
186,9,0.20201311260461807,2,1
187,8,0.18500704690814018,3,1
188,8,0.11787045747041702,3,1
189,10,0.09011593461036682,1,1
190,-16,0.14616667355100313,27,1
191,10,0.12359040230512619,1,1
192,-50,0.166773745380342,50,0
193,9,0.2544490471482277,2,1
194,9,0.09287060052156448,2,1
195,9,0.13829337805509567,2,1
196,10,0.20627635717391968,1,1
197,9,0.0509282611310482,2,1
198,5,0.12633981058994928,6,1
199,6,0.15738977789878844,5,1
200,-6,0.17402555399081288,17,1
201,9,0.03652922995388508,2,1
202,7,0.18631849437952042,4,1
203,9,0.024682498537003994,2,1
204,5,0.13644966979821524,6,1
205,8,0.24156322764853635,3,1
206,8,0.3607698529958725,3,1
207,-50,0.15769704934209586,50,0
208,9,0.0966227799654007,2,1
209,7,0.15820135548710823,4,1
210,9,0.08329484611749649,2,1
211,9,0.05976855754852295,2,1
212,7,0.12457971274852753,4,1
213,-10,0.06259392201900482,1,0
214,8,0.2936600248018901,3,1
215,-50,0.11519000608474016,50,0
216,10,0.09122782200574875,1,1
217,6,0.07777018919587135,5,1
218,9,0.05425553023815155,2,1
219,10,0.04738859459757805,1,1
220,9,0.08238397538661957,2,1
221,8,0.12209135542313258,3,1
222,8,0.06938486670454343,3,1
223,9,0.30457674339413643,2,1
224,9,0.35109955072402954,2,1
225,-11,0.11281641572713852,2,0
226,10,0.09505730867385864,1,1
227,10,0.16859696805477142,1,1
228,10,0.10520318150520325,1,1
229,10,0.12473976612091064,1,1
230,8,0.09570318708817165,3,1
231,10,0.12571203708648682,1,1
232,-9,0.13826731648296117,20,1
233,8,0.04901231576999029,3,1
234,6,0.0720527045428753,5,1
235,10,0.12972098588943481,1,1
236,10,0.03021492436528206,1,1
237,-5,0.13957917131483555,16,1
238,8,0.1036891167362531,3,1
239,8,0.08786655217409134,3,1
240,9,0.04771767184138298,2,1
241,-12,0.09791747977336247,3,0
242,9,0.04198931157588959,2,1
243,9,0.050465889275074005,2,1
244,10,0.030427705496549606,1,1
245,10,0.032681696116924286,1,1
246,10,0.054094813764095306,1,1
247,-10,0.03177860379219055,1,0
248,9,0.0655653364956379,2,1
249,9,0.030129725113511086,2,1
250,9,0.1431792676448822,2,1
251,9,0.06027796305716038,2,1
252,7,0.05323328776285052,4,1
253,5,0.0812899802501003,6,1
254,8,0.04336968809366226,3,1
255,10,0.4069150984287262,1,1
256,10,0.07859646528959274,1,1
257,-11,0.045464713126420975,2,0
258,-18,0.08288990954558055,9,0
259,9,0.7661149799823761,2,1
260,10,0.11077669262886047,1,1
261,10,0.05816855654120445,1,1
262,-50,0.17832718763500452,50,0
263,-10,0.07746897637844086,1,0
264,7,0.13369366060942411,4,1
265,6,0.16746831685304642,5,1
266,9,0.3436993360519409,2,1
267,9,0.06800522655248642,2,1
268,10,0.5426444411277771,1,1
269,-5,0.14983787096571177,16,1
270,7,0.0512173417955637,4,1
271,6,0.25886437892913816,5,1
272,3,0.21241244953125715,8,1
273,-14,0.12810868591070176,25,1
274,7,0.258745857514441,4,1
275,7,0.12895914446562529,4,1
276,9,0.12634989619255066,2,1
277,8,0.4626631836096446,3,1
278,10,0.03269243985414505,1,1
279,6,0.07899094931781292,5,1
280,9,0.06882315874099731,2,1
281,8,0.10794127732515335,3,1
282,7,0.20184633694589138,4,1
283,7,0.22916200384497643,4,1
284,10,0.0766715556383133,1,1
285,6,0.08466530442237855,5,1
286,9,0.047591094858944416,2,1
287,5,0.1354800652091702,6,1
288,10,0.039058882743120193,1,1
289,9,0.0774085596203804,2,1
290,9,0.07385262101888657,2,1
291,10,0.10385766625404358,1,1
292,10,0.04606883227825165,1,1
293,6,0.08153133224695921,5,1
294,10,0.05767374113202095,1,1
295,10,0.045079801231622696,1,1
296,6,0.10109484679996968,5,1
297,-50,0.0904911638610065,50,0
298,8,0.2704863448937734,3,1
299,8,0.05088219543298086,3,1
300,10,0.020755710080266,1,1
301,8,0.10420826822519302,3,1
302,7,0.08510196069255471,4,1
303,10,0.03227795660495758,1,1
304,-50,0.17092710388824345,50,0
305,8,0.30541557632386684,3,1
306,6,0.17409757301211357,5,1
307,9,0.21601150929927826,2,1
308,8,0.03038966531554858,3,1
309,9,0.4483531415462494,2,1
310,9,0.2371402019634843,2,1
311,8,0.13944726685682932,3,1
312,-22,0.2691664153879339,33,1
313,9,0.28184444084763527,2,1
314,9,0.05803743563592434,2,1
315,-6,0.2366241980344057,17,1
316,8,0.26150594154993695,3,1
317,9,0.07218507584184408,2,1
318,9,0.36218410171568394,2,1
319,-50,0.24169244039803744,50,0
320,7,0.3184662312269211,4,1
321,7,0.0678383307531476,4,1
322,9,0.34436923265457153,2,1
323,9,0.4061480462551117,2,1
324,9,0.03356112353503704,2,1
325,7,0.20668363850563765,4,1
326,10,0.1208638995885849,1,1
327,9,0.37986743450164795,2,1
328,10,0.11381801962852478,1,1
329,10,0.18895898759365082,1,1
330,6,0.2278526708483696,5,1
331,9,0.11291493102908134,2,1
332,-50,0.15629552368074656,50,0
333,-50,0.1616282593086362,50,0
334,8,0.2693277696768443,3,1
335,6,0.18756181225180626,5,1
336,10,0.18401500582695007,1,1
337,-25,0.1549205972502629,36,1
338,8,0.08117435624202092,3,1
339,10,0.1666591912508011,1,1
340,-7,0.17367715367840397,18,1
341,-50,0.13451516868546606,50,0
342,10,0.43098893761634827,1,1
343,10,0.08483316004276276,1,1
344,7,0.22248395392671227,4,1
345,-13,0.21550900861620903,4,0
346,9,0.12833422422409058,2,1
347,7,0.28369256388396025,4,1
348,-10,0.09176264703273773,1,0
349,5,0.21580707592268786,6,1
350,-10,0.09401912987232208,1,0
351,6,0.24083080887794495,5,1
352,7,0.24517254065722227,4,1
353,8,0.08169226596752803,3,1
354,-22,0.18522618451353276,33,1
355,-14,0.11701581761240959,25,1
356,5,0.05916777066886425,6,1
357,6,0.03728841226547956,5,1
358,8,0.31779994008441764,3,1
359,-50,0.12287971343845129,50,0
360,9,0.1776244416832924,2,1
361,6,0.11423776820302009,5,1
362,9,0.13394397497177124,2,1
363,10,0.053491998463869095,1,1
364,-14,0.17385278973728419,25,1
365,-6,0.16228012576260986,17,1
366,9,0.2509560398757458,2,1
367,7,0.15494998265057802,4,1
368,6,0.05740923210978508,5,1
369,9,0.4660622775554657,2,1
370,9,0.33153285831213,2,1
371,10,0.556482195854187,1,1
372,-14,0.1654288749396801,25,1
373,8,0.21346212240556875,3,1
374,8,0.1583408216635386,3,1
375,9,0.033590023405849934,2,1
376,10,0.263558030128479,1,1
377,10,0.17914731800556183,1,1
378,8,0.06061391532421112,3,1
379,10,0.051806505769491196,1,1
380,10,0.5253510475158691,1,1
381,9,0.05015125684440136,2,1
382,8,0.09527694433927536,3,1
383,-5,0.10234029369894415,16,1
384,7,0.1853073346428573,4,1
385,9,0.08726484421640635,2,1
386,-10,0.17299188673496246,1,0
387,10,0.5443258285522461,1,1
388,7,0.19617602415382862,4,1
389,9,0.20232299342751503,2,1
390,6,0.20969852507114412,5,1
391,8,0.5005575517813364,3,1
392,10,0.08695566654205322,1,1
393,9,0.14278125762939453,2,1
394,10,0.09106888622045517,1,1
395,9,0.12201893329620361,2,1
396,10,0.06112232059240341,1,1
397,9,0.06020141579210758,2,1
398,9,0.12848666310310364,2,1
399,7,0.30349583737552166,4,1
400,8,0.2164066880941391,3,1
401,6,0.08589520379900932,5,1
402,8,0.06195205822587013,3,1
403,9,0.14337845146656036,2,1
404,9,0.26354386284947395,2,1
405,8,0.03617446807523569,3,1
406,7,0.119647903367877,4,1
407,-50,0.1476158245280385,50,0
408,10,0.07475453615188599,1,1
409,8,0.4045195132493973,3,1
410,8,0.12517110630869865,3,1
411,8,0.20136380071441332,3,1
412,7,0.14329408016055822,4,1
413,10,0.09358541667461395,1,1
414,10,0.08854522556066513,1,1
415,10,0.06565079092979431,1,1
416,9,0.039590490981936455,2,1
417,9,0.44803598523139954,2,1
418,5,0.1935260109603405,6,1
419,7,0.06439078226685524,4,1
420,8,0.048513639718294144,3,1
421,7,0.2815458383411169,4,1
422,8,0.08432149142026901,3,1
423,8,0.2483786145846049,3,1
424,9,0.1841835118830204,2,1
425,9,0.33466777950525284,2,1
426,-5,0.15967431967146695,16,1
427,-50,0.13346952967345715,50,0
428,5,0.18407376731435457,6,1
429,8,0.1246182310084502,3,1
430,10,0.13381902873516083,1,1
431,10,0.10259116441011429,1,1
432,8,0.1279361347357432,3,1
433,9,0.05855904705822468,2,1
434,-28,0.154972502675194,39,1
435,10,0.5528994798660278,1,1
436,7,0.10717121232300997,4,1
437,8,0.09226331611474355,3,1
438,8,0.09373683482408524,3,1
439,8,0.20691783229509988,3,1
440,9,0.20059507340192795,2,1
441,-10,0.09709413349628448,1,0
442,7,0.06951464340090752,4,1
443,8,0.11017221957445145,3,1
444,9,0.46258290112018585,2,1
445,-50,0.1670507749915123,50,0
446,10,0.6513133645057678,1,1
447,8,0.1480101520816485,3,1
448,9,0.0689987801015377,2,1
449,7,0.2274158913642168,4,1
450,6,0.0853612557053566,5,1
451,9,0.08645149506628513,2,1
452,-10,0.07859779894351959,1,0
453,9,0.09711923077702522,2,1
454,8,0.11767760415871938,3,1
455,-50,0.11224294751882553,50,0
456,9,0.2668452747166157,2,1
457,10,0.03795827925205231,1,1
458,9,0.4515935778617859,2,1
459,6,0.3008698523044586,5,1
460,-10,0.09586179256439209,1,0
461,9,0.103993970900774,2,1
462,7,0.09485868830233812,4,1
463,10,0.06748169660568237,1,1
464,6,0.374332395195961,5,1
465,9,0.28312259912490845,2,1
466,10,0.051461901515722275,1,1
467,-24,0.12195447757840157,35,1
468,-50,0.1850795978307724,50,0
469,9,0.17763196676969528,2,1
470,7,0.15222370345145464,4,1
471,8,0.24033048252264658,3,1
472,-6,0.13482278908657677,17,1
473,6,0.10043307691812516,5,1
474,9,0.11877756007015705,2,1
475,8,0.4129951447248459,3,1
476,10,0.23281645774841309,1,1
477,9,0.0768294408917427,2,1
478,-50,0.1362113568931818,50,0
479,8,0.11381796995798747,3,1
480,4,0.17863330936857633,7,1
481,-10,0.08527807891368866,1,0
482,10,0.09214432537555695,1,1
483,10,0.5476464033126831,1,1
484,6,0.1565230242908001,5,1
485,-33,0.2181408145380291,44,1
486,10,0.0651521161198616,1,1
487,8,0.3722688804070155,3,1
488,9,0.10820619016885757,2,1
489,9,0.05396194104105234,2,1
490,-11,0.33550211042165756,2,0
491,9,0.08204890415072441,2,1
492,9,0.2508541867136955,2,1
493,9,0.05016346462070942,2,1
494,5,0.06618518754839897,6,1
495,9,0.09570755809545517,2,1
496,10,0.018826933577656746,1,1
497,9,0.03679750673472881,2,1
498,8,0.23436121394236883,3,1
499,10,0.042021311819553375,1,1
500,5,0.13413182149330774,6,1
501,10,0.08438129723072052,1,1
502,7,0.16567939892411232,4,1
503,9,0.061299148947000504,2,1
504,10,0.11079862713813782,1,1
505,-12,0.44305117925008136,3,0
506,10,0.04465145245194435,1,1
507,10,0.03288191184401512,1,1
508,8,0.07991294314463933,3,1
509,10,0.07590985298156738,1,1
510,8,0.10930805777510007,3,1
511,9,0.11719581484794617,2,1
512,7,0.08782807923853397,4,1
513,-22,0.19777775555849075,33,1
514,-52,0.15357520760491836,43,0
515,5,0.10492795705795288,6,1
516,8,0.25407207508881885,3,1
517,8,0.07647453745206197,3,1
518,7,0.0808211574330926,4,1
519,7,0.14278815872967243,4,1
520,7,0.0907747931778431,4,1
521,4,0.12237089819141797,7,1
522,10,0.08722430467605591,1,1
523,8,0.03725197414557139,3,1
524,7,0.046462261117994785,4,1
525,9,0.03385866712778807,2,1
526,10,0.08947419375181198,1,1
527,3,0.0572946856264025,8,1
528,10,0.29941391944885254,1,1
529,5,0.08216396626085043,6,1
530,10,0.06492754817008972,1,1
531,9,0.29397041723132133,2,1
532,10,0.450835645198822,1,1
533,-12,0.08120226735870044,3,0
534,7,0.29392522294074297,4,1
535,10,0.026221200823783875,1,1
536,7,0.22716348711401224,4,1
537,9,0.050341714173555374,2,1
538,-15,0.08544725831598043,6,0
539,8,0.041426570465167366,3,1
540,8,0.10131240884462993,3,1
541,9,0.14457590878009796,2,1
542,7,0.04997639777138829,4,1
543,8,0.13235346972942352,3,1
544,7,0.10891829244792461,4,1
545,9,0.2470034435391426,2,1
546,7,0.16187574714422226,4,1
547,10,0.049875833094120026,1,1
548,8,0.045548091332117714,3,1
549,-50,0.13769228655844926,50,0
550,9,0.5251222401857376,2,1
551,8,0.1094990676889817,3,1
552,9,0.0816088430583477,2,1
553,10,0.01728215627372265,1,1
554,9,0.07161020115017891,2,1
555,7,0.06966995447874069,4,1
556,7,0.03401390928775072,4,1
557,7,0.1103555103763938,4,1
558,9,0.05181967467069626,2,1
559,10,0.01967708021402359,1,1
560,8,0.05282353547712167,3,1
561,8,0.2084719439347585,3,1
562,6,0.12731106728315353,5,1
563,-10,0.12535278499126434,1,0
564,9,0.07371905818581581,2,1
565,9,0.35019178688526154,2,1
566,10,0.11663156747817993,1,1
567,9,0.49744924902915955,2,1
568,10,0.032961610704660416,1,1
569,-12,0.0920732816060384,3,0
570,8,0.06975105156501134,3,1
571,9,0.06525452435016632,2,1
572,9,0.041785240173339844,2,1
573,8,0.1394929736852646,3,1
574,10,0.042103033512830734,1,1
575,7,0.15156940650194883,4,1
576,10,0.03729043900966644,1,1
577,8,0.18614192306995392,3,1
578,8,0.09992674241463344,3,1
579,-11,0.1089287456125021,2,0
580,9,0.3145903944969177,2,1
581,8,0.12417198965946834,3,1
582,-29,0.1687413158128038,40,1
583,4,0.0972101278603077,7,1
584,9,0.304444283246994,2,1
585,10,0.49106764793395996,1,1
586,8,0.04451421399911245,3,1
587,9,0.40123382210731506,2,1
588,9,0.23701324313879013,2,1
589,10,0.06254425644874573,1,1
590,7,0.09246231522411108,4,1
591,9,0.04440664313733578,2,1
592,5,0.10644647432491183,6,1
593,10,0.024425074458122253,1,1
594,7,0.03463448351249099,4,1
595,10,0.22876042127609253,1,1
596,7,0.18148251250386238,4,1
597,9,0.09045973047614098,2,1
598,10,0.04565928131341934,1,1
599,-10,0.01119512040168047,1,0
600,8,0.040997300297021866,3,1
601,6,0.029553791880607604,5,1
602,7,0.12974352505989373,4,1
603,-11,0.14997721658172933,22,1
604,-29,0.09742554109543562,40,1
605,9,0.2944817990064621,2,1
606,8,0.2676304479440053,3,1
607,3,0.18291877210140228,8,1
608,10,0.031388118863105774,1,1
609,10,0.07181987166404724,1,1
610,7,0.05459714774042368,4,1
611,9,0.031276389956474304,2,1
612,-24,0.09785590174474887,35,1
613,9,0.14852038770914078,2,1
614,9,0.1679485896602273,2,1
615,8,0.13489678067465624,3,1
616,-50,0.1151209376566112,50,0
617,9,0.2639799192547798,2,1
618,8,0.0376367662101984,3,1
619,9,0.1340162418782711,2,1
620,10,0.04645152762532234,1,1
621,-21,0.1459994912147522,32,1
622,8,0.21052994579076767,3,1
623,10,0.08824382722377777,1,1
624,-12,0.17613434543212256,3,0
625,-10,0.14229032548055762,21,1
626,9,0.1229384895414114,2,1
627,7,0.06664641946554184,4,1
628,9,0.06756966188549995,2,1
629,9,0.22042646259069443,2,1
630,9,0.09222038090229034,2,1
631,10,0.1112845242023468,1,1
632,8,0.04269422094027201,3,1
633,-11,0.08144071325659752,2,0
634,9,0.08551204577088356,2,1
635,-50,0.13326204895973207,50,0
636,8,0.48911550144354504,3,1
637,10,0.11026254296302795,1,1
638,9,0.09250844828784466,2,1
639,6,0.22332732379436493,5,1
640,9,0.03556919749826193,2,1
641,10,0.24968621134757996,1,1
642,7,0.07992863189429045,4,1
643,10,0.012004245072603226,1,1
644,9,0.11655605211853981,2,1
645,9,0.4021015018224716,2,1
646,7,0.31365554919466376,4,1
647,7,0.1791003057733178,4,1
648,7,0.059352220967411995,4,1
649,8,0.04010791269441446,3,1
650,10,0.10517927259206772,1,1
651,7,0.2451625457033515,4,1
652,8,0.5511802832285563,3,1
653,8,0.1863306164741516,3,1
654,5,0.06291195719192426,6,1
655,9,0.032577840611338615,2,1
656,10,0.029733985662460327,1,1
657,8,0.455854807049036,3,1
658,10,0.035051412880420685,1,1
659,10,0.034003887325525284,1,1
660,-12,0.09814641873041789,3,0
661,10,0.1283852458000183,1,1
662,9,0.04616531543433666,2,1
663,10,0.1718502789735794,1,1
664,7,0.1656017117202282,4,1
665,-50,0.19612338474020363,50,0
666,-10,0.22678640484809875,1,0
667,7,0.05041031679138541,4,1
668,-50,0.14678397126495837,50,0
669,8,0.1647615743180116,3,1
670,9,0.04839329794049263,2,1
671,-37,0.14008919881113494,48,1
672,7,0.10815610643476248,4,1
673,-29,0.23305501653812827,40,1
674,9,0.08312582410871983,2,1
675,7,0.0903689619153738,4,1
676,10,0.25644564628601074,1,1
677,7,0.26959859300404787,4,1
678,10,0.05301131680607796,1,1
679,-50,0.15675869058817626,50,0
680,9,0.15308325178921223,2,1
681,10,0.0906391590833664,1,1
682,9,0.21695613861083984,2,1
683,10,0.045334719121456146,1,1
684,7,0.30156005918979645,4,1
685,-50,0.1879886843264103,50,0
686,10,0.10223008692264557,1,1
687,-11,0.27347347140312195,2,0
688,10,0.23645271360874176,1,1
689,9,0.15638413280248642,2,1
690,10,0.2958199977874756,1,1
691,10,0.08793962001800537,1,1
692,10,0.11114608496427536,1,1
693,-12,0.09602752576271693,3,0
694,-32,0.25185109286204627,23,0
695,10,0.11571934074163437,1,1
696,7,0.08068793918937445,4,1
697,9,0.328729972243309,2,1
698,5,0.23997378597656885,6,1
699,7,0.17103826301172376,4,1
700,7,0.1537256445735693,4,1
701,-27,0.18220452013376512,38,1
702,9,0.04486091993749142,2,1
703,4,0.18527221253940038,7,1
704,8,0.3611869091788928,3,1
705,9,0.1420174539089203,2,1
706,10,0.16711264848709106,1,1
707,8,0.12013330807288487,3,1
708,10,0.09874965995550156,1,1
709,10,0.13783349096775055,1,1
710,9,0.05549425259232521,2,1
711,10,0.16383418440818787,1,1
712,7,0.10897170566022396,4,1
713,9,0.08844538778066635,2,1
714,-50,0.14040606513619422,50,0
715,8,0.17607483888665834,3,1
716,10,0.26091548800468445,1,1
717,8,0.04114623802403609,3,1
718,7,0.06905254069715738,4,1
719,-9,0.16284133791923522,20,1
720,7,0.061127057299017906,4,1
721,7,0.06472835037857294,4,1
722,8,0.04686985475321611,3,1
723,8,0.06327999321122964,3,1
724,9,0.051746666431427,2,1
725,9,0.2535737380385399,2,1
726,9,0.05128654092550278,2,1
727,8,0.09999594278633595,3,1
728,9,0.06733960658311844,2,1
729,8,0.1509149024883906,3,1
730,7,0.08610482420772314,4,1
731,8,0.262159064412117,3,1
732,8,0.11349981278181076,3,1
733,8,0.043841867707669735,3,1
734,7,0.13961570896208286,4,1
735,10,0.6812957525253296,1,1
736,-17,0.1848544097904648,28,1
737,7,0.19127338426187634,4,1
738,9,0.08268405124545097,2,1
739,8,0.046240060279766716,3,1
740,9,0.25683370139449835,2,1
741,7,0.2029966376721859,4,1
742,8,0.1481215444703897,3,1
743,10,0.023449290543794632,1,1
744,7,0.0706145828589797,4,1
745,-12,0.11841834336519241,3,0
746,9,0.04948184825479984,2,1
747,10,0.09266200661659241,1,1
748,7,0.07777667231857777,4,1
749,8,0.21785836790998778,3,1
750,8,0.06036525716384252,3,1
751,9,0.14617792889475822,2,1
752,5,0.273968942463398,6,1
753,-50,0.1713326532021165,50,0
754,10,0.032322853803634644,1,1
755,-50,0.10400479465723038,50,0
756,7,0.15123175270855427,4,1
757,-11,0.1465015709400177,2,0
758,5,0.1973653119057417,6,1
759,9,0.21992594748735428,2,1
760,9,0.27170922234654427,2,1
761,9,0.03855779580771923,2,1
762,10,0.0695018619298935,1,1
763,6,0.14465447291731834,5,1
764,9,0.1142817959189415,2,1
765,10,0.9181092977523804,1,1
766,7,0.17647426016628742,4,1
767,-50,0.17025387812405823,50,0
768,-8,0.12663691726170087,19,1
769,10,0.02460109069943428,1,1
770,8,0.05237177014350891,3,1
771,10,0.14038071036338806,1,1
772,6,0.2070591665804386,5,1
773,7,0.11509117297828197,4,1
774,8,0.07588708524902661,3,1
775,10,0.03985489904880524,1,1
776,8,0.08693138261636098,3,1
777,6,0.13641321063041686,5,1
778,10,0.099755197763443,1,1
779,9,0.08371308073401451,2,1
780,10,0.12261416018009186,1,1
781,8,0.0766994481285413,3,1
782,7,0.10272763390094042,4,1
783,9,0.23179516941308975,2,1
784,9,0.20242889784276485,2,1
785,-7,0.12339696112192339,18,1
786,10,0.060204390436410904,1,1
787,8,0.1305255964398384,3,1
788,7,0.13688833359628916,4,1
789,9,0.0360503438860178,2,1
790,9,0.1142239011824131,2,1
791,10,0.1583903431892395,1,1
792,7,0.32608969463035464,4,1
793,7,0.07542185392230749,4,1
794,6,0.15345104038715363,5,1
795,9,0.06470398232340813,2,1
796,-11,0.05578230880200863,2,0
797,9,0.06338348425924778,2,1
798,-13,0.045644796919077635,4,0
799,9,0.0343739315867424,2,1
800,10,0.4021507799625397,1,1
801,8,0.07839467997352283,3,1
802,8,0.057207414880394936,3,1
803,10,0.06606188416481018,1,1
804,8,0.07406507432460785,3,1
805,7,0.276190921664238,4,1
806,10,0.04952698200941086,1,1
807,6,0.04997355677187443,5,1
808,10,0.05194469168782234,1,1
809,-50,0.14172963168472053,50,0
810,8,0.18249184265732765,3,1
811,-35,0.14360837772002685,46,1
812,6,0.1337689623236656,5,1
813,9,0.08025260269641876,2,1
814,-50,0.134607473872602,50,0
815,-10,0.14031900030871233,21,1
816,9,0.11140540987253189,2,1
817,10,0.14942948520183563,1,1
818,9,0.07587665505707264,2,1
819,7,0.060803151689469814,4,1
820,9,0.04644474573433399,2,1
821,9,0.24523425102233887,2,1
822,8,0.15819381674130759,3,1
823,-34,0.08946792280508412,45,1
824,9,0.03687341883778572,2,1
825,9,0.03465762082487345,2,1
826,-14,0.10816081739962101,25,1
827,8,0.06373054534196854,3,1
828,10,0.04195798933506012,1,1
829,9,0.05798014625906944,2,1
830,9,0.06631899811327457,2,1
831,-8,0.12970436168344399,19,1
832,8,0.18818992810944715,3,1
833,-50,0.10759617280215025,50,0
834,9,0.06841344106942415,2,1
835,10,0.016561267897486687,1,1
836,5,0.0547554778556029,6,1
837,9,0.2184914331883192,2,1
838,9,0.4657774865627289,2,1
839,8,0.08216554919878642,3,1
840,-50,0.12054167993366718,50,0
841,-4,0.09563329555094242,15,1
842,9,0.041523851454257965,2,1
843,9,0.016273080836981535,2,1
844,10,0.062249429523944855,1,1
845,9,0.019170059822499752,2,1
846,10,0.026687562465667725,1,1
847,9,0.19523700140416622,2,1
848,8,0.0375956321756045,3,1
849,10,0.023981869220733643,1,1
850,7,0.02656622137874365,4,1
851,7,0.0471248310059309,4,1
852,9,0.048203520476818085,2,1
853,8,0.044532496482133865,3,1
854,10,0.06922876834869385,1,1
855,7,0.036659305449575186,4,1
856,10,0.031886741518974304,1,1
857,8,0.14194227755069733,3,1
858,9,0.022721032612025738,2,1
859,9,0.01897699013352394,2,1
860,8,0.03608443153401216,3,1
861,4,0.08909718293164458,7,1
862,9,0.24515501409769058,2,1
863,9,0.050831844098865986,2,1
864,8,0.18845550964275995,3,1
865,10,0.10349085927009583,1,1
866,8,0.02622683284183343,3,1
867,7,0.04491242067888379,4,1
868,10,0.09179987758398056,1,1
869,8,0.058759489407142006,3,1
870,-5,0.11377501953393221,16,1
871,7,0.07601591385900974,4,1
872,-29,0.07641358415130525,40,1
873,9,0.07428358867764473,2,1
874,8,0.019247711325685184,3,1
875,7,0.13377244770526886,4,1
876,9,0.2258884273469448,2,1
877,8,0.12276918099572261,3,1
878,8,0.11737079670031865,3,1
879,9,0.02934715338051319,2,1
880,-12,0.22647411252061525,3,0
881,9,0.035167256370186806,2,1
882,8,0.0320818175872167,3,1
883,8,0.15293071263780197,3,1
884,10,0.02798970229923725,1,1
885,9,0.04936980456113815,2,1
886,8,0.03413672869404157,3,1
887,-10,0.00809407327324152,1,0
888,9,0.023124576546251774,2,1
889,8,0.2077918170640866,3,1
890,8,0.015358205574254194,3,1
891,-10,0.31240057945251465,1,0
892,-10,0.055828966200351715,1,0
893,10,0.013461973518133163,1,1
894,8,0.2166872707506021,3,1
895,8,0.09938236884772778,3,1
896,8,0.0678484703724583,3,1
897,8,0.03431906861563524,3,1
898,10,0.15482619404792786,1,1
899,9,0.03634737618267536,2,1
900,9,0.20454822666943073,2,1
901,8,0.027760939672589302,3,1
902,9,0.13556770235300064,2,1
903,8,0.09483385334412257,3,1
904,1,0.05779239097610116,10,1
905,8,0.29195962846279144,3,1
906,-50,0.07018754376098514,50,0
907,10,0.025816552340984344,1,1
908,9,0.03017781861126423,2,1
909,8,0.13043714656184116,3,1
910,10,0.028458721935749054,1,1
911,7,0.04205350577831268,4,1
912,9,0.20776087790727615,2,1
913,10,0.0957249104976654,1,1
914,-50,0.10786899868398905,50,0
915,8,0.07600841919581096,3,1
916,5,0.16802045268317065,6,1
917,6,0.061483009904623034,5,1
918,9,0.02907363325357437,2,1
919,9,0.04574027005583048,2,1
920,8,0.027042678246895473,3,1
921,7,0.06376832514069974,4,1
922,8,0.021799711200098198,3,1
923,9,0.2520094197243452,2,1
924,10,0.20800791680812836,1,1
925,9,0.05742845265194774,2,1
926,10,0.010502040386199951,1,1
927,-11,0.12525872255421497,22,1
928,-50,0.1081459784694016,50,0
929,10,0.018689800053834915,1,1
930,8,0.021779436618089676,3,1
931,7,0.09986499091610312,4,1
932,-10,0.020507611334323883,1,0
933,10,0.3715091645717621,1,1
934,7,0.14623033069074154,4,1
935,9,0.13138248771429062,2,1
936,-22,0.14632878472294772,33,1
937,-11,0.3353937268257141,2,0
938,10,0.0941631868481636,1,1
939,10,0.09332280606031418,1,1
940,9,0.059219857677817345,2,1
941,9,0.074514489620924,2,1
942,7,0.1127360116224736,4,1
943,7,0.0673651359975338,4,1
944,6,0.18953835368156433,5,1
945,9,0.028156368993222713,2,1
946,8,0.09485982296367486,3,1
947,-7,0.08534752919028203,18,1
948,10,0.2861309349536896,1,1
949,10,0.44474172592163086,1,1
950,7,0.18739962205290794,4,1
951,6,0.05936001092195511,5,1
952,10,0.08053693920373917,1,1
953,8,0.23632758359114328,3,1
954,8,0.14812995369235674,3,1
955,7,0.12378479377366602,4,1
956,7,0.2238036864437163,4,1
957,7,0.05641789548099041,4,1
958,9,0.074798583984375,2,1
959,9,0.02560756215825677,2,1
960,4,0.07746809720993042,7,1
961,9,0.07074782904237509,2,1
962,8,0.18108400702476501,3,1
963,6,0.1386221271008253,5,1
964,10,0.018032176420092583,1,1
965,8,0.07613207524021466,3,1
966,10,0.17333745956420898,1,1
967,10,0.01934942975640297,1,1
968,-10,0.4739244878292084,1,0
969,8,0.15494908889134726,3,1
970,10,0.020497573539614677,1,1
971,8,0.036847844099005066,3,1
972,7,0.2812437971588224,4,1
973,9,0.3860659785568714,2,1
974,8,0.05772082259257635,3,1
975,-4,0.11170051308969657,15,1
976,8,0.06213871451715628,3,1
977,8,0.34487692763408023,3,1
978,8,0.08675099536776543,3,1
979,-50,0.15963490169495345,50,0
980,8,0.16573069244623184,3,1
981,9,0.15710509940981865,2,1
982,9,0.09826365858316422,2,1
983,4,0.07643134519457817,7,1
984,-24,0.08937353723283326,35,1
985,-50,0.0781363919377327,50,0
986,-18,0.20490387744373745,9,0
987,-50,0.10479554858058691,50,0
988,8,0.06289831921458244,3,1
989,8,0.19698688387870789,3,1
990,10,0.3096509873867035,1,1
991,9,0.04646897502243519,2,1
992,8,0.2024971048037211,3,1
993,7,0.18678531423211098,4,1
994,8,0.051995933055877686,3,1
995,8,0.22770688372353712,3,1
996,8,0.07527423774202664,3,1
997,7,0.026683328673243523,4,1
998,9,0.083401033654809,2,1
999,6,0.1680348515510559,5,1
1000,-20,0.179659100309495,31,1
1,-50,0.1444806067366153,50,0
2,10,0.026430871337652206,1,1
3,-16,0.07265826604432529,27,1
4,-14,0.058142369836568834,25,1
5,-11,0.09942526175555857,22,1
6,8,0.1903598060210546,3,1
7,8,0.11106955756743749,3,1
8,9,0.03297603968530893,2,1
9,8,0.13734150677919388,3,1
10,10,0.026939034461975098,1,1
11,8,0.04941948875784874,3,1
12,10,0.17470917105674744,1,1
13,7,0.08148514479398727,4,1
14,7,0.258526842109859,4,1
15,7,0.20202971622347832,4,1
16,-31,0.12444694859108754,42,1
17,9,0.22476888075470924,2,1
18,8,0.046727905670801796,3,1
19,9,0.17301854118704796,2,1
20,-50,0.1401354643702507,50,0
21,5,0.07226992398500443,6,1
22,7,0.052808220498263836,4,1
23,10,0.1818259060382843,1,1
24,10,0.04690968990325928,1,1
25,6,0.057056280225515364,5,1
26,-6,0.07811198164434995,17,1
27,10,0.045043013989925385,1,1
28,9,0.08227579295635223,2,1
29,8,0.08309517055749893,3,1
30,-14,0.18402009680867196,5,0
31,8,0.05508690575758616,3,1
32,10,0.21639657020568848,1,1
33,8,0.06406960760553677,3,1
34,-10,0.11961562053433486,21,1
35,10,0.13313397765159607,1,1
36,-7,0.1605357722275787,18,1
37,-21,0.14087793402723037,32,1
38,-10,0.05115126818418503,1,0
39,7,0.09655855782330036,4,1
40,6,0.10677849948406219,5,1
41,9,0.0493500716984272,2,1
42,-10,0.48823627829551697,1,0
43,10,0.045728348195552826,1,1
44,8,0.3335389792919159,3,1
45,10,0.14557379484176636,1,1
46,10,0.042541228234767914,1,1
47,-11,0.04226224310696125,2,0
48,8,0.040156491100788116,3,1
49,9,0.06923742964863777,2,1
50,10,0.08188717067241669,1,1
51,-50,0.14759381469339133,50,0
52,8,0.06948081279794376,3,1
53,8,0.19081072881817818,3,1
54,7,0.16745102033019066,4,1
55,8,0.06277429684996605,3,1
56,9,0.25938309356570244,2,1
57,9,0.04369501583278179,2,1
58,-50,0.11951455190777778,50,0
59,8,0.06951590875784557,3,1
60,-20,0.16222695910161541,31,1
61,7,0.09195336140692234,4,1
62,9,0.1351197361946106,2,1
63,-17,0.1351168528199196,28,1
64,7,0.24609637539833784,4,1
65,10,0.081459179520607,1,1
66,10,0.12483928352594376,1,1
67,5,0.2506641838699579,6,1
68,8,0.21129857376217842,3,1
69,7,0.08504036255180836,4,1
70,9,0.21130651608109474,2,1
71,10,0.04017145186662674,1,1
72,-10,0.102286696434021,1,0
73,7,0.040640078485012054,4,1
74,9,0.028879701159894466,2,1
75,9,0.10914544016122818,2,1
76,-10,0.18026882410049438,1,0
77,-8,0.1219184604522429,19,1
78,5,0.04596679781874021,6,1
79,10,0.09321153163909912,1,1
80,9,0.29345421958714724,2,1
81,7,0.13933149073272943,4,1
82,7,0.10977713018655777,4,1
83,8,0.5081163669625918,3,1
84,-12,0.21948943535486856,3,0
85,7,0.18387238960713148,4,1
86,10,0.0669858530163765,1,1
87,-50,0.09779209202155471,50,0
88,9,0.041384730488061905,2,1
89,7,0.1568734971806407,4,1
90,10,0.1175801083445549,1,1
91,9,0.062182020395994186,2,1
92,8,0.10301756610472997,3,1
93,8,0.07658695553739865,3,1
94,8,0.4348815257350604,3,1
95,10,0.06581512093544006,1,1
96,9,0.35316427052021027,2,1
97,8,0.1492815042535464,3,1
98,-22,0.14913356654120213,33,1
99,9,0.05594684183597565,2,1
100,-3,0.13150526663022383,14,1
101,10,0.02554752118885517,1,1
102,9,0.14174511283636093,2,1
103,10,0.680266261100769,1,1
104,9,0.0776300635188818,2,1
105,8,0.036998847499489784,3,1
106,10,0.0790286660194397,1,1
107,10,0.08122537285089493,1,1
108,8,0.10011484536031882,3,1
109,8,0.02602032758295536,3,1
110,9,0.23390356823801994,2,1
111,9,0.08613991178572178,2,1
112,4,0.0828746941738895,7,1
113,7,0.2823786251246929,4,1
114,-22,0.19891297530669433,13,0
115,10,0.056993722915649414,1,1
116,-50,0.12302026525139809,50,0
117,6,0.23064483255147933,5,1
118,9,0.3781963437795639,2,1
119,6,0.09322032704949379,5,1
120,5,0.13194646934668222,6,1
121,8,0.06304992983738582,3,1
122,9,0.04614116530865431,2,1
123,8,0.07316371301809947,3,1
124,9,0.05770491622388363,2,1
125,9,0.25315796956419945,2,1
126,-10,0.0839422196149826,1,0
127,8,0.12307765645285447,3,1
128,-27,0.13940990074641174,18,0
129,8,0.14709200337529182,3,1
130,8,0.2497952530781428,3,1
131,8,0.05660258730252584,3,1
132,-9,0.11113710701465607,20,1
133,6,0.20787423774600028,5,1
134,6,0.08566230610013008,5,1
135,8,0.1035156821211179,3,1
136,8,0.19188888495167097,3,1
137,8,0.18572182208299637,3,1
138,8,0.18324700246254602,3,1
139,9,0.07280261069536209,2,1
140,-17,0.1238401169622583,28,1
141,8,0.034291905661424,3,1
142,9,0.02932989038527012,2,1
143,6,0.12235782593488694,5,1
144,8,0.23607941592733064,3,1
145,8,0.15183633814255396,3,1
146,9,0.31648801267147064,2,1
147,10,0.031926561146974564,1,1
148,7,0.11593344993889332,4,1
149,10,0.03441470116376877,1,1
150,8,0.06743185594677925,3,1
151,10,0.08904777467250824,1,1
152,9,0.0665645245462656,2,1
153,9,0.05724722892045975,2,1
154,8,0.024653137971957523,3,1
155,8,0.2094767689704895,3,1
156,8,0.03771637255946795,3,1
157,10,0.031748123466968536,1,1
158,8,0.1376911960542202,3,1
159,-45,0.12297488084166414,36,0
160,-50,0.08713782291859389,50,0
161,8,0.028209391981363297,3,1
162,6,0.12109661176800728,5,1
163,10,0.03562309220433235,1,1
164,7,0.09345048968680203,4,1
165,-12,0.17225628605355386,23,1
166,9,0.060994626954197884,2,1
167,9,0.04302025120705366,2,1
168,8,0.09578295983374119,3,1
169,10,0.04127250984311104,1,1
170,7,0.08746647206135094,4,1
171,9,0.053951987996697426,2,1
172,9,0.059630218893289566,2,1
173,10,0.030345037579536438,1,1
174,7,0.04771665995940566,4,1
175,8,0.040150029274324574,3,1
176,8,0.21238563830653825,3,1
177,6,0.09309545680880546,5,1
178,-10,0.07254611700773239,1,0
179,8,0.15443703594307104,3,1
180,8,0.07523566484451294,3,1
181,9,0.0916532501578331,2,1
182,10,0.07840920984745026,1,1
183,-30,0.08434745492186488,41,1
184,6,0.06395284160971641,5,1
185,6,0.12824091240763663,5,1
186,10,0.0051919505931437016,1,1
187,10,0.07615794241428375,1,1
188,8,0.0401149665315946,3,1
189,8,0.10937965071449678,3,1
190,9,0.13486525043845177,2,1
191,-28,0.19931224772804662,19,0
192,6,0.14551393017172815,5,1
193,9,0.013047260232269764,2,1
194,7,0.2824571570381522,4,1
195,10,0.022727927193045616,1,1
196,10,0.11572151631116867,1,1
197,9,0.08221741020679474,2,1
198,8,0.11527749771873157,3,1
199,10,0.09119128435850143,1,1
200,7,0.11821547336876392,4,1
201,7,0.3646521233022213,4,1
202,10,0.03439055383205414,1,1
203,7,0.19983777264133096,4,1
204,9,0.08995048329234123,2,1
205,9,0.10326924175024033,2,1
206,5,0.08153477497398853,6,1
207,8,0.035262699549396835,3,1
208,6,0.05102030485868454,5,1
209,4,0.10454850657177824,7,1
210,-13,0.11453243298456073,4,0
211,-1,0.12910320470109582,12,1
212,8,0.05247019603848457,3,1
213,7,0.08532710280269384,4,1
214,6,0.1245701253414154,5,1
215,10,0.015635766088962555,1,1
216,9,0.15145846270024776,2,1
217,6,0.06212619766592979,5,1
218,7,0.16939035383984447,4,1
219,10,0.0592176727950573,1,1
220,7,0.04723909590393305,4,1
221,-27,0.13830644887332855,38,1
222,10,0.03515379875898361,1,1
223,10,0.023698557168245316,1,1
224,8,0.04654347524046898,3,1
225,7,0.13404471753165126,4,1
226,10,0.5933082103729248,1,1
227,9,0.04973714426159859,2,1
228,8,0.04611190656820933,3,1
229,7,0.019514866173267365,4,1
230,9,0.04382207989692688,2,1
231,9,0.012634519953280687,2,1
232,9,0.04173944890499115,2,1
233,10,0.09371933341026306,1,1
234,10,0.016842860728502274,1,1
235,9,0.039250448346138,2,1
236,-50,0.10688567649573087,50,0
237,7,0.05957470927387476,4,1
238,10,0.1934189647436142,1,1
239,6,0.06144649088382721,5,1
240,9,0.03844972886145115,2,1
241,-10,0.10053300857543945,1,0
242,10,0.09782899916172028,1,1
243,4,0.06873741000890732,7,1
244,2,0.11358579775939386,9,1
245,8,0.1702932007610798,3,1
246,6,0.03972228392958641,5,1
247,10,0.05761895328760147,1,1
248,8,0.3472688893477122,3,1
249,9,0.11654223874211311,2,1
250,8,0.07687138703962167,3,1
251,10,0.014383751899003983,1,1
252,-50,0.06952241401188075,50,0
253,6,0.13757546693086625,5,1
254,8,0.2303312768538793,3,1
255,10,0.05201252922415733,1,1
256,7,0.30687763821333647,4,1
257,-11,0.05988229252398014,2,0
258,-50,0.11332849025726319,50,0
259,10,0.5801247954368591,1,1
260,8,0.3153480291366577,3,1
261,10,0.15996138751506805,1,1
262,9,0.14704466611146927,2,1
263,9,0.3600331023335457,2,1
264,8,0.09993305305639903,3,1
265,9,0.26156576722860336,2,1
266,-11,0.14097458496689796,2,0
267,9,0.16941048949956894,2,1
268,8,0.09602314482132594,3,1
269,9,0.09049885161221027,2,1
270,8,0.057297793527444206,3,1
271,8,0.35603201016783714,3,1
272,9,0.33401890844106674,2,1
273,-3,0.10022405801074845,14,1
274,10,0.08501540124416351,1,1
275,-10,0.4459705650806427,1,0
276,-50,0.13160669609904288,50,0
277,-11,0.03686184622347355,2,0
278,10,0.20961177349090576,1,1
279,10,0.1392354965209961,1,1
280,10,0.17771880328655243,1,1
281,-10,0.0430767759680748,1,0
282,6,0.14372127763926984,5,1
283,9,0.36757031083106995,2,1
284,-6,0.08487572126528796,17,1
285,-24,0.1379721833925162,35,1
286,7,0.214931087102741,4,1
287,10,0.06470400094985962,1,1
288,9,0.2721279039978981,2,1
289,9,0.14957730658352375,2,1
290,10,0.038945913314819336,1,1
291,9,0.12403498031198978,2,1
292,9,0.05977105721831322,2,1
293,8,0.11185103903214137,3,1
294,8,0.45142153402169544,3,1
295,8,0.10330970212817192,3,1
296,-50,0.1951497108489275,50,0
297,7,0.3032398484647274,4,1
298,9,0.204661026597023,2,1
299,-5,0.17828817828558385,16,1
300,-26,0.16241156340048118,37,1
301,9,0.04635939747095108,2,1
302,7,0.09266038611531258,4,1
303,7,0.24711057543754578,4,1
304,9,0.19352880120277405,2,1
305,7,0.16526075080037117,4,1
306,9,0.36066877096891403,2,1
307,9,0.27119575440883636,2,1
308,9,0.09269510209560394,2,1
309,-50,0.13211688071489333,50,0
310,10,0.0313958078622818,1,1
311,8,0.16311821714043617,3,1
312,9,0.05038752034306526,2,1
313,10,0.10065758228302002,1,1
314,9,0.24412037804722786,2,1
315,9,0.06343607231974602,2,1
316,6,0.2199278488755226,5,1
317,4,0.17998012155294418,7,1
318,-50,0.11409664932638407,50,0
319,0,0.11445743438195098,11,1
320,10,0.8256207704544067,1,1
321,10,0.0707518607378006,1,1
322,7,0.10992467822507024,4,1
323,9,0.11107704788446426,2,1
324,6,0.07175538390874862,5,1
325,9,0.0896795466542244,2,1
326,-14,0.15298695906996726,25,1
327,9,0.09785065054893494,2,1
328,6,0.15237887054681779,5,1
329,7,0.10185259208083153,4,1
330,9,0.20001893024891615,2,1
331,10,0.02660449594259262,1,1
332,9,0.03890305757522583,2,1
333,9,0.037600597366690636,2,1
334,9,0.11928137019276619,2,1
335,7,0.07284361124038696,4,1
336,10,0.053247541189193726,1,1
337,8,0.39492733776569366,3,1
338,6,0.03804941400885582,5,1
339,9,0.10212522372603416,2,1
340,10,0.38376182317733765,1,1
341,-50,0.14502388264983893,50,0
342,8,0.10733600954214732,3,1
343,9,0.2533155381679535,2,1
344,10,0.0909290611743927,1,1
345,9,0.36743104457855225,2,1
346,-8,0.1569198250378433,19,1
347,8,0.06139099722107252,3,1
348,10,0.006472951266914606,1,1
349,7,0.058634147979319096,4,1
350,10,0.06814470887184143,1,1
351,8,0.1965203434228897,3,1
352,9,0.03908497095108032,2,1
353,8,0.04513706515232722,3,1
354,-11,0.20139052346348763,2,0
355,9,0.25006505474448204,2,1
356,10,0.0511159747838974,1,1
357,10,0.05257195979356766,1,1
358,7,0.18158060405403376,4,1
359,9,0.09291401132941246,2,1
360,10,0.052401889115571976,1,1
361,6,0.0921390637755394,5,1
362,7,0.34586837282404304,4,1
363,8,0.12948662415146828,3,1
364,8,0.09832879652579625,3,1
365,9,0.057413095608353615,2,1
366,7,0.06378524750471115,4,1
367,9,0.26187391579151154,2,1
368,9,0.17256886698305607,2,1
369,-50,0.14703032612800598,50,0
370,-16,0.09084404047046389,7,0
371,-33,0.12439644709229469,44,1
372,10,0.04186173528432846,1,1
373,8,0.06937089562416077,3,1
374,9,0.06757103186100721,2,1
375,5,0.18537644172708193,6,1
376,9,0.2817968465387821,2,1
377,8,0.11545301725467046,3,1
378,9,0.06639633513987064,2,1
379,9,0.09034497663378716,2,1
380,8,0.16510020941495895,3,1
381,7,0.07384024560451508,4,1
382,8,0.11645950252811114,3,1
383,7,0.10334702767431736,4,1
384,-50,0.14742743529379368,50,0
385,7,0.09142139367759228,4,1
386,-6,0.11813597687903572,17,1
387,5,0.07901860338946183,6,1
388,9,0.05114685744047165,2,1
389,-50,0.11364161916077137,50,0
390,7,0.05333282332867384,4,1
391,8,0.14848295971751213,3,1
392,9,0.22386504709720612,2,1
393,9,0.14753375574946404,2,1
394,9,0.04889453575015068,2,1
395,8,0.2299935407936573,3,1
396,9,0.03675328940153122,2,1
397,-21,0.15002871793694794,32,1
398,6,0.17539894133806228,5,1
399,7,0.19296215288341045,4,1
400,9,0.08675721287727356,2,1
401,9,0.08886049315333366,2,1
402,-12,0.058185541381438576,3,0
403,9,0.057110127061605453,2,1
404,7,0.14109348505735397,4,1
405,9,0.0991106629371643,2,1
406,9,0.2108907951042056,2,1
407,8,0.11833267162243526,3,1
408,10,0.03780600056052208,1,1
409,7,0.15683140326291323,4,1
410,10,0.13524064421653748,1,1
411,10,0.041150931268930435,1,1
412,6,0.12137478515505791,5,1
413,-50,0.14896515153348447,50,0
414,9,0.1134287677705288,2,1
415,10,0.17117202281951904,1,1
416,9,0.06731965206563473,2,1
417,7,0.18303242698311806,4,1
418,9,0.09258002042770386,2,1
419,10,0.0599186085164547,1,1
420,8,0.06851229692498843,3,1
421,6,0.09051881358027458,5,1
422,-10,0.1242157518863678,1,0
423,10,0.2530686855316162,1,1
424,7,0.07439731247723103,4,1
425,9,0.0413831751793623,2,1
426,9,0.07941867969930172,2,1
427,8,0.03865212264160315,3,1
428,9,0.1338827032595873,2,1
429,-10,0.07841901481151581,1,0
430,7,0.13368015829473734,4,1
431,9,0.1356945037841797,2,1
432,8,0.22320392727851868,3,1
433,10,0.11724702268838882,1,1
434,5,0.09114440033833186,6,1
435,8,0.18606592963139215,3,1
436,9,0.1167571097612381,2,1
437,10,0.07869234681129456,1,1
438,9,0.07080031372606754,2,1
439,9,0.21541723981499672,2,1
440,9,0.0621438380330801,2,1
441,9,0.0685527641326189,2,1
442,7,0.09215584490448236,4,1
443,-10,0.14764095842838287,1,0
444,10,0.5395222902297974,1,1
445,9,0.12036004848778248,2,1
446,10,0.15248340368270874,1,1
447,7,0.06663285382091999,4,1
448,-10,0.12863624095916748,1,0
449,-14,0.09792313277721405,25,1
450,7,0.07978260703384876,4,1
451,-11,0.022351625375449657,2,0
452,-10,0.06725061684846878,1,0
453,5,0.127237633181115,6,1
454,7,0.16713042557239532,4,1
455,10,0.5783539414405823,1,1
456,9,0.22077521681785583,2,1
457,10,0.18963801860809326,1,1
458,9,0.22053439170122147,2,1
459,8,0.0734639825920264,3,1
460,10,0.05484694242477417,1,1
461,7,0.15655425190925598,4,1
462,6,0.164705590903759,5,1
463,-2,0.17930105414528114,13,1
464,9,0.03646380500867963,2,1
465,9,0.033766089007258415,2,1
466,8,0.18464635809262595,3,1
467,-50,0.10152041118592024,50,0
468,5,0.09857385729749997,6,1
469,6,0.1435362696647644,5,1
470,6,0.056255892664194104,5,1
471,9,0.14064957574009895,2,1
472,9,0.12571299821138382,2,1
473,7,0.07252328284084797,4,1
474,7,0.0817992202937603,4,1
475,9,0.05041874013841152,2,1
476,-50,0.12094462882727385,50,0
477,9,0.05464467965066433,2,1
478,10,0.05398201942443848,1,1
479,6,0.05853341855108738,5,1
480,4,0.12984033301472664,7,1
481,9,0.040736742317676544,2,1
482,7,0.22732086386531591,4,1
483,7,0.04248289484530687,4,1
484,10,0.027417510747909546,1,1
485,9,0.027169584296643734,2,1
486,10,0.027654333040118217,1,1
487,8,0.042276606584588684,3,1
488,9,0.04350731894373894,2,1
489,6,0.07544453591108322,5,1
490,9,0.12867709156125784,2,1
491,7,0.13196983095258474,4,1
492,9,0.12479464709758759,2,1
493,10,0.0413481667637825,1,1
494,-6,0.06128624059698161,17,1
495,6,0.10729965344071388,5,1
496,7,0.046183133497834206,4,1
497,-10,0.5526241064071655,1,0
498,7,0.06933067692443728,4,1
499,6,0.16271781101822852,5,1
500,8,0.04130994528532028,3,1
501,-23,0.09643782127429457,34,1
502,8,0.18227092425028482,3,1
503,6,0.12199369892477989,5,1
504,9,0.018460123799741268,2,1
505,9,0.03297831863164902,2,1
506,10,0.04220157116651535,1,1
507,5,0.23534613847732544,6,1
508,-50,0.1077344673126936,50,0
509,8,0.12479273602366447,3,1
510,9,0.03172822669148445,2,1
511,10,0.050880320370197296,1,1
512,9,0.02892227191478014,2,1
513,-12,0.11905215275676354,23,1
514,9,0.05442563444375992,2,1
515,8,0.026964175204435985,3,1
516,9,0.030341546051204205,2,1
517,8,0.058313608169555664,3,1
518,6,0.06805394366383552,5,1
519,-22,0.11095729120301479,33,1
520,9,0.09651223756372929,2,1
521,9,0.19394979998469353,2,1
522,7,0.21633686870336533,4,1
523,6,0.08323849141597747,5,1
524,10,0.07246950268745422,1,1
525,8,0.15407177060842514,3,1
526,8,0.051837983230749764,3,1
527,7,0.0661694798618555,4,1
528,10,0.0633869469165802,1,1
529,8,0.2317026654879252,3,1
530,7,0.14621735643595457,4,1
531,7,0.1606090827845037,4,1
532,7,0.08484410680830479,4,1
533,-50,0.11553692007437348,50,0
534,8,0.10969822605450948,3,1
535,10,0.04022287577390671,1,1
536,9,0.09806325286626816,2,1
537,9,0.033573828637599945,2,1
538,10,0.14153891801834106,1,1
539,8,0.018330952773491543,3,1
540,7,0.021638782462105155,4,1
541,7,0.05778282880783081,4,1
542,8,0.05917828716337681,3,1
543,10,0.2831943929195404,1,1
544,7,0.04362353985197842,4,1
545,10,0.025447983294725418,1,1
546,8,0.10050320501128833,3,1
547,9,0.04172408953309059,2,1
548,10,0.10282295942306519,1,1
549,6,0.05486440509557724,5,1
550,9,0.06720455549657345,2,1
551,8,0.1245055990293622,3,1
552,8,0.0575073187549909,3,1
553,7,0.12548688054084778,4,1
554,-12,0.12381184951442739,23,1
555,7,0.07955382065847516,4,1
556,8,0.15949784219264984,3,1
557,6,0.16172262132167817,5,1
558,8,0.13605732036133608,3,1
559,5,0.0814178679138422,6,1
560,-50,0.11178510153666138,50,0
561,9,0.07952925190329552,2,1
562,10,0.4889611005783081,1,1
563,7,0.06821863260120153,4,1
564,9,0.057537791319191456,2,1
565,7,0.05446293763816357,4,1
566,7,0.06354072690010071,4,1
567,8,0.06704342489441235,3,1
568,8,0.21545550102988878,3,1
569,8,0.23262556145588556,3,1
570,9,0.06913401931524277,2,1
571,9,0.057238442823290825,2,1
572,7,0.13968923036009073,4,1
573,-15,0.1226831549921861,26,1
574,7,0.16323441080749035,4,1
575,9,0.11486867442727089,2,1
576,6,0.08547144159674644,5,1
577,9,0.23336054384708405,2,1
578,10,0.1695626676082611,1,1
579,10,0.02308889478445053,1,1
580,9,0.10494135320186615,2,1
581,10,0.07657262682914734,1,1
582,10,0.09096554666757584,1,1
583,8,0.07392725348472595,3,1
584,4,0.13907184877565928,7,1
585,7,0.07520763110369444,4,1
586,-16,0.08972029174091639,27,1
587,9,0.06654506549239159,2,1
588,7,0.1315062753856182,4,1
589,8,0.10571371018886566,3,1
590,8,0.11184036483367284,3,1
591,8,0.06067577128609022,3,1
592,10,0.03549620509147644,1,1
593,9,0.06061004288494587,2,1
594,-50,0.10792430762201548,50,0
595,10,0.07904902845621109,1,1
596,7,0.18762510363012552,4,1
597,6,0.055961423367261884,5,1
598,10,0.05810381472110748,1,1
599,8,0.0850144773721695,3,1
600,10,0.04702889174222946,1,1
601,7,0.10931729804724455,4,1
602,-9,0.0935263377148658,20,1
603,6,0.0702284999191761,5,1
604,10,0.07721038162708282,1,1
605,8,0.11069624125957489,3,1
606,8,0.08030133197704951,3,1
607,9,0.12048151530325413,2,1
608,8,0.10728108882904053,3,1
609,8,0.07855718582868576,3,1
610,5,0.17500637952859202,6,1
611,7,0.03920392831787467,4,1
612,10,0.14270570874214172,1,1
613,7,0.24278277158737183,4,1
614,-11,0.17593311501497572,22,1
615,9,0.4132101684808731,2,1
616,9,0.07984807342290878,2,1
617,8,0.3147454137603442,3,1
618,3,0.09410173911601305,8,1
619,10,0.2162647843360901,1,1
620,6,0.12320053279399872,5,1
621,8,0.1557378495732943,3,1
622,9,0.055276528000831604,2,1
623,9,0.16412046179175377,2,1
624,8,0.2341027818620205,3,1
625,9,0.10694842413067818,2,1
626,10,0.03215184807777405,1,1
627,10,0.206075519323349,1,1
628,9,0.11602439731359482,2,1
629,8,0.14273155480623245,3,1
630,10,0.03391769900918007,1,1
631,8,0.16330325727661452,3,1
632,10,0.08709453046321869,1,1
633,8,0.07528752088546753,3,1
634,6,0.08531293570995331,5,1
635,-50,0.1318828072398901,50,0
636,5,0.12450182468940814,6,1
637,10,0.033006131649017334,1,1
638,9,0.04953625053167343,2,1
639,8,0.40634951988856,3,1
640,7,0.06828692741692066,4,1
641,9,0.0655075665563345,2,1
642,9,0.09135720133781433,2,1
643,7,0.1589657887816429,4,1
644,7,0.08872091397643089,4,1
645,9,0.06630159541964531,2,1
646,10,0.04227089136838913,1,1
647,10,0.18274185061454773,1,1
648,8,0.1155381699403127,3,1
649,7,0.06367030180990696,4,1
650,9,0.12499722838401794,2,1
651,8,0.12552263091007868,3,1
652,7,0.20749212708324194,4,1
653,8,0.07007959857583046,3,1
654,5,0.05960844519237677,6,1
655,8,0.07424791902303696,3,1
656,5,0.10574477352201939,6,1
657,9,0.23724892735481262,2,1
658,8,0.059767214581370354,3,1
659,8,0.06408864383896191,3,1
660,9,0.025998730212450027,2,1
661,8,0.053907876213391624,3,1
662,10,0.09097567200660706,1,1
663,8,0.23571375260750452,3,1
664,7,0.10847194865345955,4,1
665,10,0.28449729084968567,1,1
666,8,0.07928746442000072,3,1
667,8,0.02234307366112868,3,1
668,9,0.04050778038799763,2,1
669,-12,0.12410085399945577,3,0
670,9,0.13644053786993027,2,1
671,-9,0.1654690015129745,20,1
672,9,0.044470930472016335,2,1
673,10,0.0901862159371376,1,1
674,7,0.10865541640669107,4,1
675,8,0.10561172539989154,3,1
676,8,0.18401202807823816,3,1
677,10,0.04911135137081146,1,1
678,6,0.1136312797665596,5,1
679,8,0.1861125479141871,3,1
680,10,0.0737597793340683,1,1
681,4,0.08424216721739088,7,1
682,-10,0.09325943142175674,1,0
683,9,0.1080336831510067,2,1
684,9,0.08978716656565666,2,1
685,-10,0.04297739267349243,1,0
686,-23,0.16908894561450272,34,1
687,8,0.06581866182386875,3,1
688,7,0.10180038772523403,4,1
689,5,0.09792365257938702,6,1
690,10,0.09384308755397797,1,1
691,8,0.0809711366891861,3,1
692,9,0.10543981939554214,2,1
693,8,0.20804356535275778,3,1
694,10,0.273277223110199,1,1
695,-50,0.12152150072157383,50,0
696,8,0.2398908088604609,3,1
697,9,0.12190237455070019,2,1
698,5,0.09601950955887635,6,1
699,10,0.058331817388534546,1,1
700,-51,0.1319821026353609,42,0
701,7,0.15236642584204674,4,1
702,10,0.09291680157184601,1,1
703,10,0.4103457033634186,1,1
704,7,0.05580438673496246,4,1
705,7,0.17684750445187092,4,1
706,8,0.04009651889403661,3,1
707,9,0.1846531182527542,2,1
708,10,0.0592782236635685,1,1
709,-50,0.10620699163526297,50,0
710,8,0.15433844675620398,3,1
711,9,0.11413955315947533,2,1
712,8,0.09926225244998932,3,1
713,10,0.10540154576301575,1,1
714,6,0.18609046041965485,5,1
715,9,0.07743573188781738,2,1
716,8,0.12286167095104854,3,1
717,9,0.15537633933126926,2,1
718,10,0.07338850945234299,1,1
719,8,0.1853830392162005,3,1
720,8,0.10142676532268524,3,1
721,10,0.1477750688791275,1,1
722,10,0.08179953694343567,1,1
723,8,0.033450644463300705,3,1
724,9,0.11306613683700562,2,1
725,9,0.07491214945912361,2,1
726,-10,0.038469575345516205,1,0
727,10,0.04922868311405182,1,1
728,9,0.06230776757001877,2,1
729,8,0.08243806163469951,3,1
730,7,0.106049002148211,4,1
731,7,0.13170979917049408,4,1
732,9,0.06257994845509529,2,1
733,9,0.12861067056655884,2,1
734,7,0.16962167248129845,4,1
735,8,0.13221430530150732,3,1
736,10,0.19425635039806366,1,1
737,6,0.080499666929245,5,1
738,10,0.610661506652832,1,1
739,8,0.06226520612835884,3,1
740,9,0.05820644088089466,2,1
741,9,0.12967630848288536,2,1
742,-50,0.13055479131639003,50,0
743,7,0.06469631660729647,4,1
744,9,0.054959312081336975,2,1
745,8,0.12377165754636128,3,1
746,-50,0.10279853384941816,50,0
747,7,0.07918702811002731,4,1
748,10,0.042553793638944626,1,1
749,9,0.12864462658762932,2,1
750,8,0.050980559239784874,3,1
751,10,0.13013824820518494,1,1
752,7,0.10441912338137627,4,1
753,3,0.19447061838582158,8,1
754,9,0.0872108954936266,2,1
755,6,0.08178585544228553,5,1
756,9,0.14093104749917984,2,1
757,10,0.09676538407802582,1,1
758,7,0.13724672375246882,4,1
759,8,0.11575287704666455,3,1
760,7,0.059462711215019226,4,1
761,9,0.03440532460808754,2,1
762,9,0.06316513009369373,2,1
763,9,0.12714022397994995,2,1
764,8,0.2143519874662161,3,1
765,9,0.03550008684396744,2,1
766,9,0.06483007222414017,2,1
767,7,0.13149643503129482,4,1
768,-15,0.12819122881270373,26,1
769,9,0.05018371343612671,2,1
770,9,0.05145210772752762,2,1
771,9,0.11141689773648977,2,1
772,-11,0.03136866446584463,2,0
773,7,0.1762132365256548,4,1
774,9,0.041091399267315865,2,1
775,7,0.32948053628206253,4,1
776,9,0.07031941413879395,2,1
777,8,0.09159071619311969,3,1
778,-50,0.13865039728581904,50,0
779,9,0.17715034633874893,2,1
780,8,0.1902573530872663,3,1
781,7,0.1825450211763382,4,1
782,10,0.11358514428138733,1,1
783,7,0.08515733387321234,4,1
784,9,0.08338049054145813,2,1
785,9,0.0860057920217514,2,1
786,10,0.08080849796533585,1,1
787,9,0.06157344579696655,2,1
788,-8,0.10076284781098366,19,1
789,8,0.04970452810327212,3,1
790,4,0.08966584503650665,7,1
791,9,0.03107775840908289,2,1
792,9,0.16491200402379036,2,1
793,10,0.07548452168703079,1,1
794,10,0.10692381113767624,1,1
795,9,0.1557556912302971,2,1
796,8,0.12394355485836665,3,1
797,6,0.09688515588641167,5,1
798,8,0.07112804303566615,3,1
799,6,0.08171454444527626,5,1
800,10,0.06077365577220917,1,1
801,10,0.5069552659988403,1,1
802,10,0.06982032209634781,1,1
803,10,0.07889857888221741,1,1
804,-17,0.06632116975794945,28,1
805,9,0.11400151625275612,2,1
806,7,0.09496424533426762,4,1
807,9,0.10128170251846313,2,1
808,6,0.06122392266988754,5,1
809,9,0.0876338966190815,2,1
810,10,0.10749340802431107,1,1
811,9,0.061561523005366325,2,1
812,5,0.07277463997403781,6,1
813,9,0.07403482124209404,2,1
814,7,0.09711107052862644,4,1
815,6,0.10026014223694801,5,1
816,8,0.0746948371330897,3,1
817,7,0.0883028544485569,4,1
818,9,0.09908188693225384,2,1
819,6,0.0960935302078724,5,1
820,-4,0.10143090113997459,15,1
821,10,0.035049743950366974,1,1
822,5,0.14357545350988707,6,1
823,-10,0.1906893104314804,1,0
824,-50,0.08977117035537958,50,0
825,9,0.08054672181606293,2,1
826,10,0.03967311978340149,1,1
827,-50,0.09724860042333602,50,0
828,10,0.06566144526004791,1,1
829,10,0.032062068581581116,1,1
830,8,0.07888954505324364,3,1
831,4,0.06767180136271886,7,1
832,7,0.05558342766016722,4,1
833,7,0.08969364408403635,4,1
834,9,0.05391728691756725,2,1
835,9,0.07375500909984112,2,1
836,10,0.017729109153151512,1,1
837,8,0.1832085040708383,3,1
838,6,0.06807546019554138,5,1
839,10,0.05750635266304016,1,1
840,-5,0.06847609195392579,16,1
841,8,0.027116804694135983,3,1
842,7,0.0542625542730093,4,1
843,5,0.03791614078606168,6,1
844,9,0.021334784105420113,2,1
845,-15,0.07070884552712624,26,1
846,7,0.0416195522993803,4,1
847,8,0.06197035747269789,3,1
848,10,0.0695837065577507,1,1
849,5,0.051619760071237884,6,1
850,9,0.24645888432860374,2,1
851,-25,0.0643512630679955,36,1
852,9,0.028585597407072783,2,1
853,-16,0.06684530671272013,27,1
854,10,0.07448488473892212,1,1
855,9,0.07427961379289627,2,1
856,10,0.031787339597940445,1,1
857,6,0.03019065149128437,5,1
858,9,0.10082581080496311,2,1
859,-21,0.06514019964379258,32,1
860,7,0.10637712944298983,4,1
861,9,0.023277599830180407,2,1
862,10,0.03458742797374725,1,1
863,7,0.05029190517961979,4,1
864,10,0.03599381446838379,1,1
865,6,0.08388417959213257,5,1
866,7,0.04319343762472272,4,1
867,7,0.045304253697395325,4,1
868,10,0.018682565540075302,1,1
869,9,0.03625720739364624,2,1
870,7,0.019101480720564723,4,1
871,-18,0.028086024439997144,9,0
872,8,0.047335187594095864,3,1
873,9,0.16703574731945992,2,1
874,9,0.02189463283866644,2,1
875,8,0.0251825296630462,3,1
876,7,0.02159879868850112,4,1
877,8,0.16801288227240244,3,1
878,7,0.1278658974915743,4,1
879,-10,0.07035008072853088,1,0
880,10,0.054566577076911926,1,1
881,-4,0.12471763243277868,15,1
882,7,0.07764244545251131,4,1
883,10,0.021387461572885513,1,1
884,6,0.04138252399861812,5,1
885,-10,0.04856107011437416,1,0
886,-50,0.10132326995953918,50,0
887,7,0.10380036057904363,4,1
888,8,0.12964911138017973,3,1
889,3,0.08657995657995343,8,1
890,7,0.14118057023733854,4,1
891,7,0.3026601541787386,4,1
892,10,0.059327539056539536,1,1
893,8,0.0955729049940904,3,1
894,9,0.05123651586472988,2,1
895,10,0.039203330874443054,1,1
896,9,0.11742007359862328,2,1
897,9,0.09391835331916809,2,1
898,9,0.30430005118250847,2,1
899,6,0.036508549749851224,5,1
900,10,0.20830601453781128,1,1
901,6,0.04361649472266436,5,1
902,10,0.13362336158752441,1,1
903,6,0.1879445381462574,5,1
904,9,0.025401127990335226,2,1
905,8,0.12776587096353373,3,1
906,8,0.06552569443980853,3,1
907,8,0.19079976653059325,3,1
908,9,0.05938075575977564,2,1
909,-28,0.10155074465542267,39,1
910,5,0.1610385626554489,6,1
911,9,0.16256975382566452,2,1
912,9,0.23821130441501737,2,1
913,7,0.12508303788490593,4,1
914,10,0.08108523488044739,1,1
915,6,0.09284516498446464,5,1
916,7,0.05520414747297764,4,1
917,-11,0.05048753693699837,2,0
918,7,0.05903753638267517,4,1
919,10,0.04501824080944061,1,1
920,10,0.1535997837781906,1,1
921,9,0.08572697266936302,2,1
922,7,0.03777076909318566,4,1
923,10,0.02187846228480339,1,1
924,8,0.25407905379931134,3,1
925,8,0.06263286620378494,3,1
926,4,0.07570962993694204,7,1
927,10,0.039463110268116,1,1
928,9,0.1949387602508068,2,1
929,9,0.04026509262621403,2,1
930,8,0.03825410455465317,3,1
931,8,0.04941657930612564,3,1
932,6,0.13334868997335433,5,1
933,8,0.049135628466804825,3,1
934,7,0.1580228484235704,4,1
935,9,0.13252835161983967,2,1
936,10,0.018990803509950638,1,1
937,6,0.04969540201127529,5,1
938,6,0.09784851223230362,5,1
939,-1,0.05625806547080477,12,1
940,9,0.02624027617275715,2,1
941,8,0.08202255641420682,3,1
942,8,0.118761512140433,3,1
943,8,0.08279536478221416,3,1
944,9,0.042988235130906105,2,1
945,10,0.04187438264489174,1,1
946,8,0.1472272922595342,3,1
947,8,0.07636521632472675,3,1
948,9,0.14797860197722912,2,1
949,9,0.016936789266765118,2,1
950,8,0.2220912886162599,3,1
951,9,0.04270082153379917,2,1
952,8,0.07609531283378601,3,1
953,8,0.03912299685180187,3,1
954,7,0.07228008983656764,4,1
955,10,0.029238484799861908,1,1
956,6,0.2807828977704048,5,1
957,9,0.03194919414818287,2,1
958,8,0.07074922136962414,3,1
959,7,0.040390065871179104,4,1
960,-50,0.12671916848048567,50,0
961,7,0.08903701696544886,4,1
962,7,0.25907875411212444,4,1
963,-10,0.043674685060977936,1,0
964,5,0.17985757750769457,6,1
965,-10,0.050867337733507156,1,0
966,8,0.14880240460236868,3,1
967,-34,0.1748708904410402,45,1
968,8,0.14037240544954935,3,1
969,8,0.16751413295666376,3,1
970,7,0.42350276093930006,4,1
971,7,0.0763923916965723,4,1
972,9,0.15093885734677315,2,1
973,9,0.0852450430393219,2,1
974,5,0.057576450829704605,6,1
975,10,0.4729907810688019,1,1
976,8,0.09672363599141438,3,1
977,9,0.051922330632805824,2,1
978,8,0.08943665648500125,3,1
979,10,0.023644931614398956,1,1
980,7,0.11741826217621565,4,1
981,10,0.04089449346065521,1,1
982,10,0.04430343955755234,1,1
983,10,0.029483947902917862,1,1
984,8,0.19823782642682394,3,1
985,10,0.045395251363515854,1,1
986,9,0.14982707239687443,2,1
987,-10,0.05199196934700012,1,0
988,10,0.01857876405119896,1,1
989,9,0.4887554943561554,2,1
990,8,0.20297777652740479,3,1
991,-10,0.036096829921007156,1,0
992,7,0.23593485914170742,4,1
993,8,0.08088722266256809,3,1
994,8,0.16787752757469812,3,1
995,8,0.08569225172201793,3,1
996,10,0.01760484091937542,1,1
997,8,0.04749758603672186,3,1
998,8,0.0814861183365186,3,1
999,9,0.04287551902234554,2,1
1000,8,0.07422244176268578,3,1
1,8,0.07183386726925771,3,1
2,9,0.11621775105595589,2,1
3,6,0.17117660865187645,5,1
4,8,0.21169145901997885,3,1
5,5,0.11729276863237222,6,1
6,8,0.2534937709569931,3,1
7,8,0.249671903749307,3,1
8,9,0.05643724277615547,2,1
9,7,0.18662139773368835,4,1
10,7,0.0715448772534728,4,1
11,7,0.20437505841255188,4,1
12,-15,0.12679566550426757,26,1
13,9,0.22198616713285446,2,1
14,10,0.21186940371990204,1,1
15,9,0.1524793542921543,2,1
16,8,0.10416051993767421,3,1
17,10,0.029571598395705223,1,1
18,9,0.1791844293475151,2,1
19,7,0.14910383895039558,4,1
20,6,0.22733861356973648,5,1
21,9,0.10276737064123154,2,1
22,10,0.022671140730381012,1,1
23,10,0.08514631539583206,1,1
24,7,0.05262802727520466,4,1
25,-20,0.14064047071001223,31,1
26,9,0.03716144524514675,2,1
27,9,0.33411309123039246,2,1
28,10,0.13493089377880096,1,1
29,8,0.07584549610813458,3,1
30,10,0.09368579834699631,1,1
31,10,0.07830500602722168,1,1
32,9,0.03509576432406902,2,1
33,10,0.11252827942371368,1,1
34,8,0.04045409212509791,3,1
35,-11,0.03092583268880844,2,0
36,10,0.03629080951213837,1,1
37,7,0.2054945263080299,4,1
38,9,0.2628113776445389,2,1
39,10,0.060569558292627335,1,1
40,8,0.34221764902273816,3,1
41,10,0.2815568447113037,1,1
42,8,0.12411036590735118,3,1
43,-10,0.04515692964196205,1,0
44,7,0.34748883824795485,4,1
45,10,0.44017383456230164,1,1
46,-28,0.15521876098444828,39,1
47,-10,0.03318047523498535,1,0
48,10,0.45945024490356445,1,1
49,10,0.07327606528997421,1,1
50,-8,0.1402995217787592,19,1
51,9,0.06181465834379196,2,1
52,-11,0.09382902830839157,2,0
53,9,0.039727517403662205,2,1
54,9,0.32536280155181885,2,1
55,9,0.0484757199883461,2,1
56,6,0.17780853807926178,5,1
57,8,0.23584871739149094,3,1
58,7,0.24733267351984978,4,1
59,7,0.26074893213808537,4,1
60,8,0.12165514876445134,3,1
61,10,0.05849120020866394,1,1
62,8,0.23130578796068826,3,1
63,10,0.05189919471740723,1,1
64,8,0.1408197283744812,3,1
65,9,0.06229633651673794,2,1
66,8,0.3912907025466363,3,1
67,9,0.05933725647628307,2,1
68,7,0.141946604475379,4,1
69,10,0.06524533778429031,1,1
70,9,0.07226582802832127,2,1
71,8,0.1807124118010203,3,1
72,8,0.18891562148928642,3,1
73,9,0.23102562688291073,2,1
74,8,0.4285670891404152,3,1
75,7,0.11336595006287098,4,1
76,6,0.39400394856929777,5,1
77,9,0.2738913223147392,2,1
78,10,0.24021127820014954,1,1
79,-50,0.15284929908812045,50,0
80,9,0.23033463209867477,2,1
81,7,0.07333945157006383,4,1
82,8,0.10551533351341884,3,1
83,8,0.14216412355502447,3,1
84,5,0.06881306724001963,6,1
85,8,0.17875837783018747,3,1
86,9,0.08305635675787926,2,1
87,10,0.07073038071393967,1,1
88,8,0.2893887907266617,3,1
89,9,0.09001588076353073,2,1
90,7,0.05840614438056946,4,1
91,5,0.16678068103889623,6,1
92,7,0.13867048267275095,4,1
93,8,0.22658959279457727,3,1
94,10,0.03337370604276657,1,1
95,10,0.08735626190900803,1,1
96,8,0.1311387668053309,3,1
97,-6,0.1834298734936644,17,1
98,10,0.03688857704401016,1,1
99,7,0.27937642857432365,4,1
100,8,0.10198303312063217,3,1
101,7,0.28933414816856384,4,1
102,9,0.030879145488142967,2,1
103,10,0.4468980133533478,1,1
104,8,0.05302437332769235,3,1
105,8,0.11916251728932063,3,1
106,-14,0.1842497044801712,25,1
107,10,0.061827223747968674,1,1
108,9,0.10327457264065742,2,1
109,8,0.31029515465100604,3,1
110,8,0.32111756503582,3,1
111,9,0.09272007644176483,2,1
112,10,0.3276764154434204,1,1
113,9,0.05269373394548893,2,1
114,10,0.11525005847215652,1,1
115,8,0.09844344730178516,3,1
116,9,0.06442232988774776,2,1
117,7,0.06172575801610947,4,1
118,8,0.25527070959409076,3,1
119,7,0.03884643875062466,4,1
120,9,0.04878120683133602,2,1
121,8,0.06440515071153641,3,1
122,8,0.048057169963916145,3,1
123,6,0.2779684133827686,5,1
124,-19,0.09854956455528736,30,1
125,-50,0.12663034051656724,50,0
126,7,0.044124352280050516,4,1
127,6,0.094285873696208,5,1
128,8,0.08490284904837608,3,1
129,-11,0.12419363856315613,2,0
130,10,0.10106893628835678,1,1
131,8,0.1550238554676374,3,1
132,5,0.22270446736365557,6,1
133,9,0.10611603781580925,2,1
134,9,0.37128187343478203,2,1
135,10,0.11366476118564606,1,1
136,6,0.19250333458185195,5,1
137,7,0.051996768452227116,4,1
138,10,0.16345220804214478,1,1
139,6,0.21492322385311127,5,1
140,9,0.28533031791448593,2,1
141,8,0.037532895182569824,3,1
142,5,0.2086302371074756,6,1
143,8,0.14007802307605743,3,1
144,6,0.12785096541047097,5,1
145,10,0.07865802198648453,1,1
146,7,0.1371139409020543,4,1
147,8,0.26542262484629947,3,1
148,5,0.11122621813168128,6,1
149,10,0.04065508395433426,1,1
150,9,0.2548008821904659,2,1
151,9,0.10170207917690277,2,1
152,10,0.09053128957748413,1,1
153,5,0.08185940235853195,6,1
154,10,0.2502013146877289,1,1
155,7,0.11048566456884146,4,1
156,9,0.06636521965265274,2,1
157,7,0.07030169339850545,4,1
158,-14,0.1414246443659067,25,1
159,9,0.054338784888386726,2,1
160,10,0.0368838757276535,1,1
161,7,0.14860175363719463,4,1
162,8,0.09788910423715909,3,1
163,9,0.3834298625588417,2,1
164,9,0.0777848269790411,2,1
165,10,0.16397705674171448,1,1
166,9,0.06046712026000023,2,1
167,8,0.04017730429768562,3,1
168,6,0.07850574478507041,5,1
169,-15,0.08210417556648071,26,1
170,9,0.05160496011376381,2,1
171,9,0.229449562728405,2,1
172,8,0.1671307235956192,3,1
173,9,0.0861858632415533,2,1
174,8,0.20857888708511987,3,1
175,10,0.25256282091140747,1,1
176,9,0.07612528931349516,2,1
177,-20,0.1146998230007387,31,1
178,8,0.17607611790299416,3,1
179,6,0.10117078721523284,5,1
180,10,0.029792161658406258,1,1
181,7,0.18335235118865967,4,1
182,8,0.13122118761142096,3,1
183,-2,0.14291093140267408,13,1
184,5,0.13575373372683922,6,1
185,9,0.2944830507040024,2,1
186,9,0.1800464540719986,2,1
187,9,0.40661708265542984,2,1
188,10,0.6301586627960205,1,1
189,-28,0.13505911317310834,19,0
190,9,0.08140143007040024,2,1
191,9,0.06595392152667046,2,1
192,-18,0.12091848491851626,29,1
193,9,0.06032970920205116,2,1
194,9,0.0767936185002327,2,1
195,7,0.12788584409281611,4,1
196,7,0.144717154558748,4,1
197,-50,0.08857233103364706,50,0
198,10,0.09830407798290253,1,1
199,10,0.09241116046905518,1,1
200,9,0.26151159405708313,2,1
201,4,0.1967514737376145,7,1
202,10,0.1558658480644226,1,1
203,-20,0.1341464648192579,11,0
204,10,0.19534370303153992,1,1
205,8,0.09272468090057373,3,1
206,7,0.18469975609332323,4,1
207,4,0.0836969544844968,7,1
208,-20,0.14092608659782194,11,0
209,10,0.04988544434309006,1,1
210,8,0.2425553761422634,3,1
211,10,0.11621572077274323,1,1
212,9,0.2318158596754074,2,1
213,7,0.2875682841986418,4,1
214,9,0.0339286420494318,2,1
215,8,0.1020795622219642,3,1
216,10,0.021938171237707138,1,1
217,7,0.07559225568547845,4,1
218,5,0.0647439348200957,6,1
219,10,0.049112990498542786,1,1
220,9,0.054420292377471924,2,1
221,-14,0.11145644411444663,5,0
222,3,0.1686486708931625,8,1
223,7,0.08442919980734587,4,1
224,7,0.1458520581945777,4,1
225,9,0.17859288305044174,2,1
226,8,0.08735167856017749,3,1
227,6,0.134756962954998,5,1
228,7,0.10620427085086703,4,1
229,8,0.13491337249676386,3,1
230,5,0.0924063033113877,6,1
231,7,0.16481421142816544,4,1
232,8,0.03082823008298874,3,1
233,7,0.09140311088413,4,1
234,-10,0.1011447086930275,1,0
235,9,0.07913418114185333,2,1
236,9,0.33021119982004166,2,1
237,10,0.08538675308227539,1,1
238,7,0.07790213916450739,4,1
239,9,0.0804405901581049,2,1
240,8,0.17408936222394308,3,1
241,7,0.14242699556052685,4,1
242,6,0.14464882314205169,5,1
243,-23,0.08216270853710525,34,1
244,9,0.06355652585625648,2,1
245,9,0.04095980525016785,2,1
246,10,0.049258824437856674,1,1
247,10,0.07981988787651062,1,1
248,9,0.05446915328502655,2,1
249,6,0.1042530968785286,5,1
250,8,0.3491910323500633,3,1
251,7,0.180239032022655,4,1
252,-39,0.14603580228984356,50,1
253,8,0.2967313714325428,3,1
254,9,0.09142202138900757,2,1
255,-50,0.1380946808680892,50,0
256,9,0.09270958788692951,2,1
257,10,0.11374610662460327,1,1
258,10,0.07322634756565094,1,1
259,9,0.04530404880642891,2,1
260,6,0.07074231579899788,5,1
261,-14,0.08383807882666588,25,1
262,9,0.251433365046978,2,1
263,9,0.033564215525984764,2,1
264,7,0.06672998983412981,4,1
265,9,0.20191322267055511,2,1
266,8,0.0301868903140227,3,1
267,10,0.4393824338912964,1,1
268,-21,0.08308340833173133,32,1
269,8,0.040491748601198196,3,1
270,9,0.0738154724240303,2,1
271,7,0.07198232505470514,4,1
272,6,0.1240471825003624,5,1
273,9,0.057633744552731514,2,1
274,-50,0.0643874702602625,50,0
275,7,0.1376686692237854,4,1
276,10,0.012167328037321568,1,1
277,7,0.24770702980458736,4,1
278,-14,0.0910073921084404,25,1
279,3,0.07036768272519112,8,1
280,9,0.2998976390808821,2,1
281,-12,0.036818807323773704,3,0
282,9,0.029879838228225708,2,1
283,9,0.05605321563780308,2,1
284,5,0.05819524638354778,6,1
285,9,0.08938449248671532,2,1
286,7,0.05250104144215584,4,1
287,6,0.14590664505958556,5,1
288,10,0.048096105456352234,1,1
289,6,0.0692906878888607,5,1
290,-10,0.036114346235990524,1,0
291,8,0.17037278165419897,3,1
292,9,0.01893523894250393,2,1
293,8,0.06234786162773768,3,1
294,6,0.04113749861717224,5,1
295,10,0.06045191362500191,1,1
296,6,0.045695753395557405,5,1
297,6,0.06121217198669911,5,1
298,10,0.10227756947278976,1,1
299,10,0.04992840811610222,1,1
300,8,0.05757425477107366,3,1
301,-5,0.057587243791203946,16,1
302,-50,0.08426238564774394,50,0
303,9,0.05981395021080971,2,1
304,-45,0.08847945069687234,36,0
305,-50,0.0960543687455356,50,0
306,10,0.036697663366794586,1,1
307,7,0.056143675930798054,4,1
308,9,0.04686473123729229,2,1
309,8,0.037099981059630714,3,1
310,-50,0.10945119867101312,50,0
311,7,0.06006200239062309,4,1
312,7,0.17625318933278322,4,1
313,-20,0.0723314979864705,31,1
314,10,0.005190351977944374,1,1
315,10,0.4020443558692932,1,1
316,8,0.31140172481536865,3,1
317,-50,0.08611257962882518,50,0
318,10,0.04895656928420067,1,1
319,8,0.04828278161585331,3,1
320,9,0.01625172607600689,2,1
321,7,0.20726558566093445,4,1
322,9,0.06728575378656387,2,1
323,10,0.02639552764594555,1,1
324,10,0.045961663126945496,1,1
325,8,0.038895620654026665,3,1
326,6,0.083122468739748,5,1
327,9,0.044881509616971016,2,1
328,8,0.07320280248920123,3,1
329,8,0.06682368616263072,3,1
330,5,0.131509844524165,6,1
331,7,0.159542141482234,4,1
332,8,0.022477094704906147,3,1
333,9,0.024853062815964222,2,1
334,9,0.03191737085580826,2,1
335,6,0.07508471161127091,5,1
336,9,0.03612573631107807,2,1
337,8,0.09002556030948956,3,1
338,8,0.2099099407593409,3,1
339,7,0.13448460958898067,4,1
340,-13,0.09479050431400537,24,1
341,10,0.06310675293207169,1,1
342,6,0.2438128249719739,5,1
343,6,0.11322568543255329,5,1
344,9,0.06066995486617088,2,1
345,10,0.026172343641519547,1,1
346,6,0.151033017039299,5,1
347,2,0.11592191416356298,9,1
348,9,0.04486645199358463,2,1
349,8,0.03898571307460467,3,1
350,8,0.06508808458844821,3,1
351,9,0.11494112759828568,2,1
352,6,0.0918268159031868,5,1
353,10,0.04559772461652756,1,1
354,-11,0.10654556378722191,2,0
355,9,0.07681304402649403,2,1
356,4,0.16465192501034057,7,1
357,7,0.14730567671358585,4,1
358,8,0.05927156160275141,3,1
359,-10,0.10900935530662537,1,0
360,9,0.2816757299005985,2,1
361,7,0.1097540333867073,4,1
362,8,0.05699187765518824,3,1
363,9,0.28573210537433624,2,1
364,7,0.11334643140435219,4,1
365,9,0.2820999026298523,2,1
366,8,0.18948524569471678,3,1
367,7,0.0451757563278079,4,1
368,-6,0.09305186843609109,17,1
369,9,0.12476297095417976,2,1
370,8,0.15888501207033792,3,1
371,7,0.05576535500586033,4,1
372,7,0.2706011161208153,4,1
373,-46,0.09852432046790381,37,0
374,10,0.1473534256219864,1,1
375,-27,0.11219879886821697,38,1
376,6,0.05781827941536903,5,1
377,9,0.04017447680234909,2,1
378,8,0.06338063006599744,3,1
379,9,0.03290773741900921,2,1
380,10,0.03289109095931053,1,1
381,8,0.4509016051888466,3,1
382,-11,0.05797313433140516,2,0
383,-5,0.07830115256365389,16,1
384,6,0.0746171934530139,5,1
385,5,0.09213318179051082,6,1
386,9,0.037640029564499855,2,1
387,6,0.06093146279454231,5,1
388,-13,0.06796202715486288,4,0
389,10,0.0651644617319107,1,1
390,-11,0.28426283970475197,2,0
391,9,0.14789511635899544,2,1
392,8,0.03268257652719816,3,1
393,8,0.17979018886884054,3,1
394,4,0.09537899680435658,7,1
395,8,0.06665664787093799,3,1
396,7,0.15829488029703498,4,1
397,10,0.037508729845285416,1,1
398,10,0.1778990626335144,1,1
399,9,0.09798943623900414,2,1
400,9,0.02645202912390232,2,1
401,7,0.30354334507137537,4,1
402,-50,0.10018801897764205,50,0
403,10,0.014898148365318775,1,1
404,10,0.04247625917196274,1,1
405,7,0.2232932336628437,4,1
406,6,0.11117394268512726,5,1
407,5,0.1776343584060669,6,1
408,-10,0.14095750291432654,21,1
409,-50,0.12933088786900043,50,0
410,10,0.45626693964004517,1,1
411,7,0.40525708720088005,4,1
412,8,0.0480774516860644,3,1
413,10,0.030075356364250183,1,1
414,-16,0.13192696876272006,27,1
415,6,0.22033642008900642,5,1
416,7,0.07637426536530256,4,1
417,8,0.22315681477387747,3,1
418,-7,0.06757114393015702,18,1
419,9,0.14631729386746883,2,1
420,10,0.08358946442604065,1,1
421,8,0.23508608589569727,3,1
422,9,0.057606497779488564,2,1
423,9,0.05453606694936752,2,1
424,-50,0.12838548015803097,50,0
425,5,0.19180854534109434,6,1
426,9,0.05685531906783581,2,1
427,9,0.025042714551091194,2,1
428,9,0.051676804199814796,2,1
429,6,0.09652586951851845,5,1
430,10,0.050418443977832794,1,1
431,10,0.06242275983095169,1,1
432,-24,0.13013229096929232,15,0
433,8,0.035651855170726776,3,1
434,9,0.0817978261038661,2,1
435,8,0.06379219641288121,3,1
436,8,0.2303774133324623,3,1
437,8,0.042798920844992004,3,1
438,7,0.058788903057575226,4,1
439,4,0.21887606222714698,7,1
440,10,0.09142997860908508,1,1
441,10,0.030311917886137962,1,1
442,8,0.08768436995645364,3,1
443,9,0.1237485334277153,2,1
444,9,0.06743946298956871,2,1
445,6,0.057196011394262315,5,1
446,6,0.18124874532222748,5,1
447,-50,0.15273581981658935,50,0
448,10,0.10046309232711792,1,1
449,6,0.07686849236488343,5,1
450,9,0.260669469833374,2,1
451,7,0.11727953515946865,4,1
452,8,0.1154533103108406,3,1
453,10,0.054040148854255676,1,1
454,-2,0.15730303353988206,13,1
455,9,0.05168016254901886,2,1
456,9,0.26808810979127884,2,1
457,9,0.07730269059538841,2,1
458,-38,0.09633109509488758,49,1
459,6,0.25799733102321626,5,1
460,10,0.03877202421426773,1,1
461,8,0.051920962830384575,3,1
462,10,0.07183939963579178,1,1
463,7,0.14142877003178,4,1
464,10,0.0628092885017395,1,1
465,7,0.0715395137667656,4,1
466,10,0.04500715434551239,1,1
467,-11,0.21693382039666176,2,0
468,10,0.7550165057182312,1,1
469,9,0.02998101431876421,2,1
470,9,0.049672363325953484,2,1
471,7,0.07460679300129414,4,1
472,-10,0.07606799900531769,1,0
473,10,0.07704932987689972,1,1
474,8,0.06794588888684909,3,1
475,8,0.2769505058725675,3,1
476,9,0.04829641152173281,2,1
477,9,0.1863325498998165,2,1
478,-11,0.16082707868719642,22,1
479,8,0.03567031336327394,3,1
480,10,0.08005236834287643,1,1
481,-6,0.18029864176231272,17,1
482,-50,0.15703725758939982,50,0
483,-50,0.18091119825839996,50,0
484,8,0.10184537619352341,3,1
485,9,0.0972252432256937,2,1
486,10,0.038813475519418716,1,1
487,-4,0.12519263389209906,15,1
488,8,0.08477431039015453,3,1
489,10,0.04560345411300659,1,1
490,7,0.06861989386379719,4,1
491,8,0.07767873009045918,3,1
492,8,0.059164797266324363,3,1
493,10,0.03645438700914383,1,1
494,8,0.052878874043623604,3,1
495,10,0.051129523664712906,1,1
496,6,0.04709157049655914,5,1
497,7,0.12843007408082485,4,1
498,-25,0.1659760722476575,36,1
499,10,0.03805503621697426,1,1
500,10,0.14719077944755554,1,1
501,-16,0.13517961409632806,27,1
502,-45,0.13486582283965415,36,0
503,10,0.09383252263069153,1,1
504,9,0.0773418378084898,2,1
505,7,0.06723165977746248,4,1
506,7,0.1285862042568624,4,1
507,10,0.07711929082870483,1,1
508,8,0.3298502092560132,3,1
509,-10,0.09330807626247406,1,0
510,9,0.0907120481133461,2,1
511,10,0.04672913998365402,1,1
512,10,0.12179631739854813,1,1
513,-10,0.0863298699259758,1,0
514,9,0.1741502806544304,2,1
515,10,0.2829194664955139,1,1
516,9,0.17273973673582077,2,1
517,6,0.09073023349046708,5,1
518,-29,0.09691036827862262,20,0
519,8,0.21434281518061957,3,1
520,7,0.08228941075503826,4,1
521,8,0.06665393834312756,3,1
522,8,0.1996182712415854,3,1
523,-35,0.14201843896475824,46,1
524,9,0.08256270363926888,2,1
525,10,0.03913802653551102,1,1
526,7,0.061165438033640385,4,1
527,8,0.08603360255559285,3,1
528,9,0.10346038267016411,2,1
529,8,0.27113962918519974,3,1
530,-10,0.1487074332932631,21,1
531,10,0.027387797832489014,1,1
532,9,0.1547341700643301,2,1
533,7,0.2958225291222334,4,1
534,7,0.21378827653825283,4,1
535,7,0.28736963123083115,4,1
536,10,0.22948965430259705,1,1
537,-9,0.14670150065794588,20,1
538,6,0.07953143268823623,5,1
539,8,0.09926731636126836,3,1
540,7,0.2973903752863407,4,1
541,7,0.12344295904040337,4,1
542,10,0.06115268915891647,1,1
543,9,0.07703077793121338,2,1
544,10,0.01882520318031311,1,1
545,6,0.14176626689732075,5,1
546,9,0.037496542558074,2,1
547,7,0.08180926367640495,4,1
548,4,0.07980235506381307,7,1
549,-50,0.09160163296386599,50,0
550,10,0.041585683822631836,1,1
551,6,0.09294818714261055,5,1
552,7,0.09236676897853613,4,1
553,10,0.06348294019699097,1,1
554,10,0.04026682674884796,1,1
555,7,0.02851486299186945,4,1
556,9,0.036210477352142334,2,1
557,9,0.07886403612792492,2,1
558,8,0.07002707198262215,3,1
559,10,0.025377044454216957,1,1
560,-13,0.1339370352216065,24,1
561,10,0.02153073251247406,1,1
562,8,0.12345541082322598,3,1
563,7,0.10033083381131291,4,1
564,8,0.15628983142475286,3,1
565,9,0.056155428290367126,2,1
566,-18,0.08672369978037374,29,1
567,9,0.2725516017526388,2,1
568,7,0.050158810801804066,4,1
569,10,0.03769160807132721,1,1
570,6,0.09932859763503074,5,1
571,-50,0.11658432774245739,50,0
572,10,0.04000507667660713,1,1
573,7,0.10029531619511545,4,1
574,10,0.03111105039715767,1,1
575,7,0.0767335956916213,4,1
576,8,0.042759488026301064,3,1
577,9,0.04587646946310997,2,1
578,-9,0.0856489553116262,20,1
579,6,0.1521284058690071,5,1
580,10,0.29074907302856445,1,1
581,10,0.03859472647309303,1,1
582,10,0.02475523017346859,1,1
583,10,0.2859983444213867,1,1
584,8,0.024762052421768505,3,1
585,6,0.03835065737366676,5,1
586,10,0.011959904804825783,1,1
587,5,0.14812033840765557,6,1
588,8,0.1457943618297577,3,1
589,10,0.0579921118915081,1,1
590,10,0.024715567007660866,1,1
591,6,0.08354677986353636,5,1
592,7,0.08085301518440247,4,1
593,5,0.10494391806423664,6,1
594,9,0.03154935780912638,2,1
595,7,0.03588923113420606,4,1
596,9,0.05077332817018032,2,1
597,10,0.036489035934209824,1,1
598,-4,0.04656557620813449,15,1
599,6,0.12504812702536583,5,1
600,-50,0.087337712533772,50,0
601,9,0.032704925164580345,2,1
602,6,0.031593820080161095,5,1
603,9,0.015861715655773878,2,1
604,8,0.27679089705149335,3,1
605,10,0.033697694540023804,1,1
606,7,0.10430276161059737,4,1
607,5,0.10368052998092026,6,1
608,8,0.17006248049438,3,1
609,-11,0.1458453182131052,2,0
610,9,0.025005197152495384,2,1
611,7,0.33720625657588243,4,1
612,10,0.030947400256991386,1,1
613,10,0.029656797647476196,1,1
614,-11,0.14554959908127785,2,0
615,8,0.03370531089603901,3,1
616,9,0.02544974721968174,2,1
617,10,0.05696447938680649,1,1
618,10,0.016473326832056046,1,1
619,9,0.040631952695548534,2,1
620,5,0.03840461311240991,6,1
621,6,0.048101377114653586,5,1
622,9,0.07992353290319443,2,1
623,8,0.0986326461037,3,1
624,8,0.12600988646348318,3,1
625,9,0.030534202232956886,2,1
626,6,0.040244721621274945,5,1
627,7,0.03186236694455147,4,1
628,2,0.25047960608369774,9,1
629,-22,0.09756694705874631,33,1
630,10,0.11760729551315308,1,1
631,8,0.07705172089238961,3,1
632,7,0.04477780731394887,4,1
633,7,0.12816720642149448,4,1
634,7,0.02525276318192482,4,1
635,7,0.10441213613376021,4,1
636,8,0.091511070728302,3,1
637,10,0.025847800076007843,1,1
638,8,0.03925740656753381,3,1
639,7,0.17057550698518753,4,1
640,8,0.0971815859278043,3,1
641,10,0.036716900765895844,1,1
642,7,0.017843083012849092,4,1
643,8,0.17044121026992798,3,1
644,6,0.07074465006589889,5,1
645,9,0.0752185620367527,2,1
646,9,0.17330296337604523,2,1
647,10,0.08313841372728348,1,1
648,-26,0.11661679655112125,37,1
649,9,0.07157298550009727,2,1
650,8,0.11251311749219894,3,1
651,9,0.17191999405622482,2,1
652,9,0.07188474200665951,2,1
653,8,0.37672432015339535,3,1
654,8,0.05605072466035684,3,1
655,8,0.07237952450911204,3,1
656,8,0.05185330224533876,3,1
657,6,0.1924142125993967,5,1
658,9,0.041730365715920925,2,1
659,7,0.047089396975934505,4,1
660,7,0.0699612395837903,4,1
661,-12,0.05214743067820867,3,0
662,9,0.05448412708938122,2,1
663,8,0.14930916080872217,3,1
664,8,0.08728799534340699,3,1
665,6,0.11748635955154896,5,1
666,6,0.07676387727260589,5,1
667,7,0.11243238020688295,4,1
668,8,0.27017832547426224,3,1
669,6,0.030053180828690528,5,1
670,-10,0.04539614915847778,1,0
671,8,0.047999932120243706,3,1
672,5,0.06149962109824022,6,1
673,-23,0.14804740480202086,34,1
674,9,0.03243194334208965,2,1
675,10,0.21932874619960785,1,1
676,9,0.033674138598144054,2,1
677,10,0.11561635136604309,1,1
678,8,0.18813839554786682,3,1
679,6,0.04595864191651344,5,1
680,8,0.07993866254885991,3,1
681,10,0.04179290309548378,1,1
682,7,0.0900794267654419,4,1
683,9,0.05955033749341965,2,1
684,9,0.28409543633461,2,1
685,7,0.1009095748886466,4,1
686,7,0.16859370889142156,4,1
687,8,0.16821357856194177,3,1
688,7,0.05835726484656334,4,1
689,10,0.052149463444948196,1,1
690,5,0.09838853310793638,6,1
691,10,0.051382794976234436,1,1
692,9,0.09171330323442817,2,1
693,7,0.09379720315337181,4,1
694,6,0.05089340917766094,5,1
695,5,0.1505056864892443,6,1
696,9,0.04680604673922062,2,1
697,9,0.07533309608697891,2,1
698,9,0.1640685796737671,2,1
699,6,0.2509258270263672,5,1
700,9,0.12793594226241112,2,1
701,10,0.31066808104515076,1,1
702,9,0.24655136466026306,2,1
703,9,0.05686922650784254,2,1
704,9,0.09480318799614906,2,1
705,7,0.05468992795795202,4,1
706,8,0.3077077468236287,3,1
707,5,0.20651067234575748,6,1
708,6,0.26142663806676864,5,1
709,6,0.12236606776714325,5,1
710,-21,0.13881990546360612,32,1
711,9,0.10326547175645828,2,1
712,9,0.02854126039892435,2,1
713,9,0.08380268514156342,2,1
714,5,0.1302944173415502,6,1
715,9,0.28100570291280746,2,1
716,8,0.0450127013027668,3,1
717,10,0.04183218628168106,1,1
718,7,0.18610319029539824,4,1
719,-11,0.16166180558502674,2,0
720,-50,0.16114695351570846,50,0
721,-27,0.1842806507882319,38,1
722,10,0.04464717581868172,1,1
723,9,0.05330708809196949,2,1
724,7,0.06795213650912046,4,1
725,7,0.1985981399193406,4,1
726,8,0.15747443834940592,3,1
727,8,0.06839469323555629,3,1
728,7,0.1361361937597394,4,1
729,6,0.25328930504620073,5,1
730,9,0.06835832819342613,2,1
731,8,0.04937431402504444,3,1
732,10,0.058559853583574295,1,1
733,8,0.1263377567132314,3,1
734,-12,0.054636518160502114,3,0
735,10,0.04209078103303909,1,1
736,9,0.08755403757095337,2,1
737,8,0.380701906979084,3,1
738,10,0.3425385653972626,1,1
739,7,0.08703349530696869,4,1
740,9,0.1653421651571989,2,1
741,5,0.12853594372669855,6,1
742,8,0.09914044290781021,3,1
743,9,0.0675843320786953,2,1
744,8,0.20333849638700485,3,1
745,6,0.08917133882641792,5,1
746,9,0.4869827479124069,2,1
747,8,0.06216797729333242,3,1
748,-11,0.04731382429599762,2,0
749,8,0.2181103335072597,3,1
750,9,0.05043715611100197,2,1
751,10,0.10117167234420776,1,1
752,9,0.08483334630727768,2,1
753,9,0.17872309498488903,2,1
754,8,0.03805568069219589,3,1
755,8,0.041604567940036453,3,1
756,8,0.03765106946229935,3,1
757,8,0.11845431973536809,3,1
758,10,0.4114506244659424,1,1
759,10,0.052286647260189056,1,1
760,7,0.09611826110631227,4,1
761,6,0.15451326295733453,5,1
762,8,0.0633176180223624,3,1
763,7,0.25783928856253624,4,1
764,9,0.07062504440546036,2,1
765,6,0.07942438870668411,5,1
766,5,0.07013259020944436,6,1
767,9,0.07182550430297852,2,1
768,8,0.027598372660577297,3,1
769,-28,0.15265104814599723,39,1
770,9,0.04601369984447956,2,1
771,-10,0.03818909078836441,1,0
772,-12,0.048074908554553986,3,0
773,9,0.18572873808443546,2,1
774,-14,0.2228946726769209,5,0
775,10,0.12189234793186188,1,1
776,7,0.34644274413585663,4,1
777,8,0.07845403502384822,3,1
778,9,0.07600087858736515,2,1
779,9,0.047971468418836594,2,1
780,-1,0.25579624716192484,12,1
781,10,0.06417428702116013,1,1
782,-2,0.23893191006321174,13,1
783,9,0.18486645817756653,2,1
784,7,0.1678982712328434,4,1
785,10,0.12194150686264038,1,1
786,7,0.07491638232022524,4,1
787,6,0.13296108841896057,5,1
788,8,0.22727101544539133,3,1
789,-37,0.19633427887622798,28,0
790,10,0.1549006998538971,1,1
791,-57,0.14489229233004153,48,0
792,7,0.16790401097387075,4,1
793,8,0.04265987314283848,3,1
794,10,0.09498443454504013,1,1
795,7,0.07390871737152338,4,1
796,9,0.09622880071401596,2,1
797,7,0.04777002613991499,4,1
798,8,0.19812594105799994,3,1
799,9,0.08852200955152512,2,1
800,8,0.06553430110216141,3,1
801,10,0.059385862201452255,1,1
802,9,0.055214352905750275,2,1
803,9,0.3003898300230503,2,1
804,9,0.06411613710224628,2,1
805,7,0.07803007774055004,4,1
806,7,0.1974292565137148,4,1
807,8,0.08978989782432716,3,1
808,10,0.09848480671644211,1,1
809,-15,0.14747670604489171,26,1
810,8,0.36973824724555016,3,1
811,-13,0.07797874184325337,4,0
812,9,0.026661773212254047,2,1
813,-50,0.17281498797237874,50,0
814,10,0.15078221261501312,1,1
815,6,0.3212237164378166,5,1
816,9,0.04739757068455219,2,1
817,-10,0.34117430448532104,1,0
818,7,0.08524082414805889,4,1
819,7,0.28793226927518845,4,1
820,7,0.2158087082207203,4,1
821,9,0.0942007452249527,2,1
822,8,0.27035508553187054,3,1
823,7,0.14763504546135664,4,1
824,9,0.146616630256176,2,1
825,7,0.09463675273582339,4,1
826,9,0.03141217399388552,2,1
827,9,0.10016386210918427,2,1
828,6,0.0950766459107399,5,1
829,6,0.23575746566057204,5,1
830,9,0.14678353071212769,2,1
831,8,0.3675062457720439,3,1
832,10,0.06383004784584045,1,1
833,7,0.09095900785177946,4,1
834,10,0.1511249989271164,1,1
835,-17,0.11414009565487504,8,0
836,8,0.06771448999643326,3,1
837,6,0.0844783253967762,5,1
838,8,0.09558884426951408,3,1
839,1,0.25627038851380346,10,1
840,6,0.21223395317792892,5,1
841,9,0.2902340963482857,2,1
842,8,0.15153909722963968,3,1
843,10,0.12473969161510468,1,1
844,10,0.0806676596403122,1,1
845,7,0.2141214096918702,4,1
846,10,0.07445889711380005,1,1
847,7,0.14465703535825014,4,1
848,7,0.08487298619002104,4,1
849,8,0.17293189590175947,3,1
850,9,0.2634802497923374,2,1
851,7,0.07278338354080915,4,1
852,8,0.08523533244927724,3,1
853,-10,0.20801469683647156,1,0
854,-12,0.10028921067714691,3,0
855,10,0.0641835406422615,1,1
856,8,0.3226150597135226,3,1
857,8,0.06349912285804749,3,1
858,9,0.26478926092386246,2,1
859,8,0.30475260814030963,3,1
860,9,0.23187593556940556,2,1
861,-10,0.5742601752281189,1,0
862,10,0.4329836368560791,1,1
863,6,0.12250674441456795,5,1
864,-35,0.13047803637499994,26,0
865,7,0.33074782881885767,4,1
866,7,0.3581577315926552,4,1
867,9,0.1079619787633419,2,1
868,9,0.0599401630461216,2,1
869,6,0.29534188061952593,5,1
870,7,0.07060545310378075,4,1
871,7,0.12523193564265966,4,1
872,6,0.14996293932199478,5,1
873,6,0.18429542034864427,5,1
874,10,0.07203575223684311,1,1
875,8,0.09791731958587964,3,1
876,8,0.2919228884081046,3,1
877,10,0.36482471227645874,1,1
878,8,0.3763262281815211,3,1
879,9,0.45538078621029854,2,1
880,10,0.05027070641517639,1,1
881,8,0.10534124324719112,3,1
882,9,0.08992728590965271,2,1
883,7,0.09462648443877697,4,1
884,10,0.23726597428321838,1,1
885,8,0.08790172636508942,3,1
886,10,0.034668292850255966,1,1
887,10,0.07668208330869675,1,1
888,9,0.28534751757979393,2,1
889,9,0.03961845859885216,2,1
890,10,0.03176124393939972,1,1
891,10,0.5058969855308533,1,1
892,6,0.22167309261858464,5,1
893,10,0.04101818799972534,1,1
894,8,0.10555628438790639,3,1
895,10,0.39866700768470764,1,1
896,9,0.055352216586470604,2,1
897,-35,0.1635612644828283,26,0
898,7,0.06559404078871012,4,1
899,8,0.06440775468945503,3,1
900,6,0.06810172796249389,5,1
901,6,0.08845639228820801,5,1
902,6,0.2173072002828121,5,1
903,9,0.04514824040234089,2,1
904,7,0.0750858224928379,4,1
905,7,0.1414118967950344,4,1
906,10,0.03698165714740753,1,1
907,5,0.2221872303634882,6,1
908,7,0.3906543403863907,4,1
909,9,0.10044445469975471,2,1
910,10,0.07214479148387909,1,1
911,10,0.07116802781820297,1,1
912,-50,0.14061782673001288,50,0
913,8,0.1444596846898397,3,1
914,10,0.18891949951648712,1,1
915,8,0.08723523219426473,3,1
916,10,0.5213919878005981,1,1
917,5,0.14478282754619917,6,1
918,6,0.4206919088959694,5,1
919,8,0.053200919181108475,3,1
920,6,0.11874866634607315,5,1
921,8,0.5461933513482412,3,1
922,-10,0.5016079545021057,1,0
923,8,0.2569201687971751,3,1
924,-11,0.18874105624854565,2,0
925,7,0.06738822534680367,4,1
926,8,0.06388534791767597,3,1
927,-50,0.13938308220356702,50,0
928,7,0.07406791858375072,4,1
929,-15,0.11374891133835682,26,1
930,8,0.20133134722709656,3,1
931,9,0.1162334457039833,2,1
932,10,0.1197362020611763,1,1
933,-21,0.13516581890871748,32,1
934,9,0.44465339183807373,2,1
935,-6,0.18720156721332493,17,1
936,-11,0.2287832349538803,2,0
937,10,0.0512484535574913,1,1
938,5,0.25860178532699746,6,1
939,9,0.21975096315145493,2,1
940,7,0.24502888321876526,4,1
941,10,0.5729765892028809,1,1
942,9,0.03653510473668575,2,1
943,9,0.06978136859834194,2,1
944,10,0.42057138681411743,1,1
945,8,0.040184892093141876,3,1
946,1,0.16944992430508138,10,1
947,-11,0.2639640858396888,2,0
948,7,0.10991926118731499,4,1
949,9,0.19668081402778625,2,1
950,10,0.07366250455379486,1,1
951,9,0.03156784549355507,2,1
952,9,0.3371028006076813,2,1
953,8,0.07277325292428334,3,1
954,10,0.05379960685968399,1,1
955,8,0.06474346667528152,3,1
956,8,0.1426184525092443,3,1
957,10,0.02856352925300598,1,1
958,10,0.04965468868613243,1,1
959,8,0.14812237893541655,3,1
960,-12,0.01861780850837628,3,0
961,5,0.05004584013173977,6,1
962,9,0.042564328759908676,2,1
963,8,0.17301647240916887,3,1
964,8,0.1433615032583475,3,1
965,10,0.05642922595143318,1,1
966,6,0.14939661771059037,5,1
967,9,0.22616266459226608,2,1
968,-12,0.056021912644306816,3,0
969,7,0.08663531485944986,4,1
970,8,0.3314905067284902,3,1
971,10,0.022267602384090424,1,1
972,8,0.06941741829117139,3,1
973,9,0.058523090556263924,2,1
974,-50,0.11099465349689126,50,0
975,4,0.11705001949199609,7,1
976,10,0.02681400068104267,1,1
977,7,0.16466905735433102,4,1
978,8,0.06935377046465874,3,1
979,7,0.06353471102192998,4,1
980,-12,0.2574090473353863,23,1
981,5,0.11754431513448556,6,1
982,9,0.013892110902816057,2,1
983,7,0.2162677887827158,4,1
984,8,0.1026272214949131,3,1
985,-13,0.131385352772971,24,1
986,10,0.018948908895254135,1,1
987,9,0.33314595744013786,2,1
988,8,0.1576488676170508,3,1
989,8,0.2249667507906755,3,1
990,7,0.19669009651988745,4,1
991,7,0.15932416450232267,4,1
992,7,0.22863688133656979,4,1
993,8,0.06520689123620589,3,1
994,8,0.19559957335392633,3,1
995,-50,0.13707938827574254,50,0
996,8,0.04185670210669438,3,1
997,-11,0.20607485808432102,2,0
998,0,0.1774389362809333,11,1
999,8,0.1374906829247872,3,1
1000,10,0.13571198284626007,1,1
1,10,0.05524924397468567,1,1
2,9,0.029218845069408417,2,1
3,9,0.23989924509078264,2,1
4,9,0.19457218796014786,2,1
5,10,0.022279908880591393,1,1
6,10,0.033737167716026306,1,1
7,6,0.27725101709365846,5,1
8,-6,0.09402282404548981,17,1
9,10,0.08127280324697495,1,1
10,7,0.1862979531288147,4,1
11,8,0.10199560721715291,3,1
12,-10,0.016271505504846573,1,0
13,9,0.0530586838722229,2,1
14,5,0.24103909296294054,6,1
15,7,0.059373867232352495,4,1
16,2,0.16402370461987126,9,1
17,8,0.142396939607958,3,1
18,7,0.085881806910038,4,1
19,9,0.08041630871593952,2,1
20,7,0.11524998629465699,4,1
21,-50,0.15963484844192863,50,0
22,7,0.08745684567838907,4,1
23,7,0.11944949254393578,4,1
24,5,0.20228965192412338,6,1
25,9,0.09103493019938469,2,1
26,8,0.04020655589799086,3,1
27,10,0.12003202736377716,1,1
28,10,0.1709204614162445,1,1
29,-24,0.15088437783221403,15,0
30,10,0.08473512530326843,1,1
31,9,0.19341870490461588,2,1
32,7,0.12151794461533427,4,1
33,7,0.20458554849028587,4,1
34,10,0.03512817621231079,1,1
35,9,0.0825958289206028,2,1
36,-10,0.045800525695085526,1,0
37,9,0.45008482225239277,2,1
38,8,0.16158853905896345,3,1
39,9,0.0904051810503006,2,1
40,8,0.1950744390487671,3,1
41,7,0.08621755428612232,4,1
42,9,0.0773039273917675,2,1
43,10,0.44287556409835815,1,1
44,-10,0.1727793172356628,21,1
45,7,0.22312415950000286,4,1
46,8,0.1592498943209648,3,1
47,6,0.17871214374899863,5,1
48,7,0.2584638949483633,4,1
49,8,0.37576795121033985,3,1
50,9,0.246672123670578,2,1
51,5,0.27661766298115253,6,1
52,8,0.04419345657030741,3,1
53,9,0.2582042422145605,2,1
54,9,0.020362840965390205,2,1
55,8,0.022434366246064503,3,1
56,8,0.10112093389034271,3,1
57,7,0.11424355860799551,4,1
58,8,0.04352670907974243,3,1
59,8,0.08503228984773159,3,1
60,8,0.0688628355662028,3,1
61,10,0.053469911217689514,1,1
62,9,0.10555499326437712,2,1
63,7,0.09702852088958025,4,1
64,3,0.056123034562915564,8,1
65,9,0.28994663059711456,2,1
66,9,0.3078336864709854,2,1
67,10,0.1496889591217041,1,1
68,10,0.32505398988723755,1,1
69,5,0.1259687840938568,6,1
70,8,0.11824462190270424,3,1
71,7,0.1416353965178132,4,1
72,7,0.27074221335351467,4,1
73,7,0.12626484036445618,4,1
74,7,0.3416072353720665,4,1
75,8,0.17571016028523445,3,1
76,9,0.14267481863498688,2,1
77,-6,0.27429819479584694,17,1
78,7,0.17915748246014118,4,1
79,6,0.27332708388566973,5,1
80,9,0.15532440692186356,2,1
81,10,0.61552494764328,1,1
82,3,0.33432235568761826,8,1
83,-10,0.17044898867607117,1,0
84,-50,0.13376580342650413,50,0
85,-10,0.16911167562717483,21,1
86,-50,0.20798283692449332,50,0
87,10,0.11419475078582764,1,1
88,-12,0.3120604952176412,3,0
89,9,0.06148036755621433,2,1
90,6,0.19048876725137234,5,1
91,10,0.08690537512302399,1,1
92,8,0.10702402393023173,3,1
93,7,0.16278343740850687,4,1
94,8,0.25090183193484944,3,1
95,4,0.12205031833478383,7,1
96,8,0.08166138082742691,3,1
97,6,0.29086037874221804,5,1
98,8,0.2653979832927386,3,1
99,10,0.09055670350790024,1,1
100,8,0.11863123252987862,3,1
101,8,0.0916355513036251,3,1
102,7,0.153693784493953,4,1
103,9,0.07552633807063103,2,1
104,-10,0.07018641382455826,1,0
105,-14,0.14100051522254944,5,0
106,9,0.06519974023103714,2,1
107,9,0.0978938639163971,2,1
108,8,0.059257163355747856,3,1
109,9,0.32113606482744217,2,1
110,10,0.4957222044467926,1,1
111,10,0.043063677847385406,1,1
112,5,0.3079911681512992,6,1
113,10,0.11372947692871094,1,1
114,8,0.14693123598893484,3,1
115,9,0.5599956512451172,2,1
116,8,0.23291972652077675,3,1
117,10,0.20974956452846527,1,1
118,9,0.3037811554968357,2,1
119,10,0.04639076814055443,1,1
120,8,0.19714278231064478,3,1
121,-50,0.26614891216158865,50,0
122,8,0.21225071450074515,3,1
123,10,0.41506481170654297,1,1
124,-11,0.05356950871646404,2,0
125,10,0.1522693932056427,1,1
126,7,0.09221575129777193,4,1
127,10,0.11062024533748627,1,1
128,10,0.3838854730129242,1,1
129,9,0.1076173447072506,2,1
130,8,0.3627816860874494,3,1
131,9,0.08652794733643532,2,1
132,9,0.062049439176917076,2,1
133,8,0.3359247148036957,3,1
134,7,0.09797515161335468,4,1
135,10,0.16223405301570892,1,1
136,9,0.15564985573291779,2,1
137,8,0.09807423998912175,3,1
138,8,0.3339598476886749,3,1
139,9,0.374438539147377,2,1
140,8,0.2763323138157527,3,1
141,7,0.2575884945690632,4,1
142,9,0.13402743637561798,2,1
143,10,0.1932472288608551,1,1
144,-13,0.3211507126688957,4,0
145,8,0.243301751712958,3,1
146,7,0.14146083500236273,4,1
147,8,0.24762383103370667,3,1
148,10,0.02477593533694744,1,1
149,6,0.1746932901442051,5,1
150,10,0.10237187892198563,1,1
151,9,0.10276495292782784,2,1
152,8,0.12067944680651028,3,1
153,10,0.31006282567977905,1,1
154,-53,0.253502965439111,44,0
155,7,0.22129336185753345,4,1
156,7,0.20688475295901299,4,1
157,8,0.27684616049130756,3,1
158,10,0.11540522426366806,1,1
159,-14,0.18439284197986125,25,1
160,4,0.10166007865752492,7,1
161,8,0.22884676853815714,3,1
162,9,0.2581026591360569,2,1
163,7,0.3254247047007084,4,1
164,8,0.06937056158979733,3,1
165,10,0.15731865167617798,1,1
166,9,0.2731359899044037,2,1
167,7,0.14718345738947392,4,1
168,5,0.138735497991244,6,1
169,10,0.08420167863368988,1,1
170,10,0.5759385824203491,1,1
171,8,0.17747528354326883,3,1
172,10,0.1374622881412506,1,1
173,8,0.2503719627857208,3,1
174,-13,0.23228672705590725,24,1
175,8,0.10508003210028012,3,1
176,7,0.15780306980013847,4,1
177,10,0.3945843577384949,1,1
178,10,0.5241280794143677,1,1
179,8,0.28137920051813126,3,1
180,6,0.12302372008562087,5,1
181,10,0.13570359349250793,1,1
182,9,0.3617084175348282,2,1
183,-10,0.07604631781578064,1,0
184,7,0.09458183031529188,4,1
185,10,0.05740492045879364,1,1
186,7,0.18950012838467956,4,1
187,7,0.2794859930872917,4,1
188,10,0.02038217894732952,1,1
189,9,0.2407422624528408,2,1
190,9,0.07177245989441872,2,1
191,9,0.06250908598303795,2,1
192,10,0.1300559937953949,1,1
193,-35,0.21779604750158993,46,1
194,10,0.5931470394134521,1,1
195,8,0.13703935345013937,3,1
196,7,0.22567107621580362,4,1
197,9,0.06815157271921635,2,1
198,8,0.07605509211619695,3,1
199,10,0.1387820541858673,1,1
200,-50,0.1782888212427497,50,0
201,7,0.09481579065322876,4,1
202,10,0.09892842918634415,1,1
203,9,0.2222622036933899,2,1
204,7,0.11394393257796764,4,1
205,-19,0.21899085106949012,30,1
206,7,0.0871896930038929,4,1
207,8,0.3890962302684784,3,1
208,9,0.09293143823742867,2,1
209,9,0.14842787757515907,2,1
210,10,0.14072062075138092,1,1
211,6,0.19523217156529427,5,1
212,6,0.06175811216235161,5,1
213,-50,0.1682883547991514,50,0
214,8,0.06552972830832005,3,1
215,9,0.20190750062465668,2,1
216,-50,0.2016508962213993,50,0
217,8,0.08345055331786473,3,1
218,5,0.13345018960535526,6,1
219,9,0.13977231550961733,2,1
220,-7,0.25237946460644406,18,1
221,5,0.25369455975790817,6,1
222,8,0.050543843458096184,3,1
223,9,0.15325835347175598,2,1
224,8,0.18552879989147186,3,1
225,9,0.11936132609844208,2,1
226,8,0.2705625146627426,3,1
227,9,0.07715898752212524,2,1
228,9,0.36582520604133606,2,1
229,-50,0.1525600929558277,50,0
230,9,0.0757257342338562,2,1
231,8,0.08761142442623775,3,1
232,10,0.0738019049167633,1,1
233,10,0.029275894165039062,1,1
234,9,0.03573480807244778,2,1
235,10,0.017558246850967407,1,1
236,7,0.06042027100920677,4,1
237,7,0.10669864807277918,4,1
238,9,0.48995330929756165,2,1
239,8,0.07381803045670192,3,1
240,10,0.12326709181070328,1,1
241,10,0.05071534216403961,1,1
242,10,0.06167479604482651,1,1
243,-47,0.130979328171203,38,0
244,6,0.056044918671250346,5,1
245,5,0.278401467949152,6,1
246,9,0.034699924290180206,2,1
247,9,0.023779164999723434,2,1
248,10,0.48265090584754944,1,1
249,8,0.031179398919145267,3,1
250,8,0.08933184916774432,3,1
251,4,0.11898050510457583,7,1
252,8,0.1576865091919899,3,1
253,10,0.4945202171802521,1,1
254,-50,0.11553028389811516,50,0
255,-7,0.07530813778026237,18,1
256,6,0.073837161809206,5,1
257,8,0.054910194128751755,3,1
258,5,0.06962175636241834,6,1
259,7,0.11393588408827782,4,1
260,6,0.10611951425671577,5,1
261,7,0.22246862016618252,4,1
262,5,0.11391653741399448,6,1
263,8,0.07432968417803447,3,1
264,10,0.03951573371887207,1,1
265,9,0.2784130722284317,2,1
266,8,0.1963326632976532,3,1
267,-39,0.1531331877782941,50,1
268,9,0.07525801286101341,2,1
269,-50,0.1537200368568301,50,0
270,10,0.0713074654340744,1,1
271,-26,0.08639780920300935,37,1
272,8,0.05921304846803347,3,1
273,9,0.1646903157234192,2,1
274,8,0.043673884123563766,3,1
275,6,0.05723653584718704,5,1
276,10,0.04341120645403862,1,1
277,10,0.039645642042160034,1,1
278,7,0.03696697810664773,4,1
279,9,0.05463927611708641,2,1
280,7,0.04590287571772933,4,1
281,9,0.09272775053977966,2,1
282,8,0.05611453205347061,3,1
283,9,0.5270994007587433,2,1
284,7,0.06907250778749585,4,1
285,10,0.024717804044485092,1,1
286,9,0.04432925954461098,2,1
287,8,0.05860192390779654,3,1
288,6,0.06111465021967888,5,1
289,7,0.034658041782677174,4,1
290,3,0.03802319313399494,8,1
291,9,0.059666410088539124,2,1
292,-6,0.11109708567314289,17,1
293,5,0.15832672640681267,6,1
294,9,0.1534896343946457,2,1
295,5,0.06319262801359098,6,1
296,9,0.05432775989174843,2,1
297,5,0.13571152028938135,6,1
298,-9,0.09462151825428008,20,1
299,9,0.0383080942556262,2,1
300,9,0.06598447076976299,2,1
301,0,0.08390718986364928,11,1
302,8,0.04262786544859409,3,1
303,10,0.05529603362083435,1,1
304,10,0.0533449687063694,1,1
305,7,0.07193078333511949,4,1
306,7,0.1618943214416504,4,1
307,9,0.03383915312588215,2,1
308,9,0.048279616981744766,2,1
309,9,0.06338407099246979,2,1
310,6,0.04115179888904095,5,1
311,6,0.13715285398066043,5,1
312,8,0.04061802662909031,3,1
313,9,0.028501152992248535,2,1
314,10,0.04346475005149841,1,1
315,8,0.04666836808125178,3,1
316,10,0.5137373208999634,1,1
317,10,0.017889901995658875,1,1
318,8,0.03940919289986292,3,1
319,5,0.08622257659832637,6,1
320,10,0.0852632224559784,1,1
321,9,0.07804027199745178,2,1
322,8,0.09285416329900424,3,1
323,1,0.037284974940121174,10,1
324,10,0.015594554133713245,1,1
325,8,0.06725588378806908,3,1
326,7,0.1353610511869192,4,1
327,10,0.028140082955360413,1,1
328,7,0.02704067202284932,4,1
329,-10,0.021350419148802757,1,0
330,6,0.047778460383415225,5,1
331,10,0.021403176710009575,1,1
332,9,0.04366773087531328,2,1
333,-18,0.08565581631329325,9,0
334,9,0.08317626640200615,2,1
335,5,0.0608868928005298,6,1
336,5,0.16703245198975006,6,1
337,7,0.0710363369435072,4,1
338,4,0.053142037242650986,7,1
339,7,0.1477912701666355,4,1
340,9,0.09852972999215126,2,1
341,8,0.05792411665121714,3,1
342,8,0.11847346524397533,3,1
343,7,0.06389489443972707,4,1
344,9,0.042085036635398865,2,1
345,8,0.03962543917198976,3,1
346,7,0.04851047974079847,4,1
347,-5,0.12737321434542537,16,1
348,6,0.21345643997192382,5,1
349,9,0.040651388466358185,2,1
350,2,0.05865666684177187,9,1
351,10,0.04824913293123245,1,1
352,10,0.1966237723827362,1,1
353,10,0.1945320963859558,1,1
354,10,0.02481231838464737,1,1
355,7,0.08033243799582124,4,1
356,8,0.19760242477059364,3,1
357,10,0.3799247443675995,1,1
358,10,0.030076811090111732,1,1
359,10,0.28775569796562195,1,1
360,9,0.027672103606164455,2,1
361,5,0.16991427913308144,6,1
362,9,0.05417482182383537,2,1
363,9,0.08855706453323364,2,1
364,9,0.03779727220535278,2,1
365,-25,0.08356239155141844,36,1
366,8,0.0949934646487236,3,1
367,9,0.26329602114856243,2,1
368,9,0.2935444228351116,2,1
369,8,0.051061262687047325,3,1
370,10,0.05412285774946213,1,1
371,10,0.030707571655511856,1,1
372,9,0.06789435259997845,2,1
373,8,0.16442041285336018,3,1
374,9,0.0419528353959322,2,1
375,7,0.053098319098353386,4,1
376,7,0.027617267798632383,4,1
377,8,0.04781086525569359,3,1
378,9,0.045891277492046356,2,1
379,9,0.44712813198566437,2,1
380,9,0.04102451168000698,2,1
381,-50,0.0972545345313847,50,0
382,10,0.0166678074747324,1,1
383,8,0.0311431922018528,3,1
384,6,0.15461798198521137,5,1
385,9,0.18285155296325684,2,1
386,8,0.05281184986233711,3,1
387,7,0.06950653251260519,4,1
388,8,0.0698178509871165,3,1
389,9,0.04617645777761936,2,1
390,8,0.05492678160468737,3,1
391,7,0.10135455429553986,4,1
392,10,0.06962411105632782,1,1
393,10,0.036737821996212006,1,1
394,-50,0.08937523348256945,50,0
395,9,0.1392693603411317,2,1
396,7,0.05633183754980564,4,1
397,9,0.053585609421133995,2,1
398,10,0.03332623094320297,1,1
399,10,0.037425097078084946,1,1
400,9,0.08791500749066472,2,1
401,-26,0.07801602224542482,37,1
402,8,0.058419338117043175,3,1
403,8,0.06598468497395515,3,1
404,5,0.03875346931939324,6,1
405,9,0.05385082960128784,2,1
406,8,0.015756853235264618,3,1
407,8,0.024897434438268345,3,1
408,7,0.05897364066913724,4,1
409,9,0.03038071934133768,2,1
410,8,0.06939607796569665,3,1
411,7,0.18731167167425156,4,1
412,10,0.04365607351064682,1,1
413,10,0.02748340182006359,1,1
414,6,0.20104609206318855,5,1
415,9,0.1904953233897686,2,1
416,7,0.3022659942507744,4,1
417,9,0.2809120062738657,2,1
418,10,0.12290684878826141,1,1
419,-27,0.0920187831782785,38,1
420,-50,0.14373342597857117,50,0
421,6,0.07683150544762611,5,1
422,7,0.14041987620294094,4,1
423,6,0.1386542595922947,5,1
424,8,0.0917948621014754,3,1
425,6,0.07255439311265946,5,1
426,9,0.05185151845216751,2,1
427,9,0.07097541354596615,2,1
428,6,0.055248647928237915,5,1
429,-39,0.10730806831270456,50,1
430,8,0.045977448423703514,3,1
431,8,0.06905546908577283,3,1
432,8,0.05947310229142507,3,1
433,9,0.04164544865489006,2,1
434,10,0.049285441637039185,1,1
435,10,0.0469733290374279,1,1
436,10,0.03320838138461113,1,1
437,10,0.03166046738624573,1,1
438,10,0.027591511607170105,1,1
439,8,0.08333454529444377,3,1
440,-29,0.1203023836016655,40,1
441,8,0.0448742900043726,3,1
442,9,0.12837492674589157,2,1
443,6,0.1112036757171154,5,1
444,7,0.052279396913945675,4,1
445,10,0.043124835938215256,1,1
446,9,0.06655418127775192,2,1
447,6,0.052878478169441225,5,1
448,8,0.09257027010122935,3,1
449,9,0.26631805673241615,2,1
450,9,0.07519383355975151,2,1
451,7,0.21741688111796975,4,1
452,8,0.15380467536548773,3,1
453,7,0.1932549625635147,4,1
454,7,0.1151469349861145,4,1
455,9,0.09737251326441765,2,1
456,8,0.04353141225874424,3,1
457,8,0.07936539749304454,3,1
458,8,0.03734952459732691,3,1
459,-13,0.22143838554620743,4,0
460,9,0.02867890428751707,2,1
461,4,0.04710627892719848,7,1
462,9,0.042115118354558945,2,1
463,9,0.08072221977636218,2,1
464,9,0.07628544140607119,2,1
465,-22,0.07977033671781872,33,1
466,8,0.2275950387120247,3,1
467,8,0.11033013463020325,3,1
468,10,0.09560509026050568,1,1
469,9,0.18570402637124062,2,1
470,8,0.060779500752687454,3,1
471,9,0.06648371741175652,2,1
472,5,0.0451143238072594,6,1
473,5,0.07321559637784958,6,1
474,7,0.24470535200089216,4,1
475,7,0.09428644576109946,4,1
476,8,0.03638893490036329,3,1
477,-10,0.015850137919187546,1,0
478,10,0.04485945776104927,1,1
479,7,0.1581372767686844,4,1
480,8,0.028432633727788925,3,1
481,9,0.034661056473851204,2,1
482,7,0.07079376187175512,4,1
483,10,0.04144684225320816,1,1
484,7,0.2855120748281479,4,1
485,10,0.04712201654911041,1,1
486,8,0.2673048997918765,3,1
487,10,0.06493038684129715,1,1
488,-1,0.1067549716681242,12,1
489,8,0.16157101405163607,3,1
490,9,0.05172977223992348,2,1
491,6,0.18099121525883674,5,1
492,9,0.2826491594314575,2,1
493,9,0.0790098886936903,2,1
494,9,0.05527040548622608,2,1
495,7,0.05150078469887376,4,1
496,8,0.060761344929536186,3,1
497,8,0.060117208709319435,3,1
498,6,0.18040358871221543,5,1
499,-5,0.08439495146740228,16,1
500,10,0.12106017768383026,1,1
501,8,0.0796020229657491,3,1
502,7,0.056692540645599365,4,1
503,-20,0.1270115445818632,31,1
504,8,0.21771658957004547,3,1
505,7,0.07731802575290203,4,1
506,8,0.04740786676605543,3,1
507,10,0.06751374900341034,1,1
508,6,0.07633170634508132,5,1
509,3,0.11454646312631667,8,1
510,9,0.04529377445578575,2,1
511,8,0.06254884724815686,3,1
512,10,0.03864748403429985,1,1
513,9,0.042681531980633736,2,1
514,-10,0.03488769382238388,1,0
515,9,0.1082647293806076,2,1
516,9,0.026769381016492844,2,1
517,9,0.03543179854750633,2,1
518,10,0.073060043156147,1,1
519,9,0.042757922783493996,2,1
520,8,0.24694699173172316,3,1
521,10,0.044815223664045334,1,1
522,7,0.09447419550269842,4,1
523,7,0.3330348301678896,4,1
524,6,0.0702264055609703,5,1
525,8,0.019695628434419632,3,1
526,6,0.160538387298584,5,1
527,8,0.2115708931038777,3,1
528,9,0.04534039460122585,2,1
529,7,0.0586307835765183,4,1
530,9,0.034387421794235706,2,1
531,9,0.07975783199071884,2,1
532,10,0.04540812969207764,1,1
533,10,0.5395062565803528,1,1
534,9,0.025475570932030678,2,1
535,8,0.03554483503103256,3,1
536,9,0.03626105189323425,2,1
537,7,0.05635919235646725,4,1
538,10,0.05434296652674675,1,1
539,7,0.0739885400980711,4,1
540,6,0.19458549171686174,5,1
541,10,0.14662857353687286,1,1
542,9,0.11445014923810959,2,1
543,6,0.1464346695691347,5,1
544,10,0.02848900854587555,1,1
545,7,0.1228688433766365,4,1
546,10,0.05673154070973396,1,1
547,9,0.05508134514093399,2,1
548,9,0.05495430715382099,2,1
549,10,0.11451729387044907,1,1
550,5,0.05590140943725904,6,1
551,8,0.13373265912135443,3,1
552,9,0.06643978878855705,2,1
553,10,0.11248153448104858,1,1
554,10,0.0396125465631485,1,1
555,9,0.2303360402584076,2,1
556,10,0.17299450933933258,1,1
557,10,0.039249077439308167,1,1
558,7,0.05884364107623696,4,1
559,-11,0.057843659073114395,2,0
560,6,0.05625547543168068,5,1
561,9,0.05452468618750572,2,1
562,7,0.06202353164553642,4,1
563,9,0.04347899742424488,2,1
564,10,0.5217106938362122,1,1
565,8,0.045189263919989266,3,1
566,8,0.13132851322491965,3,1
567,-6,0.08611899044583826,17,1
568,10,0.05656794086098671,1,1
569,6,0.0610009852796793,5,1
570,10,0.027701718732714653,1,1
571,-11,0.18696814961731434,2,0
572,9,0.0629255510866642,2,1
573,6,0.052538590505719185,5,1
574,9,0.06322608143091202,2,1
575,9,0.04106622934341431,2,1
576,-1,0.15984279786547026,12,1
577,7,0.2437393181025982,4,1
578,8,0.24975556880235672,3,1
579,6,0.32592546120285987,5,1
580,10,0.05547792464494705,1,1
581,8,0.2527963121732076,3,1
582,8,0.07555867731571198,3,1
583,8,0.08190909152229627,3,1
584,10,0.5867354273796082,1,1
585,-2,0.2113134108770352,13,1
586,10,0.06521669030189514,1,1
587,7,0.04805905930697918,4,1
588,3,0.17148313391953707,8,1
589,10,0.030369315296411514,1,1
590,9,0.536987841129303,2,1
591,3,0.05147884739562869,8,1
592,-25,0.13249303319025785,16,0
593,8,0.14627095436056456,3,1
594,-2,0.07218023160329232,13,1
595,9,0.24733462370932102,2,1
596,8,0.22066873870790005,3,1
597,7,0.09090859908610582,4,1
598,8,0.06569040318330129,3,1
599,8,0.038181133568286896,3,1
600,9,0.047774191945791245,2,1
601,10,0.05717131122946739,1,1
602,6,0.08408900611102581,5,1
603,10,0.06505552679300308,1,1
604,8,0.2009051777422428,3,1
605,9,0.0877750813961029,2,1
606,9,0.07192537188529968,2,1
607,9,0.03748777322471142,2,1
608,9,0.08856289833784103,2,1
609,9,0.06655370071530342,2,1
610,10,0.07477252185344696,1,1
611,8,0.408342885474364,3,1
612,9,0.25413795188069344,2,1
613,9,0.03800351172685623,2,1
614,8,0.052751549830039345,3,1
615,-7,0.06930651515722275,18,1
616,-21,0.09276118478737772,32,1
617,9,0.06485363934189081,2,1
618,5,0.06225495133548975,6,1
619,9,0.051175929605960846,2,1
620,8,0.04435481379429499,3,1
621,10,0.05696067214012146,1,1
622,-12,0.023700518533587456,3,0
623,8,0.06995278969407082,3,1
624,10,0.018822330981492996,1,1
625,8,0.08896519740422566,3,1
626,8,0.05140506165723006,3,1
627,10,0.019830403849482536,1,1
628,8,0.04752729025979837,3,1
629,10,0.034062281250953674,1,1
630,10,0.07086959481239319,1,1
631,3,0.07877209829166532,8,1
632,9,0.031112900003790855,2,1
633,10,0.04660364240407944,1,1
634,6,0.06255316287279129,5,1
635,9,0.07409021630883217,2,1
636,-50,0.14341479759663345,50,0
637,9,0.06399019621312618,2,1
638,8,0.08009273186326027,3,1
639,4,0.05426781225417342,7,1
640,10,0.5085766315460205,1,1
641,7,0.06420702394098043,4,1
642,7,0.3667671512812376,4,1
643,9,0.06698863953351974,2,1
644,9,0.039546260610222816,2,1
645,8,0.05102212354540825,3,1
646,8,0.34740650405486423,3,1
647,7,0.2470945663517341,4,1
648,9,0.06540938466787338,2,1
649,10,0.16600637137889862,1,1
650,10,0.044293154031038284,1,1
651,7,0.04327056463807821,4,1
652,9,0.04898988455533981,2,1
653,6,0.09999052733182907,5,1
654,9,0.030195139348506927,2,1
655,-14,0.30729655995965005,5,0
656,9,0.03027970902621746,2,1
657,8,0.03448960743844509,3,1
658,10,0.0275680311024189,1,1
659,7,0.021451548673212528,4,1
660,8,0.05292155779898167,3,1
661,9,0.05571986548602581,2,1
662,8,0.09119130733112495,3,1
663,7,0.1254715984687209,4,1
664,8,0.02826554762820403,3,1
665,9,0.24950659647583961,2,1
666,6,0.05827131979167462,5,1
667,-50,0.08778457343578339,50,0
668,4,0.07208275236189365,7,1
669,7,0.08957183174788952,4,1
670,10,0.06809930503368378,1,1
671,10,0.061830729246139526,1,1
672,6,0.047881041467189786,5,1
673,9,0.19651948660612106,2,1
674,9,0.2928599826991558,2,1
675,10,0.052809156477451324,1,1
676,10,0.07049360126256943,1,1
677,8,0.049902004500230156,3,1
678,5,0.06651326734572649,6,1
679,8,0.07791186620791753,3,1
680,10,0.22643040120601654,1,1
681,8,0.03179670590907335,3,1
682,8,0.029066710422436397,3,1
683,10,0.03205589950084686,1,1
684,9,0.04522717371582985,2,1
685,7,0.081810656003654,4,1
686,10,0.11613069474697113,1,1
687,8,0.15653013189633688,3,1
688,8,0.1467846011122068,3,1
689,7,0.09115807246416807,4,1
690,8,0.10672035440802574,3,1
691,6,0.15516048520803452,5,1
692,8,0.0672610451777776,3,1
693,10,0.043104615062475204,1,1
694,6,0.0817268244922161,5,1
695,9,0.08004390075802803,2,1
696,8,0.1845057507356008,3,1
697,5,0.046728256779412426,6,1
698,8,0.06488894671201706,3,1
699,10,0.07393648475408554,1,1
700,10,0.0558820441365242,1,1
701,-10,0.12303422391414642,1,0
702,7,0.19060731260105968,4,1
703,9,0.059560803696513176,2,1
704,9,0.0398099385201931,2,1
705,10,0.07503633946180344,1,1
706,7,0.11034958064556122,4,1
707,10,0.03964317962527275,1,1
708,8,0.085150762150685,3,1
709,9,0.06910299137234688,2,1
710,7,0.07400853233411908,4,1
711,10,0.05267687886953354,1,1
712,8,0.09235673149426778,3,1
713,9,0.058821216225624084,2,1
714,8,0.12080056468645732,3,1
715,9,0.04245867393910885,2,1
716,9,0.04287906177341938,2,1
717,7,0.2453418872319162,4,1
718,10,0.04729491099715233,1,1
719,7,0.036153330467641354,4,1
720,9,0.03557681478559971,2,1
721,10,0.04025764390826225,1,1
722,10,0.06246601790189743,1,1
723,8,0.03186578489840031,3,1
724,9,0.0949946790933609,2,1
725,-10,0.061716362833976746,1,0
726,8,0.21436579525470734,3,1
727,10,0.032335296273231506,1,1
728,6,0.19631331339478492,5,1
729,7,0.048906982876360416,4,1
730,9,0.03440339118242264,2,1
731,9,0.27286554127931595,2,1
732,7,0.09113998897373676,4,1
733,10,0.08548461645841599,1,1
734,7,0.03666933672502637,4,1
735,9,0.053400058299303055,2,1
736,-5,0.09423843247350305,16,1
737,5,0.08385924839725097,6,1
738,6,0.04306649267673492,5,1
739,9,0.046677377074956894,2,1
740,6,0.1263484362512827,5,1
741,3,0.05950087564997375,8,1
742,7,0.06661030417308211,4,1
743,9,0.1508452072739601,2,1
744,10,0.02664068341255188,1,1
745,-18,0.14025818161537934,29,1
746,10,0.02966318279504776,1,1
747,9,0.045017631724476814,2,1
748,9,0.030912088230252266,2,1
749,9,0.06018536165356636,2,1
750,7,0.04115447495132685,4,1
751,-5,0.052639056579209864,16,1
752,6,0.10732377879321575,5,1
753,8,0.043567163248856865,3,1
754,9,0.02473644632846117,2,1
755,7,0.03474458307027817,4,1
756,10,0.015889886766672134,1,1
757,8,0.03353860912223657,3,1
758,-11,0.04814629815518856,2,0
759,9,0.047551143914461136,2,1
760,10,0.02285097911953926,1,1
761,9,0.23314334638416767,2,1
762,9,0.04254052974283695,2,1
763,7,0.08728342968970537,4,1
764,8,0.03700230705241362,3,1
765,10,0.055720120668411255,1,1
766,10,0.016654755920171738,1,1
767,10,0.28045162558555603,1,1
768,8,0.021054974446694057,3,1
769,9,0.01973835937678814,2,1
770,9,0.16229664161801338,2,1
771,10,0.032266270369291306,1,1
772,9,0.024389680474996567,2,1
773,7,0.025789394043385983,4,1
774,8,0.1929138426979383,3,1
775,8,0.030902144809563954,3,1
776,4,0.13357556185552052,7,1
777,-7,0.07304513444089228,18,1
778,9,0.027857238426804543,2,1
779,10,0.02371082827448845,1,1
780,9,0.046054888516664505,2,1
781,10,0.010978292673826218,1,1
782,10,0.4276026487350464,1,1
783,9,0.07050090283155441,2,1
784,8,0.04414620374639829,3,1
785,5,0.036057803935060896,6,1
786,10,0.01827169582247734,1,1
787,9,0.028196285478770733,2,1
788,6,0.041019934415817264,5,1
789,-50,0.10417854137718678,50,0
790,9,0.028861936181783676,2,1
791,6,0.041550707444548605,5,1
792,6,0.10475558191537857,5,1
793,8,0.040781317899624504,3,1
794,9,0.22200010158121586,2,1
795,9,0.028115765191614628,2,1
796,10,0.02042514644563198,1,1
797,9,0.24658310040831566,2,1
798,10,0.022278502583503723,1,1
799,8,0.04913551174104214,3,1
800,6,0.035654276609420776,5,1
801,9,0.02594428462907672,2,1
802,9,0.012449015863239765,2,1
803,6,0.12319800928235054,5,1
804,7,0.12604463612660766,4,1
805,7,0.039698413107544184,4,1
806,9,0.06013907305896282,2,1
807,10,0.019916705787181854,1,1
808,9,0.04536491073668003,2,1
809,10,0.3818016052246094,1,1
810,-1,0.03574043007877966,12,1
811,7,0.027595057850703597,4,1
812,5,0.03565598682810863,6,1
813,7,0.02848685346543789,4,1
814,-11,0.031093278899788857,2,0
815,-10,0.024570956826210022,1,0
816,6,0.20942553803324698,5,1
817,6,0.07123052980750799,5,1
818,9,0.38153141736984253,2,1
819,10,0.03342609107494354,1,1
820,9,0.11967332661151886,2,1
821,9,0.5109739862382412,2,1
822,8,0.1364892825173835,3,1
823,-10,0.1443586815148592,21,1
824,7,0.036477085668593645,4,1
825,10,0.02241210639476776,1,1
826,8,0.030799722919861477,3,1
827,8,0.04989004942278067,3,1
828,9,0.050832394510507584,2,1
829,8,0.05067429939905802,3,1
830,9,0.04088432900607586,2,1
831,10,0.03994075208902359,1,1
832,10,0.01734272763133049,1,1
833,7,0.015597730176523328,4,1
834,-50,0.07426595885306597,50,0
835,8,0.0253826758513848,3,1
836,10,0.024168362841010094,1,1
837,9,0.02602450456470251,2,1
838,9,0.043699543457478285,2,1
839,8,0.03777215505639712,3,1
840,7,0.05790574662387371,4,1
841,8,0.05640028789639473,3,1
842,8,0.051322425405184426,3,1
843,8,0.062145608166853585,3,1
844,9,0.0394565723836422,2,1
845,8,0.036385624359051384,3,1
846,7,0.1639657523483038,4,1
847,7,0.026896281400695443,4,1
848,9,0.025717411190271378,2,1
849,-10,0.033118169754743576,1,0
850,10,0.021189995110034943,1,1
851,8,0.02137886981169383,3,1
852,9,0.02003550063818693,2,1
853,6,0.18042692989110948,5,1
854,10,0.019646573811769485,1,1
855,-50,0.10540578078478574,50,0
856,9,0.24214287847280502,2,1
857,10,0.012989552691578865,1,1
858,10,0.01124078780412674,1,1
859,7,0.03726414544507861,4,1
860,9,0.0345323383808136,2,1
861,7,0.151766671333462,4,1
862,-24,0.04709832495344537,35,1
863,10,0.015648048371076584,1,1
864,-50,0.11158488338813186,50,0
865,9,0.031121758744120598,2,1
866,10,0.014893492683768272,1,1
867,10,0.4247618317604065,1,1
868,-30,0.124193490142139,41,1
869,10,0.009760599583387375,1,1
870,10,0.05916108191013336,1,1
871,-12,0.030431424578030903,3,0
872,-5,0.15103192208334804,16,1
873,9,0.043014444410800934,2,1
874,10,0.3335244059562683,1,1
875,5,0.10806095662216346,6,1
876,8,0.15326775206873813,3,1
877,9,0.026265030726790428,2,1
878,9,0.03511121775954962,2,1
879,9,0.04057258926331997,2,1
880,9,0.020846132189035416,2,1
881,8,0.033849092510839306,3,1
882,6,0.03395331986248493,5,1
883,10,0.06761093437671661,1,1
884,7,0.045560446567833424,4,1
885,10,0.08878539502620697,1,1
886,-50,0.07790589848533273,50,0
887,7,0.043287161737680435,4,1
888,10,0.04194565862417221,1,1
889,10,0.022072043269872665,1,1
890,7,0.0409225057810545,4,1
891,8,0.07871991023421288,3,1
892,8,0.16291400169332823,3,1
893,9,0.016920069232583046,2,1
894,5,0.18425843492150307,6,1
895,7,0.18083904311060905,4,1
896,8,0.19999720714986324,3,1
897,10,0.021556219086050987,1,1
898,9,0.24592193961143494,2,1
899,7,0.040495074819773436,4,1
900,9,0.028352484107017517,2,1
901,9,0.02150452323257923,2,1
902,8,0.036129786322514214,3,1
903,9,0.3257869314402342,2,1
904,10,0.05096957087516785,1,1
905,10,0.03293514624238014,1,1
906,-32,0.14635945053034743,43,1
907,8,0.1849756669253111,3,1
908,8,0.12131336145102978,3,1
909,8,0.0672432892024517,3,1
910,10,0.02895393781363964,1,1
911,7,0.3222624771296978,4,1
912,9,0.4238816499710083,2,1
913,7,0.15144609194248915,4,1
914,8,0.06717198093732198,3,1
915,8,0.071335069835186,3,1
916,9,0.04376259306445718,2,1
917,-50,0.09742746042087674,50,0
918,5,0.19700526973853508,6,1
919,9,0.053100358694791794,2,1
920,7,0.16294608358293772,4,1
921,9,0.02582719922065735,2,1
922,7,0.051442405208945274,4,1
923,9,0.0487360954284668,2,1
924,10,0.03594919666647911,1,1
925,9,0.042820341885089874,2,1
926,-50,0.10231331406161188,50,0
927,10,0.030043834820389748,1,1
928,6,0.0944537103176117,5,1
929,8,0.05349289812147617,3,1
930,10,0.03489387780427933,1,1
931,10,0.09377002716064453,1,1
932,-11,0.10756015032529831,22,1
933,9,0.06384672224521637,2,1
934,10,0.10994274914264679,1,1
935,10,0.021801264956593513,1,1
936,9,0.033526262268424034,2,1
937,-30,0.12034565074051298,41,1
938,9,0.042669788002967834,2,1
939,10,0.0421457402408123,1,1
940,9,0.04847964830696583,2,1
941,7,0.1370954499579966,4,1
942,8,0.026019544651110966,3,1
943,10,0.03404994308948517,1,1
944,8,0.03385501385976871,3,1
945,7,0.04615576099604368,4,1
946,8,0.11357597789416711,3,1
947,7,0.04962190240621567,4,1
948,9,0.044550275430083275,2,1
949,9,0.03297771606594324,2,1
950,8,0.023632623876134556,3,1
951,7,0.044188113417476416,4,1
952,7,0.03103691805154085,4,1
953,10,0.02374683879315853,1,1
954,7,0.01998378522694111,4,1
955,9,0.03201380744576454,2,1
956,10,0.3862549960613251,1,1
957,-50,0.09482976878993213,50,0
958,7,0.031059833243489265,4,1
959,10,0.02133263647556305,1,1
960,9,0.2935896310955286,2,1
961,8,0.19989916061361632,3,1
962,10,0.06199631839990616,1,1
963,6,0.1379541777074337,5,1
964,9,0.2195339109748602,2,1
965,8,0.4271237750848134,3,1
966,10,0.017305888235569,1,1
967,8,0.02626180648803711,3,1
968,10,0.024433795362710953,1,1
969,8,0.024561389349400997,3,1
970,5,0.02653391535083453,6,1
971,10,0.5340380072593689,1,1
972,8,0.05622030173738798,3,1
973,5,0.044085802820821605,6,1
974,8,0.07285040120283763,3,1
975,8,0.06788759802778561,3,1
976,8,0.03900620713829994,3,1
977,8,0.17516267082343498,3,1
978,10,0.04612785205245018,1,1
979,4,0.05688331143132278,7,1
980,9,0.02409730851650238,2,1
981,7,0.023746583610773087,4,1
982,-10,0.024841614067554474,1,0
983,5,0.02523303497582674,6,1
984,7,0.037151437252759933,4,1
985,7,0.1914933044463396,4,1
986,8,0.1411208982268969,3,1
987,10,0.037298355251550674,1,1
988,10,0.032342731952667236,1,1
989,8,0.04936498651901881,3,1
990,10,0.027728725224733353,1,1
991,9,0.033609915524721146,2,1
992,8,0.0537139301498731,3,1
993,7,0.07694114372134209,4,1
994,-11,0.053745085881514984,22,1
995,6,0.04180665165185928,5,1
996,7,0.08079861104488373,4,1
997,10,0.0643998309969902,1,1
998,8,0.04876393328110377,3,1
999,10,0.017543558031320572,1,1
1000,9,0.27407351695001125,2,1
1,8,0.1403328888118267,3,1
2,-2,0.12662099129878557,13,1
3,8,0.03853233220676581,3,1
4,6,0.03793141804635525,5,1
5,8,0.024526809031764667,3,1
6,8,0.03891343375047048,3,1
7,6,0.15139734856784343,5,1
8,8,0.2559706121683121,3,1
9,8,0.1339495194454988,3,1
10,8,0.379390982290109,3,1
11,4,0.057666070227112086,7,1
12,10,0.030748628079891205,1,1
13,9,0.4588761329650879,2,1
14,10,0.03394058346748352,1,1
15,10,0.5003998279571533,1,1
16,7,0.07013194635510445,4,1
17,7,0.027372827287763357,4,1
18,9,0.2397370943799615,2,1
19,7,0.10276975948363543,4,1
20,-17,0.09489393586825047,28,1
21,7,0.14022037480026484,4,1
22,9,0.04959108866751194,2,1
23,10,0.04896331578493118,1,1
24,9,0.07240376994013786,2,1
25,10,0.08831017464399338,1,1
26,9,0.509707123041153,2,1
27,10,0.02239646390080452,1,1
28,9,0.0764695517718792,2,1
29,6,0.18797275573015212,5,1
30,7,0.1893793847411871,4,1
31,-10,0.17499913275241852,1,0
32,8,0.15315393855174383,3,1
33,8,0.03708156322439512,3,1
34,10,0.3090003430843353,1,1
35,9,0.03157401643693447,2,1
36,10,0.06993156671524048,1,1
37,8,0.1548118901749452,3,1
38,7,0.26203673239797354,4,1
39,10,0.049051932990550995,1,1
40,9,0.055300407111644745,2,1
41,9,0.141298308968544,2,1
42,7,0.05250079743564129,4,1
43,-50,0.09179483350366353,50,0
44,9,0.08642400428652763,2,1
45,10,0.7795095443725586,1,1
46,6,0.16054858192801474,5,1
47,7,0.05307599529623985,4,1
48,7,0.14362916676327586,4,1
49,6,0.1789996348321438,5,1
50,10,0.06923839449882507,1,1
51,10,0.03940274193882942,1,1
52,8,0.0817723236978054,3,1
53,8,0.23857403608659902,3,1
54,3,0.1115922718308866,8,1
55,9,0.0882434993982315,2,1
56,8,0.1798354983329773,3,1
57,-28,0.1001330552328574,19,0
58,9,0.06824074313044548,2,1
59,7,0.06403836235404015,4,1
60,7,0.053630036767572165,4,1
61,10,0.04317908361554146,1,1
62,-22,0.12085289565416482,13,0
63,10,0.03481373190879822,1,1
64,9,0.05068207532167435,2,1
65,8,0.06603854397932689,3,1
66,-12,0.07033565143744151,3,0
67,9,0.05845692940056324,2,1
68,8,0.08943777407209079,3,1
69,3,0.06712810113094747,8,1
70,10,0.05410962551832199,1,1
71,9,0.29147740453481674,2,1
72,9,0.06177847646176815,2,1
73,-21,0.18323980427036682,12,0
74,8,0.13049722959597906,3,1
75,9,0.05504699982702732,2,1
76,-2,0.15755174710200384,13,1
77,9,0.07758053205907345,2,1
78,6,0.0771296352148056,5,1
79,9,0.0673411674797535,2,1
80,9,0.04780208319425583,2,1
81,10,0.05610065907239914,1,1
82,7,0.21495091635733843,4,1
83,6,0.12226357534527779,5,1
84,7,0.051174734719097614,4,1
85,9,0.02787768468260765,2,1
86,10,0.05469220131635666,1,1
87,9,0.07034839317202568,2,1
88,7,0.15392977744340897,4,1
89,8,0.061675891280174255,3,1
90,9,0.06700743176043034,2,1
91,9,0.12211134284734726,2,1
92,10,0.04525972530245781,1,1
93,6,0.11479372084140778,5,1
94,-10,0.47218358516693115,1,0
95,10,0.24437937140464783,1,1
96,9,0.11039451882243156,2,1
97,10,0.053365811705589294,1,1
98,9,0.07396301440894604,2,1
99,9,0.23870990984141827,2,1
100,5,0.2163210635383924,6,1
101,5,0.08647230453789234,6,1
102,9,0.2439724374562502,2,1
103,9,0.22944137640297413,2,1
104,6,0.27983706928789615,5,1
105,6,0.1811235450208187,5,1
106,8,0.19879482065637907,3,1
107,6,0.03395596630871296,5,1
108,6,0.15897907093167304,5,1
109,7,0.0629827156662941,4,1
110,10,0.017103908583521843,1,1
111,7,0.09533493220806122,4,1
112,5,0.08208020776510239,6,1
113,10,0.035721611231565475,1,1
114,10,0.10706795752048492,1,1
115,9,0.0511904489248991,2,1
116,10,0.0591072216629982,1,1
117,10,0.13425353169441223,1,1
118,7,0.13719799648970366,4,1
119,-50,0.11733575291931629,50,0
120,10,0.03468383103609085,1,1
121,6,0.15376596935093403,5,1
122,10,0.05118171125650406,1,1
123,10,0.02386074885725975,1,1
124,-12,0.11615269080452297,23,1
125,10,0.04349926859140396,1,1
126,10,0.05050642415881157,1,1
127,-7,0.08874677147509323,18,1
128,9,0.030764415860176086,2,1
129,-13,0.04260391000813494,24,1
130,7,0.1251718644052744,4,1
131,9,0.045966360718011856,2,1
132,9,0.04139485955238342,2,1
133,9,0.180014593526721,2,1
134,10,0.013054185546934605,1,1
135,9,0.019232391845434904,2,1
136,5,0.1587737143660585,6,1
137,-7,0.08702005290736754,18,1
138,7,0.053589107003062963,4,1
139,8,0.03592777686814467,3,1
140,10,0.9065660238265991,1,1
141,7,0.045153552666306496,4,1
142,9,0.06479497998952866,2,1
143,8,0.03495169679323832,3,1
144,8,0.03035884629935026,3,1
145,8,0.03129837910334269,3,1
146,9,0.028507033362984657,2,1
147,8,0.20460979888836542,3,1
148,9,0.17807218432426453,2,1
149,10,0.024587439373135567,1,1
150,8,0.25130727514624596,3,1
151,10,0.030171673744916916,1,1
152,10,0.04022380709648132,1,1
153,5,0.07750523959596951,6,1
154,9,0.05696091800928116,2,1
155,-7,0.04254307287434737,18,1
156,-4,0.13610558435320855,15,1
157,7,0.06718535628169775,4,1
158,8,0.1299071361621221,3,1
159,8,0.16220758855342865,3,1
160,7,0.07838289625942707,4,1
161,9,0.03567928820848465,2,1
162,8,0.08456924309333165,3,1
163,8,0.22434320176641145,3,1
164,0,0.1678054966032505,11,1
165,-21,0.09061289491364732,32,1
166,8,0.03753393702208996,3,1
167,7,0.16853604931384325,4,1
168,10,0.2733449339866638,1,1
169,-12,0.12362651769881663,23,1
170,10,0.0698883906006813,1,1
171,7,0.14212000090628862,4,1
172,8,0.05122961911062399,3,1
173,-11,0.016743638552725315,2,0
174,9,0.03556478209793568,2,1
175,9,0.1531122773885727,2,1
176,4,0.07312429430229324,7,1
177,10,0.019876331090927124,1,1
178,9,0.04787681624293327,2,1
179,7,0.08743435423821211,4,1
180,7,0.07383463205769658,4,1
181,7,0.09667854849249125,4,1
182,9,0.026286699809134007,2,1
183,10,0.0461459644138813,1,1
184,10,0.01649954542517662,1,1
185,9,0.038423921912908554,2,1
186,-15,0.08143544369018994,26,1
187,10,0.17341837286949158,1,1
188,9,0.22397984936833382,2,1
189,8,0.08941641449928284,3,1
190,9,0.07141866441816092,2,1
191,10,0.06283849477767944,1,1
192,9,0.08003159053623676,2,1
193,10,0.09635452926158905,1,1
194,10,0.010688865557312965,1,1
195,9,0.0632678959518671,2,1
196,7,0.12650905270129442,4,1
197,9,0.04233742505311966,2,1
198,-23,0.08550268118934971,14,0
199,10,0.025097666308283806,1,1
200,5,0.03381991324325403,6,1
201,10,0.05987785384058952,1,1
202,-10,0.018794797360897064,1,0
203,7,0.0594108896329999,4,1
204,10,0.031181778758764267,1,1
205,10,0.05104467645287514,1,1
206,10,0.31816813349723816,1,1
207,9,0.02311650477349758,2,1
208,9,0.04371858201920986,2,1
209,10,0.05962156131863594,1,1
210,10,0.014135835692286491,1,1
211,6,0.0661705419421196,5,1
212,9,0.0226748650893569,2,1
213,9,0.027771325781941414,2,1
214,9,0.011109488550573587,2,1
215,10,0.03914819657802582,1,1
216,9,0.020235181786119938,2,1
217,10,0.01721780374646187,1,1
218,8,0.13339798214534918,3,1
219,10,0.016587015241384506,1,1
220,8,0.05543202720582485,3,1
221,10,0.1666291058063507,1,1
222,8,0.05654886116584142,3,1
223,8,0.02077406272292137,3,1
224,7,0.12041784264147282,4,1
225,8,0.10168999837090571,3,1
226,8,0.07842176004002492,3,1
227,4,0.08845715969800949,7,1
228,8,0.25235962495207787,3,1
229,-24,0.08868371030049664,35,1
230,8,0.03962430730462074,3,1
231,9,0.20343136601150036,2,1
232,8,0.035766350105404854,3,1
233,8,0.22505235175291696,3,1
234,7,0.021477443631738424,4,1
235,8,0.19106140856941542,3,1
236,-14,0.10438482481986285,25,1
237,10,0.08671457320451736,1,1
238,8,0.2291872650384903,3,1
239,-24,0.06698973370449883,35,1
240,7,0.02781897457316518,4,1
241,8,0.03339620617528757,3,1
242,9,0.06343342177569866,2,1
243,10,0.08940166980028152,1,1
244,10,0.03157506138086319,1,1
245,8,0.045211046313246094,3,1
246,9,0.013285622000694275,2,1
247,6,0.06803934127092362,5,1
248,10,0.018349604681134224,1,1
249,8,0.033837744345267616,3,1
250,9,0.023085229098796844,2,1
251,9,0.05034910421818495,2,1
252,7,0.01953142462298274,4,1
253,9,0.028395747765898705,2,1
254,9,0.012857903260737658,2,1
255,9,0.0391753688454628,2,1
256,10,0.04776710271835327,1,1
257,7,0.02887352555990219,4,1
258,8,0.09427717886865139,3,1
259,6,0.08780617117881775,5,1
260,10,0.05615990608930588,1,1
261,7,0.2050425997003913,4,1
262,7,0.14074182021431625,4,1
263,6,0.04141162503510713,5,1
264,10,0.00890644546598196,1,1
265,8,0.04635591836025318,3,1
266,10,0.032176949083805084,1,1
267,-33,0.10185225059235976,44,1
268,8,0.05952789758642515,3,1
269,9,0.2393126469105482,2,1
270,7,0.08456924930214882,4,1
271,10,0.03607349097728729,1,1
272,8,0.021753031760454178,3,1
273,9,0.46756745874881744,2,1
274,6,0.19323868528008462,5,1
275,9,0.03587023727595806,2,1
276,10,0.019347013905644417,1,1
277,7,0.13539764750748873,4,1
278,10,0.052363522350788116,1,1
279,9,0.05023650312796235,2,1
280,9,0.09195860475301743,2,1
281,5,0.022059596454103787,6,1
282,9,0.01998191885650158,2,1
283,10,0.03335633873939514,1,1
284,7,0.044794060522690415,4,1
285,8,0.03569513000547886,3,1
286,10,0.0297105573117733,1,1
287,10,0.01269589550793171,1,1
288,8,0.016885481774806976,3,1
289,9,0.05150130297988653,2,1
290,8,0.06456472321103017,3,1
291,8,0.03566442367931207,3,1
292,5,0.12583651735136905,6,1
293,-10,0.024390656501054764,1,0
294,10,0.09647814184427261,1,1
295,5,0.03085129444176952,6,1
296,9,0.03573444299399853,2,1
297,10,0.09686200320720673,1,1
298,7,0.026357751805335283,4,1
299,8,0.032020135006556906,3,1
300,9,0.05856848321855068,2,1
301,5,0.1493780934251845,6,1
302,-1,0.13404221662009755,12,1
303,5,0.03838219400495291,6,1
304,8,0.2069718800485134,3,1
305,10,0.052014853805303574,1,1
306,8,0.022765130425492924,3,1
307,7,0.14828749373555183,4,1
308,8,0.08582562208175659,3,1
309,9,0.06690588966012001,2,1
310,7,0.09775832667946815,4,1
311,8,0.03765943211813768,3,1
312,9,0.08918992802500725,2,1
313,7,0.07395231537520885,4,1
314,10,0.07503833621740341,1,1
315,-50,0.08790493417531252,50,0
316,7,0.16005994752049446,4,1
317,-21,0.06978261336917058,32,1
318,10,0.03643222898244858,1,1
319,7,0.06259519699960947,4,1
320,8,0.04306943962971369,3,1
321,8,0.05264332517981529,3,1
322,10,0.40334567427635193,1,1
323,8,0.07522852097948392,3,1
324,9,0.04782921075820923,2,1
325,9,0.037836565636098385,2,1
326,8,0.08100114514430364,3,1
327,6,0.03147753793746233,5,1
328,9,0.037258366122841835,2,1
329,8,0.05581962068875631,3,1
330,9,0.11009655520319939,2,1
331,7,0.030217081308364868,4,1
332,9,0.025682801846414804,2,1
333,6,0.09901854246854783,5,1
334,8,0.027662397051850956,3,1
335,7,0.08204184379428625,4,1
336,5,0.035341924677292504,6,1
337,8,0.04140599692861239,3,1
338,9,0.04031856916844845,2,1
339,10,0.01846848800778389,1,1
340,9,0.034635880030691624,2,1
341,9,0.2109822891652584,2,1
342,10,0.2496209442615509,1,1
343,8,0.023351889103651047,3,1
344,-13,0.10999533720314503,4,0
345,-10,0.0707063227891922,1,0
346,-50,0.08683162288740277,50,0
347,9,0.0572382677346468,2,1
348,8,0.13881171867251396,3,1
349,9,0.05486845877021551,2,1
350,8,0.044775704542795815,3,1
351,6,0.29940769374370574,5,1
352,10,0.035044364631175995,1,1
353,9,0.037114658392965794,2,1
354,8,0.05808927615483602,3,1
355,8,0.03690959389011065,3,1
356,9,0.29397671669721603,2,1
357,-10,0.09244417399168015,1,0
358,9,0.06448425352573395,2,1
359,9,0.45905666053295135,2,1
360,6,0.16537668332457542,5,1
361,8,0.06526690100630124,3,1
362,7,0.1506459778174758,4,1
363,6,0.07178130149841308,5,1
364,9,0.030431664548814297,2,1
365,-10,0.043025076389312744,1,0
366,8,0.13395239785313606,3,1
367,7,0.2711656764149666,4,1
368,7,0.08074644580483437,4,1
369,8,0.03108469086388747,3,1
370,7,0.1308952160179615,4,1
371,7,0.06819709856063128,4,1
372,8,0.15891454368829727,3,1
373,9,0.05623694509267807,2,1
374,8,0.2151584600408872,3,1
375,8,0.13073021111389002,3,1
376,7,0.13884993735700846,4,1
377,10,0.09130547195672989,1,1
378,10,0.0733490139245987,1,1
379,9,0.16532527469098568,2,1
380,9,0.03483363427221775,2,1
381,8,0.05355759461720785,3,1
382,9,0.0424664206802845,2,1
383,9,0.04713625647127628,2,1
384,6,0.04253507815301418,5,1
385,-11,0.07454812700267542,22,1
386,6,0.029806232266128063,5,1
387,9,0.04403692577034235,2,1
388,7,0.031392248813062906,4,1
389,9,0.3763884771615267,2,1
390,9,0.029790529049932957,2,1
391,10,0.07136238366365433,1,1
392,6,0.06562365517020226,5,1
393,8,0.21089871103564897,3,1
394,7,0.0641727615147829,4,1
395,7,0.09202515706419945,4,1
396,8,0.07858963807423909,3,1
397,-14,0.08834298733621836,25,1
398,-50,0.10322081297636032,50,0
399,7,0.2945008687674999,4,1
400,10,0.4645882844924927,1,1
401,-29,0.10740194811951369,40,1
402,6,0.14811263084411622,5,1
403,10,0.08815306425094604,1,1
404,10,0.08658527582883835,1,1
405,10,0.03854431211948395,1,1
406,7,0.07331903465092182,4,1
407,9,0.058073241263628006,2,1
408,10,0.14952176809310913,1,1
409,10,0.040856391191482544,1,1
410,7,0.03431904595345259,4,1
411,9,0.05894485116004944,2,1
412,8,0.14797850884497166,3,1
413,9,0.0642333710566163,2,1
414,10,0.02842431142926216,1,1
415,4,0.2855295389890671,7,1
416,10,0.033919695764780045,1,1
417,10,0.05705283582210541,1,1
418,7,0.0777609758079052,4,1
419,10,0.029927263036370277,1,1
420,7,0.11949437949806452,4,1
421,-50,0.0831547411158681,50,0
422,6,0.041886089742183684,5,1
423,9,0.022016036324203014,2,1
424,7,0.04940289631485939,4,1
425,8,0.11686966257790725,3,1
426,9,0.03136209584772587,2,1
427,-2,0.11176312671831021,13,1
428,7,0.0379586610943079,4,1
429,10,0.1254265457391739,1,1
430,7,0.047323551028966904,4,1
431,10,0.1253524124622345,1,1
432,7,0.05308011081069708,4,1
433,8,0.06266336763898532,3,1
434,9,0.04192808456718922,2,1
435,8,0.05027429014444351,3,1
436,8,0.041826628148555756,3,1
437,10,0.044413574039936066,1,1
438,9,0.02495434693992138,2,1
439,9,0.18592774122953415,2,1
440,10,0.020625248551368713,1,1
441,9,0.15048500895500183,2,1
442,7,0.11994145531207323,4,1
443,8,0.17193896447618803,3,1
444,8,0.0859537124633789,3,1
445,8,0.03714092200001081,3,1
446,8,0.020046663470566273,3,1
447,9,0.03975838050246239,2,1
448,10,0.025304099544882774,1,1
449,6,0.07051438204944134,5,1
450,9,0.025185443460941315,2,1
451,8,0.04058444003264109,3,1
452,-13,0.045220423489809036,4,0
453,10,0.5000067353248596,1,1
454,6,0.02979067750275135,5,1
455,10,0.022315962240099907,1,1
456,9,0.022792255505919456,2,1
457,8,0.03880036249756813,3,1
458,8,0.12775141994158426,3,1
459,6,0.07808623537421226,5,1
460,9,0.102339256554842,2,1
461,9,0.25024157762527466,2,1
462,-22,0.07340911939514405,33,1
463,9,0.04527699202299118,2,1
464,9,0.34973541647195816,2,1
465,8,0.24666603902975717,3,1
466,8,0.18700385093688965,3,1
467,7,0.07296147290617228,4,1
468,6,0.06976769715547562,5,1
469,10,0.029546290636062622,1,1
470,10,0.019437775015830994,1,1
471,9,0.0829604659229517,2,1
472,8,0.043968060364325844,3,1
473,8,0.04748924573262533,3,1
474,9,0.047578129917383194,2,1
475,9,0.04531577415764332,2,1
476,8,0.04333528007070223,3,1
477,10,0.11782590299844742,1,1
478,6,0.048959574475884435,5,1
479,6,0.161798083037138,5,1
480,-10,0.009655696339905262,1,0
481,8,0.055525325859586395,3,1
482,9,0.040112581104040146,2,1
483,9,0.0891953818500042,2,1
484,8,0.18606625124812126,3,1
485,9,0.03658320568501949,2,1
486,10,0.06232166290283203,1,1
487,10,0.027501557022333145,1,1
488,-11,0.05284327268600464,2,0
489,6,0.06910497695207596,5,1
490,7,0.08233301900327206,4,1
491,9,0.13202989846467972,2,1
492,10,0.27187392115592957,1,1
493,9,0.1749754175543785,2,1
494,9,0.32520114071667194,2,1
495,7,0.07157427910715342,4,1
496,2,0.08165468420419428,9,1
497,9,0.055974267423152924,2,1
498,9,0.05435224901884794,2,1
499,10,0.08831793069839478,1,1
500,8,0.04633368055025736,3,1
501,6,0.5266875326633453,5,1
502,10,0.07364675402641296,1,1
503,7,0.17667006887495518,4,1
504,7,0.19199723098427057,4,1
505,7,0.14537145383656025,4,1
506,10,0.0377432256937027,1,1
507,6,0.11499821841716766,5,1
508,6,0.15855149775743485,5,1
509,-10,0.1344373384934096,21,1
510,7,0.07616027351468801,4,1
511,10,0.10780178755521774,1,1
512,9,0.07282693311572075,2,1
513,7,0.06704343110322952,4,1
514,9,0.37334465235471725,2,1
515,9,0.05385476350784302,2,1
516,8,0.08063932259877522,3,1
517,-11,0.048613306134939194,2,0
518,9,0.07703443989157677,2,1
519,9,0.08035008236765862,2,1
520,9,0.06508071906864643,2,1
521,8,0.05219533294439316,3,1
522,9,0.10567735880613327,2,1
523,9,0.1261601410806179,2,1
524,-20,0.09516315974972465,11,0
525,10,0.34117987751960754,1,1
526,9,0.03993336297571659,2,1
527,8,0.15563482915361723,3,1
528,-8,0.1394732638605331,19,1
529,10,0.02380361407995224,1,1
530,9,0.3055618032813072,2,1
531,9,0.05324660614132881,2,1
532,8,0.06424928704897563,3,1
533,7,0.3544560167938471,4,1
534,7,0.03810955351218581,4,1
535,10,0.4968612790107727,1,1
536,8,0.04785230879982313,3,1
537,9,0.04288124293088913,2,1
538,8,0.2710963835318883,3,1
539,9,0.2355701345950365,2,1
540,8,0.2327257146437963,3,1
541,8,0.027687478810548782,3,1
542,10,0.049721911549568176,1,1
543,10,0.024595502763986588,1,1
544,10,0.036090683192014694,1,1
545,8,0.1500062793493271,3,1
546,8,0.060166052232186,3,1
547,9,0.1820185575634241,2,1
548,10,0.044113513082265854,1,1
549,7,0.13117106119170785,4,1
550,7,0.060673014260828495,4,1
551,8,0.1830266813437144,3,1
552,-32,0.10448722968007935,43,1
553,7,0.14231020119041204,4,1
554,8,0.03142046990493933,3,1
555,9,0.03977975435554981,2,1
556,7,0.1546896188519895,4,1
557,8,0.04346840518216292,3,1
558,9,0.026578206568956375,2,1
559,10,0.043722499161958694,1,1
560,7,0.023211039137095213,4,1
561,9,0.10606788098812103,2,1
562,8,0.029093000416954357,3,1
563,8,0.18715325991312662,3,1
564,10,0.02715369500219822,1,1
565,9,0.26840896159410477,2,1
566,10,0.011107474565505981,1,1
567,8,0.01967448617021243,3,1
568,9,0.09904718399047852,2,1
569,-24,0.07874156144846763,35,1
570,9,0.016764221247285604,2,1
571,10,0.04501621425151825,1,1
572,10,0.058890070766210556,1,1
573,10,0.02437095157802105,1,1
574,9,0.018570855259895325,2,1
575,10,0.017020121216773987,1,1
576,7,0.043884867802262306,4,1
577,8,0.05994978050390879,3,1
578,9,0.04608750343322754,2,1
579,7,0.10916062071919441,4,1
580,9,0.05877188593149185,2,1
581,8,0.030334144209822018,3,1
582,10,0.04839375615119934,1,1
583,-16,0.0707135055973022,27,1
584,10,0.028545860201120377,1,1
585,10,0.09845393896102905,1,1
586,8,0.16261626283327738,3,1
587,10,0.04202420264482498,1,1
588,8,0.2935367375612259,3,1
589,10,0.024609848856925964,1,1
590,7,0.12425399641506374,4,1
591,-50,0.0647021789290011,50,0
592,9,0.06423174776136875,2,1
593,10,0.28866055607795715,1,1
594,7,0.17279065307229757,4,1
595,7,0.051105047576129436,4,1
596,8,0.1502845734357834,3,1
597,9,0.32320011407136917,2,1
598,10,0.08654239773750305,1,1
599,-10,0.019300322979688644,1,0
600,10,0.011057307943701744,1,1
601,6,0.09710752293467521,5,1
602,10,0.05867302417755127,1,1
603,8,0.10769521507124107,3,1
604,6,0.12050007209181786,5,1
605,8,0.024033111830552418,3,1
606,6,0.10412665493786336,5,1
607,8,0.041840932021538414,3,1
608,10,0.18424680829048157,1,1
609,9,0.04504927806556225,2,1
610,7,0.049433328211307526,4,1
611,10,0.010427141562104225,1,1
612,7,0.044703437481075525,4,1
613,9,0.056154822930693626,2,1
614,8,0.12844549057384333,3,1
615,8,0.08556824053327243,3,1
616,9,0.03568823356181383,2,1
617,6,0.09971027206629515,5,1
618,8,0.2047167420387268,3,1
619,8,0.027891748895247776,3,1
620,9,0.033962165005505085,2,1
621,10,0.15687088668346405,1,1
622,8,0.03911254244546095,3,1
623,7,0.03175552794709802,4,1
624,10,0.010760602541267872,1,1
625,9,0.07489461172372103,2,1
626,8,0.04398175391058127,3,1
627,8,0.05702341844638189,3,1
628,8,0.0786640817920367,3,1
629,9,0.24398396536707878,2,1
630,9,0.04974463954567909,2,1
631,8,0.0872997095187505,3,1
632,10,0.018290258944034576,1,1
633,9,0.23767494410276413,2,1
634,9,0.3303905725479126,2,1
635,9,0.10647493042051792,2,1
636,8,0.050810897101958595,3,1
637,8,0.03152666985988617,3,1
638,8,0.21099297453959784,3,1
639,8,0.07609784292678039,3,1
640,9,0.42112522944808006,2,1
641,10,0.03890388086438179,1,1
642,-25,0.10403776233498421,36,1
643,8,0.10742202152808507,3,1
644,9,0.04186068195849657,2,1
645,9,0.07470728736370802,2,1
646,5,0.11266495644425352,6,1
647,9,0.04222714900970459,2,1
648,6,0.07203411534428597,5,1
649,10,0.04667399451136589,1,1
650,10,0.014983931556344032,1,1
651,6,0.069365856051445,5,1
652,10,0.07923293858766556,1,1
653,7,0.09474404342472553,4,1
654,9,0.045033954083919525,2,1
655,10,0.025666916742920876,1,1
656,7,0.05644270125776529,4,1
657,8,0.05826286847392718,3,1
658,4,0.04540999832430056,7,1
659,9,0.05678923288360238,2,1
660,6,0.15533024966716766,5,1
661,10,0.08353258669376373,1,1
662,7,0.15708251670002937,4,1
663,9,0.24189411848783493,2,1
664,8,0.030460034186641376,3,1
665,9,0.04938382841646671,2,1
666,8,0.04449164619048437,3,1
667,9,0.20607959013432264,2,1
668,8,0.02888457104563713,3,1
669,7,0.10127591900527477,4,1
670,7,0.03021192317828536,4,1
671,8,0.27595120544234913,3,1
672,9,0.09464826248586178,2,1
673,-10,0.09750600159168243,1,0
674,10,0.38180071115493774,1,1
675,7,0.026010926347225904,4,1
676,10,0.02736579440534115,1,1
677,9,0.03191032633185387,2,1
678,10,0.02939198911190033,1,1
679,10,0.027347713708877563,1,1
680,8,0.11550097167491913,3,1
681,8,0.06536388676613569,3,1
682,8,0.029678447172045708,3,1
683,10,0.04744134843349457,1,1
684,6,0.06427645571529865,5,1
685,9,0.01609119586646557,2,1
686,10,0.09708660840988159,1,1
687,8,0.027293553575873375,3,1
688,6,0.07484218627214431,5,1
689,-20,0.07513053703211969,31,1
690,10,0.10892301797866821,1,1
691,10,0.02890547178685665,1,1
692,10,0.014602972194552422,1,1
693,-16,0.10001113558946936,27,1
694,8,0.16392920166254044,3,1
695,-1,0.05681627010926604,12,1
696,9,0.2334148148074746,2,1
697,5,0.09145353781059384,6,1
698,7,0.07858432503417134,4,1
699,10,0.021256133913993835,1,1
700,8,0.055356631676355995,3,1
701,9,0.01842684019356966,2,1
702,8,0.01512262069930633,3,1
703,8,0.03043435327708721,3,1
704,9,0.028446421958506107,2,1
705,6,0.05423002019524574,5,1
706,9,0.0323014073073864,2,1
707,9,0.10964356735348701,2,1
708,8,0.03442349378019571,3,1
709,9,0.022893871180713177,2,1
710,7,0.23171870317310095,4,1
711,5,0.026208617724478245,6,1
712,6,0.11064133662730455,5,1
713,-12,0.2796552513415615,3,0
714,9,0.07047783583402634,2,1
715,6,0.050782546401023865,5,1
716,9,0.03550106007605791,2,1
717,9,0.06831347290426493,2,1
718,7,0.03163118939846754,4,1
719,5,0.08531399381657441,6,1
720,10,0.37885648012161255,1,1
721,10,0.013026717118918896,1,1
722,9,0.06414163485169411,2,1
723,9,0.052090661600232124,2,1
724,6,0.09021853767335415,5,1
725,9,0.05552148073911667,2,1
726,8,0.0538001557191213,3,1
727,7,0.1159032448194921,4,1
728,10,0.029562607407569885,1,1
729,10,0.05165810510516167,1,1
730,10,0.027604907751083374,1,1
731,6,0.033693534508347514,5,1
732,7,0.13656098023056984,4,1
733,8,0.019113515814145405,3,1
734,10,0.006048643030226231,1,1
735,-26,0.1069947373779381,17,0
736,10,0.13530927896499634,1,1
737,10,0.02334672212600708,1,1
738,8,0.03135285526514053,3,1
739,8,0.19920557737350464,3,1
740,10,0.04624967277050018,1,1
741,8,0.034626672665278115,3,1
742,9,0.5489112734794617,2,1
743,10,0.02485419251024723,1,1
744,6,0.03664648793637752,5,1
745,9,0.036712393164634705,2,1
746,-24,0.07222364954650402,35,1
747,8,0.024125475746889908,3,1
748,-15,0.08495831503891028,26,1
749,9,0.03340186271816492,2,1
750,10,0.033642809838056564,1,1
751,6,0.027806401439011096,5,1
752,8,0.05345918983221054,3,1
753,6,0.13767827488481998,5,1
754,8,0.021352920060356457,3,1
755,9,0.06498541962355375,2,1
756,-50,0.12180739453062416,50,0
757,7,0.08271621121093631,4,1
758,9,0.1309831626713276,2,1
759,9,0.034018587321043015,2,1
760,7,0.17386150686070323,4,1
761,7,0.15011100796982646,4,1
762,7,0.06805637734942138,4,1
763,8,0.07507293640325467,3,1
764,9,0.12074500881135464,2,1
765,8,0.07058532039324443,3,1
766,6,0.1186469241976738,5,1
767,9,0.22767768241465092,2,1
768,9,0.046716452576220036,2,1
769,6,0.12683809399604798,5,1
770,8,0.10324654759218295,3,1
771,10,0.02503778599202633,1,1
772,8,0.030758274719119072,3,1
773,10,0.08371661603450775,1,1
774,9,0.08766865730285645,2,1
775,-50,0.09629451066255569,50,0
776,7,0.14470418309792876,4,1
777,9,0.06512737460434437,2,1
778,10,0.42154815793037415,1,1
779,8,0.017943579703569412,3,1
780,9,0.044616471976041794,2,1
781,10,0.0805688425898552,1,1
782,9,0.2870064415037632,2,1
783,9,0.034388006664812565,2,1
784,7,0.15975084900856018,4,1
785,8,0.041554479549328484,3,1
786,9,0.015482190763577819,2,1
787,5,0.09945514177282651,6,1
788,8,0.1480104625225067,3,1
789,10,0.1596422791481018,1,1
790,7,0.3368568569421768,4,1
791,8,0.2538907205065091,3,1
792,10,0.03252781182527542,1,1
793,-50,0.08862851224839688,50,0
794,9,0.026963495649397373,2,1
795,9,0.10449135303497314,2,1
796,9,0.024154015816748142,2,1
797,8,0.061227129151423774,3,1
798,7,0.05406882893294096,4,1
799,-50,0.0793373187072575,50,0
800,9,0.012494874186813831,2,1
801,9,0.06008792109787464,2,1
802,-50,0.08878891596570611,50,0
803,10,0.056553229689598083,1,1
804,6,0.059904112666845324,5,1
805,9,0.045551467686891556,2,1
806,10,0.06203404441475868,1,1
807,6,0.07454264797270298,5,1
808,8,0.24501752108335495,3,1
809,7,0.11353376135230064,4,1
810,10,0.10236048698425293,1,1
811,9,0.06766043230891228,2,1
812,9,0.04766368493437767,2,1
813,10,0.08216822147369385,1,1
814,9,0.077018853276968,2,1
815,7,0.06340095214545727,4,1
816,8,0.024727832215527695,3,1
817,2,0.04375045601692465,9,1
818,8,0.05770422890782356,3,1
819,5,0.16651297391702732,6,1
820,5,0.05331522350509962,6,1
821,10,0.027458321303129196,1,1
822,7,0.03954689297825098,4,1
823,7,0.045775240287184715,4,1
824,8,0.060921721160411835,3,1
825,10,0.11144392937421799,1,1
826,10,0.12482541799545288,1,1
827,7,0.15237434953451157,4,1
828,7,0.19050613977015018,4,1
829,6,0.04838712848722935,5,1
830,8,0.04414334644873937,3,1
831,10,0.01670737937092781,1,1
832,9,0.2778603471815586,2,1
833,10,0.04492037743330002,1,1
834,7,0.03625162784010172,4,1
835,7,0.03443575091660023,4,1
836,8,0.09216324736674626,3,1
837,6,0.06483992114663124,5,1
838,8,0.030419041713078816,3,1
839,-16,0.08495629806485441,27,1
840,6,0.19370520785450934,5,1
841,10,0.05056615546345711,1,1
842,6,0.13349724188446999,5,1
843,8,0.1410163560261329,3,1
844,6,0.28153319507837293,5,1
845,7,0.032799622509628534,4,1
846,7,0.04164851130917668,4,1
847,8,0.03549120637277762,3,1
848,7,0.049846986308693886,4,1
849,-10,0.07008790969848633,1,0
850,5,0.10004854388535023,6,1
851,10,0.04312017560005188,1,1
852,8,0.079708656296134,3,1
853,8,0.03633655607700348,3,1
854,8,0.04470006749033928,3,1
855,9,0.1011139564216137,2,1
856,8,0.053395318488279976,3,1
857,8,0.05708443187177181,3,1
858,8,0.03807490008572737,3,1
859,-42,0.06930629025693193,33,0
860,-12,0.04147632295886675,3,0
861,-19,0.09248408737281959,30,1
862,6,0.12205994836986064,5,1
863,9,0.026598130352795124,2,1
864,9,0.7926678657531738,2,1
865,10,0.04807404428720474,1,1
866,9,0.23855283856391907,2,1
867,10,0.05020394176244736,1,1
868,8,0.14637738962968191,3,1
869,9,0.03215682785958052,2,1
870,8,0.04099126843114694,3,1
871,8,0.026513544842600822,3,1
872,-50,0.0996707639656961,50,0
873,8,0.09585151635110378,3,1
874,7,0.048844704404473305,4,1
875,8,0.03238525055348873,3,1
876,9,0.2204044610261917,2,1
877,10,0.03731708973646164,1,1
878,7,0.22150769270956516,4,1
879,9,0.039628539234399796,2,1
880,10,0.02621041238307953,1,1
881,9,0.0295762587338686,2,1
882,10,0.07824011147022247,1,1
883,8,0.036755136835078396,3,1
884,10,0.023981010541319847,1,1
885,8,0.029599943508704502,3,1
886,6,0.1271803814917803,5,1
887,7,0.0425036046653986,4,1
888,-18,0.11118986174978059,29,1
889,8,0.15480434087415537,3,1
890,7,0.10264827543869615,4,1
891,8,0.029023794767757256,3,1
892,10,0.06640414893627167,1,1
893,9,0.02240134123712778,2,1
894,10,0.02825535461306572,1,1
895,8,0.20410802525778612,3,1
896,10,0.018859388306736946,1,1
897,8,0.03689577151089907,3,1
898,8,0.06784835085272789,3,1
899,5,0.034956611692905426,6,1
900,8,0.23815328752001128,3,1
901,-46,0.13277805989255775,37,0
902,10,0.05555134266614914,1,1
903,7,0.03308700677007437,4,1
904,10,0.017721325159072876,1,1
905,8,0.08910519381364186,3,1
906,9,0.05341119132936001,2,1
907,8,0.13371364027261734,3,1
908,10,0.44308269023895264,1,1
909,7,0.11318145925179124,4,1
910,6,0.09249367825686931,5,1
911,10,0.07461104542016983,1,1
912,9,0.29597149416804314,2,1
913,-17,0.06248180102556944,8,0
914,7,0.036328227492049336,4,1
915,7,0.16223495360463858,4,1
916,9,0.039795028045773506,2,1
917,6,0.029303231835365297,5,1
918,10,0.01027032732963562,1,1
919,9,0.08234772831201553,2,1
920,8,0.03676882075766722,3,1
921,10,0.018153518438339233,1,1
922,8,0.11993652333815892,3,1
923,10,0.022002864629030228,1,1
924,8,0.027438680020471413,3,1
925,7,0.06067807786166668,4,1
926,9,0.05676148645579815,2,1
927,8,0.03289941946665446,3,1
928,7,0.17226894479244947,4,1
929,6,0.2916474208235741,5,1
930,9,0.3004117151722312,2,1
931,8,0.0422083872059981,3,1
932,9,0.035896094515919685,2,1
933,9,0.05397099256515503,2,1
934,8,0.031031159063180287,3,1
935,7,0.21053586900234222,4,1
936,10,0.050436194986104965,1,1
937,8,0.1309712678194046,3,1
938,5,0.04579905203233162,6,1
939,8,0.07607342551151912,3,1
940,6,0.050550006330013275,5,1
941,9,0.04131321609020233,2,1
942,-6,0.08231781160130221,17,1
943,-22,0.062493084309001766,33,1
944,9,0.3052171915769577,2,1
945,5,0.14003612101078033,6,1
946,6,0.045224803313612935,5,1
947,10,0.022495269775390625,1,1
948,8,0.06316746150453885,3,1
949,9,0.042761871591210365,2,1
950,8,0.02432132698595524,3,1
951,7,0.07507381867617369,4,1
952,9,0.05736145004630089,2,1
953,10,0.06565026193857193,1,1
954,9,0.033046210184693336,2,1
955,9,0.031009754166007042,2,1
956,9,0.061622072011232376,2,1
957,6,0.05032853484153747,5,1
958,10,0.160966157913208,1,1
959,6,0.07752487584948539,5,1
960,9,0.04086807370185852,2,1
961,9,0.0820619985461235,2,1
962,7,0.05935764824971557,4,1
963,10,0.048551153391599655,1,1
964,6,0.04435144364833832,5,1
965,7,0.03432545019313693,4,1
966,9,0.026065465062856674,2,1
967,10,0.053952157497406006,1,1
968,7,0.06826393492519855,4,1
969,9,0.037449734285473824,2,1
970,6,0.0550135113298893,5,1
971,8,0.04263538867235184,3,1
972,7,0.035523539409041405,4,1
973,-2,0.1059842360420869,13,1
974,-6,0.04915950502104619,17,1
975,8,0.026661572977900505,3,1
976,6,0.033572662621736526,5,1
977,9,0.02062969747930765,2,1
978,9,0.027852450497448444,2,1
979,-50,0.04523385688662529,50,0
980,8,0.045438763995965324,3,1
981,7,0.06256407964974642,4,1
982,9,0.07768813520669937,2,1
983,7,0.07595315389335155,4,1
984,8,0.10709877063830693,3,1
985,6,0.0518487699329853,5,1
986,8,0.1010034829378128,3,1
987,9,0.28993847966194153,2,1
988,9,0.2513963128440082,2,1
989,7,0.07176956906914711,4,1
990,6,0.04313861727714539,5,1
991,7,0.08155016787350178,4,1
992,-2,0.05642602363458046,13,1
993,8,0.06823986644546191,3,1
994,9,0.05408872477710247,2,1
995,7,0.049104243516922,4,1
996,8,0.07886469860871632,3,1
997,9,0.023623081855475903,2,1
998,5,0.051848383930822216,6,1
999,-7,0.03477605235659414,18,1
1000,10,0.059198103845119476,1,1
1,7,0.08802279643714428,4,1
2,10,0.030459251254796982,1,1
3,10,0.07649827003479004,1,1
4,9,0.08335609082132578,2,1
5,10,0.023373186588287354,1,1
6,8,0.06308111920952797,3,1
7,10,0.052158329635858536,1,1
8,5,0.060786993553241096,6,1
9,9,0.03250376880168915,2,1
10,9,0.019341326784342527,2,1
11,9,0.02612114790827036,2,1
12,9,0.28212426602840424,2,1
13,10,0.03808179497718811,1,1
14,9,0.03139456547796726,2,1
15,7,0.024735783925279975,4,1
16,7,0.02807131363078952,4,1
17,10,0.029446832835674286,1,1
18,3,0.04630310577340424,8,1
19,8,0.08320194731156032,3,1
20,9,0.019156362861394882,2,1
21,9,0.03406428545713425,2,1
22,8,0.06266571891804536,3,1
23,7,0.10346562974154949,4,1
24,10,0.04836350306868553,1,1
25,8,0.0698242982228597,3,1
26,4,0.06680199929646083,7,1
27,10,0.10604886710643768,1,1
28,10,0.07421334832906723,1,1
29,7,0.05056524043902755,4,1
30,7,0.10018247552216053,4,1
31,8,0.10587097331881523,3,1
32,9,0.020943762734532356,2,1
33,7,0.05772774573415518,4,1
34,6,0.05729454457759857,5,1
35,6,0.034636400267481805,5,1
36,8,0.0397644384453694,3,1
37,-11,0.05122569017112255,2,0
38,6,0.050731024518609044,5,1
39,8,0.2648223092158635,3,1
40,6,0.05820992812514305,5,1
41,-8,0.09895686270963204,19,1
42,9,0.021714143455028534,2,1
43,-50,0.09021518811583519,50,0
44,10,0.03975171595811844,1,1
45,9,0.033691756427288055,2,1
46,-7,0.06842733298738797,18,1
47,10,0.03914610296487808,1,1
48,5,0.11564369748036067,6,1
49,8,0.022558653106292088,3,1
50,9,0.07164627499878407,2,1
51,7,0.15626587020233274,4,1
52,10,0.05725003778934479,1,1
53,10,0.06864041835069656,1,1
54,8,0.05506910880406698,3,1
55,10,0.0557289645075798,1,1
56,7,0.03465973190031946,4,1
57,-11,0.09798733060332862,22,1
58,9,0.06402561441063881,2,1
59,8,0.03510509803891182,3,1
60,6,0.04773366935551167,5,1
61,9,0.3000997481867671,2,1
62,8,0.08092832068602245,3,1
63,9,0.052470896393060684,2,1
64,8,0.03212162541846434,3,1
65,-28,0.08317586044088388,39,1
66,9,0.24661312252283096,2,1
67,6,0.02640712894499302,5,1
68,5,0.03365788127606114,6,1
69,9,0.03171473881229758,2,1
70,7,0.1056342851370573,4,1
71,10,0.11565187573432922,1,1
72,9,0.04806624259799719,2,1
73,6,0.027949318289756775,5,1
74,6,0.11547145582735538,5,1
75,10,0.03142136335372925,1,1
76,7,0.04615372372791171,4,1
77,10,0.015275388024747372,1,1
78,9,0.014824772253632545,2,1
79,7,0.04238064237870276,4,1
80,8,0.01952227298170328,3,1
81,8,0.03999074175953865,3,1
82,8,0.0436401441693306,3,1
83,10,0.05464976280927658,1,1
84,5,0.04374865194161733,6,1
85,6,0.13866675477474927,5,1
86,9,0.06871405616402626,2,1
87,8,0.13572686165571213,3,1
88,8,0.021935513553520043,3,1
89,9,0.01844167709350586,2,1
90,10,0.028042078018188477,1,1
91,9,0.011929408181458712,2,1
92,10,0.04516923055052757,1,1
93,9,0.012706111650913954,2,1
94,9,0.02922271192073822,2,1
95,-7,0.045832568417406745,18,1
96,8,0.03142977443834146,3,1
97,10,0.02463504672050476,1,1
98,10,0.022815382108092308,1,1
99,10,0.02896442636847496,1,1
100,7,0.02646981691941619,4,1
101,6,0.0344885490834713,5,1
102,10,0.020671825855970383,1,1
103,9,0.013232980854809284,2,1
104,7,0.03295927820727229,4,1
105,10,0.015399111434817314,1,1
106,10,0.015336249954998493,1,1
107,10,0.022704578936100006,1,1
108,8,0.027108142773310345,3,1
109,8,0.20444542542099953,3,1
110,6,0.020325973629951477,5,1
111,9,0.02291051670908928,2,1
112,5,0.2004529586993158,6,1
113,7,0.015049224137328565,4,1
114,6,0.040014031901955606,5,1
115,-50,0.03455942478962243,50,0
116,-11,0.19783418718725443,2,0
117,-4,0.10522081855063638,15,1
118,8,0.027994601676861446,3,1
119,8,0.022027029655873775,3,1
120,10,0.015846164897084236,1,1
121,9,0.01593363657593727,2,1
122,7,0.025135535281151533,4,1
123,9,0.012205848935991526,2,1
124,8,0.021615804483493168,3,1
125,9,0.034935081377625465,2,1
126,-50,0.06126325400546193,50,0
127,10,0.04150940477848053,1,1
128,5,0.034745658126970135,6,1
129,8,0.020084514593084652,3,1
130,8,0.03818260133266449,3,1
131,9,0.017978697083890438,2,1
132,7,0.13117378414608538,4,1
133,10,0.04496359825134277,1,1
134,6,0.022282730136066676,5,1
135,7,0.11709211906418204,4,1
136,10,0.03410796448588371,1,1
137,-14,0.05137231346219778,25,1
138,8,0.039617893596490227,3,1
139,8,0.020648336969316006,3,1
140,2,0.02541146044515901,9,1
141,9,0.010969073977321386,2,1
142,9,0.01808882039040327,2,1
143,7,0.029454085044562817,4,1
144,8,0.15143300965428352,3,1
145,9,0.025410589762032032,2,1
146,10,0.01603848487138748,1,1
147,10,0.025429949164390564,1,1
148,6,0.10896540582180023,5,1
149,8,0.0988849806599319,3,1
150,9,0.03299953229725361,2,1
151,5,0.03658238022277752,6,1
152,8,0.03272621644039949,3,1
153,-8,0.0714600338159423,19,1
154,6,0.015654904861003162,5,1
155,8,0.026749648464222748,3,1
156,8,0.030475883434216183,3,1
157,9,0.02249382808804512,2,1
158,9,0.01300152949988842,2,1
159,9,0.24522697553038597,2,1
160,-8,0.04741587847667305,19,1
161,10,0.03432648628950119,1,1
162,9,0.02862151525914669,2,1
163,8,0.03230744693428278,3,1
164,7,0.025240032002329826,4,1
165,10,0.021423619240522385,1,1
166,9,0.08571457536891103,2,1
167,8,0.02665678147847454,3,1
168,7,0.024231293355114758,4,1
169,9,0.04142588749527931,2,1
170,7,0.1438391376286745,4,1
171,-50,0.05641917126253247,50,0
172,7,0.03423082665540278,4,1
173,10,0.04760994762182236,1,1
174,9,0.05880478210747242,2,1
175,10,0.013104736804962158,1,1
176,-13,0.0869671708593766,24,1
177,9,0.0454229936003685,2,1
178,8,0.026942535613973934,3,1
179,9,0.1483796127140522,2,1
180,8,0.17526487354189157,3,1
181,9,0.027358834631741047,2,1
182,10,0.022458961233496666,1,1
183,8,0.05116393727560838,3,1
184,10,0.0324820876121521,1,1
185,8,0.03267027623951435,3,1
186,9,0.04108474776148796,2,1
187,8,0.03268024077018102,3,1
188,8,0.02624430414289236,3,1
189,10,0.056926824152469635,1,1
190,9,0.03575767017900944,2,1
191,8,0.022076450909177463,3,1
192,9,0.022215070202946663,2,1
193,8,0.05572002132733663,3,1
194,7,0.06841510161757469,4,1
195,10,0.0545676164329052,1,1
196,9,0.2879209127277136,2,1
197,10,0.019730791449546814,1,1
198,7,0.14059702795930207,4,1
199,9,0.022572331130504608,2,1
200,5,0.031437564020355545,6,1
201,7,0.1367543265223503,4,1
202,7,0.03811081510502845,4,1
203,6,0.12078377157449723,5,1
204,7,0.016526527237147093,4,1
205,7,0.0379190887324512,4,1
206,10,0.030994903296232224,1,1
207,6,0.05913779586553573,5,1
208,10,0.08621450513601303,1,1
209,8,0.03996811558802923,3,1
210,9,0.04034565296024084,2,1
211,9,0.02998445276170969,2,1
212,10,0.05107308179140091,1,1
213,8,0.11204574381311734,3,1
214,10,0.053675875067710876,1,1
215,8,0.033673533548911415,3,1
216,8,0.012198039951423803,3,1
217,8,0.07969964171449344,3,1
218,10,0.04328545182943344,1,1
219,6,0.034911076352000234,5,1
220,9,0.02755925990641117,2,1
221,-50,0.09090886211022735,50,0
222,7,0.1422406518831849,4,1
223,9,0.0463983528316021,2,1
224,7,0.0599782383069396,4,1
225,8,0.03071624847749869,3,1
226,9,0.04895685240626335,2,1
227,8,0.08910131764908631,3,1
228,-50,0.07889811782166362,50,0
229,8,0.06912234053015709,3,1
230,6,0.0769440196454525,5,1
231,9,0.0265159010887146,2,1
232,9,0.03426556196063757,2,1
233,7,0.050954137463122606,4,1
234,8,0.1098275917271773,3,1
235,8,0.0897433211406072,3,1
236,9,0.04838649556040764,2,1
237,-10,0.08190111815929413,1,0
238,9,0.06514419987797737,2,1
239,9,0.5140812247991562,2,1
240,8,0.025791998952627182,3,1
241,8,0.05840859810511271,3,1
242,10,0.019680574536323547,1,1
243,-50,0.10631185919046401,50,0
244,10,0.039304137229919434,1,1
245,10,0.04446367174386978,1,1
246,9,0.28193676099181175,2,1
247,9,0.02348470315337181,2,1
248,7,0.04733797302469611,4,1
249,7,0.0808547968044877,4,1
250,7,0.05130209866911173,4,1
251,8,0.21489405259490013,3,1
252,10,0.36991244554519653,1,1
253,7,0.04996471107006073,4,1
254,-22,0.08164399317823924,13,0
255,-10,0.147969052195549,1,0
256,9,0.025753825902938843,2,1
257,-17,0.05768869993542986,28,1
258,-50,0.08223097775131465,50,0
259,8,0.18115098712344965,3,1
260,-10,0.022678282111883163,1,0
261,6,0.04177126698195934,5,1
262,10,0.053692132234573364,1,1
263,10,0.5163276791572571,1,1
264,9,0.08377952966839075,2,1
265,7,0.04049379471689463,4,1
266,10,0.04364496469497681,1,1
267,10,0.03626711666584015,1,1
268,7,0.06553874863311648,4,1
269,9,0.022080172784626484,2,1
270,9,0.025395738892257214,2,1
271,7,0.03187345154583454,4,1
272,9,0.039322986267507076,2,1
273,8,0.15046747556577125,3,1
274,7,0.029974622651934624,4,1
275,6,0.11460482440888882,5,1
276,7,0.04805457126349211,4,1
277,9,0.1512901745736599,2,1
278,8,0.07358890896042188,3,1
279,7,0.06682216189801693,4,1
280,7,0.1443736874498427,4,1
281,9,0.037144117057323456,2,1
282,9,0.014733118936419487,2,1
283,-11,0.017339937388896942,2,0
284,7,0.056284655816853046,4,1
285,8,0.031757342939575516,3,1
286,10,0.023927081376314163,1,1
287,8,0.1940409541130066,3,1
288,7,0.04545847047120333,4,1
289,9,0.06790055707097054,2,1
290,9,0.28518053889274597,2,1
291,8,0.05907353013753891,3,1
292,-35,0.07421505708328408,46,1
293,10,0.013416120782494545,1,1
294,8,0.08014590044816335,3,1
295,10,0.06810291856527328,1,1
296,8,0.1097251462439696,3,1
297,-20,0.10965244622240143,31,1
298,9,0.04041450843214989,2,1
299,9,0.046338289976119995,2,1
300,10,0.06822467595338821,1,1
301,9,0.024439859203994274,2,1
302,8,0.026985741530855496,3,1
303,7,0.19310811813920736,4,1
304,3,0.14475739165209234,8,1
305,10,0.43574967980384827,1,1
306,9,0.022467675618827343,2,1
307,7,0.02330764476209879,4,1
308,8,0.026752774914105732,3,1
309,8,0.06263674298922221,3,1
310,9,0.03741926699876785,2,1
311,8,0.14964381357034048,3,1
312,9,0.22912933863699436,2,1
313,9,0.024057517759501934,2,1
314,8,0.2348226656516393,3,1
315,9,0.04227824788540602,2,1
316,7,0.036356011405587196,4,1
317,8,0.03372408915311098,3,1
318,9,0.02298910729587078,2,1
319,9,0.03317361045628786,2,1
320,9,0.27278014086186886,2,1
321,10,0.021034855395555496,1,1
322,8,0.04854420820871989,3,1
323,9,0.04505782388150692,2,1
324,9,0.3720659986138344,2,1
325,9,0.03589757066220045,2,1
326,10,0.9580130577087402,1,1
327,9,0.03703724406659603,2,1
328,9,0.04652824066579342,2,1
329,9,0.043478043749928474,2,1
330,9,0.22229688614606857,2,1
331,8,0.14833547671635947,3,1
332,8,0.03374099483092626,3,1
333,6,0.046145429462194444,5,1
334,10,0.027666477486491203,1,1
335,9,0.04691422916948795,2,1
336,6,0.14961781688034534,5,1
337,10,0.020626353099942207,1,1
338,-15,0.036204575871427856,6,0
339,8,0.0631997361779213,3,1
340,9,0.02408680133521557,2,1
341,9,0.03479425609111786,2,1
342,8,0.19016240599254766,3,1
343,10,0.04064497351646423,1,1
344,8,0.037772037088871,3,1
345,9,0.2363116517663002,2,1
346,9,0.05105888471007347,2,1
347,8,0.19346524340411028,3,1
348,8,0.04182207149763902,3,1
349,5,0.12058064605419834,6,1
350,8,0.051913293078541756,3,1
351,0,0.08181027018211105,11,1
352,9,0.062215681187808514,2,1
353,6,0.3385971926152706,5,1
354,6,0.04928514882922173,5,1
355,9,0.2505174186080694,2,1
356,9,0.1036926880478859,2,1
357,7,0.18965223524719477,4,1
358,9,0.05766155943274498,2,1
359,9,0.24794511124491692,2,1
360,10,0.0920301303267479,1,1
361,9,0.26853853836655617,2,1
362,-50,0.06988958494737744,50,0
363,9,0.024917185306549072,2,1
364,6,0.2300930880010128,5,1
365,8,0.16162278379003206,3,1
366,8,0.05094334855675697,3,1
367,5,0.02694077945003907,6,1
368,5,0.11581033126761515,6,1
369,10,0.022161755710840225,1,1
370,5,0.11784340565403302,6,1
371,1,0.21887149699032307,10,1
372,8,0.24913578728834787,3,1
373,8,0.055326265593369804,3,1
374,8,0.027716387063264847,3,1
375,10,0.08925347775220871,1,1
376,9,0.0657733604311943,2,1
377,8,0.19787674645582834,3,1
378,9,0.06923019513487816,2,1
379,9,0.23291748389601707,2,1
380,9,0.018889843486249447,2,1
381,8,0.2779853604733944,3,1
382,9,0.17694293707609177,2,1
383,9,0.05033409595489502,2,1
384,9,0.22616915963590145,2,1
385,9,0.012902854010462761,2,1
386,7,0.02575220400467515,4,1
387,9,0.3463916555047035,2,1
388,8,0.15638009582956633,3,1
389,10,0.027376636862754822,1,1
390,9,0.06880571320652962,2,1
391,10,0.11031941324472427,1,1
392,7,0.05428413953632116,4,1
393,5,0.1220074111285309,6,1
394,8,0.07437188488741715,3,1
395,8,0.04117114966114362,3,1
396,5,0.032314141591389976,6,1
397,6,0.04776547886431217,5,1
398,-10,0.020186208188533783,1,0
399,7,0.31564541906118393,4,1
400,9,0.25566284358501434,2,1
401,9,0.07496026530861855,2,1
402,10,0.016685761511325836,1,1
403,8,0.02045328449457884,3,1
404,7,0.03224981063976884,4,1
405,10,0.020522087812423706,1,1
406,9,0.022751230746507645,2,1
407,9,0.20963402092456818,2,1
408,7,0.018364650662988424,4,1
409,10,0.017917178571224213,1,1
410,5,0.10119380243122578,6,1
411,5,0.10062112907568614,6,1
412,10,0.019673891365528107,1,1
413,5,0.16969051522513232,6,1
414,9,0.045893494971096516,2,1
415,0,0.05522150495512919,11,1
416,7,0.17915891855955124,4,1
417,7,0.1117864646948874,4,1
418,9,0.2395434845238924,2,1
419,9,0.030845647677779198,2,1
420,7,0.07756983302533627,4,1
421,5,0.09681556311746438,6,1
422,8,0.13272796819607416,3,1
423,6,0.040601775795221326,5,1
424,9,0.06973351910710335,2,1
425,3,0.09275548998266459,8,1
426,7,0.05989987403154373,4,1
427,8,0.043258038659890495,3,1
428,7,0.03614364331588149,4,1
429,9,0.01709113549441099,2,1
430,10,0.03576774150133133,1,1
431,9,0.017761514522135258,2,1
432,8,0.12831669859588146,3,1
433,9,0.06609033327549696,2,1
434,10,0.015660181641578674,1,1
435,7,0.06679276749491692,4,1
436,8,0.07904596130053203,3,1
437,8,0.06260748331745465,3,1
438,7,0.07534373551607132,4,1
439,8,0.0553042342265447,3,1
440,8,0.05647090698281924,3,1
441,7,0.10612160619348288,4,1
442,10,0.04299319535493851,1,1
443,8,0.08481200536092122,3,1
444,8,0.10094094028075536,3,1
445,8,0.0805225061873595,3,1
446,10,0.07446259260177612,1,1
447,8,0.15492828687032065,3,1
448,4,0.05006484953420503,7,1
449,9,0.12897296994924545,2,1
450,-28,0.06335253120423892,39,1
451,9,0.25378520507365465,2,1
452,8,0.03133457557608684,3,1
453,7,0.11239147000014782,4,1
454,7,0.2774215815588832,4,1
455,9,0.32813447434455156,2,1
456,10,0.035621076822280884,1,1
457,8,0.03223881311714649,3,1
458,8,0.031616855412721634,3,1
459,8,0.03304462010661761,3,1
460,8,0.09093757532536983,3,1
461,8,0.05798890938361486,3,1
462,-10,0.07366420355226312,21,1
463,-12,0.10504089433537878,23,1
464,7,0.17174703907221556,4,1
465,9,0.25021516159176826,2,1
466,7,0.063557093963027,4,1
467,8,0.06088756894071897,3,1
468,6,0.09693918153643608,5,1
469,9,0.023950654082000256,2,1
470,7,0.033648413605988026,4,1
471,9,0.021883022040128708,2,1
472,7,0.032879543490707874,4,1
473,10,0.06217058375477791,1,1
474,4,0.028941417645130838,7,1
475,8,0.30533855843047303,3,1
476,7,0.2418535128235817,4,1
477,8,0.07536003676553567,3,1
478,7,0.11878347722813487,4,1
479,7,0.04646287485957146,4,1
480,10,0.036362174898386,1,1
481,-13,0.0504774721339345,4,0
482,9,0.03296355903148651,2,1
483,9,0.0714125232771039,2,1
484,9,0.04514065198600292,2,1
485,8,0.03472635584572951,3,1
486,10,0.01055227406322956,1,1
487,6,0.09107026793062686,5,1
488,8,0.0834118699034055,3,1
489,8,0.06161946554978689,3,1
490,9,0.13545913994312286,2,1
491,7,0.16654933150857687,4,1
492,5,0.0572905990605553,6,1
493,9,0.12847174517810345,2,1
494,8,0.036228831857442856,3,1
495,10,0.04236534610390663,1,1
496,8,0.05164208014806112,3,1
497,6,0.049960052222013475,5,1
498,10,0.18695417046546936,1,1
499,10,0.11327622085809708,1,1
500,9,0.029162440448999405,2,1
501,6,0.052740197628736496,5,1
502,-14,0.0552943554520607,25,1
503,9,0.025486143305897713,2,1
504,8,0.04654660262167454,3,1
505,10,0.02658108063042164,1,1
506,6,0.031783153861761095,5,1
507,10,0.5759256482124329,1,1
508,8,0.03321967304994663,3,1
509,10,0.013259968720376492,1,1
510,10,0.026210715994238853,1,1
511,6,0.0642296127974987,5,1
512,10,0.012714061886072159,1,1
513,8,0.04151636299987634,3,1
514,9,0.026807239279150963,2,1
515,7,0.0743459640070796,4,1
516,9,0.03703533113002777,2,1
517,8,0.03354833678652843,3,1
518,-10,0.02513786219060421,1,0
519,-11,0.07479870336299593,22,1
520,8,0.07190883656342824,3,1
521,10,0.01703682169318199,1,1
522,9,0.022951762191951275,2,1
523,9,0.28178055584430695,2,1
524,6,0.028945723176002504,5,1
525,7,0.06857362296432257,4,1
526,-50,0.05089644409716129,50,0
527,8,0.024377713600794475,3,1
528,9,0.25144263077527285,2,1
529,8,0.08556803812583287,3,1
530,9,0.04310927353799343,2,1
531,10,0.013044366613030434,1,1
532,5,0.1059349497469763,6,1
533,10,0.008039422333240509,1,1
534,8,0.03226982553799947,3,1
535,7,0.025970891816541553,4,1
536,9,0.025045618414878845,2,1
537,7,0.017177312402054667,4,1
538,9,0.2669914960861206,2,1
539,10,0.0384877510368824,1,1
540,9,0.01015174062922597,2,1
541,7,0.025482548400759697,4,1
542,10,0.015841253101825714,1,1
543,8,0.02145087004949649,3,1
544,7,0.007293180911801755,4,1
545,8,0.02433120273053646,3,1
546,8,0.1469879255940517,3,1
547,6,0.027099833451211454,5,1
548,7,0.032105495454743505,4,1
549,7,0.023814313113689423,4,1
550,8,0.027616448389987152,3,1
551,7,0.07390106655657291,4,1
552,8,0.036763265108068786,3,1
553,10,0.05370006710290909,1,1
554,3,0.02536549884825945,8,1
555,8,0.024860304469863575,3,1
556,-10,0.06453962624073029,1,0
557,10,0.02128908969461918,1,1
558,9,0.024759567342698574,2,1
559,10,0.029286516830325127,1,1
560,10,0.01149731781333685,1,1
561,10,0.02256394363939762,1,1
562,8,0.019331570404271286,3,1
563,9,0.02309580659493804,2,1
564,7,0.03212524065747857,4,1
565,6,0.08584051560610532,5,1
566,10,0.38002169132232666,1,1
567,4,0.016295835375785828,7,1
568,9,0.08675722498446703,2,1
569,10,0.025536488741636276,1,1
570,-10,0.11194037450920968,21,1
571,8,0.014220502537985643,3,1
572,9,0.01698116399347782,2,1
573,-16,0.02738347401221593,27,1
574,9,0.09071383252739906,2,1
575,-18,0.03699804128458103,9,0
576,6,0.10440936964005232,5,1
577,9,0.023014068603515625,2,1
578,8,0.013677181676030159,3,1
579,9,0.027808372862637043,2,1
580,10,0.016676248982548714,1,1
581,10,0.0164034441113472,1,1
582,5,0.11860308144241571,6,1
583,8,0.038097607592741646,3,1
584,8,0.023510360158979893,3,1
585,5,0.02752164751291275,6,1
586,9,0.008699079975485802,2,1
587,10,0.015934403985738754,1,1
588,10,0.022459855303168297,1,1
589,8,0.01335538892696301,3,1
590,-10,0.5375428199768066,1,0
591,9,0.017263587564229965,2,1
592,6,0.035658834502100945,5,1
593,9,0.033498555421829224,2,1
594,6,0.03017278015613556,5,1
595,7,0.22566600027494133,4,1
596,8,0.01809820222357909,3,1
597,8,0.029672676076491673,3,1
598,8,0.19442405148098865,3,1
599,9,0.027328848838806152,2,1
600,9,0.3514348305761814,2,1
601,7,0.037811174755916,4,1
602,8,0.14818532889087996,3,1
603,8,0.023971655095616978,3,1
604,7,0.13436673255637288,4,1
605,5,0.09463680535554886,6,1
606,10,0.027468673884868622,1,1
607,9,0.4632847309112549,2,1
608,9,0.020790768787264824,2,1
609,9,0.02245731931179762,2,1
610,5,0.023509809436897438,6,1
611,6,0.03546557035297156,5,1
612,9,0.020776635501533747,2,1
613,8,0.20288655534386635,3,1
614,10,0.04586104303598404,1,1
615,8,0.02760552770147721,3,1
616,5,0.055522154085338116,6,1
617,4,0.018525554266359125,7,1
618,6,0.11947093755006791,5,1
619,6,0.025564778223633768,5,1
620,10,0.05883936211466789,1,1
621,10,0.021172476932406425,1,1
622,10,0.03629085049033165,1,1
623,4,0.036544954404234886,7,1
624,8,0.017414842421809833,3,1
625,3,0.027326777926646173,8,1
626,8,0.05290042608976364,3,1
627,10,0.07046675682067871,1,1
628,8,0.1905045093347629,3,1
629,7,0.12368189170956612,4,1
630,10,0.010515494272112846,1,1
631,-39,0.10298848144710064,50,1
632,9,0.44945693016052246,2,1
633,9,0.2718329317867756,2,1
634,8,0.05689633637666702,3,1
635,8,0.04185703086356322,3,1
636,7,0.03632015152834356,4,1
637,6,0.07524045333266258,5,1
638,10,0.08012483268976212,1,1
639,9,0.04064231738448143,2,1
640,-10,0.008927226066589355,1,0
641,10,0.05576396733522415,1,1
642,8,0.17879358927408853,3,1
643,9,0.26928167743608356,2,1
644,10,0.03283775597810745,1,1
645,6,0.1274910967797041,5,1
646,5,0.03863774534935752,6,1
647,8,0.37818341205517453,3,1
648,10,0.0499228909611702,1,1
649,8,0.08369450146953265,3,1
650,10,0.021794360131025314,1,1
651,8,0.1802720675865809,3,1
652,-10,0.049964539706707,1,0
653,7,0.0994354858994484,4,1
654,9,0.03551962971687317,2,1
655,8,0.04886377106110255,3,1
656,7,0.13486313621979207,4,1
657,7,0.1832707761786878,4,1
658,9,0.05112418718636036,2,1
659,10,0.027250519022345543,1,1
660,8,0.20941961308320364,3,1
661,-57,0.06349576241336763,48,0
662,6,0.24128459244966508,5,1
663,7,0.11488607851788402,4,1
664,10,0.015200774185359478,1,1
665,-25,0.09890904233583973,36,1
666,9,0.07016617432236671,2,1
667,4,0.04485706239938736,7,1
668,10,0.08313197642564774,1,1
669,8,0.03350509641071161,3,1
670,10,0.025253795087337494,1,1
671,9,0.06299899518489838,2,1
672,10,0.10215173661708832,1,1
673,6,0.09844676544889808,5,1
674,5,0.050317629550894104,6,1
675,9,0.17672552913427353,2,1
676,9,0.0506548136472702,2,1
677,6,0.03085666485130787,5,1
678,7,0.03889973880723119,4,1
679,8,0.04791115348537763,3,1
680,9,0.07603416964411736,2,1
681,8,0.13558314243952432,3,1
682,10,0.07352276146411896,1,1
683,10,0.05072906240820885,1,1
684,9,0.1833288073539734,2,1
685,8,0.13153655702869096,3,1
686,6,0.11605186015367508,5,1
687,8,0.22109186897675195,3,1
688,9,0.06878711469471455,2,1
689,8,0.1406515141328176,3,1
690,10,0.026404209434986115,1,1
691,8,0.06403393546740214,3,1
692,8,0.042437401289741196,3,1
693,8,0.17646964825689793,3,1
694,9,0.09175390563905239,2,1
695,-3,0.10114308872393199,14,1
696,7,0.10005051176995039,4,1
697,8,0.058815217266480126,3,1
698,-12,0.040624661991993584,3,0
699,9,0.05838460475206375,2,1
700,8,0.20464801291624704,3,1
701,10,0.044810615479946136,1,1
702,9,0.08508161082863808,2,1
703,10,0.041279543191194534,1,1
704,9,0.07009662315249443,2,1
705,9,0.0926828645169735,2,1
706,10,0.03546500951051712,1,1
707,9,0.0812765583395958,2,1
708,8,0.06406450768311818,3,1
709,7,0.14679374173283577,4,1
710,6,0.11061431877315045,5,1
711,10,0.026362167671322823,1,1
712,9,0.02602677047252655,2,1
713,10,0.03755908086895943,1,1
714,9,0.06933927442878485,2,1
715,9,0.2358046155422926,2,1
716,8,0.19021886587142944,3,1
717,9,0.02753956150263548,2,1
718,10,0.04571156948804855,1,1
719,6,0.14965335316956044,5,1
720,8,0.15064246393740177,3,1
721,8,0.16658898567159972,3,1
722,10,0.050939567387104034,1,1
723,6,0.13101354837417603,5,1
724,8,0.11476005986332893,3,1
725,7,0.04670116864144802,4,1
726,8,0.0801518311103185,3,1
727,8,0.1600527266661326,3,1
728,10,0.047323450446128845,1,1
729,10,0.05155147612094879,1,1
730,8,0.07939433058102925,3,1
731,8,0.04333880916237831,3,1
732,8,0.3098694284756978,3,1
733,10,0.0358620211482048,1,1
734,6,0.0509216520935297,5,1
735,7,0.04970046039670706,4,1
736,6,0.10564233213663102,5,1
737,9,0.10069083422422409,2,1
738,6,0.3217745676636696,5,1
739,8,0.03917260219653448,3,1
740,9,0.02673782780766487,2,1
741,6,0.2011581502854824,5,1
742,10,0.058144815266132355,1,1
743,9,0.05023830384016037,2,1
744,9,0.047163546085357666,2,1
745,9,0.033401839435100555,2,1
746,6,0.04370095618069172,5,1
747,9,0.05573487468063831,2,1
748,7,0.2707996191456914,4,1
749,9,0.036655498668551445,2,1
750,9,0.02848722506314516,2,1
751,7,0.08726900722831488,4,1
752,7,0.14537914423272014,4,1
753,9,0.04247133806347847,2,1
754,5,0.052843780567248665,6,1
755,-11,0.03622434474527836,2,0
756,8,0.03594894458850225,3,1
757,8,0.2415363515416781,3,1
758,10,0.0876016914844513,1,1
759,-28,0.06752852737330474,39,1
760,8,0.19618996853629747,3,1
761,10,0.06724311411380768,1,1
762,9,0.29261378571391106,2,1
763,9,0.5114152431488037,2,1
764,9,0.034112296998500824,2,1
765,8,0.19663753919303417,3,1
766,8,0.05848018700877825,3,1
767,8,0.032958795626958214,3,1
768,10,0.06542612612247467,1,1
769,-10,0.047056347131729126,1,0
770,6,0.13566825948655606,5,1
771,8,0.523408035437266,3,1
772,-10,0.029484372586011887,1,0
773,7,0.15420087007805705,4,1
774,10,0.04274984449148178,1,1
775,7,0.0464959442615509,4,1
776,7,0.24635092820972204,4,1
777,7,0.2834774097427726,4,1
778,-50,0.18193884186446665,50,0
779,9,0.07945769652724266,2,1
780,10,0.4322069585323334,1,1
781,6,0.044175959378480914,5,1
782,7,0.08348786551505327,4,1
783,9,0.05191110726445913,2,1
784,5,0.10746489465236664,6,1
785,8,0.143917016685009,3,1
786,8,0.046772743264834084,3,1
787,9,0.24494649469852448,2,1
788,10,0.4913381338119507,1,1
789,9,0.061379341408610344,2,1
790,9,0.12480919901281595,2,1
791,8,0.07032693922519684,3,1
792,6,0.032393884100019935,5,1
793,9,0.09426599740982056,2,1
794,9,0.04798750765621662,2,1
795,7,0.04741873173043132,4,1
796,8,0.18654618163903555,3,1
797,8,0.34346745908260345,3,1
798,9,0.0492462869733572,2,1
799,10,0.03752521425485611,1,1
800,7,0.15413046721369028,4,1
801,9,0.04266151413321495,2,1
802,10,0.020303839817643166,1,1
803,9,0.02347743883728981,2,1
804,5,0.030307661121090252,6,1
805,10,0.11057531833648682,1,1
806,7,0.03405155334621668,4,1
807,9,0.19503442663699389,2,1
808,9,0.06595613993704319,2,1
809,9,0.26341862231492996,2,1
810,7,0.03404774563387036,4,1
811,10,0.09007588773965836,1,1
812,10,0.08865893632173538,1,1
813,10,0.04363112896680832,1,1
814,6,0.037563424557447433,5,1
815,-50,0.0969071600958705,50,0
816,-22,0.1035802225497636,33,1
817,10,0.03777002915740013,1,1
818,9,0.0307511817663908,2,1
819,8,0.02566061665614446,3,1
820,10,0.032419972121715546,1,1
821,9,0.27107133716344833,2,1
822,6,0.13930936567485333,5,1
823,7,0.11260073073208332,4,1
824,8,0.07503913342952728,3,1
825,8,0.036286779679358006,3,1
826,8,0.03928065796693166,3,1
827,8,0.03197902192672094,3,1
828,10,0.02153477631509304,1,1
829,10,0.0915394052863121,1,1
830,6,0.12344600148499012,5,1
831,10,0.03244965150952339,1,1
832,8,0.07180299920340379,3,1
833,6,0.09427283406257629,5,1
834,9,0.214972959831357,2,1
835,7,0.19864614121615887,4,1
836,10,0.03976874426007271,1,1
837,5,0.11954397242516279,6,1
838,10,0.02718757838010788,1,1
839,5,0.04114737672110399,6,1
840,8,0.047985173761844635,3,1
841,10,0.06373950839042664,1,1
842,8,0.2050373312085867,3,1
843,5,0.03311557726313671,6,1
844,9,0.021325411275029182,2,1
845,8,0.041524394104878105,3,1
846,8,0.019916319598754246,3,1
847,9,0.04207643121480942,2,1
848,10,0.45545437932014465,1,1
849,9,0.04164817649871111,2,1
850,6,0.03324874415993691,5,1
851,5,0.03656261786818504,6,1
852,8,0.3253066595643759,3,1
853,10,0.022021427750587463,1,1
854,-14,0.10801469579339028,25,1
855,9,0.14291904494166374,2,1
856,-16,0.0871272569315301,27,1
857,9,0.0517282597720623,2,1
858,5,0.10646161157637835,6,1
859,8,0.1320536732673645,3,1
860,9,0.05011770874261856,2,1
861,9,0.05079071596264839,2,1
862,10,0.020171456038951874,1,1
863,8,0.04885329306125641,3,1
864,10,0.029187126085162163,1,1
865,10,0.03182312101125717,1,1
866,8,0.03286592662334442,3,1
867,10,0.03274130821228027,1,1
868,8,0.06760513285795848,3,1
869,6,0.12225414738059044,5,1
870,7,0.033737792167812586,4,1
871,9,0.02989300526678562,2,1
872,9,0.03804604150354862,2,1
873,8,0.22111375133196512,3,1
874,-13,0.04190627345815301,4,0
875,-7,0.12113774267749654,18,1
876,10,0.022760644555091858,1,1
877,8,0.036175631607572235,3,1
878,8,0.3207840087513129,3,1
879,10,0.04654195159673691,1,1
880,9,0.11583736352622509,2,1
881,8,0.04044994215170542,3,1
882,8,0.030753604446848232,3,1
883,10,0.0253446064889431,1,1
884,7,0.02649954194203019,4,1
885,10,0.4819173216819763,1,1
886,9,0.21452902164310217,2,1
887,7,0.15511877601966262,4,1
888,9,0.04524838551878929,2,1
889,9,0.05393034499138594,2,1
890,9,0.040828890167176723,2,1
891,5,0.07067325276633103,6,1
892,4,0.0943357843373503,7,1
893,9,0.026376335881650448,2,1
894,10,0.03112429566681385,1,1
895,6,0.057616652175784114,5,1
896,10,0.03456801176071167,1,1
897,9,0.04505595751106739,2,1
898,10,0.030483316630125046,1,1
899,6,0.1706412646919489,5,1
900,8,0.07594676191608112,3,1
901,-10,0.0970844030380249,1,0
902,6,0.0391990527510643,5,1
903,10,0.45687055587768555,1,1
904,4,0.027222907968929837,7,1
905,-50,0.07363824874162674,50,0
906,5,0.050988953560590744,6,1
907,9,0.2181639838963747,2,1
908,7,0.03980672126635909,4,1
909,4,0.16844327002763748,7,1
910,9,0.02441012393683195,2,1
911,9,0.036031171679496765,2,1
912,7,0.050416562240570784,4,1
913,8,0.13714351567129293,3,1
914,9,0.03220653533935547,2,1
915,10,0.04381507262587547,1,1
916,9,0.0360857006162405,2,1
917,8,0.2907529591272275,3,1
918,8,0.020085192285478115,3,1
919,9,0.07575716078281403,2,1
920,7,0.030581066384911537,4,1
921,5,0.16532187536358833,6,1
922,9,0.04029176011681557,2,1
923,-11,0.03273992985486984,2,0
924,9,0.03153340704739094,2,1
925,8,0.15408394609888396,3,1
926,8,0.17957013535002866,3,1
927,8,0.34424931059281033,3,1
928,9,0.28721046447753906,2,1
929,8,0.032801164935032524,3,1
930,8,0.031605188424388565,3,1
931,10,0.517535924911499,1,1
932,7,0.13882900681346655,4,1
933,7,0.08567158738151193,4,1
934,-50,0.15358156837522985,50,0
935,10,0.032675601541996,1,1
936,9,0.062111785635352135,2,1
937,7,0.03695011977106333,4,1
938,10,0.23902781307697296,1,1
939,10,0.03668583184480667,1,1
940,9,0.05398270953446627,2,1
941,7,0.21660718228667974,4,1
942,7,0.1055358643643558,4,1
943,7,0.10647994326427579,4,1
944,9,0.031037021428346634,2,1
945,-50,0.09126144649460911,50,0
946,9,0.04748036339879036,2,1
947,6,0.052200010418891905,5,1
948,10,0.035738781094551086,1,1
949,7,0.03466418758034706,4,1
950,10,0.03894870728254318,1,1
951,7,0.03820605389773846,4,1
952,9,0.040934622287750244,2,1
953,8,0.09165094668666522,3,1
954,10,0.031069008633494377,1,1
955,7,0.19609024561941624,4,1
956,8,0.13990764071544012,3,1
957,9,0.049846360459923744,2,1
958,8,0.03430783934891224,3,1
959,10,0.06363976001739502,1,1
960,9,0.4390721619129181,2,1
961,9,0.018532540649175644,2,1
962,9,0.17059667222201824,2,1
963,-11,0.020457963459193707,2,0
964,10,0.03287038207054138,1,1
965,5,0.18379214499145746,6,1
966,10,0.013661962002515793,1,1
967,6,0.11001263540238142,5,1
968,-10,0.016403771936893463,1,0
969,9,0.19634831696748734,2,1
970,8,0.1575017347931862,3,1
971,7,0.029522187309339643,4,1
972,7,0.021999868098646402,4,1
973,8,0.024241322030623753,3,1
974,-50,0.07569726282730699,50,0
975,9,0.22321713715791702,2,1
976,8,0.025841289510329563,3,1
977,10,0.019400455057621002,1,1
978,7,0.027409373316913843,4,1
979,10,0.014721052721142769,1,1
980,9,0.08286364562809467,2,1
981,8,0.08697555214166641,3,1
982,8,0.02774139679968357,3,1
983,10,0.01772332936525345,1,1
984,9,0.03431628830730915,2,1
985,9,0.05204612389206886,2,1
986,10,0.021548623219132423,1,1
987,8,0.042800417790810265,3,1
988,10,0.03676846995949745,1,1
989,9,0.03556146286427975,2,1
990,6,0.0779217429459095,5,1
991,9,0.019597743172198534,2,1
992,7,0.14601537771523,4,1
993,7,0.21717360336333513,4,1
994,9,0.3196704387664795,2,1
995,10,0.09666592627763748,1,1
996,9,0.24634679593145847,2,1
997,8,0.06628450378775597,3,1
998,10,0.07203096896409988,1,1
999,10,0.5525432825088501,1,1
1000,7,0.05319222901016474,4,1
1,9,0.28194481041282415,2,1
2,9,0.2894218061119318,2,1
3,6,0.02663529384881258,5,1
4,10,0.14957565069198608,1,1
5,7,0.05431122425943613,4,1
6,10,0.37430086731910706,1,1
7,8,0.0658516027033329,3,1
8,10,0.47299864888191223,1,1
9,9,0.23593770805746317,2,1
10,9,0.020195966586470604,2,1
11,8,0.04217655397951603,3,1
12,7,0.026973971165716648,4,1
13,10,0.013396165333688259,1,1
14,8,0.029739762966831524,3,1
15,9,0.23405242897570133,2,1
16,8,0.049773854513963066,3,1
17,8,0.05077741233011087,3,1
18,9,0.027002847753465176,2,1
19,6,0.04534311182796955,5,1
20,8,0.026280970002214115,3,1
21,9,0.019974681548774242,2,1
22,7,0.02872238401323557,4,1
23,8,0.021046798676252365,3,1
24,9,0.015414987225085497,2,1
25,6,0.17731274999678134,5,1
26,9,0.017068853601813316,2,1
27,10,0.015394089743494987,1,1
28,8,0.16820954283078512,3,1
29,6,0.07462295293807983,5,1
30,10,0.17028720676898956,1,1
31,7,0.03633184731006622,4,1
32,9,0.011407659854739904,2,1
33,9,0.25104095321148634,2,1
34,8,0.045672876139481865,3,1
35,10,0.01755540445446968,1,1
36,6,0.017942156456410886,5,1
37,5,0.18752945493906736,6,1
38,9,0.018868950195610523,2,1
39,7,0.2336530522443354,4,1
40,9,0.05727420002222061,2,1
41,8,0.15266300862034163,3,1
42,-50,0.06558664537966251,50,0
43,7,0.20840287115424871,4,1
44,6,0.0735905908048153,5,1
45,10,0.3258800506591797,1,1
46,10,0.024458028376102448,1,1
47,9,0.22666875645518303,2,1
48,-9,0.0618535237852484,20,1
49,4,0.09617847869438785,7,1
50,7,0.06412877794355154,4,1
51,9,0.018115810118615627,2,1
52,7,0.20295074954628944,4,1
53,9,0.11545231100171804,2,1
54,8,0.012706164891521135,3,1
55,10,0.011002987623214722,1,1
56,-7,0.08523331742940678,18,1
57,-11,0.24030961282551289,2,0
58,9,0.02528897998854518,2,1
59,10,0.14258325099945068,1,1
60,-18,0.054658276510649716,29,1
61,9,0.023911375552415848,2,1
62,9,0.09111990965902805,2,1
63,7,0.1387461912818253,4,1
64,9,0.017070673406124115,2,1
65,9,0.2217838652431965,2,1
66,9,0.03310700133442879,2,1
67,6,0.08399215675890445,5,1
68,-50,0.051274881344288585,50,0
69,8,0.22553598384062448,3,1
70,-23,0.08025342492120606,14,0
71,9,0.25803001038730145,2,1
72,7,0.12105993181467056,4,1
73,10,0.03262960910797119,1,1
74,10,0.16542670130729675,1,1
75,10,0.6755920052528381,1,1
76,8,0.025288269544641178,3,1
77,8,0.031049791102608044,3,1
78,10,0.03447825461626053,1,1
79,6,0.10758793465793133,5,1
80,8,0.023999225969115894,3,1
81,9,0.02695054654031992,2,1
82,9,0.031044351868331432,2,1
83,9,0.030890162102878094,2,1
84,-25,0.09882873168680817,16,0
85,9,0.013721196912229061,2,1
86,10,0.009824883192777634,1,1
87,9,0.027230173349380493,2,1
88,-12,0.1928201156357924,3,0
89,9,0.04266450274735689,2,1
90,-30,0.06448207373117529,41,1
91,7,0.01635164045728743,4,1
92,6,0.15392076447606087,5,1
93,7,0.12985124485567212,4,1
94,7,0.13743635080754757,4,1
95,10,0.4714692234992981,1,1
96,-50,0.08451485762372613,50,0
97,8,0.01790665214260419,3,1
98,5,0.11803224387889107,6,1
99,9,0.0454446179792285,2,1
100,6,0.025406975857913495,5,1
101,7,0.05941133527085185,4,1
102,6,0.1502948820590973,5,1
103,10,0.04822445288300514,1,1
104,9,0.2682996802031994,2,1
105,10,0.038867607712745667,1,1
106,10,0.07069052010774612,1,1
107,9,0.029523145407438278,2,1
108,7,0.04289601789787412,4,1
109,6,0.04315792117267847,5,1
110,7,0.15527574438601732,4,1
111,-12,0.04373462622364362,3,0
112,8,0.19678580357382694,3,1
113,7,0.03637468721717596,4,1
114,9,0.028061131946742535,2,1
115,9,0.027232008054852486,2,1
116,8,0.15816878185917935,3,1
117,10,0.0564238466322422,1,1
118,7,0.1342223989777267,4,1
119,10,0.07183673977851868,1,1
120,10,0.07009346038103104,1,1
121,7,0.052907281555235386,4,1
122,8,0.1716515381510059,3,1
123,8,0.026012535051753122,3,1
124,5,0.1917243426044782,6,1
125,-13,0.10601882939226925,24,1
126,10,0.019956640899181366,1,1
127,9,0.16383489221334457,2,1
128,-50,0.10393688142299652,50,0
129,9,0.26562645100057125,2,1
130,6,0.1132329635322094,5,1
131,9,0.17168767098337412,2,1
132,5,0.11620645100871722,6,1
133,10,0.02775178663432598,1,1
134,6,0.1388716336339712,5,1
135,8,0.08534284805258115,3,1
136,9,0.06326872855424881,2,1
137,6,0.08180378079414367,5,1
138,7,0.06218279246240854,4,1
139,8,0.19893174370129904,3,1
140,8,0.04955414558450381,3,1
141,7,0.04424631968140602,4,1
142,9,0.04672557674348354,2,1
143,9,0.07847412675619125,2,1
144,9,0.03449473902583122,2,1
145,10,0.03604097291827202,1,1
146,9,0.05357591435313225,2,1
147,9,0.04964640364050865,2,1
148,7,0.058269071858376265,4,1
149,9,0.03171610739082098,2,1
150,9,0.05313524231314659,2,1
151,-50,0.1018214175105095,50,0
152,8,0.024034551655252773,3,1
153,7,0.06629501795396209,4,1
154,8,0.10691862739622593,3,1
155,9,0.2546839937567711,2,1
156,10,0.05872415006160736,1,1
157,9,0.051084404811263084,2,1
158,9,0.07874722965061665,2,1
159,9,0.05518955551087856,2,1
160,8,0.1929198863605658,3,1
161,10,0.06773785501718521,1,1
162,9,0.040276192128658295,2,1
163,7,0.05074482224881649,4,1
164,8,0.17850682139396667,3,1
165,10,0.5930896997451782,1,1
166,8,0.047804487869143486,3,1
167,10,0.027850881218910217,1,1
168,8,0.0345950280316174,3,1
169,10,0.036143042147159576,1,1
170,6,0.19207480698823928,5,1
171,2,0.11232553091314104,9,1
172,9,0.30748481303453445,2,1
173,10,0.1523023247718811,1,1
174,9,0.024135946296155453,2,1
175,8,0.051805647710959114,3,1
176,9,0.022473728749901056,2,1
177,8,0.08706473807493846,3,1
178,-12,0.21107959002256393,3,0
179,7,0.25544055365025997,4,1
180,9,0.20521648041903973,2,1
181,7,0.11687317537143826,4,1
182,5,0.13662619159246484,6,1
183,9,0.03492486663162708,2,1
184,8,0.2741530512770017,3,1
185,-34,0.06849584124154515,45,1
186,9,0.16760465316474438,2,1
187,7,0.03400308405980468,4,1
188,6,0.0683499075472355,5,1
189,10,0.5805953145027161,1,1
190,9,0.2949845604598522,2,1
191,9,0.25954100489616394,2,1
192,8,0.19542930026849112,3,1
193,9,0.19865861721336842,2,1
194,7,0.21950249932706356,4,1
195,7,0.04747581435367465,4,1
196,10,0.027299845591187477,1,1
197,10,0.044189002364873886,1,1
198,9,0.1570311188697815,2,1
199,-11,0.035085851326584816,2,0
200,0,0.117563482881947,11,1
201,10,0.031506285071372986,1,1
202,7,0.10964765306562185,4,1
203,10,0.16796492040157318,1,1
204,6,0.03007274679839611,5,1
205,9,0.04574089124798775,2,1
206,10,0.012379130348563194,1,1
207,9,0.2561549283564091,2,1
208,6,0.11525453813374043,5,1
209,7,0.2318758089095354,4,1
210,9,0.03961091302335262,2,1
211,8,0.12611816078424454,3,1
212,-50,0.12244412275031209,50,0
213,9,0.03469859343022108,2,1
214,10,0.04257970303297043,1,1
215,8,0.043405777464310326,3,1
216,10,0.41552743315696716,1,1
217,9,0.1826797090470791,2,1
218,8,0.04464468794564406,3,1
219,9,0.12845429033041,2,1
220,10,0.04725082963705063,1,1
221,9,0.048924610018730164,2,1
222,-45,0.13341518551007742,36,0
223,8,0.1801055260002613,3,1
224,-10,0.030761657282710075,1,0
225,-10,0.03255172446370125,1,0
226,8,0.20446590334177017,3,1
227,7,0.05964063387364149,4,1
228,8,0.23481751730044684,3,1
229,-50,0.10832589823752642,50,0
230,8,0.025863235195477802,3,1
231,8,0.18829708049694696,3,1
232,8,0.03747749701142311,3,1
233,10,0.03457416594028473,1,1
234,9,0.021301159635186195,2,1
235,4,0.11700861980872494,7,1
236,6,0.07861807122826577,5,1
237,10,0.012532981112599373,1,1
238,7,0.1551545960828662,4,1
239,8,0.048511276642481484,3,1
240,8,0.03209823121627172,3,1
241,8,0.10680758332212766,3,1
242,-7,0.14244590725542772,18,1
243,-10,0.15518654882907867,1,0
244,9,0.04253563843667507,2,1
245,7,0.13701920583844185,4,1
246,9,0.20832054316997528,2,1
247,9,0.06531556323170662,2,1
248,9,0.24529007077217102,2,1
249,9,0.09810198098421097,2,1
250,7,0.18711341079324484,4,1
251,5,0.2346167049060265,6,1
252,8,0.22409465412298837,3,1
253,9,0.0750441737473011,2,1
254,5,0.05423910667498907,6,1
255,7,0.14658148773014545,4,1
256,10,0.3411809802055359,1,1
257,10,0.08085457980632782,1,1
258,7,0.04920321702957153,4,1
259,9,0.09622259438037872,2,1
260,8,0.1734414597352346,3,1
261,5,0.13296937694152197,6,1
262,-30,0.17519128858679678,41,1
263,8,0.09943785021702449,3,1
264,8,0.06517388857901096,3,1
265,8,0.055745077009002365,3,1
266,10,0.490648090839386,1,1
267,6,0.04526145532727242,5,1
268,-50,0.1377932015247643,50,0
269,-50,0.10292799606919288,50,0
270,9,0.1862296238541603,2,1
271,9,0.05111534520983696,2,1
272,9,0.025673486292362213,2,1
273,10,0.07863660156726837,1,1
274,9,0.04516755975782871,2,1
275,8,0.06161518643299738,3,1
276,8,0.28275002042452496,3,1
277,10,0.021825533360242844,1,1
278,7,0.14154284819960594,4,1
279,8,0.03558075179656347,3,1
280,9,0.2325164247304201,2,1
281,-2,0.1173029918796741,13,1
282,7,0.10020969854667783,4,1
283,8,0.12039871638019879,3,1
284,4,0.12201397945838315,7,1
285,9,0.025112297385931015,2,1
286,8,0.03871021357675394,3,1
287,0,0.09029009328647093,11,1
288,5,0.16966024537881216,6,1
289,-48,0.08248566993727134,39,0
290,7,0.19180574733763933,4,1
291,10,0.05583256110548973,1,1
292,-50,0.09357342844828963,50,0
293,6,0.14853931814432145,5,1
294,9,0.03487933333963156,2,1
295,7,0.14690753258764744,4,1
296,9,0.09131527692079544,2,1
297,10,0.029285002499818802,1,1
298,-8,0.08146424895446551,19,1
299,9,0.07078662142157555,2,1
300,10,0.012320894747972488,1,1
301,4,0.13096868778978074,7,1
302,10,0.18726308643817902,1,1
303,7,0.06992390658706427,4,1
304,8,0.12976125379403433,3,1
305,7,0.2202761322259903,4,1
306,9,0.07975996658205986,2,1
307,10,0.07511831820011139,1,1
308,-9,0.1020576392300427,20,1
309,6,0.08361700698733329,5,1
310,10,0.08250920474529266,1,1
311,9,0.10802467912435532,2,1
312,10,0.08829803764820099,1,1
313,-1,0.10906472972904642,12,1
314,9,0.08615958318114281,2,1
315,7,0.22228628024458885,4,1
316,10,0.27336421608924866,1,1
317,8,0.056098168094952904,3,1
318,7,0.16205213405191898,4,1
319,10,0.05882308632135391,1,1
320,9,0.05201328359544277,2,1
321,8,0.05048867998023828,3,1
322,9,0.050766369327902794,2,1
323,9,0.043301898054778576,2,1
324,9,0.05950592830777168,2,1
325,7,0.034401084296405315,4,1
326,10,0.02518642321228981,1,1
327,7,0.08571208920329809,4,1
328,6,0.20025732815265657,5,1
329,8,0.0600115160147349,3,1
330,10,0.08520518243312836,1,1
331,8,0.19244442755977312,3,1
332,6,0.11916992589831352,5,1
333,9,0.05432007648050785,2,1
334,5,0.06909911520779133,6,1
335,9,0.3103286623954773,2,1
336,6,0.07111411765217782,5,1
337,8,0.06779731313387553,3,1
338,8,0.097352950523297,3,1
339,7,0.047077672090381384,4,1
340,9,0.060113877058029175,2,1
341,6,0.05647387206554413,5,1
342,7,0.038908060640096664,4,1
343,10,0.13076764345169067,1,1
344,9,0.03148768562823534,2,1
345,5,0.09665549856921037,6,1
346,8,0.11809140940507253,3,1
347,-50,0.10502914767712354,50,0
348,10,0.02602010779082775,1,1
349,8,0.05826037625471751,3,1
350,8,0.24584918158749738,3,1
351,10,0.044015154242515564,1,1
352,9,0.2772720158100128,2,1
353,7,0.03211023740004748,4,1
354,6,0.05233064368367195,5,1
355,10,0.041528958827257156,1,1
356,6,0.0706328883767128,5,1
357,9,0.04685939662158489,2,1
358,10,0.050432704389095306,1,1
359,8,0.05987377340594927,3,1
360,10,0.038836922496557236,1,1
361,6,0.14481151476502419,5,1
362,-1,0.07661225895086925,12,1
363,9,0.06144789606332779,2,1
364,9,0.05412512458860874,2,1
365,7,0.03802537964656949,4,1
366,8,0.025212800751129787,3,1
367,-10,0.6022344827651978,1,0
368,9,0.02703571692109108,2,1
369,7,0.09596037678420544,4,1
370,9,0.0381356542930007,2,1
371,9,0.040715139359235764,2,1
372,7,0.14450070448219776,4,1
373,6,0.08587840646505356,5,1
374,8,0.2942214384675026,3,1
375,8,0.031173652037978172,3,1
376,7,0.07566391071304679,4,1
377,8,0.12294781332214673,3,1
378,8,0.0804813802242279,3,1
379,9,0.050723761320114136,2,1
380,9,0.23474285751581192,2,1
381,-50,0.08751564305275679,50,0
382,9,0.2792607210576534,2,1
383,8,0.14750476150463024,3,1
384,10,0.1884966492652893,1,1
385,7,0.07428395096212626,4,1
386,7,0.03223252296447754,4,1
387,9,0.16159317269921303,2,1
388,6,0.04574956297874451,5,1
389,9,0.18230341374874115,2,1
390,10,0.04563264921307564,1,1
391,9,0.032584977336227894,2,1
392,6,0.06339379288256168,5,1
393,8,0.022590352843205135,3,1
394,-10,0.04437188431620598,1,0
395,10,0.07521697133779526,1,1
396,9,0.030199382454156876,2,1
397,7,0.0976095637306571,4,1
398,6,0.03311173170804978,5,1
399,10,0.05085425823926926,1,1
400,8,0.0668362279733022,3,1
401,10,0.0284111350774765,1,1
402,9,0.02199632953852415,2,1
403,9,0.03394026588648558,2,1
404,-21,0.039138185403620206,12,0
405,7,0.0998699925839901,4,1
406,9,0.06707172561436892,2,1
407,8,0.2871928568929434,3,1
408,10,0.012406273745000362,1,1
409,10,0.0671549141407013,1,1
410,7,0.023429785622283816,4,1
411,9,0.020412632264196873,2,1
412,8,0.04725491255521774,3,1
413,6,0.044566982239484784,5,1
414,10,0.046838872134685516,1,1
415,9,0.04312286339700222,2,1
416,8,0.16587424278259277,3,1
417,8,0.18764801075061163,3,1
418,7,0.05000326503068209,4,1
419,8,0.08346673970421155,3,1
420,-42,0.08602073040762634,33,0
421,9,0.14753178134560585,2,1
422,10,0.021890373900532722,1,1
423,10,0.021016281098127365,1,1
424,9,0.025121190585196018,2,1
425,9,0.016135456040501595,2,1
426,-21,0.07876058502006344,32,1
427,10,0.07777629792690277,1,1
428,7,0.05828926572576165,4,1
429,9,0.16515849344432354,2,1
430,-31,0.11697900020295665,42,1
431,7,0.036193324252963066,4,1
432,8,0.029657256479064625,3,1
433,8,0.06720714597031474,3,1
434,8,0.04539934049050013,3,1
435,9,0.09182856976985931,2,1
436,9,0.04246949031949043,2,1
437,9,0.035282702185213566,2,1
438,8,0.026402151832977932,3,1
439,9,0.036470644641667604,2,1
440,10,0.02948901429772377,1,1
441,8,0.13886239131291708,3,1
442,6,0.059566672146320346,5,1
443,9,0.06716756336390972,2,1
444,9,0.04112949315458536,2,1
445,8,0.13733609641591707,3,1
446,10,0.029939185827970505,1,1
447,-31,0.07456027962533492,42,1
448,9,0.04573654569685459,2,1
449,-34,0.09352718504766623,45,1
450,9,0.04526240099221468,2,1
451,10,0.023295972496271133,1,1
452,10,0.03348405659198761,1,1
453,8,0.09667723377545674,3,1
454,9,0.022262459620833397,2,1
455,5,0.050598748959600925,6,1
456,9,0.08924035914242268,2,1
457,7,0.03288797219283879,4,1
458,10,0.5318399667739868,1,1
459,10,0.05320128798484802,1,1
460,-12,0.1686328829576572,3,0
461,-29,0.06765102162025868,40,1
462,7,0.042999946512281895,4,1
463,10,0.09150832146406174,1,1
464,8,0.07193573874731858,3,1
465,4,0.09030779371304172,7,1
466,10,0.007832244038581848,1,1
467,7,0.030683922464959323,4,1
468,9,0.034340936690568924,2,1
469,9,0.015111152548342943,2,1
470,8,0.15230388566851616,3,1
471,9,0.011711159953847528,2,1
472,8,0.017014337082703907,3,1
473,9,0.024901313707232475,2,1
474,9,0.019529971294105053,2,1
475,-39,0.10829090341925621,50,1
476,-50,0.07615645356476307,50,0
477,6,0.20640933103859424,5,1
478,8,0.10350343336661656,3,1
479,8,0.18269039566318193,3,1
480,7,0.055796900764107704,4,1
481,6,0.06861936450004577,5,1
482,7,0.06612877268344164,4,1
483,9,0.03960709273815155,2,1
484,10,0.0297675970941782,1,1
485,10,0.033195871859788895,1,1
486,-50,0.0887696093134582,50,0
487,-50,0.07923111077398062,50,0
488,9,0.09251664206385612,2,1
489,9,0.06963853910565376,2,1
490,8,0.09579585244258244,3,1
491,-50,0.07778751451522112,50,0
492,7,0.07676792796701193,4,1
493,8,0.052795219545563064,3,1
494,7,0.19998418167233467,4,1
495,9,0.036195884458720684,2,1
496,5,0.05554345684746901,6,1
497,9,0.04871807899326086,2,1
498,7,0.12184587959200144,4,1
499,9,0.033674050122499466,2,1
500,10,0.051024723798036575,1,1
501,10,0.050255049020051956,1,1
502,-13,0.05935599096119404,4,0
503,-17,0.10821660554834775,28,1
504,8,0.05145061140259107,3,1
505,10,0.08662842959165573,1,1
506,7,0.03995192004367709,4,1
507,10,0.14361581206321716,1,1
508,-30,0.10798576490090388,41,1
509,7,0.036136412527412176,4,1
510,8,0.07529550542434056,3,1
511,-16,0.06912424753385561,27,1
512,9,0.08087316527962685,2,1
513,9,0.04182904772460461,2,1
514,7,0.18131169397383928,4,1
515,8,0.1596985012292862,3,1
516,10,0.021595073863863945,1,1
517,8,0.0758899599313736,3,1
518,9,0.04229831323027611,2,1
519,9,0.05348080024123192,2,1
520,5,0.058926607171694435,6,1
521,6,0.03391692005097866,5,1
522,6,0.06400743313133717,5,1
523,9,0.09363922104239464,2,1
524,10,0.034070584923028946,1,1
525,8,0.0316612304498752,3,1
526,7,0.04222917929291725,4,1
527,6,0.05134180188179016,5,1
528,8,0.04655989880363146,3,1
529,7,0.06653560698032379,4,1
530,9,0.062357050366699696,2,1
531,7,0.0407208101823926,4,1
532,10,0.539788007736206,1,1
533,7,0.048379805870354176,4,1
534,5,0.08133226974556844,6,1
535,9,0.017374766990542412,2,1
536,7,0.0393434246070683,4,1
537,7,0.04158741096034646,4,1
538,10,0.037441007792949677,1,1
539,7,0.061783118173480034,4,1
540,7,0.05469128582626581,4,1
541,9,0.18653439730405807,2,1
542,6,0.03791906461119652,5,1
543,9,0.043891921639442444,2,1
544,-2,0.057422029141050115,13,1
545,3,0.06497826334089041,8,1
546,7,0.028585323598235846,4,1
547,6,0.137830950319767,5,1
548,10,0.05610521137714386,1,1
549,10,0.04309222847223282,1,1
550,9,0.07209319621324539,2,1
551,-20,0.0779524446735459,31,1
552,6,0.06082737296819687,5,1
553,9,0.03347768634557724,2,1
554,9,0.05048318859189749,2,1
555,10,0.026832710951566696,1,1
556,7,0.0405706106685102,4,1
557,9,0.03485960513353348,2,1
558,9,0.04415377229452133,2,1
559,10,0.0240410678088665,1,1
560,7,0.026626499369740486,4,1
561,9,0.04312064964324236,2,1
562,10,0.1356155276298523,1,1
563,8,0.028540707503755886,3,1
564,7,0.024550437927246094,4,1
565,10,0.046729184687137604,1,1
566,8,0.07947259396314621,3,1
567,8,0.07428299263119698,3,1
568,9,0.29112137854099274,2,1
569,8,0.04867930710315704,3,1
570,9,0.05003305338323116,2,1
571,5,0.05359505567078789,6,1
572,9,0.031149711459875107,2,1
573,10,0.3152810037136078,1,1
574,5,0.1273924766574055,6,1
575,10,0.076356440782547,1,1
576,9,0.0869031511247158,2,1
577,10,0.11952593922615051,1,1
578,9,0.0250936197116971,2,1
579,10,0.034440141171216965,1,1
580,9,0.030186576768755913,2,1
581,10,0.04530000686645508,1,1
582,8,0.06699141239126523,3,1
583,8,0.05179710313677788,3,1
584,7,0.02715382445603609,4,1
585,8,0.04968962135414282,3,1
586,10,0.041794102638959885,1,1
587,8,0.08034372950593631,3,1
588,8,0.04287341795861721,3,1
589,9,0.03937320224940777,2,1
590,-3,0.09307266093258347,14,1
591,7,0.040497866459190845,4,1
592,9,0.03927571978420019,2,1
593,9,0.05135511979460716,2,1
594,9,0.019416936673223972,2,1
595,7,0.04060829523950815,4,1
596,10,0.01289016380906105,1,1
597,8,0.042258805905779205,3,1
598,6,0.045332562923431394,5,1
599,7,0.0759549979120493,4,1
600,7,0.056929802522063255,4,1
601,4,0.06491891347936221,7,1
602,10,0.02463386580348015,1,1
603,7,0.03623360861092806,4,1
604,5,0.06989165612806876,6,1
605,9,0.03690076619386673,2,1
606,9,0.072331503033638,2,1
607,10,0.044131673872470856,1,1
608,7,0.029663535300642252,4,1
609,7,0.0404157848097384,4,1
610,8,0.02264133095741272,3,1
611,7,0.1329466844908893,4,1
612,7,0.027776329778134823,4,1
613,0,0.06805110621181401,11,1
614,7,0.0692133167758584,4,1
615,5,0.047185411055882774,6,1
616,6,0.1068451650440693,5,1
617,6,0.044770592264831065,5,1
618,8,0.07311600198348363,3,1
619,8,0.07302150378624599,3,1
620,7,0.03525937953963876,4,1
621,-11,0.054455019533634186,2,0
622,10,0.12980502843856812,1,1
623,7,0.09495952120050788,4,1
624,7,0.04859383590519428,4,1
625,6,0.07618366181850433,5,1
626,6,0.048515879362821576,5,1
627,8,0.1323991616566976,3,1
628,8,0.07999161382516225,3,1
629,8,0.19781988735000292,3,1
630,9,0.06547397747635841,2,1
631,7,0.07243980746716261,4,1
632,9,0.028448540717363358,2,1
633,0,0.1101420387964357,11,1
634,10,0.031133070588111877,1,1
635,9,0.130065206438303,2,1
636,10,0.03585486114025116,1,1
637,9,0.06516477838158607,2,1
638,9,0.060254715383052826,2,1
639,8,0.05083709334333738,3,1
640,9,0.020042750984430313,2,1
641,9,0.04261552914977074,2,1
642,8,0.18325399110714594,3,1
643,8,0.041344484935204186,3,1
644,8,0.06895424549778302,3,1
645,10,0.035920899361371994,1,1
646,8,0.05833736682931582,3,1
647,3,0.11718180077150464,8,1
648,8,0.03279503372808298,3,1
649,8,0.03355388094981512,3,1
650,9,0.06481099501252174,2,1
651,9,0.27367382124066353,2,1
652,9,0.020784787833690643,2,1
653,10,0.07231755554676056,1,1
654,9,0.06826405599713326,2,1
655,9,0.11885753832757473,2,1
656,-18,0.10754881709300239,29,1
657,8,0.037936542804042496,3,1
658,10,0.048876598477363586,1,1
659,9,0.04170208238065243,2,1
660,8,0.08057349796096484,3,1
661,10,0.04505164921283722,1,1
662,9,0.02260485477745533,2,1
663,10,0.03476531803607941,1,1
664,10,0.04443110153079033,1,1
665,10,0.033950865268707275,1,1
666,7,0.02655571512877941,4,1
667,8,0.03036925072471301,3,1
668,9,0.06858976185321808,2,1
669,-50,0.07271128963679076,50,0
670,10,0.0851268321275711,1,1
671,5,0.08890883127848308,6,1
672,6,0.05859887674450874,5,1
673,9,0.04043387435376644,2,1
674,7,0.07440036442130804,4,1
675,9,0.08128082007169724,2,1
676,7,0.054933455074205995,4,1
677,8,0.18619456018010774,3,1
678,8,0.04977777972817421,3,1
679,9,0.09535142779350281,2,1
680,8,0.04453811670343081,3,1
681,6,0.050647417455911635,5,1
682,6,0.05005966797471047,5,1
683,9,0.025678830221295357,2,1
684,7,0.162977849598974,4,1
685,9,0.05812296085059643,2,1
686,6,0.061289197951555255,5,1
687,10,0.04001476988196373,1,1
688,8,0.10106203084190686,3,1
689,8,0.09187259773413341,3,1
690,8,0.07983624935150146,3,1
691,9,0.06932109221816063,2,1
692,5,0.06780542153865099,6,1
693,9,0.12577870301902294,2,1
694,7,0.03978987596929073,4,1
695,7,0.04499872634187341,4,1
696,7,0.054001746233552694,4,1
697,9,0.041022004559636116,2,1
698,9,0.057059261947870255,2,1
699,9,0.08321205712854862,2,1
700,9,0.04100210964679718,2,1
701,10,0.1895734965801239,1,1
702,9,0.04194679483771324,2,1
703,10,0.03353951871395111,1,1
704,8,0.04628876907130083,3,1
705,8,0.036409047742684685,3,1
706,7,0.06779690086841583,4,1
707,9,0.09792108088731766,2,1
708,8,0.08165037135283153,3,1
709,10,0.024990955367684364,1,1
710,9,0.08461939543485641,2,1
711,7,0.08256634324789047,4,1
712,10,0.03839004039764404,1,1
713,-17,0.07832904100151998,28,1
714,10,0.0441567488014698,1,1
715,9,0.13303403556346893,2,1
716,6,0.11519652083516121,5,1
717,7,0.17626097239553928,4,1
718,7,0.07259499374777079,4,1
719,9,0.06788867339491844,2,1
720,6,0.03735722750425339,5,1
721,9,0.09627015143632889,2,1
722,6,0.1362874135375023,5,1
723,10,0.10707306861877441,1,1
724,7,0.049187214113771915,4,1
725,6,0.05334683880209923,5,1
726,10,0.026823177933692932,1,1
727,10,0.031785059720277786,1,1
728,7,0.03205785946920514,4,1
729,7,0.05321463569998741,4,1
730,8,0.07249806200464566,3,1
731,8,0.1984380582968394,3,1
732,8,0.07322941223780315,3,1
733,8,0.06637255474925041,3,1
734,-2,0.09513477723185833,13,1
735,8,0.04074974482258161,3,1
736,10,0.028407182544469833,1,1
737,8,0.030441240097085636,3,1
738,7,0.1266687661409378,4,1
739,7,0.05332446377724409,4,1
740,8,0.044995284949739776,3,1
741,8,0.13429701576630274,3,1
742,9,0.05062519758939743,2,1
743,6,0.05525441840291023,5,1
744,6,0.03691520243883133,5,1
745,10,0.04830603674054146,1,1
746,10,0.08551732450723648,1,1
747,9,0.06275438517332077,2,1
748,9,0.04917116090655327,2,1
749,9,0.05241809971630573,2,1
750,-10,0.054829902946949005,1,0
751,9,0.040887157432734966,2,1
752,8,0.062078955272833504,3,1
753,8,0.026134004195531208,3,1
754,8,0.04750957588354746,3,1
755,-50,0.09024169944226741,50,0
756,10,0.0407806858420372,1,1
757,9,0.17365439981222153,2,1
758,-5,0.046749252651352435,16,1
759,7,0.026881122961640358,4,1
760,6,0.034894369170069696,5,1
761,-10,0.11934423446655273,1,0
762,7,0.040645886445418,4,1
763,10,0.08025727421045303,1,1
764,6,0.04760042764246464,5,1
765,9,0.15269199758768082,2,1
766,6,0.08990273773670196,5,1
767,10,0.049464501440525055,1,1
768,9,0.08243274129927158,2,1
769,7,0.030500557273626328,4,1
770,8,0.04316236637532711,3,1
771,8,0.11350806740423043,3,1
772,-50,0.0638116018846631,50,0
773,0,0.02146778619763526,11,1
774,6,0.032289794459939,5,1
775,9,0.09117867425084114,2,1
776,6,0.0785350263118744,5,1
777,9,0.046206843107938766,2,1
778,10,0.030902070924639702,1,1
779,8,0.03911619633436203,3,1
780,2,0.05365514651768737,9,1
781,10,0.014063547365367413,1,1
782,8,0.026393471906582516,3,1
783,10,0.007899836637079716,1,1
784,10,0.07138502597808838,1,1
785,8,0.28165767528116703,3,1
786,9,0.019360425882041454,2,1
787,10,0.03185087814927101,1,1
788,9,0.018402902875095606,2,1
789,8,0.0353683369855086,3,1
790,7,0.05077540595084429,4,1
791,-35,0.056212090097529734,46,1
792,9,0.049465292133390903,2,1
793,6,0.03027627505362034,5,1
794,4,0.09862379450351,7,1
795,9,0.033363522961735725,2,1
796,9,0.01382818492129445,2,1
797,7,0.050502195954322815,4,1
798,7,0.10566758085042238,4,1
799,7,0.021590483374893665,4,1
800,9,0.031029614619910717,2,1
801,8,0.032073394705851875,3,1
802,7,0.020413466962054372,4,1
803,8,0.02079912678649028,3,1
804,-30,0.03487466388132151,41,1
805,6,0.027803331799805164,5,1
806,10,0.012526769191026688,1,1
807,9,0.013481630012392998,2,1
808,8,0.014154252596199512,3,1
809,7,0.017658575903624296,4,1
810,9,0.012521336786448956,2,1
811,5,0.03672125904510418,6,1
812,9,0.013254973571747541,2,1
813,9,0.013198432978242636,2,1
814,-50,0.029090208392590286,50,0
815,10,0.20547522604465485,1,1
816,10,0.03212815150618553,1,1
817,8,0.02034293922285239,3,1
818,-8,0.05429417500272393,19,1
819,9,0.01054944097995758,2,1
820,10,0.024941952899098396,1,1
821,9,0.0603664661757648,2,1
822,7,0.011912037618458271,4,1
823,7,0.03782533062621951,4,1
824,7,0.021376381628215313,4,1
825,5,0.0616617143775026,6,1
826,8,0.0175332377354304,3,1
827,10,0.003278387011960149,1,1
828,9,0.024394411593675613,2,1
829,-12,0.0656440970690354,23,1
830,9,0.018608022015541792,2,1
831,9,0.013594877906143665,2,1
832,9,0.026921004056930542,2,1
833,8,0.008383649090925852,3,1
834,10,0.014476440846920013,1,1
835,-50,0.0375134661141783,50,0
836,6,0.014350010827183724,5,1
837,9,0.009316609939560294,2,1
838,9,0.02761345636099577,2,1
839,9,0.037972066551446915,2,1
840,6,0.030738590564578772,5,1
841,8,0.0675464163844784,3,1
842,10,0.03185486048460007,1,1
843,9,0.021000133827328682,2,1
844,9,0.023991047404706478,2,1
845,9,0.06770633347332478,2,1
846,9,0.039928787387907505,2,1
847,6,0.03337506782263518,5,1
848,10,0.046424057334661484,1,1
849,10,0.01887059025466442,1,1
850,8,0.030213716439902782,3,1
851,8,0.0771836571705838,3,1
852,10,0.010394511744379997,1,1
853,8,0.09586442199846108,3,1
854,8,0.023600648002078135,3,1
855,9,0.0218723239377141,2,1
856,8,0.12352145121743281,3,1
857,9,0.040783374570310116,2,1
858,8,0.06100285410260161,3,1
859,10,0.014747602865099907,1,1
860,6,0.028451320342719556,5,1
861,9,0.028218832099810243,2,1
862,-50,0.05347139809280634,50,0
863,5,0.050129138554135956,6,1
864,9,0.07728933356702328,2,1
865,10,0.02109929732978344,1,1
866,-10,0.05214526504278183,1,0
867,10,0.008889354765415192,1,1
868,10,0.036761023104190826,1,1
869,9,0.06811027228832245,2,1
870,9,0.04676105175167322,2,1
871,8,0.018164508044719696,3,1
872,9,0.19833790231496096,2,1
873,5,0.03006717834311227,6,1
874,7,0.04006543755531311,4,1
875,-11,0.013314808253198862,2,0
876,8,0.009065683310230574,3,1
877,8,0.03097568204005559,3,1
878,9,0.037745905574411154,2,1
879,9,0.05920526944100857,2,1
880,7,0.03165666328277439,4,1
881,9,0.0771916639059782,2,1
882,10,0.01822814531624317,1,1
883,5,0.05024945301314195,6,1
884,9,0.24193025939166546,2,1
885,-50,0.06451477237045765,50,0
886,7,0.07210762845352292,4,1
887,-11,0.3998192474246025,2,0
888,8,0.0755966417491436,3,1
889,9,0.4030850678682327,2,1
890,10,0.0426083542406559,1,1
891,-10,0.1636667251586914,1,0
892,10,0.06948608160018921,1,1
893,-29,0.15632814578711987,20,0
894,9,0.03808446787297726,2,1
895,10,0.005892500281333923,1,1
896,8,0.058644890785217285,3,1
897,9,0.022195462603121996,2,1
898,8,0.028186052416761715,3,1
899,9,0.08306824788451195,2,1
900,10,0.5689166784286499,1,1
901,8,0.11835176373521487,3,1
902,10,0.03378649801015854,1,1
903,6,0.07830544989556074,5,1
904,7,0.034290090668946505,4,1
905,9,0.07981864642351866,2,1
906,10,0.2428853064775467,1,1
907,9,0.0775232333689928,2,1
908,8,0.06901987021168073,3,1
909,8,0.04794313417126735,3,1
910,6,0.052767951413989066,5,1
911,9,0.03157710563391447,2,1
912,6,0.07536743357777595,5,1
913,-43,0.14278819729738376,34,0
914,7,0.06842751475051045,4,1
915,10,0.10197177529335022,1,1
916,9,0.2719254642724991,2,1
917,-19,0.11466329464068016,30,1
918,8,0.045742506782213845,3,1
919,10,0.05037806183099747,1,1
920,9,0.04683899786323309,2,1
921,8,0.1185680798565348,3,1
922,6,0.04955449104309082,5,1
923,9,0.04318834934383631,2,1
924,6,0.08353997562080621,5,1
925,-50,0.127991146966815,50,0
926,-40,0.13902879323089315,31,0
927,10,0.03035026416182518,1,1
928,-50,0.09144014313817024,50,0
929,10,0.12606865167617798,1,1
930,-35,0.11586629499036533,26,0
931,10,0.033268678933382034,1,1
932,7,0.23709284141659737,4,1
933,6,0.2229075964540243,5,1
934,-50,0.11452669735997915,50,0
935,10,0.03728485852479935,1,1
936,10,0.12425254285335541,1,1
937,10,0.07219749689102173,1,1
938,9,0.09451812133193016,2,1
939,9,0.2847479246556759,2,1
940,-11,0.04273004271090031,2,0
941,10,0.4701375961303711,1,1
942,10,0.04376721754670143,1,1
943,6,0.18239648789167404,5,1
944,8,0.20334304310381413,3,1
945,9,0.10454774368554354,2,1
946,8,0.4153810739517212,3,1
947,8,0.07142028585076332,3,1
948,7,0.03033282980322838,4,1
949,6,0.2156054163351655,5,1
950,8,0.046708125000198684,3,1
951,7,0.05301078129559755,4,1
952,9,0.06991299241781235,2,1
953,7,0.062143083196133375,4,1
954,9,0.32895224913954735,2,1
955,9,0.052095504477620125,2,1
956,9,0.0320772510021925,2,1
957,4,0.07116510586014815,7,1
958,9,0.21662236750125885,2,1
959,10,0.5918868184089661,1,1
960,7,0.2458539791405201,4,1
961,9,0.3693522699177265,2,1
962,9,0.10961655341088772,2,1
963,7,0.06471362244337797,4,1
964,8,0.13087468842665353,3,1
965,9,0.07540443446487188,2,1
966,8,0.031141297270854313,3,1
967,7,0.2743525691330433,4,1
968,7,0.13335524825379252,4,1
969,8,0.12426887887219588,3,1
970,10,0.15721222758293152,1,1
971,6,0.19047629982233047,5,1
972,8,0.11724024390180905,3,1
973,8,0.12884452939033508,3,1
974,9,0.10700262524187565,2,1
975,-7,0.09183078497234318,18,1
976,8,0.09150823578238487,3,1
977,7,0.14926139079034328,4,1
978,9,0.07550853490829468,2,1
979,7,0.18183421343564987,4,1
980,9,0.04790625721216202,2,1
981,10,0.035819243639707565,1,1
982,7,0.30820897594094276,4,1
983,9,0.08977437019348145,2,1
984,10,0.5697358250617981,1,1
985,6,0.11935316510498524,5,1
986,6,0.08136097937822342,5,1
987,9,0.04121312126517296,2,1
988,9,0.0808525588363409,2,1
989,4,0.058202365679400306,7,1
990,8,0.0576257569094499,3,1
991,9,0.4583428278565407,2,1
992,9,0.13502787798643112,2,1
993,5,0.1639011682321628,6,1
994,7,0.18649265496060252,4,1
995,10,0.028820089995861053,1,1
996,7,0.19866901077330112,4,1
997,9,0.20280950516462326,2,1
998,8,0.25165313978989917,3,1
999,6,0.1796867400407791,5,1
1000,-30,0.108527827826215,41,1
1,8,0.2694646269083023,3,1
2,10,0.12435353547334671,1,1
3,8,0.208929023394982,3,1
4,8,0.04917547355095545,3,1
5,10,0.01573454774916172,1,1
6,10,0.10433325171470642,1,1
7,10,0.06325344741344452,1,1
8,-5,0.11234150920063257,16,1
9,10,0.035031549632549286,1,1
10,9,0.04610324464738369,2,1
11,8,0.03445896257956823,3,1
12,9,0.026650404557585716,2,1
13,8,0.04211167121926943,3,1
14,8,0.023635636394222576,3,1
15,8,0.057436712086200714,3,1
16,9,0.2020699381828308,2,1
17,9,0.23202253878116608,2,1
18,9,0.04189288802444935,2,1
19,9,0.10515999142080545,2,1
20,10,0.16135713458061218,1,1
21,7,0.10897280741482973,4,1
22,10,0.018739063292741776,1,1
23,8,0.07613468170166016,3,1
24,6,0.09320098757743836,5,1
25,10,0.5413520932197571,1,1
26,-22,0.12553901665590025,33,1
27,7,0.08571567013859749,4,1
28,8,0.27425962686538696,3,1
29,8,0.20027982629835606,3,1
30,9,0.0458470955491066,2,1
31,8,0.1904352344572544,3,1
32,10,0.06534404307603836,1,1
33,8,0.14511183152596155,3,1
34,-9,0.07588212639093399,20,1
35,7,0.06191294454038143,4,1
36,-36,0.1132345845566151,47,1
37,9,0.10854908637702465,2,1
38,7,0.037276117131114006,4,1
39,-50,0.11529618427157402,50,0
40,8,0.21925169974565506,3,1
41,7,0.0906921811401844,4,1
42,7,0.1628729454241693,4,1
43,8,0.055082532266775765,3,1
44,10,0.08319137990474701,1,1
45,9,0.057392194867134094,2,1
46,10,0.10700903832912445,1,1
47,9,0.12535127252340317,2,1
48,9,0.022762885317206383,2,1
49,8,0.03350767741600672,3,1
50,7,0.03643003571778536,4,1
51,8,0.16555138553182283,3,1
52,8,0.04412729665637016,3,1
53,-16,0.12353330581552452,27,1
54,6,0.06737020909786225,5,1
55,10,0.020136633887887,1,1
56,7,0.05866463389247656,4,1
57,9,0.05463605374097824,2,1
58,9,0.07055576145648956,2,1
59,8,0.1894864154358705,3,1
60,9,0.24097245931625366,2,1
61,9,0.16941934637725353,2,1
62,7,0.16914883814752102,4,1
63,-10,0.0400383397936821,1,0
64,9,0.1200675219297409,2,1
65,10,0.0334862619638443,1,1
66,9,0.07709268853068352,2,1
67,7,0.24052932765334845,4,1
68,9,0.03978032246232033,2,1
69,9,0.04376436956226826,2,1
70,6,0.08258902952075005,5,1
71,9,0.20532473176717758,2,1
72,9,0.08581235259771347,2,1
73,9,0.0410949420183897,2,1
74,8,0.06732649107774098,3,1
75,10,0.06969849765300751,1,1
76,8,0.17921855921546617,3,1
77,-10,0.16466844081878662,1,0
78,8,0.06079107647140821,3,1
79,8,0.06879150867462158,3,1
80,7,0.14651838596910238,4,1
81,5,0.16997006659706435,6,1
82,7,0.06020740978419781,4,1
83,-50,0.08754088811576366,50,0
84,-17,0.11915797440867339,28,1
85,7,0.16159028746187687,4,1
86,8,0.1611668492356936,3,1
87,10,0.039978042244911194,1,1
88,8,0.030770959332585335,3,1
89,8,0.03923596069216728,3,1
90,6,0.09735460132360459,5,1
91,9,0.04878752492368221,2,1
92,8,0.062036205704013504,3,1
93,10,0.3958500027656555,1,1
94,6,0.05316637009382248,5,1
95,10,0.3370576500892639,1,1
96,6,0.06541569977998733,5,1
97,10,0.16124893724918365,1,1
98,9,0.05842163786292076,2,1
99,9,0.04965156130492687,2,1
100,-1,0.12959915523727736,12,1
101,10,0.10153870284557343,1,1
102,7,0.11485528759658337,4,1
103,9,0.03436919488012791,2,1
104,10,0.03847214952111244,1,1
105,8,0.07714129239320755,3,1
106,9,0.037898411974310875,2,1
107,6,0.04278271831572056,5,1
108,-50,0.09265274185687304,50,0
109,8,0.0712222009897232,3,1
110,-10,0.044281259179115295,1,0
111,9,0.24616998806595802,2,1
112,8,0.1267110084493955,3,1
113,8,0.06681555385390918,3,1
114,8,0.19480033591389656,3,1
115,6,0.06395015567541122,5,1
116,0,0.0913785511458462,11,1
117,7,0.2734151044860482,4,1
118,8,0.03952190590401491,3,1
119,0,0.09818144532089884,11,1
120,8,0.052080828696489334,3,1
121,10,0.021644433960318565,1,1
122,5,0.10321598531057437,6,1
123,8,0.17429694284995398,3,1
124,10,0.024343864992260933,1,1
125,-24,0.0850163887654032,35,1
126,9,0.02674993686378002,2,1
127,9,0.06290469691157341,2,1
128,7,0.0400201054289937,4,1
129,8,0.04983539134263992,3,1
130,10,0.07678954303264618,1,1
131,8,0.05314758978784084,3,1
132,7,0.04608415951952338,4,1
133,7,0.08675603894516826,4,1
134,10,0.03290178254246712,1,1
135,5,0.0656695415576299,6,1
136,5,0.023872271180152893,6,1
137,7,0.057148236548528075,4,1
138,3,0.04962197667919099,8,1
139,9,0.022921483032405376,2,1
140,9,0.0672902800142765,2,1
141,9,0.017176545225083828,2,1
142,9,0.021628735587000847,2,1
143,9,0.04699939303100109,2,1
144,7,0.023603597655892372,4,1
145,7,0.044187231454998255,4,1
146,6,0.08341380059719086,5,1
147,6,0.0673960417509079,5,1
148,8,0.052245343724886574,3,1
149,-16,0.05670745537749359,7,0
150,7,0.1408595102839172,4,1
151,3,0.10741075361147523,8,1
152,10,0.030569154769182205,1,1
153,10,0.026423119008541107,1,1
154,10,0.17625166475772858,1,1
155,8,0.033966089288393654,3,1
156,7,0.04920793557539582,4,1
157,10,0.12112520635128021,1,1
158,-10,0.03917791694402695,1,0
159,7,0.05094925290904939,4,1
160,10,0.05295468121767044,1,1
161,8,0.1757965007176002,3,1
162,8,0.03591148369014263,3,1
163,10,0.024673989042639732,1,1
164,9,0.04317873902618885,2,1
165,9,0.06549718230962753,2,1
166,8,0.048196710646152496,3,1
167,6,0.12927543576806783,5,1
168,8,0.06347089757521947,3,1
169,9,0.07165301591157913,2,1
170,6,0.029300608858466148,5,1
171,-1,0.07637226007257898,12,1
172,8,0.03853823865453402,3,1
173,7,0.05351403821259737,4,1
174,8,0.04901174455881119,3,1
175,8,0.05711766332387924,3,1
176,9,0.0642987061291933,2,1
177,8,0.042110426972309746,3,1
178,5,0.06345849142720301,6,1
179,-17,0.07109027841527547,28,1
180,7,0.053253729827702045,4,1
181,6,0.04164655264467001,5,1
182,8,0.06953384603063266,3,1
183,9,0.02863765601068735,2,1
184,7,0.03956051962450147,4,1
185,8,0.05030324310064316,3,1
186,10,0.020690027624368668,1,1
187,9,0.023813161998987198,2,1
188,6,0.14554402306675912,5,1
189,-14,0.042744400687515734,25,1
190,8,0.0987965998550256,3,1
191,7,0.03288258472457528,4,1
192,-50,0.06974609700962901,50,0
193,7,0.16665737703442574,4,1
194,9,0.0875419806689024,2,1
195,-50,0.06651599211618305,50,0
196,3,0.08598017040640116,8,1
197,9,0.017475103959441185,2,1
198,7,0.025044505251571536,4,1
199,-50,0.055640537766739724,50,0
200,8,0.023461370418469112,3,1
201,8,0.027046650027235348,3,1
202,7,0.0433898598421365,4,1
203,7,0.014692211989313364,4,1
204,8,0.05081014179935058,3,1
205,8,0.05923002089063326,3,1
206,-10,0.037805408239364624,1,0
207,-50,0.054884241977706555,50,0
208,7,0.028118311194702983,4,1
209,7,0.04714580369181931,4,1
210,10,0.010990634560585022,1,1
211,7,0.04891099035739899,4,1
212,10,0.03781355917453766,1,1
213,6,0.02953573875129223,5,1
214,9,0.03847513906657696,2,1
215,9,0.02255382388830185,2,1
216,8,0.216621412585179,3,1
217,6,0.05699256472289562,5,1
218,8,0.11091953391830127,3,1
219,8,0.026214345668752987,3,1
220,10,0.0660991445183754,1,1
221,6,0.06913642659783363,5,1
222,8,0.0209017563611269,3,1
223,8,0.11037812940776348,3,1
224,7,0.021993176080286503,4,1
225,10,0.03923854976892471,1,1
226,8,0.02996660675853491,3,1
227,10,0.0440257266163826,1,1
228,-10,0.04544273018836975,1,0
229,7,0.04360226774588227,4,1
230,7,0.12318485043942928,4,1
231,8,0.10172821022570133,3,1
232,9,0.019983855076134205,2,1
233,8,0.018838694940010708,3,1
234,9,0.04734206944704056,2,1
235,9,0.010352612938731909,2,1
236,9,0.03236807510256767,2,1
237,8,0.03171285738547643,3,1
238,8,0.021456038889785606,3,1
239,7,0.12800200562924147,4,1
240,9,0.03581671044230461,2,1
241,9,0.028293385170400143,2,1
242,8,0.019215567968785763,3,1
243,9,0.15664008259773254,2,1
244,8,0.036126064136624336,3,1
245,10,0.4415929913520813,1,1
246,5,0.09027290375282367,6,1
247,8,0.10932094231247902,3,1
248,7,0.03560825204476714,4,1
249,7,0.02304942486807704,4,1
250,9,0.035979557782411575,2,1
251,9,0.023492860607802868,2,1
252,9,0.08240914531052113,2,1
253,-3,0.04418334165321929,14,1
254,9,0.0780442776158452,2,1
255,9,0.2187491226941347,2,1
256,10,0.3260294497013092,1,1
257,8,0.15717293818791708,3,1
258,9,0.03848757967352867,2,1
259,9,0.24410745687782764,2,1
260,8,0.03738209170599779,3,1
261,8,0.042639399568239846,3,1
262,-18,0.06492719397848022,29,1
263,-10,0.08170724660158157,1,0
264,9,0.12899080570787191,2,1
265,9,0.24212833866477013,2,1
266,9,0.04700811021029949,2,1
267,7,0.07305922359228134,4,1
268,8,0.02835144071529309,3,1
269,6,0.09620099887251854,5,1
270,10,0.03437173366546631,1,1
271,9,0.05326899513602257,2,1
272,9,0.043288806453347206,2,1
273,10,0.059868600219488144,1,1
274,9,0.058432335034012794,2,1
275,10,0.02100653201341629,1,1
276,10,0.047597408294677734,1,1
277,-40,0.07271556075542204,31,0
278,10,0.02095961570739746,1,1
279,7,0.034579877741634846,4,1
280,10,0.07498815655708313,1,1
281,6,0.07198052108287811,5,1
282,-26,0.06486589688102941,37,1
283,5,0.06445426773279905,6,1
284,5,0.10151953560610612,6,1
285,9,0.05540701560676098,2,1
286,9,0.06015762314200401,2,1
287,8,0.20070025014380613,3,1
288,10,0.04038751870393753,1,1
289,10,0.10426711291074753,1,1
290,8,0.03609268243114153,3,1
291,8,0.06544135635097821,3,1
292,6,0.06112552173435688,5,1
293,9,0.09319093823432922,2,1
294,-12,0.11555747307189133,23,1
295,8,0.24024591346581778,3,1
296,10,0.24107393622398376,1,1
297,9,0.06252949312329292,2,1
298,8,0.049640811358888946,3,1
299,8,0.03677556663751602,3,1
300,9,0.03159239236265421,2,1
301,8,0.21139598141113916,3,1
302,8,0.029095841571688652,3,1
303,9,0.04259232431650162,2,1
304,9,0.06331001035869122,2,1
305,-7,0.08492378311024772,18,1
306,10,0.0816807895898819,1,1
307,8,0.027017681548992794,3,1
308,-26,0.05681058039536347,37,1
309,9,0.15870163217186928,2,1
310,8,0.19803216805060705,3,1
311,8,0.03664572102328142,3,1
312,7,0.08029461652040482,4,1
313,10,0.05268368497490883,1,1
314,9,0.022503286600112915,2,1
315,8,0.22720494866371155,3,1
316,10,0.09265746176242828,1,1
317,9,0.048583123832941055,2,1
318,9,0.03922388516366482,2,1
319,8,0.14712214469909668,3,1
320,4,0.03691261474575315,7,1
321,9,0.06075453199446201,2,1
322,8,0.278176948428154,3,1
323,10,0.03357893228530884,1,1
324,9,0.05212504602968693,2,1
325,6,0.1557248815894127,5,1
326,8,0.05348799998561541,3,1
327,5,0.06487002472082774,6,1
328,10,0.04760027304291725,1,1
329,10,0.014723173342645168,1,1
330,9,0.02200679713860154,2,1
331,-50,0.08393066421151162,50,0
332,9,0.02363105397671461,2,1
333,10,0.3643588721752167,1,1
334,8,0.06852948665618896,3,1
335,7,0.03297555819153786,4,1
336,10,0.08438684791326523,1,1
337,9,0.03886326029896736,2,1
338,10,0.08260999619960785,1,1
339,7,0.04354149289429188,4,1
340,7,0.09239141410216689,4,1
341,6,0.18463747929781676,5,1
342,10,0.026563048362731934,1,1
343,9,0.026286807842552662,2,1
344,7,0.030834426172077656,4,1
345,9,0.02143589500337839,2,1
346,10,0.05978631228208542,1,1
347,10,0.0326697863638401,1,1
348,9,0.08025470934808254,2,1
349,9,0.06586211919784546,2,1
350,10,0.04906228184700012,1,1
351,8,0.03554825050135454,3,1
352,8,0.20927459187805653,3,1
353,8,0.02959475666284561,3,1
354,9,0.022175309248268604,2,1
355,8,0.021759468441208202,3,1
356,10,0.049023695290088654,1,1
357,8,0.06661272794008255,3,1
358,8,0.05262478068470955,3,1
359,9,0.038882617838680744,2,1
360,8,0.09793456643819809,3,1
361,8,0.045111805821458496,3,1
362,8,0.16043003151814142,3,1
363,7,0.043031569104641676,4,1
364,-15,0.11605543922632933,26,1
365,9,0.07390912063419819,2,1
366,8,0.028557126099864643,3,1
367,9,0.05173303745687008,2,1
368,5,0.08398557516435783,6,1
369,7,0.038822658360004425,4,1
370,9,0.024144760333001614,2,1
371,10,0.03665745258331299,1,1
372,10,0.3571101427078247,1,1
373,10,0.016227003186941147,1,1
374,7,0.04510780796408653,4,1
375,8,0.02266272685180108,3,1
376,9,0.0663920845836401,2,1
377,7,0.06395912729203701,4,1
378,9,0.13241606391966343,2,1
379,6,0.0880208108574152,5,1
380,10,0.04498174041509628,1,1
381,8,0.028113950043916702,3,1
382,10,0.04327923059463501,1,1
383,8,0.056376068542400994,3,1
384,7,0.05059255938977003,4,1
385,9,0.03990921936929226,2,1
386,9,0.05296606197953224,2,1
387,-17,0.08054593118972012,28,1
388,10,0.05405764281749725,1,1
389,8,0.059998619059721627,3,1
390,9,0.026865835301578045,2,1
391,9,0.028316221199929714,2,1
392,9,0.054162075743079185,2,1
393,9,0.042855906300246716,2,1
394,-50,0.08640758659690619,50,0
395,10,0.030205272138118744,1,1
396,5,0.04421671060845256,6,1
397,10,0.033742260187864304,1,1
398,8,0.022810567791263264,3,1
399,7,0.02920219535008073,4,1
400,8,0.0390767560650905,3,1
401,9,0.017397410236299038,2,1
402,7,0.023752541979774833,4,1
403,8,0.36755044758319855,3,1
404,5,0.03291525070865949,6,1
405,9,0.02239671628922224,2,1
406,10,0.026485200971364975,1,1
407,10,0.07210663706064224,1,1
408,9,0.037921552546322346,2,1
409,10,0.027154281735420227,1,1
410,10,0.010052720084786415,1,1
411,5,0.025697206147015095,6,1
412,6,0.14594359658658504,5,1
413,6,0.043994275480508806,5,1
414,10,0.3536948561668396,1,1
415,10,0.009704014286398888,1,1
416,10,0.02434539422392845,1,1
417,9,0.018623098731040955,2,1
418,-12,0.062368129420539604,23,1
419,7,0.03577004326507449,4,1
420,9,0.18491773866117,2,1
421,9,0.017622658517211676,2,1
422,4,0.1071863267570734,7,1
423,7,0.017577272141352296,4,1
424,8,0.048444303994377456,3,1
425,6,0.019969241693615913,5,1
426,8,0.01507515956958135,3,1
427,9,0.20222516544163227,2,1
428,9,0.04810193367302418,2,1
429,9,0.20634969137609005,2,1
430,8,0.02430473392208417,3,1
431,9,0.037841083481907845,2,1
432,5,0.17824453860521317,6,1
433,9,0.050982750952243805,2,1
434,7,0.03887428739108145,4,1
435,9,0.03309757262468338,2,1
436,7,0.13053589593619108,4,1
437,7,0.1697981939651072,4,1
438,4,0.034674053213426044,7,1
439,7,0.061197554692626,4,1
440,10,0.05989406257867813,1,1
441,10,0.09636805951595306,1,1
442,8,0.054924141615629196,3,1
443,6,0.05670418590307236,5,1
444,7,0.08251924254000187,4,1
445,6,0.04886079616844654,5,1
446,6,0.1587016686797142,5,1
447,7,0.10993972234427929,4,1
448,9,0.06341797858476639,2,1
449,9,0.11385724507272243,2,1
450,-15,0.06016235643376907,6,0
451,9,0.043159433640539646,2,1
452,6,0.10177759379148484,5,1
453,9,0.0669772382825613,2,1
454,10,0.054774075746536255,1,1
455,1,0.08991089835762978,10,1
456,8,0.05154697969555855,3,1
457,7,0.048203484155237675,4,1
458,-11,0.10434236834672364,22,1
459,6,0.060354617238044736,5,1
460,10,0.20286650955677032,1,1
461,-10,0.09000733885027114,21,1
462,10,0.024199800565838814,1,1
463,9,0.0574589092284441,2,1
464,-10,0.057933932525061425,21,1
465,9,0.03722448647022247,2,1
466,7,0.030417194589972496,4,1
467,-10,0.0501096174120903,1,0
468,9,0.32282405719161034,2,1
469,8,0.061159322038292885,3,1
470,7,0.14086399227380753,4,1
471,7,0.07385332975536585,4,1
472,7,0.07359753083437681,4,1
473,7,0.14522116538137197,4,1
474,6,0.0836428351700306,5,1
475,8,0.20238214855392775,3,1
476,7,0.056424438022077084,4,1
477,9,0.27335165813565254,2,1
478,9,0.04568771831691265,2,1
479,6,0.06564451716840267,5,1
480,10,0.040806468576192856,1,1
481,6,0.06878922469913959,5,1
482,7,0.050329349003732204,4,1
483,7,0.05830415803939104,4,1
484,8,0.11435223246614139,3,1
485,6,0.04734925217926502,5,1
486,10,0.09727676212787628,1,1
487,9,0.05158824101090431,2,1
488,9,0.04972230549901724,2,1
489,7,0.1094919266179204,4,1
490,9,0.08088367059826851,2,1
491,5,0.06028235765794913,6,1
492,8,0.0652147779862086,3,1
493,9,0.03445994667708874,2,1
494,9,0.042615124955773354,2,1
495,6,0.12809447199106216,5,1
496,10,0.021685762330889702,1,1
497,5,0.0569273439856867,6,1
498,9,0.05346842110157013,2,1
499,8,0.13479383289813995,3,1
500,8,0.06990441183249156,3,1
501,6,0.13472180664539338,5,1
502,8,0.0417766198515892,3,1
503,10,0.07168938219547272,1,1
504,8,0.08621820683280627,3,1
505,9,0.03527595195919275,2,1
506,3,0.05378828034736216,8,1
507,8,0.07793617248535156,3,1
508,10,0.0528176911175251,1,1
509,7,0.06376260053366423,4,1
510,9,0.08139213174581528,2,1
511,10,0.0669737309217453,1,1
512,7,0.06299595814198256,4,1
513,6,0.04317775145173073,5,1
514,8,0.1936303712427616,3,1
515,-18,0.06997619331653776,29,1
516,2,0.05062487307522032,9,1
517,9,0.05695194937288761,2,1
518,10,0.022219600155949593,1,1
519,6,0.05079660788178444,5,1
520,-11,0.094749316573143,2,0
521,8,0.06639361133178075,3,1
522,8,0.06620735550920169,3,1
523,-12,0.05794011428952217,3,0
524,10,0.13729000091552734,1,1
525,7,0.10148431826382875,4,1
526,9,0.04061137139797211,2,1
527,7,0.05145582091063261,4,1
528,9,0.28498218953609467,2,1
529,9,0.0679254587739706,2,1
530,9,0.0578888263553381,2,1
531,10,0.041268810629844666,1,1
532,8,0.06744373217225075,3,1
533,10,0.02308051660656929,1,1
534,9,0.05056342855095863,2,1
535,8,0.04885214691360792,3,1
536,7,0.18959464970976114,4,1
537,7,0.17247623298317194,4,1
538,7,0.04305025562644005,4,1
539,9,0.02435645740479231,2,1
540,10,0.07260705530643463,1,1
541,10,0.025768473744392395,1,1
542,6,0.12732095867395402,5,1
543,9,0.04604802839457989,2,1
544,8,0.20970246940851212,3,1
545,9,0.20626941323280334,2,1
546,6,0.10091515779495239,5,1
547,8,0.05829410441219807,3,1
548,9,0.0292777419090271,2,1
549,10,0.06208617985248566,1,1
550,9,0.03287617303431034,2,1
551,-10,0.06244640389368648,21,1
552,8,0.0457512599726518,3,1
553,8,0.042579104813436665,3,1
554,-1,0.09508345990131299,12,1
555,8,0.06852461397647858,3,1
556,8,0.041506526370843254,3,1
557,8,0.03751039132475853,3,1
558,5,0.065524160861969,6,1
559,8,0.07345801840225856,3,1
560,9,0.027672434225678444,2,1
561,6,0.20533219277858733,5,1
562,7,0.036382218822836876,4,1
563,1,0.09686262458562851,10,1
564,7,0.084583330899477,4,1
565,8,0.04379305491844813,3,1
566,8,0.052681842197974525,3,1
567,8,0.18508003714183965,3,1
568,10,0.040275730192661285,1,1
569,6,0.2388458490371704,5,1
570,8,0.033101322750250496,3,1
571,8,0.19394988069931665,3,1
572,9,0.03636159375309944,2,1
573,9,0.048733023926615715,2,1
574,9,0.04210172686725855,2,1
575,9,0.03725622966885567,2,1
576,-11,0.028940362855792046,2,0
577,8,0.04430122176806132,3,1
578,9,0.02133242692798376,2,1
579,10,0.017935127019882202,1,1
580,6,0.03373510725796223,5,1
581,-12,0.12009970908579619,23,1
582,9,0.25058140978217125,2,1
583,9,0.06926656514406204,2,1
584,7,0.05572493467479944,4,1
585,7,0.060173104517161846,4,1
586,5,0.04180040707190832,6,1
587,7,0.02595213521271944,4,1
588,-30,0.05779854141707931,21,0
589,9,0.04358996823430061,2,1
590,-1,0.0551692220227172,12,1
591,7,0.1544465934857726,4,1
592,7,0.11414948664605618,4,1
593,10,0.045385610312223434,1,1
594,9,0.029232037253677845,2,1
595,8,0.03625304500261942,3,1
596,9,0.22578514274209738,2,1
597,7,0.13185190851800144,4,1
598,7,0.15120750246569514,4,1
599,10,0.057065606117248535,1,1
600,10,0.03510139137506485,1,1
601,10,0.029321886599063873,1,1
602,10,0.026113882660865784,1,1
603,7,0.15532180108129978,4,1
604,8,0.30642913344005746,3,1
605,7,0.26182950381189585,4,1
606,9,0.23149992898106575,2,1
607,8,0.17589994395772615,3,1
608,9,0.06748220883309841,2,1
609,9,0.06984231062233448,2,1
610,8,0.05382860265672207,3,1
611,7,0.13107710424810648,4,1
612,4,0.06308729760348797,7,1
613,7,0.020743819419294596,4,1
614,7,0.03251948719844222,4,1
615,8,0.1674902606755495,3,1
616,9,0.05546700954437256,2,1
617,6,0.042316728830337526,5,1
618,8,0.058366842567920685,3,1
619,8,0.043365747978289924,3,1
620,10,0.04972505569458008,1,1
621,6,0.02118358537554741,5,1
622,8,0.020928186054031055,3,1
623,9,0.22224189713597298,2,1
624,10,0.8495320081710815,1,1
625,10,0.02048433944582939,1,1
626,9,0.090236134827137,2,1
627,10,0.016445674002170563,1,1
628,9,0.2468966245651245,2,1
629,8,0.034070476268728576,3,1
630,10,0.026793189346790314,1,1
631,6,0.035243674740195276,5,1
632,10,0.01925469934940338,1,1
633,-30,0.06815860305158865,21,0
634,8,0.04574362995723883,3,1
635,9,0.04262842237949371,2,1
636,10,0.43953120708465576,1,1
637,9,0.05922888405621052,2,1
638,10,0.0382947139441967,1,1
639,7,0.06044422509148717,4,1
640,6,0.045281967520713805,5,1
641,8,0.06863094742099445,3,1
642,6,0.027513869851827622,5,1
643,9,0.019026484340429306,2,1
644,8,0.034177521243691444,3,1
645,10,0.2744516432285309,1,1
646,-17,0.06582734680601529,28,1
647,9,0.04342246428132057,2,1
648,10,0.06602901220321655,1,1
649,10,0.022917646914720535,1,1
650,8,0.04306850768625736,3,1
651,6,0.09344014674425125,5,1
652,10,0.0542769730091095,1,1
653,9,0.02663176693022251,2,1
654,7,0.023832370061427355,4,1
655,8,0.017998676747083664,3,1
656,10,0.012263067066669464,1,1
657,9,0.017001882661134005,2,1
658,8,0.04166083534558614,3,1
659,6,0.03557762242853642,5,1
660,7,0.03966196579858661,4,1
661,4,0.0754117112872856,7,1
662,6,0.06794200409203768,5,1
663,6,0.026653937250375747,5,1
664,8,0.17302095827956995,3,1
665,8,0.1292382339015603,3,1
666,9,0.05849573388695717,2,1
667,10,0.4407798945903778,1,1
668,9,0.20367742516100407,2,1
669,8,0.025687027101715405,3,1
670,-50,0.07697465671226382,50,0
671,9,0.028499741107225418,2,1
672,9,0.07536402344703674,2,1
673,10,0.06305701285600662,1,1
674,10,0.018879633396863937,1,1
675,7,0.09915717504918575,4,1
676,-10,0.04603895545005798,1,0
677,9,0.08072081953287125,2,1
678,9,0.05292210541665554,2,1
679,7,0.04465991631150246,4,1
680,7,0.05298234382644296,4,1
681,10,0.03330846130847931,1,1
682,-11,0.12032482400536537,2,0
683,8,0.050252615163723625,3,1
684,8,0.01515815407037735,3,1
685,10,0.01058246847242117,1,1
686,9,0.03440733766183257,2,1
687,6,0.0622216634452343,5,1
688,8,0.05119633302092552,3,1
689,8,0.026515608963867027,3,1
690,9,0.01576327858492732,2,1
691,8,0.07193062951167424,3,1
692,10,0.024893473833799362,1,1
693,10,0.08416060358285904,1,1
694,7,0.11259486526250839,4,1
695,8,0.04040483571588993,3,1
696,8,0.18751121064027151,3,1
697,7,0.14068073080852628,4,1
698,10,0.01132875680923462,1,1
699,-50,0.10722342120483518,50,0
700,6,0.07823178842663765,5,1
701,10,0.1801537573337555,1,1
702,6,0.14119446650147438,5,1
703,7,0.06045886781066656,4,1
704,9,0.21525312960147858,2,1
705,-4,0.09963748616476854,15,1
706,7,0.05213064095005393,4,1
707,8,0.04749950394034386,3,1
708,9,0.05746127385646105,2,1
709,8,0.04495447066922983,3,1
710,7,0.04318659193813801,4,1
711,8,0.08615824580192566,3,1
712,8,0.04049477043251196,3,1
713,8,0.025154267127315205,3,1
714,-11,0.06536353658884764,2,0
715,-50,0.09120664095506072,50,0
716,9,0.1316384170204401,2,1
717,6,0.13321469482034445,5,1
718,8,0.016387635841965675,3,1
719,7,0.0808020131662488,4,1
720,7,0.12166424561291933,4,1
721,10,0.05970844626426697,1,1
722,10,0.4594731628894806,1,1
723,4,0.08044824829058987,7,1
724,9,0.10854404978454113,2,1
725,-50,0.14628046883270143,50,0
726,9,0.08840666152536869,2,1
727,9,0.24033866077661514,2,1
728,10,0.03989783674478531,1,1
729,1,0.1043072204105556,10,1
730,10,0.16936908662319183,1,1
731,8,0.07155766400198142,3,1
732,10,0.03790003061294556,1,1
733,9,0.02875353954732418,2,1
734,9,0.0231623612344265,2,1
735,-24,0.06111707578280142,35,1
736,9,0.4447293132543564,2,1
737,10,0.18603748083114624,1,1
738,7,0.05352421849966049,4,1
739,9,0.057162828743457794,2,1
740,7,0.052348071709275246,4,1
741,9,0.13540419191122055,2,1
742,6,0.10959809646010399,5,1
743,10,0.022969026118516922,1,1
744,9,0.059228869155049324,2,1
745,9,0.03364870324730873,2,1
746,8,0.05953925009816885,3,1
747,9,0.07332218997180462,2,1
748,9,0.032716067507863045,2,1
749,10,0.03920980170369148,1,1
750,7,0.047628721222281456,4,1
751,7,0.043111024890094995,4,1
752,10,0.07213979214429855,1,1
753,9,0.20403376501053572,2,1
754,10,0.04668230935931206,1,1
755,8,0.04364574948946635,3,1
756,9,0.04815971106290817,2,1
757,8,0.042737054328123726,3,1
758,9,0.04212552681565285,2,1
759,9,0.049676465801894665,2,1
760,8,0.18370542551080385,3,1
761,7,0.05324693722650409,4,1
762,9,0.09310772083699703,2,1
763,10,0.056107163429260254,1,1
764,-26,0.0785684947780258,37,1
765,8,0.130298076197505,3,1
766,6,0.12418686486780643,5,1
767,9,0.04656881466507912,2,1
768,8,0.05778926486770312,3,1
769,6,0.12270790599286556,5,1
770,10,0.044409140944480896,1,1
771,8,0.08123231337716182,3,1
772,9,0.03766400367021561,2,1
773,8,0.17382876574993134,3,1
774,8,0.03126067450890938,3,1
775,-50,0.08978868773207069,50,0
776,7,0.11752020660787821,4,1
777,8,0.03327568061649799,3,1
778,9,0.03475669585168362,2,1
779,7,0.1074349582195282,4,1
780,7,0.2019489612430334,4,1
781,6,0.1755092028528452,5,1
782,8,0.06243305032451948,3,1
783,8,0.019229197253783543,3,1
784,10,0.13760381937026978,1,1
785,8,0.03816700788835684,3,1
786,9,0.04972158744931221,2,1
787,-50,0.08727156363427639,50,0
788,5,0.05918478841582934,6,1
789,-50,0.11789694476872682,50,0
790,10,0.05529087409377098,1,1
791,9,0.28069188073277473,2,1
792,9,0.09000051952898502,2,1
793,9,0.10643850266933441,2,1
794,10,0.04376339167356491,1,1
795,8,0.3238814113040765,3,1
796,7,0.101054263766855,4,1
797,7,0.25104352831840515,4,1
798,7,0.10587563179433346,4,1
799,6,0.038385088182985784,5,1
800,9,0.02969537116587162,2,1
801,7,0.05821212101727724,4,1
802,9,0.026682469062507153,2,1
803,-4,0.08453798256814479,15,1
804,10,0.00836801528930664,1,1
805,9,0.024491209536790848,2,1
806,7,0.04783250018954277,4,1
807,7,0.2666948470287025,4,1
808,8,0.031170104009409744,3,1
809,8,0.056516664723555245,3,1
810,10,0.023684673011302948,1,1
811,9,0.07275677658617496,2,1
812,10,0.018798016011714935,1,1
813,10,0.04930196702480316,1,1
814,3,0.07840702822431922,8,1
815,8,0.021557423286139965,3,1
816,7,0.05795156490057707,4,1
817,10,0.14531128108501434,1,1
818,-50,0.07196511328220367,50,0
819,-30,0.08778552879535016,21,0
820,9,0.02823715191334486,2,1
821,7,0.16127544175833464,4,1
822,9,0.026698259636759758,2,1
823,8,0.19769081473350525,3,1
824,7,0.07926983200013638,4,1
825,8,0.04296053325136503,3,1
826,8,0.1572131576637427,3,1
827,4,0.03150123517428126,7,1
828,10,0.041719354689121246,1,1
829,5,0.04235291543106238,6,1
830,-50,0.09031949162483216,50,0
831,8,0.03200112904111544,3,1
832,9,0.02881915681064129,2,1
833,-12,0.10611607158637565,23,1
834,8,0.2506897933781147,3,1
835,7,0.20471006631851196,4,1
836,9,0.018706529401242733,2,1
837,9,0.0412836205214262,2,1
838,10,0.03963650017976761,1,1
839,10,0.09310617297887802,1,1
840,8,0.042494047433137894,3,1
841,7,0.22759214788675308,4,1
842,8,0.17590606274704138,3,1
843,8,0.04915780574083328,3,1
844,9,0.03337834123522043,2,1
845,7,0.14955065492540598,4,1
846,10,0.0480804368853569,1,1
847,10,0.026125572621822357,1,1
848,8,0.040476965407530464,3,1
849,6,0.040779128670692444,5,1
850,8,0.16272089692453542,3,1
851,7,0.16561712231487036,4,1
852,6,0.13472570851445198,5,1
853,9,0.03185293450951576,2,1
854,9,0.20660786889493465,2,1
855,10,0.4003235995769501,1,1
856,8,0.0490423192580541,3,1
857,8,0.036998650059103966,3,1
858,6,0.125882525742054,5,1
859,8,0.1728709451854229,3,1
860,7,0.13660274725407362,4,1
861,10,0.027651328593492508,1,1
862,5,0.1400636505956451,6,1
863,6,0.03619575761258602,5,1
864,10,0.012887646444141865,1,1
865,10,0.036042649298906326,1,1
866,9,0.05510605126619339,2,1
867,10,0.026427023112773895,1,1
868,4,0.07087781173842293,7,1
869,8,0.09081373984615008,3,1
870,9,0.12916916608810425,2,1
871,-10,0.07472424293380409,21,1
872,8,0.06011121099193891,3,1
873,8,0.15699636035909256,3,1
874,10,0.02795427478849888,1,1
875,9,0.18626170605421066,2,1
876,8,0.03717940797408422,3,1
877,8,0.06684981534878413,3,1
878,9,0.02745084185153246,2,1
879,-11,0.03965861815959215,2,0
880,8,0.03652950003743172,3,1
881,7,0.027004139497876167,4,1
882,9,0.01764021720737219,2,1
883,8,0.04477062448859215,3,1
884,9,0.04300115071237087,2,1
885,-12,0.06950988458550494,23,1
886,8,0.03766259923577309,3,1
887,10,0.030543768778443336,1,1
888,10,0.027331411838531494,1,1
889,8,0.0381898507475853,3,1
890,10,0.0692790225148201,1,1
891,7,0.04337738733738661,4,1
892,5,0.022118487861007452,6,1
893,8,0.030909451345602672,3,1
894,9,0.02652686834335327,2,1
895,7,0.0175457033328712,4,1
896,7,0.017798016779124737,4,1
897,6,0.12602148056030274,5,1
898,7,0.05861594341695309,4,1
899,9,0.025574638042598963,2,1
900,10,0.03778102993965149,1,1
901,8,0.030250942334532738,3,1
902,9,0.02613869495689869,2,1
903,8,0.06306235740582149,3,1
904,10,0.31388458609580994,1,1
905,6,0.1065196193754673,5,1
906,9,0.0417563458904624,2,1
907,7,0.050553256180137396,4,1
908,9,0.04254350811243057,2,1
909,9,0.0515103992074728,2,1
910,5,0.09937957084427278,6,1
911,8,0.05868287260333697,3,1
912,7,0.13340939488261938,4,1
913,9,0.05130226910114288,2,1
914,7,0.04654718283563852,4,1
915,8,0.08083641032377879,3,1
916,7,0.06560119986534119,4,1
917,7,0.11709411814808846,4,1
918,10,0.024244017899036407,1,1
919,9,0.056090764701366425,2,1
920,10,0.05693155527114868,1,1
921,10,0.03394804522395134,1,1
922,7,0.04723725467920303,4,1
923,8,0.3484453062216441,3,1
924,9,0.023533565923571587,2,1
925,8,0.04019059240818024,3,1
926,8,0.06170676648616791,3,1
927,7,0.06677532941102982,4,1
928,7,0.07072990015149117,4,1
929,9,0.057078637182712555,2,1
930,7,0.11581006739288568,4,1
931,8,0.044908057898283005,3,1
932,9,0.22047033160924911,2,1
933,8,0.12959529707829157,3,1
934,9,0.03529607784003019,2,1
935,7,0.054794903844594955,4,1
936,9,0.05624312162399292,2,1
937,10,0.14439953863620758,1,1
938,10,0.03472311049699783,1,1
939,10,0.03304421529173851,1,1
940,8,0.04927445327242216,3,1
941,7,0.16034026816487312,4,1
942,9,0.029780257493257523,2,1
943,7,0.02890037652105093,4,1
944,6,0.04711727388203144,5,1
945,8,0.061185773462057114,3,1
946,10,0.3141497075557709,1,1
947,6,0.0628790758550167,5,1
948,9,0.1380481142550707,2,1
949,9,0.06747751496732235,2,1
950,8,0.07531689604123433,3,1
951,6,0.035545581579208375,5,1
952,10,0.260236531496048,1,1
953,9,0.06877320632338524,2,1
954,7,0.11459630727767944,4,1
955,10,0.04614255577325821,1,1
956,7,0.23176985140889883,4,1
957,8,0.0823907529314359,3,1
958,7,0.06282441969960928,4,1
959,6,0.06692086830735207,5,1
960,7,0.061591023579239845,4,1
961,7,0.04060831945389509,4,1
962,10,0.09817145764827728,1,1
963,8,0.03604168693224589,3,1
964,9,0.43357324600219727,2,1
965,10,0.04015126824378967,1,1
966,9,0.05021738260984421,2,1
967,8,0.07076603050033252,3,1
968,9,0.04537111334502697,2,1
969,10,0.060888998210430145,1,1
970,6,0.07545903213322162,5,1
971,7,0.04604330100119114,4,1
972,6,0.05526357665657997,5,1
973,10,0.05736584588885307,1,1
974,9,0.0714072436094284,2,1
975,-10,0.23654776811599731,1,0
976,9,0.07894261553883553,2,1
977,6,0.2663600154221058,5,1
978,8,0.051071313520272575,3,1
979,10,0.056006431579589844,1,1
980,10,0.08565264940261841,1,1
981,-13,0.17159907519817352,4,0
982,8,0.05271147874494394,3,1
983,8,0.056394138683875404,3,1
984,6,0.12963174507021905,5,1
985,6,0.050365177914500237,5,1
986,9,0.058709628880023956,2,1
987,7,0.04495043586939573,4,1
988,10,0.043314896523952484,1,1
989,10,0.03650153428316116,1,1
990,10,0.04400375485420227,1,1
991,9,0.08559810370206833,2,1
992,10,0.04643692821264267,1,1
993,10,0.05003045126795769,1,1
994,7,0.05914148781448603,4,1
995,7,0.1292457995004952,4,1
996,7,0.08136997744441032,4,1
997,6,0.08314570114016533,5,1
998,6,0.06990223675966263,5,1
999,9,0.23960543423891068,2,1
1000,6,0.12820354774594306,5,1
1,8,0.04110028160115083,3,1
2,10,0.03446466475725174,1,1
3,9,0.048868296667933464,2,1
4,8,0.18119926005601883,3,1
5,8,0.0359442892173926,3,1
6,10,0.032565101981163025,1,1
7,10,0.024851998314261436,1,1
8,0,0.041708681393753395,11,1
9,7,0.1058734729886055,4,1
10,7,0.03754019271582365,4,1
11,9,0.18349549174308777,2,1
12,8,0.09764450540145238,3,1
13,8,0.07095096881190936,3,1
14,8,0.057478694866100945,3,1
15,6,0.08437140733003616,5,1
16,9,0.07341368868947029,2,1
17,6,0.07633496597409248,5,1
18,7,0.045076541136950254,4,1
19,8,0.03841674762467543,3,1
20,10,0.03525085002183914,1,1
21,8,0.12199387140572071,3,1
22,7,0.025989097077399492,4,1
23,10,0.020408280193805695,1,1
24,4,0.09481608415288585,7,1
25,9,0.046030616387724876,2,1
26,7,0.06001991918310523,4,1
27,8,0.15888393421967825,3,1
28,8,0.06452752525607745,3,1
29,8,0.06872533137599628,3,1
30,9,0.08592699468135834,2,1
31,7,0.06693211384117603,4,1
32,10,0.03925205394625664,1,1
33,7,0.11135804280638695,4,1
34,9,0.05729075334966183,2,1
35,10,0.06446569412946701,1,1
36,9,0.06973299756646156,2,1
37,9,0.07217376306653023,2,1
38,9,0.044386912137269974,2,1
39,9,0.042383888736367226,2,1
40,-7,0.06836092378944159,18,1
41,9,0.03489524498581886,2,1
42,8,0.04820875947674116,3,1
43,10,0.0399971678853035,1,1
44,5,0.11905544251203537,6,1
45,6,0.023929469659924506,5,1
46,8,0.019313498089710873,3,1
47,5,0.037437631438175835,6,1
48,9,0.029260975308716297,2,1
49,10,0.04995352402329445,1,1
50,-1,0.05000615042323867,12,1
51,10,0.04093239828944206,1,1
52,10,0.03718900680541992,1,1
53,-11,0.024315593764185905,2,0
54,10,0.01585833914577961,1,1
55,-15,0.09200758966975488,26,1
56,-10,0.0424966998398304,1,0
57,10,0.023563202470541,1,1
58,7,0.05366927618160844,4,1
59,10,0.04854952171444893,1,1
60,8,0.20054586231708527,3,1
61,8,0.023118737464149792,3,1
62,10,0.02560773491859436,1,1
63,9,0.04792317375540733,2,1
64,6,0.09679416641592979,5,1
65,5,0.06932642590254545,6,1
66,9,0.043180868960916996,2,1
67,9,0.04025222919881344,2,1
68,8,0.0858597606420517,3,1
69,9,0.16795820370316505,2,1
70,9,0.06224081106483936,2,1
71,8,0.05940168661375841,3,1
72,10,0.48634403944015503,1,1
73,8,0.0408010749767224,3,1
74,8,0.15386256699760756,3,1
75,8,0.18144125739733377,3,1
76,10,0.02234409749507904,1,1
77,7,0.14538413006812334,4,1
78,8,0.17732667767753205,3,1
79,9,0.03146889712661505,2,1
80,8,0.05618691320220629,3,1
81,-44,0.08702159433492593,35,0
82,10,0.034048885107040405,1,1
83,7,0.07738047000020742,4,1
84,7,0.10290912725031376,4,1
85,8,0.14975387354691824,3,1
86,9,0.11765344068408012,2,1
87,8,0.043017721424500145,3,1
88,-13,0.12360109388828278,4,0
89,8,0.1539429264763991,3,1
90,10,0.04334818571805954,1,1
91,9,0.018932051490992308,2,1
92,7,0.13624573312699795,4,1
93,8,0.049197880551218987,3,1
94,9,0.10616373270750046,2,1
95,9,0.05552642419934273,2,1
96,9,0.10899392142891884,2,1
97,5,0.09654097212478518,6,1
98,9,0.07509923540055752,2,1
99,9,0.03452882170677185,2,1
100,9,0.6727045774459839,2,1
101,7,0.09458726015873253,4,1
102,8,0.035187905033429466,3,1
103,-50,0.07716250024735928,50,0
104,-15,0.04823081589375551,26,1
105,7,0.0580306826159358,4,1
106,10,0.03220243752002716,1,1
107,10,0.020801760256290436,1,1
108,8,0.14621496697266897,3,1
109,7,0.09085645340383053,4,1
110,-11,0.015549602452665567,2,0
111,9,0.026437964756041765,2,1
112,-10,0.3419429063796997,1,0
113,7,0.0477024563588202,4,1
114,9,0.01907738856971264,2,1
115,10,0.028728701174259186,1,1
116,6,0.06858544424176216,5,1
117,9,0.19088580086827278,2,1
118,10,0.19801706075668335,1,1
119,9,0.09095300268381834,2,1
120,8,0.10676218662410975,3,1
121,7,0.02587796375155449,4,1
122,8,0.08462481511135896,3,1
123,8,0.11665531309942405,3,1
124,8,0.03233702170352141,3,1
125,8,0.16294394495586553,3,1
126,10,0.022301174700260162,1,1
127,9,0.07466075755655766,2,1
128,8,0.08396769128739834,3,1
129,9,0.2803365858271718,2,1
130,8,0.06272973989446957,3,1
131,8,0.06165445347627004,3,1
132,7,0.12821955047547817,4,1
133,10,0.017613813281059265,1,1
134,9,0.05558255687355995,2,1
135,10,0.18636223673820496,1,1
136,8,0.018920999641219776,3,1
137,8,0.013532711192965508,3,1
138,7,0.036245989613235,4,1
139,8,0.02348984157045682,3,1
140,9,0.03157488349825144,2,1
141,5,0.17487408158679804,6,1
142,9,0.05247090943157673,2,1
143,8,0.021766020605961483,3,1
144,10,0.031323302537202835,1,1
145,10,0.01970338076353073,1,1
146,8,0.08471101118872564,3,1
147,8,0.39177714474499226,3,1
148,5,0.025392039058109123,6,1
149,6,0.06664057578891516,5,1
150,-25,0.10375754478284055,36,1
151,8,0.14925719425082207,3,1
152,7,0.028177304659038782,4,1
153,9,0.05282609723508358,2,1
154,10,0.03207811713218689,1,1
155,8,0.06863455381244421,3,1
156,9,0.05921844765543938,2,1
157,7,0.016882644966244698,4,1
158,7,0.02665512729436159,4,1
159,10,0.25175032019615173,1,1
160,8,0.03383164573460817,3,1
161,8,0.13613715954124928,3,1
162,7,0.027028331300243735,4,1
163,9,0.025856907479465008,2,1
164,8,0.10926814377307892,3,1
165,8,0.027611783395210903,3,1
166,8,0.11664251734813054,3,1
167,8,0.11630230396986008,3,1
168,9,0.04843905568122864,2,1
169,8,0.08852224176128705,3,1
170,10,0.21859776973724365,1,1
171,7,0.14284773310646415,4,1
172,10,0.019666433334350586,1,1
173,7,0.01733728963881731,4,1
174,8,0.04690618937214216,3,1
175,8,0.023429683099190395,3,1
176,8,0.07124649081379175,3,1
177,7,0.07743538543581963,4,1
178,10,0.039461199194192886,1,1
179,8,0.061307426542043686,3,1
180,9,0.21182985650375485,2,1
181,-5,0.040778641880024225,16,1
182,9,0.017565614078193903,2,1
183,10,0.061871614307165146,1,1
184,8,0.020358936861157417,3,1
185,-14,0.07916786763817071,25,1
186,8,0.0742616355419159,3,1
187,7,0.022919471142813563,4,1
188,8,0.21514478822549185,3,1
189,7,0.07195927388966084,4,1
190,9,0.08250982314348221,2,1
191,9,0.43059558793902397,2,1
192,9,0.023197660222649574,2,1
193,8,0.06749420737226804,3,1
194,7,0.04819919681176543,4,1
195,4,0.04020919704011509,7,1
196,9,0.29111991822719574,2,1
197,6,0.052937524393200874,5,1
198,8,0.04514379551013311,3,1
199,10,0.03372170031070709,1,1
200,10,0.020928675308823586,1,1
201,6,0.0781655989587307,5,1
202,7,0.14479834074154496,4,1
203,9,0.21284266747534275,2,1
204,-50,0.10708797071129084,50,0
205,8,0.0672588050365448,3,1
206,6,0.058513935282826425,5,1
207,9,0.04423804301768541,2,1
208,7,0.061595396138727665,4,1
209,5,0.056361713291456304,6,1
210,9,0.030865000560879707,2,1
211,4,0.037403608805366924,7,1
212,10,0.04860252887010574,1,1
213,9,0.1508980616927147,2,1
214,10,0.009048275649547577,1,1
215,10,0.03042381815612316,1,1
216,10,0.026142122223973274,1,1
217,7,0.06342539319302887,4,1
218,8,0.028570597991347313,3,1
219,8,0.1591189925869306,3,1
220,10,0.048230208456516266,1,1
221,8,0.03386060396830241,3,1
222,10,0.05996205657720566,1,1
223,9,0.15092502161860466,2,1
224,9,0.07692716643214226,2,1
225,9,0.04832515865564346,2,1
226,7,0.03091010684147477,4,1
227,7,0.07485207170248032,4,1
228,8,0.03604082359621922,3,1
229,7,0.09778311103582382,4,1
230,7,0.048981491941958666,4,1
231,8,0.048532543083031975,3,1
232,8,0.035063824926813446,3,1
233,10,0.04060564190149307,1,1
234,-11,0.07210600934922695,2,0
235,8,0.04995874191323916,3,1
236,8,0.027560183467964332,3,1
237,6,0.04911334626376629,5,1
238,6,0.05108847506344318,5,1
239,8,0.18958075468738875,3,1
240,9,0.09665215015411377,2,1
241,9,0.030742468312382698,2,1
242,7,0.1496294103562832,4,1
243,7,0.11768974037840962,4,1
244,10,0.22046706080436707,1,1
245,-50,0.09530094942077995,50,0
246,9,0.032271888107061386,2,1
247,6,0.15044294521212578,5,1
248,8,0.11759429549177487,3,1
249,6,0.037673556432127955,5,1
250,10,0.06168785318732262,1,1
251,9,0.09750206582248211,2,1
252,8,0.024843356261650722,3,1
253,7,0.02935333363711834,4,1
254,6,0.03967886213213205,5,1
255,-20,0.06634261774560136,31,1
256,10,0.03430139273405075,1,1
257,9,0.08218489959836006,2,1
258,8,0.11297713592648506,3,1
259,9,0.14132555108517408,2,1
260,8,0.07540349413951238,3,1
261,9,0.042444304563105106,2,1
262,10,0.025270026177167892,1,1
263,7,0.16296493681147695,4,1
264,7,0.030229626689106226,4,1
265,7,0.09079014882445335,4,1
266,8,0.03595483054717382,3,1
267,10,0.020720316097140312,1,1
268,9,0.13098132610321045,2,1
269,9,0.14629723504185677,2,1
270,-45,0.09760866547003388,36,0
271,8,0.1388013189037641,3,1
272,8,0.16432263205448785,3,1
273,8,0.05688512325286865,3,1
274,9,0.3220247644931078,2,1
275,8,0.0660100020468235,3,1
276,7,0.22214878164231777,4,1
277,9,0.06817785277962685,2,1
278,8,0.04903723547856013,3,1
279,9,0.1410602405667305,2,1
280,6,0.20223179869353772,5,1
281,9,0.033238488249480724,2,1
282,5,0.05364683208366235,6,1
283,8,0.12130214025576909,3,1
284,10,0.05700412765145302,1,1
285,4,0.03613793650375945,7,1
286,6,0.1376746654510498,5,1
287,9,0.06247936561703682,2,1
288,8,0.035317905247211456,3,1
289,9,0.19822213798761368,2,1
290,7,0.0783423325046897,4,1
291,10,0.20485493540763855,1,1
292,9,0.046356307342648506,2,1
293,10,0.029546810314059258,1,1
294,-50,0.1101151579990983,50,0
295,9,0.04806475527584553,2,1
296,10,0.031170688569545746,1,1
297,9,0.06750470027327538,2,1
298,4,0.061835607779877524,7,1
299,10,0.048644840717315674,1,1
300,9,0.2891809940338135,2,1
301,5,0.09293179834882419,6,1
302,9,0.23154433071613312,2,1
303,5,0.10077376539508502,6,1
304,3,0.053878063801676035,8,1
305,9,0.3450611084699631,2,1
306,8,0.2305032486716906,3,1
307,8,0.24549138794342676,3,1
308,-16,0.09071870182675344,27,1
309,10,0.027753904461860657,1,1
310,2,0.047017266146010823,9,1
311,9,0.162554070353508,2,1
312,8,0.06226234262188276,3,1
313,8,0.12630638231833777,3,1
314,6,0.06366086080670356,5,1
315,6,0.07248694896697998,5,1
316,9,0.28320232033729553,2,1
317,5,0.10738184147824843,6,1
318,7,0.03160124970600009,4,1
319,7,0.0373002989217639,4,1
320,9,0.24259094800800085,2,1
321,-26,0.09071717586587458,17,0
322,4,0.05898273017789636,7,1
323,9,0.059635693207383156,2,1
324,2,0.05470569266213311,9,1
325,9,0.0632513090968132,2,1
326,-20,0.09089100276750903,31,1
327,9,0.08416452258825302,2,1
328,9,0.27326431311666965,2,1
329,10,0.08776681125164032,1,1
330,10,0.04718288034200668,1,1
331,9,0.08318974450230598,2,1
332,9,0.030146697536110878,2,1
333,8,0.0907341440518697,3,1
334,9,0.08176213502883911,2,1
335,7,0.09170341864228249,4,1
336,8,0.1396341926107804,3,1
337,9,0.2707281280308962,2,1
338,9,0.3253836818039417,2,1
339,9,0.0437177550047636,2,1
340,8,0.1924849028388659,3,1
341,9,0.24612307362258434,2,1
342,9,0.06839290261268616,2,1
343,-12,0.03187974666555723,3,0
344,10,0.3214538097381592,1,1
345,8,0.22036146993438402,3,1
346,9,0.03236138354986906,2,1
347,9,0.24635428749024868,2,1
348,7,0.08413496054708958,4,1
349,8,0.09370328858494759,3,1
350,10,0.04264375567436218,1,1
351,7,0.16812553349882364,4,1
352,7,0.06850934773683548,4,1
353,8,0.09432392939925194,3,1
354,9,0.05266425758600235,2,1
355,9,0.09067349135875702,2,1
356,8,0.11921671157081921,3,1
357,7,0.15070187859237194,4,1
358,10,0.04752689227461815,1,1
359,7,0.06341560930013657,4,1
360,10,0.036372002214193344,1,1
361,-17,0.07190050716911044,28,1
362,10,0.37194693088531494,1,1
363,8,0.029764118293921154,3,1
364,8,0.0755251795053482,3,1
365,10,0.0476100817322731,1,1
366,9,0.04903807956725359,2,1
367,10,0.03132423385977745,1,1
368,8,0.06230746457974116,3,1
369,9,0.06198151595890522,2,1
370,9,0.05318969488143921,2,1
371,7,0.0316988006234169,4,1
372,5,0.09808014736821254,6,1
373,-11,0.31145312543958426,2,0
374,8,0.046138987566034,3,1
375,10,0.05106433853507042,1,1
376,5,0.04224834218621254,6,1
377,7,0.05007275799289346,4,1
378,9,0.033074566163122654,2,1
379,10,0.5605947971343994,1,1
380,9,0.0830193143337965,2,1
381,-50,0.0853500389866531,50,0
382,-11,0.054431211203336716,2,0
383,7,0.03812187956646085,4,1
384,8,0.1918089042107264,3,1
385,5,0.09931970046212275,6,1
386,5,0.04946266673505306,6,1
387,8,0.11326787061989307,3,1
388,7,0.029196858871728182,4,1
389,8,0.12081349268555641,3,1
390,10,0.08627582341432571,1,1
391,8,0.2783451744665702,3,1
392,10,0.03366262465715408,1,1
393,-50,0.0939322911016643,50,0
394,10,0.025144577026367188,1,1
395,9,0.03914659470319748,2,1
396,6,0.3263081334531307,5,1
397,9,0.04080990515649319,2,1
398,9,0.027105172164738178,2,1
399,9,0.04878980480134487,2,1
400,9,0.10769983567297459,2,1
401,8,0.2481844760477543,3,1
402,9,0.061365796253085136,2,1
403,9,0.051114559173583984,2,1
404,7,0.1277568801306188,4,1
405,8,0.049408525228500366,3,1
406,9,0.02404740545898676,2,1
407,10,0.05710393562912941,1,1
408,7,0.037473229225724936,4,1
409,7,0.13378334697335958,4,1
410,10,0.05047491937875748,1,1
411,9,0.10080233588814735,2,1
412,8,0.05145465210080147,3,1
413,-13,0.06479863830221196,24,1
414,10,0.07590607553720474,1,1
415,6,0.050751401111483574,5,1
416,-12,0.04998179028431574,3,0
417,9,0.09233566001057625,2,1
418,7,0.04985828511416912,4,1
419,8,0.028071673586964607,3,1
420,10,0.03231744095683098,1,1
421,10,0.04159240052103996,1,1
422,10,0.26229947805404663,1,1
423,8,0.16684434314568838,3,1
424,8,0.1814380530267954,3,1
425,2,0.1428171710835563,9,1
426,7,0.04814165132120252,4,1
427,6,0.03544180579483509,5,1
428,9,0.04034820757806301,2,1
429,-10,0.1464451551437378,1,0
430,4,0.035790364923221726,7,1
431,9,0.21257760748267174,2,1
432,9,0.2776563875377178,2,1
433,5,0.04073468378434578,6,1
434,8,0.31584931661685306,3,1
435,8,0.0534108675395449,3,1
436,-50,0.083617804646492,50,0
437,9,0.0647478997707367,2,1
438,8,0.0783222292860349,3,1
439,7,0.24072096683084965,4,1
440,10,0.057174451649188995,1,1
441,-7,0.1745984595682886,18,1
442,6,0.06568675041198731,5,1
443,5,0.12961837307860455,6,1
444,9,0.03375919908285141,2,1
445,10,0.32970476150512695,1,1
446,8,0.034800623854001365,3,1
447,6,0.1793772131204605,5,1
448,10,0.04981143772602081,1,1
449,8,0.0262644129494826,3,1
450,9,0.027668588794767857,2,1
451,10,0.01390872709453106,1,1
452,5,0.12947420248140892,6,1
453,9,0.0853661373257637,2,1
454,9,0.08693832904100418,2,1
455,7,0.038790374994277954,4,1
456,7,0.10168584575876594,4,1
457,8,0.03647143580019474,3,1
458,6,0.031981267780065534,5,1
459,7,0.16790343448519707,4,1
460,10,0.03474578633904457,1,1
461,8,0.05252194280425707,3,1
462,9,0.03018908854573965,2,1
463,6,0.08784739188849926,5,1
464,6,0.06796790435910224,5,1
465,7,0.21678251307457685,4,1
466,8,0.028068828706940014,3,1
467,10,0.10421015322208405,1,1
468,9,0.06278206594288349,2,1
469,10,0.06302651762962341,1,1
470,9,0.09245206788182259,2,1
471,8,0.11306259036064148,3,1
472,10,0.04321986064314842,1,1
473,8,0.10802112023035686,3,1
474,9,0.04730089381337166,2,1
475,9,0.022607644088566303,2,1
476,7,0.03257732558995485,4,1
477,9,0.05364547297358513,2,1
478,9,0.15206702798604965,2,1
479,-17,0.09940003380844635,28,1
480,8,0.07909163956840833,3,1
481,8,0.04043567863603433,3,1
482,8,0.046489408860603966,3,1
483,8,0.07161386559406917,3,1
484,9,0.14021851122379303,2,1
485,-50,0.0801954873651266,50,0
486,8,0.07611459741989772,3,1
487,10,0.0392451211810112,1,1
488,9,0.13706000987440348,2,1
489,9,0.2875291705131531,2,1
490,8,0.10194222380717595,3,1
491,8,0.04970205885668596,3,1
492,-12,0.06082331265012423,3,0
493,9,0.04452956933528185,2,1
494,8,0.3284093861778577,3,1
495,6,0.045098218321800235,5,1
496,6,0.1364527067169547,5,1
497,9,0.20979249943047762,2,1
498,10,0.12483654916286469,1,1
499,10,0.03220798075199127,1,1
500,10,0.05125020444393158,1,1
501,8,0.04319992661476135,3,1
502,7,0.07900349656119943,4,1
503,-32,0.08036015049108992,23,0
504,8,0.03294258192181587,3,1
505,4,0.1430593683783497,7,1
506,9,0.01976053137332201,2,1
507,10,0.04886250197887421,1,1
508,7,0.15687187109142542,4,1
509,6,0.1309253118932247,5,1
510,7,0.17249204497784376,4,1
511,9,0.07975097559392452,2,1
512,9,0.10497944056987762,2,1
513,7,0.05307871662080288,4,1
514,8,0.08369524031877518,3,1
515,-30,0.10266896028344225,41,1
516,8,0.05908651774128278,3,1
517,9,0.06712991930544376,2,1
518,7,0.03426954057067633,4,1
519,8,0.08954343634347121,3,1
520,8,0.042092944184939064,3,1
521,9,0.04734619986265898,2,1
522,6,0.041438322886824606,5,1
523,8,0.023140651484330494,3,1
524,10,0.02068847045302391,1,1
525,10,0.024779533967375755,1,1
526,9,0.10718601569533348,2,1
527,9,0.014379784930497408,2,1
528,9,0.27136508375406265,2,1
529,8,0.2620072861512502,3,1
530,9,0.1132719712331891,2,1
531,8,0.05352037462095419,3,1
532,9,0.05021312087774277,2,1
533,9,0.15833219699561596,2,1
534,6,0.07479559183120728,5,1
535,10,0.6660935282707214,1,1
536,10,0.034945473074913025,1,1
537,-16,0.12936138499666144,27,1
538,8,0.09641820595910151,3,1
539,8,0.04009794257581234,3,1
540,10,0.028999246656894684,1,1
541,10,0.03883017227053642,1,1
542,10,0.044244587421417236,1,1
543,9,0.0625268928706646,2,1
544,7,0.07105341600254178,4,1
545,8,0.022534973298509915,3,1
546,8,0.06645493706067403,3,1
547,8,0.07430536734561126,3,1
548,5,0.03654700548698505,6,1
549,8,0.29794841073453426,3,1
550,9,0.02816200815141201,2,1
551,10,0.048743098974227905,1,1
552,9,0.2641785480082035,2,1
553,5,0.03423727210611105,6,1
554,5,0.017857821192592382,6,1
555,9,0.022448454052209854,2,1
556,10,0.012555962428450584,1,1
557,-30,0.11196452955759707,21,0
558,9,0.030009565874934196,2,1
559,-50,0.11819281460717321,50,0
560,8,0.02513284608721733,3,1
561,7,0.020287510473281145,4,1
562,9,0.07221044227480888,2,1
563,9,0.0215196143835783,2,1
564,9,0.029973100870847702,2,1
565,10,0.04832446947693825,1,1
566,9,0.019018227234482765,2,1
567,10,0.3758283257484436,1,1
568,10,0.3594256639480591,1,1
569,-50,0.0714612292125821,50,0
570,9,0.027586884796619415,2,1
571,6,0.14176529459655285,5,1
572,8,0.022390349457661312,3,1
573,10,0.019264688715338707,1,1
574,10,0.033445291221141815,1,1
575,8,0.04903278282533089,3,1
576,9,0.01376283261924982,2,1
577,9,0.036410666070878506,2,1
578,10,0.03627237677574158,1,1
579,9,0.05853708554059267,2,1
580,1,0.06394795910455287,10,1
581,6,0.025635727401822805,5,1
582,8,0.032565887086093426,3,1
583,-24,0.11031478940110122,35,1
584,-15,0.09097443721615352,26,1
585,8,0.12105017186452945,3,1
586,9,0.03431113716214895,2,1
587,8,0.041871488094329834,3,1
588,10,0.04405560344457626,1,1
589,10,0.05077061057090759,1,1
590,10,0.08664028346538544,1,1
591,9,0.06123771145939827,2,1
592,10,0.016000211238861084,1,1
593,10,0.04459688439965248,1,1
594,10,0.1903274953365326,1,1
595,8,0.07765842477480571,3,1
596,8,0.17585968784987926,3,1
597,8,0.045889028968910374,3,1
598,7,0.12245513033121824,4,1
599,-10,0.004420693498104811,1,0
600,8,0.03638593604167303,3,1
601,-31,0.06608625588982943,42,1
602,10,0.06028658524155617,1,1
603,7,0.08530134381726384,4,1
604,8,0.0734947311381499,3,1
605,8,0.06838141692181428,3,1
606,8,0.07528944189349811,3,1
607,7,0.0439819460734725,4,1
608,6,0.1254422478377819,5,1
609,9,0.11540503054857254,2,1
610,8,0.3645085021853447,3,1
611,9,0.026695800945162773,2,1
612,10,0.19551268219947815,1,1
613,9,0.12654724530875683,2,1
614,6,0.034838557988405225,5,1
615,10,0.09583485871553421,1,1
616,10,0.010057685896754265,1,1
617,10,0.43836402893066406,1,1
618,9,0.19812721014022827,2,1
619,10,0.08032231032848358,1,1
620,8,0.02228598203510046,3,1
621,10,0.06684155762195587,1,1
622,10,0.037285514175891876,1,1
623,8,0.06611086272945006,3,1
624,9,0.047831347212195396,2,1
625,9,0.17118560709059238,2,1
626,7,0.16319306450895965,4,1
627,-10,0.005855518393218517,1,0
628,8,0.03542471708108982,3,1
629,7,0.21368343010544777,4,1
630,8,0.16408904921263456,3,1
631,8,0.10187207038203876,3,1
632,10,0.006310543976724148,1,1
633,8,0.14875145753224692,3,1
634,8,0.03436238970607519,3,1
635,8,0.21287731950481734,3,1
636,-50,0.11694802969694137,50,0
637,8,0.21592796966433525,3,1
638,6,0.12937134075909854,5,1
639,10,0.05574396625161171,1,1
640,5,0.0886485589047273,6,1
641,6,0.03340110667049885,5,1
642,8,0.055537124474843345,3,1
643,10,0.06760010123252869,1,1
644,7,0.1420240136794746,4,1
645,8,0.13085788488388062,3,1
646,7,0.05099702347069979,4,1
647,9,0.031815940514206886,2,1
648,8,0.03355626047899326,3,1
649,10,0.05493013560771942,1,1
650,10,0.06068306043744087,1,1
651,9,0.268486937507987,2,1
652,8,0.14725757638613382,3,1
653,9,0.07410518638789654,2,1
654,10,0.023735657334327698,1,1
655,9,0.021457504481077194,2,1
656,9,0.04063129052519798,2,1
657,8,0.11881483346223831,3,1
658,5,0.02494740253314376,6,1
659,6,0.1075257457792759,5,1
660,9,0.04865757469087839,2,1
661,10,0.039326101541519165,1,1
662,8,0.020130764693021774,3,1
663,9,0.02706723101437092,2,1
664,8,0.28873765220244724,3,1
665,-10,0.5102173686027527,1,0
666,9,0.04093320295214653,2,1
667,-9,0.1284491101279855,20,1
668,9,0.10356958024203777,2,1
669,9,0.27727395109832287,2,1
670,10,0.04188067093491554,1,1
671,7,0.03531659347936511,4,1
672,6,0.05218545328825712,5,1
673,10,0.010626787319779396,1,1
674,6,0.055604501813650134,5,1
675,-26,0.11305647776336283,37,1
676,6,0.07168459817767144,5,1
677,9,0.08662649616599083,2,1
678,10,0.015856020152568817,1,1
679,10,0.05616256594657898,1,1
680,9,0.08557847701013088,2,1
681,10,0.05197826772928238,1,1
682,6,0.16806395277380942,5,1
683,9,0.12771962862461805,2,1
684,10,0.09063652157783508,1,1
685,7,0.031948674004524946,4,1
686,7,0.04463119152933359,4,1
687,10,0.04564996808767319,1,1
688,9,0.2875361731275916,2,1
689,8,0.0728430865953366,3,1
690,6,0.038469653204083444,5,1
691,9,0.08416352421045303,2,1
692,9,0.054286494851112366,2,1
693,-50,0.1263541920296848,50,0
694,10,0.03858701512217522,1,1
695,10,0.08019204437732697,1,1
696,10,0.022756289690732956,1,1
697,8,0.10796439523498218,3,1
698,9,0.07159671187400818,2,1
699,10,0.07955384254455566,1,1
700,9,0.03262883052229881,2,1
701,7,0.15883520152419806,4,1
702,9,0.1260261870920658,2,1
703,7,0.07507389038801193,4,1
704,9,0.1519300639629364,2,1
705,9,0.04883616231381893,2,1
706,7,0.03668332984670997,4,1
707,7,0.19281175173819065,4,1
708,9,0.06358464807271957,2,1
709,7,0.12501874845474958,4,1
710,7,0.2537116617895663,4,1
711,-50,0.09002589266747237,50,0
712,8,0.14704285934567451,3,1
713,8,0.12663859128952026,3,1
714,7,0.12060182448476553,4,1
715,9,0.028594456613063812,2,1
716,10,0.06995449960231781,1,1
717,10,0.02603043243288994,1,1
718,6,0.048212223872542384,5,1
719,9,0.060917316004633904,2,1
720,10,0.019773617386817932,1,1
721,10,0.06280149519443512,1,1
722,8,0.06467365473508835,3,1
723,9,0.02938061486929655,2,1
724,7,0.048890672624111176,4,1
725,10,0.06521380692720413,1,1
726,8,0.04626316763460636,3,1
727,7,0.06659529497846961,4,1
728,8,0.12753916593889394,3,1
729,9,0.09879420138895512,2,1
730,8,0.08224615330497424,3,1
731,6,0.17015557996928693,5,1
732,6,0.03746934235095978,5,1
733,8,0.0339480210095644,3,1
734,7,0.07957097562029958,4,1
735,5,0.1297453660517931,6,1
736,10,0.3921331465244293,1,1
737,8,0.04957009479403496,3,1
738,9,0.10034510120749474,2,1
739,-27,0.09878305790738927,18,0
740,9,0.29147379100322723,2,1
741,9,0.18056354485452175,2,1
742,9,0.03253757208585739,2,1
743,7,0.033432439900934696,4,1
744,6,0.03776850476861,5,1
745,10,0.025496676564216614,1,1
746,9,0.03636406362056732,2,1
747,7,0.05137620493769646,4,1
748,6,0.23061476685106755,5,1
749,6,0.027879830822348593,5,1
750,6,0.1357989028096199,5,1
751,9,0.03387890011072159,2,1
752,10,0.05315864458680153,1,1
753,6,0.03671603351831436,5,1
754,10,0.033508554100990295,1,1
755,6,0.04399760812520981,5,1
756,-8,0.0662775820513305,19,1
757,5,0.05786795852084955,6,1
758,9,0.033626738935709,2,1
759,9,0.09127527289092541,2,1
760,7,0.053498231805860996,4,1
761,10,0.19489836692810059,1,1
762,8,0.21821689854065576,3,1
763,9,0.030852998606860638,2,1
764,6,0.03816305100917816,5,1
765,10,0.033925894647836685,1,1
766,9,0.24025117652490735,2,1
767,7,0.07294889586046338,4,1
768,6,0.11238532587885856,5,1
769,9,0.061141908168792725,2,1
770,10,0.4607507884502411,1,1
771,9,0.030551400035619736,2,1
772,8,0.03450349221626917,3,1
773,9,0.08766135945916176,2,1
774,9,0.2525300048291683,2,1
775,-50,0.07615525975823402,50,0
776,8,0.11047091086705525,3,1
777,9,0.0701098907738924,2,1
778,3,0.13604618422687054,8,1
779,9,0.09973712638020515,2,1
780,10,0.04958368465304375,1,1
781,9,0.03630794584751129,2,1
782,6,0.03646906297653914,5,1
783,8,0.09377319552004337,3,1
784,10,0.4435350000858307,1,1
785,10,0.10015217959880829,1,1
786,9,0.07212661392986774,2,1
787,6,0.1166248869150877,5,1
788,7,0.14659701753407717,4,1
789,8,0.060166252156098686,3,1
790,-12,0.0761157696445783,3,0
791,8,0.05641864364345869,3,1
792,9,0.028051200322806835,2,1
793,8,0.10060643404722214,3,1
794,9,0.08409777097404003,2,1
795,7,0.12846004776656628,4,1
796,5,0.12990974045048156,6,1
797,10,0.38829389214515686,1,1
798,8,0.15503690453867117,3,1
799,10,0.09292147308588028,1,1
800,6,0.09156797602772712,5,1
801,9,0.24919546581804752,2,1
802,6,0.047726850211620334,5,1
803,10,0.05850077420473099,1,1
804,7,0.1389014204032719,4,1
805,7,0.2012279061600566,4,1
806,-3,0.0880727314257196,14,1
807,10,0.08442248404026031,1,1
808,9,0.05417131818830967,2,1
809,3,0.060180166037753224,8,1
810,10,0.05781380832195282,1,1
811,8,0.22152656813462576,3,1
812,-12,0.10414074547588825,23,1
813,9,0.055708715692162514,2,1
814,6,0.2029571294784546,5,1
815,7,0.0639934130012989,4,1
816,8,0.13904389987389246,3,1
817,-12,0.03999516119559606,3,0
818,7,0.07404788490384817,4,1
819,6,0.14555123895406724,5,1
820,10,0.06829406321048737,1,1
821,6,0.15905955843627453,5,1
822,6,0.08194797113537788,5,1
823,9,0.04669002257287502,2,1
824,9,0.2517434377223253,2,1
825,6,0.043991757556796074,5,1
826,8,0.18309684904913107,3,1
827,10,0.028322698548436165,1,1
828,8,0.09150449372828007,3,1
829,10,0.04548680782318115,1,1
830,8,0.06580041535198689,3,1
831,7,0.18858764693140984,4,1
832,9,0.05145859904587269,2,1
833,6,0.050220944732427594,5,1
834,9,0.06508130580186844,2,1
835,10,0.061608437448740005,1,1
836,8,0.07423536852002144,3,1
837,9,0.18135219626128674,2,1
838,9,0.0730784498155117,2,1
839,-4,0.09741783626377583,15,1
840,8,0.019220085193713505,3,1
841,7,0.33083599898964167,4,1
842,9,0.06383563205599785,2,1
843,5,0.06503449752926826,6,1
844,7,0.14677454717457294,4,1
845,7,0.16168456710875034,4,1
846,4,0.09247226693800517,7,1
847,10,0.0283685140311718,1,1
848,10,0.0930817574262619,1,1
849,9,0.032074641436338425,2,1
850,10,0.036500077694654465,1,1
851,9,0.05929131433367729,2,1
852,9,0.07686473056674004,2,1
853,9,0.04676900990307331,2,1
854,7,0.03487734030932188,4,1
855,5,0.08677808071176212,6,1
856,9,0.07395949773490429,2,1
857,9,0.0642821192741394,2,1
858,9,0.21238816529512405,2,1
859,-34,0.10733072227901883,45,1
860,8,0.11270331963896751,3,1
861,8,0.05771304791172346,3,1
862,10,0.03593754023313522,1,1
863,7,0.1539164101704955,4,1
864,9,0.2837141025811434,2,1
865,8,0.08186439921458562,3,1
866,6,0.055684028565883635,5,1
867,8,0.17092804238200188,3,1
868,8,0.02670132617155711,3,1
869,5,0.0644934910039107,6,1
870,1,0.1263162273913622,10,1
871,10,0.01574362814426422,1,1
872,-50,0.08605331875383854,50,0
873,10,0.039872899651527405,1,1
874,8,0.15942690521478653,3,1
875,9,0.03979308530688286,2,1
876,7,0.1377794537693262,4,1
877,8,0.10441749667127927,3,1
878,10,0.022618863731622696,1,1
879,8,0.032491556058327355,3,1
880,7,0.09842494316399097,4,1
881,10,0.06991639733314514,1,1
882,8,0.08983257164557774,3,1
883,5,0.18301226819554964,6,1
884,8,0.04471702625354131,3,1
885,7,0.042570280842483044,4,1
886,6,0.051186096668243405,5,1
887,-10,0.05909758433699608,1,0
888,10,0.055078618228435516,1,1
889,10,0.034377455711364746,1,1
890,10,0.018227212131023407,1,1
891,10,0.0918884426355362,1,1
892,8,0.056234327455361686,3,1
893,9,0.021516568958759308,2,1
894,8,0.03811023756861687,3,1
895,10,0.042585402727127075,1,1
896,9,0.06534836068749428,2,1
897,8,0.049282910923163094,3,1
898,9,0.0397208072245121,2,1
899,7,0.08264959417283535,4,1
900,9,0.0372809711843729,2,1
901,-4,0.15880177666743597,15,1
902,8,0.021410273388028145,3,1
903,8,0.041536262879769005,3,1
904,8,0.04768189539511999,3,1
905,8,0.09419449294606845,3,1
906,-50,0.0798076357319951,50,0
907,9,0.030356496572494507,2,1
908,8,0.14417660981416702,3,1
909,10,0.01759759522974491,1,1
910,8,0.11255311593413353,3,1
911,9,0.04399900324642658,2,1
912,9,0.05655794404447079,2,1
913,8,0.08913224935531616,3,1
914,7,0.05350486375391483,4,1
915,9,0.13142013177275658,2,1
916,10,0.07323916256427765,1,1
917,10,0.03339876979589462,1,1
918,7,0.04473836254328489,4,1
919,-10,0.01976359635591507,1,0
920,9,0.2667509997263551,2,1
921,6,0.07393522895872592,5,1
922,9,0.021950803697109222,2,1
923,9,0.08842547237873077,2,1
924,9,0.06619407143443823,2,1
925,8,0.019004986621439457,3,1
926,9,0.039306800812482834,2,1
927,7,0.1312469681724906,4,1
928,10,0.028247840702533722,1,1
929,9,0.03583260998129845,2,1
930,9,0.05911575350910425,2,1
931,10,0.020492438226938248,1,1
932,9,0.05356316268444061,2,1
933,9,0.03922531381249428,2,1
934,8,0.17251420890291533,3,1
935,7,0.03826107224449515,4,1
936,-11,0.08560018986463547,2,0
937,9,0.057946741580963135,2,1
938,7,0.1543818050995469,4,1
939,9,0.09284791722893715,2,1
940,6,0.058938446827232836,5,1
941,9,0.04902583733201027,2,1
942,7,0.04071392957121134,4,1
943,5,0.03166554216295481,6,1
944,10,0.11931963264942169,1,1
945,8,0.19867974643905958,3,1
946,9,0.046662354841828346,2,1
947,8,0.07132486253976822,3,1
948,9,0.0449218712747097,2,1
949,10,0.6607492566108704,1,1
950,9,0.1180003248155117,2,1
951,-39,0.11195123128592968,50,1
952,9,0.09587731771171093,2,1
953,6,0.1255212552845478,5,1
954,9,0.04301047511398792,2,1
955,10,0.2337876856327057,1,1
956,6,0.05982386395335197,5,1
957,6,0.029439016431570052,5,1
958,10,0.031100526452064514,1,1
959,8,0.059580396860837936,3,1
960,6,0.03426112532615662,5,1
961,10,0.13339853286743164,1,1
962,8,0.14045791948835054,3,1
963,9,0.09977010637521744,2,1
964,10,0.025324709713459015,1,1
965,10,0.01656029373407364,1,1
966,-11,0.02258871030062437,2,0
967,9,0.021607190370559692,2,1
968,9,0.033625755459070206,2,1
969,7,0.016218907432630658,4,1
970,8,0.030369400046765804,3,1
971,7,0.14812729973345995,4,1
972,8,0.04372101339201132,3,1
973,10,0.05113418027758598,1,1
974,8,0.04885469377040863,3,1
975,10,0.0850551575422287,1,1
976,8,0.1030765101313591,3,1
977,10,0.04911324381828308,1,1
978,7,0.03151644370518625,4,1
979,2,0.10645443604638179,9,1
980,-10,0.03407856076955795,1,0
981,9,0.08658506721258163,2,1
982,9,0.02188400225713849,2,1
983,10,0.025889601558446884,1,1
984,5,0.09026554288963477,6,1
985,10,0.49498775601387024,1,1
986,9,0.05220201797783375,2,1
987,0,0.126386763358658,11,1
988,9,0.029804040677845478,2,1
989,9,0.01869654981419444,2,1
990,7,0.1604022211395204,4,1
991,10,0.04257311671972275,1,1
992,10,0.02479904145002365,1,1
993,7,0.03815546724945307,4,1
994,8,0.028181516254941624,3,1
995,7,0.157124743796885,4,1
996,9,0.02171049825847149,2,1
997,9,0.0507900919765234,2,1
998,-50,0.0818130150064826,50,0
999,5,0.10546787579854329,6,1
1000,9,0.21909703966230154,2,1
1,8,0.04747026786208153,3,1
2,10,0.05296139791607857,1,1
3,8,0.16567830368876457,3,1
4,10,0.02335037663578987,1,1
5,-4,0.10508272747198741,15,1
6,8,0.06275011723240216,3,1
7,10,0.05069049447774887,1,1
8,10,0.05925210565328598,1,1
9,9,0.03476353548467159,2,1
10,3,0.09833955019712448,8,1
11,8,0.024739669015010197,3,1
12,8,0.02523193135857582,3,1
13,8,0.16420242314537367,3,1
14,6,0.016520274803042412,5,1
15,10,0.018812749534845352,1,1
16,8,0.03521844496329626,3,1
17,9,0.028854670468717813,2,1
18,9,0.018589243292808533,2,1
19,9,0.03175670560449362,2,1
20,7,0.02515439037233591,4,1
21,7,0.12259582616388798,4,1
22,10,0.4528725743293762,1,1
23,10,0.28361934423446655,1,1
24,8,0.031001688291629154,3,1
25,6,0.034355428814888,5,1
26,9,0.04145533870905638,2,1
27,7,0.2145721996203065,4,1
28,8,0.1596098616719246,3,1
29,9,0.014140740502625704,2,1
30,-36,0.07778465819168598,47,1
31,0,0.07557895085351034,11,1
32,7,0.05919874785467982,4,1
33,10,0.07637181878089905,1,1
34,6,0.06760597489774227,5,1
35,6,0.050905580073595046,5,1
36,8,0.060606331254045166,3,1
37,-50,0.12425119366496801,50,0
38,10,0.012248378247022629,1,1
39,7,0.057252243626862764,4,1
40,7,0.020655722357332706,4,1
41,9,0.0904366709291935,2,1
42,10,0.27349036931991577,1,1
43,7,0.06062765885144472,4,1
44,6,0.19975832812488079,5,1
45,9,0.01775123504921794,2,1
46,7,0.03513090871274471,4,1
47,9,0.012210945598781109,2,1
48,9,0.016061007045209408,2,1
49,7,0.02482911734841764,4,1
50,8,0.02555163794507583,3,1
51,7,0.01964355364907533,4,1
52,7,0.021199777722358704,4,1
53,8,0.024701164104044437,3,1
54,9,0.03338388353586197,2,1
55,10,0.007043221965432167,1,1
56,8,0.04473929355541865,3,1
57,9,0.028123362455517054,2,1
58,5,0.03690636654694875,6,1
59,8,0.061566477020581566,3,1
60,8,0.04176210674146811,3,1
61,9,0.04396292380988598,2,1
62,8,0.15165585403641066,3,1
63,8,0.01405437228580316,3,1
64,4,0.02408903424761125,7,1
65,9,0.23167162761092186,2,1
66,6,0.17589000314474107,5,1
67,7,0.03898977627977729,4,1
68,10,0.019118860363960266,1,1
69,9,0.41218726616352797,2,1
70,6,0.03838658481836319,5,1
71,8,0.028244654337565105,3,1
72,8,0.03471540162960688,3,1
73,9,0.06524881534278393,2,1
74,8,0.2905978225171566,3,1
75,-39,0.10011389840394258,50,1
76,8,0.03329124798377355,3,1
77,9,0.03134902007877827,2,1
78,10,0.03508758917450905,1,1
79,8,0.061658792197704315,3,1
80,10,0.33601897954940796,1,1
81,7,0.12525390926748514,4,1
82,8,0.02558937358359496,3,1
83,9,0.20759194437414408,2,1
84,10,0.05148130655288696,1,1
85,9,0.06486887112259865,2,1
86,10,0.031978219747543335,1,1
87,9,0.0259319506585598,2,1
88,8,0.025040285661816597,3,1
89,10,0.012756923213601112,1,1
90,10,0.007583722472190857,1,1
91,10,0.02272159606218338,1,1
92,8,0.044922517612576485,3,1
93,9,0.034259372390806675,2,1
94,10,0.02340506576001644,1,1
95,10,0.03386036306619644,1,1
96,8,0.02420293850203355,3,1
97,7,0.02890539215877652,4,1
98,9,0.029287641867995262,2,1
99,8,0.015756639651954174,3,1
100,7,0.05553676444105804,4,1
101,8,0.17151731873552004,3,1
102,5,0.09860397983963291,6,1
103,10,0.024176988750696182,1,1
104,9,0.2317158356308937,2,1
105,5,0.04357187248145541,6,1
106,5,0.0681845205835998,6,1
107,9,0.04156195558607578,2,1
108,9,0.06133037060499191,2,1
109,9,0.05411277897655964,2,1
110,9,0.1929940739646554,2,1
111,10,0.020084522664546967,1,1
112,8,0.024239258840680122,3,1
113,7,0.04606868978589773,4,1
114,9,0.08556067571043968,2,1
115,10,0.36876794695854187,1,1
116,9,0.28270394541323185,2,1
117,6,0.08052866458892823,5,1
118,10,0.34383463859558105,1,1
119,9,0.07813951559364796,2,1
120,8,0.07931201222042243,3,1
121,8,0.029643434410293896,3,1
122,6,0.06432740315794945,5,1
123,7,0.0807846812531352,4,1
124,7,0.12604719772934914,4,1
125,-11,0.12739767295054413,22,1
126,8,0.07686255003015201,3,1
127,10,0.020683135837316513,1,1
128,9,0.0580464955419302,2,1
129,-10,0.07003590304936681,21,1
130,8,0.2100530887643496,3,1
131,10,0.016420869156718254,1,1
132,9,0.032708583399653435,2,1
133,-11,0.04108273424208164,2,0
134,9,0.21827494632452726,2,1
135,6,0.056229148805141446,5,1
136,8,0.16752593778073788,3,1
137,8,0.03999108821153641,3,1
138,9,0.028835764154791832,2,1
139,9,0.04925413802266121,2,1
140,8,0.039944098641475044,3,1
141,9,0.28239836916327477,2,1
142,-10,0.10824860375197161,21,1
143,9,0.030344026163220406,2,1
144,6,0.04656137079000473,5,1
145,9,0.03472968563437462,2,1
146,10,0.031729556620121,1,1
147,-21,0.08308496332028881,32,1
148,8,0.07925929129123688,3,1
149,8,0.03635449397067229,3,1
150,8,0.05757873008648554,3,1
151,10,0.14781224727630615,1,1
152,9,0.023177791386842728,2,1
153,5,0.17884996440261602,6,1
154,9,0.025417139753699303,2,1
155,-6,0.17255420577438438,17,1
156,10,0.8567625284194946,1,1
157,10,0.06239403039216995,1,1
158,7,0.08036728855222464,4,1
159,-10,0.015023460611701012,1,0
160,8,0.04489990075429281,3,1
161,8,0.11664481647312641,3,1
162,-10,0.07854689657688141,1,0
163,10,0.0320444330573082,1,1
164,10,0.07517090439796448,1,1
165,9,0.05596431344747543,2,1
166,10,0.16949984431266785,1,1
167,-50,0.13567401560023426,50,0
168,7,0.055835779290646315,4,1
169,8,0.13386196767290434,3,1
170,8,0.04550563761343559,3,1
171,8,0.23863941679398218,3,1
172,8,0.04318925769378742,3,1
173,7,0.290851853787899,4,1
174,-50,0.16867358757182957,50,0
175,8,0.1013660617172718,3,1
176,7,0.043687653727829456,4,1
177,9,0.06527513265609741,2,1
178,6,0.17944219745695592,5,1
179,10,0.06411776691675186,1,1
180,9,0.2728494107723236,2,1
181,8,0.1551300846040249,3,1
182,4,0.06781947453107152,7,1
183,8,0.355253887673219,3,1
184,10,0.07922416925430298,1,1
185,8,0.03577365229527155,3,1
186,8,0.05880807961026827,3,1
187,9,0.098817128688097,2,1
188,6,0.056427670270204545,5,1
189,-21,0.11801002500578761,12,0
190,7,0.19458409771323204,4,1
191,8,0.13017868747313818,3,1
192,9,0.07005250081419945,2,1
193,7,0.038424626691266894,4,1
194,7,0.05882666725665331,4,1
195,8,0.03288977282742659,3,1
196,10,0.05488993972539902,1,1
197,0,0.14706446357410063,11,1
198,10,0.01797400414943695,1,1
199,-5,0.0959835794637911,16,1
200,6,0.15906649827957153,5,1
201,9,0.033184969797730446,2,1
202,10,0.028679005801677704,1,1
203,9,0.19800741504877806,2,1
204,-50,0.09973736323416232,50,0
205,9,0.21539746969938278,2,1
206,6,0.09751827791333198,5,1
207,7,0.16250266646966338,4,1
208,10,0.021183624863624573,1,1
209,8,0.046661725267767906,3,1
210,8,0.30407119418183964,3,1
211,8,0.06388265018661816,3,1
212,7,0.04000670788809657,4,1
213,9,0.07184682320803404,2,1
214,9,0.037277912721037865,2,1
215,10,0.0356154628098011,1,1
216,10,0.01644827611744404,1,1
217,8,0.04037083685398102,3,1
218,10,0.09177284687757492,1,1
219,9,0.0541303139179945,2,1
220,8,0.12565777699152628,3,1
221,8,0.1423922205964724,3,1
222,8,0.10662346209088962,3,1
223,-2,0.08115987207453984,13,1
224,9,0.22588925622403622,2,1
225,7,0.19598865322768688,4,1
226,6,0.07186529114842415,5,1
227,-50,0.12685918983072042,50,0
228,9,0.05756212677806616,2,1
229,9,0.042556606233119965,2,1
230,7,0.05074892286211252,4,1
231,10,0.24906693398952484,1,1
232,9,0.028843726962804794,2,1
233,5,0.062322912737727165,6,1
234,10,0.09234558790922165,1,1
235,10,0.07556929439306259,1,1
236,10,0.10406644642353058,1,1
237,9,0.20865460485219955,2,1
238,7,0.04179978184401989,4,1
239,8,0.2258210852742195,3,1
240,7,0.10075700469315052,4,1
241,7,0.10992655716836452,4,1
242,9,0.29263466224074364,2,1
243,6,0.10197591446340085,5,1
244,8,0.038569641609986625,3,1
245,10,0.10636147856712341,1,1
246,7,0.06641876418143511,4,1
247,10,0.023812901228666306,1,1
248,7,0.03658299334347248,4,1
249,10,0.4763723909854889,1,1
250,8,0.04185436790188154,3,1
251,8,0.1045881708463033,3,1
252,8,0.04833109180132548,3,1
253,9,0.046264901757240295,2,1
254,-12,0.140306417911273,23,1
255,4,0.046550313010811806,7,1
256,10,0.04088537395000458,1,1
257,7,0.15958139766007662,4,1
258,10,0.10121148079633713,1,1
259,7,0.057788086123764515,4,1
260,9,0.04723053425550461,2,1
261,3,0.06967038568109274,8,1
262,7,0.07241516280919313,4,1
263,4,0.037380850208657126,7,1
264,-10,0.0601871187488238,21,1
265,7,0.09116723109036684,4,1
266,10,0.018764395266771317,1,1
267,6,0.058514765650033954,5,1
268,6,0.08762153387069702,5,1
269,10,0.03176940977573395,1,1
270,9,0.2431485801935196,2,1
271,7,0.044772268272936344,4,1
272,8,0.035285066813230515,3,1
273,8,0.03588386873404185,3,1
274,8,0.11156768103440602,3,1
275,10,0.03385818377137184,1,1
276,8,0.05719966565569242,3,1
277,9,0.0525575615465641,2,1
278,9,0.07470422983169556,2,1
279,9,0.05537347309291363,2,1
280,9,0.1812479142099619,2,1
281,9,0.0335101755335927,2,1
282,10,0.07273866981267929,1,1
283,6,0.0402353722602129,5,1
284,9,0.1987262237817049,2,1
285,7,0.04834608128294349,4,1
286,9,0.0541054792702198,2,1
287,9,0.021555709652602673,2,1
288,9,0.05990935117006302,2,1
289,9,0.031237908639013767,2,1
290,10,0.012804998084902763,1,1
291,8,0.02778257429599762,3,1
292,6,0.11590291578322649,5,1
293,10,0.03418422490358353,1,1
294,8,0.03274532531698545,3,1
295,6,0.042557337880134584,5,1
296,6,0.036303375661373136,5,1
297,8,0.07441079864899318,3,1
298,9,0.1451619453728199,2,1
299,6,0.06282701008021832,5,1
300,8,0.06034263844291369,3,1
301,3,0.04623414110392332,8,1
302,9,0.025473563000559807,2,1
303,9,0.15837585926055908,2,1
304,9,0.04147264175117016,2,1
305,8,0.06298289199670155,3,1
306,8,0.04592458965877692,3,1
307,6,0.04762977622449398,5,1
308,8,0.11934505651394527,3,1
309,7,0.12923682434484363,4,1
310,6,0.03306471183896065,5,1
311,8,0.09039888593057792,3,1
312,9,0.025755586102604866,2,1
313,10,0.011296309530735016,1,1
314,8,0.04474890666703383,3,1
315,9,0.021917810663580894,2,1
316,6,0.020665550790727138,5,1
317,10,0.02040158212184906,1,1
318,6,0.03850958310067654,5,1
319,5,0.08548189078768094,6,1
320,8,0.06562272707621257,3,1
321,8,0.14927642171581587,3,1
322,6,0.08349859490990638,5,1
323,8,0.16975962122281393,3,1
324,7,0.07260801922529936,4,1
325,9,0.04327268898487091,2,1
326,9,0.04659058153629303,2,1
327,8,0.10093142837285995,3,1
328,6,0.04852345213294029,5,1
329,-11,0.05290500819683075,2,0
330,-12,0.11414896611772153,23,1
331,9,0.03847964107990265,2,1
332,10,0.20067982375621796,1,1
333,10,0.029613081365823746,1,1
334,6,0.0804488867521286,5,1
335,10,0.061028823256492615,1,1
336,8,0.0539533036450545,3,1
337,9,0.04251873679459095,2,1
338,4,0.03424457886389324,7,1
339,10,0.0379568375647068,1,1
340,10,0.03355303779244423,1,1
341,6,0.04611900709569454,5,1
342,8,0.17952953527371088,3,1
343,8,0.05511747052272161,3,1
344,10,0.06520699709653854,1,1
345,9,0.056198740378022194,2,1
346,7,0.05134609900414944,4,1
347,7,0.03557600732892752,4,1
348,10,0.050126440823078156,1,1
349,7,0.04548127856105566,4,1
350,9,0.028610195964574814,2,1
351,7,0.08714360184967518,4,1
352,10,0.058844126760959625,1,1
353,10,0.04388885945081711,1,1
354,7,0.05797756556421518,4,1
355,9,0.036919914186000824,2,1
356,6,0.17658788785338403,5,1
357,8,0.02251853421330452,3,1
358,2,0.0347624234855175,9,1
359,7,0.060004344675689936,4,1
360,9,0.03630855120718479,2,1
361,10,0.031866125762462616,1,1
362,9,0.07621149346232414,2,1
363,10,0.04068280756473541,1,1
364,8,0.06984208710491657,3,1
365,9,0.16105845430865884,2,1
366,9,0.03802996315062046,2,1
367,9,0.04764076042920351,2,1
368,10,0.02398870699107647,1,1
369,10,0.03208601847290993,1,1
370,7,0.06370364688336849,4,1
371,9,0.06477300263941288,2,1
372,8,0.03085760958492756,3,1
373,7,0.07182002812623978,4,1
374,8,0.06717526540160179,3,1
375,8,0.09188384562730789,3,1
376,10,0.02546951174736023,1,1
377,7,0.0460681957192719,4,1
378,8,0.05379939948519071,3,1
379,6,0.053784904256463054,5,1
380,9,0.02618012484163046,2,1
381,9,0.24754085019230843,2,1
382,9,0.06884736940264702,2,1
383,9,0.06717066094279289,2,1
384,7,0.05598020879551768,4,1
385,7,0.048213552217930555,4,1
386,7,0.016587083460763097,4,1
387,9,0.027470835484564304,2,1
388,2,0.09416719070739216,9,1
389,10,0.018461845815181732,1,1
390,7,0.060576597694307566,4,1
391,8,0.05003481234113375,3,1
392,7,0.11203252570703626,4,1
393,3,0.03444063267670572,8,1
394,-43,0.057623614255777174,34,0
395,6,0.054269197210669515,5,1
396,9,0.2574772462248802,2,1
397,9,0.07771834917366505,2,1
398,8,0.018967108180125553,3,1
399,8,0.024640146642923355,3,1
400,3,0.0629344544140622,8,1
401,8,0.02427779758969943,3,1
402,-50,0.06667564427480102,50,0
403,-50,0.06984121600165963,50,0
404,10,0.036395713686943054,1,1
405,10,0.04641030728816986,1,1
406,8,0.025464691842595737,3,1
407,7,0.040771870873868465,4,1
408,9,0.03319827560335398,2,1
409,8,0.030472117165724438,3,1
410,9,0.028526023030281067,2,1
411,8,0.022430602461099625,3,1
412,5,0.028857108826438587,6,1
413,9,0.02731773303821683,2,1
414,8,0.029470934843023617,3,1
415,10,0.013399504125118256,1,1
416,10,0.09056124091148376,1,1
417,9,0.0137306684628129,2,1
418,8,0.018231220543384552,3,1
419,-10,0.011059653013944626,1,0
420,9,0.01797884190455079,2,1
421,7,0.04023544699884951,4,1
422,8,0.014783161381880442,3,1
423,8,0.016865818140407402,3,1
424,-4,0.03510402490695318,15,1
425,9,0.012537246569991112,2,1
426,10,0.011041149497032166,1,1
427,5,0.05334069766104221,6,1
428,10,0.01867762580513954,1,1
429,5,0.11257053011407454,6,1
430,10,0.28401732444763184,1,1
431,8,0.021674529649317265,3,1
432,5,0.02197764495698114,6,1
433,8,0.08898127761979897,3,1
434,8,0.03349588749309381,3,1
435,10,0.5166347622871399,1,1
436,8,0.016309864819049835,3,1
437,7,0.018765962217003107,4,1
438,9,0.029721790924668312,2,1
439,-10,0.024265829473733902,1,0
440,8,0.025940833768496912,3,1
441,7,0.02912501455284655,4,1
442,8,0.037985642440617085,3,1
443,8,0.01272817887365818,3,1
444,6,0.013703913986682891,5,1
445,8,0.18874254388113818,3,1
446,7,0.13982953689992428,4,1
447,10,0.014787371270358562,1,1
448,8,0.024570560393234093,3,1
449,10,0.013736499473452568,1,1
450,10,0.055690690875053406,1,1
451,7,0.054434278048574924,4,1
452,10,0.018535256385803223,1,1
453,8,0.022692094556987286,3,1
454,9,0.022327973507344723,2,1
455,7,0.26599682471714914,4,1
456,8,0.16642707400023937,3,1
457,10,0.4996381402015686,1,1
458,7,0.08229630207642913,4,1
459,9,0.012854867149144411,2,1
460,8,0.06303396821022034,3,1
461,4,0.05601839495024511,7,1
462,7,0.02553761494345963,4,1
463,10,0.04593338817358017,1,1
464,7,0.038519034860655665,4,1
465,10,0.011537494137883186,1,1
466,8,0.021145878359675407,3,1
467,10,0.02413022518157959,1,1
468,9,0.016807565931230783,2,1
469,10,0.008088253438472748,1,1
470,8,0.03568301039437453,3,1
471,8,0.18961216198901334,3,1
472,10,0.049461040645837784,1,1
473,6,0.03719666078686714,5,1
474,3,0.031500465236604214,8,1
475,6,0.027007185481488706,5,1
476,9,0.020911498926579952,2,1
477,10,0.05727443844079971,1,1
478,6,0.02345573455095291,5,1
479,-50,0.05859746751375496,50,0
480,9,0.06351122166961432,2,1
481,8,0.049050866005321346,3,1
482,9,0.026382974348962307,2,1
483,8,0.028052194354434807,3,1
484,8,0.029720472792784374,3,1
485,7,0.03167719068005681,4,1
486,7,0.027112690033391118,4,1
487,7,0.035890310537070036,4,1
488,-24,0.04743000129237771,35,1
489,6,0.015326730534434318,5,1
490,8,0.01905868706914286,3,1
491,8,0.09271687890092532,3,1
492,8,0.014759033142278591,3,1
493,10,0.006418392062187195,1,1
494,10,0.00788725446909666,1,1
495,8,0.013050492076824108,3,1
496,10,0.06696276366710663,1,1
497,6,0.05040490664541721,5,1
498,9,0.033029571175575256,2,1
499,10,0.005120559595525265,1,1
500,-50,0.06413836135528982,50,0
501,10,0.026844190433621407,1,1
502,9,0.015955512411892414,2,1
503,8,0.01574140538771947,3,1
504,9,0.01878479588776827,2,1
505,9,0.0398450642824173,2,1
506,10,0.02466052770614624,1,1
507,10,0.022453676909208298,1,1
508,9,0.022022096440196037,2,1
509,9,0.052634536288678646,2,1
510,9,0.02250531781464815,2,1
511,9,0.029707751236855984,2,1
512,7,0.027433766517788172,4,1
513,9,0.0501823453232646,2,1
514,8,0.035627136627833046,3,1
515,7,0.036964885890483856,4,1
516,9,0.23489846102893353,2,1
517,10,0.11670894920825958,1,1
518,9,0.013565671630203724,2,1
519,10,0.058605607599020004,1,1
520,5,0.04858379904180765,6,1
521,9,0.07284901291131973,2,1
522,9,0.03156446758657694,2,1
523,-4,0.060093262946854034,15,1
524,9,0.04474716167896986,2,1
525,-11,0.020133105106651783,2,0
526,8,0.11597211038072903,3,1
527,6,0.06462793760001659,5,1
528,10,0.02718130685389042,1,1
529,9,0.026969564147293568,2,1
530,8,0.017644572382171948,3,1
531,9,0.3193392902612686,2,1
532,6,0.07074455060064792,5,1
533,5,0.059229965011278786,6,1
534,10,0.06845396757125854,1,1
535,6,0.10559483021497726,5,1
536,10,0.5577258467674255,1,1
537,9,0.04208917170763016,2,1
538,7,0.31107883248478174,4,1
539,9,0.09368721395730972,2,1
540,8,0.15194258093833923,3,1
541,6,0.07666309401392937,5,1
542,9,0.04685705341398716,2,1
543,8,0.2141831281284491,3,1
544,8,0.03272787295281887,3,1
545,10,0.21044021844863892,1,1
546,8,0.037890585139393806,3,1
547,8,0.03965750460823377,3,1
548,10,0.012817788869142532,1,1
549,6,0.02726880069822073,5,1
550,6,0.13067958354949952,5,1
551,10,0.08864162862300873,1,1
552,6,0.05485990941524506,5,1
553,8,0.019671731007595856,3,1
554,9,0.32487095706164837,2,1
555,9,0.041460929438471794,2,1
556,9,0.11426714062690735,2,1
557,6,0.04440405517816544,5,1
558,8,0.20518696929017702,3,1
559,7,0.2522309208288789,4,1
560,-35,0.07767240664638254,46,1
561,10,0.05698664113879204,1,1
562,10,0.015725595876574516,1,1
563,6,0.16186617463827133,5,1
564,10,0.015247078612446785,1,1
565,10,0.014827413484454155,1,1
566,7,0.03574680536985397,4,1
567,9,0.03521202504634857,2,1
568,10,0.055098000913858414,1,1
569,9,0.0426883939653635,2,1
570,9,0.025963937863707542,2,1
571,6,0.12529521584510803,5,1
572,-10,0.009158576838672161,1,0
573,4,0.06527558501277651,7,1
574,7,0.03570368094369769,4,1
575,7,0.043220975901931524,4,1
576,-44,0.09527269072298493,35,0
577,9,0.04322957061231136,2,1
578,9,0.16948525607585907,2,1
579,6,0.08109813779592515,5,1
580,9,0.0887009296566248,2,1
581,6,0.05222838036715984,5,1
582,8,0.06947305426001549,3,1
583,6,0.06887482553720474,5,1
584,10,0.05350456386804581,1,1
585,4,0.12179370756660189,7,1
586,10,0.024008210748434067,1,1
587,8,0.17817669610182443,3,1
588,10,0.03435833007097244,1,1
589,9,0.031186440959572792,2,1
590,9,0.060008613392710686,2,1
591,10,0.08734090626239777,1,1
592,8,0.07819860801100731,3,1
593,10,0.0487232431769371,1,1
594,9,0.05827523395419121,2,1
595,7,0.0673621715977788,4,1
596,-10,0.11927592754364014,1,0
597,-50,0.09675622276961804,50,0
598,5,0.07931639223049085,6,1
599,9,0.05584269016981125,2,1
600,9,0.029256967827677727,2,1
601,10,0.030628008767962456,1,1
602,4,0.08565285695450646,7,1
603,9,0.1327352412045002,2,1
604,-20,0.13437071490672328,31,1
605,7,0.2247640322893858,4,1
606,9,0.1239794697612524,2,1
607,7,0.07077485881745815,4,1
608,8,0.18514386750757694,3,1
609,8,0.06885303556919098,3,1
610,6,0.13699913248419762,5,1
611,6,0.04116940088570118,5,1
612,9,0.020152609795331955,2,1
613,7,0.044946641428396106,4,1
614,7,0.09239402553066611,4,1
615,10,0.03221828117966652,1,1
616,10,0.024360019713640213,1,1
617,8,0.06931129718820254,3,1
618,9,0.03138942830264568,2,1
619,4,0.0556787084788084,7,1
620,5,0.14524793485179543,6,1
621,9,0.10068965144455433,2,1
622,9,0.19305097684264183,2,1
623,6,0.15387424714863301,5,1
624,-10,0.06525765359401703,1,0
625,9,0.27951028384268284,2,1
626,10,0.06230160966515541,1,1
627,10,0.037897996604442596,1,1
628,9,0.05980663560330868,2,1
629,8,0.09462729096412659,3,1
630,7,0.08402498066425323,4,1
631,9,0.039379737339913845,2,1
632,-50,0.09385655120015145,50,0
633,-50,0.11754740282893181,50,0
634,7,0.05175171699374914,4,1
635,7,0.09659152384847403,4,1
636,7,0.0601739389821887,4,1
637,5,0.06457935459911823,6,1
638,9,0.21857828926295042,2,1
639,9,0.03790527954697609,2,1
640,9,0.07384871691465378,2,1
641,10,0.4343913495540619,1,1
642,8,0.04216283559799194,3,1
643,8,0.1070987160007159,3,1
644,7,0.039054291788488626,4,1
645,8,0.020872649426261585,3,1
646,9,0.2558812517672777,2,1
647,10,0.12306283414363861,1,1
648,6,0.031436612084507945,5,1
649,10,0.047730520367622375,1,1
650,-10,0.10064185410737991,1,0
651,10,0.09740067273378372,1,1
652,9,0.09196418523788452,2,1
653,10,0.0521087609231472,1,1
654,10,0.2058117538690567,1,1
655,7,0.10076232068240643,4,1
656,8,0.07723823189735413,3,1
657,5,0.12081624567508698,6,1
658,8,0.07729640354712804,3,1
659,8,0.06512937694787979,3,1
660,8,0.06388301278154056,3,1
661,6,0.16812344081699848,5,1
662,7,0.06619539763778448,4,1
663,10,0.09092366695404053,1,1
664,10,0.06505412608385086,1,1
665,4,0.11108744038002831,7,1
666,8,0.04883518069982529,3,1
667,9,0.0542717669159174,2,1
668,10,0.0252971313893795,1,1
669,10,0.08363159000873566,1,1
670,6,0.12957415506243705,5,1
671,10,0.032518334686756134,1,1
672,9,0.02742406167089939,2,1
673,8,0.28454602882266045,3,1
674,7,0.046431097202003,4,1
675,5,0.11822427902370691,6,1
676,7,0.028877283912152052,4,1
677,10,0.17856013774871826,1,1
678,9,0.04882916249334812,2,1
679,6,0.10732730776071549,5,1
680,9,0.03689262270927429,2,1
681,10,0.014981728978455067,1,1
682,6,0.057497771084308626,5,1
683,5,0.11090647646536429,6,1
684,5,0.09658993097643058,6,1
685,8,0.15480871871113777,3,1
686,9,0.117088932543993,2,1
687,8,0.1023661916454633,3,1
688,8,0.07218377540508907,3,1
689,10,0.08232049643993378,1,1
690,10,0.06003466993570328,1,1
691,8,0.24836458389957747,3,1
692,10,0.03683299571275711,1,1
693,10,0.03797145187854767,1,1
694,4,0.051498494510139735,7,1
695,7,0.16532624885439873,4,1
696,7,0.04709503101184964,4,1
697,10,0.061091020703315735,1,1
698,7,0.08066899608820677,4,1
699,5,0.11239293062438567,6,1
700,8,0.027249693249662716,3,1
701,9,0.03495348151773214,2,1
702,9,0.49945075809955597,2,1
703,9,0.09575310349464417,2,1
704,-10,0.11304359883069992,1,0
705,10,0.06630472838878632,1,1
706,10,0.10692841559648514,1,1
707,10,0.07981454581022263,1,1
708,-10,0.1685502767740261,21,1
709,9,0.05771083012223244,2,1
710,7,0.05132115259766579,4,1
711,8,0.05815495798985163,3,1
712,9,0.0506804920732975,2,1
713,10,0.027842514216899872,1,1
714,10,0.01653343066573143,1,1
715,10,0.06032116711139679,1,1
716,8,0.037358527382214866,3,1
717,9,0.04120580852031708,2,1
718,9,0.11652357131242752,2,1
719,7,0.07689726678654552,4,1
720,6,0.06056666001677513,5,1
721,8,0.03753026078144709,3,1
722,9,0.07566119730472565,2,1
723,10,0.4471966326236725,1,1
724,8,0.07818448295195897,3,1
725,9,0.3635161304846406,2,1
726,9,0.3435700796544552,2,1
727,7,0.05422871373593807,4,1
728,6,0.03335987664759159,5,1
729,7,0.07103035412728786,4,1
730,8,0.1723353291551272,3,1
731,8,0.12779948487877846,3,1
732,4,0.07296605514628547,7,1
733,3,0.05291994847357273,8,1
734,7,0.15367877762764692,4,1
735,8,0.08125593885779381,3,1
736,10,0.1484147161245346,1,1
737,9,0.04447834473103285,2,1
738,8,0.03854161873459816,3,1
739,10,0.039562344551086426,1,1
740,8,0.035298626869916916,3,1
741,9,0.05594245530664921,2,1
742,9,0.06751979887485504,2,1
743,8,0.023041474943359692,3,1
744,10,0.032682742923498154,1,1
745,5,0.11833664836982886,6,1
746,-6,0.14603554106810512,17,1
747,7,0.08185954112559557,4,1
748,9,0.05510837212204933,2,1
749,7,0.2916134484112263,4,1
750,7,0.10420587100088596,4,1
751,9,0.06910486705601215,2,1
752,6,0.09297418892383576,5,1
753,9,0.144797183573246,2,1
754,10,0.10912710428237915,1,1
755,9,0.24486304819583893,2,1
756,6,0.06990747749805451,5,1
757,8,0.054063115268945694,3,1
758,10,0.03197748586535454,1,1
759,8,0.07772112141052882,3,1
760,9,0.28357812762260437,2,1
761,9,0.05790834687650204,2,1
762,8,0.11188227248688538,3,1
763,6,0.08813252002000808,5,1
764,5,0.056610031674305596,6,1
765,8,0.14214846740166345,3,1
766,9,0.05668973550200462,2,1
767,5,0.07005481608211994,6,1
768,6,0.04372077882289886,5,1
769,9,0.027784375473856926,2,1
770,9,0.033390956930816174,2,1
771,10,0.04781380668282509,1,1
772,7,0.034981947392225266,4,1
773,9,0.027912208810448647,2,1
774,10,0.41872698068618774,1,1
775,10,0.23392079770565033,1,1
776,-26,0.0854545364923337,17,0
777,10,0.07451372593641281,1,1
778,8,0.3030397742986679,3,1
779,9,0.1890508569777012,2,1
780,9,0.07354848831892014,2,1
781,8,0.05392052916189035,3,1
782,8,0.05942874401807785,3,1
783,5,0.04734211849669615,6,1
784,4,0.040321203746965954,7,1
785,10,0.04256410151720047,1,1
786,10,0.03368658572435379,1,1
787,8,0.03460162381331126,3,1
788,6,0.16055450737476348,5,1
789,9,0.03936588205397129,2,1
790,5,0.1251012117912372,6,1
791,8,0.06089593470096588,3,1
792,10,0.16615203022956848,1,1
793,9,0.1206032857298851,2,1
794,3,0.12442680448293686,8,1
795,7,0.3161786962300539,4,1
796,6,0.14606958553194999,5,1
797,4,0.18552105873823166,7,1
798,9,0.04908768832683563,2,1
799,8,0.09288550851245721,3,1
800,9,0.03015505149960518,2,1
801,-50,0.10391984086483717,50,0
802,6,0.05284002795815468,5,1
803,8,0.04125447695453962,3,1
804,10,0.3215295076370239,1,1
805,9,0.019180884584784508,2,1
806,7,0.05189473880454898,4,1
807,6,0.11699327006936074,5,1
808,7,0.06414303462952375,4,1
809,7,0.05686479154974222,4,1
810,10,0.07417283952236176,1,1
811,8,0.1926062802473704,3,1
812,7,0.050286326091736555,4,1
813,7,0.03551545459777117,4,1
814,7,0.07702582329511642,4,1
815,8,0.04212890937924385,3,1
816,8,0.03778706987698873,3,1
817,9,0.04565619304776192,2,1
818,10,0.04832126945257187,1,1
819,8,0.17161279420057932,3,1
820,8,0.11360705395539601,3,1
821,9,0.039330619387328625,2,1
822,9,0.022426502779126167,2,1
823,10,0.05662629380822182,1,1
824,5,0.08664830898245175,6,1
825,8,0.23385707040627798,3,1
826,10,0.13434192538261414,1,1
827,5,0.14004956185817719,6,1
828,10,0.0385119765996933,1,1
829,7,0.030421292409300804,4,1
830,9,0.04820745624601841,2,1
831,7,0.0645973701030016,4,1
832,9,0.04388764314353466,2,1
833,9,0.06642092764377594,2,1
834,7,0.09346714988350868,4,1
835,6,0.059901591017842294,5,1
836,10,0.013582524843513966,1,1
837,-10,0.016972940415143967,1,0
838,-14,0.025610818341374398,5,0
839,9,0.08136169239878654,2,1
840,10,0.038523659110069275,1,1
841,8,0.1763982499639193,3,1
842,8,0.04295067861676216,3,1
843,6,0.14841614216566085,5,1
844,10,0.2854357063770294,1,1
845,9,0.09906607866287231,2,1
846,7,0.16453325375914574,4,1
847,8,0.20273224140206972,3,1
848,-50,0.07720787644386291,50,0
849,10,0.49897897243499756,1,1
850,-50,0.099642199780792,50,0
851,9,0.18630269914865494,2,1
852,8,0.06928618748982747,3,1
853,10,0.07285170257091522,1,1
854,8,0.38946561018625897,3,1
855,8,0.08474176997939746,3,1
856,10,0.03341605141758919,1,1
857,9,0.2068004496395588,2,1
858,7,0.051935809664428234,4,1
859,7,0.040956726763397455,4,1
860,-50,0.07072796890512109,50,0
861,9,0.1594274491071701,2,1
862,8,0.026103492205341656,3,1
863,10,0.04512516036629677,1,1
864,6,0.07266867011785508,5,1
865,7,0.2203894811682403,4,1
866,6,0.12525589019060135,5,1
867,9,0.03042416460812092,2,1
868,8,0.012303384020924568,3,1
869,7,0.040630014962516725,4,1
870,10,0.03201516345143318,1,1
871,9,0.03772111237049103,2,1
872,9,0.017939123325049877,2,1
873,9,0.024612571578472853,2,1
874,5,0.019367081113159657,6,1
875,-5,0.041021625947905704,16,1
876,8,0.10799728085597356,3,1
877,10,0.05470121651887894,1,1
878,7,0.04448259761556983,4,1
879,7,0.10361954849213362,4,1
880,5,0.06418150415023167,6,1
881,6,0.0565567672252655,5,1
882,8,0.049259706710775696,3,1
883,9,0.04621403384953737,2,1
884,9,0.03054072894155979,2,1
885,9,0.03505745902657509,2,1
886,8,0.1592829960087935,3,1
887,9,0.258370878174901,2,1
888,6,0.02037795018404722,5,1
889,9,0.026541784405708313,2,1
890,6,0.06498895213007927,5,1
891,9,0.09043172001838684,2,1
892,9,0.07131925225257874,2,1
893,8,0.15448739876349768,3,1
894,9,0.06093013286590576,2,1
895,8,0.17063631241520247,3,1
896,6,0.04487336277961731,5,1
897,10,0.018724624067544937,1,1
898,7,0.13612505281344056,4,1
899,7,0.03363929968327284,4,1
900,10,0.03780530393123627,1,1
901,10,0.07372017949819565,1,1
902,7,0.03581479471176863,4,1
903,2,0.12011955305933952,9,1
904,9,0.15066554490476847,2,1
905,9,0.01692751981317997,2,1
906,5,0.060348940547555685,6,1
907,8,0.05016989136735598,3,1
908,-22,0.03541627276519483,33,1
909,10,0.06153324991464615,1,1
910,9,0.04429661389440298,2,1
911,9,0.20387336984276772,2,1
912,9,0.026302739046514034,2,1
913,9,0.0452519915997982,2,1
914,8,0.039271230498949684,3,1
915,6,0.03014952540397644,5,1
916,8,0.16335256832341352,3,1
917,6,0.09921261351555585,5,1
918,9,0.01796399988234043,2,1
919,-50,0.04717723540961742,50,0
920,8,0.13920219304660955,3,1
921,4,0.032431542607290406,7,1
922,9,0.02053209487348795,2,1
923,9,0.24856470245867968,2,1
924,9,0.029260361567139626,2,1
925,7,0.037329993676394224,4,1
926,10,0.027546383440494537,1,1
927,-25,0.0542568726814352,16,0
928,8,0.08097757399082184,3,1
929,9,0.06011798605322838,2,1
930,9,0.12544815987348557,2,1
931,7,0.12948107859119773,4,1
932,7,0.0541825070977211,4,1
933,9,0.016749849542975426,2,1
934,9,0.02098675351589918,2,1
935,7,0.05615358613431454,4,1
936,7,0.02333341771736741,4,1
937,8,0.03496303502470255,3,1
938,8,0.041086457359294094,3,1
939,8,0.02273262944072485,3,1
940,9,0.02018515206873417,2,1
941,-10,0.036380160599946976,1,0
942,6,0.34507610723376275,5,1
943,10,0.012722707353532314,1,1
944,8,0.15072347534199557,3,1
945,9,0.18733883555978537,2,1
946,7,0.01347425626590848,4,1
947,9,0.016455920413136482,2,1
948,9,0.02002200623974204,2,1
949,9,0.1958455592393875,2,1
950,-11,0.0348756005987525,2,0
951,7,0.0189891813788563,4,1
952,9,0.012000072747468948,2,1
953,7,0.04882597993128002,4,1
954,9,0.018493823241442442,2,1
955,9,0.28593163192272186,2,1
956,9,0.2309254789724946,2,1
957,9,0.01171823195181787,2,1
958,9,0.12527035363018513,2,1
959,6,0.023226634971797465,5,1
960,8,0.038455063477158546,3,1
961,4,0.021144576237670014,7,1
962,9,0.08169534057378769,2,1
963,7,0.09649139828979969,4,1
964,9,0.08051174879074097,2,1
965,9,0.04847525246441364,2,1
966,9,0.09215519949793816,2,1
967,9,0.2564294673502445,2,1
968,9,0.2562911082059145,2,1
969,8,0.02086671565969785,3,1
970,8,0.02596441252777974,3,1
971,8,0.20027443983902535,3,1
972,9,0.26511785108596087,2,1
973,7,0.02469723974354565,4,1
974,10,0.0215959120541811,1,1
975,7,0.022287636063992977,4,1
976,5,0.033165082025031246,6,1
977,6,0.032254171557724476,5,1
978,7,0.08050718740560114,4,1
979,9,0.09750540554523468,2,1
980,10,0.008466239087283611,1,1
981,8,0.04947328443328539,3,1
982,10,0.5230379700660706,1,1
983,-50,0.08578407261520624,50,0
984,9,0.3236143887042999,2,1
985,6,0.07471388131380081,5,1
986,8,0.1357839641471704,3,1
987,9,0.16230490803718567,2,1
988,8,0.020995865886410076,3,1
989,8,0.09337350415686767,3,1
990,8,0.051974443097909294,3,1
991,9,0.02027225960046053,2,1
992,9,0.03147580474615097,2,1
993,7,0.10600830893963575,4,1
994,7,0.2930232472717762,4,1
995,10,0.07155866175889969,1,1
996,9,0.1296112947165966,2,1
997,10,0.020406659692525864,1,1
998,9,0.2196977697312832,2,1
999,7,0.03172476030886173,4,1
1000,9,0.018908562138676643,2,1
1,8,0.037162731712063156,3,1
2,10,0.018840806558728218,1,1
3,10,0.04929431527853012,1,1
4,8,0.13201569331188998,3,1
5,-50,0.0853960501588881,50,0
6,6,0.08513023555278779,5,1
7,8,0.039155553405483566,3,1
8,9,0.03687168192118406,2,1
9,5,0.08283065011103947,6,1
10,10,0.05655907839536667,1,1
11,7,0.15559905162081122,4,1
12,10,0.01930316723883152,1,1
13,7,0.02624613605439663,4,1
14,10,0.29227423667907715,1,1
15,6,0.04852227084338665,5,1
16,9,0.1390523463487625,2,1
17,10,0.026179371401667595,1,1
18,10,0.018455615267157555,1,1
19,10,0.06316140294075012,1,1
20,8,0.03760520958652099,3,1
21,8,0.02255110473682483,3,1
22,7,0.21856436412781477,4,1
23,8,0.02126925407598416,3,1
24,10,0.0802629292011261,1,1
25,8,0.13326791301369667,3,1
26,7,0.0731096277013421,4,1
27,8,0.1457737758755684,3,1
28,7,0.12892418075352907,4,1
29,7,0.05839729495346546,4,1
30,7,0.10743712144903839,4,1
31,8,0.07633455842733383,3,1
32,9,0.01962474174797535,2,1
33,7,0.05438986653462052,4,1
34,-25,0.07554615695132977,36,1
35,7,0.07507729856297374,4,1
36,8,0.3207027092576027,3,1
37,8,0.04068278397123019,3,1
38,7,0.042912159115076065,4,1
39,-10,0.03195755556225777,1,0
40,9,0.05692494288086891,2,1
41,9,0.13956977799534798,2,1
42,8,0.037817313646276794,3,1
43,8,0.32842282112687826,3,1
44,8,0.052703542013963066,3,1
45,9,0.11327034793794155,2,1
46,8,0.03214594845970472,3,1
47,10,0.3893071115016937,1,1
48,10,0.05578667297959328,1,1
49,7,0.07764251716434956,4,1
50,8,0.05551095927755038,3,1
51,9,0.09532258845865726,2,1
52,8,0.15714066103100777,3,1
53,9,0.01941250031813979,2,1
54,9,0.06280472502112389,2,1
55,9,0.14492830261588097,2,1
56,8,0.09539920277893543,3,1
57,9,0.12789974361658096,2,1
58,9,0.1256401538848877,2,1
59,7,0.13998663052916527,4,1
60,9,0.024297860451042652,2,1
61,10,0.01850803755223751,1,1
62,10,0.03547874093055725,1,1
63,8,0.034362991650899254,3,1
64,9,0.05323779210448265,2,1
65,10,0.11934608221054077,1,1
66,8,0.07279748097062111,3,1
67,9,0.1299690045416355,2,1
68,-10,0.045444004237651825,1,0
69,1,0.0906090784817934,10,1
70,8,0.04357439341644446,3,1
71,7,0.09395574033260345,4,1
72,8,0.05475333953897158,3,1
73,4,0.277676185593009,7,1
74,9,0.03460889123380184,2,1
75,10,0.13341709971427917,1,1
76,5,0.15265495547403893,6,1
77,9,0.337385106831789,2,1
78,8,0.035691771656274796,3,1
79,9,0.09967117384076118,2,1
80,9,0.05755934491753578,2,1
81,7,0.10239413380622864,4,1
82,8,0.11319855103890102,3,1
83,9,0.04153629671782255,2,1
84,9,0.06090760603547096,2,1
85,9,0.04279880505055189,2,1
86,10,0.03369149565696716,1,1
87,9,0.15417832881212234,2,1
88,6,0.1627138189971447,5,1
89,9,0.029089330695569515,2,1
90,8,0.20473615700999895,3,1
91,10,0.031508203595876694,1,1
92,9,0.023504098877310753,2,1
93,9,0.29817164689302444,2,1
94,7,0.2218695618212223,4,1
95,-13,0.11860330682247877,4,0
96,10,0.07789039611816406,1,1
97,9,0.13379717618227005,2,1
98,10,0.6903380751609802,1,1
99,10,0.7119591236114502,1,1
100,6,0.28036277294158934,5,1
101,9,0.08028060756623745,2,1
102,9,0.23094044998288155,2,1
103,10,0.18271994590759277,1,1
104,9,0.10727773234248161,2,1
105,7,0.07903807004913688,4,1
106,7,0.04189903428778052,4,1
107,-50,0.09063796915113925,50,0
108,9,0.054404351860284805,2,1
109,9,0.22470616176724434,2,1
110,7,0.21224902756512165,4,1
111,10,0.5134589672088623,1,1
112,8,0.08594204485416412,3,1
113,10,0.21808403730392456,1,1
114,9,0.01448056474328041,2,1
115,8,0.045477100337545075,3,1
116,-25,0.1269305454980996,36,1
117,10,0.08456166833639145,1,1
118,8,0.05226891798277696,3,1
119,10,0.03284430876374245,1,1
120,8,0.09057654129962127,3,1
121,9,0.32742661982774734,2,1
122,-14,0.11667120009660721,25,1
123,9,0.04439428634941578,2,1
124,7,0.12265725713223219,4,1
125,9,0.06601999793201685,2,1
126,10,0.036557696759700775,1,1
127,6,0.044204505532979964,5,1
128,-36,0.09984318394848007,47,1
129,8,0.04564904607832432,3,1
130,9,0.08709777891635895,2,1
131,10,0.04139035940170288,1,1
132,-41,0.1922854128642939,32,0
133,8,0.24252960830926895,3,1
134,-11,0.18877481762319803,2,0
135,8,0.09787284582853317,3,1
136,10,0.12786851823329926,1,1
137,8,0.1701472525795301,3,1
138,-4,0.09283983595669269,15,1
139,9,0.06954563222825527,2,1
140,6,0.1421730063855648,5,1
141,8,0.048570502549409866,3,1
142,9,0.04353064484894276,2,1
143,10,0.14922747015953064,1,1
144,9,0.26045569498091936,2,1
145,9,0.035900626331567764,2,1
146,8,0.04099054013689359,3,1
147,10,0.08054394274950027,1,1
148,6,0.06759283244609833,5,1
149,-1,0.15940330379332104,12,1
150,7,0.034794431645423174,4,1
151,8,0.06396955624222755,3,1
152,9,0.07250667922198772,2,1
153,9,0.026212832890450954,2,1
154,10,0.35181429982185364,1,1
155,9,0.14744047820568085,2,1
156,9,0.039454136043787,2,1
157,9,0.07713109254837036,2,1
158,10,0.029756266623735428,1,1
159,6,0.03507248628884554,5,1
160,7,0.25204575108364224,4,1
161,8,0.10260460774103801,3,1
162,8,0.39258000751336414,3,1
163,5,0.08324178929130237,6,1
164,8,0.09316047032674153,3,1
165,5,0.15507339934508005,6,1
166,9,0.06191885843873024,2,1
167,8,0.11499383424719174,3,1
168,9,0.031768858432769775,2,1
169,10,0.14092805981636047,1,1
170,-6,0.06207141159650158,17,1
171,7,0.21081724762916565,4,1
172,7,0.07255399413406849,4,1
173,8,0.32646066943804425,3,1
174,8,0.2464180812239647,3,1
175,9,0.0678270049393177,2,1
176,7,0.06651239190250635,4,1
177,6,0.061985725164413454,5,1
178,8,0.08026908089717229,3,1
179,9,0.04751286655664444,2,1
180,6,0.07039258629083633,5,1
181,10,0.3748280107975006,1,1
182,8,0.0634532446662585,3,1
183,7,0.22906066058203578,4,1
184,7,0.05667753145098686,4,1
185,7,0.30782362911850214,4,1
186,9,0.05157913640141487,2,1
187,9,0.04188233055174351,2,1
188,7,0.061400725739076734,4,1
189,9,0.2899344880133867,2,1
190,5,0.10279069157938163,6,1
191,8,0.20250131686528525,3,1
192,7,0.06549998372793198,4,1
193,9,0.060563208535313606,2,1
194,-23,0.1349371169858119,34,1
195,8,0.14573289826512337,3,1
196,10,0.05217111110687256,1,1
197,9,0.07596868649125099,2,1
198,9,0.5365822613239288,2,1
199,10,0.07290711253881454,1,1
200,10,0.06077011674642563,1,1
201,8,0.2165205180644989,3,1
202,8,0.07193849484125774,3,1
203,-41,0.13258170016342774,32,0
204,8,0.09422118465105693,3,1
205,8,0.06217658519744873,3,1
206,6,0.10816093981266021,5,1
207,7,0.11224845796823502,4,1
208,9,0.03602878749370575,2,1
209,8,0.06507965301473935,3,1
210,10,0.04242981970310211,1,1
211,7,0.09002572670578957,4,1
212,8,0.10862320164839427,3,1
213,9,0.06771834567189217,2,1
214,3,0.08295960305258632,8,1
215,5,0.09785854630172253,6,1
216,9,0.06259521469473839,2,1
217,8,0.22924635807673135,3,1
218,6,0.07850158959627151,5,1
219,-13,0.24730490520596504,4,0
220,6,0.06184759736061096,5,1
221,9,0.17496761679649353,2,1
222,10,0.041567277163267136,1,1
223,8,0.20891406511267027,3,1
224,8,0.07065360123912494,3,1
225,8,0.20749568194150925,3,1
226,9,0.49564599990844727,2,1
227,6,0.18262441903352739,5,1
228,9,0.3046766668558121,2,1
229,7,0.04492130130529404,4,1
230,10,0.025806643068790436,1,1
231,7,0.11979473661631346,4,1
232,8,0.04613343502084414,3,1
233,5,0.13120532097915807,6,1
234,5,0.045431324591239296,6,1
235,8,0.13708147406578064,3,1
236,9,0.05972735211253166,2,1
237,8,0.029889310399691265,3,1
238,9,0.04598429426550865,2,1
239,9,0.04034256935119629,2,1
240,6,0.05225970931351185,5,1
241,4,0.04367801706705775,7,1
242,8,0.03419948865969976,3,1
243,10,0.031817514449357986,1,1
244,8,0.08357734978199005,3,1
245,8,0.05042456090450287,3,1
246,6,0.0935139000415802,5,1
247,7,0.20912177860736847,4,1
248,-9,0.0965145722962916,20,1
249,9,0.038547396659851074,2,1
250,7,0.09180052950978279,4,1
251,9,0.26561457198113203,2,1
252,9,0.02744294796139002,2,1
253,9,0.024372772313654423,2,1
254,9,0.21312087029218674,2,1
255,8,0.06802350655198097,3,1
256,7,0.05023869965225458,4,1
257,-10,0.03773052245378494,1,0
258,7,0.185792853590101,4,1
259,8,0.36144010970989865,3,1
260,7,0.07137073017656803,4,1
261,8,0.20462863643964133,3,1
262,8,0.041147043307622276,3,1
263,10,0.03390997275710106,1,1
264,8,0.04360587025682131,3,1
265,8,0.18103750981390476,3,1
266,10,0.04688873887062073,1,1
267,10,0.02903246507048607,1,1
268,7,0.23795295413583517,4,1
269,9,0.05031870678067207,2,1
270,-30,0.10910566351035746,41,1
271,7,0.16177822183817625,4,1
272,8,0.026429234072566032,3,1
273,7,0.040034576784819365,4,1
274,8,0.032545087238152824,3,1
275,8,0.04142029521365961,3,1
276,7,0.09967743884772062,4,1
277,10,0.1499272882938385,1,1
278,-19,0.14593350601692995,30,1
279,7,0.08887212537229061,4,1
280,-11,0.20336848124861717,2,0
281,-50,0.0977479149401188,50,0
282,10,0.03241529315710068,1,1
283,8,0.04377080127596855,3,1
284,6,0.05036357939243317,5,1
285,7,0.07725259708240628,4,1
286,10,0.02072066068649292,1,1
287,10,0.01717081479728222,1,1
288,8,0.017703083033363026,3,1
289,10,0.17637485265731812,1,1
290,7,0.12974500190466642,4,1
291,10,0.030075296759605408,1,1
292,8,0.04666683450341225,3,1
293,10,0.014454755000770092,1,1
294,6,0.05095622092485428,5,1
295,9,0.2600272763520479,2,1
296,8,0.06211118958890438,3,1
297,10,0.023360848426818848,1,1
298,8,0.04570272813240687,3,1
299,5,0.07330156955868006,6,1
300,8,0.04683276762564977,3,1
301,7,0.1344330981373787,4,1
302,7,0.022943087620660663,4,1
303,8,0.04811386422564586,3,1
304,7,0.19526701560243964,4,1
305,7,0.14453093148767948,4,1
306,6,0.23441915810108185,5,1
307,7,0.1636712234467268,4,1
308,7,0.07440414559096098,4,1
309,9,0.08905484527349472,2,1
310,8,0.11858134654661019,3,1
311,10,0.05078893527388573,1,1
312,7,0.0979608460329473,4,1
313,-11,0.05735507979989052,2,0
314,9,0.10991271585226059,2,1
315,8,0.02638992356757323,3,1
316,9,0.036145417019724846,2,1
317,7,0.13807922089472413,4,1
318,-14,0.04693824350833893,5,0
319,9,0.031641578301787376,2,1
320,10,0.02633250132203102,1,1
321,9,0.3040621280670166,2,1
322,5,0.16811403104414543,6,1
323,9,0.05034821620211005,2,1
324,8,0.1593475223829349,3,1
325,7,0.043899410869926214,4,1
326,7,0.1423184967134148,4,1
327,9,0.03833780810236931,2,1
328,10,0.020373130217194557,1,1
329,10,0.3421412706375122,1,1
330,10,0.00874521303921938,1,1
331,7,0.12685849540866911,4,1
332,-10,0.0313950777053833,1,0
333,10,0.3695314824581146,1,1
334,9,0.03654822148382664,2,1
335,5,0.024973819265142083,6,1
336,9,0.06971557065844536,2,1
337,8,0.08062161381045978,3,1
338,6,0.07546466886997223,5,1
339,9,0.2902052514255047,2,1
340,8,0.23995549604296684,3,1
341,-5,0.11744724109303206,16,1
342,9,0.21202673017978668,2,1
343,9,0.03115748055279255,2,1
344,10,0.018178774043917656,1,1
345,7,0.03555602906271815,4,1
346,9,0.018594715744256973,2,1
347,-6,0.1012582836453529,17,1
348,10,0.024762967601418495,1,1
349,-26,0.09330747986363398,37,1
350,8,0.02975151315331459,3,1
351,6,0.15399620905518532,5,1
352,8,0.05768857275446256,3,1
353,6,0.04198105782270432,5,1
354,7,0.03770804591476917,4,1
355,8,0.032645068441828094,3,1
356,8,0.038062327851851784,3,1
357,7,0.10238523036241531,4,1
358,9,0.032033100724220276,2,1
359,8,0.17992357661326727,3,1
360,7,0.12584630167111754,4,1
361,-50,0.07861645434051752,50,0
362,7,0.21486415527760983,4,1
363,7,0.14290973357856274,4,1
364,7,0.04578637331724167,4,1
365,7,0.05610673828050494,4,1
366,9,0.03494882769882679,2,1
367,7,0.15088593121618032,4,1
368,8,0.14090773339072862,3,1
369,7,0.05851277243345976,4,1
370,8,0.15371867828071117,3,1
371,8,0.1113797618697087,3,1
372,9,0.02534220553934574,2,1
373,9,0.29663146287202835,2,1
374,4,0.027830209050859724,7,1
375,-19,0.10113525756945213,30,1
376,10,0.01813124679028988,1,1
377,6,0.10074214413762092,5,1
378,8,0.030243972937266033,3,1
379,8,0.053856901824474335,3,1
380,10,0.03269205614924431,1,1
381,-10,0.08625542505511216,21,1
382,10,0.03162737190723419,1,1
383,7,0.02883918595034629,4,1
384,10,0.04043981805443764,1,1
385,10,0.2358992099761963,1,1
386,-10,0.18950480222702026,1,0
387,10,0.07565441727638245,1,1
388,7,0.06682200939394534,4,1
389,10,0.024599965661764145,1,1
390,10,0.038504380732774734,1,1
391,8,0.16480215825140476,3,1
392,8,0.014242852417131266,3,1
393,9,0.07561781164258718,2,1
394,10,0.02255238965153694,1,1
395,8,0.044657330960035324,3,1
396,8,0.052592745050787926,3,1
397,10,0.07125823944807053,1,1
398,-15,0.07113941651410781,26,1
399,-13,0.07549440135092784,24,1
400,9,0.08833682164549828,2,1
401,7,0.03466773545369506,4,1
402,6,0.05030522532761097,5,1
403,7,0.04674731474369764,4,1
404,10,0.034559160470962524,1,1
405,9,0.030208660289645195,2,1
406,-49,0.09338633934967219,40,0
407,-2,0.13186919087400803,13,1
408,9,0.031705815345048904,2,1
409,10,0.025654327124357224,1,1
410,8,0.037134302159150444,3,1
411,10,0.09239803999662399,1,1
412,10,0.012828645296394825,1,1
413,7,0.07989509194158018,4,1
414,9,0.021699129603803158,2,1
415,9,0.24416698142886162,2,1
416,9,0.03785325214266777,2,1
417,8,0.024992755614221096,3,1
418,9,0.119578056037426,2,1
419,5,0.0397453298792243,6,1
420,8,0.15366366567711034,3,1
421,-50,0.08163314836099744,50,0
422,8,0.0734244075914224,3,1
423,10,0.054442841559648514,1,1
424,10,0.028916310518980026,1,1
425,9,0.08531106822192669,2,1
426,8,0.03199289118250211,3,1
427,8,0.1734569395581881,3,1
428,8,0.08411872324844201,3,1
429,7,0.17417288944125175,4,1
430,-50,0.11319468213245272,50,0
431,9,0.07469709031283855,2,1
432,9,0.04627612791955471,2,1
433,7,0.1260553295724094,4,1
434,-13,0.08187134913168848,24,1
435,10,0.3773093819618225,1,1
436,-44,0.10416620831404413,35,0
437,10,0.022210201248526573,1,1
438,9,0.11729257553815842,2,1
439,3,0.06977608567103744,8,1
440,7,0.045176440849900246,4,1
441,7,0.06920506153255701,4,1
442,-35,0.08205638789450345,46,1
443,9,0.18997619859874249,2,1
444,9,0.2647403758019209,2,1
445,9,0.07547319307923317,2,1
446,9,0.02777525596320629,2,1
447,10,0.0180418249219656,1,1
448,9,0.09391925018280745,2,1
449,9,0.0770873874425888,2,1
450,7,0.04055100423283875,4,1
451,9,0.16149598360061646,2,1
452,9,0.048124048858881,2,1
453,8,0.3010537773370743,3,1
454,10,0.016949761658906937,1,1
455,10,0.17640917003154755,1,1
456,7,0.02997447387315333,4,1
457,8,0.020740737828115623,3,1
458,10,0.03486422821879387,1,1
459,10,0.03785346448421478,1,1
460,7,0.0703431717120111,4,1
461,10,0.21823176741600037,1,1
462,9,0.029441598802804947,2,1
463,10,0.47484099864959717,1,1
464,8,0.05123738447825114,3,1
465,9,0.09030382335186005,2,1
466,6,0.07618032768368721,5,1
467,10,0.0386967696249485,1,1
468,10,0.16544300317764282,1,1
469,6,0.0814920037984848,5,1
470,-19,0.06435506682222088,30,1
471,-12,0.08326089133818944,3,0
472,7,0.09386702394112945,4,1
473,9,0.04824363254010677,2,1
474,8,0.045291646694143615,3,1
475,10,0.15763920545578003,1,1
476,8,0.0943876604239146,3,1
477,9,0.1225762888789177,2,1
478,7,0.045830292627215385,4,1
479,6,0.14788152202963828,5,1
480,10,0.07263129949569702,1,1
481,10,0.05802050977945328,1,1
482,9,0.046317100524902344,2,1
483,7,0.028380942065268755,4,1
484,8,0.029514507700999577,3,1
485,10,0.18235544860363007,1,1
486,-10,0.5679038166999817,1,0
487,9,0.33348771929740906,2,1
488,9,0.11781065538525581,2,1
489,9,0.3063489980995655,2,1
490,7,0.05719937011599541,4,1
491,8,0.23478026936451593,3,1
492,5,0.04593728420635065,6,1
493,8,0.029351550464828808,3,1
494,10,0.04400058090686798,1,1
495,9,0.02478722669184208,2,1
496,7,0.040845605079084635,4,1
497,9,0.06255175732076168,2,1
498,9,0.02801328245550394,2,1
499,7,0.18327863048762083,4,1
500,9,0.02471858263015747,2,1
501,8,0.16435099579393864,3,1
502,9,0.016585479490458965,2,1
503,10,0.03296342119574547,1,1
504,8,0.015554120143254599,3,1
505,5,0.09546895883977413,6,1
506,7,0.0782812642864883,4,1
507,9,0.0566722247749567,2,1
508,8,0.05501375781993071,3,1
509,7,0.14952888805419207,4,1
510,-10,0.010315636172890663,1,0
511,7,0.0280702265445143,4,1
512,7,0.02792136836796999,4,1
513,9,0.0334185604006052,2,1
514,10,0.04348528012633324,1,1
515,10,0.03913883864879608,1,1
516,10,0.05143182352185249,1,1
517,5,0.13225344258050123,6,1
518,8,0.20795707063128552,3,1
519,9,0.1888560289517045,2,1
520,6,0.030085129849612712,5,1
521,-20,0.06552042009969873,31,1
522,-9,0.11228555012494326,20,1
523,8,0.037642580146590866,3,1
524,8,0.08706869060794513,3,1
525,8,0.2338619145254294,3,1
526,-50,0.12182083582505583,50,0
527,10,0.10157492756843567,1,1
528,7,0.17828955687582493,4,1
529,9,0.32437126338481903,2,1
530,9,0.11496789008378983,2,1
531,8,0.11113656312227249,3,1
532,10,0.10582785308361053,1,1
533,6,0.07315727137029171,5,1
534,9,0.05458749085664749,2,1
535,7,0.16071614064276218,4,1
536,7,0.08418274857103825,4,1
537,10,0.5396900177001953,1,1
538,7,0.3066010382026434,4,1
539,9,0.0356786884367466,2,1
540,9,0.12358441762626171,2,1
541,9,0.0395524688065052,2,1
542,10,0.019149618223309517,1,1
543,10,0.09808434545993805,1,1
544,8,0.36935769331951934,3,1
545,6,0.056624984741210936,5,1
546,7,0.25936701660975814,4,1
547,5,0.07153159783532222,6,1
548,8,0.1815877885868152,3,1
549,8,0.04583272151648998,3,1
550,10,0.026660457253456116,1,1
551,9,0.05663026683032513,2,1
552,-39,0.13983534776295226,30,0
553,-21,0.08142684900667518,32,1
554,10,0.045827820897102356,1,1
555,6,0.031920052319765094,5,1
556,8,0.14917139584819475,3,1
557,9,0.2601642571389675,2,1
558,9,0.030589871108531952,2,1
559,8,0.1999454771478971,3,1
560,9,0.3390827551484108,2,1
561,7,0.17655908386223018,4,1
562,10,0.06468331813812256,1,1
563,7,0.06380724534392357,4,1
564,9,0.03354774788022041,2,1
565,6,0.0384686104953289,5,1
566,7,0.029459792654961348,4,1
567,7,0.05752977170050144,4,1
568,6,0.14422967582941054,5,1
569,7,0.072893091943115,4,1
570,9,0.02619817852973938,2,1
571,-46,0.13009258090342218,37,0
572,10,0.053789906203746796,1,1
573,9,0.1878405585885048,2,1
574,9,0.04147772490978241,2,1
575,7,0.07777572004124522,4,1
576,5,0.02176965695495407,6,1
577,9,0.02548366319388151,2,1
578,9,0.22822907008230686,2,1
579,8,0.14389569001893202,3,1
580,8,0.07832275703549385,3,1
581,10,0.021006345748901367,1,1
582,8,0.32763875524202984,3,1
583,9,0.09719831869006157,2,1
584,10,0.09738045185804367,1,1
585,10,0.032433491200208664,1,1
586,7,0.14824036695063114,4,1
587,10,0.08828020840883255,1,1
588,-50,0.06934296954423189,50,0
589,6,0.15570813566446304,5,1
590,8,0.06317270671327908,3,1
591,9,0.029936334118247032,2,1
592,10,0.033704712986946106,1,1
593,9,0.03727298974990845,2,1
594,8,0.029263239353895187,3,1
595,-2,0.16179581158436263,13,1
596,10,0.019653378054499626,1,1
597,6,0.096461171656847,5,1
598,8,0.0533029759923617,3,1
599,10,0.03681637719273567,1,1
600,8,0.1606376332541307,3,1
601,-30,0.05801338636566226,41,1
602,8,0.26616717999180156,3,1
603,10,0.018303368240594864,1,1
604,6,0.1512919979169965,5,1
605,7,0.02547808177769184,4,1
606,0,0.1437880793925036,11,1
607,8,0.02272096276283264,3,1
608,-10,0.015021334402263165,1,0
609,10,0.02308148331940174,1,1
610,7,0.1442673890851438,4,1
611,8,0.08048592259486516,3,1
612,-50,0.11017260262742638,50,0
613,8,0.04177377869685491,3,1
614,9,0.039565812796354294,2,1
615,8,0.03077908729513486,3,1
616,7,0.05405066255480051,4,1
617,7,0.02768285246565938,4,1
618,-10,0.09324151348500025,21,1
619,-21,0.0847884407849051,32,1
620,10,0.10110152512788773,1,1
621,10,0.29834192991256714,1,1
622,10,0.048384010791778564,1,1
623,7,0.1132956463843584,4,1
624,10,0.05703315883874893,1,1
625,-38,0.06355512032991853,29,0
626,10,0.08372145891189575,1,1
627,10,0.040857985615730286,1,1
628,7,0.04174893721938133,4,1
629,5,0.08867005600283544,6,1
630,6,0.14234581403434277,5,1
631,6,0.13950590938329696,5,1
632,8,0.015213719569146633,3,1
633,8,0.03260307696958383,3,1
634,7,0.024304518476128578,4,1
635,9,0.12745380401611328,2,1
636,8,0.028232268368204434,3,1
637,10,0.07282587885856628,1,1
638,9,0.05399715527892113,2,1
639,7,0.03053478430956602,4,1
640,8,0.03696969275673231,3,1
641,8,0.11187052788833778,3,1
642,8,0.02083527234693368,3,1
643,9,0.17427290976047516,2,1
644,7,0.0467067863792181,4,1
645,9,0.026531318202614784,2,1
646,6,0.029109876602888107,5,1
647,10,0.03069736808538437,1,1
648,8,0.042412937308351197,3,1
649,8,0.1266132853925228,3,1
650,7,0.20485504064708948,4,1
651,-13,0.0913336641388014,24,1
652,9,0.251937011256814,2,1
653,10,0.02113109454512596,1,1
654,6,0.0937683753669262,5,1
655,9,0.25967783108353615,2,1
656,7,0.1030173129402101,4,1
657,3,0.14033796591684222,8,1
658,7,0.11523591075092554,4,1
659,9,0.04277891293168068,2,1
660,-10,0.08539771785338719,21,1
661,-9,0.08806712590157986,20,1
662,8,0.04407807563742002,3,1
663,7,0.04562552459537983,4,1
664,7,0.04113832302391529,4,1
665,5,0.04748117815082272,6,1
666,9,0.035095445811748505,2,1
667,10,0.044648364186286926,1,1
668,6,0.14102623537182807,5,1
669,9,0.03623248264193535,2,1
670,9,0.0457313098013401,2,1
671,-28,0.11601215538879235,39,1
672,8,0.056298217425743736,3,1
673,8,0.055937577659885086,3,1
674,10,0.02915608137845993,1,1
675,10,0.04253873974084854,1,1
676,6,0.06235689595341683,5,1
677,10,0.03223790228366852,1,1
678,9,0.019090872257947922,2,1
679,6,0.02924774996936321,5,1
680,9,0.03442489169538021,2,1
681,9,0.04570946656167507,2,1
682,9,0.03982880990952253,2,1
683,8,0.05572536587715149,3,1
684,6,0.05475814938545227,5,1
685,9,0.08870046027004719,2,1
686,7,0.025171018671244383,4,1
687,9,0.2520365472882986,2,1
688,7,0.042500028386712074,4,1
689,9,0.0467377994209528,2,1
690,-12,0.02534821753700574,3,0
691,7,0.14937245100736618,4,1
692,7,0.04565719049423933,4,1
693,8,0.17566143814474344,3,1
694,0,0.06904701143503189,11,1
695,8,0.1630522422492504,3,1
696,8,0.023786079759399097,3,1
697,8,0.032882398615280785,3,1
698,7,0.031078283209353685,4,1
699,10,0.07151442766189575,1,1
700,-11,0.030132200568914413,2,0
701,8,0.16678457086284956,3,1
702,9,0.025118845514953136,2,1
703,8,0.14836655215670666,3,1
704,9,0.08887685090303421,2,1
705,-5,0.042017712257802486,16,1
706,8,0.18141279804209867,3,1
707,9,0.12158617004752159,2,1
708,9,0.04276023060083389,2,1
709,10,0.006906923372298479,1,1
710,9,0.37009231746196747,2,1
711,10,0.4236220717430115,1,1
712,9,0.12889420799911022,2,1
713,-31,0.0934049265592226,42,1
714,8,0.026557584914068382,3,1
715,10,0.42059874534606934,1,1
716,9,0.01943827699869871,2,1
717,8,0.05878324309984843,3,1
718,10,0.11816197633743286,1,1
719,9,0.04575815796852112,2,1
720,9,0.03308543190360069,2,1
721,7,0.10909209866076708,4,1
722,10,0.022293591871857643,1,1
723,2,0.07443997770961788,9,1
724,10,0.056040309369564056,1,1
725,8,0.10139837488532066,3,1
726,9,0.6547686606645584,2,1
727,10,0.04807952791452408,1,1
728,3,0.060292218695394695,8,1
729,9,0.2542515657842159,2,1
730,8,0.032819900661706924,3,1
731,7,0.039347557816654444,4,1
732,8,0.20332523559530577,3,1
733,8,0.021373941873510677,3,1
734,8,0.21088698816796145,3,1
735,10,0.02775406464934349,1,1
736,8,0.015766164598365624,3,1
737,6,0.10504567343741655,5,1
738,9,0.04502502456307411,2,1
739,7,0.06688725110143423,4,1
740,-10,0.10985663533210754,1,0
741,8,0.10250413169463475,3,1
742,6,0.11462535113096237,5,1
743,8,0.020635140128433704,3,1
744,10,0.008810892701148987,1,1
745,10,0.018780894577503204,1,1
746,8,0.13336240934828916,3,1
747,5,0.03349119424819946,6,1
748,5,0.020502721114705007,6,1
749,9,0.062104678712785244,2,1
750,7,0.12560566514730453,4,1
751,8,0.04758433252573013,3,1
752,8,0.08702942728996277,3,1
753,3,0.11808506259694695,8,1
754,9,0.12508476711809635,2,1
755,9,0.041460451669991016,2,1
756,10,0.01633572205901146,1,1
757,7,0.023757908958941698,4,1
758,9,0.010641474276781082,2,1
759,6,0.06355208531022072,5,1
760,10,0.021745508536696434,1,1
761,10,0.028553424403071404,1,1
762,9,0.01776736881583929,2,1
763,10,0.009801219217479229,1,1
764,6,0.13351968806236983,5,1
765,8,0.06731584047277768,3,1
766,9,0.04288578499108553,2,1
767,10,0.021206330507993698,1,1
768,9,0.03235665801912546,2,1
769,10,0.035411082208156586,1,1
770,10,0.09066765755414963,1,1
771,8,0.036658828457196556,3,1
772,10,0.07558778673410416,1,1
773,8,0.05417648330330849,3,1
774,7,0.13599448604509234,4,1
775,8,0.09310089703649282,3,1
776,8,0.048803187906742096,3,1
777,9,0.03126124292612076,2,1
778,10,0.059449203312397,1,1
779,-23,0.03170960662620408,14,0
780,8,0.02031020276869337,3,1
781,10,0.02664858102798462,1,1
782,9,0.031225454062223434,2,1
783,10,0.056540630757808685,1,1
784,5,0.1982337279866139,6,1
785,9,0.03534780628979206,2,1
786,9,0.2834681710228324,2,1
787,8,0.0710686935732762,3,1
788,-50,0.08044850224629045,50,0
789,8,0.06664155175288518,3,1
790,7,0.2146266447380185,4,1
791,5,0.03320837439969182,6,1
792,7,0.0819049859419465,4,1
793,8,0.03603725042194128,3,1
794,9,0.022678716108202934,2,1
795,9,0.025944935157895088,2,1
796,7,0.014273961307480931,4,1
797,8,0.06073270598426461,3,1
798,8,0.16367446817457676,3,1
799,7,0.04457180807366967,4,1
800,5,0.041649902084221445,6,1
801,6,0.15140189379453659,5,1
802,8,0.12071223308642705,3,1
803,-50,0.07113765970803797,50,0
804,9,0.1306549869477749,2,1
805,7,0.16805742564611137,4,1
806,9,0.10770297981798649,2,1
807,8,0.04313644394278526,3,1
808,8,0.07078548707067966,3,1
809,8,0.16498849416772524,3,1
810,6,0.11053413450717926,5,1
811,6,0.03414183668792248,5,1
812,10,0.03167596459388733,1,1
813,9,0.037113238126039505,2,1
814,10,0.06647457182407379,1,1
815,10,0.013655588962137699,1,1
816,5,0.03719207396109899,6,1
817,6,0.03904531747102737,5,1
818,8,0.04120486012349526,3,1
819,5,0.06630860082805157,6,1
820,7,0.032829947071149945,4,1
821,-12,0.07343805633971225,23,1
822,10,0.02227112092077732,1,1
823,10,0.06684129685163498,1,1
824,10,0.07993210852146149,1,1
825,9,0.026230149436742067,2,1
826,-50,0.0714789318293333,50,0
827,8,0.06160746732105812,3,1
828,-18,0.05989548760569758,9,0
829,9,0.048035633750259876,2,1
830,7,0.050128779374063015,4,1
831,-50,0.09740335151553153,50,0
832,4,0.1337230115064553,7,1
833,7,0.06599466875195503,4,1
834,7,0.10641069244593382,4,1
835,5,0.07735140932102998,6,1
836,9,0.12979352846741676,2,1
837,9,0.1593855284154415,2,1
838,-12,0.05730753391981125,3,0
839,8,0.10066786408424377,3,1
840,10,0.3117113411426544,1,1
841,9,0.07913345284759998,2,1
842,6,0.10162946432828904,5,1
843,9,0.25344761461019516,2,1
844,10,0.05950538069009781,1,1
845,6,0.19489939585328103,5,1
846,10,0.2015240490436554,1,1
847,6,0.06100410968065262,5,1
848,6,0.03448609653860331,5,1
849,10,0.0224018432199955,1,1
850,9,0.17729797214269638,2,1
851,9,0.06816771253943443,2,1
852,8,0.03681922114143769,3,1
853,10,0.028756093233823776,1,1
854,8,0.07749808828035991,3,1
855,9,0.05713774263858795,2,1
856,7,0.1259026126936078,4,1
857,9,0.07909843325614929,2,1
858,9,0.036878508515655994,2,1
859,5,0.06815112646048267,6,1
860,9,0.08939511328935623,2,1
861,8,0.27811012975871563,3,1
862,7,0.07915360666811466,4,1
863,10,0.04116234555840492,1,1
864,7,0.04005938954651356,4,1
865,6,0.1432218372821808,5,1
866,10,0.05641578882932663,1,1
867,8,0.06294959224760532,3,1
868,8,0.22406303137540817,3,1
869,7,0.15400046855211258,4,1
870,7,0.1738857701420784,4,1
871,9,0.14832540042698383,2,1
872,8,0.17341319595774016,3,1
873,10,0.0257643461227417,1,1
874,9,0.28564978763461113,2,1
875,6,0.10270340219140053,5,1
876,9,0.042427124455571175,2,1
877,7,0.10630049742758274,4,1
878,4,0.049227102659642696,7,1
879,8,0.058826981112360954,3,1
880,9,0.06434031017124653,2,1
881,8,0.04870903491973877,3,1
882,0,0.10822315293956887,11,1
883,6,0.1322719596326351,5,1
884,8,0.07133069013555844,3,1
885,8,0.027609966695308685,3,1
886,10,0.05489076301455498,1,1
887,9,0.24354660511016846,2,1
888,-50,0.09952649610117077,50,0
889,-21,0.1291724406182766,32,1
890,10,0.042359642684459686,1,1
891,10,0.08960099518299103,1,1
892,6,0.1446683257818222,5,1
893,-10,0.030853185802698135,1,0
894,9,0.06611004658043385,2,1
895,8,0.08726587643225987,3,1
896,10,0.019487174227833748,1,1
897,10,0.02206846885383129,1,1
898,9,0.05287414416670799,2,1
899,8,0.03100317157804966,3,1
900,10,0.10058760643005371,1,1
901,10,0.04616193473339081,1,1
902,6,0.08477980270981789,5,1
903,-14,0.08445090495049953,25,1
904,9,0.11417870223522186,2,1
905,9,0.03067770693451166,2,1
906,9,0.09381788596510887,2,1
907,7,0.2090578656643629,4,1
908,8,0.2482884687681993,3,1
909,-50,0.11407456245273352,50,0
910,8,0.2380784973502159,3,1
911,8,0.04815389681607485,3,1
912,8,0.0771050974726677,3,1
913,9,0.16900060698390007,2,1
914,9,0.1265670321881771,2,1
915,6,0.13232995755970478,5,1
916,7,0.09097554162144661,4,1
917,6,0.11320774257183075,5,1
918,9,0.05407104454934597,2,1
919,7,0.08039048686623573,4,1
920,10,0.045848298817873,1,1
921,9,0.020174583420157433,2,1
922,8,0.03151974640786648,3,1
923,7,0.08229214418679476,4,1
924,7,0.18553576990962029,4,1
925,8,0.09923537137607734,3,1
926,4,0.06882844772189856,7,1
927,10,0.08397869020700455,1,1
928,9,0.05834515392780304,2,1
929,10,0.04032183438539505,1,1
930,9,0.15613428130745888,2,1
931,9,0.03172477800399065,2,1
932,10,0.15139958262443542,1,1
933,4,0.04645776083426816,7,1
934,-11,0.07897815192964944,22,1
935,9,0.11514788120985031,2,1
936,6,0.03960352949798107,5,1
937,9,0.040108466520905495,2,1
938,10,0.2402142733335495,1,1
939,9,0.03338577691465616,2,1
940,9,0.05131450109183788,2,1
941,-10,0.10997671305778481,21,1
942,6,0.07141900807619095,5,1
943,9,0.04306056257337332,2,1
944,-12,0.055959840615590416,3,0
945,6,0.03768742270767689,5,1
946,6,0.09956655800342559,5,1
947,10,0.17469395697116852,1,1
948,8,0.2512856138249238,3,1
949,10,0.032413821667432785,1,1
950,10,0.07835100591182709,1,1
951,9,0.03527152165770531,2,1
952,10,0.5249975919723511,1,1
953,10,0.009424506686627865,1,1
954,9,0.10974209569394588,2,1
955,6,0.08927941396832466,5,1
956,8,0.30611632267634076,3,1
957,10,0.05187055096030235,1,1
958,7,0.216766981408,4,1
959,8,0.12742540861169496,3,1
960,9,0.15117645263671875,2,1
961,8,0.06107546513279279,3,1
962,5,0.0920347183321913,6,1
963,9,0.034374311566352844,2,1
964,9,0.118540083989501,2,1
965,8,0.07519478412965934,3,1
966,9,0.08741302043199539,2,1
967,6,0.17705439478158952,5,1
968,6,0.036096764355897905,5,1
969,7,0.057722014375030994,4,1
970,7,0.0691627124324441,4,1
971,6,0.07571242824196815,5,1
972,7,0.08639684412628412,4,1
973,8,0.217690609395504,3,1
974,6,0.10014994889497757,5,1
975,10,0.3786282241344452,1,1
976,7,0.1221225168555975,4,1
977,7,0.1774264220148325,4,1
978,-34,0.08235607519745827,45,1
979,7,0.045646161772310734,4,1
980,7,0.06251229997724295,4,1
981,8,0.16058189297715822,3,1
982,8,0.06278433402379353,3,1
983,6,0.039474162831902505,5,1
984,8,0.12528646737337112,3,1
985,9,0.032261842861771584,2,1
986,9,0.047215742990374565,2,1
987,8,0.06750066826740901,3,1
988,8,0.07741132316490014,3,1
989,8,0.1976564402381579,3,1
990,7,0.0373601820319891,4,1
991,9,0.03173976670950651,2,1
992,10,0.092609703540802,1,1
993,10,0.15184515714645386,1,1
994,9,0.060042861849069595,2,1
995,-11,0.13001363597471605,22,1
996,6,0.05396827980875969,5,1
997,8,0.19583312732477984,3,1
998,7,0.055073732044547796,4,1
999,9,0.05609564483165741,2,1
1000,7,0.061435393057763577,4,1
1,9,0.03823920525610447,2,1
2,9,0.01951420772820711,2,1
3,9,0.14307063072919846,2,1
4,8,0.1381799727678299,3,1
5,8,0.05960066244006157,3,1
6,8,0.09424701457222302,3,1
7,-4,0.05587153981129329,15,1
8,7,0.14289671182632446,4,1
9,9,0.12716012448072433,2,1
10,9,0.06261800974607468,2,1
11,8,0.07207664226492246,3,1
12,7,0.02778427954763174,4,1
13,10,0.06082011014223099,1,1
14,8,0.059120008101065956,3,1
15,8,0.06974620620409648,3,1
16,8,0.04187424232562383,3,1
17,10,0.06125544011592865,1,1
18,-29,0.08844362534582614,20,0
19,9,0.12394922971725464,2,1
20,10,0.017038438469171524,1,1
21,8,0.05792719374100367,3,1
22,8,0.11448110888401668,3,1
23,7,0.049981494434177876,4,1
24,9,0.04198259301483631,2,1
25,-50,0.05382218088954687,50,0
26,-28,0.06801120153604409,39,1
27,7,0.12724729906767607,4,1
28,6,0.036820340901613235,5,1
29,9,0.05352208763360977,2,1
30,6,0.09662175104022026,5,1
31,7,0.062055358197540045,4,1
32,10,0.03630032762885094,1,1
33,9,0.05605258606374264,2,1
34,-15,0.08793379894147317,6,0
35,7,0.2941050184890628,4,1
36,7,0.15757912024855614,4,1
37,9,0.02367036882787943,2,1
38,8,0.2147550961623589,3,1
39,8,0.0779995017995437,3,1
40,9,0.19499044306576252,2,1
41,8,0.04966820155580839,3,1
42,10,0.03753374516963959,1,1
43,10,0.08733488619327545,1,1
44,8,0.09336258471012115,3,1
45,8,0.11665509641170502,3,1
46,9,0.04058949090540409,2,1
47,6,0.10639446005225181,5,1
48,8,0.2087756743033727,3,1
49,-50,0.06737049043178558,50,0
50,9,0.05521958228200674,2,1
51,10,0.04748348891735077,1,1
52,-11,0.09682785347104073,2,0
53,-11,0.041720787063241005,2,0
54,10,0.08003515750169754,1,1
55,9,0.023892292752861977,2,1
56,6,0.25397190935909747,5,1
57,8,0.024242034181952477,3,1
58,-11,0.07706603035330772,2,0
59,9,0.028353232890367508,2,1
60,-5,0.08566864184103906,16,1
61,8,0.1124700882161657,3,1
62,3,0.0874066948890686,8,1
63,9,0.04655824601650238,2,1
64,9,0.04651755001395941,2,1
65,10,0.04360364377498627,1,1
66,10,0.057372067123651505,1,1
67,8,0.042141309628883995,3,1
68,10,0.06845080107450485,1,1
69,5,0.1897936494400104,6,1
70,6,0.04676598720252514,5,1
71,10,0.02831292897462845,1,1
72,9,0.0484033077955246,2,1
73,9,0.22155681252479553,2,1
74,6,0.06377018503844738,5,1
75,9,0.24287462793290615,2,1
76,10,0.027583075687289238,1,1
77,10,0.008715415373444557,1,1
78,8,0.02258979280789693,3,1
79,9,0.04452339746057987,2,1
80,8,0.10978048170606296,3,1
81,9,0.04412209056317806,2,1
82,7,0.0653034895658493,4,1
83,-16,0.09185866011237656,27,1
84,9,0.03016021754592657,2,1
85,8,0.045996694515148796,3,1
86,-30,0.0717900293402192,41,1
87,9,0.0585955623537302,2,1
88,8,0.08763367558519046,3,1
89,8,0.12181952968239784,3,1
90,8,0.0826931210855643,3,1
91,7,0.14752632938325405,4,1
92,7,0.029896002495661378,4,1
93,-50,0.0766088829189539,50,0
94,6,0.06290325596928596,5,1
95,-6,0.05480186926091418,17,1
96,8,0.09535170222322147,3,1
97,7,0.03731911117210984,4,1
98,-13,0.05482791177928448,24,1
99,7,0.033657900989055634,4,1
100,-50,0.05208309780806303,50,0
101,6,0.045696469768881795,5,1
102,-12,0.1492492924241916,23,1
103,-13,0.03423859365284443,4,0
104,8,0.03831882153948148,3,1
105,10,0.017772581428289413,1,1
106,10,0.05471625551581383,1,1
107,10,0.017576705664396286,1,1
108,-13,0.06709342480947574,24,1
109,10,0.02719266526401043,1,1
110,1,0.0505635617300868,10,1
111,8,0.07579082002242406,3,1
112,8,0.027747107048829395,3,1
113,9,0.03515836037695408,2,1
114,8,0.022924409558375675,3,1
115,8,0.05203235770265261,3,1
116,8,0.059504611417651176,3,1
117,9,0.024344971403479576,2,1
118,7,0.02059324085712433,4,1
119,9,0.06949681788682938,2,1
120,6,0.12842663042247296,5,1
121,7,0.024549129884690046,4,1
122,10,0.016488131135702133,1,1
123,9,0.020450487732887268,2,1
124,9,0.019430527463555336,2,1
125,8,0.03928500910600027,3,1
126,9,0.014731266535818577,2,1
127,10,0.03180966526269913,1,1
128,8,0.015474988768498102,3,1
129,9,0.017061897553503513,2,1
130,9,0.07138698548078537,2,1
131,10,0.0051797544583678246,1,1
132,8,0.05676604434847832,3,1
133,7,0.05113628879189491,4,1
134,10,0.01849396713078022,1,1
135,7,0.09196232445538044,4,1
136,7,0.03543076058849692,4,1
137,9,0.02243771031498909,2,1
138,9,0.09190038777887821,2,1
139,7,0.11204616818577051,4,1
140,8,0.012738938443362713,3,1
141,10,0.5397955775260925,1,1
142,7,0.02314968197606504,4,1
143,-24,0.02237549008180698,15,0
144,8,0.04037067169944445,3,1
145,10,0.07233954221010208,1,1
146,6,0.023782543651759625,5,1
147,9,0.0117035498842597,2,1
148,9,0.19775540195405483,2,1
149,-12,0.051906087746222816,3,0
150,9,0.027696640230715275,2,1
151,10,0.007760344073176384,1,1
152,10,0.06295528262853622,1,1
153,9,0.020849985536187887,2,1
154,7,0.07706560008227825,4,1
155,7,0.15796144865453243,4,1
156,7,0.03825303353369236,4,1
157,-50,0.08022376021370292,50,0
158,6,0.01575470082461834,5,1
159,5,0.06951163988560438,6,1
160,8,0.021961853529016178,3,1
161,8,0.1433669999241829,3,1
162,7,0.037166225258260965,4,1
163,9,0.03366200067102909,2,1
164,10,0.10807643085718155,1,1
165,9,0.03018786758184433,2,1
166,8,0.038350122359891735,3,1
167,6,0.03707248046994209,5,1
168,8,0.03611592172334591,3,1
169,7,0.11216321610845625,4,1
170,5,0.07167528197169304,6,1
171,-10,0.04016093909740448,1,0
172,9,0.04243915714323521,2,1
173,10,0.4785890281200409,1,1
174,7,0.10198446502909064,4,1
175,9,0.06999386847019196,2,1
176,8,0.19011899083852768,3,1
177,10,0.01752760075032711,1,1
178,10,0.061779145151376724,1,1
179,9,0.02231691312044859,2,1
180,8,0.16642846912145615,3,1
181,7,0.12999360030516982,4,1
182,-11,0.22307272907346487,2,0
183,8,0.11831754818558693,3,1
184,8,0.02799795816342036,3,1
185,7,0.02984439115971327,4,1
186,8,0.16640505070487657,3,1
187,7,0.02685532928444445,4,1
188,10,0.0383106991648674,1,1
189,-19,0.059183083350459735,30,1
190,10,0.025816697627305984,1,1
191,10,0.07245878875255585,1,1
192,9,0.0193018801510334,2,1
193,8,0.05394288649161657,3,1
194,7,0.11061109090223908,4,1
195,8,0.0800573502977689,3,1
196,-50,0.08356411702930927,50,0
197,-50,0.11279436139389873,50,0
198,9,0.23274607956409454,2,1
199,9,0.0220859507098794,2,1
200,7,0.015454028500244021,4,1
201,10,0.017688604071736336,1,1
202,7,0.017958074575290084,4,1
203,-35,0.07666040251395949,46,1
204,9,0.07374830171465874,2,1
205,8,0.05625132222970327,3,1
206,10,0.028269527480006218,1,1
207,9,0.045604610815644264,2,1
208,6,0.03517255187034607,5,1
209,8,0.23223058879375458,3,1
210,7,0.05056501762010157,4,1
211,8,0.03692438453435898,3,1
212,7,0.014701127307489514,4,1
213,10,0.11999965459108353,1,1
214,9,0.012065603863447905,2,1
215,7,0.019351670402102172,4,1
216,7,0.12808799324557185,4,1
217,9,0.257897412404418,2,1
218,7,0.05158029031008482,4,1
219,7,0.04634704627096653,4,1
220,7,0.04057344188913703,4,1
221,7,0.13420964078977704,4,1
222,8,0.030940962334473927,3,1
223,6,0.10579351224005222,5,1
224,9,0.013198043685406446,2,1
225,-50,0.13361132249236107,50,0
226,-23,0.11678199930226102,34,1
227,10,0.08635790646076202,1,1
228,8,0.194296861688296,3,1
229,10,0.04199640452861786,1,1
230,6,0.05953136272728443,5,1
231,10,0.06308823078870773,1,1
232,9,0.06667371653020382,2,1
233,9,0.03856947831809521,2,1
234,7,0.11401621717959642,4,1
235,6,0.07178165018558502,5,1
236,9,0.02357401605695486,2,1
237,7,0.10962544311769307,4,1
238,-50,0.08187078377231956,50,0
239,6,0.03586614187806845,5,1
240,6,0.03867794945836067,5,1
241,5,0.09903091782083114,6,1
242,9,0.04155872017145157,2,1
243,8,0.05831957360108694,3,1
244,10,0.06459926813840866,1,1
245,9,0.07530415058135986,2,1
246,8,0.16941492135326067,3,1
247,-16,0.07023344599400405,27,1
248,6,0.07175143137574196,5,1
249,4,0.035055899526923895,7,1
250,5,0.048836740820358195,6,1
251,8,0.04137002800901731,3,1
252,8,0.055658635993798576,3,1
253,7,0.057904182467609644,4,1
254,10,0.024961404502391815,1,1
255,10,0.360339492559433,1,1
256,7,0.06008617067709565,4,1
257,9,0.05193956941366196,2,1
258,10,0.10351473838090897,1,1
259,9,0.029027310200035572,2,1
260,10,0.09216931462287903,1,1
261,8,0.04124805269141992,3,1
262,9,0.21224737539887428,2,1
263,10,0.0386461466550827,1,1
264,10,0.11174501478672028,1,1
265,9,0.04690186120569706,2,1
266,10,0.030123736709356308,1,1
267,10,0.039620183408260345,1,1
268,7,0.060381981544196606,4,1
269,6,0.04668692201375961,5,1
270,9,0.01885087601840496,2,1
271,8,0.042456984519958496,3,1
272,9,0.09209489077329636,2,1
273,9,0.12370660156011581,2,1
274,8,0.07381907602151234,3,1
275,9,0.02954382775351405,2,1
276,9,0.025603655725717545,2,1
277,9,0.06733823521062732,2,1
278,10,0.024870362132787704,1,1
279,7,0.04575582407414913,4,1
280,7,0.042542857583612204,4,1
281,10,0.028801042586565018,1,1
282,7,0.04903688933700323,4,1
283,9,0.07449118513613939,2,1
284,10,0.038153234869241714,1,1
285,7,0.15661626029759645,4,1
286,7,0.06332884868606925,4,1
287,8,0.03571346774697304,3,1
288,9,0.060247688088566065,2,1
289,7,0.031994584016501904,4,1
290,8,0.19258390180766582,3,1
291,9,0.03432543948292732,2,1
292,6,0.05190315693616867,5,1
293,8,0.053357752660910286,3,1
294,9,0.043563200160861015,2,1
295,8,0.1780562854061524,3,1
296,3,0.031082856468856335,8,1
297,9,0.014277679845690727,2,1
298,9,0.023798182141035795,2,1
299,-50,0.09948861842975021,50,0
300,8,0.0514395876477162,3,1
301,5,0.04783753616114458,6,1
302,7,0.14912475505843759,4,1
303,8,0.02053118993838628,3,1
304,8,0.015373391099274158,3,1
305,9,0.03165001701563597,2,1
306,6,0.04585840329527855,5,1
307,-10,0.41490769386291504,1,0
308,9,0.02550520934164524,2,1
309,-50,0.10688622711226343,50,0
310,5,0.13400971485922733,6,1
311,8,0.1773077299197515,3,1
312,9,0.03735299035906792,2,1
313,7,0.08504185453057289,4,1
314,10,0.0736175999045372,1,1
315,9,0.10259366407990456,2,1
316,6,0.023750920221209525,5,1
317,9,0.05587933957576752,2,1
318,8,0.061385697374741234,3,1
319,9,0.11355605535209179,2,1
320,10,0.49305281043052673,1,1
321,9,0.06973345391452312,2,1
322,7,0.13183230720460415,4,1
323,8,0.0282630721728007,3,1
324,10,0.04526139795780182,1,1
325,-14,0.07871156070381403,25,1
326,-10,0.041458867490291595,1,0
327,10,0.31026577949523926,1,1
328,8,0.15036491552988687,3,1
329,10,0.036744311451911926,1,1
330,8,0.018197066616266966,3,1
331,8,0.03484200375775496,3,1
332,7,0.02453971328213811,4,1
333,9,0.04076871834695339,2,1
334,8,0.10428489496310551,3,1
335,7,0.09726698510348797,4,1
336,10,0.102860227227211,1,1
337,8,0.21798784037431082,3,1
338,8,0.07005775968233745,3,1
339,6,0.0541416373103857,5,1
340,9,0.029251947067677975,2,1
341,10,0.09177224338054657,1,1
342,8,0.03116538313527902,3,1
343,-50,0.09512888861820101,50,0
344,10,0.0220072902739048,1,1
345,10,0.0963759496808052,1,1
346,8,0.0665558489660422,3,1
347,8,0.2002735547721386,3,1
348,8,0.2056725136935711,3,1
349,8,0.03529593224326769,3,1
350,-1,0.06987231442083915,12,1
351,7,0.04821571777574718,4,1
352,9,0.04372313246130943,2,1
353,8,0.19132498651742935,3,1
354,10,0.020213723182678223,1,1
355,9,0.044074807316064835,2,1
356,8,0.06881764158606529,3,1
357,9,0.2109355367720127,2,1
358,-11,0.08415957455607978,22,1
359,9,0.027792971581220627,2,1
360,6,0.1567112572491169,5,1
361,10,0.35991567373275757,1,1
362,9,0.06762033142149448,2,1
363,8,0.05485215907295545,3,1
364,10,0.05393145978450775,1,1
365,9,0.020639984868466854,2,1
366,6,0.1272334959357977,5,1
367,7,0.13871031673625112,4,1
368,-11,0.03979222383350134,2,0
369,8,0.17831841732064882,3,1
370,-34,0.10835316653052966,45,1
371,7,0.0936132874339819,4,1
372,8,0.16260548929373422,3,1
373,8,0.1167441854874293,3,1
374,9,0.024301597848534584,2,1
375,8,0.2587658849855264,3,1
376,7,0.05333372438326478,4,1
377,6,0.11389073729515076,5,1
378,10,0.05052615702152252,1,1
379,8,0.060487546026706696,3,1
380,8,0.18311804657181105,3,1
381,7,0.10698949452489614,4,1
382,9,0.056146906688809395,2,1
383,10,0.05513184517621994,1,1
384,5,0.2151832232872645,6,1
385,7,0.05156196653842926,4,1
386,9,0.04856235906481743,2,1
387,5,0.06321232455472152,6,1
388,7,0.0337489228695631,4,1
389,6,0.08397398740053177,5,1
390,9,0.1862378530204296,2,1
391,7,0.04514205129817128,4,1
392,8,0.049729800783097744,3,1
393,9,0.06639194115996361,2,1
394,7,0.0380941042676568,4,1
395,10,0.02281760796904564,1,1
396,9,0.06570563279092312,2,1
397,9,0.06569203548133373,2,1
398,8,0.02746882786353429,3,1
399,10,0.01252797618508339,1,1
400,8,0.12511871879299483,3,1
401,9,0.06671294197440147,2,1
402,8,0.08814239253600438,3,1
403,6,0.05982057973742485,5,1
404,10,0.02810414507985115,1,1
405,9,0.07578529603779316,2,1
406,-28,0.07444612419184966,39,1
407,9,0.22175537794828415,2,1
408,10,0.15435323119163513,1,1
409,7,0.07052276656031609,4,1
410,8,0.20284113039573035,3,1
411,9,0.09896089136600494,2,1
412,6,0.04989088475704193,5,1
413,6,0.04189687222242355,5,1
414,7,0.04079175507649779,4,1
415,5,0.043679126227895416,6,1
416,7,0.030249270144850016,4,1
417,7,0.042324542067945004,4,1
418,9,0.05093437246978283,2,1
419,7,0.0904321544803679,4,1
420,10,0.033468298614025116,1,1
421,9,0.045316750183701515,2,1
422,8,0.05592949688434601,3,1
423,7,0.17487639095634222,4,1
424,-50,0.04878693327307701,50,0
425,10,0.05512141436338425,1,1
426,9,0.028780068270862103,2,1
427,8,0.03571478898326556,3,1
428,8,0.03931416322787603,3,1
429,9,0.22489297576248646,2,1
430,8,0.03625565767288208,3,1
431,7,0.0678080040961504,4,1
432,7,0.08272873237729073,4,1
433,10,0.04393666982650757,1,1
434,8,0.038585772116978966,3,1
435,9,0.03324449900537729,2,1
436,10,0.04309847950935364,1,1
437,9,0.09755038935691118,2,1
438,10,0.02496585249900818,1,1
439,9,0.0202651284635067,2,1
440,9,0.1905063409358263,2,1
441,8,0.1317568253725767,3,1
442,9,0.02318558469414711,2,1
443,10,0.1723473072052002,1,1
444,10,0.037510327994823456,1,1
445,7,0.02584904432296753,4,1
446,8,0.07133890750507514,3,1
447,7,0.026674491818994284,4,1
448,8,0.07000786066055298,3,1
449,7,0.031606216449290514,4,1
450,9,0.0711895301938057,2,1
451,10,0.1024542823433876,1,1
452,8,0.034981840600570045,3,1
453,5,0.0964622584482034,6,1
454,7,0.17324930848553777,4,1
455,5,0.03211948927491903,6,1
456,9,0.1629699356853962,2,1
457,9,0.15559248998761177,2,1
458,10,0.0157592985779047,1,1
459,-10,0.01974847912788391,1,0
460,8,0.03845982005198797,3,1
461,9,0.060956791043281555,2,1
462,8,0.10925932973623276,3,1
463,7,0.045167768374085426,4,1
464,8,0.04564284409085909,3,1
465,10,0.03096354380249977,1,1
466,7,0.03537303116172552,4,1
467,9,0.03440132178366184,2,1
468,5,0.04597948584705591,6,1
469,7,0.034542384557425976,4,1
470,-50,0.052887808419764044,50,0
471,8,0.06375508507092793,3,1
472,9,0.03449721820652485,2,1
473,8,0.033685670544703804,3,1
474,7,0.029780463315546513,4,1
475,7,0.046877448447048664,4,1
476,8,0.038953136652708054,3,1
477,7,0.059839039109647274,4,1
478,8,0.12424985940257709,3,1
479,7,0.05299848597496748,4,1
480,9,0.3607573639601469,2,1
481,6,0.04507002420723438,5,1
482,6,0.03572038598358631,5,1
483,8,0.04483344405889511,3,1
484,-9,0.08186751734465361,20,1
485,6,0.06676869466900826,5,1
486,9,0.03550588898360729,2,1
487,8,0.03582038419942061,3,1
488,9,0.061758747324347496,2,1
489,6,0.1328250415623188,5,1
490,9,0.04536326788365841,2,1
491,-11,0.11892963014543056,2,0
492,9,0.12896082736551762,2,1
493,8,0.028875553980469704,3,1
494,6,0.10589323714375495,5,1
495,-7,0.10267255879524681,18,1
496,6,0.038949939608573916,5,1
497,-5,0.06373068713583052,16,1
498,9,0.2325081266462803,2,1
499,7,0.02677773032337427,4,1
500,10,0.02964015118777752,1,1
501,10,0.015630651265382767,1,1
502,10,0.014140492305159569,1,1
503,6,0.09494005646556616,5,1
504,-22,0.07783222379106464,33,1
505,8,0.03230917453765869,3,1
506,7,0.04014181066304445,4,1
507,8,0.04417285633583864,3,1
508,9,0.044795893132686615,2,1
509,10,0.024993490427732468,1,1
510,10,0.011730064637959003,1,1
511,10,0.0326150581240654,1,1
512,7,0.03225794015452266,4,1
513,8,0.011686746341486772,3,1
514,10,0.018966879695653915,1,1
515,9,0.03424558509141207,2,1
516,6,0.01762818582355976,5,1
517,8,0.02485051875313123,3,1
518,10,0.03389810398221016,1,1
519,9,0.025080866646021605,2,1
520,10,0.5110880732536316,1,1
521,8,0.04390766657888889,3,1
522,6,0.09985678270459175,5,1
523,9,0.06740209460258484,2,1
524,6,0.04303378239274025,5,1
525,9,0.015016669407486916,2,1
526,10,0.02067747339606285,1,1
527,8,0.03354791117211183,3,1
528,8,0.0936083101357023,3,1
529,9,0.02861116174608469,2,1
530,9,0.026085038669407368,2,1
531,10,0.03396651893854141,1,1
532,-50,0.05193776248022914,50,0
533,9,0.10082891210913658,2,1
534,10,0.020723896101117134,1,1
535,10,0.037750229239463806,1,1
536,8,0.22161833196878433,3,1
537,7,0.07355067902244627,4,1
538,10,0.013582894578576088,1,1
539,9,0.028184400871396065,2,1
540,8,0.03273658143977324,3,1
541,8,0.013281180833776792,3,1
542,9,0.014344879891723394,2,1
543,9,0.02668546885251999,2,1
544,9,0.022659657523036003,2,1
545,10,0.008842993527650833,1,1
546,8,0.05842522283395132,3,1
547,8,0.022311190764109295,3,1
548,6,0.025598707608878613,5,1
549,6,0.019208563864231108,5,1
550,5,0.10840734528998534,6,1
551,9,0.04323148541152477,2,1
552,10,0.030857477337121964,1,1
553,10,0.017848361283540726,1,1
554,7,0.02481531398370862,4,1
555,10,0.21496564149856567,1,1
556,10,0.025200696662068367,1,1
557,10,0.019502287730574608,1,1
558,6,0.02504618335515261,5,1
559,10,0.015194409526884556,1,1
560,6,0.017718097008764744,5,1
561,10,0.012582607567310333,1,1
562,8,0.0457148514688015,3,1
563,10,0.0401170551776886,1,1
564,-17,0.027789368502063944,28,1
565,10,0.009422743692994118,1,1
566,6,0.025324875582009555,5,1
567,7,0.04061051015742123,4,1
568,9,0.026929033920168877,2,1
569,7,0.011084083933383226,4,1
570,6,0.04349377173930406,5,1
571,10,0.057437121868133545,1,1
572,8,0.19527980064352354,3,1
573,10,0.05973052233457565,1,1
574,9,0.24159550853073597,2,1
575,9,0.12245492078363895,2,1
576,8,0.031602038691441216,3,1
577,10,0.02794763818383217,1,1
578,-13,0.035723700653761625,4,0
579,9,0.07243916857987642,2,1
580,9,0.02517646085470915,2,1
581,10,0.02404065988957882,1,1
582,-7,0.062005714565101594,18,1
583,9,0.024326865561306477,2,1
584,6,0.038060929998755454,5,1
585,6,0.017099323868751525,5,1
586,5,0.01753395764778058,6,1
587,7,0.012413267861120403,4,1
588,5,0.09874462196603417,6,1
589,9,0.016393428668379784,2,1
590,8,0.013453039030234018,3,1
591,2,0.08487516010387076,9,1
592,5,0.06359010624388854,6,1
593,-8,0.09289499700657632,19,1
594,8,0.023270145679513615,3,1
595,3,0.041686318698339164,8,1
596,9,0.026187323965132236,2,1
597,8,0.027119892959793408,3,1
598,0,0.10764184331690724,11,1
599,9,0.022460613399744034,2,1
600,9,0.014727071393281221,2,1
601,6,0.06175733339041471,5,1
602,8,0.013931824204822382,3,1
603,8,0.11196555693944295,3,1
604,5,0.07600465478996436,6,1
605,10,0.04114368185400963,1,1
606,9,0.026636365801095963,2,1
607,5,0.08643969784801205,6,1
608,-39,0.06654244884848595,50,1
609,9,0.04656827636063099,2,1
610,9,0.0918726846575737,2,1
611,9,0.0220087431371212,2,1
612,8,0.02835952490568161,3,1
613,-33,0.05554857396055013,24,0
614,10,0.014433379285037518,1,1
615,10,0.013010511174798012,1,1
616,9,0.04238956514745951,2,1
617,7,0.020944297080859542,4,1
618,8,0.03447097664078077,3,1
619,8,0.1748073132087787,3,1
620,10,0.03756285831332207,1,1
621,9,0.00999286095611751,2,1
622,5,0.12571209203451872,6,1
623,8,0.022824422145883243,3,1
624,9,0.02540820138528943,2,1
625,9,0.0324998302385211,2,1
626,10,0.011333228088915348,1,1
627,8,0.16271435717741647,3,1
628,8,0.09934408310800791,3,1
629,10,0.03602321818470955,1,1
630,7,0.016466495813801885,4,1
631,9,0.021302524022758007,2,1
632,7,0.021072263596579432,4,1
633,8,0.038285255432128906,3,1
634,8,0.1114122283955415,3,1
635,9,0.038006583228707314,2,1
636,10,0.050114016979932785,1,1
637,8,0.044510082652171455,3,1
638,10,0.026294872164726257,1,1
639,6,0.04134717956185341,5,1
640,8,0.053242240101099014,3,1
641,8,0.02716785731414954,3,1
642,10,0.03823968768119812,1,1
643,10,0.02346375212073326,1,1
644,6,0.01985071152448654,5,1
645,10,0.03331723064184189,1,1
646,-11,0.0319969542324543,2,0
647,5,0.058415597304701805,6,1
648,10,0.06963244080543518,1,1
649,8,0.16696708338956037,3,1
650,8,0.07612777315080166,3,1
651,9,0.04107574187219143,2,1
652,6,0.03845765870064497,5,1
653,7,0.1696489453315735,4,1
654,10,0.018030524253845215,1,1
655,9,0.1353415958583355,2,1
656,8,0.031578020503123604,3,1
657,10,0.023478716611862183,1,1
658,7,0.05659453244879842,4,1
659,9,0.0151679920963943,2,1
660,9,0.1281183734536171,2,1
661,7,0.03584614768624306,4,1
662,5,0.030197361949831247,6,1
663,10,0.030039817094802856,1,1
664,8,0.05220590842266878,3,1
665,9,0.0289595453068614,2,1
666,10,0.10157108306884766,1,1
667,7,0.02811290416866541,4,1
668,7,0.03220330039039254,4,1
669,8,0.08305973807970683,3,1
670,7,0.04809604398906231,4,1
671,10,0.04220549017190933,1,1
672,9,0.03644556971266866,2,1
673,8,0.047869990579783916,3,1
674,9,0.021421446464955807,2,1
675,10,0.03385404497385025,1,1
676,5,0.1256876482317845,6,1
677,9,0.036293262615799904,2,1
678,8,0.05354016274213791,3,1
679,9,0.2586793350055814,2,1
680,10,0.007750590797513723,1,1
681,9,0.0506505137309432,2,1
682,7,0.14313493948429823,4,1
683,9,0.2516093021258712,2,1
684,9,0.03227715939283371,2,1
685,6,0.02953361123800278,5,1
686,9,0.0465326476842165,2,1
687,4,0.07038692943751812,7,1
688,9,0.0719725452363491,2,1
689,7,0.020268508698791265,4,1
690,10,0.02219098061323166,1,1
691,9,0.022433176636695862,2,1
692,8,0.052762492249409355,3,1
693,9,0.029919197782874107,2,1
694,8,0.04114648327231407,3,1
695,10,0.05833228677511215,1,1
696,7,0.13918366841971874,4,1
697,-50,0.07086467701941729,50,0
698,8,0.041820978124936424,3,1
699,10,0.03329039737582207,1,1
700,4,0.08886135742068291,7,1
701,10,0.016216423362493515,1,1
702,7,0.04514275910332799,4,1
703,8,0.06420103336373965,3,1
704,9,0.0342751145362854,2,1
705,10,0.03312457352876663,1,1
706,8,0.03208697587251663,3,1
707,7,0.04025042988359928,4,1
708,7,0.06097040604799986,4,1
709,9,0.059791941195726395,2,1
710,8,0.08768530810872714,3,1
711,7,0.05619966331869364,4,1
712,10,0.04635743051767349,1,1
713,8,0.028855914250016212,3,1
714,9,0.039917344227433205,2,1
715,9,0.01855571661144495,2,1
716,10,0.025970647111535072,1,1
717,5,0.04119174927473068,6,1
718,9,0.05874247197061777,2,1
719,7,0.09156391583383083,4,1
720,-11,0.02900475077331066,2,0
721,10,0.04785928502678871,1,1
722,8,0.07026382287343343,3,1
723,9,0.31965960934758186,2,1
724,10,0.02477828599512577,1,1
725,9,0.034978301264345646,2,1
726,9,0.012880357448011637,2,1
727,9,0.05107673443853855,2,1
728,9,0.021046658046543598,2,1
729,9,0.03172446694225073,2,1
730,10,0.02081606537103653,1,1
731,10,0.015430438332259655,1,1
732,8,0.0232717872907718,3,1
733,10,0.011496764607727528,1,1
734,8,0.04486561690767606,3,1
735,8,0.2111729917426904,3,1
736,-26,0.04605554542630105,37,1
737,9,0.023466605693101883,2,1
738,9,0.026133446022868156,2,1
739,10,0.05595152825117111,1,1
740,-5,0.0795681825838983,16,1
741,8,0.03675165710349878,3,1
742,8,0.1720042203863462,3,1
743,10,0.028976045548915863,1,1
744,8,0.057512298226356506,3,1
745,10,0.4161987006664276,1,1
746,6,0.12383360862731933,5,1
747,10,0.06803794950246811,1,1
748,-40,0.07256388129486192,31,0
749,8,0.04592949214080969,3,1
750,4,0.056908859206097465,7,1
751,10,0.04837033152580261,1,1
752,6,0.11612102910876274,5,1
753,7,0.1696985843591392,4,1
754,-24,0.08671044603522335,35,1
755,10,0.02034166269004345,1,1
756,8,0.02756516821682453,3,1
757,7,0.025639320258051157,4,1
758,6,0.15142559707164766,5,1
759,7,0.027864852221682668,4,1
760,6,0.09298860561102629,5,1
761,7,0.05029163556173444,4,1
762,10,0.07055176049470901,1,1
763,10,0.029478751122951508,1,1
764,10,0.04506576806306839,1,1
765,6,0.0786557748913765,5,1
766,9,0.2525173220783472,2,1
767,9,0.11934443935751915,2,1
768,9,0.08152148313820362,2,1
769,9,0.03318265080451965,2,1
770,6,0.15582206062972545,5,1
771,9,0.03668361809104681,2,1
772,9,0.02721421979367733,2,1
773,-50,0.07998642552644014,50,0
774,7,0.02584790368564427,4,1
775,5,0.1063660653308034,6,1
776,7,0.06888179993256927,4,1
777,-14,0.08328456103801728,25,1
778,7,0.2876936811953783,4,1
779,10,0.10831688344478607,1,1
780,9,0.04100426658987999,2,1
781,6,0.017498757876455783,5,1
782,9,0.06429749354720116,2,1
783,-34,0.082079609317912,45,1
784,6,0.043872466683387755,5,1
785,9,0.029322708025574684,2,1
786,10,0.01798798143863678,1,1
787,7,0.08496505441144109,4,1
788,8,0.050469387943545975,3,1
789,10,0.023995384573936462,1,1
790,8,0.03748605710764726,3,1
791,8,0.156955998390913,3,1
792,10,0.23687170445919037,1,1
793,8,0.16651417315006256,3,1
794,9,0.036124300211668015,2,1
795,9,0.03696385771036148,2,1
796,7,0.16307722311466932,4,1
797,9,0.12071138247847557,2,1
798,8,0.056068318585554756,3,1
799,8,0.06748256708184878,3,1
800,6,0.06810662262141705,5,1
801,8,0.07203037291765213,3,1
802,8,0.023573429013291996,3,1
803,-50,0.06200774136930704,50,0
804,5,0.1162593737244606,6,1
805,9,0.029807650484144688,2,1
806,8,0.038460023080309234,3,1
807,10,0.025798529386520386,1,1
808,9,0.24826937122270465,2,1
809,6,0.021371528133749963,5,1
810,8,0.31904657060901326,3,1
811,9,0.02787631470710039,2,1
812,10,0.4549120366573334,1,1
813,8,0.058197494596242905,3,1
814,7,0.03276310535147786,4,1
815,-6,0.057067943408208734,17,1
816,-13,0.22820605337619781,4,0
817,9,0.0164083419367671,2,1
818,10,0.051321499049663544,1,1
819,9,0.031155213713645935,2,1
820,8,0.042321253567934036,3,1
821,-10,0.029129814356565475,1,0
822,10,0.05013417452573776,1,1
823,9,0.017599472776055336,2,1
824,7,0.16489311587065458,4,1
825,7,0.02881323965266347,4,1
826,6,0.07155044227838517,5,1
827,7,0.04554048227146268,4,1
828,7,0.028304821345955133,4,1
829,10,0.05284048616886139,1,1
830,7,0.06542259640991688,4,1
831,8,0.02338279162844022,3,1
832,9,0.3631050046533346,2,1
833,5,0.03148511331528425,6,1
834,5,0.08667706015209357,6,1
835,8,0.03133480499188105,3,1
836,10,0.049390166997909546,1,1
837,-50,0.05779191238805652,50,0
838,8,0.016945896670222282,3,1
839,10,0.0365530326962471,1,1
840,9,0.04052977170795202,2,1
841,8,0.1250133477151394,3,1
842,10,0.019629832357168198,1,1
843,8,0.14757740559677282,3,1
844,9,0.023236997425556183,2,1
845,10,0.040991488844156265,1,1
846,7,0.025588822783902287,4,1
847,9,0.036170559003949165,2,1
848,10,0.00479025486856699,1,1
849,9,0.014490654226392508,2,1
850,8,0.010265028880288204,3,1
851,3,0.019005549722351134,8,1
852,10,0.01837148517370224,1,1
853,7,0.034960753517225385,4,1
854,9,0.16832588613033295,2,1
855,8,0.11103345267474651,3,1
856,10,0.04965103045105934,1,1
857,7,0.09076987020671368,4,1
858,8,0.016687303160627682,3,1
859,10,0.03172062337398529,1,1
860,2,0.05130726471543312,9,1
861,-10,0.07891375571489334,1,0
862,9,0.18161071464419365,2,1
863,8,0.05559330557783445,3,1
864,8,0.24229047819972038,3,1
865,7,0.06471084337681532,4,1
866,8,0.04388630390167236,3,1
867,9,0.030850050039589405,2,1
868,7,0.15114058181643486,4,1
869,10,0.03850230202078819,1,1
870,8,0.05149347335100174,3,1
871,10,0.037040285766124725,1,1
872,9,0.02395504340529442,2,1
873,10,0.08065377175807953,1,1
874,8,0.038574367140730224,3,1
875,7,0.05976787954568863,4,1
876,9,0.03814813308417797,2,1
877,9,0.07157975062727928,2,1
878,8,0.0520033153394858,3,1
879,7,0.03971430845558643,4,1
880,10,0.03476979210972786,1,1
881,7,0.04859212273731828,4,1
882,7,0.18648565048351884,4,1
883,10,0.10454804450273514,1,1
884,10,0.02991965413093567,1,1
885,7,0.059169672429561615,4,1
886,8,0.033585067838430405,3,1
887,5,0.03372232150286436,6,1
888,8,0.040417738258838654,3,1
889,9,0.01778526185080409,2,1
890,9,0.03959332313388586,2,1
891,10,0.050398193299770355,1,1
892,7,0.024848870933055878,4,1
893,7,0.033042749390006065,4,1
894,7,0.03483550576493144,4,1
895,7,0.07047717366367579,4,1
896,10,0.032248180359601974,1,1
897,8,0.12718111897508302,3,1
898,6,0.09356445148587227,5,1
899,10,0.04716435819864273,1,1
900,8,0.26997132661441964,3,1
901,8,0.20124722147981325,3,1
902,6,0.04063649401068688,5,1
903,9,0.018300687428563833,2,1
904,-13,0.02374436566606164,4,0
905,7,0.025877128820866346,4,1
906,8,0.16891527424256006,3,1
907,10,0.02118743397295475,1,1
908,-12,0.14151641641460036,23,1
909,-10,0.21759933233261108,1,0
910,7,0.035202750470489264,4,1
911,8,0.02882864698767662,3,1
912,9,0.042145851999521255,2,1
913,6,0.23600177317857743,5,1
914,9,0.03663090616464615,2,1
915,5,0.06788063018272321,6,1
916,9,0.07084151729941368,2,1
917,9,0.2944121193140745,2,1
918,7,0.17818656750023365,4,1
919,9,0.06543777324259281,2,1
920,8,0.039641655360658966,3,1
921,8,0.01873188155392806,3,1
922,8,0.06539020935694377,3,1
923,10,0.022561967372894287,1,1
924,10,0.024497641250491142,1,1
925,10,0.021295156329870224,1,1
926,10,0.023667415603995323,1,1
927,7,0.041931139305233955,4,1
928,8,0.0732782781124115,3,1
929,9,0.44352975487709045,2,1
930,7,0.16968698799610138,4,1
931,7,0.030928147491067648,4,1
932,6,0.04635509438812733,5,1
933,9,0.027784026227891445,2,1
934,10,0.024052903056144714,1,1
935,8,0.050991699720422425,3,1
936,8,0.024422901061673958,3,1
937,0,0.14430022341283885,11,1
938,8,0.03015358963360389,3,1
939,7,0.11116182408295572,4,1
940,8,0.16949369696279368,3,1
941,10,0.05026092752814293,1,1
942,8,0.04068272871275743,3,1
943,7,0.14640138298273087,4,1
944,10,0.45580342411994934,1,1
945,10,0.023231960833072662,1,1
946,6,0.04189601168036461,5,1
947,9,0.013977047987282276,2,1
948,10,0.03246128559112549,1,1
949,7,0.022469050250947475,4,1
950,10,0.030420823022723198,1,1
951,9,0.03981437161564827,2,1
952,9,0.05406747944653034,2,1
953,7,0.030085057485848665,4,1
954,9,0.044620996341109276,2,1
955,8,0.1624123357857267,3,1
956,5,0.12533824145793915,6,1
957,7,0.21740848943591118,4,1
958,4,0.03698926392410483,7,1
959,7,0.04375647148117423,4,1
960,9,0.041941193863749504,2,1
961,8,0.05358228956659635,3,1
962,8,0.07283423095941544,3,1
963,9,0.06071394681930542,2,1
964,6,0.15159398093819618,5,1
965,7,0.04093768587335944,4,1
966,10,0.10316239297389984,1,1
967,-5,0.09153882996179163,16,1
968,7,0.024413323029875755,4,1
969,9,0.03899397607892752,2,1
970,9,0.02824505139142275,2,1
971,-10,0.041931819170713425,1,0
972,10,0.011654275469481945,1,1
973,10,0.05343800038099289,1,1
974,9,0.012716589495539665,2,1
975,6,0.03619964141398668,5,1
976,8,0.029806104488670826,3,1
977,8,0.15183363544444242,3,1
978,9,0.026603396050632,2,1
979,9,0.024655606597661972,2,1
980,8,0.17489043623209,3,1
981,9,0.21949680242687464,2,1
982,6,0.017903904430568218,5,1
983,9,0.08364271000027657,2,1
984,6,0.04358698036521673,5,1
985,8,0.05959499254822731,3,1
986,9,0.30094901844859123,2,1
987,8,0.038908557345469795,3,1
988,9,0.06351884081959724,2,1
989,7,0.0301774637773633,4,1
990,7,0.026025799103081226,4,1
991,7,0.16671782918274403,4,1
992,2,0.08829807014101082,9,1
993,9,0.11025761254131794,2,1
994,6,0.10937853679060935,5,1
995,9,0.02885662717744708,2,1
996,10,0.029350290074944496,1,1
997,9,0.04138403944671154,2,1
998,10,0.016873620450496674,1,1
999,6,0.02040594220161438,5,1
1000,8,0.2994940935944517,3,1
1,9,0.023404219187796116,2,1
2,7,0.03547946456819773,4,1
3,9,0.022176140919327736,2,1
4,9,0.2601324515417218,2,1
5,6,0.13234531320631504,5,1
6,8,0.04487168168028196,3,1
7,10,0.0716356486082077,1,1
8,8,0.04928842311104139,3,1
9,6,0.20150691010057925,5,1
10,-4,0.07097385749220848,15,1
11,7,0.03212250396609306,4,1
12,9,0.06594691425561905,2,1
13,10,0.018657904118299484,1,1
14,5,0.016101669520139694,6,1
15,8,0.020268851270278294,3,1
16,10,0.047560710459947586,1,1
17,8,0.020044962565104168,3,1
18,7,0.03151605790480971,4,1
19,8,0.01781763012210528,3,1
20,10,0.01520346850156784,1,1
21,7,0.035756540950387716,4,1
22,8,0.0353367334852616,3,1
23,7,0.04925590334460139,4,1
24,8,0.031432345509529114,3,1
25,7,0.3830069312825799,4,1
26,10,0.013286575675010681,1,1
27,-1,0.06820979613500337,12,1
28,9,0.011831279844045639,2,1
29,-41,0.02282264002133161,32,0
30,7,0.05350373312830925,4,1
31,8,0.03461727065344652,3,1
32,9,0.21935829147696495,2,1
33,9,0.012994084972888231,2,1
34,9,0.07880316395312548,2,1
35,10,0.3147849142551422,1,1
36,10,0.013000248931348324,1,1
37,7,0.03566204942762852,4,1
38,10,0.029364200308918953,1,1
39,7,0.20246942341327667,4,1
40,8,0.024463158721725147,3,1
41,-10,0.023875698447227478,1,0
42,10,0.012493262067437172,1,1
43,8,0.34231034355858964,3,1
44,6,0.03420373275876045,5,1
45,10,0.4837144911289215,1,1
46,9,0.025730328168720007,2,1
47,7,0.0251418377738446,4,1
48,10,0.02103380672633648,1,1
49,6,0.07029596660286189,5,1
50,10,0.027405787259340286,1,1
51,9,0.010891512967646122,2,1
52,7,0.11875144229270518,4,1
53,9,0.18432180304080248,2,1
54,-29,0.11253327531740069,20,0
55,8,0.18160173296928406,3,1
56,7,0.022629769053310156,4,1
57,9,0.019933922216296196,2,1
58,10,0.3180038332939148,1,1
59,6,0.1808524526655674,5,1
60,10,0.02066333219408989,1,1
61,10,0.024488307535648346,1,1
62,8,0.016118310081462067,3,1
63,8,0.16605900103847185,3,1
64,-9,0.0957786962389946,20,1
65,8,0.039267336328824363,3,1
66,8,0.01947827699283759,3,1
67,9,0.03611650597304106,2,1
68,7,0.1004038171377033,4,1
69,8,0.025977881004412968,3,1
70,10,0.019559770822525024,1,1
71,8,0.17614802531898022,3,1
72,7,0.1404911745339632,4,1
73,8,0.033023508886496224,3,1
74,6,0.288610434345901,5,1
75,10,0.014599788933992386,1,1
76,7,0.11793762864544988,4,1
77,8,0.143974456936121,3,1
78,9,0.031419542618095875,2,1
79,9,0.02738228626549244,2,1
80,8,0.03627113066613674,3,1
81,8,0.02256827801465988,3,1
82,8,0.021121926760921877,3,1
83,9,0.008393747266381979,2,1
84,10,0.017481166869401932,1,1
85,9,0.32920461893081665,2,1
86,8,0.018367838735381763,3,1
87,9,0.05015657842159271,2,1
88,9,0.06755992583930492,2,1
89,10,0.005605867598205805,1,1
90,7,0.04936678730882704,4,1
91,9,0.023861036635935307,2,1
92,9,0.18824328877963126,2,1
93,10,0.011149581521749496,1,1
94,-1,0.15144314733333886,12,1
95,10,0.020229559391736984,1,1
96,10,0.039222124963998795,1,1
97,9,0.012921773828566074,2,1
98,10,0.032182127237319946,1,1
99,9,0.0622781072743237,2,1
100,8,0.05679084546864033,3,1
101,8,0.15329529686520496,3,1
102,10,0.00964544340968132,1,1
103,7,0.02356865257024765,4,1
104,8,0.01932577571521203,3,1
105,7,0.1333850498776883,4,1
106,8,0.026317025534808636,3,1
107,8,0.09406076557934284,3,1
108,-10,0.01860707812011242,1,0
109,8,0.09384357711921136,3,1
110,9,0.019181630108505487,2,1
111,9,0.038734226021915674,2,1
112,3,0.18889234657399356,8,1
113,7,0.026930015766993165,4,1
114,8,0.035520232593019806,3,1
115,7,0.0392605303786695,4,1
116,-2,0.06774909407473527,13,1
117,-2,0.05286422536636774,13,1
118,10,0.040856000036001205,1,1
119,9,0.02499312348663807,2,1
120,10,0.05622362345457077,1,1
121,8,0.03229844259719054,3,1
122,9,0.04767999053001404,2,1
123,8,0.3252733697493871,3,1
124,8,0.04403544093171755,3,1
125,5,0.15324634918943048,6,1
126,8,0.043724468598763146,3,1
127,9,0.2672901675105095,2,1
128,9,0.02875265758484602,2,1
129,9,0.15663545718416572,2,1
130,-27,0.041784005239605904,18,0
131,10,0.010831906460225582,1,1
132,7,0.03133525885641575,4,1
133,10,0.03685317933559418,1,1
134,10,0.010329972952604294,1,1
135,6,0.08817394934594631,5,1
136,8,0.03712200994292895,3,1
137,10,0.2487371265888214,1,1
138,8,0.027902101476987202,3,1
139,8,0.11770919462045033,3,1
140,10,0.4062254726886749,1,1
141,7,0.023508062469772995,4,1
142,8,0.050650760531425476,3,1
143,8,0.023635531465212505,3,1
144,6,0.04923487268388271,5,1
145,9,0.02757113426923752,2,1
146,10,0.46201878786087036,1,1
147,7,0.037660571513697505,4,1
148,6,0.03024950437247753,5,1
149,7,0.028107147198170424,4,1
150,10,0.01378014124929905,1,1
151,9,0.020416831597685814,2,1
152,9,0.015052574686706066,2,1
153,10,0.4601340591907501,1,1
154,-50,0.1048838021606207,50,0
155,8,0.01950371265411377,3,1
156,10,0.04614017903804779,1,1
157,7,0.20381495635956526,4,1
158,8,0.02726996752123038,3,1
159,6,0.04616595804691315,5,1
160,9,0.2230142280459404,2,1
161,-2,0.11036746003306828,13,1
162,8,0.02713123212258021,3,1
163,9,0.2828098051249981,2,1
164,4,0.130437595769763,7,1
165,9,0.04539383575320244,2,1
166,9,0.17083647102117538,2,1
167,8,0.054612298806508384,3,1
168,9,0.09172621369361877,2,1
169,10,0.046685103327035904,1,1
170,8,0.050579432398080826,3,1
171,8,0.14795061697562537,3,1
172,9,0.21329146344214678,2,1
173,7,0.18593153730034828,4,1
174,10,0.0124452393501997,1,1
175,9,0.022380049340426922,2,1
176,8,0.07004411891102791,3,1
177,10,0.046116262674331665,1,1
178,-33,0.08614315154651801,24,0
179,6,0.16873077414929866,5,1
180,9,0.26503636687994003,2,1
181,5,0.038031977911790214,6,1
182,9,0.021841317415237427,2,1
183,9,0.05221982300281525,2,1
184,6,0.08134280256927014,5,1
185,6,0.021115920320153237,5,1
186,8,0.3243432591358821,3,1
187,8,0.03541878362496694,3,1
188,9,0.019939507357776165,2,1
189,9,0.01535739004611969,2,1
190,7,0.05066554923541844,4,1
191,7,0.2811687011271715,4,1
192,7,0.24171090126037598,4,1
193,10,0.019770227372646332,1,1
194,10,0.023510964587330818,1,1
195,8,0.04981911306579908,3,1
196,10,0.023853449150919914,1,1
197,9,0.0381771195679903,2,1
198,5,0.10232454414168994,6,1
199,8,0.04141107636193434,3,1
200,6,0.03509187698364258,5,1
201,9,0.04153456073254347,2,1
202,7,0.22596841678023338,4,1
203,9,0.06229105032980442,2,1
204,8,0.03445539437234402,3,1
205,8,0.08924274643262227,3,1
206,10,0.04464123398065567,1,1
207,9,0.44878025352954865,2,1
208,10,0.5129885673522949,1,1
209,9,0.253478841856122,2,1
210,9,0.25867859460413456,2,1
211,9,0.4924890212714672,2,1
212,6,0.13770169727504253,5,1
213,6,0.03399226143956184,5,1
214,1,0.12837235983461143,10,1
215,-17,0.08215820335317403,8,0
216,9,0.07064871862530708,2,1
217,9,0.6218278110027313,2,1
218,9,0.04999310337007046,2,1
219,10,0.07216078788042068,1,1
220,10,0.060414738953113556,1,1
221,9,0.05341678112745285,2,1
222,9,0.03168483171612024,2,1
223,9,0.022824088111519814,2,1
224,8,0.17136209830641747,3,1
225,10,0.0504559725522995,1,1
226,7,0.03157983720302582,4,1
227,8,0.05578150227665901,3,1
228,9,0.23444389179348946,2,1
229,8,0.07466087490320206,3,1
230,8,0.20306279510259628,3,1
231,9,0.05549546144902706,2,1
232,9,0.23605015128850937,2,1
233,7,0.17427438404411077,4,1
234,10,0.03629591315984726,1,1
235,9,0.03638649173080921,2,1
236,7,0.10464485175907612,4,1
237,9,0.03724825568497181,2,1
238,8,0.12337788691123326,3,1
239,6,0.25576103255152705,5,1
240,7,0.027222235687077045,4,1
241,8,0.04068470187485218,3,1
242,9,0.03032879624515772,2,1
243,10,0.013606508262455463,1,1
244,9,0.22583799622952938,2,1
245,9,0.054672421887516975,2,1
246,7,0.03786615375429392,4,1
247,7,0.08072501886636019,4,1
248,9,0.04432187881320715,2,1
249,4,0.035463162298713415,7,1
250,8,0.17285440800090632,3,1
251,8,0.037326460083325706,3,1
252,10,0.06899973005056381,1,1
253,9,0.04205143265426159,2,1
254,9,0.19502940587699413,2,1
255,10,0.020620953291654587,1,1
256,10,0.3677835166454315,1,1
257,8,0.1735041898985704,3,1
258,5,0.039781384790937104,6,1
259,8,0.16941172257065773,3,1
260,7,0.07030808180570602,4,1
261,9,0.04742324724793434,2,1
262,7,0.07997130183503032,4,1
263,8,0.2260873094201088,3,1
264,7,0.04380939528346062,4,1
265,-9,0.12338579203933478,20,1
266,7,0.06263088388368487,4,1
267,10,0.04387415573000908,1,1
268,8,0.0941099760433038,3,1
269,10,0.1330239176750183,1,1
270,7,0.060029054060578346,4,1
271,9,0.04313623532652855,2,1
272,-21,0.10634671387379058,32,1
273,8,0.020374516646067303,3,1
274,9,0.06130797229707241,2,1
275,6,0.04684731066226959,5,1
276,9,0.05783416423946619,2,1
277,-16,0.08942212171300694,27,1
278,5,0.15736625654002032,6,1
279,4,0.08044834727687496,7,1
280,5,0.07141380695005257,6,1
281,10,0.016436852514743805,1,1
282,8,0.04513193666934967,3,1
283,8,0.03560171462595463,3,1
284,3,0.13797023380175233,8,1
285,8,0.04391007994612058,3,1
286,8,0.12523119058459997,3,1
287,10,0.023130474612116814,1,1
288,9,0.21723612397909164,2,1
289,8,0.02840370622773965,3,1
290,8,0.06575313583016396,3,1
291,-28,0.07266900526025356,39,1
292,10,0.03632490709424019,1,1
293,8,0.07355574270089467,3,1
294,8,0.03908598174651464,3,1
295,10,0.04796711727976799,1,1
296,6,0.08706692811101675,5,1
297,-50,0.08460521869361401,50,0
298,5,0.13819463116427264,6,1
299,10,0.02216232195496559,1,1
300,7,0.030887175351381302,4,1
301,10,0.02652040496468544,1,1
302,3,0.1116657480597496,8,1
303,8,0.03880748525261879,3,1
304,6,0.047595877200365067,5,1
305,10,0.07605346292257309,1,1
306,10,0.11171792447566986,1,1
307,10,0.026464518159627914,1,1
308,8,0.12004677889247735,3,1
309,6,0.05881921723484993,5,1
310,8,0.06166584168871244,3,1
311,6,0.04058930277824402,5,1
312,8,0.07388485595583916,3,1
313,8,0.02285450603812933,3,1
314,8,0.030223979925115902,3,1
315,6,0.10012667775154113,5,1
316,8,0.12456124927848577,3,1
317,6,0.18348180130124092,5,1
318,10,0.07137003540992737,1,1
319,9,0.04765454027801752,2,1
320,5,0.2127162894854943,6,1
321,7,0.09306110022589564,4,1
322,9,0.02997762244194746,2,1
323,9,0.21106376126408577,2,1
324,7,0.033202214166522026,4,1
325,6,0.15430095568299293,5,1
326,8,0.06242998937765757,3,1
327,9,0.24812389258295298,2,1
328,10,0.09703046828508377,1,1
329,7,0.030380093026906252,4,1
330,6,0.029946445673704147,5,1
331,8,0.10292015597224236,3,1
332,10,0.34560954570770264,1,1
333,9,0.06413175724446774,2,1
334,10,0.05923403799533844,1,1
335,8,0.060719297577937446,3,1
336,8,0.16971772350370884,3,1
337,-50,0.07568927142769098,50,0
338,9,0.11224158853292465,2,1
339,8,0.07104664047559102,3,1
340,8,0.046871352940797806,3,1
341,8,0.04660985991358757,3,1
342,9,0.13294270262122154,2,1
343,7,0.22133020032197237,4,1
344,8,0.03692649553219477,3,1
345,10,0.07666214555501938,1,1
346,9,0.10522989183664322,2,1
347,-50,0.06390770796686411,50,0
348,10,0.04952790588140488,1,1
349,8,0.04297410510480404,3,1
350,8,0.03239003444711367,3,1
351,8,0.0310327901194493,3,1
352,10,0.02966046705842018,1,1
353,10,0.06135161221027374,1,1
354,8,0.026090046390891075,3,1
355,9,0.041342511773109436,2,1
356,10,0.023475755006074905,1,1
357,7,0.08527492359280586,4,1
358,10,0.025231799110770226,1,1
359,10,0.026763156056404114,1,1
360,7,0.06127867288887501,4,1
361,8,0.14423894882202148,3,1
362,6,0.040974775701761244,5,1
363,9,0.04535255394876003,2,1
364,9,0.02955943252891302,2,1
365,10,0.022084085270762444,1,1
366,7,0.03909573797136545,4,1
367,10,0.062018174678087234,1,1
368,10,0.017356164753437042,1,1
369,10,0.04640953987836838,1,1
370,-57,0.06551044475054368,48,0
371,9,0.3982252050191164,2,1
372,10,0.013029808178544044,1,1
373,6,0.07701740227639675,5,1
374,9,0.030017508193850517,2,1
375,10,0.37790557742118835,1,1
376,9,0.04095902666449547,2,1
377,7,0.04938605707138777,4,1
378,7,0.04334816662594676,4,1
379,10,0.036987558007240295,1,1
380,7,0.05763394199311733,4,1
381,9,0.06461995840072632,2,1
382,7,0.06345522776246071,4,1
383,9,0.047876982018351555,2,1
384,8,0.05687438572446505,3,1
385,2,0.09779362711641523,9,1
386,10,0.04611699655652046,1,1
387,7,0.04298874270170927,4,1
388,9,0.0505045410245657,2,1
389,9,0.06259003281593323,2,1
390,10,0.04264861345291138,1,1
391,5,0.029474846553057432,6,1
392,7,0.028094463981688023,4,1
393,-50,0.046585064344108106,50,0
394,10,0.026113804429769516,1,1
395,9,0.06509589776396751,2,1
396,7,0.13533940957859159,4,1
397,-18,0.08950187503520785,29,1
398,9,0.18647120893001556,2,1
399,-16,0.03572362315441881,7,0
400,8,0.05634862184524536,3,1
401,9,0.02446820866316557,2,1
402,-7,0.08273366854215662,18,1
403,10,0.04052843153476715,1,1
404,8,0.04078390635550022,3,1
405,9,0.09551004692912102,2,1
406,9,0.01636649575084448,2,1
407,8,0.03985517968734106,3,1
408,10,0.03160817176103592,1,1
409,9,0.2217920981347561,2,1
410,9,0.03378193452954292,2,1
411,10,0.050174880772829056,1,1
412,10,0.010290827602148056,1,1
413,7,0.07779381307773292,4,1
414,10,0.06760923564434052,1,1
415,9,0.08893951028585434,2,1
416,9,0.02783481404185295,2,1
417,9,0.018026922829449177,2,1
418,5,0.06006678597380718,6,1
419,9,0.029216859489679337,2,1
420,10,0.17935404181480408,1,1
421,9,0.02116709901019931,2,1
422,9,0.03274999372661114,2,1
423,7,0.04606719221919775,4,1
424,5,0.13788154333209,6,1
425,9,0.06750687304884195,2,1
426,-50,0.06947282653301955,50,0
427,10,0.02706899866461754,1,1
428,8,0.025242436056335766,3,1
429,9,0.06299927830696106,2,1
430,9,0.03296027518808842,2,1
431,9,0.08147741854190826,2,1
432,8,0.16705124701062837,3,1
433,-19,0.04566612187772989,10,0
434,9,0.05971993878483772,2,1
435,8,0.05702600876490275,3,1
436,10,0.07494460046291351,1,1
437,5,0.07724386112143596,6,1
438,8,0.11320520720134179,3,1
439,10,0.018329976126551628,1,1
440,8,0.05793527141213417,3,1
441,7,0.054344721138477325,4,1
442,9,0.05154790170490742,2,1
443,8,0.04219953964153925,3,1
444,8,0.03287299815565348,3,1
445,8,0.03996337205171585,3,1
446,10,0.03759726136922836,1,1
447,-3,0.07992300437763333,14,1
448,-12,0.10370239491264026,3,0
449,9,0.012382504530251026,2,1
450,-50,0.06955508202314377,50,0
451,9,0.029927429743111134,2,1
452,9,0.029821674339473248,2,1
453,7,0.13733859546482563,4,1
454,-3,0.10269638643200908,14,1
455,10,0.019507640972733498,1,1
456,-16,0.09356290314878736,7,0
457,6,0.03606093116104603,5,1
458,10,0.013031864538788795,1,1
459,7,0.03945977333933115,4,1
460,5,0.07798094830165307,6,1
461,4,0.03986905568412372,7,1
462,8,0.03934180364012718,3,1
463,8,0.11012597382068634,3,1
464,8,0.05404342214266459,3,1
465,8,0.024912167030076187,3,1
466,8,0.051867407436172165,3,1
467,10,0.033488593995571136,1,1
468,7,0.06435101572424173,4,1
469,9,0.2171428194269538,2,1
470,6,0.043934006989002225,5,1
471,8,0.027070115009943645,3,1
472,9,0.13163776509463787,2,1
473,9,0.07631795108318329,2,1
474,8,0.03595598662892977,3,1
475,6,0.09224449116736651,5,1
476,7,0.03161611082032323,4,1
477,5,0.024097361136227846,6,1
478,6,0.05892410203814506,5,1
479,8,0.03578790215154489,3,1
480,6,0.06252412050962448,5,1
481,8,0.025184302901228268,3,1
482,10,0.02150801382958889,1,1
483,9,0.0611302275210619,2,1
484,10,0.03201301023364067,1,1
485,5,0.047336084147294365,6,1
486,9,0.04658215865492821,2,1
487,8,0.03492428672810396,3,1
488,10,0.05130690708756447,1,1
489,7,0.047414389438927174,4,1
490,7,0.07475028024055064,4,1
491,7,0.028568420559167862,4,1
492,10,0.017751963809132576,1,1
493,6,0.21794612035155297,5,1
494,5,0.059980313604076706,6,1
495,8,0.03954724222421646,3,1
496,10,0.022514697164297104,1,1
497,9,0.261653209105134,2,1
498,8,0.02363961065808932,3,1
499,10,0.03304443135857582,1,1
500,8,0.03492032798628012,3,1
501,9,0.021719892509281635,2,1
502,8,0.039367543533444405,3,1
503,-3,0.036014948040246964,14,1
504,-13,0.06096857751253992,24,1
505,8,0.017719653745492298,3,1
506,9,0.0761362574994564,2,1
507,8,0.047825039674838386,3,1
508,-24,0.0862440191830198,15,0
509,10,0.019647276028990746,1,1
510,8,0.041852674136559166,3,1
511,7,0.018366673029959202,4,1
512,7,0.015519823879003525,4,1
513,-10,0.030912665650248528,1,0
514,7,0.13958275550976396,4,1
515,9,0.04653865471482277,2,1
516,6,0.1513164069503546,5,1
517,10,0.06729425489902496,1,1
518,8,0.13655511165658632,3,1
519,9,0.043582589365541935,2,1
520,8,0.022099565714597702,3,1
521,-10,0.14653772115707397,1,0
522,8,0.024549057707190514,3,1
523,9,0.017996051348745823,2,1
524,10,0.019460558891296387,1,1
525,8,0.04718699927131335,3,1
526,10,0.05079945921897888,1,1
527,9,0.22892753779888153,2,1
528,9,0.23647842183709145,2,1
529,10,0.010967208072543144,1,1
530,7,0.13231788156554103,4,1
531,8,0.023994047815601032,3,1
532,10,0.021250152960419655,1,1
533,-50,0.047240342777222395,50,0
534,9,0.0658662742935121,2,1
535,8,0.04934060573577881,3,1
536,-50,0.071545383753255,50,0
537,8,0.033485605070988335,3,1
538,9,0.06792521849274635,2,1
539,9,0.03685218282043934,2,1
540,9,0.05917464941740036,2,1
541,10,0.06718643009662628,1,1
542,7,0.1599858906120062,4,1
543,10,0.03622527793049812,1,1
544,9,0.03954895958304405,2,1
545,6,0.032168767601251605,5,1
546,7,0.03435378521680832,4,1
547,9,0.019077157601714134,2,1
548,10,0.026324989274144173,1,1
549,-50,0.07555504681542516,50,0
550,9,0.015802102629095316,2,1
551,10,0.006323391571640968,1,1
552,5,0.0694684920211633,6,1
553,8,0.039736458410819374,3,1
554,6,0.023233239352703095,5,1
555,8,0.02719712971399228,3,1
556,9,0.013035595882683992,2,1
557,9,0.04504329198971391,2,1
558,5,0.02282512343178193,6,1
559,6,0.04077241979539394,5,1
560,9,0.021219839341938496,2,1
561,9,0.026326227001845837,2,1
562,-12,0.26832714428504306,3,0
563,10,0.02687927894294262,1,1
564,6,0.1836615540087223,5,1
565,10,0.006657368503510952,1,1
566,10,0.01726667582988739,1,1
567,9,0.19412361457943916,2,1
568,9,0.22567225247621536,2,1
569,3,0.06282506231218576,8,1
570,10,0.016238152980804443,1,1
571,7,0.10528842103667557,4,1
572,8,0.021977802738547325,3,1
573,9,0.012722235638648272,2,1
574,7,0.2544583464041352,4,1
575,7,0.03139664139598608,4,1
576,-50,0.05651576776057482,50,0
577,9,0.06310125067830086,2,1
578,8,0.1573554426431656,3,1
579,8,0.014796946508189043,3,1
580,9,0.022105876356363297,2,1
581,-51,0.10377360722937044,42,0
582,6,0.04680403843522072,5,1
583,6,0.05682351589202881,5,1
584,10,0.03645996004343033,1,1
585,6,0.059710515290498735,5,1
586,10,0.030737653374671936,1,1
587,9,0.03827520273625851,2,1
588,8,0.20360607715944448,3,1
589,6,0.09969482198357582,5,1
590,8,0.08257919053236644,3,1
591,8,0.037338982646663986,3,1
592,10,0.06796549260616302,1,1
593,7,0.026592325419187546,4,1
594,9,0.030525175854563713,2,1
595,7,0.16922218445688486,4,1
596,10,0.04164230823516846,1,1
597,8,0.16399362062414488,3,1
598,9,0.07499700505286455,2,1
599,8,0.18662086874246597,3,1
600,6,0.0735616248100996,5,1
601,9,0.053856910206377506,2,1
602,-50,0.0961048861220479,50,0
603,7,0.13358705677092075,4,1
604,8,0.02256619619826476,3,1
605,10,0.018363691866397858,1,1
606,8,0.16834369394928217,3,1
607,7,0.027508029714226723,4,1
608,10,0.03738415613770485,1,1
609,6,0.048434989899396895,5,1
610,-50,0.08560356518253684,50,0
611,8,0.045705771073699,3,1
612,10,0.02392822504043579,1,1
613,9,0.04954327829182148,2,1
614,8,0.043725354596972466,3,1
615,10,0.020005876198410988,1,1
616,9,0.025438524782657623,2,1
617,10,0.03503349423408508,1,1
618,-50,0.09683855172246694,50,0
619,-3,0.0838889657918896,14,1
620,-11,0.2511030472815037,2,0
621,10,0.04606059566140175,1,1
622,6,0.036078229732811454,5,1
623,7,0.03764615627005696,4,1
624,8,0.19095522165298462,3,1
625,-38,0.08391288700228443,49,1
626,9,0.049317329190671444,2,1
627,9,0.021759524941444397,2,1
628,6,0.08766064047813416,5,1
629,8,0.01663703906039397,3,1
630,7,0.1549894600175321,4,1
631,10,0.4236418306827545,1,1
632,10,0.3561828136444092,1,1
633,6,0.0751487385481596,5,1
634,7,0.09980375738814473,4,1
635,7,0.05052255606278777,4,1
636,9,0.04707948490977287,2,1
637,4,0.0936276141021933,7,1
638,10,0.03794235363602638,1,1
639,8,0.16162587081392607,3,1
640,8,0.2876420021057129,3,1
641,9,0.06680450774729252,2,1
642,8,0.14539815112948418,3,1
643,8,0.14222468994557858,3,1
644,8,0.11856284861763318,3,1
645,8,0.04516339239974817,3,1
646,8,0.030222191164890926,3,1
647,10,0.01409559603780508,1,1
648,7,0.09405251732096076,4,1
649,10,0.2561393976211548,1,1
650,-27,0.07513156468566093,18,0
651,9,0.041213419288396835,2,1
652,9,0.06887051602825522,2,1
653,9,0.061201997101306915,2,1
654,7,0.02599587757140398,4,1
655,7,0.024578167125582695,4,1
656,8,0.4446500539779663,3,1
657,6,0.08540080953389406,5,1
658,5,0.08114271176358064,6,1
659,7,0.062494875863194466,4,1
660,-50,0.14144790219143033,50,0
661,7,0.10023175831884146,4,1
662,9,0.18117645382881165,2,1
663,7,0.07866937201470137,4,1
664,6,0.13820702508091925,5,1
665,9,0.14182255789637566,2,1
666,7,0.18571060663089156,4,1
667,-8,0.11220547400022808,19,1
668,7,0.07935607619583607,4,1
669,8,0.1749572455883026,3,1
670,10,0.040489133447408676,1,1
671,-50,0.12292725704610348,50,0
672,8,0.03538497413198153,3,1
673,10,0.45026135444641113,1,1
674,9,0.05386998597532511,2,1
675,8,0.3725868947803974,3,1
676,9,0.13525818660855293,2,1
677,5,0.2279763755698999,6,1
678,9,0.10168570652604103,2,1
679,7,0.07054648362100124,4,1
680,8,0.01611681841313839,3,1
681,9,0.15785288996994495,2,1
682,7,0.0700712101534009,4,1
683,9,0.15440312027931213,2,1
684,7,0.10840391088277102,4,1
685,6,0.05216232798993588,5,1
686,7,0.04020366072654724,4,1
687,9,0.1710390243679285,2,1
688,9,0.06472006812691689,2,1
689,8,0.26963022475441295,3,1
690,5,0.17496478371322155,6,1
691,9,0.024694915860891342,2,1
692,9,0.09140066057443619,2,1
693,8,0.0638628788292408,3,1
694,-52,0.10203896400107201,43,0
695,10,0.4444026052951813,1,1
696,10,0.09772676974534988,1,1
697,7,0.07119359634816647,4,1
698,7,0.03933304501697421,4,1
699,8,0.08291763067245483,3,1
700,8,0.147814421604077,3,1
701,7,0.050204272381961346,4,1
702,9,0.040078941732645035,2,1
703,9,0.09408555179834366,2,1
704,6,0.061085953190922734,5,1
705,7,0.027571181766688824,4,1
706,10,0.01691809669137001,1,1
707,9,0.03888334892690182,2,1
708,10,0.08870257437229156,1,1
709,7,0.03194334730505943,4,1
710,6,0.04179657287895679,5,1
711,10,0.4856298267841339,1,1
712,10,0.021897420287132263,1,1
713,7,0.03248975612223148,4,1
714,9,0.18647053185850382,2,1
715,9,0.09801606461405754,2,1
716,9,0.010754050686955452,2,1
717,7,0.04306122590787709,4,1
718,7,0.030698696384206414,4,1
719,7,0.05756128951907158,4,1
720,6,0.07931635156273842,5,1
721,10,0.07715989649295807,1,1
722,8,0.13848447675506273,3,1
723,5,0.10065359653284152,6,1
724,6,0.09930536523461342,5,1
725,7,0.0836032573133707,4,1
726,-16,0.13710957261975165,27,1
727,2,0.12624445950819385,9,1
728,7,0.1208621496334672,4,1
729,9,0.03275863081216812,2,1
730,8,0.07235349342226982,3,1
731,8,0.2021055401613315,3,1
732,9,0.09133454039692879,2,1
733,7,0.1569482982158661,4,1
734,-20,0.10936912449617539,31,1
735,6,0.10238897576928138,5,1
736,10,0.029576409608125687,1,1
737,10,0.031759485602378845,1,1
738,9,0.06347032636404037,2,1
739,8,0.1719578504562378,3,1
740,8,0.04680283678074678,3,1
741,8,0.03923646857341131,3,1
742,6,0.10047708079218864,5,1
743,7,0.07559186685830355,4,1
744,10,0.039470478892326355,1,1
745,9,0.0389677956700325,2,1
746,8,0.09274740144610405,3,1
747,8,0.09843844175338745,3,1
748,10,0.05607784539461136,1,1
749,-6,0.08344282993279836,17,1
750,8,0.025308074429631233,3,1
751,9,0.028359497897326946,2,1
752,6,0.10815326571464538,5,1
753,10,0.1418960690498352,1,1
754,10,0.3380560278892517,1,1
755,10,0.07516541332006454,1,1
756,7,0.11738771386444569,4,1
757,9,0.32924601435661316,2,1
758,-10,0.06483335793018341,1,0
759,2,0.10531734716561106,9,1
760,9,0.07040602155029774,2,1
761,10,0.03308933228254318,1,1
762,8,0.07573084284861882,3,1
763,9,0.2682209834456444,2,1
764,7,0.08935700543224812,4,1
765,8,0.10685766426225503,3,1
766,-15,0.07298401406464669,26,1
767,10,0.03539855033159256,1,1
768,9,0.13765844702720642,2,1
769,9,0.09443962760269642,2,1
770,9,0.20444216579198837,2,1
771,7,0.0796523317694664,4,1
772,6,0.055716460943222045,5,1
773,7,0.06949538085609674,4,1
774,9,0.24852485209703445,2,1
775,-50,0.11791711404919625,50,0
776,7,0.11176883522421122,4,1
777,9,0.061066726222634315,2,1
778,8,0.048939005782206856,3,1
779,9,0.1356186345219612,2,1
780,9,0.032543180510401726,2,1
781,9,0.1270369365811348,2,1
782,8,0.09619054446617763,3,1
783,10,0.15775024890899658,1,1
784,7,0.1221272461116314,4,1
785,10,0.10665653645992279,1,1
786,-50,0.09964294817298651,50,0
787,-24,0.10361926097955022,35,1
788,10,0.03895469009876251,1,1
789,10,0.0591193363070488,1,1
790,10,0.061127640306949615,1,1
791,10,0.036223724484443665,1,1
792,10,0.041537828743457794,1,1
793,6,0.06491749547421932,5,1
794,3,0.12788343569263816,8,1
795,10,0.06671801954507828,1,1
796,10,0.03805847465991974,1,1
797,8,0.0734868881603082,3,1
798,9,0.05712966248393059,2,1
799,9,0.16564073134213686,2,1
800,9,0.031489781104028225,2,1
801,7,0.08929220866411924,4,1
802,8,0.05715119962890943,3,1
803,10,0.09099265933036804,1,1
804,9,0.0742928497493267,2,1
805,10,0.03719424456357956,1,1
806,7,0.08469004649668932,4,1
807,5,0.08684761232386033,6,1
808,8,0.060001599291960396,3,1
809,9,0.051416605710983276,2,1
810,5,0.0863316214332978,6,1
811,9,0.12104563787579536,2,1
812,8,0.1199282668530941,3,1
813,9,0.2662227414548397,2,1
814,-35,0.07845801955250942,46,1
815,7,0.12892854632809758,4,1
816,7,0.0983817745000124,4,1
817,7,0.15200816467404366,4,1
818,7,0.04856943432241678,4,1
819,10,0.06559287756681442,1,1
820,9,0.04829724133014679,2,1
821,10,0.025216523557901382,1,1
822,10,0.049009233713150024,1,1
823,7,0.02791586285457015,4,1
824,7,0.028871940448880196,4,1
825,8,0.02487946425875028,3,1
826,8,0.1050125639885664,3,1
827,8,0.02116404039164384,3,1
828,9,0.03832119330763817,2,1
829,9,0.050777412950992584,2,1
830,7,0.06147815752774477,4,1
831,6,0.12325063347816467,5,1
832,-13,0.13385161850601435,4,0
833,10,0.08165265619754791,1,1
834,7,0.04218827560544014,4,1
835,7,0.04109068727120757,4,1
836,10,0.04534533992409706,1,1
837,10,0.047183580696582794,1,1
838,8,0.015601850114762783,3,1
839,7,0.04184867721050978,4,1
840,9,0.020820329897105694,2,1
841,10,0.018643710762262344,1,1
842,-37,0.06917586427048913,28,0
843,9,0.05205586086958647,2,1
844,10,0.03583814203739166,1,1
845,10,0.05914890393614769,1,1
846,9,0.09781835786998272,2,1
847,8,0.0423288078357776,3,1
848,7,0.03166829003021121,4,1
849,10,0.030175790190696716,1,1
850,9,0.03073458280414343,2,1
851,8,0.047683255126078926,3,1
852,9,0.02867615595459938,2,1
853,10,0.04859205335378647,1,1
854,7,0.03408361738547683,4,1
855,9,0.06188228353857994,2,1
856,9,0.04809864982962608,2,1
857,8,0.12145050863424937,3,1
858,9,0.03068099543452263,2,1
859,8,0.05053848711152872,3,1
860,7,0.047240462619811296,4,1
861,-9,0.06558636408299208,20,1
862,9,0.03300687484443188,2,1
863,9,0.054015571251511574,2,1
864,7,0.023163290228694677,4,1
865,-26,0.06041086573355101,37,1
866,10,0.03161229193210602,1,1
867,9,0.017775777727365494,2,1
868,9,0.22565695270895958,2,1
869,-8,0.05497444617120843,19,1
870,-9,0.05973574081435799,20,1
871,10,0.01995808631181717,1,1
872,9,0.07848260179162025,2,1
873,9,0.02486411202698946,2,1
874,10,0.0521363765001297,1,1
875,7,0.07373647904023528,4,1
876,9,0.022345587611198425,2,1
877,-35,0.03739114925670235,46,1
878,7,0.04500250518321991,4,1
879,8,0.0277617455770572,3,1
880,10,0.04500221461057663,1,1
881,10,0.03792698681354523,1,1
882,8,0.13936235507329306,3,1
883,10,0.052703484892845154,1,1
884,8,0.01869307706753413,3,1
885,7,0.02421574341133237,4,1
886,9,0.01139411935582757,2,1
887,10,0.0220177061855793,1,1
888,10,0.016367536038160324,1,1
889,9,0.03485765494406223,2,1
890,8,0.01375165426482757,3,1
891,7,0.053912831004709005,4,1
892,7,0.06450680550187826,4,1
893,6,0.03365495204925537,5,1
894,9,0.022861123085021973,2,1
895,4,0.03891933656164578,7,1
896,9,0.06828462332487106,2,1
897,10,0.3224659562110901,1,1
898,10,0.12040691077709198,1,1
899,8,0.11849180236458778,3,1
900,10,0.058070916682481766,1,1
901,7,0.02418641117401421,4,1
902,7,0.031987777445465326,4,1
903,9,0.021831837482750416,2,1
904,8,0.015491406433284283,3,1
905,6,0.018933086283504964,5,1
906,4,0.02930576034954616,7,1
907,7,0.03960559703409672,4,1
908,7,0.12728114752098918,4,1
909,9,0.021311051212251186,2,1
910,8,0.12049786715457837,3,1
911,9,0.030172504484653473,2,1
912,8,0.14228164839247862,3,1
913,9,0.022492877673357725,2,1
914,9,0.02246120758354664,2,1
915,9,0.017995303962379694,2,1
916,10,0.05208530277013779,1,1
917,10,0.016297394409775734,1,1
918,9,0.0187935633584857,2,1
919,9,0.058068606071174145,2,1
920,9,0.1611900608986616,2,1
921,9,0.016743978019803762,2,1
922,8,0.023952119362850983,3,1
923,8,0.025840987761815388,3,1
924,10,0.01977522298693657,1,1
925,10,0.08889631927013397,1,1
926,-50,0.03372940327972174,50,0
927,10,0.021092452108860016,1,1
928,10,0.025292810052633286,1,1
929,-19,0.05513791913787524,30,1
930,4,0.02868122367986611,7,1
931,6,0.02448739521205425,5,1
932,9,0.03366121556609869,2,1
933,10,0.018186043947935104,1,1
934,9,0.008038730127736926,2,1
935,8,0.016629356270035107,3,1
936,10,0.006641182582825422,1,1
937,-27,0.10106578013418537,38,1
938,7,0.07966927718371153,4,1
939,9,0.11698441207408905,2,1
940,7,0.09295509778894484,4,1
941,10,0.06519276648759842,1,1
942,8,0.11562848836183548,3,1
943,8,0.06646957000096639,3,1
944,8,0.09192479774355888,3,1
945,3,0.08557763753924519,8,1
946,4,0.05311762674578598,7,1
947,6,0.021843497827649116,5,1
948,6,0.027113066241145133,5,1
949,10,0.04510936886072159,1,1
950,8,0.019043950053552788,3,1
951,10,0.03492952883243561,1,1
952,8,0.04993154543141524,3,1
953,6,0.023610519990324975,5,1
954,-14,0.02193867452442646,5,0
955,3,0.10778214782476425,8,1
956,9,0.19022862566635013,2,1
957,9,0.022607512772083282,2,1
958,7,0.03136078966781497,4,1
959,9,0.03244219161570072,2,1
960,9,0.010266364552080631,2,1
961,8,0.046734984343250595,3,1
962,8,0.01995536747078101,3,1
963,4,0.0575658700295857,7,1
964,9,0.03123229555785656,2,1
965,9,0.04043203964829445,2,1
966,6,0.029176458716392517,5,1
967,8,0.025968282173077267,3,1
968,8,0.019422015796105068,3,1
969,9,0.13105881540104747,2,1
970,8,0.02690899558365345,3,1
971,5,0.058085643065472446,6,1
972,9,0.06291486695408821,2,1
973,10,0.3355766534805298,1,1
974,9,0.055704761296510696,2,1
975,9,0.031625025905668736,2,1
976,-14,0.08677306843921542,25,1
977,10,0.019315654411911964,1,1
978,9,0.04449142888188362,2,1
979,10,0.013827741146087646,1,1
980,9,0.2803783752024174,2,1
981,-3,0.048170412092336586,14,1
982,8,0.04902834817767143,3,1
983,7,0.09660194721072912,4,1
984,9,0.15415926650166512,2,1
985,7,0.25991766806691885,4,1
986,8,0.07885215431451797,3,1
987,6,0.07603838965296746,5,1
988,7,0.052950928919017315,4,1
989,3,0.08419779664836824,8,1
990,7,0.1499026995152235,4,1
991,7,0.03362457454204559,4,1
992,-50,0.09064131241291762,50,0
993,8,0.06862153609593709,3,1
994,7,0.05582961346954107,4,1
995,5,0.06349938983718555,6,1
996,8,0.02797277954717477,3,1
997,9,0.05315433070063591,2,1
998,-11,0.03991015814244747,2,0
999,9,0.04698408767580986,2,1
1000,8,0.2298446943362554,3,1
1,7,0.0733456932939589,4,1
2,10,0.06636372208595276,1,1
3,10,0.5608201622962952,1,1
4,9,0.08358969911932945,2,1
5,8,0.06487382700045903,3,1
6,9,0.042434762232005596,2,1
7,9,0.06605737470090389,2,1
8,10,0.03909696638584137,1,1
9,6,0.12231670990586281,5,1
10,9,0.1590690091252327,2,1
11,8,0.03724762673179308,3,1
12,8,0.048069827258586884,3,1
13,9,0.036507200449705124,2,1
14,8,0.041907252122958503,3,1
15,9,0.030024250969290733,2,1
16,8,0.0777250441412131,3,1
17,10,0.07006609439849854,1,1
18,10,0.04085659980773926,1,1
19,8,0.03464184453090032,3,1
20,8,0.329283465941747,3,1
21,8,0.03824349989493688,3,1
22,10,0.05334053188562393,1,1
23,7,0.034770571161061525,4,1
24,9,0.067607581615448,2,1
25,8,0.24441672613223395,3,1
26,10,0.032079488039016724,1,1
27,5,0.048292930237948895,6,1
28,10,0.08847812563180923,1,1
29,10,0.17408981919288635,1,1
30,10,0.05360741168260574,1,1
31,-38,0.07247037419631165,49,1
32,10,0.03794524818658829,1,1
33,5,0.06022942593942086,6,1
34,7,0.06338752433657646,4,1
35,9,0.05918857082724571,2,1
36,7,0.05072427401319146,4,1
37,8,0.029615431403120358,3,1
38,9,0.033874766901135445,2,1
39,9,0.06467204168438911,2,1
40,6,0.07738498672842979,5,1
41,6,0.10797802433371544,5,1
42,7,0.030453767627477646,4,1
43,10,0.05556996539235115,1,1
44,7,0.0355866109021008,4,1
45,10,0.07232709228992462,1,1
46,10,0.02535458467900753,1,1
47,10,0.022660959511995316,1,1
48,6,0.16636981070041656,5,1
49,10,0.021328790113329887,1,1
50,-50,0.0758889226987958,50,0
51,8,0.04090007022023201,3,1
52,9,0.06165742129087448,2,1
53,8,0.09129241481423378,3,1
54,5,0.04931704544772705,6,1
55,10,0.047471918165683746,1,1
56,7,0.18264971021562815,4,1
57,9,0.032738640904426575,2,1
58,-10,0.013255239464342594,1,0
59,6,0.03308742269873619,5,1
60,10,0.06644361466169357,1,1
61,9,0.04076834674924612,2,1
62,10,0.15469612181186676,1,1
63,8,0.056243267531196274,3,1
64,8,0.20344294793903828,3,1
65,10,0.05457643046975136,1,1
66,10,0.1790667474269867,1,1
67,10,0.02218165621161461,1,1
68,7,0.047203867230564356,4,1
69,-11,0.0706212150610306,22,1
70,8,0.04632373216251532,3,1
71,9,0.16298908926546574,2,1
72,8,0.04472649097442627,3,1
73,10,0.03094683401286602,1,1
74,10,0.03805863857269287,1,1
75,7,0.17915182327851653,4,1
76,10,0.01277052890509367,1,1
77,7,0.027348480187356472,4,1
78,4,0.03928408106522901,7,1
79,6,0.036214566230773924,5,1
80,10,0.5458967685699463,1,1
81,8,0.04231292133529981,3,1
82,10,0.05333211272954941,1,1
83,8,0.030386941817899544,3,1
84,8,0.029825059697031975,3,1
85,7,0.0320168724283576,4,1
86,8,0.19552662037312984,3,1
87,-20,0.0757093271240592,31,1
88,8,0.02562053936223189,3,1
89,9,0.030797279439866543,2,1
90,10,0.044114306569099426,1,1
91,-13,0.10070194579505672,24,1
92,-11,0.031034676358103752,2,0
93,7,0.0359583105891943,4,1
94,7,0.028059493750333786,4,1
95,-12,0.0453619584441185,23,1
96,7,0.04694253113120794,4,1
97,10,0.04609702527523041,1,1
98,6,0.06587480455636978,5,1
99,8,0.03072732997437318,3,1
100,6,0.07239552475512027,5,1
101,8,0.1659142173205813,3,1
102,6,0.06400968544185162,5,1
103,7,0.02898738533258438,4,1
104,10,0.031229346990585327,1,1
105,7,0.02854563994333148,4,1
106,6,0.06729864608496428,5,1
107,-31,0.061277007262799,42,1
108,9,0.06787164509296417,2,1
109,5,0.03258715011179447,6,1
110,7,0.05313416291028261,4,1
111,9,0.02625458315014839,2,1
112,7,0.13669296819716692,4,1
113,10,0.02403338998556137,1,1
114,8,0.0345918790747722,3,1
115,8,0.028441982343792915,3,1
116,9,0.23004154115915298,2,1
117,10,0.06294941902160645,1,1
118,7,0.03335089795291424,4,1
119,10,0.015286692418158054,1,1
120,10,0.02176724560558796,1,1
121,7,0.1145937368273735,4,1
122,8,0.05013279616832733,3,1
123,5,0.0403944980353117,6,1
124,7,0.1588800409808755,4,1
125,8,0.32052362089355785,3,1
126,7,0.08373154560104012,4,1
127,8,0.04120570855836073,3,1
128,10,0.01673438958823681,1,1
129,10,0.023827901110053062,1,1
130,7,0.03088320675306022,4,1
131,8,0.03092411843438943,3,1
132,10,0.2537018358707428,1,1
133,8,0.058903941263755165,3,1
134,7,0.07687130756676197,4,1
135,7,0.034028499852865934,4,1
136,9,0.3295111879706383,2,1
137,10,0.04978089779615402,1,1
138,7,0.047165597788989544,4,1
139,10,0.025432806462049484,1,1
140,9,0.021837009117007256,2,1
141,10,0.018628394231200218,1,1
142,10,0.020505672320723534,1,1
143,-12,0.04933248087763786,23,1
144,9,0.020878490060567856,2,1
145,10,0.019606318324804306,1,1
146,9,0.026967662386596203,2,1
147,8,0.16748827199141184,3,1
148,10,0.07423306256532669,1,1
149,10,0.06540432572364807,1,1
150,8,0.1509204258521398,3,1
151,7,0.05768381431698799,4,1
152,10,0.028456129133701324,1,1
153,9,0.030027979984879494,2,1
154,8,0.02655838926633199,3,1
155,8,0.03251135473450025,3,1
156,6,0.02755938917398453,5,1
157,6,0.046917316317558286,5,1
158,8,0.16956464014947414,3,1
159,8,0.03213337870935599,3,1
160,9,0.016191710717976093,2,1
161,7,0.026593371760100126,4,1
162,9,0.030469882301986217,2,1
163,7,0.02275274135172367,4,1
164,-3,0.06058636148061071,14,1
165,6,0.027156685665249824,5,1
166,6,0.033995396271348,5,1
167,7,0.015779852401465178,4,1
168,10,0.009817048907279968,1,1
169,9,0.045185137540102005,2,1
170,10,0.019715089350938797,1,1
171,9,0.02670720499008894,2,1
172,8,0.028624342133601505,3,1
173,9,0.11636343877762556,2,1
174,9,0.0771594736725092,2,1
175,9,0.037043485790491104,2,1
176,8,0.17529842692116895,3,1
177,10,0.10000068694353104,1,1
178,8,0.09244682888189952,3,1
179,8,0.0731878528992335,3,1
180,6,0.024369099363684654,5,1
181,8,0.02352433589597543,3,1
182,8,0.02368136557439963,3,1
183,9,0.02232725266367197,2,1
184,8,0.0423453984161218,3,1
185,10,0.01899871788918972,1,1
186,10,0.01847379468381405,1,1
187,7,0.03330807574093342,4,1
188,8,0.028351138345897198,3,1
189,10,0.02661602944135666,1,1
190,10,0.02629042975604534,1,1
191,-11,0.014658171683549881,2,0
192,8,0.023634119269748528,3,1
193,5,0.09814388724043965,6,1
194,10,0.029474424198269844,1,1
195,7,0.04491222323849797,4,1
196,9,0.0322472732514143,2,1
197,6,0.08050608076155186,5,1
198,8,0.1640133149921894,3,1
199,10,0.03336028382182121,1,1
200,6,0.028220534324645996,5,1
201,5,0.02093381465723117,6,1
202,4,0.03631326968648604,7,1
203,9,0.04600195586681366,2,1
204,10,0.038223009556531906,1,1
205,8,0.03636165459950765,3,1
206,9,0.03544345032423735,2,1
207,10,0.025001266971230507,1,1
208,9,0.017690700478851795,2,1
209,9,0.02294216211885214,2,1
210,10,0.015867382287979126,1,1
211,9,0.01839523296803236,2,1
212,6,0.1043496549129486,5,1
213,9,0.03660795418545604,2,1
214,10,0.03314245492219925,1,1
215,8,0.07441060245037079,3,1
216,8,0.025541579971710842,3,1
217,9,0.04718882869929075,2,1
218,6,0.17010815143585206,5,1
219,10,0.04203489422798157,1,1
220,8,0.03956307160357634,3,1
221,8,0.16920027633508047,3,1
222,10,0.44095316529273987,1,1
223,8,0.025172860672076542,3,1
224,6,0.16418913565576077,5,1
225,7,0.029868946876376867,4,1
226,7,0.022465785965323448,4,1
227,7,0.041910506784915924,4,1
228,-2,0.08391897609600654,13,1
229,10,0.1368495672941208,1,1
230,9,0.022116264328360558,2,1
231,8,0.022354872276385624,3,1
232,10,0.07562657445669174,1,1
233,4,0.03348228974001748,7,1
234,10,0.024561725556850433,1,1
235,10,0.05608626455068588,1,1
236,10,0.0280697550624609,1,1
237,9,0.028788610361516476,2,1
238,8,0.11446273699402809,3,1
239,-10,0.04440307803452015,21,1
240,9,0.08070201426744461,2,1
241,7,0.025847236160188913,4,1
242,10,0.04397778958082199,1,1
243,-5,0.04251727077644318,16,1
244,9,0.07311954721808434,2,1
245,9,0.04575612396001816,2,1
246,9,0.12811104208230972,2,1
247,9,0.02989635430276394,2,1
248,10,0.017875930294394493,1,1
249,10,0.05269477516412735,1,1
250,8,0.04942384300132593,3,1
251,3,0.045085554011166096,8,1
252,9,0.03017904795706272,2,1
253,9,0.1922514345496893,2,1
254,8,0.14467448741197586,3,1
255,10,0.02243603765964508,1,1
256,9,0.040826642885804176,2,1
257,8,0.018844821490347385,3,1
258,9,0.022749838419258595,2,1
259,8,0.03429578244686127,3,1
260,6,0.08675365038216114,5,1
261,8,0.08029656112194061,3,1
262,6,0.03746289759874344,5,1
263,10,0.0264781191945076,1,1
264,9,0.5078230053186417,2,1
265,-34,0.03880682705591122,45,1
266,8,0.041341778822243214,3,1
267,9,0.029621735215187073,2,1
268,7,0.028581744292750955,4,1
269,8,0.10782152165969212,3,1
270,9,0.022638808004558086,2,1
271,10,0.007201305590569973,1,1
272,3,0.02115848136600107,8,1
273,7,0.05942197982221842,4,1
274,10,0.02603406272828579,1,1
275,8,0.02723273045072953,3,1
276,7,0.046395865734666586,4,1
277,9,0.03143045864999294,2,1
278,8,0.10825064964592457,3,1
279,9,0.030176477506756783,2,1
280,8,0.03181107280155023,3,1
281,6,0.020010966062545776,5,1
282,10,0.015834150835871696,1,1
283,8,0.0380974675839146,3,1
284,7,0.08423729659989476,4,1
285,9,0.02333888178691268,2,1
286,6,0.08884034343063832,5,1
287,8,0.030871564522385597,3,1
288,8,0.0370619036257267,3,1
289,7,0.02198353921994567,4,1
290,9,0.04447251558303833,2,1
291,7,0.02731457306072116,4,1
292,9,0.014135067816823721,2,1
293,7,0.038146624341607094,4,1
294,7,0.03860912239179015,4,1
295,6,0.06001062449067831,5,1
296,10,0.012360691092908382,1,1
297,10,0.012586438097059727,1,1
298,8,0.018625878418485325,3,1
299,8,0.022034854317704838,3,1
300,8,0.06760129394630592,3,1
301,10,0.09087242931127548,1,1
302,9,0.01643245993182063,2,1
303,9,0.0161587530747056,2,1
304,9,0.08921109884977341,2,1
305,6,0.05138142481446266,5,1
306,7,0.043310342356562614,4,1
307,-50,0.04089968886226416,50,0
308,-3,0.06670449261686631,14,1
309,8,0.02491399087011814,3,1
310,9,0.02947918325662613,2,1
311,8,0.022382971520225208,3,1
312,8,0.030490268021821976,3,1
313,7,0.026039077900350094,4,1
314,6,0.027338829636573792,5,1
315,6,0.018660987354815008,5,1
316,9,0.015893861651420593,2,1
317,-2,0.05403101530212622,13,1
318,8,0.026144545525312424,3,1
319,8,0.01805423138042291,3,1
320,7,0.03475017799064517,4,1
321,7,0.01961396145634353,4,1
322,4,0.02820392165865217,7,1
323,8,0.012423011474311352,3,1
324,8,0.0705886905392011,3,1
325,7,0.030965627171099186,4,1
326,9,0.07451028656214476,2,1
327,7,0.025569624034687877,4,1
328,10,0.019957954064011574,1,1
329,10,0.06913789361715317,1,1
330,8,0.028065309238930542,3,1
331,8,0.042530990516146026,3,1
332,9,0.03605870809406042,2,1
333,10,0.04512467980384827,1,1
334,6,0.026734399423003197,5,1
335,8,0.023828469837705295,3,1
336,8,0.020616646235187847,3,1
337,6,0.022089952789247035,5,1
338,7,0.029671479482203722,4,1
339,7,0.012725393404252827,4,1
340,9,0.0586082898080349,2,1
341,10,0.03445238620042801,1,1
342,9,0.014374661725014448,2,1
343,8,0.02499140768001477,3,1
344,6,0.03715932369232178,5,1
345,10,0.011887302622199059,1,1
346,9,0.06136373616755009,2,1
347,9,0.024706155061721802,2,1
348,10,0.0237729512155056,1,1
349,8,0.021943821882208187,3,1
350,9,0.017204420641064644,2,1
351,8,0.018010796358187992,3,1
352,9,0.013279809150844812,2,1
353,9,0.021696931682527065,2,1
354,7,0.01930972933769226,4,1
355,10,0.02188221737742424,1,1
356,4,0.018239397888204882,7,1
357,7,0.031530807726085186,4,1
358,9,0.009048174135386944,2,1
359,8,0.022760360191265743,3,1
360,9,0.01962290331721306,2,1
361,3,0.034200547728687525,8,1
362,6,0.031364542245864865,5,1
363,7,0.0074822683818638325,4,1
364,8,0.03274839464575052,3,1
365,8,0.03425245049099127,3,1
366,8,0.030213885009288788,3,1
367,10,0.03466106951236725,1,1
368,10,0.007755243685096502,1,1
369,10,0.021403560414910316,1,1
370,6,0.02775535173714161,5,1
371,8,0.028322633355855942,3,1
372,10,0.019660066813230515,1,1
373,8,0.038831258192658424,3,1
374,8,0.041933104395866394,3,1
375,8,0.014908510570724806,3,1
376,9,0.0356471361592412,2,1
377,9,0.03500570356845856,2,1
378,10,0.012549057602882385,1,1
379,8,0.014174398655692736,3,1
380,8,0.025724914856255054,3,1
381,4,0.025564294441470077,7,1
382,7,0.024131362326443195,4,1
383,10,0.04918895661830902,1,1
384,7,0.031682060565799475,4,1
385,7,0.01724915998056531,4,1
386,9,0.03537082485854626,2,1
387,9,0.03543095523491502,2,1
388,5,0.022159519139677286,6,1
389,-11,0.01536891981959343,2,0
390,9,0.04542240779846907,2,1
391,9,0.023796647787094116,2,1
392,10,0.009112350642681122,1,1
393,10,0.06681523472070694,1,1
394,8,0.025182063380877178,3,1
395,7,0.1262299083173275,4,1
396,6,0.01433087233453989,5,1
397,9,0.030213212594389915,2,1
398,9,0.009185955859720707,2,1
399,5,0.020106180105358362,6,1
400,9,0.035789670422673225,2,1
401,8,0.01984561514109373,3,1
402,3,0.03727102791890502,8,1
403,7,0.04423365043476224,4,1
404,9,0.012028271332383156,2,1
405,10,0.03272472694516182,1,1
406,5,0.01822804830347498,6,1
407,8,0.022248711126546066,3,1
408,9,0.007764546200633049,2,1
409,9,0.0159138860180974,2,1
410,10,0.027479859068989754,1,1
411,1,0.023447125405073165,10,1
412,10,0.007890759967267513,1,1
413,9,0.045121317729353905,2,1
414,10,0.016258621588349342,1,1
415,6,0.0715943306684494,5,1
416,7,0.020348158199340105,4,1
417,9,0.016591046005487442,2,1
418,9,0.02149293478578329,2,1
419,9,0.026098360307514668,2,1
420,10,0.017154324799776077,1,1
421,6,0.06547610089182854,5,1
422,9,0.02121975738555193,2,1
423,6,0.019113174080848692,5,1
424,8,0.01796409860253334,3,1
425,8,0.01851774596919616,3,1
426,8,0.010543946642428637,3,1
427,-13,0.03442312059147904,24,1
428,7,0.032962376018986106,4,1
429,7,0.030756523367017508,4,1
430,-50,0.04580225184559822,50,0
431,10,0.039412058889865875,1,1
432,10,0.019997477531433105,1,1
433,5,0.04572482748577992,6,1
434,10,0.016939055174589157,1,1
435,8,0.032545056814948715,3,1
436,8,0.020015590824186802,3,1
437,8,0.029194302236040432,3,1
438,10,0.01989169791340828,1,1
439,9,0.022785130888223648,2,1
440,6,0.04115973636507988,5,1
441,8,0.024583604497214157,3,1
442,10,0.019251734018325806,1,1
443,-50,0.0348732278123498,50,0
444,10,0.018886610865592957,1,1
445,-4,0.04310890262325605,15,1
446,7,0.03433924727141857,4,1
447,8,0.016567705509563286,3,1
448,-12,0.05388365892450447,23,1
449,9,0.04343312978744507,2,1
450,-24,0.056355375051498416,35,1
451,9,0.019017934799194336,2,1
452,6,0.03021169826388359,5,1
453,6,0.026184941455721856,5,1
454,-10,0.029420150443911552,1,0
455,10,0.028063718229532242,1,1
456,9,0.07602826412767172,2,1
457,8,0.029926447818676632,3,1
458,8,0.04352381701270739,3,1
459,6,0.06167430430650711,5,1
460,9,0.03460217919200659,2,1
461,10,0.07066421955823898,1,1
462,9,0.05145447235554457,2,1
463,-50,0.05839901503175497,50,0
464,10,0.38293322920799255,1,1
465,-50,0.061196740455925464,50,0
466,8,0.16623085488875708,3,1
467,9,0.21782074123620987,2,1
468,10,0.05764172971248627,1,1
469,9,0.0872502364218235,2,1
470,9,0.03779400512576103,2,1
471,7,0.12326655723154545,4,1
472,8,0.1599277804295222,3,1
473,6,0.04724735319614411,5,1
474,6,0.050501701235771176,5,1
475,5,0.02837275868902604,6,1
476,10,0.03706185519695282,1,1
477,8,0.15677108243107796,3,1
478,9,0.021481136325746775,2,1
479,7,0.030300184153020382,4,1
480,9,0.03755251690745354,2,1
481,10,0.04252273216843605,1,1
482,9,0.05991343781352043,2,1
483,7,0.1026063512545079,4,1
484,-10,0.018872249871492386,1,0
485,-7,0.07629806061999665,18,1
486,-6,0.043284750379183716,17,1
487,10,0.09902451187372208,1,1
488,6,0.06568970456719399,5,1
489,5,0.06224066484719515,6,1
490,10,0.0470920130610466,1,1
491,-13,0.051703794044442475,24,1
492,7,0.1080869403667748,4,1
493,9,0.03282910957932472,2,1
494,9,0.019736696034669876,2,1
495,9,0.020171797834336758,2,1
496,10,0.4190847873687744,1,1
497,10,0.01839320734143257,1,1
498,9,0.05847964063286781,2,1
499,9,0.03102197591215372,2,1
500,10,0.016223661601543427,1,1
501,10,0.037251539528369904,1,1
502,9,0.05922767333686352,2,1
503,9,0.037568457424640656,2,1
504,9,0.02689238591119647,2,1
505,7,0.02615630952641368,4,1
506,6,0.03387139514088631,5,1
507,10,0.06065991148352623,1,1
508,8,0.032770163069168724,3,1
509,10,0.044613275676965714,1,1
510,9,0.02327983919531107,2,1
511,9,0.04271654598414898,2,1
512,6,0.04851641803979874,5,1
513,6,0.11704380959272384,5,1
514,10,0.05410274118185043,1,1
515,8,0.015073241665959358,3,1
516,10,0.01473748218268156,1,1
517,2,0.04837846259276072,9,1
518,8,0.043725681801637016,3,1
519,6,0.0401723925024271,5,1
520,10,0.016803685575723648,1,1
521,-33,0.045800416645678604,44,1
522,7,0.03738877549767494,4,1
523,8,0.02688827117284139,3,1
524,9,0.031920040026307106,2,1
525,8,0.025176936760544777,3,1
526,10,0.017965085804462433,1,1
527,8,0.026095952838659286,3,1
528,3,0.029866194701753557,8,1
529,7,0.15535333938896656,4,1
530,10,0.018099982291460037,1,1
531,7,0.03327676374465227,4,1
532,6,0.10143293477594853,5,1
533,9,0.0828595869243145,2,1
534,9,0.03076975978910923,2,1
535,8,0.03916377015411854,3,1
536,10,0.06880488991737366,1,1
537,9,0.09315371513366699,2,1
538,6,0.03319702427834272,5,1
539,10,0.02905876748263836,1,1
540,8,0.027745638663570087,3,1
541,8,0.27297091856598854,3,1
542,-15,0.06524129061458203,26,1
543,8,0.02388312357167403,3,1
544,-50,0.05994493486359716,50,0
545,9,0.035468549467623234,2,1
546,6,0.0589820634573698,5,1
547,7,0.09371733292937279,4,1
548,8,0.044652952502171196,3,1
549,8,0.06126601000626882,3,1
550,9,0.07455889508128166,2,1
551,7,0.09655934013426304,4,1
552,8,0.02959229362507661,3,1
553,8,0.04444467400511106,3,1
554,10,0.0475732758641243,1,1
555,8,0.05445907078683376,3,1
556,8,0.045507569486896195,3,1
557,9,0.016676648519933224,2,1
558,8,0.0284556249777476,3,1
559,8,0.13071556140979132,3,1
560,10,0.10407925397157669,1,1
561,10,0.0359775647521019,1,1
562,6,0.060673029720783235,5,1
563,8,0.02520578478773435,3,1
564,9,0.019105669111013412,2,1
565,5,0.05134504629919926,6,1
566,-50,0.06257941557094454,50,0
567,7,0.04196549579501152,4,1
568,7,0.1617294428870082,4,1
569,-50,0.055871255323290826,50,0
570,6,0.027770084887742998,5,1
571,9,0.03645560331642628,2,1
572,9,0.031854985281825066,2,1
573,0,0.04858135669068857,11,1
574,10,0.02159132808446884,1,1
575,9,0.02477365732192993,2,1
576,10,0.017296943813562393,1,1
577,8,0.016333720336357754,3,1
578,7,0.08556690765544772,4,1
579,-12,0.049858207045042,23,1
580,8,0.024282211437821388,3,1
581,6,0.05266180336475372,5,1
582,9,0.03064609505236149,2,1
583,10,0.024308321997523308,1,1
584,-10,0.040513429790735245,1,0
585,10,0.028725307434797287,1,1
586,6,0.06576691940426826,5,1
587,9,0.020325854420661926,2,1
588,9,0.032076104544103146,2,1
589,9,0.04208996053785086,2,1
590,8,0.02856950710217158,3,1
591,6,0.04000784829258919,5,1
592,9,0.03844929579645395,2,1
593,9,0.027369456365704536,2,1
594,8,0.038987528532743454,3,1
595,9,0.036100899800658226,2,1
596,9,0.28931499645113945,2,1
597,9,0.26532839238643646,2,1
598,8,0.04599797415236632,3,1
599,6,0.21640906389802694,5,1
600,10,0.06125901639461517,1,1
601,8,0.026996682087580364,3,1
602,7,0.05243271263316274,4,1
603,10,0.01807653345167637,1,1
604,9,0.0577464010566473,2,1
605,10,0.009834726341068745,1,1
606,6,0.043924526497721675,5,1
607,10,0.030954888090491295,1,1
608,7,0.016948389820754528,4,1
609,3,0.05076824058778584,8,1
610,5,0.0337951018785437,6,1
611,10,0.019634390249848366,1,1
612,9,0.06043567042797804,2,1
613,9,0.03908156603574753,2,1
614,7,0.051013022661209106,4,1
615,8,0.052096977829933167,3,1
616,8,0.039139039193590484,3,1
617,8,0.01775929455955823,3,1
618,9,0.02572905272245407,2,1
619,8,0.06010044304033121,3,1
620,6,0.02469958961009979,5,1
621,9,0.03854856826364994,2,1
622,10,0.012934025377035141,1,1
623,-10,0.02102307230234146,1,0
624,9,0.06244692578911781,2,1
625,6,0.025583256781101228,5,1
626,9,0.04384665563702583,2,1
627,9,0.027306467294692993,2,1
628,7,0.020163614070042968,4,1
629,9,0.11867610737681389,2,1
630,10,0.09777016937732697,1,1
631,6,0.04036969840526581,5,1
632,7,0.0359089276753366,4,1
633,7,0.02218576893210411,4,1
634,9,0.02108684927225113,2,1
635,9,0.022417930886149406,2,1
636,9,0.038510262966156006,2,1
637,-50,0.05092768983915448,50,0
638,8,0.020503060271342594,3,1
639,9,0.025161643512547016,2,1
640,10,0.1133258119225502,1,1
641,7,0.02612836705520749,4,1
642,9,0.03279479220509529,2,1
643,9,0.06418755277991295,2,1
644,5,0.026290337555110455,6,1
645,10,0.06255893409252167,1,1
646,6,0.06272700428962708,5,1
647,5,0.04817114304751158,6,1
648,9,0.042120715603232384,2,1
649,9,0.02742419857531786,2,1
650,10,0.020058564841747284,1,1
651,7,0.03250470804050565,4,1
652,9,0.033379911445081234,2,1
653,8,0.03784114494919777,3,1
654,10,0.01468646340072155,1,1
655,8,0.03268236108124256,3,1
656,9,0.028407504316419363,2,1
657,6,0.037690882384777066,5,1
658,9,0.03585216403007507,2,1
659,8,0.16703885172804198,3,1
660,8,0.16335746397574744,3,1
661,10,0.02634468860924244,1,1
662,10,0.01729712262749672,1,1
663,7,0.03152392944321036,4,1
664,10,0.026300163939595222,1,1
665,6,0.2941462628543377,5,1
666,9,0.014651021920144558,2,1
667,6,0.02650439478456974,5,1
668,6,0.020954107120633125,5,1
669,10,0.017542202025651932,1,1
670,6,0.03343276940286159,5,1
671,9,0.03381631430238485,2,1
672,9,0.035221376456320286,2,1
673,8,0.056683522959550224,3,1
674,10,0.05432819575071335,1,1
675,8,0.03057115525007248,3,1
676,10,0.36523187160491943,1,1
677,-26,0.03028982746250489,17,0
678,8,0.05754442512989044,3,1
679,9,0.05567322112619877,2,1
680,10,0.08052078634500504,1,1
681,7,0.049277324229478836,4,1
682,10,0.035066720098257065,1,1
683,8,0.1633940078318119,3,1
684,10,0.041662052273750305,1,1
685,8,0.05113860343893369,3,1
686,10,0.03971879184246063,1,1
687,8,0.042889499415953956,3,1
688,10,0.02763969451189041,1,1
689,8,0.31830408051609993,3,1
690,-10,0.04943357780575752,1,0
691,10,0.020907029509544373,1,1
692,9,0.028373409993946552,2,1
693,8,0.024867358927925427,3,1
694,-43,0.0978297882110757,34,0
695,8,0.0332792109499375,3,1
696,8,0.04251730069518089,3,1
697,10,0.06621858477592468,1,1
698,1,0.053342729434370996,10,1
699,6,0.12690954953432082,5,1
700,10,0.0692448690533638,1,1
701,8,0.09248861173788707,3,1
702,7,0.04430479649454355,4,1
703,-8,0.12092822701915314,19,1
704,10,0.04629518836736679,1,1
705,-2,0.132732930378272,13,1
706,8,0.028720667585730553,3,1
707,10,0.028035862371325493,1,1
708,6,0.03359342403709888,5,1
709,9,0.016121868044137955,2,1
710,8,0.17049413546919823,3,1
711,9,0.030723231844604015,2,1
712,7,0.0437983563169837,4,1
713,7,0.08764081867411733,4,1
714,4,0.12373919146401542,7,1
715,6,0.030537507869303225,5,1
716,9,0.03083503246307373,2,1
717,8,0.06017820288737615,3,1
718,8,0.05537607396642367,3,1
719,8,0.0766834629078706,3,1
720,9,0.018136332742869854,2,1
721,8,0.027304028471310932,3,1
722,8,0.19808411598205566,3,1
723,8,0.09457828104496002,3,1
724,10,0.03191229701042175,1,1
725,9,0.026735324412584305,2,1
726,7,0.030259111197665334,4,1
727,7,0.06865139165893197,4,1
728,8,0.04833947370449702,3,1
729,9,0.04055155627429485,2,1
730,8,0.05152000114321709,3,1
731,8,0.04121030308306217,3,1
732,5,0.08906737280388673,6,1
733,-11,0.11766698583960533,2,0
734,7,0.09336833632551134,4,1
735,5,0.03594428285335501,6,1
736,7,0.02500647376291454,4,1
737,8,0.03602581719557444,3,1
738,9,0.27165559120476246,2,1
739,7,0.03667984902858734,4,1
740,6,0.05754645429551601,5,1
741,9,0.01753429463133216,2,1
742,10,0.015357689931988716,1,1
743,9,0.03028847649693489,2,1
744,-11,0.2236091336235404,2,0
745,6,0.18135011792182923,5,1
746,-50,0.05590589785948396,50,0
747,8,0.033530413483579956,3,1
748,8,0.03815402338902155,3,1
749,5,0.03420202899724245,6,1
750,6,0.14424393102526664,5,1
751,9,0.022590141743421555,2,1
752,7,0.05154620809480548,4,1
753,9,0.05125758238136768,2,1
754,8,0.021321285516023636,3,1
755,8,0.032586416229605675,3,1
756,9,0.022398402448743582,2,1
757,9,0.02868055459111929,2,1
758,9,0.022366350516676903,2,1
759,8,0.3172870837152004,3,1
760,10,0.010982555337250233,1,1
761,6,0.030039183050394058,5,1
762,6,0.048823763988912104,5,1
763,9,0.02168968552723527,2,1
764,9,0.07450796477496624,2,1
765,10,0.027493644505739212,1,1
766,7,0.06915596732869744,4,1
767,10,0.10474087297916412,1,1
768,9,0.013451645150780678,2,1
769,9,0.02999231033027172,2,1
770,7,0.030139604583382607,4,1
771,9,0.032467748038470745,2,1
772,10,0.04335875064134598,1,1
773,9,0.04749921336770058,2,1
774,10,0.029716145247220993,1,1
775,9,0.018489131703972816,2,1
776,9,0.015972946770489216,2,1
777,8,0.1738325028369824,3,1
778,9,0.013294244185090065,2,1
779,8,0.019629985714952152,3,1
780,10,0.014454332180321217,1,1
781,9,0.025130671449005604,2,1
782,9,0.013722063973546028,2,1
783,7,0.014722852036356926,4,1
784,9,0.021674275863915682,2,1
785,9,0.2390330983325839,2,1
786,-50,0.06286865376867354,50,0
787,6,0.046533430367708205,5,1
788,9,0.04308273643255234,2,1
789,-34,0.03979399338364601,25,0
790,7,0.024925880832597613,4,1
791,9,0.02077968791127205,2,1
792,8,0.14799272641539574,3,1
793,9,0.05337913800030947,2,1
794,8,0.03692890331149101,3,1
795,8,0.025263673315445583,3,1
796,8,0.18559182186921439,3,1
797,6,0.10172134600579738,5,1
798,10,0.024044042453169823,1,1
799,10,0.021836450323462486,1,1
800,9,0.012661341112107038,2,1
801,8,0.023785827681422234,3,1
802,5,0.09594582409287493,6,1
803,9,0.01856230478733778,2,1
804,8,0.013196254149079323,3,1
805,9,0.031774620059877634,2,1
806,8,0.04969829165687164,3,1
807,7,0.11957446672022343,4,1
808,10,0.023218980059027672,1,1
809,7,0.008902420522645116,4,1
810,7,0.18605253286659718,4,1
811,8,0.04091745366652807,3,1
812,7,0.045026497449725866,4,1
813,8,0.15592894641061625,3,1
814,-55,0.08023687193939544,46,0
815,8,0.02378969235966603,3,1
816,7,0.02796258730813861,4,1
817,6,0.02151259109377861,5,1
818,10,0.02394905313849449,1,1
819,9,0.023281365633010864,2,1
820,10,0.03651188313961029,1,1
821,9,0.17008394561707973,2,1
822,9,0.011205523507669568,2,1
823,10,0.007776590995490551,1,1
824,8,0.16705567203462124,3,1
825,8,0.019479259848594666,3,1
826,8,0.04715165992577871,3,1
827,6,0.014215881656855344,5,1
828,10,0.019011836498975754,1,1
829,8,0.06356726431598266,3,1
830,9,0.2101545725017786,2,1
831,10,0.014709535986185074,1,1
832,8,0.011875941418111324,3,1
833,7,0.02807870414108038,4,1
834,10,0.038994200527668,1,1
835,9,0.30959069170057774,2,1
836,9,0.008885565679520369,2,1
837,8,0.013055363359550634,3,1
838,6,0.016401727125048636,5,1
839,7,0.07217444339767098,4,1
840,6,0.04149528965353966,5,1
841,7,0.009766925824806094,4,1
842,-29,0.03612696973141283,40,1
843,10,0.011947833001613617,1,1
844,8,0.020373953506350517,3,1
845,9,0.02492952812463045,2,1
846,7,0.030341713223606348,4,1
847,9,0.03128394950181246,2,1
848,9,0.011669707484543324,2,1
849,10,0.02238823100924492,1,1
850,10,0.017081018537282944,1,1
851,6,0.09701791424304247,5,1
852,8,0.0539307144160072,3,1
853,5,0.1531848331602911,6,1
854,9,0.02998882718384266,2,1
855,8,0.027287468935052555,3,1
856,9,0.16936862096190453,2,1
857,10,0.027161216363310814,1,1
858,8,0.028043489282329876,3,1
859,-5,0.07323019014438614,16,1
860,10,0.022250916808843613,1,1
861,10,0.03314676135778427,1,1
862,9,0.04352623503655195,2,1
863,9,0.0248007127083838,2,1
864,5,0.17169927603875598,6,1
865,8,0.013401598980029425,3,1
866,7,0.1189505304209888,4,1
867,8,0.02460568491369486,3,1
868,8,0.05995837040245533,3,1
869,10,0.010490610264241695,1,1
870,10,0.04192798212170601,1,1
871,-29,0.07868548029800877,40,1
872,10,0.039570070803165436,1,1
873,6,0.3811012864112854,5,1
874,10,0.026826880872249603,1,1
875,7,0.10485067963600159,4,1
876,10,0.047579310834407806,1,1
877,10,0.010767311789095402,1,1
878,-10,0.02047516405582428,1,0
879,8,0.032871738697091736,3,1
880,8,0.02464282512664795,3,1
881,10,0.10936890542507172,1,1
882,10,0.02374463900923729,1,1
883,-11,0.18427713215351105,2,0
884,10,0.03394035995006561,1,1
885,3,0.13341408176347613,8,1
886,9,0.014966020360589027,2,1
887,10,0.017071008682250977,1,1
888,8,0.022053133075435955,3,1
889,10,0.012295335531234741,1,1
890,6,0.05136697106063366,5,1
891,8,0.021669643620649975,3,1
892,1,0.16407367354258895,10,1
893,8,0.08749009172121684,3,1
894,6,0.11767867058515549,5,1
895,-50,0.11018677931278945,50,0
896,9,0.03429936058819294,2,1
897,7,0.0796928177587688,4,1
898,8,0.022789200767874718,3,1
899,8,0.0269579216837883,3,1
900,7,0.07055639568716288,4,1
901,6,0.18361765407025815,5,1
902,9,0.020080474205315113,2,1
903,7,0.14712791657075286,4,1
904,7,0.03009890951216221,4,1
905,10,0.014510364271700382,1,1
906,8,0.03218014600376288,3,1
907,7,0.07966404780745506,4,1
908,10,0.5395849943161011,1,1
909,8,0.18546311308940253,3,1
910,5,0.1589658179630836,6,1
911,10,0.06745638698339462,1,1
912,7,0.0760043216869235,4,1
913,7,0.1564863696694374,4,1
914,10,0.03561332821846008,1,1
915,9,0.06029733642935753,2,1
916,5,0.10837932613988717,6,1
917,7,0.06946740066632628,4,1
918,10,0.03447768837213516,1,1
919,10,0.07948047667741776,1,1
920,6,0.10454331301152706,5,1
921,-20,0.12504887039011175,11,0
922,8,0.1010905106862386,3,1
923,-19,0.09776611682027578,30,1
924,5,0.16249914125849804,6,1
925,7,0.14494152925908566,4,1
926,9,0.01794757880270481,2,1
927,7,0.054961022920906544,4,1
928,-16,0.10917096265724727,7,0
929,-5,0.08985634741839021,16,1
930,9,0.21387608349323273,2,1
931,9,0.014392940793186426,2,1
932,5,0.13129397357503572,6,1
933,9,0.0833020843565464,2,1
934,8,0.13730094581842422,3,1
935,9,0.033227115869522095,2,1
936,6,0.15653164833784103,5,1
937,7,0.1410585893318057,4,1
938,9,0.041363924741744995,2,1
939,7,0.07215630821883678,4,1
940,8,0.24404404064019522,3,1
941,-24,0.08974331542849541,35,1
942,8,0.13746391547222933,3,1
943,7,0.04752812534570694,4,1
944,8,0.040226428459088005,3,1
945,8,0.18092526805897555,3,1
946,8,0.02351962464551131,3,1
947,9,0.29266706109046936,2,1
948,9,0.05124559625983238,2,1
949,8,0.08704294512669246,3,1
950,10,0.05144762247800827,1,1
951,10,0.06592787802219391,1,1
952,7,0.04514311347156763,4,1
953,8,0.10695241143306096,3,1
954,9,0.016753976233303547,2,1
955,6,0.029501231387257576,5,1
956,7,0.09918780624866486,4,1
957,8,0.032787520438432693,3,1
958,8,0.03887374264498552,3,1
959,10,0.020966000854969025,1,1
960,8,0.031150103236238163,3,1
961,9,0.03191625885665417,2,1
962,8,0.031859674490988255,3,1
963,9,0.03315388970077038,2,1
964,9,0.36180010437965393,2,1
965,8,0.1871721607943376,3,1
966,9,0.04187586531043053,2,1
967,6,0.1030900876969099,5,1
968,8,0.17285069326559702,3,1
969,7,0.04344676807522774,4,1
970,10,0.02963673323392868,1,1
971,9,0.0693395622074604,2,1
972,6,0.08844231143593788,5,1
973,10,0.0199271272867918,1,1
974,9,0.06280350964516401,2,1
975,9,0.16758621484041214,2,1
976,7,0.032979441806674004,4,1
977,5,0.04630420760562023,6,1
978,10,0.38325151801109314,1,1
979,6,0.11509335376322269,5,1
980,10,0.03190569207072258,1,1
981,-2,0.08967957287453689,13,1
982,10,0.01604504883289337,1,1
983,-35,0.11973379013816947,46,1
984,7,0.06500133965164423,4,1
985,9,0.04014202952384949,2,1
986,9,0.037303268909454346,2,1
987,8,0.039404534424344696,3,1
988,10,0.05709278583526611,1,1
989,1,0.15520575735718012,10,1
990,5,0.16399868205189705,6,1
991,7,0.17069214256480336,4,1
992,9,0.1608450673520565,2,1
993,9,0.1640677321702242,2,1
994,7,0.12549009826034307,4,1
995,4,0.07102017157844134,7,1
996,7,0.09529954753816128,4,1
997,7,0.15441184816882014,4,1
998,7,0.09480929002165794,4,1
999,6,0.06298607774078846,5,1
1000,9,0.05425058305263519,2,1
1,9,0.06106024049222469,2,1
2,10,0.20802150666713715,1,1
3,8,0.04843008021513621,3,1
4,8,0.17697241653998694,3,1
5,10,0.07891816645860672,1,1
6,9,0.04956425167620182,2,1
7,7,0.029438399942591786,4,1
8,10,0.026090288534760475,1,1
9,8,0.10768259440859158,3,1
10,10,0.07648856192827225,1,1
11,8,0.1355034988373518,3,1
12,8,0.07936053909361362,3,1
13,8,0.03760342920819918,3,1
14,8,0.025192979723215103,3,1
15,9,0.13883415795862675,2,1
16,10,0.029674598947167397,1,1
17,9,0.034031469374895096,2,1
18,8,0.03670728703339895,3,1
19,10,0.029891565442085266,1,1
20,8,0.026069777086377144,3,1
21,9,0.06278632953763008,2,1
22,8,0.04802951589226723,3,1
23,7,0.1331547792069614,4,1
24,6,0.0715941410511732,5,1
25,8,0.02120858586082856,3,1
26,8,0.08345148215691249,3,1
27,7,0.018300449242815375,4,1
28,7,0.05055564781650901,4,1
29,9,0.2458435520529747,2,1
30,8,0.06517758468786876,3,1
31,6,0.09794138669967652,5,1
32,9,0.08436383865773678,2,1
33,10,0.1417395919561386,1,1
34,10,0.02484620362520218,1,1
35,9,0.04163511283695698,2,1
36,8,0.3566922644774119,3,1
37,10,0.04732189327478409,1,1
38,9,0.13416638225317,2,1
39,6,0.17138721719384192,5,1
40,5,0.11903825930009286,6,1
41,10,0.1903035044670105,1,1
42,-7,0.16951649568768012,18,1
43,6,0.132380460947752,5,1
44,9,0.10341499000787735,2,1
45,9,0.20828823000192642,2,1
46,10,0.03684048354625702,1,1
47,8,0.12189330657323201,3,1
48,7,0.06865464523434639,4,1
49,9,0.1478236448019743,2,1
50,9,0.07813497260212898,2,1
51,7,0.12311220169067383,4,1
52,0,0.11047304760326039,11,1
53,10,0.03827406093478203,1,1
54,9,0.03845367953181267,2,1
55,-50,0.09251610185950994,50,0
56,9,0.09078260511159897,2,1
57,7,0.050095245242118835,4,1
58,7,0.030129784252494574,4,1
59,10,0.017580758780241013,1,1
60,8,0.02212320640683174,3,1
61,-10,0.060483962297439575,1,0
62,8,0.025378442679842312,3,1
63,9,0.02386943157762289,2,1
64,9,0.06055353954434395,2,1
65,-50,0.11168654024600982,50,0
66,10,0.0315033420920372,1,1
67,10,0.20893344283103943,1,1
68,10,0.02849387191236019,1,1
69,9,0.10708111897110939,2,1
70,9,0.16821382194757462,2,1
71,9,0.059943852946162224,2,1
72,7,0.10741621209308505,4,1
73,9,0.0426366813480854,2,1
74,9,0.0981823243200779,2,1
75,7,0.06611524522304535,4,1
76,10,0.03650800511240959,1,1
77,8,0.05224815631906191,3,1
78,10,0.33768314123153687,1,1
79,9,0.04653306305408478,2,1
80,7,0.047288733534514904,4,1
81,7,0.18710942566394806,4,1
82,-11,0.08384731682864102,22,1
83,9,0.06432303413748741,2,1
84,10,0.03767980635166168,1,1
85,-30,0.08251209443480503,41,1
86,10,0.02248617261648178,1,1
87,10,0.02123400568962097,1,1
88,8,0.060899304846922554,3,1
89,9,0.06553281284868717,2,1
90,6,0.08455195426940917,5,1
91,-19,0.06577543591459592,30,1
92,7,0.19666371494531631,4,1
93,8,0.11724783976872762,3,1
94,9,0.02278981078416109,2,1
95,-36,0.05972227798972992,47,1
96,6,0.20318809412419797,5,1
97,9,0.044487761333584785,2,1
98,10,0.015536047518253326,1,1
99,9,0.26473809219896793,2,1
100,-7,0.06594940947575702,18,1
101,9,0.04087655898183584,2,1
102,6,0.06918800994753838,5,1
103,1,0.059886759519577025,10,1
104,7,0.16336042899638414,4,1
105,9,0.15815290436148643,2,1
106,6,0.13724730759859086,5,1
107,-8,0.0845878018360389,19,1
108,8,0.039782047271728516,3,1
109,7,0.0491662323474884,4,1
110,8,0.042618571470181145,3,1
111,10,0.07068359851837158,1,1
112,10,0.07055027782917023,1,1
113,8,0.08521811167399089,3,1
114,5,0.1309762274225553,6,1
115,8,0.06023274858792623,3,1
116,10,0.026933226734399796,1,1
117,5,0.07650591557224591,6,1
118,10,0.029638808220624924,1,1
119,7,0.029998257756233215,4,1
120,8,0.06585362118979295,3,1
121,10,0.04281773418188095,1,1
122,9,0.06566814333200455,2,1
123,10,0.05571109801530838,1,1
124,7,0.042309172451496124,4,1
125,9,0.06786985322833061,2,1
126,-50,0.04864926870912314,50,0
127,10,0.042509112507104874,1,1
128,7,0.05794158298522234,4,1
129,9,0.04787863604724407,2,1
130,10,0.036300621926784515,1,1
131,7,0.04179629869759083,4,1
132,9,0.052573056891560555,2,1
133,9,0.04637329280376434,2,1
134,7,0.08774014376103878,4,1
135,10,0.07857724279165268,1,1
136,9,0.031312983483076096,2,1
137,7,0.04050002805888653,4,1
138,9,0.0261519867926836,2,1
139,10,0.025296827778220177,1,1
140,9,0.025739887729287148,2,1
141,7,0.03717556921765208,4,1
142,7,0.034459326416254044,4,1
143,8,0.01831831783056259,3,1
144,10,0.055297888815402985,1,1
145,10,0.02871377393603325,1,1
146,8,0.03107773760954539,3,1
147,6,0.02490157149732113,5,1
148,8,0.034635829428831734,3,1
149,5,0.04366287278632323,6,1
150,9,0.05148901417851448,2,1
151,5,0.07298933590451877,6,1
152,10,0.031093157827854156,1,1
153,10,0.04257567226886749,1,1
154,7,0.06256550084799528,4,1
155,8,0.06727312629421552,3,1
156,9,0.02550140582025051,2,1
157,8,0.026927982767422993,3,1
158,10,0.015722176060080528,1,1
159,9,0.039397163316607475,2,1
160,9,0.038172490894794464,2,1
161,8,0.09650636464357376,3,1
162,5,0.03317422481874625,6,1
163,9,0.07579611241817474,2,1
164,9,0.042840784415602684,2,1
165,9,0.02150643616914749,2,1
166,10,0.01528075896203518,1,1
167,10,0.01659427024424076,1,1
168,8,0.022659463187058766,3,1
169,8,0.04533903983732065,3,1
170,8,0.029516678924361866,3,1
171,10,0.042815808206796646,1,1
172,10,0.03301645815372467,1,1
173,10,0.020981846377253532,1,1
174,10,0.03943557292222977,1,1
175,8,0.05299947193513314,3,1
176,10,0.06264021247625351,1,1
177,9,0.043845828622579575,2,1
178,7,0.05331409303471446,4,1
179,7,0.06617842707782984,4,1
180,10,0.04876908287405968,1,1
181,8,0.022731471806764603,3,1
182,-11,0.018911300227046013,2,0
183,7,0.056995762046426535,4,1
184,7,0.04650290124118328,4,1
185,9,0.06859099492430687,2,1
186,9,0.03074958361685276,2,1
187,4,0.04263777285814285,7,1
188,10,0.39815205335617065,1,1
189,8,0.06324241248269875,3,1
190,10,0.095847487449646,1,1
191,-8,0.06392604200855682,19,1
192,9,0.018583422526717186,2,1
193,4,0.03736625771437373,7,1
194,8,0.03138619909683863,3,1
195,10,0.055778320878744125,1,1
196,7,0.06236470956355333,4,1
197,9,0.05244606826454401,2,1
198,9,0.01862306334078312,2,1
199,8,0.054075402518113456,3,1
200,9,0.11428079381585121,2,1
201,5,0.04577665558705727,6,1
202,8,0.02473812798659007,3,1
203,1,0.05163098555058241,10,1
204,8,0.16844414671262106,3,1
205,8,0.03634354347983996,3,1
206,-2,0.05722806187203297,13,1
207,10,0.024016456678509712,1,1
208,9,0.057167716324329376,2,1
209,10,0.010953307151794434,1,1
210,9,0.04389070998877287,2,1
211,6,0.04136979356408119,5,1
212,7,0.04565503401681781,4,1
213,7,0.030962704913690686,4,1
214,8,0.020666300629576046,3,1
215,10,0.03482475504279137,1,1
216,7,0.030033664777874947,4,1
217,6,0.04093376994132995,5,1
218,6,0.08413815163075924,5,1
219,9,0.017292317934334278,2,1
220,9,0.015099991112947464,2,1
221,-10,0.01464707963168621,1,0
222,7,0.01646442897617817,4,1
223,9,0.01634167693555355,2,1
224,9,0.021579014137387276,2,1
225,9,0.015799410175532103,2,1
226,8,0.017344785233338673,3,1
227,8,0.10497224765519302,3,1
228,8,0.15036073047667742,3,1
229,9,0.019117982126772404,2,1
230,10,0.025472668930888176,1,1
231,8,0.02142195962369442,3,1
232,10,0.01729711890220642,1,1
233,8,0.012249959632754326,3,1
234,6,0.022635157406330108,5,1
235,8,0.12139413878321648,3,1
236,8,0.07414543504516284,3,1
237,8,0.021069844874242943,3,1
238,9,0.031205703504383564,2,1
239,7,0.009906577412039042,4,1
240,10,0.026220209896564484,1,1
241,6,0.031948751956224444,5,1
242,10,0.022282088175415993,1,1
243,9,0.017206953838467598,2,1
244,8,0.03050269465893507,3,1
245,-5,0.10213772801216692,16,1
246,8,0.01950196611384551,3,1
247,9,0.029663273133337498,2,1
248,7,0.020335536915808916,4,1
249,7,0.05630187038332224,4,1
250,9,0.04644325189292431,2,1
251,8,0.01850784383714199,3,1
252,10,0.01553670596331358,1,1
253,10,0.02512357197701931,1,1
254,10,0.01971784606575966,1,1
255,9,0.013396043330430984,2,1
256,8,0.042835211070875324,3,1
257,8,0.014844867090384165,3,1
258,9,0.01816202886402607,2,1
259,9,0.018368241377174854,2,1
260,7,0.04895857023075223,4,1
261,8,0.05733534414321184,3,1
262,7,0.015552023658528924,4,1
263,9,0.030024364590644836,2,1
264,7,0.055932397954165936,4,1
265,8,0.05654010362923145,3,1
266,-2,0.035386054776608944,13,1
267,6,0.016471919231116773,5,1
268,7,0.04336955910548568,4,1
269,3,0.0300796409137547,8,1
270,8,0.052183463548620544,3,1
271,9,0.010709020774811506,2,1
272,6,0.05231597702950239,5,1
273,7,0.023382939398288727,4,1
274,6,0.03166445158421993,5,1
275,10,0.024072319269180298,1,1
276,8,0.031864012901981674,3,1
277,8,0.06641668826341629,3,1
278,9,0.017110899090766907,2,1
279,9,0.02924057561904192,2,1
280,-27,0.05443442529557567,38,1
281,9,0.021998489275574684,2,1
282,9,0.07279950007796288,2,1
283,10,0.01649634912610054,1,1
284,7,0.06500689685344696,4,1
285,5,0.04673801424602667,6,1
286,6,0.048050013929605485,5,1
287,7,0.030757194850593805,4,1
288,7,0.02740777493454516,4,1
289,10,0.012529132887721062,1,1
290,9,0.026574253104627132,2,1
291,9,0.023810816928744316,2,1
292,9,0.08728725835680962,2,1
293,8,0.01984262668217222,3,1
294,5,0.056198196951299906,6,1
295,9,0.009046189021319151,2,1
296,4,0.04101531879444208,7,1
297,9,0.014594974461942911,2,1
298,7,0.018528282642364502,4,1
299,-14,0.048223423939198255,25,1
300,9,0.04662604071199894,2,1
301,10,0.008882584050297737,1,1
302,9,0.013731623766943812,2,1
303,9,0.03572390880435705,2,1
304,3,0.024405776406638324,8,1
305,7,0.05535796191543341,4,1
306,9,0.07158678863197565,2,1
307,8,0.027702744118869305,3,1
308,9,0.04201973415911198,2,1
309,7,0.0538876224309206,4,1
310,7,0.020237821154296398,4,1
311,5,0.02721439612408479,6,1
312,7,0.02057899348437786,4,1
313,7,0.017309196991845965,4,1
314,9,0.06044906564056873,2,1
315,8,0.07385319098830223,3,1
316,10,0.011140263639390469,1,1
317,-50,0.03455213876441121,50,0
318,-50,0.03624992335215211,50,0
319,8,0.03340185433626175,3,1
320,8,0.04076153909166654,3,1
321,10,0.02289479970932007,1,1
322,6,0.11353407837450505,5,1
323,10,0.039006464183330536,1,1
324,8,0.06066984807451566,3,1
325,9,0.04236366366967559,2,1
326,9,0.060332443565130234,2,1
327,-11,0.19179068319499493,2,0
328,10,0.024397917091846466,1,1
329,8,0.13861037914951643,3,1
330,5,0.04396652306119601,6,1
331,10,0.0353035107254982,1,1
332,8,0.04935391743977865,3,1
333,4,0.06272931583225727,7,1
334,10,0.010663168504834175,1,1
335,8,0.01858622704943021,3,1
336,3,0.04292780882678926,8,1
337,8,0.03706349184115728,3,1
338,7,0.05242007505148649,4,1
339,-6,0.04419386173214983,17,1
340,3,0.035907224752008915,8,1
341,-17,0.09840370897602822,28,1
342,9,0.0391018595546484,2,1
343,8,0.11524529382586479,3,1
344,10,0.04492000490427017,1,1
345,7,0.03712515905499458,4,1
346,8,0.04282333826025327,3,1
347,8,0.11135510417322318,3,1
348,5,0.06251765259852012,6,1
349,9,0.03725023195147514,2,1
350,7,0.04191750334575772,4,1
351,7,0.046461462043225765,4,1
352,9,0.03432939853519201,2,1
353,9,0.045088766142725945,2,1
354,7,0.04113523010164499,4,1
355,7,0.11903829872608185,4,1
356,9,0.030498732812702656,2,1
357,-50,0.07089175941422582,50,0
358,10,0.05586360767483711,1,1
359,8,0.09298977255821228,3,1
360,-5,0.07882733381120488,16,1
361,9,0.08603122271597385,2,1
362,7,0.11744897719472647,4,1
363,9,0.10718384757637978,2,1
364,6,0.1514511302113533,5,1
365,8,0.21810700123508772,3,1
366,8,0.1316612921655178,3,1
367,7,0.03156891418620944,4,1
368,10,0.04683121666312218,1,1
369,10,0.027926482260227203,1,1
370,-34,0.06155310117950042,45,1
371,10,0.03193824738264084,1,1
372,0,0.07503668726845221,11,1
373,10,0.026638954877853394,1,1
374,10,0.03983944281935692,1,1
375,6,0.09959035962820054,5,1
376,7,0.20105336140841246,4,1
377,8,0.034869901835918427,3,1
378,9,0.05989016965031624,2,1
379,9,0.3874771147966385,2,1
380,10,0.04422575235366821,1,1
381,10,0.03902210295200348,1,1
382,7,0.04728207504376769,4,1
383,9,0.03449477348476648,2,1
384,-11,0.02618361357599497,2,0
385,7,0.0501204205211252,4,1
386,10,0.029185056686401367,1,1
387,7,0.03236471023410559,4,1
388,10,0.024607084691524506,1,1
389,5,0.05909480961660544,6,1
390,7,0.12507549859583378,4,1
391,6,0.051842039451003075,5,1
392,8,0.039068066204587616,3,1
393,5,0.02916315880914529,6,1
394,9,0.02374493796378374,2,1
395,10,0.07245929539203644,1,1
396,10,0.01422022096812725,1,1
397,-21,0.04549310251604766,32,1
398,6,0.07551974914968014,5,1
399,8,0.05676215638717016,3,1
400,8,0.03820428252220154,3,1
401,9,0.09797116182744503,2,1
402,9,0.02673278097063303,2,1
403,8,0.059968650341033936,3,1
404,10,0.0673685297369957,1,1
405,7,0.08780409675091505,4,1
406,9,0.09245464205741882,2,1
407,9,0.019415585324168205,2,1
408,5,0.13687919173389673,6,1
409,7,0.06595868058502674,4,1
410,8,0.05454495549201965,3,1
411,8,0.03002886101603508,3,1
412,9,0.02547500655055046,2,1
413,8,0.035510849207639694,3,1
414,-50,0.06224900459870696,50,0
415,-14,0.04926313832402229,5,0
416,8,0.07049011997878551,3,1
417,10,0.03990481048822403,1,1
418,7,0.043655481189489365,4,1
419,10,0.023876503109931946,1,1
420,6,0.1475985400378704,5,1
421,7,0.03624662943184376,4,1
422,3,0.10622724704444408,8,1
423,10,0.026034988462924957,1,1
424,9,0.026754582300782204,2,1
425,10,0.030464863404631615,1,1
426,10,0.014367274940013885,1,1
427,8,0.06548300571739674,3,1
428,8,0.052636715273062386,3,1
429,8,0.17541951313614845,3,1
430,10,0.02352876402437687,1,1
431,7,0.0788605697453022,4,1
432,9,0.08362829685211182,2,1
433,9,0.02011989802122116,2,1
434,10,0.11397849023342133,1,1
435,8,0.03402107208967209,3,1
436,7,0.05516761587932706,4,1
437,9,0.02679259702563286,2,1
438,9,0.03073146939277649,2,1
439,6,0.04647185802459717,5,1
440,10,0.0217167716473341,1,1
441,8,0.04008507852753004,3,1
442,7,0.05027831206098199,4,1
443,9,0.03701173700392246,2,1
444,9,0.03197799902409315,2,1
445,10,0.019095519557595253,1,1
446,8,0.057658687233924866,3,1
447,5,0.039375131484121084,6,1
448,10,0.018518172204494476,1,1
449,10,0.02685181424021721,1,1
450,10,0.0121663399040699,1,1
451,7,0.07115805707871914,4,1
452,10,0.036344364285469055,1,1
453,8,0.039590553690989815,3,1
454,9,0.043417204171419144,2,1
455,8,0.0500778549661239,3,1
456,10,0.015299716033041477,1,1
457,6,0.05480280965566635,5,1
458,10,0.01691647246479988,1,1
459,8,0.04213128611445427,3,1
460,9,0.22523869760334492,2,1
461,9,0.5159919708967209,2,1
462,10,0.011305385269224644,1,1
463,-17,0.042795487213879824,8,0
464,9,0.02367930579930544,2,1
465,8,0.04585852846503258,3,1
466,9,0.05129978619515896,2,1
467,8,0.028388318916161854,3,1
468,6,0.03229788523167372,5,1
469,-27,0.03479770188660998,38,1
470,-7,0.08148261728800005,18,1
471,9,0.04686708375811577,2,1
472,8,0.17329406489928564,3,1
473,9,0.021583667024970055,2,1
474,10,0.03710149973630905,1,1
475,10,0.04928869754076004,1,1
476,7,0.31422404246404767,4,1
477,7,0.047685781493783,4,1
478,10,0.04236805438995361,1,1
479,10,0.0281069278717041,1,1
480,6,0.037323685362935066,5,1
481,9,0.04892762005329132,2,1
482,9,0.2071264609694481,2,1
483,8,0.056492591897646584,3,1
484,6,0.025527740828692913,5,1
485,10,0.010708773508667946,1,1
486,-50,0.07766712795943022,50,0
487,8,0.027963092550635338,3,1
488,8,0.10129911390443642,3,1
489,8,0.07510655621687572,3,1
490,10,0.06278800964355469,1,1
491,10,0.06442806124687195,1,1
492,8,0.14480649307370186,3,1
493,-50,0.05165535397827625,50,0
494,9,0.039461144246160984,2,1
495,8,0.05042355259259542,3,1
496,-24,0.02829699528714021,15,0
497,10,0.02623678743839264,1,1
498,10,0.07176615297794342,1,1
499,10,0.012147508561611176,1,1
500,6,0.04353256262838841,5,1
501,9,0.027439585886895657,2,1
502,9,0.034525287337601185,2,1
503,-11,0.016325671691447496,2,0
504,10,0.02087489701807499,1,1
505,7,0.019439707975834608,4,1
506,9,0.029656166210770607,2,1
507,6,0.12946479208767414,5,1
508,8,0.05672112852334976,3,1
509,-5,0.07669963088119403,16,1
510,10,0.05861266329884529,1,1
511,8,0.04253020013372103,3,1
512,-11,0.034190960228443146,2,0
513,8,0.1804158284018437,3,1
514,10,0.023126110434532166,1,1
515,6,0.07160974983125926,5,1
516,9,0.03050061035901308,2,1
517,10,0.015183505602180958,1,1
518,6,0.1613257598131895,5,1
519,6,0.02887835241854191,5,1
520,8,0.02491403991977374,3,1
521,7,0.06523540802299976,4,1
522,9,0.22371993958950043,2,1
523,9,0.013965520076453686,2,1
524,7,0.04840844450518489,4,1
525,8,0.026701802698274452,3,1
526,4,0.1000953083857894,7,1
527,8,0.14456106598178545,3,1
528,7,0.029447177425026894,4,1
529,10,0.012646390125155449,1,1
530,7,0.02212062629405409,4,1
531,10,0.01684987172484398,1,1
532,9,0.018424970097839832,2,1
533,8,0.04893845568100611,3,1
534,7,0.019197892863303423,4,1
535,10,0.4633670151233673,1,1
536,10,0.016907840967178345,1,1
537,10,0.027171140536665916,1,1
538,8,0.027605528632799785,3,1
539,6,0.020072920992970467,5,1
540,-10,0.11923907697200775,1,0
541,8,0.1723613627254963,3,1
542,7,0.022683225572109222,4,1
543,9,0.020064988639205694,2,1
544,9,0.022141054272651672,2,1
545,8,0.15756109030917287,3,1
546,9,0.017326737754046917,2,1
547,7,0.2569475690834224,4,1
548,2,0.02994328530298339,9,1
549,7,0.025639104191213846,4,1
550,9,0.028376742266118526,2,1
551,9,0.04465368203818798,2,1
552,7,0.027031056117266417,4,1
553,8,0.1529723135754466,3,1
554,7,0.01838937890715897,4,1
555,9,0.32023022696375847,2,1
556,9,0.016616863198578358,2,1
557,7,0.020182942505925894,4,1
558,7,0.02539176121354103,4,1
559,7,0.014711332973092794,4,1
560,-12,0.036249750604232155,3,0
561,9,0.02050976036116481,2,1
562,7,0.38200146798044443,4,1
563,4,0.15666715814066784,7,1
564,7,0.021776775829494,4,1
565,7,0.039092360995709896,4,1
566,5,0.2205929352591435,6,1
567,9,0.05188857205212116,2,1
568,9,0.025968709960579872,2,1
569,8,0.07287656143307686,3,1
570,5,0.05162330872068802,6,1
571,8,0.18460695693890253,3,1
572,8,0.03587786356608073,3,1
573,8,0.06479914858937263,3,1
574,10,0.027765925973653793,1,1
575,6,0.13279802948236466,5,1
576,7,0.24181036185473204,4,1
577,10,0.052862752228975296,1,1
578,10,0.024845272302627563,1,1
579,7,0.03424082603305578,4,1
580,10,0.47738638520240784,1,1
581,10,0.02659190632402897,1,1
582,9,0.024834925308823586,2,1
583,10,0.021349314600229263,1,1
584,4,0.0399358935121979,7,1
585,7,0.13313806429505348,4,1
586,9,0.03629417531192303,2,1
587,9,0.3277422860264778,2,1
588,10,0.03112933225929737,1,1
589,10,0.03910087049007416,1,1
590,7,0.03975317347794771,4,1
591,8,0.033136590694387756,3,1
592,8,0.04481392105420431,3,1
593,8,0.15771413408219814,3,1
594,9,0.02838003635406494,2,1
595,-50,0.094976361207664,50,0
596,8,0.2745423763990402,3,1
597,7,0.03393633617088199,4,1
598,8,0.019744311769803364,3,1
599,7,0.03569328226149082,4,1
600,7,0.13457450177520514,4,1
601,-10,0.0467795804142952,1,0
602,9,0.019084936939179897,2,1
603,8,0.06123682173589865,3,1
604,-4,0.040494064490000405,15,1
605,10,0.030528822913765907,1,1
606,9,0.030235350131988525,2,1
607,7,0.02074119495227933,4,1
608,8,0.035101303830742836,3,1
609,6,0.06677781492471695,5,1
610,8,0.020063965270916622,3,1
611,10,0.022714830935001373,1,1
612,10,0.02373480051755905,1,1
613,9,0.029040364548563957,2,1
614,9,0.02214901242405176,2,1
615,9,0.23065132275223732,2,1
616,6,0.022948138043284418,5,1
617,10,0.4125353693962097,1,1
618,10,0.03563515469431877,1,1
619,0,0.03012366338886998,11,1
620,7,0.1253673192113638,4,1
621,10,0.019886914640665054,1,1
622,8,0.02777933267255624,3,1
623,7,0.017692796885967255,4,1
624,6,0.09479513503611088,5,1
625,7,0.1408865749835968,4,1
626,8,0.01856206978360812,3,1
627,8,0.1341526616985599,3,1
628,8,0.20139580592513084,3,1
629,10,0.009775666519999504,1,1
630,10,0.49499940872192383,1,1
631,8,0.07008648291230202,3,1
632,8,0.15206495734552541,3,1
633,5,0.04626556858420372,6,1
634,5,0.1692381426692009,6,1
635,10,0.03991345316171646,1,1
636,5,0.09346736781299114,6,1
637,8,0.029321532075603802,3,1
638,8,0.147056607529521,3,1
639,9,0.026349271647632122,2,1
640,9,0.028730538673698902,2,1
641,10,0.01805742457509041,1,1
642,8,0.03936913888901472,3,1
643,7,0.023336121113970876,4,1
644,9,0.013767367228865623,2,1
645,9,0.03378552012145519,2,1
646,7,0.20136830490082502,4,1
647,10,0.029296699911355972,1,1
648,10,0.012718461453914642,1,1
649,10,0.326826810836792,1,1
650,6,0.08534016478806734,5,1
651,8,0.028747957820693653,3,1
652,9,0.015677958726882935,2,1
653,8,0.029828911026318867,3,1
654,7,0.0253893060144037,4,1
655,10,0.025251206010580063,1,1
656,7,0.1321737931575626,4,1
657,5,0.029270562032858532,6,1
658,6,0.07562915906310082,5,1
659,8,0.027223904927571613,3,1
660,10,0.014169342815876007,1,1
661,7,0.11633012490347028,4,1
662,7,0.15439942060038447,4,1
663,8,0.09922137763351202,3,1
664,9,0.034680575132369995,2,1
665,9,0.01200553448870778,2,1
666,9,0.021996503695845604,2,1
667,5,0.06526375499864419,6,1
668,8,0.05057174774507681,3,1
669,8,0.040950909877816834,3,1
670,9,0.030316632241010666,2,1
671,10,0.018168825656175613,1,1
672,-32,0.04002937375632829,43,1
673,7,0.02252487512305379,4,1
674,9,0.03048454411327839,2,1
675,7,0.019641829188913107,4,1
676,9,0.016539734788239002,2,1
677,8,0.15359325023988882,3,1
678,9,0.04480019956827164,2,1
679,5,0.08993122004903853,6,1
680,8,0.021074960473924875,3,1
681,-21,0.026438986727346975,12,0
682,9,0.027906423434615135,2,1
683,9,0.04544259700924158,2,1
684,10,0.12091381847858429,1,1
685,8,0.15174457306663194,3,1
686,6,0.11819916293025017,5,1
687,10,0.025908872485160828,1,1
688,9,0.02208992000669241,2,1
689,9,0.021238015964627266,2,1
690,8,0.019945197117825348,3,1
691,8,0.02113969748218854,3,1
692,9,0.019504346884787083,2,1
693,8,0.01931184095640977,3,1
694,9,0.15840625762939453,2,1
695,10,0.012565880082547665,1,1
696,8,0.10428114794194698,3,1
697,10,0.013026012107729912,1,1
698,7,0.020458080107346177,4,1
699,9,0.02897338941693306,2,1
700,10,0.029123757034540176,1,1
701,9,0.017346258275210857,2,1
702,5,0.07615890183175604,6,1
703,9,0.019550050608813763,2,1
704,7,0.02763299737125635,4,1
705,6,0.023266440257430077,5,1
706,9,0.031337328255176544,2,1
707,7,0.02294210996478796,4,1
708,7,0.017958725336939096,4,1
709,9,0.022327333688735962,2,1
710,10,0.03460428863763809,1,1
711,7,0.2513990798033774,4,1
712,5,0.0756636131554842,6,1
713,6,0.010325073171406985,5,1
714,10,0.3280830681324005,1,1
715,8,0.041877285887797676,3,1
716,7,0.018676614621654153,4,1
717,-19,0.041004568338394165,30,1
718,8,0.1934645939618349,3,1
719,10,0.04551121965050697,1,1
720,7,0.02064095693640411,4,1
721,9,0.021689563989639282,2,1
722,7,0.09092031884938478,4,1
723,8,0.01830619666725397,3,1
724,-50,0.050380422472953795,50,0
725,10,0.01616065204143524,1,1
726,10,0.009185576811432838,1,1
727,7,0.11155626829713583,4,1
728,6,0.01886232811957598,5,1
729,7,0.03509354963898659,4,1
730,7,0.014173197792842984,4,1
731,10,0.008753246627748013,1,1
732,9,0.014576282817870378,2,1
733,9,0.01574388239532709,2,1
734,7,0.024376604473218322,4,1
735,7,0.015668380074203014,4,1
736,7,0.13471058197319508,4,1
737,-27,0.09557217649968439,38,1
738,10,0.011243673041462898,1,1
739,9,0.02605315763503313,2,1
740,10,0.013352308422327042,1,1
741,-19,0.04340070144583782,30,1
742,9,0.16433403361588717,2,1
743,9,0.0156052615493536,2,1
744,10,0.012312632985413074,1,1
745,9,0.013362739235162735,2,1
746,9,0.01619491772726178,2,1
747,-3,0.05273689515888691,14,1
748,9,0.012326826341450214,2,1
749,7,0.09624885092489421,4,1
750,-11,0.04376311972737312,2,0
751,8,0.02894932373116414,3,1
752,6,0.0718107440508902,5,1
753,7,0.13757998030632734,4,1
754,7,0.12141646118834615,4,1
755,10,0.032220229506492615,1,1
756,6,0.0785723777487874,5,1
757,8,0.031048821285367012,3,1
758,-10,0.010621866211295128,1,0
759,10,0.05297062546014786,1,1
760,9,0.014008087571710348,2,1
761,8,0.02780460442105929,3,1
762,8,0.020578766241669655,3,1
763,9,0.04332978976890445,2,1
764,8,0.029803008772432804,3,1
765,9,0.015482710907235742,2,1
766,7,0.031422460451722145,4,1
767,10,0.02026946470141411,1,1
768,7,0.021651257993653417,4,1
769,7,0.012707922258414328,4,1
770,5,0.04482043286164602,6,1
771,9,0.014546022284775972,2,1
772,9,0.017109552398324013,2,1
773,9,0.15545383607968688,2,1
774,7,0.017897882033139467,4,1
775,5,0.06783539398262899,6,1
776,6,0.01618434637784958,5,1
777,9,0.016261951997876167,2,1
778,9,0.12703485786914825,2,1
779,8,0.10887093128015597,3,1
780,6,0.14129763450473548,5,1
781,9,0.01707650627940893,2,1
782,9,0.019795794039964676,2,1
783,9,0.024639173410832882,2,1
784,10,0.01785030961036682,1,1
785,7,0.016821354161947966,4,1
786,7,0.1471852274844423,4,1
787,7,0.146445254329592,4,1
788,9,0.011852869763970375,2,1
789,8,0.009267578832805157,3,1
790,9,0.30733552388846874,2,1
791,-32,0.07975972000899356,43,1
792,8,0.01603477355092764,3,1
793,10,0.02568814903497696,1,1
794,10,0.03156667202711105,1,1
795,7,0.037094490602612495,4,1
796,9,0.25668357126414776,2,1
797,10,0.1513511687517166,1,1
798,9,0.2459610551595688,2,1
799,5,0.16569074740012488,6,1
800,8,0.041039702792962394,3,1
801,9,0.009895801544189453,2,1
802,7,0.11153959482908249,4,1
803,7,0.04156086058355868,4,1
804,-15,0.03190328522274891,6,0
805,9,0.2540723765268922,2,1
806,9,0.1707959771156311,2,1
807,9,0.04143173014745116,2,1
808,10,0.044721901416778564,1,1
809,9,0.23336360696703196,2,1
810,9,0.0785966762341559,2,1
811,8,0.09910857677459717,3,1
812,8,0.03616055753082037,3,1
813,7,0.02755218232050538,4,1
814,8,0.11359835602343082,3,1
815,9,0.13610924826934934,2,1
816,-10,0.0573754460063009,21,1
817,8,0.042191993445158005,3,1
818,9,0.038019660860300064,2,1
819,6,0.15573733542114496,5,1
820,8,0.03322911262512207,3,1
821,9,0.07221272215247154,2,1
822,9,0.01626261416822672,2,1
823,10,0.01764475181698799,1,1
824,8,0.01346179967125257,3,1
825,-10,0.012774534523487091,1,0
826,8,0.04025590978562832,3,1
827,10,0.8588765859603882,1,1
828,7,0.04047953966073692,4,1
829,5,0.1335949714606007,6,1
830,10,0.012862423434853554,1,1
831,9,0.02117266785353422,2,1
832,9,0.022198746912181377,2,1
833,8,0.10582320392131805,3,1
834,9,0.03994661010801792,2,1
835,7,0.02844109432771802,4,1
836,10,0.01758675090968609,1,1
837,8,0.06590463904043038,3,1
838,10,0.022524632513523102,1,1
839,7,0.029022508300840855,4,1
840,6,0.0561989925801754,5,1
841,10,0.026096895337104797,1,1
842,10,0.08244529366493225,1,1
843,7,0.07067852700129151,4,1
844,10,0.014886063523590565,1,1
845,9,0.2687397971749306,2,1
846,8,0.15803124755620956,3,1
847,10,0.028809236362576485,1,1
848,8,0.040665761878093086,3,1
849,10,0.027105342596769333,1,1
850,5,0.05199156980961561,6,1
851,8,0.03255391617616018,3,1
852,10,0.015559092164039612,1,1
853,6,0.18626563232392074,5,1
854,5,0.19305378198623657,6,1
855,-50,0.08900979262776673,50,0
856,10,0.7603868246078491,1,1
857,-50,0.0858262168429792,50,0
858,8,0.01883386851598819,3,1
859,8,0.03646495255331198,3,1
860,7,0.07087513245642185,4,1
861,9,0.031610213220119476,2,1
862,9,0.011442592367529869,2,1
863,10,0.0199238620698452,1,1
864,-10,0.06286642700433731,1,0
865,9,0.06069572363048792,2,1
866,8,0.1922985464334488,3,1
867,7,0.026761043816804886,4,1
868,-10,0.014157107099890709,1,0
869,9,0.22763175144791603,2,1
870,9,0.07111763767898083,2,1
871,6,0.14665111973881723,5,1
872,7,0.23092216672375798,4,1
873,8,0.13102999329566956,3,1
874,7,0.11371455574408174,4,1
875,9,0.016087432857602835,2,1
876,10,0.054521091282367706,1,1
877,8,0.09659740484009187,3,1
878,8,0.13559362292289734,3,1
879,7,0.17702878825366497,4,1
880,10,0.10736678540706635,1,1
881,8,0.015529964119195938,3,1
882,-5,0.041605552716646343,16,1
883,-11,0.0394582524895668,2,0
884,7,0.23122029285877943,4,1
885,7,0.14608850562945008,4,1
886,10,0.10891017317771912,1,1
887,8,0.1987161673605442,3,1
888,6,0.1987634737044573,5,1
889,7,0.1541012767702341,4,1
890,10,0.0715818703174591,1,1
891,10,0.06145801395177841,1,1
892,9,0.05482153221964836,2,1
893,9,0.03490790259093046,2,1
894,6,0.1877014808356762,5,1
895,8,0.05742488242685795,3,1
896,10,0.03771069645881653,1,1
897,7,0.1155105447396636,4,1
898,9,0.033667074516415596,2,1
899,9,0.04759342037141323,2,1
900,10,0.04246168211102486,1,1
901,10,0.04484349116683006,1,1
902,8,0.17270615821083388,3,1
903,9,0.07053505629301071,2,1
904,8,0.09299526115258534,3,1
905,10,0.351223886013031,1,1
906,7,0.051810672506690025,4,1
907,10,0.033533260226249695,1,1
908,9,0.507205156609416,2,1
909,6,0.11989347077906132,5,1
910,9,0.17368892394006252,2,1
911,10,0.08584465831518173,1,1
912,9,0.10097231902182102,2,1
913,8,0.08699968953927358,3,1
914,10,0.155752032995224,1,1
915,8,0.12327113188803196,3,1
916,7,0.021147511433809996,4,1
917,8,0.028067272777358692,3,1
918,7,0.07260302174836397,4,1
919,10,0.22721704840660095,1,1
920,9,0.058918468188494444,2,1
921,10,0.48343825340270996,1,1
922,8,0.17571323613325754,3,1
923,10,0.015202414244413376,1,1
924,8,0.04820724825064341,3,1
925,10,0.03285418078303337,1,1
926,8,0.04686631386478742,3,1
927,6,0.07476833872497082,5,1
928,4,0.15417559152202948,7,1
929,6,0.038895517215132715,5,1
930,8,0.2816440338889758,3,1
931,8,0.04568541112045447,3,1
932,10,0.006675532087683678,1,1
933,9,0.05704231187701225,2,1
934,8,0.015040870135029158,3,1
935,8,0.044223129749298096,3,1
936,9,0.02661680057644844,2,1
937,9,0.018910815939307213,2,1
938,6,0.14955930411815643,5,1
939,10,0.02213183045387268,1,1
940,8,0.04339857834080855,3,1
941,8,0.1227700524032116,3,1
942,8,0.02624297762910525,3,1
943,9,0.014972318429499865,2,1
944,-22,0.08116111309769061,13,0
945,9,0.13378812093287706,2,1
946,6,0.13374593034386634,5,1
947,9,0.0359991192817688,2,1
948,7,0.15389010030776262,4,1
949,7,0.11421930184587836,4,1
950,8,0.039752330631017685,3,1
951,6,0.12236609347164631,5,1
952,8,0.17737321555614471,3,1
953,10,0.017109520733356476,1,1
954,10,0.01923210360109806,1,1
955,7,0.04780844505876303,4,1
956,10,0.05752629041671753,1,1
957,6,0.04985010139644146,5,1
958,8,0.05827424302697182,3,1
959,6,0.17074045352637768,5,1
960,7,0.047996846958994865,4,1
961,7,0.023656420409679413,4,1
962,8,0.04347314313054085,3,1
963,8,0.1796772504846255,3,1
964,9,0.024556204676628113,2,1
965,8,0.17288108418385187,3,1
966,7,0.2578125474974513,4,1
967,10,0.025684697553515434,1,1
968,9,0.025243974290788174,2,1
969,-23,0.1301812089181372,14,0
970,9,0.04258963651955128,2,1
971,7,0.1770813330076635,4,1
972,8,0.02246238539616267,3,1
973,4,0.07044057335172381,7,1
974,9,0.021157948300242424,2,1
975,10,0.08414077758789062,1,1
976,7,0.18044756818562746,4,1
977,-50,0.0832970861531794,50,0
978,8,0.03274627899130186,3,1
979,10,0.014049943536520004,1,1
980,8,0.13243832749625048,3,1
981,8,0.042349750796953835,3,1
982,9,0.0632313285022974,2,1
983,8,0.02327115771671136,3,1
984,4,0.06083812644439084,7,1
985,8,0.05206661857664585,3,1
986,4,0.1287504325487784,7,1
987,6,0.021598213724792002,5,1
988,7,0.029202728997915983,4,1
989,6,0.08653882481157779,5,1
990,10,0.06754732877016068,1,1
991,9,0.27054028678685427,2,1
992,8,0.036090755835175514,3,1
993,9,0.2535085491836071,2,1
994,9,0.036569152027368546,2,1
995,6,0.12935300767421723,5,1
996,9,0.13357948511838913,2,1
997,9,0.05211536958813667,2,1
998,6,0.025153476186096667,5,1
999,4,0.023432680272630284,7,1
1000,10,0.13210371136665344,1,1
1,-12,0.0873241278383395,23,1
2,6,0.0454586137086153,5,1
3,10,0.09063941240310669,1,1
4,9,0.05087343603372574,2,1
5,8,0.036440715193748474,3,1
6,9,0.061247579753398895,2,1
7,10,0.3380945324897766,1,1
8,8,0.038904934811095394,3,1
9,7,0.10771033680066466,4,1
10,8,0.03715964034199715,3,1
11,6,0.07629999406635761,5,1
12,7,0.176410011947155,4,1
13,9,0.04201514646410942,2,1
14,4,0.09544943579073463,7,1
15,10,0.0836436003446579,1,1
16,9,0.08767060190439224,2,1
17,-10,0.08151681091459025,21,1
18,8,0.16777699689070383,3,1
19,9,0.03191286325454712,2,1
20,10,0.016955235973000526,1,1
21,9,0.041764150373637676,2,1
22,8,0.07208714137474696,3,1
23,8,0.16812054564555487,3,1
24,8,0.06299521277348201,3,1
25,8,0.0447979566330711,3,1
26,9,0.028084092773497105,2,1
27,7,0.07760108169168234,4,1
28,7,0.0538023617118597,4,1
29,9,0.029038450680673122,2,1
30,7,0.047305573243647814,4,1
31,9,0.04350694268941879,2,1
32,10,0.01886509545147419,1,1
33,8,0.036043292532364525,3,1
34,9,0.23551256582140923,2,1
35,-18,0.07570208782522843,29,1
36,7,0.030535420402884483,4,1
37,9,0.1515115611255169,2,1
38,5,0.03018450504168868,6,1
39,9,0.019274644553661346,2,1
40,6,0.033539531752467155,5,1
41,9,0.021191319916397333,2,1
42,9,0.027372376061975956,2,1
43,5,0.021281143339971702,6,1
44,9,0.04532919265329838,2,1
45,9,0.13140634633600712,2,1
46,8,0.02309745332847039,3,1
47,9,0.011964162811636925,2,1
48,8,0.05349070951342583,3,1
49,7,0.02684118621982634,4,1
50,7,0.03303618682548404,4,1
51,8,0.06670557335019112,3,1
52,8,0.04561972493926684,3,1
53,-50,0.07439908180385828,50,0
54,-11,0.016389737837016582,2,0
55,8,0.030721668774882954,3,1
56,7,0.06159024778753519,4,1
57,7,0.04888175567612052,4,1
58,2,0.049622584548261434,9,1
59,-26,0.027084816630710575,17,0
60,10,0.02735690400004387,1,1
61,8,0.016199791803956032,3,1
62,7,0.04849198926240206,4,1
63,8,0.09109484776854515,3,1
64,10,0.018140926957130432,1,1
65,9,0.011555812787264585,2,1
66,-11,0.24131119064986706,2,0
67,10,0.009536758065223694,1,1
68,6,0.06838477216660976,5,1
69,-15,0.07316279970109463,26,1
70,10,0.08648731559515,1,1
71,9,0.021672758273780346,2,1
72,7,0.029754914809018373,4,1
73,-12,0.13547543032715717,3,0
74,7,0.13274919800460339,4,1
75,10,0.0519758015871048,1,1
76,7,0.027636367129161954,4,1
77,10,0.13360333442687988,1,1
78,8,0.1615550418694814,3,1
79,8,0.06445767482121785,3,1
80,9,0.060448797419667244,2,1
81,7,0.038291942328214645,4,1
82,10,0.04878612607717514,1,1
83,7,0.041671252343803644,4,1
84,8,0.03446622317035993,3,1
85,9,0.23461370542645454,2,1
86,6,0.10958856623619795,5,1
87,10,0.04307660087943077,1,1
88,8,0.1534702635059754,3,1
89,6,0.09673726484179497,5,1
90,6,0.03593830894678831,5,1
91,6,0.039682936295866965,5,1
92,10,0.012945447117090225,1,1
93,7,0.03963880846276879,4,1
94,7,0.06711192801594734,4,1
95,10,0.09989644587039948,1,1
96,8,0.12702774504820505,3,1
97,8,0.02505142241716385,3,1
98,8,0.06976418010890484,3,1
99,10,0.03445463255047798,1,1
100,7,0.012525416677817702,4,1
101,6,0.024270080775022507,5,1
102,8,0.025760402902960777,3,1
103,9,0.019851408898830414,2,1
104,10,0.033587027341127396,1,1
105,8,0.018999427712212007,3,1
106,4,0.039204283617436886,7,1
107,9,0.02274790871888399,2,1
108,9,0.02414001151919365,2,1
109,10,0.024850333109498024,1,1
110,6,0.01814460251480341,5,1
111,8,0.0454623115559419,3,1
112,6,0.05118437632918358,5,1
113,6,0.020146198570728302,5,1
114,10,0.010863964445888996,1,1
115,9,0.05039038136601448,2,1
116,8,0.06017836928367615,3,1
117,9,0.08111345022916794,2,1
118,8,0.0203151423484087,3,1
119,10,0.01746988669037819,1,1
120,10,0.04944463074207306,1,1
121,8,0.19079383462667465,3,1
122,7,0.05559068871662021,4,1
123,10,0.016733435913920403,1,1
124,7,0.02551109017804265,4,1
125,9,0.02246248349547386,2,1
126,9,0.017114497255533934,2,1
127,-21,0.055943531944649294,32,1
128,9,0.04983466491103172,2,1
129,8,0.04348097927868366,3,1
130,10,0.039753351360559464,1,1
131,8,0.031305570155382156,3,1
132,7,0.2801022036001086,4,1
133,-11,0.21029677987098694,2,0
134,10,0.047427549958229065,1,1
135,-9,0.061434828164055946,20,1
136,8,0.021257907152175903,3,1
137,7,0.08905861433595419,4,1
138,9,0.1268808040767908,2,1
139,8,0.11103897417585055,3,1
140,5,0.02339560662706693,6,1
141,10,0.011893928050994873,1,1
142,9,0.05484607629477978,2,1
143,8,0.021273719457288582,3,1
144,8,0.052787184715270996,3,1
145,9,0.03999704448506236,2,1
146,10,0.014631833881139755,1,1
147,9,0.027065780945122242,2,1
148,10,0.24326305091381073,1,1
149,7,0.0206846809014678,4,1
150,10,0.02037980407476425,1,1
151,8,0.030965960895021755,3,1
152,7,0.07083546929061413,4,1
153,8,0.02238607406616211,3,1
154,10,0.012999859638512135,1,1
155,5,0.10526936159779628,6,1
156,-50,0.09631244909018279,50,0
157,7,0.02773017855361104,4,1
158,9,0.026227887719869614,2,1
159,-5,0.03910866941441782,16,1
160,7,0.05639989871997386,4,1
161,9,0.12975094094872475,2,1
162,7,0.02718624845147133,4,1
163,8,0.021379610523581505,3,1
164,8,0.05718431808054447,3,1
165,9,0.04342961311340332,2,1
166,7,0.06787697272375226,4,1
167,10,0.018779518082737923,1,1
168,9,0.0249510845169425,2,1
169,7,0.022426695097237825,4,1
170,0,0.06884834712201898,11,1
171,7,0.038620878010988235,4,1
172,8,0.01729555210719506,3,1
173,9,0.1792268007993698,2,1
174,9,0.038491249084472656,2,1
175,10,0.033657465130090714,1,1
176,7,0.06324475817382336,4,1
177,9,0.020269534550607204,2,1
178,10,0.02249738574028015,1,1
179,7,0.1458516358397901,4,1
180,9,0.2640282344073057,2,1
181,-13,0.03012958785984665,24,1
182,8,0.018863918259739876,3,1
183,9,0.04977799532935023,2,1
184,-13,0.07947335887001827,24,1
185,10,0.10042662918567657,1,1
186,10,0.03966295346617699,1,1
187,9,0.19058534875512123,2,1
188,7,0.019532859325408936,4,1
189,8,0.016515673448642094,3,1
190,9,0.03317690268158913,2,1
191,8,0.0143158125380675,3,1
192,-8,0.05936128788284565,19,1
193,10,0.07639654725790024,1,1
194,9,0.029362808912992477,2,1
195,10,0.35935279726982117,1,1
196,8,0.03224980148176352,3,1
197,8,0.01774132748444875,3,1
198,9,0.17927374318242073,2,1
199,10,0.115015909075737,1,1
200,9,0.09674889780580997,2,1
201,10,0.08628727495670319,1,1
202,8,0.02354362979531288,3,1
203,9,0.15143801271915436,2,1
204,10,0.05928285792469978,1,1
205,9,0.01899636536836624,2,1
206,7,0.1289919284172356,4,1
207,8,0.07271071337163448,3,1
208,9,0.2352985111065209,2,1
209,9,0.05599050223827362,2,1
210,9,0.055294401943683624,2,1
211,8,0.03916943601022164,3,1
212,9,0.013179479166865349,2,1
213,7,0.03947878931649029,4,1
214,7,0.1221702869515866,4,1
215,10,0.015143530443310738,1,1
216,8,0.09740705477694671,3,1
217,7,0.08451237762346864,4,1
218,9,0.20530836284160614,2,1
219,-10,0.16647300124168396,1,0
220,7,0.17175508802756667,4,1
221,8,0.07126992071668307,3,1
222,-50,0.049353154711425304,50,0
223,7,0.036072065588086843,4,1
224,6,0.03231227286159992,5,1
225,8,0.0653271699945132,3,1
226,10,0.016314566135406494,1,1
227,8,0.030810863400499027,3,1
228,8,0.027601429571708042,3,1
229,10,0.01618145778775215,1,1
230,7,0.02517323847860098,4,1
231,7,0.13214014703407884,4,1
232,8,0.021792561436692875,3,1
233,10,0.024481400847434998,1,1
234,10,0.03515879809856415,1,1
235,10,0.014880522154271603,1,1
236,9,0.016771302558481693,2,1
237,7,0.019309850875288248,4,1
238,8,0.09294669857869546,3,1
239,-15,0.03772889698545138,6,0
240,8,0.04690485633909702,3,1
241,8,0.1449259870375196,3,1
242,-5,0.0651548599707894,16,1
243,10,0.009962460957467556,1,1
244,9,0.00795884127728641,2,1
245,9,0.22220073221251369,2,1
246,8,0.08938080289711554,3,1
247,10,0.012669691815972328,1,1
248,7,0.026093501364812255,4,1
249,9,0.044965000823140144,2,1
250,7,0.10129537049215287,4,1
251,8,0.026450004428625107,3,1
252,10,0.403165727853775,1,1
253,10,0.00692008389160037,1,1
254,9,0.02803898975253105,2,1
255,10,0.04781593382358551,1,1
256,6,0.10064636804163456,5,1
257,6,0.017394786514341832,5,1
258,10,0.0320766307413578,1,1
259,10,0.009837196208536625,1,1
260,9,0.04323723912239075,2,1
261,9,0.023677781224250793,2,1
262,8,0.021195275398592155,3,1
263,6,0.012292702309787273,5,1
264,9,0.03171431925147772,2,1
265,8,0.021947020664811134,3,1
266,8,0.022912238414088886,3,1
267,5,0.11502578699340422,6,1
268,9,0.03915210999548435,2,1
269,9,0.026090349070727825,2,1
270,10,0.03425690531730652,1,1
271,9,0.053668596781790257,2,1
272,7,0.03261363529600203,4,1
273,-41,0.07008252780360635,32,0
274,10,0.01689334399998188,1,1
275,7,0.036959520541131496,4,1
276,9,0.14888877235352993,2,1
277,7,0.14770533004775643,4,1
278,10,0.22627770900726318,1,1
279,7,0.03199068538378924,4,1
280,9,0.02223128452897072,2,1
281,10,0.11456344276666641,1,1
282,7,0.06128596793860197,4,1
283,-11,0.04028332233428955,2,0
284,9,0.055580293759703636,2,1
285,9,0.1673645693808794,2,1
286,7,0.0842133155092597,4,1
287,5,0.025737000939746697,6,1
288,8,0.048716090619564056,3,1
289,9,0.021822191774845123,2,1
290,-12,0.08343261844761994,23,1
291,9,0.11944806948304176,2,1
292,7,0.04676643665879965,4,1
293,5,0.0922052717457215,6,1
294,9,0.022279871627688408,2,1
295,-50,0.06991086512804032,50,0
296,8,0.03802923858165741,3,1
297,9,0.021345775574445724,2,1
298,10,0.01481286808848381,1,1
299,9,0.044877415522933006,2,1
300,7,0.09159313328564167,4,1
301,9,0.026952339336276054,2,1
302,9,0.055392577312886715,2,1
303,7,0.05645044706761837,4,1
304,10,0.0873861238360405,1,1
305,7,0.11052215681411326,4,1
306,6,0.10233482867479324,5,1
307,9,0.07486571557819843,2,1
308,9,0.09092243388295174,2,1
309,6,0.04300415366888046,5,1
310,6,0.12841622680425643,5,1
311,9,0.028015191666781902,2,1
312,8,0.09869320318102837,3,1
313,10,0.05647694319486618,1,1
314,6,0.07501247376203538,5,1
315,6,0.07598644345998765,5,1
316,8,0.18506168698271117,3,1
317,8,0.045875063786904015,3,1
318,-50,0.08779282536357641,50,0
319,7,0.09576777927577496,4,1
320,8,0.11892357158164184,3,1
321,9,0.026176176965236664,2,1
322,10,0.07476870715618134,1,1
323,10,0.01656993106007576,1,1
324,10,0.0173670444637537,1,1
325,9,0.0933550726622343,2,1
326,9,0.12651645950973034,2,1
327,7,0.08599679637700319,4,1
328,7,0.041058334056288004,4,1
329,10,0.05272487923502922,1,1
330,7,0.04008739348500967,4,1
331,9,0.0652348417788744,2,1
332,8,0.08654242381453514,3,1
333,7,0.07116684131324291,4,1
334,6,0.12238959744572639,5,1
335,8,0.11563761035601298,3,1
336,6,0.06776028014719486,5,1
337,9,0.0500389663502574,2,1
338,2,0.06811864032513565,9,1
339,8,0.04026176035404205,3,1
340,7,0.05913792084902525,4,1
341,9,0.12453775852918625,2,1
342,9,0.05513717234134674,2,1
343,9,0.0571970883756876,2,1
344,10,0.04242536798119545,1,1
345,8,0.112339548766613,3,1
346,9,0.2049885243177414,2,1
347,6,0.035183829814195634,5,1
348,7,0.043771028984338045,4,1
349,10,0.012412946671247482,1,1
350,7,0.03671297710388899,4,1
351,8,0.09603424804906051,3,1
352,6,0.07308758161962033,5,1
353,8,0.022613801062107086,3,1
354,9,0.02916178945451975,2,1
355,6,0.05106739774346351,5,1
356,9,0.024797112680971622,2,1
357,9,0.011356641072779894,2,1
358,10,0.08158332109451294,1,1
359,10,0.027769047766923904,1,1
360,10,0.3885834813117981,1,1
361,10,0.022544309496879578,1,1
362,7,0.04260397236794233,4,1
363,8,0.09099527758856614,3,1
364,7,0.15615319646894932,4,1
365,8,0.042518721893429756,3,1
366,9,0.09464297071099281,2,1
367,10,0.02418503910303116,1,1
368,10,0.04532065987586975,1,1
369,7,0.132744200527668,4,1
370,10,0.36563801765441895,1,1
371,8,0.1005634559939305,3,1
372,-19,0.04558411724865437,10,0
373,6,0.06066495329141617,5,1
374,8,0.12045587102572124,3,1
375,9,0.09043193608522415,2,1
376,8,0.03433756406108538,3,1
377,10,0.21376144886016846,1,1
378,9,0.07174965366721153,2,1
379,6,0.14590364694595337,5,1
380,9,0.09690744057297707,2,1
381,7,0.060598562471568584,4,1
382,8,0.12644236534833908,3,1
383,6,0.03132559973746538,5,1
384,7,0.03468830976635218,4,1
385,6,0.0627938337624073,5,1
386,9,0.018116858322173357,2,1
387,9,0.019377587363123894,2,1
388,8,0.04737569888432821,3,1
389,9,0.05545849725604057,2,1
390,8,0.1653083140651385,3,1
391,5,0.03506970917806029,6,1
392,10,0.05962473899126053,1,1
393,10,0.09426064789295197,1,1
394,8,0.09747187048196793,3,1
395,8,0.14529860330124697,3,1
396,9,0.10832924395799637,2,1
397,8,0.03610011811057726,3,1
398,8,0.11138691008090973,3,1
399,7,0.03152335807681084,4,1
400,7,0.038476619869470596,4,1
401,8,0.0533735870073239,3,1
402,-7,0.05301223250312938,18,1
403,10,0.09118723124265671,1,1
404,10,0.057113517075777054,1,1
405,9,0.059530800208449364,2,1
406,8,0.08319629480441411,3,1
407,7,0.05606019729748368,4,1
408,8,0.03912964711586634,3,1
409,10,0.016736693680286407,1,1
410,9,0.04173916019499302,2,1
411,9,0.12340676225721836,2,1
412,10,0.2308652549982071,1,1
413,9,0.048253003507852554,2,1
414,7,0.03428416280075908,4,1
415,8,0.11007109532753627,3,1
416,9,0.042321544140577316,2,1
417,-26,0.08266432908036418,37,1
418,9,0.04898666404187679,2,1
419,8,0.038933473328749336,3,1
420,7,0.11132683604955673,4,1
421,8,0.031752669562896095,3,1
422,6,0.06134018488228321,5,1
423,7,0.043213311582803726,4,1
424,7,0.03485330194234848,4,1
425,6,0.12727095037698746,5,1
426,6,0.07667469382286071,5,1
427,8,0.034472097953160606,3,1
428,6,0.03756444081664086,5,1
429,5,0.06384940383334954,6,1
430,10,0.07185154408216476,1,1
431,9,0.04645782336592674,2,1
432,5,0.044799997471272945,6,1
433,10,0.06696774065494537,1,1
434,8,0.14776097734769186,3,1
435,8,0.035362246756752334,3,1
436,7,0.12165200989693403,4,1
437,7,0.14203984662890434,4,1
438,5,0.03087957901880145,6,1
439,10,0.09937356412410736,1,1
440,7,0.022781271021813154,4,1
441,5,0.1040848009288311,6,1
442,9,0.24105699360370636,2,1
443,6,0.057037129253149035,5,1
444,9,0.06121928431093693,2,1
445,10,0.08657042682170868,1,1
446,8,0.09646093100309372,3,1
447,9,0.035350860096514225,2,1
448,10,0.07305634021759033,1,1
449,9,0.05446336977183819,2,1
450,9,0.14781938400119543,2,1
451,5,0.041193023324012756,6,1
452,10,0.02222326584160328,1,1
453,9,0.046312613412737846,2,1
454,8,0.06292010098695755,3,1
455,7,0.037483105435967445,4,1
456,9,0.021704033482819796,2,1
457,6,0.10434288270771504,5,1
458,7,0.214939814992249,4,1
459,9,0.24032610654830933,2,1
460,7,0.050783746875822544,4,1
461,8,0.025738126908739407,3,1
462,10,0.280729204416275,1,1
463,4,0.08069278406245368,7,1
464,7,0.03500260133296251,4,1
465,10,0.1982760727405548,1,1
466,10,0.19651497900485992,1,1
467,9,0.04791660234332085,2,1
468,10,0.02314373105764389,1,1
469,9,0.04270997550338507,2,1
470,1,0.07114839237183332,10,1
471,10,0.04365529865026474,1,1
472,8,0.050859495997428894,3,1
473,6,0.11559186540544034,5,1
474,7,0.07069596461951733,4,1
475,8,0.032206468284130096,3,1
476,8,0.03995059865216414,3,1
477,10,0.12451814860105515,1,1
478,10,0.10974989831447601,1,1
479,7,0.12355478527024388,4,1
480,10,0.025117330253124237,1,1
481,8,0.036045425261060395,3,1
482,8,0.1352042636523644,3,1
483,10,0.0462372861802578,1,1
484,6,0.059348085150122645,5,1
485,8,0.052738272895415626,3,1
486,8,0.060632659743229546,3,1
487,9,0.07716892845928669,2,1
488,9,0.03175615333020687,2,1
489,10,0.04643755406141281,1,1
490,9,0.0309702530503273,2,1
491,7,0.030572016024962068,4,1
492,10,0.025086121633648872,1,1
493,8,0.03618350004156431,3,1
494,6,0.04188860543072224,5,1
495,9,0.04356563277542591,2,1
496,9,0.05095602013170719,2,1
497,6,0.03536424487829208,5,1
498,3,0.09288356080651283,8,1
499,8,0.05865858495235443,3,1
500,10,0.0459151566028595,1,1
501,9,0.02464618068188429,2,1
502,9,0.22151650302112103,2,1
503,7,0.04633654374629259,4,1
504,10,0.34798678755760193,1,1
505,9,0.029103215783834457,2,1
506,7,0.02114961505867541,4,1
507,9,0.02781426254659891,2,1
508,9,0.07679817825555801,2,1
509,7,0.043739719316363335,4,1
510,9,0.028555449098348618,2,1
511,4,0.08294334116258792,7,1
512,7,0.03308855858631432,4,1
513,9,0.0805181935429573,2,1
514,10,0.014872969128191471,1,1
515,7,0.10206021857447922,4,1
516,7,0.04270716896280646,4,1
517,9,0.09193582832813263,2,1
518,7,0.07102937810122967,4,1
519,6,0.04729196541011334,5,1
520,-1,0.03768633088717858,12,1
521,6,0.03777494356036186,5,1
522,9,0.03239944018423557,2,1
523,6,0.03811815418303013,5,1
524,7,0.04659874504432082,4,1
525,9,0.025581007823348045,2,1
526,9,0.027001813054084778,2,1
527,10,0.0554492250084877,1,1
528,10,0.12261172384023666,1,1
529,8,0.048086910819013916,3,1
530,7,0.046726577915251255,4,1
531,9,0.0444156788289547,2,1
532,4,0.021668714338115284,7,1
533,8,0.04926071750621001,3,1
534,10,0.03110567480325699,1,1
535,9,0.03803840186446905,2,1
536,10,0.07704668492078781,1,1
537,9,0.023716560564935207,2,1
538,-50,0.053714437726885084,50,0
539,7,0.03116451809182763,4,1
540,5,0.036365763594706856,6,1
541,7,0.07860077545046806,4,1
542,7,0.03990755928680301,4,1
543,8,0.06475900113582611,3,1
544,7,0.03994601685553789,4,1
545,-25,0.047913228135762945,36,1
546,8,0.08117762828866641,3,1
547,8,0.04899450143178304,3,1
548,7,0.05553098302334547,4,1
549,4,0.03831058820443494,7,1
550,7,0.047122854739427567,4,1
551,0,0.06754508750005202,11,1
552,5,0.04098593102147182,6,1
553,7,0.032150357495993376,4,1
554,9,0.030495110899209976,2,1
555,7,0.04076041281223297,4,1
556,5,0.0402694387982289,6,1
557,9,0.03392446879297495,2,1
558,-27,0.04448629657013549,18,0
559,6,0.04698343090713024,5,1
560,6,0.025321920029819013,5,1
561,8,0.02551453933119774,3,1
562,9,0.014661221764981747,2,1
563,10,0.030536338686943054,1,1
564,10,0.02359328791499138,1,1
565,10,0.03768199682235718,1,1
566,10,0.031063862144947052,1,1
567,8,0.04414927586913109,3,1
568,6,0.033920641802251336,5,1
569,8,0.05842715501785278,3,1
570,6,0.04129989072680473,5,1
571,-14,0.08093149468302727,25,1
572,8,0.05816328308234612,3,1
573,8,0.03313108285268148,3,1
574,7,0.03911513602361083,4,1
575,8,0.031010090683897335,3,1
576,9,0.01559531083330512,2,1
577,-33,0.05950651329476386,24,0
578,10,0.020638342946767807,1,1
579,8,0.031034500648578007,3,1
580,8,0.08026918830970924,3,1
581,7,0.02074149949476123,4,1
582,6,0.04641993921250105,5,1
583,7,0.028105747420340776,4,1
584,9,0.03573686070740223,2,1
585,8,0.05328690757354101,3,1
586,10,0.12267708033323288,1,1
587,9,0.06231946125626564,2,1
588,8,0.04031263912717501,3,1
589,10,0.06491640210151672,1,1
590,8,0.02552377184232076,3,1
591,8,0.06953104585409164,3,1
592,9,0.056886306032538414,2,1
593,10,0.03079167753458023,1,1
594,9,0.04320681840181351,2,1
595,8,0.10564703370134036,3,1
596,10,0.034768685698509216,1,1
597,8,0.14268876612186432,3,1
598,8,0.05925794566671053,3,1
599,8,0.03403830217818419,3,1
600,7,0.05194319086149335,4,1
601,9,0.03194458223879337,2,1
602,10,0.15135766565799713,1,1
603,10,0.03120577707886696,1,1
604,7,0.04360246704891324,4,1
605,8,0.031890073170264564,3,1
606,10,0.01655278354883194,1,1
607,7,0.033925323747098446,4,1
608,9,0.05529446341097355,2,1
609,10,0.03497657924890518,1,1
610,8,0.02592328128715356,3,1
611,7,0.029834176413714886,4,1
612,7,0.0331648513674736,4,1
613,7,0.028469744138419628,4,1
614,7,0.01849508215673268,4,1
615,9,0.028744980692863464,2,1
616,9,0.02911428827792406,2,1
617,9,0.02101916680112481,2,1
618,9,0.021469026803970337,2,1
619,10,0.019030127674341202,1,1
620,6,0.025296487659215928,5,1
621,9,0.026713773608207703,2,1
622,8,0.02615428405503432,3,1
623,9,0.035611337050795555,2,1
624,8,0.027866797521710396,3,1
625,9,0.02487325482070446,2,1
626,9,0.020567105151712894,2,1
627,10,0.021351151168346405,1,1
628,10,0.016319788992404938,1,1
629,9,0.01941333059221506,2,1
630,10,0.028015077114105225,1,1
631,-1,0.02255144001295169,12,1
632,10,0.023920822888612747,1,1
633,8,0.0179360822464029,3,1
634,10,0.016413845121860504,1,1
635,7,0.023226386168971658,4,1
636,9,0.019547719974070787,2,1
637,6,0.03051302768290043,5,1
638,9,0.016666114795953035,2,1
639,8,0.022578951592246693,3,1
640,8,0.019388590939342976,3,1
641,-6,0.0329213819521315,17,1
642,9,0.03863798454403877,2,1
643,8,0.07221014859775703,3,1
644,8,0.04510902861754099,3,1
645,0,0.05375065078789538,11,1
646,8,0.019791035292049248,3,1
647,8,0.019716855448981125,3,1
648,10,0.055767714977264404,1,1
649,10,0.01989220827817917,1,1
650,9,0.032509755343198776,2,1
651,9,0.019610269460827112,2,1
652,7,0.04775082832202315,4,1
653,9,0.05191784165799618,2,1
654,9,0.0360668133944273,2,1
655,7,0.04143424658104777,4,1
656,9,0.03372451849281788,2,1
657,9,0.03010398242622614,2,1
658,9,0.04287711810320616,2,1
659,4,0.04615076711135251,7,1
660,6,0.027481882274150847,5,1
661,-8,0.025676794987367958,19,1
662,10,0.04472997784614563,1,1
663,9,0.028815592639148235,2,1
664,9,0.047537749633193016,2,1
665,6,0.022832756862044334,5,1
666,-34,0.030874958243221045,25,0
667,8,0.12705457862466574,3,1
668,9,0.020771712996065617,2,1
669,10,0.012194190174341202,1,1
670,3,0.016886479570530355,8,1
671,8,0.02009723459680875,3,1
672,9,0.010765308514237404,2,1
673,9,0.010772343259304762,2,1
674,8,0.11403652653098106,3,1
675,7,0.03205909952521324,4,1
676,10,0.02858859859406948,1,1
677,9,0.06911400705575943,2,1
678,9,0.029665967915207148,2,1
679,8,0.02085679955780506,3,1
680,10,0.0777982771396637,1,1
681,9,0.047963024117052555,2,1
682,8,0.022943584248423576,3,1
683,8,0.04015948002537092,3,1
684,8,0.013466337385276953,3,1
685,8,0.016191680294771988,3,1
686,6,0.07574753016233444,5,1
687,10,0.01972917839884758,1,1
688,9,0.039378599263727665,2,1
689,10,0.021200723946094513,1,1
690,10,0.28328976035118103,1,1
691,9,0.01667103124782443,2,1
692,10,0.028805579990148544,1,1
693,7,0.033201783429831266,4,1
694,7,0.026252963580191135,4,1
695,10,0.014054745435714722,1,1
696,8,0.036836100121339165,3,1
697,8,0.02292624240120252,3,1
698,7,0.0298083801753819,4,1
699,8,0.01936793016890685,3,1
700,7,0.0205642010550946,4,1
701,-50,0.03408042505383491,50,0
702,7,0.014018032234162092,4,1
703,9,0.08105891942977905,2,1
704,7,0.06889617769047618,4,1
705,-16,0.03352425651003917,27,1
706,10,0.013557828031480312,1,1
707,7,0.11889460030943155,4,1
708,10,0.06415009498596191,1,1
709,9,0.04692581854760647,2,1
710,10,0.04589927941560745,1,1
711,9,0.03589759021997452,2,1
712,8,0.02313068074484666,3,1
713,10,0.02898447960615158,1,1
714,9,0.022355866618454456,2,1
715,7,0.0688162068836391,4,1
716,8,0.02475692859540383,3,1
717,8,0.013066642607251803,3,1
718,8,0.029666347429156303,3,1
719,10,0.014554119668900967,1,1
720,8,0.043530998130639396,3,1
721,9,0.09296951815485954,2,1
722,-14,0.030709777735173704,25,1
723,7,0.06262765731662512,4,1
724,8,0.07900740578770638,3,1
725,8,0.0480384627978007,3,1
726,9,0.12067506089806557,2,1
727,8,0.0529696736484766,3,1
728,9,0.024904310703277588,2,1
729,8,0.01487505187590917,3,1
730,8,0.013853813211123148,3,1
731,8,0.011512727166215578,3,1
732,7,0.01641040632966906,4,1
733,10,0.010978305712342262,1,1
734,8,0.030781767641504604,3,1
735,9,0.03242754936218262,2,1
736,8,0.015245990362018347,3,1
737,10,0.017892688512802124,1,1
738,9,0.054598052985966206,2,1
739,9,0.02388844173401594,2,1
740,10,0.02316213771700859,1,1
741,9,0.018209784291684628,2,1
742,5,0.03397995249057809,6,1
743,10,0.06068726256489754,1,1
744,8,0.03137031073371569,3,1
745,10,0.046813804656267166,1,1
746,10,0.07434841245412827,1,1
747,9,0.032223086804151535,2,1
748,9,0.010766338091343641,2,1
749,8,0.01443698319296042,3,1
750,7,0.02812286769039929,4,1
751,8,0.025775995415945847,3,1
752,8,0.012408475702007612,3,1
753,8,0.01125557254999876,3,1
754,8,0.011424891029795011,3,1
755,9,0.010347828269004822,2,1
756,10,0.06318789720535278,1,1
757,6,0.055248288251459596,5,1
758,7,0.021083557978272438,4,1
759,6,0.05277601592242718,5,1
760,9,0.016543333884328604,2,1
761,8,0.016054982629915077,3,1
762,10,0.023758167400956154,1,1
763,9,0.013909310568124056,2,1
764,9,0.04804578609764576,2,1
765,9,0.033298853784799576,2,1
766,7,0.016503355465829372,4,1
767,6,0.05228387732058763,5,1
768,9,0.022967038676142693,2,1
769,8,0.014873345382511616,3,1
770,8,0.016431378666311502,3,1
771,7,0.01844784733839333,4,1
772,6,0.026276544108986853,5,1
773,8,0.049947673454880714,3,1
774,10,0.06307065486907959,1,1
775,10,0.01830911822617054,1,1
776,8,0.017067871366937954,3,1
777,-12,0.08126586241026719,3,0
778,10,0.06622046232223511,1,1
779,7,0.04098176374100149,4,1
780,7,0.05832328833639622,4,1
781,8,0.029542603219548862,3,1
782,10,0.20127688348293304,1,1
783,8,0.13722294196486473,3,1
784,8,0.019669601693749428,3,1
785,9,0.021824557334184647,2,1
786,10,0.04369628429412842,1,1
787,10,0.1557159572839737,1,1
788,9,0.014163787476718426,2,1
789,10,0.008423132821917534,1,1
790,10,0.007115013897418976,1,1
791,10,0.15485860407352448,1,1
792,9,0.024970542639493942,2,1
793,8,0.017876024823635817,3,1
794,8,0.02167319320142269,3,1
795,9,0.02464780118316412,2,1
796,8,0.027355976402759552,3,1
797,9,0.015902543906122446,2,1
798,10,0.06118277460336685,1,1
799,9,0.08537681959569454,2,1
800,5,0.03881780865291754,6,1
801,8,0.024151622007290523,3,1
802,9,0.025646360591053963,2,1
803,6,0.03875888772308826,5,1
804,10,0.013290018774569035,1,1
805,10,0.026793191209435463,1,1
806,9,0.04062463901937008,2,1
807,8,0.021104602764050167,3,1
808,7,0.05044135730713606,4,1
809,-50,0.040360338808968665,50,0
810,8,0.019880870978037517,3,1
811,8,0.00917476819207271,3,1
812,8,0.02485793208082517,3,1
813,8,0.032843116049965225,3,1
814,7,0.18092402443289757,4,1
815,10,0.02075701206922531,1,1
816,6,0.02719111805781722,5,1
817,9,0.013423444237560034,2,1
818,7,0.019400643417611718,4,1
819,8,0.029800840963919956,3,1
820,7,0.01849501533433795,4,1
821,8,0.020536992698907852,3,1
822,-50,0.03463910717517137,50,0
823,9,0.016890738159418106,2,1
824,7,0.0967553686350584,4,1
825,-50,0.04413063311949372,50,0
826,9,0.02980752568691969,2,1
827,9,0.026533490978181362,2,1
828,10,0.08796629309654236,1,1
829,8,0.07000062242150307,3,1
830,9,0.01400800421833992,2,1
831,7,0.014690035488456488,4,1
832,8,0.03959373695154985,3,1
833,10,0.018663670867681503,1,1
834,10,0.016491979360580444,1,1
835,6,0.04272490311414003,5,1
836,7,0.10050535667687654,4,1
837,10,0.03815579414367676,1,1
838,8,0.022906489049394924,3,1
839,9,0.030627530068159103,2,1
840,8,0.07538001611828804,3,1
841,5,0.02661099998901288,6,1
842,8,0.029198094581564266,3,1
843,9,0.030268987640738487,2,1
844,8,0.04636039398610592,3,1
845,5,0.02838937643294533,6,1
846,6,0.043954814225435256,5,1
847,5,0.022857428217927616,6,1
848,9,0.033335172571241856,2,1
849,9,0.0834928173571825,2,1
850,9,0.1683668838813901,2,1
851,8,0.03200625038395325,3,1
852,7,0.020832368172705173,4,1
853,9,0.08024512324482203,2,1
854,7,0.04099216125905514,4,1
855,9,0.054767657071352005,2,1
856,-50,0.04242374211549759,50,0
857,10,0.027825700119137764,1,1
858,10,0.025443192571401596,1,1
859,9,0.059042204171419144,2,1
860,10,0.016367826610803604,1,1
861,7,0.09221184765920043,4,1
862,9,0.05190124921500683,2,1
863,9,0.06791517604142427,2,1
864,10,0.015676572918891907,1,1
865,9,0.042606351897120476,2,1
866,7,0.03519873088225722,4,1
867,10,0.008916718885302544,1,1
868,9,0.05246016941964626,2,1
869,10,0.0584549754858017,1,1
870,7,0.017316917423158884,4,1
871,8,0.033467856546243034,3,1
872,9,0.059527437668293715,2,1
873,6,0.015159126929938793,5,1
874,10,0.0891464427113533,1,1
875,10,0.016932830214500427,1,1
876,8,0.05295127257704735,3,1
877,10,0.02089410088956356,1,1
878,9,0.019201869145035744,2,1
879,5,0.06703033639738958,6,1
880,10,0.057331934571266174,1,1
881,6,0.041924528405070306,5,1
882,9,0.027633722871541977,2,1
883,6,0.034588484838604924,5,1
884,7,0.05290777259506285,4,1
885,8,0.012861239413420359,3,1
886,6,0.014427035674452781,5,1
887,9,0.0379034373909235,2,1
888,9,0.091397725045681,2,1
889,8,0.05994608160108328,3,1
890,8,0.06941148762901624,3,1
891,8,0.07014161410431068,3,1
892,9,0.050345711410045624,2,1
893,-38,0.035798977898927976,49,1
894,9,0.07569631282240152,2,1
895,8,0.024194652835528057,3,1
896,10,0.02604285627603531,1,1
897,9,0.026481566950678825,2,1
898,4,0.02793208190373012,7,1
899,9,0.029499726369976997,2,1
900,10,0.029082980006933212,1,1
901,-10,0.05612913519144058,1,0
902,10,0.09528431296348572,1,1
903,6,0.08664806559681892,5,1
904,7,0.13867150573059916,4,1
905,8,0.023194342230757076,3,1
906,7,0.10004651639610529,4,1
907,9,0.02545738033950329,2,1
908,9,0.03360958583652973,2,1
909,10,0.04030729457736015,1,1
910,8,0.1274007981022199,3,1
911,8,0.051963103314240776,3,1
912,10,0.06323737651109695,1,1
913,7,0.06144114024937153,4,1
914,-50,0.051190043138340115,50,0
915,7,0.10403734678402543,4,1
916,7,0.03823496773838997,4,1
917,9,0.03722410276532173,2,1
918,8,0.020618116483092308,3,1
919,7,0.0307249934412539,4,1
920,9,0.02062578871846199,2,1
921,-6,0.03451550828621668,17,1
922,10,0.018576186150312424,1,1
923,10,0.07646169513463974,1,1
924,8,0.11540208756923676,3,1
925,-11,0.06895965481684967,22,1
926,6,0.044802192226052286,5,1
927,8,0.030269729904830456,3,1
928,8,0.02066358116765817,3,1
929,-8,0.03279370446934512,19,1
930,6,0.04372903257608414,5,1
931,-10,0.02287628874182701,1,0
932,8,0.04932787703971068,3,1
933,7,0.018274794798344374,4,1
934,9,0.022888110019266605,2,1
935,10,0.024749670177698135,1,1
936,-18,0.03706879162325941,29,1
937,10,0.02705075405538082,1,1
938,7,0.15027652587741613,4,1
939,9,0.05067399516701698,2,1
940,7,0.08837253646925092,4,1
941,10,0.043498605489730835,1,1
942,-11,0.020667611621320248,2,0
943,7,0.034439626382663846,4,1
944,9,0.04325084947049618,2,1
945,4,0.07877797101225172,7,1
946,-11,0.0602190550416708,2,0
947,6,0.07401652336120605,5,1
948,6,0.04078801069408655,5,1
949,8,0.016438457183539867,3,1
950,8,0.03307769695917765,3,1
951,8,0.021428961927692097,3,1
952,9,0.06746714562177658,2,1
953,7,0.21301375143229961,4,1
954,8,0.02143824566155672,3,1
955,8,0.04254137848814329,3,1
956,8,0.021952076504627865,3,1
957,8,0.024503803501526516,3,1
958,9,0.023428423330187798,2,1
959,7,0.021181268617510796,4,1
960,9,0.02833976410329342,2,1
961,-24,0.040944826975464824,15,0
962,10,0.013602253049612045,1,1
963,7,0.15491663431748748,4,1
964,8,0.19631850719451904,3,1
965,10,0.04043959453701973,1,1
966,10,0.04949431121349335,1,1
967,10,0.01392476074397564,1,1
968,8,0.03934220286707083,3,1
969,8,0.024851761137445767,3,1
970,8,0.0777374313523372,3,1
971,7,0.031030501704663038,4,1
972,4,0.04093600170952933,7,1
973,9,0.1588969649747014,2,1
974,7,0.03562201838940382,4,1
975,8,0.09348765077690284,3,1
976,9,0.14227715879678726,2,1
977,8,0.03518407791852951,3,1
978,9,0.05343744531273842,2,1
979,9,0.014931309036910534,2,1
980,9,0.018965200521051884,2,1
981,9,0.06379746086895466,2,1
982,9,0.029367240145802498,2,1
983,6,0.1448775317519903,5,1
984,8,0.026484268717467785,3,1
985,8,0.050417572259902954,3,1
986,7,0.05869015632197261,4,1
987,4,0.023458716858710562,7,1
988,8,0.03023255740602811,3,1
989,5,0.04765940519670645,6,1
990,10,0.015730129554867744,1,1
991,8,0.03185023367404938,3,1
992,9,0.1688505532220006,2,1
993,6,0.0381697915494442,5,1
994,7,0.05196301452815533,4,1
995,10,0.04268454760313034,1,1
996,8,0.02025861789782842,3,1
997,7,0.02814296493306756,4,1
998,7,0.07506893621757627,4,1
999,10,0.019771628081798553,1,1
1000,-17,0.0657449125844453,28,1
1,6,0.02655533589422703,5,1
2,8,0.1585770659148693,3,1
3,7,0.2041469975374639,4,1
4,7,0.03675239626318216,4,1
5,9,0.04875110276043415,2,1
6,4,0.03686812546636377,7,1
7,10,0.03859167546033859,1,1
8,1,0.07072980348020792,10,1
9,9,0.02643133420497179,2,1
10,6,0.03450171463191509,5,1
11,7,0.12800214113667607,4,1
12,9,0.07458690367639065,2,1
13,9,0.0257563479244709,2,1
14,10,0.018761586397886276,1,1
15,6,0.029319724440574645,5,1
16,-1,0.05345763514439265,12,1
17,7,0.03043015766888857,4,1
18,8,0.13752025241653124,3,1
19,6,0.06901121214032173,5,1
20,4,0.11687804252973624,7,1
21,3,0.04488283023238182,8,1
22,9,0.015436798334121704,2,1
23,7,0.0459383656270802,4,1
24,9,0.06463323347270489,2,1
25,8,0.08541558310389519,3,1
26,9,0.04715253226459026,2,1
27,-50,0.05854866672307253,50,0
28,7,0.032674580346792936,4,1
29,8,0.022478707134723663,3,1
30,9,0.02902822196483612,2,1
31,9,0.027432532515376806,2,1
32,6,0.03968632742762566,5,1
33,9,0.03340274188667536,2,1
34,8,0.04382029548287392,3,1
35,8,0.029551950904230278,3,1
36,10,0.025787003338336945,1,1
37,8,0.018970563697318237,3,1
38,10,0.09679518640041351,1,1
39,-10,0.02476031705737114,1,0
40,-12,0.06069790624567996,23,1
41,10,0.04168679192662239,1,1
42,8,0.014215114526450634,3,1
43,6,0.030811209976673127,5,1
44,7,0.026407696772366762,4,1
45,8,0.03574262621502081,3,1
46,8,0.17009027488529682,3,1
47,9,0.045103118754923344,2,1
48,8,0.020746522893508274,3,1
49,8,0.16951912889877954,3,1
50,10,0.2052590698003769,1,1
51,8,0.02171806866923968,3,1
52,9,0.037825495935976505,2,1
53,9,0.0360935740172863,2,1
54,7,0.031211076769977808,4,1
55,9,0.029824314638972282,2,1
56,8,0.02595335276176532,3,1
57,9,0.023010067641735077,2,1
58,6,0.01826196052134037,5,1
59,4,0.08576840454978603,7,1
60,8,0.039664823561906815,3,1
61,8,0.04071515053510666,3,1
62,10,0.0623994804918766,1,1
63,8,0.041127474357684456,3,1
64,9,0.07453625090420246,2,1
65,9,0.036418598145246506,2,1
66,10,0.12397577613592148,1,1
67,8,0.17723525688052177,3,1
68,9,0.04673704691231251,2,1
69,9,0.025008557364344597,2,1
70,9,0.02629600651562214,2,1
71,9,0.025051379576325417,2,1
72,6,0.023828630149364472,5,1
73,9,0.023232555016875267,2,1
74,7,0.0365247200243175,4,1
75,7,0.0529022766277194,4,1
76,9,0.022961769253015518,2,1
77,8,0.019584545865654945,3,1
78,8,0.04601715256770452,3,1
79,8,0.023009355490406353,3,1
80,8,0.06843531752626102,3,1
81,7,0.049959251657128334,4,1
82,10,0.045369721949100494,1,1
83,9,0.04654308408498764,2,1
84,8,0.0597664974629879,3,1
85,10,0.02803960256278515,1,1
86,9,0.03430464677512646,2,1
87,10,0.03430414944887161,1,1
88,7,0.02366776531562209,4,1
89,8,0.01962980255484581,3,1
90,5,0.12605439716329178,6,1
91,10,0.04508855938911438,1,1
92,9,0.08849715441465378,2,1
93,10,0.03860371559858322,1,1
94,8,0.052949925884604454,3,1
95,10,0.01972956396639347,1,1
96,8,0.01896795692543189,3,1
97,9,0.02327469363808632,2,1
98,7,0.09610330825671554,4,1
99,9,0.01876786071807146,2,1
100,6,0.024970644898712636,5,1
101,8,0.013836991662780443,3,1
102,8,0.13751932481924692,3,1
103,10,0.04591754078865051,1,1
104,7,0.0295323240570724,4,1
105,10,0.04854815453290939,1,1
106,6,0.020616958476603033,5,1
107,7,0.020669743069447577,4,1
108,10,0.015709932893514633,1,1
109,8,0.11606151858965556,3,1
110,10,0.009402725845575333,1,1
111,8,0.048358649325867496,3,1
112,10,0.02594763971865177,1,1
113,7,0.01558125508017838,4,1
114,4,0.026006553322076797,7,1
115,9,0.015307254157960415,2,1
116,8,0.04876493290066719,3,1
117,6,0.02528191953897476,5,1
118,6,0.04441431239247322,5,1
119,10,0.04392918944358826,1,1
120,4,0.02438043536884444,7,1
121,-50,0.0475503452308476,50,0
122,7,0.0937643637880683,4,1
123,7,0.08656173502095044,4,1
124,7,0.01717778528109193,4,1
125,8,0.038944829255342484,3,1
126,-50,0.04761544518172741,50,0
127,10,0.01909920759499073,1,1
128,7,0.05087520880624652,4,1
129,8,0.03876445566614469,3,1
130,7,0.015395279042422771,4,1
131,7,0.017723687225952744,4,1
132,9,0.014438256621360779,2,1
133,8,0.012676871692140898,3,1
134,7,0.03161825565621257,4,1
135,8,0.03496881698568662,3,1
136,10,0.019433943554759026,1,1
137,9,0.01527327299118042,2,1
138,8,0.02538875862956047,3,1
139,9,0.014209432527422905,2,1
140,-50,0.03584833087399602,50,0
141,10,0.008741820231080055,1,1
142,7,0.01748696598224342,4,1
143,9,0.03829449415206909,2,1
144,7,0.034213235368952155,4,1
145,9,0.02693656086921692,2,1
146,7,0.013049544184468687,4,1
147,-26,0.031318239892858105,37,1
148,8,0.05962912800411383,3,1
149,10,0.01631699502468109,1,1
150,9,0.017220243345946074,2,1
151,10,0.012685123831033707,1,1
152,9,0.10431425785645843,2,1
153,9,0.009631690569221973,2,1
154,-50,0.026586130214855074,50,0
155,10,0.005506575107574463,1,1
156,10,0.005754259414970875,1,1
157,4,0.052624166677040715,7,1
158,6,0.015402046591043472,5,1
159,8,0.03154238251348337,3,1
160,8,0.058806403229633965,3,1
161,6,0.04634309411048889,5,1
162,7,0.024180505890399218,4,1
163,10,0.030370254069566727,1,1
164,10,0.04719497635960579,1,1
165,8,0.015274113665024439,3,1
166,7,0.013125879922881722,4,1
167,5,0.014438550841684142,6,1
168,9,0.01845383457839489,2,1
169,9,0.02516956441104412,2,1
170,7,0.03151189652271569,4,1
171,9,0.02197528164833784,2,1
172,7,0.09216955630108714,4,1
173,9,0.011955797672271729,2,1
174,10,0.011904492042958736,1,1
175,10,0.007410045713186264,1,1
176,6,0.04863059781491756,5,1
177,-50,0.05169892592355609,50,0
178,7,0.04633050877600908,4,1
179,9,0.04578736796975136,2,1
180,9,0.01903335377573967,2,1
181,10,0.02945544198155403,1,1
182,7,0.029246141202747822,4,1
183,8,0.05156578868627548,3,1
184,-50,0.04698553234338761,50,0
185,6,0.08185135461390018,5,1
186,6,0.021125954762101173,5,1
187,9,0.032532982528209686,2,1
188,7,0.05822676187381148,4,1
189,9,0.014534576330333948,2,1
190,7,0.02966932754497975,4,1
191,-11,0.11235312558710575,2,0
192,10,0.009110097773373127,1,1
193,10,0.045922186225652695,1,1
194,7,0.07973933778703213,4,1
195,10,0.022838886827230453,1,1
196,5,0.07907222087184589,6,1
197,7,0.08247951930388808,4,1
198,9,0.01697812555357814,2,1
199,6,0.07407724671065807,5,1
200,9,0.031227095052599907,2,1
201,7,0.029250673251226544,4,1
202,8,0.012794967119892439,3,1
203,9,0.18193689547479153,2,1
204,7,0.09593328554183245,4,1
205,10,0.026985522359609604,1,1
206,9,0.2579475771635771,2,1
207,9,0.02031836286187172,2,1
208,-50,0.06345861310139299,50,0
209,9,0.25956637784838676,2,1
210,9,0.014645363669842482,2,1
211,10,0.12667812407016754,1,1
212,10,0.014080293476581573,1,1
213,7,0.03047189861536026,4,1
214,8,0.0331447155525287,3,1
215,-11,0.037576925940811634,2,0
216,8,0.1088385817905267,3,1
217,5,0.10919952020049095,6,1
218,10,0.018222782760858536,1,1
219,9,0.03402186185121536,2,1
220,8,0.05063251219689846,3,1
221,9,0.026712162420153618,2,1
222,9,0.13316202722489834,2,1
223,5,0.04983365644390384,6,1
224,7,0.01725887320935726,4,1
225,10,0.006381973158568144,1,1
226,8,0.02218576241284609,3,1
227,8,0.01656224951148033,3,1
228,9,0.007938368478789926,2,1
229,10,0.14755287766456604,1,1
230,9,0.19775836542248726,2,1
231,6,0.0685726322233677,5,1
232,10,0.008479920215904713,1,1
233,7,0.18233264982700348,4,1
234,9,0.04246868006885052,2,1
235,8,0.23115333914756775,3,1
236,8,0.03338757778207461,3,1
237,6,0.10783481001853942,5,1
238,7,0.0880455388687551,4,1
239,9,0.06843806244432926,2,1
240,9,0.02143717184662819,2,1
241,8,0.04019823422034582,3,1
242,8,0.03401902069648107,3,1
243,-8,0.07676874419772312,19,1
244,8,0.06826669660707314,3,1
245,10,0.19386394321918488,1,1
246,9,0.127852413803339,2,1
247,8,0.112991397579511,3,1
248,7,0.07938956562429667,4,1
249,-10,0.02495437115430832,1,0
250,10,0.017592880874872208,1,1
251,9,0.031664857640862465,2,1
252,9,0.10176257789134979,2,1
253,8,0.074581120784084,3,1
254,8,0.029363606590777636,3,1
255,10,0.040549829602241516,1,1
256,9,0.012467432301491499,2,1
257,9,0.22504360228776932,2,1
258,6,0.07846655994653702,5,1
259,8,0.13532174254457155,3,1
260,9,0.040288505144417286,2,1
261,9,0.09415777772665024,2,1
262,7,0.06612974777817726,4,1
263,4,0.09577107336372137,7,1
264,7,0.20003748033195734,4,1
265,9,0.11409718543291092,2,1
266,9,0.1170216053724289,2,1
267,7,0.18372052907943726,4,1
268,6,0.034255408123135565,5,1
269,9,0.023431257344782352,2,1
270,8,0.10976334226628144,3,1
271,9,0.05002884939312935,2,1
272,7,0.23473969753831625,4,1
273,9,0.06187090277671814,2,1
274,8,0.02958337962627411,3,1
275,7,0.1512568350881338,4,1
276,-50,0.09672773249447346,50,0
277,7,0.3399602249264717,4,1
278,7,0.11036266386508942,4,1
279,9,0.06527746096253395,2,1
280,10,0.12624318897724152,1,1
281,-39,0.12086592204868793,50,1
282,8,0.06937187785903613,3,1
283,8,0.07920920973022778,3,1
284,6,0.2192617528140545,5,1
285,6,0.04741122834384441,5,1
286,8,0.04804115245739619,3,1
287,9,0.10512119717895985,2,1
288,9,0.07760939374566078,2,1
289,10,0.028694570064544678,1,1
290,9,0.05452611297369003,2,1
291,8,0.07647551720341046,3,1
292,10,0.05177119001746178,1,1
293,7,0.14222213486209512,4,1
294,6,0.09380786791443825,5,1
295,6,0.023921584710478783,5,1
296,-50,0.1097125625051558,50,0
297,10,0.08261409401893616,1,1
298,10,0.0315697118639946,1,1
299,10,0.047060392796993256,1,1
300,7,0.28292221995070577,4,1
301,8,0.027595606942971546,3,1
302,9,0.046446772292256355,2,1
303,-10,0.03470379114151001,1,0
304,9,0.18791021406650543,2,1
305,8,0.11641846597194672,3,1
306,8,0.06136460726459821,3,1
307,10,0.018304385244846344,1,1
308,9,0.10570626705884933,2,1
309,8,0.12793664634227753,3,1
310,-11,0.08351954072713852,2,0
311,6,0.0310291588306427,5,1
312,10,0.03471485525369644,1,1
313,6,0.07556575536727905,5,1
314,7,0.20108385756611824,4,1
315,10,0.04137255996465683,1,1
316,10,0.007809227332472801,1,1
317,10,0.07091130316257477,1,1
318,7,0.05828285287134349,4,1
319,7,0.10175080830231309,4,1
320,9,0.319930637255311,2,1
321,7,0.02832684013992548,4,1
322,7,0.07987454067915678,4,1
323,-13,0.08766587160062045,24,1
324,10,0.05507729947566986,1,1
325,6,0.18539812415838242,5,1
326,9,0.2256116345524788,2,1
327,7,0.019193096552044153,4,1
328,8,0.021471491704384487,3,1
329,8,0.05638756727178892,3,1
330,9,0.022025420796126127,2,1
331,9,0.28686079382896423,2,1
332,8,0.08543690542380016,3,1
333,-10,0.03313552215695381,1,0
334,10,0.038191281259059906,1,1
335,8,0.0722004088262717,3,1
336,10,0.01519148238003254,1,1
337,8,0.07404584810137749,3,1
338,-11,0.04977516512471167,22,1
339,9,0.0310098547488451,2,1
340,7,0.05385855585336685,4,1
341,7,0.07592382468283176,4,1
342,7,0.11353077553212643,4,1
343,-50,0.12484133012592792,50,0
344,7,0.05699804425239563,4,1
345,10,0.06269422173500061,1,1
346,10,0.049275994300842285,1,1
347,8,0.04578919894993305,3,1
348,9,0.03170085744932294,2,1
349,8,0.2111529012521108,3,1
350,8,0.05339265242218971,3,1
351,10,0.027489030733704567,1,1
352,6,0.08014289438724517,5,1
353,9,0.1444624587893486,2,1
354,8,0.08247489482164383,3,1
355,8,0.06265416493018468,3,1
356,9,0.10142466053366661,2,1
357,7,0.04698191676288843,4,1
358,7,0.051732334308326244,4,1
359,7,0.059997936710715294,4,1
360,10,0.038071390241384506,1,1
361,9,0.07315101567655802,2,1
362,10,0.020328126847743988,1,1
363,5,0.1034407081703345,6,1
364,10,0.0606626495718956,1,1
365,9,0.19620121223852038,2,1
366,9,0.02150828018784523,2,1
367,7,0.11556293210014701,4,1
368,-18,0.08977680023888061,29,1
369,9,0.0510406494140625,2,1
370,8,0.040096234530210495,3,1
371,6,0.10860960632562637,5,1
372,7,0.06221837131306529,4,1
373,9,0.028211776167154312,2,1
374,7,0.03155672503635287,4,1
375,10,0.021219249814748764,1,1
376,9,0.1696287039667368,2,1
377,7,0.03480459516867995,4,1
378,7,0.1323208543471992,4,1
379,8,0.02465921143690745,3,1
380,9,0.03253093920648098,2,1
381,6,0.026579701527953147,5,1
382,8,0.034958710273106895,3,1
383,7,0.024230638286098838,4,1
384,10,0.04364640638232231,1,1
385,9,0.02835099957883358,2,1
386,9,0.04800126515328884,2,1
387,8,0.050970327109098434,3,1
388,-11,0.05783815309405327,2,0
389,10,0.04320070892572403,1,1
390,10,0.20204640924930573,1,1
391,10,0.09904173761606216,1,1
392,9,0.10148238390684128,2,1
393,9,0.0667365686967969,2,1
394,8,0.22865713387727737,3,1
395,9,0.2759360671043396,2,1
396,8,0.18649578591187796,3,1
397,1,0.0779364787042141,10,1
398,10,0.028340859338641167,1,1
399,7,0.10640788124874234,4,1
400,8,0.18907675271232924,3,1
401,10,0.04729360342025757,1,1
402,7,0.1472119060344994,4,1
403,6,0.09480741433799267,5,1
404,7,0.12834592605940998,4,1
405,10,0.027647368609905243,1,1
406,10,0.03586550056934357,1,1
407,5,0.09551736743499835,6,1
408,8,0.029929946176707745,3,1
409,10,0.04349899664521217,1,1
410,6,0.12167786583304405,5,1
411,9,0.04029929731041193,2,1
412,9,0.04424375109374523,2,1
413,9,0.060521453619003296,2,1
414,-10,0.01785820908844471,1,0
415,9,0.023554079234600067,2,1
416,7,0.05516884149983525,4,1
417,10,0.02298245206475258,1,1
418,4,0.03343007740165506,7,1
419,4,0.10201936215162277,7,1
420,8,0.29148822960754234,3,1
421,10,0.02280496619641781,1,1
422,9,0.21181685477495193,2,1
423,-11,0.28333307057619095,2,0
424,10,0.0659203827381134,1,1
425,5,0.06506212086727221,6,1
426,7,0.18290889961645007,4,1
427,8,0.11790976425011952,3,1
428,9,0.05306092090904713,2,1
429,-43,0.09394619633060168,34,0
430,9,0.15170618519186974,2,1
431,-50,0.08323128387331963,50,0
432,6,0.1139254841953516,5,1
433,8,0.04192572273313999,3,1
434,10,0.07303353399038315,1,1
435,10,0.030852245166897774,1,1
436,7,0.032062743324786425,4,1
437,10,0.25425511598587036,1,1
438,10,0.01564638316631317,1,1
439,8,0.0443346252044042,3,1
440,10,0.023791451007127762,1,1
441,9,0.02739266213029623,2,1
442,7,0.05177756492048502,4,1
443,10,0.1095331609249115,1,1
444,8,0.1886665429919958,3,1
445,10,0.03659144788980484,1,1
446,9,0.03530978783965111,2,1
447,9,0.2095581702888012,2,1
448,9,0.031805832870304585,2,1
449,9,0.016583186574280262,2,1
450,8,0.21832341514527798,3,1
451,9,0.037399059161543846,2,1
452,9,0.06406658329069614,2,1
453,7,0.0707760313525796,4,1
454,10,0.038051195442676544,1,1
455,10,0.06950811296701431,1,1
456,8,0.2505435024698575,3,1
457,10,0.04170510172843933,1,1
458,6,0.2145163007080555,5,1
459,9,0.04371911846101284,2,1
460,9,0.04567234590649605,2,1
461,8,0.05036270494262377,3,1
462,9,0.06327319890260696,2,1
463,8,0.05853452036778132,3,1
464,10,0.02343035861849785,1,1
465,8,0.09075424447655678,3,1
466,7,0.045748800970613956,4,1
467,10,0.03337917476892471,1,1
468,6,0.10233833715319633,5,1
469,10,0.41519978642463684,1,1
470,9,0.06417624838650227,2,1
471,7,0.026023069862276316,4,1
472,7,0.14083211217075586,4,1
473,9,0.19684908911585808,2,1
474,-10,0.09096783639064857,21,1
475,-7,0.05839229685564836,18,1
476,8,0.1905931755900383,3,1
477,7,0.05125088384374976,4,1
478,9,0.03297620080411434,2,1
479,8,0.09512565843760967,3,1
480,8,0.13854122161865234,3,1
481,9,0.06163438409566879,2,1
482,8,0.034972419341405235,3,1
483,10,0.029250329360365868,1,1
484,8,0.2320257512231668,3,1
485,7,0.02709982404485345,4,1
486,9,0.018950023222714663,2,1
487,8,0.03895167882243792,3,1
488,9,0.01629746612161398,2,1
489,5,0.04548713068167368,6,1
490,-4,0.045302298540870346,15,1
491,10,0.02419920638203621,1,1
492,10,0.017697874456644058,1,1
493,7,0.03703024936839938,4,1
494,10,0.02386780083179474,1,1
495,7,0.09430840611457825,4,1
496,8,0.06502075120806694,3,1
497,10,0.3558162450790405,1,1
498,-50,0.10369352331385016,50,0
499,7,0.24848028551787138,4,1
500,-50,0.09021918686106802,50,0
501,7,0.03375630546361208,4,1
502,8,0.1523657167951266,3,1
503,9,0.02916074451059103,2,1
504,7,0.05265545751899481,4,1
505,6,0.10746885649859905,5,1
506,9,0.041789617389440536,2,1
507,8,0.05586295202374458,3,1
508,10,0.02421524189412594,1,1
509,7,0.06542465928941965,4,1
510,9,0.026039001531898975,2,1
511,7,0.10030883550643921,4,1
512,8,0.05713426321744919,3,1
513,-50,0.04740797631442547,50,0
514,8,0.08271720260381699,3,1
515,7,0.06141348648816347,4,1
516,8,0.059773399184147515,3,1
517,4,0.03653059979634626,7,1
518,8,0.02541627238194148,3,1
519,9,0.1311857495456934,2,1
520,10,0.025554893538355827,1,1
521,8,0.060357301185528435,3,1
522,9,0.1022079735994339,2,1
523,9,0.07983645051717758,2,1
524,8,0.027609581748644512,3,1
525,10,0.02834281325340271,1,1
526,9,0.027486753650009632,2,1
527,6,0.0246890552341938,5,1
528,7,0.04059458361007273,4,1
529,8,0.08745985229810078,3,1
530,9,0.0456769447773695,2,1
531,9,0.03343636728823185,2,1
532,8,0.024324900781114895,3,1
533,10,0.016588661819696426,1,1
534,6,0.030620767921209335,5,1
535,9,0.035996017046272755,2,1
536,10,0.16603486239910126,1,1
537,7,0.03559843264520168,4,1
538,9,0.02166198380291462,2,1
539,-10,0.045597813047823454,21,1
540,8,0.022593916704257328,3,1
541,6,0.046240419149398804,5,1
542,8,0.03779459868868192,3,1
543,10,0.016135361045598984,1,1
544,9,0.031079898588359356,2,1
545,8,0.13521060968438783,3,1
546,-50,0.04204123705625534,50,0
547,8,0.04725023483236631,3,1
548,-11,0.012108287308365107,2,0
549,7,0.017822123365476727,4,1
550,6,0.029524248838424683,5,1
551,10,0.016489669680595398,1,1
552,8,0.015188278319935003,3,1
553,10,0.0255952849984169,1,1
554,10,0.014667954295873642,1,1
555,10,0.03235200420022011,1,1
556,7,0.033379013650119305,4,1
557,7,0.024479316547513008,4,1
558,8,0.1420456189662218,3,1
559,9,0.022760065272450447,2,1
560,10,0.03549576923251152,1,1
561,8,0.033253141989310585,3,1
562,10,0.03431212902069092,1,1
563,9,0.1180403046309948,2,1
564,7,0.060489047318696976,4,1
565,10,0.09238303452730179,1,1
566,10,0.02911348268389702,1,1
567,9,0.0260115722194314,2,1
568,7,0.03290814766660333,4,1
569,10,0.22525817155838013,1,1
570,7,0.03216506773605943,4,1
571,7,0.13189834682270885,4,1
572,6,0.056000403314828875,5,1
573,9,0.014357537031173706,2,1
574,8,0.1528788966437181,3,1
575,8,0.012968199017147223,3,1
576,8,0.14620872680097818,3,1
577,5,0.026453564564387005,6,1
578,9,0.021810579113662243,2,1
579,8,0.09033496305346489,3,1
580,9,0.031102715991437435,2,1
581,-13,0.030587542336434126,4,0
582,-11,0.1932041784748435,2,0
583,9,0.025913279503583908,2,1
584,10,0.18572881817817688,1,1
585,10,0.008299943059682846,1,1
586,10,0.5918026566505432,1,1
587,9,0.18475724756717682,2,1
588,7,0.09885699627920985,4,1
589,8,0.010290376531581083,3,1
590,10,0.022433113306760788,1,1
591,8,0.02493494066099326,3,1
592,10,0.012232699431478977,1,1
593,7,0.13845546543598175,4,1
594,4,0.020906764614794935,7,1
595,9,0.020549161359667778,2,1
596,9,0.01961465971544385,2,1
597,4,0.054335130511650016,7,1
598,9,0.21527401357889175,2,1
599,9,0.03200755221769214,2,1
600,9,0.09284041821956635,2,1
601,9,0.03734836168587208,2,1
602,9,0.20850400254130363,2,1
603,10,0.04666057601571083,1,1
604,9,0.0238335058093071,2,1
605,8,0.0376603864133358,3,1
606,10,0.03531695902347565,1,1
607,9,0.027984561398625374,2,1
608,6,0.12960378415882587,5,1
609,9,0.018349777907133102,2,1
610,8,0.22616009724636874,3,1
611,8,0.03407991429169973,3,1
612,-12,0.01961692050099373,3,0
613,9,0.010575312189757824,2,1
614,9,0.08826638758182526,2,1
615,-13,0.06836687785107642,24,1
616,8,0.034782091776529946,3,1
617,8,0.014644840421775976,3,1
618,8,0.04060455349584421,3,1
619,10,0.014065301045775414,1,1
620,9,0.0204903706908226,2,1
621,9,0.012559921946376562,2,1
622,7,0.16830985620617867,4,1
623,7,0.015359270619228482,4,1
624,9,0.024864259641617537,2,1
625,10,0.009814422577619553,1,1
626,7,0.012897582724690437,4,1
627,9,0.02531204978004098,2,1
628,10,0.024857668206095695,1,1
629,3,0.0349936259444803,8,1
630,5,0.0274027770695587,6,1
631,8,0.017016934230923653,3,1
632,8,0.021935817475120228,3,1
633,10,0.014496011659502983,1,1
634,7,0.16607751930132508,4,1
635,9,0.022577336989343166,2,1
636,9,0.32060616184026003,2,1
637,8,0.030335025085757177,3,1
638,10,0.1447705626487732,1,1
639,-11,0.2821338623762131,2,0
640,6,0.1336358729749918,5,1
641,5,0.10222245768333475,6,1
642,8,0.1778925620019436,3,1
643,8,0.01053278629357616,3,1
644,10,0.0234209056943655,1,1
645,9,0.03267181757837534,2,1
646,10,0.00786883570253849,1,1
647,8,0.24500813925017914,3,1
648,10,0.007233762182295322,1,1
649,5,0.05215127673000097,6,1
650,8,0.17118996133406958,3,1
651,-30,0.1025387640679028,41,1
652,8,0.11782361877461274,3,1
653,10,0.6335471868515015,1,1
654,10,0.04407273977994919,1,1
655,7,0.04680115357041359,4,1
656,9,0.02757920417934656,2,1
657,9,0.017218823544681072,2,1
658,-10,0.01395397912710905,1,0
659,10,0.04694758355617523,1,1
660,9,0.025042272172868252,2,1
661,9,0.016807723324745893,2,1
662,6,0.06550125554203987,5,1
663,10,0.04151952266693115,1,1
664,8,0.11383483263974388,3,1
665,8,0.3831107101092736,3,1
666,4,0.10803920582735113,7,1
667,10,0.033384326845407486,1,1
668,9,0.029371092095971107,2,1
669,8,0.19375672657042742,3,1
670,9,0.026690078899264336,2,1
671,9,0.3119405866600573,2,1
672,-14,0.10543423715978861,25,1
673,8,0.07710001803934574,3,1
674,10,0.014303987845778465,1,1
675,9,0.0110700698569417,2,1
676,9,0.05307228397578001,2,1
677,8,0.18835597423215708,3,1
678,9,0.024466180242598057,2,1
679,8,0.016679102554917336,3,1
680,9,0.2811473459005356,2,1
681,-10,0.02117333933711052,1,0
682,7,0.22759997472167015,4,1
683,10,0.03235214948654175,1,1
684,10,0.029044173657894135,1,1
685,7,0.17511706426739693,4,1
686,10,0.01898631453514099,1,1
687,8,0.07326715439558029,3,1
688,8,0.08296414775153,3,1
689,-16,0.03991374167214547,7,0
690,8,0.019205497577786446,3,1
691,6,0.25092159025371075,5,1
692,-56,0.08189533961976463,47,0
693,10,0.02911197952926159,1,1
694,9,0.04399763606488705,2,1
695,8,0.04403560422360897,3,1
696,10,0.03022601455450058,1,1
697,8,0.05830177975197633,3,1
698,8,0.016974943379561108,3,1
699,7,0.2780327773652971,4,1
700,10,0.02888687700033188,1,1
701,-24,0.1507424502766558,35,1
702,10,0.01241307146847248,1,1
703,10,0.027703965082764626,1,1
704,8,0.37158506363630295,3,1
705,8,0.17610746808350086,3,1
706,8,0.04570237795511881,3,1
707,9,0.0294426828622818,2,1
708,10,0.011400789022445679,1,1
709,9,0.07070339936763048,2,1
710,9,0.02926709968596697,2,1
711,10,0.03436559438705444,1,1
712,9,0.13179157860577106,2,1
713,8,0.04267196853955587,3,1
714,7,0.08163557178340852,4,1
715,9,0.46901288628578186,2,1
716,9,0.09718994796276093,2,1
717,7,0.02202880405820906,4,1
718,6,0.12046749619767069,5,1
719,6,0.17994049564003944,5,1
720,2,0.06093223744796382,9,1
721,8,0.18781773994366327,3,1
722,6,0.12862045131623745,5,1
723,8,0.11250538852376242,3,1
724,8,0.05123955445984999,3,1
725,7,0.09949349891394377,4,1
726,9,0.013204525224864483,2,1
727,10,0.36243966221809387,1,1
728,9,0.020621847826987505,2,1
729,7,0.08090844750404358,4,1
730,8,0.04737043877442678,3,1
731,10,0.019549060612916946,1,1
732,7,0.16694188676774502,4,1
733,10,0.01140175573527813,1,1
734,9,0.013769975397735834,2,1
735,6,0.05245238989591598,5,1
736,8,0.043811289593577385,3,1
737,7,0.02477338071912527,4,1
738,9,0.03461493458598852,2,1
739,8,0.16396456211805344,3,1
740,10,0.5753939151763916,1,1
741,3,0.02260264742653817,8,1
742,9,0.014583715703338385,2,1
743,9,0.02176544349640608,2,1
744,7,0.08654549950733781,4,1
745,8,0.030948129172126453,3,1
746,9,0.016207645647227764,2,1
747,9,0.025553476996719837,2,1
748,9,0.02079917024821043,2,1
749,7,0.020461520180106163,4,1
750,-2,0.05259955667245846,13,1
751,5,0.1558039898518473,6,1
752,8,0.059140345081686974,3,1
753,-11,0.024755454622209072,2,0
754,10,0.01840805634856224,1,1
755,-50,0.127400032710284,50,0
756,8,0.21997354986766973,3,1
757,8,0.07253038821121056,3,1
758,9,0.0845598615705967,2,1
759,4,0.09275586557175432,7,1
760,10,0.028505802154541016,1,1
761,10,0.13787466287612915,1,1
762,7,0.21015399135649204,4,1
763,9,0.03204644098877907,2,1
764,7,0.1010407181456685,4,1
765,9,0.038582539185881615,2,1
766,8,0.017560286757846672,3,1
767,9,0.06486569158732891,2,1
768,4,0.12449896295687982,7,1
769,8,0.1306001842021942,3,1
770,-22,0.09718536385193918,33,1
771,9,0.042999183759093285,2,1
772,10,0.014108886010944843,1,1
773,10,0.03271728754043579,1,1
774,8,0.14813750547667345,3,1
775,10,0.042546480894088745,1,1
776,9,0.05974084511399269,2,1
777,7,0.0962464502081275,4,1
778,5,0.10450872499495745,6,1
779,10,0.020715948194265366,1,1
780,8,0.15895262360572815,3,1
781,-15,0.11834851946108617,26,1
782,8,0.0390256034831206,3,1
783,10,0.3443572521209717,1,1
784,6,0.1084204487502575,5,1
785,7,0.035100759007036686,4,1
786,7,0.04076782567426562,4,1
787,7,0.1738464394584298,4,1
788,8,0.26716840267181396,3,1
789,9,0.29282524436712265,2,1
790,9,0.12148566357791424,2,1
791,8,0.15964441622296968,3,1
792,10,0.061762645840644836,1,1
793,7,0.20267823245376348,4,1
794,5,0.10885635484009981,6,1
795,9,0.03674090653657913,2,1
796,6,0.0857913251966238,5,1
797,9,0.126889793202281,2,1
798,10,0.5378494262695312,1,1
799,6,0.06271963566541672,5,1
800,5,0.062208494481941067,6,1
801,10,0.06119045615196228,1,1
802,7,0.021920159924775362,4,1
803,8,0.12858188586930433,3,1
804,9,0.10153343249112368,2,1
805,9,0.2607784830033779,2,1
806,8,0.10285252705216408,3,1
807,9,0.07485157251358032,2,1
808,8,0.04559731607635816,3,1
809,9,0.06741984188556671,2,1
810,8,0.02682802639901638,3,1
811,-34,0.1101728096190426,45,1
812,9,0.06829482689499855,2,1
813,8,0.027545713509122532,3,1
814,6,0.09658418111503124,5,1
815,5,0.14090432475010553,6,1
816,8,0.11764940122763316,3,1
817,7,0.07010644627735019,4,1
818,9,0.0880612637847662,2,1
819,3,0.06764540681615472,8,1
820,10,0.0543510876595974,1,1
821,9,0.030635589733719826,2,1
822,9,0.023050849325954914,2,1
823,7,0.05944222491234541,4,1
824,9,0.029308168217539787,2,1
825,7,0.0643788417801261,4,1
826,10,0.03186383843421936,1,1
827,9,0.06568081025034189,2,1
828,6,0.13106555305421352,5,1
829,10,0.04375288262963295,1,1
830,7,0.036137639079242945,4,1
831,7,0.09287555888295174,4,1
832,8,0.028098088999589283,3,1
833,9,0.019260631408542395,2,1
834,7,0.13530113850720227,4,1
835,7,0.04823313420638442,4,1
836,10,0.07905882596969604,1,1
837,10,0.025534912943840027,1,1
838,8,0.18648277316242456,3,1
839,8,0.24817182992895445,3,1
840,9,0.028801269829273224,2,1
841,9,0.09906846191734076,2,1
842,8,0.06638768191138904,3,1
843,7,0.18777647614479065,4,1
844,10,0.05236346274614334,1,1
845,7,0.03484467463567853,4,1
846,9,0.23981868848204613,2,1
847,-5,0.08134470408549532,16,1
848,5,0.06944524000088374,6,1
849,10,0.02243868261575699,1,1
850,10,0.014702988788485527,1,1
851,9,0.019693789072334766,2,1
852,10,0.04113391414284706,1,1
853,8,0.16266020263234773,3,1
854,9,0.26760423369705677,2,1
855,7,0.045017469907179475,4,1
856,6,0.100376221165061,5,1
857,6,0.20440164655447007,5,1
858,7,0.07413368951529264,4,1
859,7,0.046808673068881035,4,1
860,5,0.11771957203745842,6,1
861,7,0.14372467203065753,4,1
862,9,0.01330921147018671,2,1
863,7,0.17020301707088947,4,1
864,9,0.020331879146397114,2,1
865,9,0.03583676042035222,2,1
866,9,0.024848369881510735,2,1
867,8,0.08802643169959386,3,1
868,8,0.0414997652793924,3,1
869,7,0.18922336865216494,4,1
870,9,0.2416946440935135,2,1
871,8,0.08998952433466911,3,1
872,6,0.11761992946267127,5,1
873,9,0.031799737364053726,2,1
874,7,0.09141605161130428,4,1
875,7,0.17437408864498138,4,1
876,9,0.0546409972012043,2,1
877,9,0.25430251052603126,2,1
878,8,0.19654486700892448,3,1
879,8,0.19661855200926462,3,1
880,10,0.09739324450492859,1,1
881,10,0.2618982791900635,1,1
882,-15,0.1152419728012039,26,1
883,-50,0.11140769122168422,50,0
884,-11,0.028807002119719982,2,0
885,10,0.05848146229982376,1,1
886,10,0.06666996330022812,1,1
887,10,0.02320428192615509,1,1
888,8,0.08324186814328034,3,1
889,10,0.21421386301517487,1,1
890,9,0.07731648068875074,2,1
891,8,0.05671874061226845,3,1
892,9,0.062027592211961746,2,1
893,8,0.0653951068719228,3,1
894,8,0.03695602963368098,3,1
895,5,0.041549814864993095,6,1
896,8,0.04577044273416201,3,1
897,9,0.027899788692593575,2,1
898,10,0.44217875599861145,1,1
899,9,0.05663663521409035,2,1
900,7,0.13101602159440517,4,1
901,9,0.05356874689459801,2,1
902,7,0.03743823058903217,4,1
903,9,0.2638411298394203,2,1
904,9,0.0511029027402401,2,1
905,9,0.03167165257036686,2,1
906,8,0.15763984310130277,3,1
907,6,0.04730618614703417,5,1
908,9,0.17233465239405632,2,1
909,7,0.1584218181669712,4,1
910,8,0.04944295187791189,3,1
911,10,0.022710692137479782,1,1
912,8,0.02124544357260068,3,1
913,8,0.13301394383112589,3,1
914,9,0.049908663146197796,2,1
915,10,0.056191761046648026,1,1
916,10,0.019526707008481026,1,1
917,7,0.02282006060704589,4,1
918,7,0.08646791474893689,4,1
919,10,0.023885440081357956,1,1
920,10,0.02306058071553707,1,1
921,9,0.03335048537701368,2,1
922,7,0.14298205822706223,4,1
923,9,0.028444016352295876,2,1
924,10,0.060828596353530884,1,1
925,9,0.03314355481415987,2,1
926,7,0.14674914721399546,4,1
927,9,0.035447982139885426,2,1
928,6,0.054802465438842776,5,1
929,7,0.09352301992475986,4,1
930,9,0.01917688176035881,2,1
931,-17,0.06839640691344227,28,1
932,10,0.010801027528941631,1,1
933,7,0.03555396106094122,4,1
934,10,0.03420358896255493,1,1
935,9,0.26311845518648624,2,1
936,7,0.03281099069863558,4,1
937,7,0.19474216923117638,4,1
938,6,0.0793361634016037,5,1
939,9,0.02695459220558405,2,1
940,9,0.022171898745000362,2,1
941,9,0.04597393237054348,2,1
942,8,0.03559817001223564,3,1
943,10,0.0238218754529953,1,1
944,5,0.03526689919332663,6,1
945,7,0.028871556743979454,4,1
946,10,0.02124357782304287,1,1
947,9,0.24912175722420216,2,1
948,-2,0.16074143063563567,13,1
949,7,0.05526219494640827,4,1
950,8,0.04839982961614927,3,1
951,9,0.05260773282498121,2,1
952,8,0.036246746157606445,3,1
953,7,0.03392423875629902,4,1
954,8,0.039289310574531555,3,1
955,9,0.03118301834911108,2,1
956,9,0.14322152733802795,2,1
957,8,0.07980936393141747,3,1
958,7,0.19037431944161654,4,1
959,9,0.026780912652611732,2,1
960,7,0.0352487051859498,4,1
961,6,0.029795164614915846,5,1
962,8,0.11252893134951591,3,1
963,9,0.05840282700955868,2,1
964,9,0.26343072205781937,2,1
965,7,0.04179765377193689,4,1
966,10,0.04579858481884003,1,1
967,8,0.07323611527681351,3,1
968,10,0.07573368400335312,1,1
969,8,0.07537513102094333,3,1
970,7,0.045977885369211435,4,1
971,-4,0.07133012041449546,15,1
972,7,0.06706195697188377,4,1
973,9,0.04706345126032829,2,1
974,7,0.22170316241681576,4,1
975,9,0.039889806881546974,2,1
976,-10,0.060605090111494064,1,0
977,5,0.14055056062837443,6,1
978,7,0.07027152925729752,4,1
979,10,0.045981667935848236,1,1
980,10,0.025254618376493454,1,1
981,8,0.06398013979196548,3,1
982,9,0.171416524797678,2,1
983,9,0.05792752839624882,2,1
984,9,0.040690403431653976,2,1
985,8,0.05172756686806679,3,1
986,4,0.08736918760197503,7,1
987,9,0.06726390682160854,2,1
988,6,0.03385614827275276,5,1
989,6,0.07351048961281777,5,1
990,10,0.016463682055473328,1,1
991,10,0.036337487399578094,1,1
992,9,0.03709406405687332,2,1
993,10,0.04177286475896835,1,1
994,6,0.04835815280675888,5,1
995,8,0.08400598416725795,3,1
996,9,0.0767839178442955,2,1
997,9,0.19882171042263508,2,1
998,10,0.38887935876846313,1,1
999,10,0.026179954409599304,1,1
1000,7,0.05223063379526138,4,1
1,7,0.03609770257025957,4,1
2,9,0.2633024975657463,2,1
3,10,0.02147720754146576,1,1
4,9,0.07108870428055525,2,1
5,8,0.023191968599955242,3,1
6,7,0.16475740633904934,4,1
7,5,0.031152909776816767,6,1
8,8,0.02613205462694168,3,1
9,7,0.0841221516020596,4,1
10,10,0.49575287103652954,1,1
11,6,0.028682822734117507,5,1
12,8,0.04138341794411341,3,1
13,7,0.08498424710705876,4,1
14,8,0.020099967407683533,3,1
15,6,0.04604269675910473,5,1
16,7,0.056580393109470606,4,1
17,7,0.040372454561293125,4,1
18,8,0.027083956946929295,3,1
19,8,0.05882281685868899,3,1
20,-12,0.08967266231775284,3,0
21,9,0.027714120224118233,2,1
22,9,0.0355411171913147,2,1
23,7,0.037532361689954996,4,1
24,10,0.020854290574789047,1,1
25,9,0.04225925914943218,2,1
26,8,0.16867657254139581,3,1
27,6,0.07631195485591888,5,1
28,10,0.03272226080298424,1,1
29,5,0.1254417970776558,6,1
30,8,0.1827407144010067,3,1
31,9,0.1474793702363968,2,1
32,8,0.0666288969417413,3,1
33,10,0.04727408289909363,1,1
34,7,0.04461762961000204,4,1
35,3,0.057571505662053823,8,1
36,9,0.0199254066683352,2,1
37,8,0.06568352629741032,3,1
38,9,0.3578002341091633,2,1
39,7,0.04857397545129061,4,1
40,7,0.05659985262900591,4,1
41,9,0.05976169742643833,2,1
42,9,0.043723286129534245,2,1
43,8,0.05272228643298149,3,1
44,9,0.039700860157608986,2,1
45,10,0.031899552792310715,1,1
46,10,0.024117641150951385,1,1
47,7,0.05092188436537981,4,1
48,9,0.041205381974577904,2,1
49,9,0.04270365461707115,2,1
50,8,0.13555808862050375,3,1
51,7,0.09122639475390315,4,1
52,3,0.07438972312957048,8,1
53,9,0.046310365200042725,2,1
54,8,0.05534440030654272,3,1
55,8,0.19812593360741934,3,1
56,7,0.06358526460826397,4,1
57,7,0.03282022289931774,4,1
58,9,0.02804742380976677,2,1
59,-3,0.04898532526567578,14,1
60,9,0.03301486186683178,2,1
61,8,0.03737292314569155,3,1
62,5,0.04071482767661413,6,1
63,7,0.03469943325035274,4,1
64,9,0.047071440145373344,2,1
65,6,0.1117329902946949,5,1
66,10,0.0585869736969471,1,1
67,6,0.03890509866178036,5,1
68,8,0.031805895268917084,3,1
69,9,0.0333073977380991,2,1
70,9,0.02337610349059105,2,1
71,7,0.034111238550394773,4,1
72,7,0.035873786080628633,4,1
73,8,0.035163454711437225,3,1
74,8,0.19382707277933756,3,1
75,8,0.04597392802437147,3,1
76,7,0.050543319433927536,4,1
77,7,0.0613450538367033,4,1
78,-50,0.04240199513733387,50,0
79,7,0.015787272015586495,4,1
80,10,0.010912848636507988,1,1
81,7,0.027918812353163958,4,1
82,5,0.039944959028313555,6,1
83,10,0.010477172210812569,1,1
84,8,0.021138937522967655,3,1
85,8,0.08400681366523106,3,1
86,9,0.01839607022702694,2,1
87,9,0.02996778581291437,2,1
88,9,0.03022069437429309,2,1
89,10,0.0072312382981181145,1,1
90,10,0.2860223054885864,1,1
91,-10,0.02813781425356865,1,0
92,7,0.07820758176967502,4,1
93,10,0.05066418647766113,1,1
94,9,0.08040381595492363,2,1
95,8,0.025759148101011913,3,1
96,9,0.011564640793949366,2,1
97,7,0.02216653758659959,4,1
98,8,0.030479788469771545,3,1
99,10,0.01694735698401928,1,1
100,4,0.017736545896955898,7,1
101,9,0.038585517555475235,2,1
102,7,0.039129150565713644,4,1
103,8,0.024215389663974445,3,1
104,10,0.026076944544911385,1,1
105,8,0.012623310865213474,3,1
106,8,0.016914445906877518,3,1
107,9,0.02125959750264883,2,1
108,10,0.012021440081298351,1,1
109,6,0.01655862256884575,5,1
110,9,0.050637559965252876,2,1
111,9,0.06251519918441772,2,1
112,4,0.06510273526821818,7,1
113,8,0.1742880754172802,3,1
114,7,0.07514245854690671,4,1
115,6,0.017079845443367957,5,1
116,5,0.09246397732446592,6,1
117,8,0.0185887614885966,3,1
118,10,0.01999209076166153,1,1
119,8,0.015323928246895472,3,1
120,8,0.016404420137405396,3,1
121,7,0.025202815420925617,4,1
122,7,0.1138191286008805,4,1
123,5,0.03691493533551693,6,1
124,10,0.015144414268434048,1,1
125,10,0.03606612607836723,1,1
126,9,0.010925618931651115,2,1
127,9,0.02366924937814474,2,1
128,8,0.026687672982613247,3,1
129,9,0.01917330641299486,2,1
130,8,0.02036052445570628,3,1
131,10,0.024327242746949196,1,1
132,9,0.06798302568495274,2,1
133,8,0.02958555830021699,3,1
134,10,0.48726072907447815,1,1
135,9,0.24754598177969456,2,1
136,9,0.016588357277214527,2,1
137,9,0.2233049813657999,2,1
138,8,0.011758950383712849,3,1
139,10,0.027143286541104317,1,1
140,9,0.04061664640903473,2,1
141,5,0.01997202238999307,6,1
142,-16,0.0608495255863225,27,1
143,9,0.020768743939697742,2,1
144,10,0.028842192143201828,1,1
145,9,0.21570202056318521,2,1
146,9,0.014461440965533257,2,1
147,7,0.05611055693589151,4,1
148,10,0.02067297138273716,1,1
149,6,0.018394615314900876,5,1
150,7,0.10996133857406676,4,1
151,9,0.01778439898043871,2,1
152,7,0.02130247838795185,4,1
153,6,0.025537367165088653,5,1
154,8,0.02941958171625932,3,1
155,10,0.024369483813643456,1,1
156,-11,0.019936490803956985,2,0
157,9,0.02747483365237713,2,1
158,9,0.19105835678055882,2,1
159,7,0.0455681262537837,4,1
160,10,0.024472657591104507,1,1
161,9,0.06944504287093878,2,1
162,7,0.10519888019189239,4,1
163,10,0.35785460472106934,1,1
164,8,0.018052719223002594,3,1
165,9,0.016450355760753155,2,1
166,-50,0.053171341102570296,50,0
167,8,0.012978107978900274,3,1
168,10,0.038239799439907074,1,1
169,7,0.010342581430450082,4,1
170,10,0.009541911073029041,1,1
171,7,0.06262074515689164,4,1
172,10,0.007180477026849985,1,1
173,5,0.011679492890834808,6,1
174,9,0.052456632256507874,2,1
175,0,0.02931812507185069,11,1
176,9,0.012831384316086769,2,1
177,10,0.01946420595049858,1,1
178,5,0.05187923228368163,6,1
179,-2,0.04966595023870468,13,1
180,9,0.0643238602206111,2,1
181,10,0.02334527112543583,1,1
182,9,0.04660261794924736,2,1
183,8,0.03648564467827479,3,1
184,10,0.03489629179239273,1,1
185,8,0.02757957484573126,3,1
186,7,0.022962180199101567,4,1
187,10,0.062090419232845306,1,1
188,6,0.04187884368002415,5,1
189,7,0.06186143774539232,4,1
190,9,0.06395521014928818,2,1
191,10,0.009207209572196007,1,1
192,8,0.022122234106063843,3,1
193,6,0.07848366610705852,5,1
194,7,0.09562953631393611,4,1
195,7,0.03171604219824076,4,1
196,8,0.03108827645579974,3,1
197,7,0.02830487780738622,4,1
198,9,0.01716402918100357,2,1
199,-10,0.022882943972945213,1,0
200,9,0.01710820198059082,2,1
201,8,0.03875875690331062,3,1
202,7,0.12525415932759643,4,1
203,10,0.013520130887627602,1,1
204,-11,0.13977611530572176,2,0
205,5,0.034177462104707956,6,1
206,8,0.014429846157630285,3,1
207,8,0.012993332464247942,3,1
208,5,0.0382532423051695,6,1
209,7,0.1414447370916605,4,1
210,7,0.02350253239274025,4,1
211,9,0.005735184415243566,2,1
212,8,0.1554984087124467,3,1
213,9,0.0624358169734478,2,1
214,7,0.026482575805857778,4,1
215,-10,0.18989288806915283,1,0
216,6,0.02733275219798088,5,1
217,10,0.024716053158044815,1,1
218,9,0.027170510031282902,2,1
219,6,0.02716235350817442,5,1
220,8,0.12338589069743951,3,1
221,9,0.027322242967784405,2,1
222,9,0.01323893666267395,2,1
223,8,0.33572073715428513,3,1
224,8,0.09771545914312203,3,1
225,9,0.01802265364676714,2,1
226,10,0.011319203302264214,1,1
227,9,0.027004324831068516,2,1
228,10,0.4703182280063629,1,1
229,10,0.0170956589281559,1,1
230,8,0.017104537536700565,3,1
231,7,0.017943329643458128,4,1
232,10,0.30640700459480286,1,1
233,9,0.009707574266940355,2,1
234,7,0.12714629666879773,4,1
235,8,0.027943907926479977,3,1
236,9,0.24832803942263126,2,1
237,9,0.019419334828853607,2,1
238,9,0.021335997618734837,2,1
239,5,0.09607330321644743,6,1
240,5,0.10076035931706429,6,1
241,7,0.02363516902551055,4,1
242,-58,0.08785067050128567,49,0
243,4,0.09247819866452898,7,1
244,8,0.0647488022223115,3,1
245,8,0.02249288745224476,3,1
246,7,0.2207259451970458,4,1
247,8,0.1848311365271608,3,1
248,8,0.019976935038963955,3,1
249,9,0.021682480350136757,2,1
250,8,0.01494478868941466,3,1
251,7,0.18870941549539566,4,1
252,10,0.033932868391275406,1,1
253,8,0.16255782234172025,3,1
254,8,0.24494929611682892,3,1
255,8,0.0363674263159434,3,1
256,9,0.039524829015135765,2,1
257,8,0.10369130441298087,3,1
258,7,0.03725459100678563,4,1
259,10,0.2816379964351654,1,1
260,9,0.051245580427348614,2,1
261,8,0.021126195167501766,3,1
262,5,0.03740352035189668,6,1
263,7,0.1309091029688716,4,1
264,9,0.041213241405785084,2,1
265,10,0.03414551913738251,1,1
266,7,0.0770983169786632,4,1
267,10,0.06721710413694382,1,1
268,7,0.037472440395504236,4,1
269,8,0.033657298112909,3,1
270,9,0.05704607721418142,2,1
271,9,0.1519253719598055,2,1
272,5,0.16579643093670407,6,1
273,8,0.1958047611018022,3,1
274,7,0.052943604066967964,4,1
275,7,0.027446716092526913,4,1
276,10,0.027003109455108643,1,1
277,6,0.04533374849706888,5,1
278,7,0.13217159966006875,4,1
279,7,0.10878133703954518,4,1
280,-9,0.050927983270958065,20,1
281,8,0.04906530181566874,3,1
282,9,0.18804186582565308,2,1
283,8,0.035085584968328476,3,1
284,8,0.16376981977373362,3,1
285,8,0.034813374280929565,3,1
286,8,0.06596717983484268,3,1
287,7,0.03226501354947686,4,1
288,7,0.1687149479985237,4,1
289,8,0.05133945122361183,3,1
290,9,0.06290207989513874,2,1
291,9,0.06811152026057243,2,1
292,-50,0.0815834348462522,50,0
293,8,0.05685786406199137,3,1
294,-8,0.10345674276744064,19,1
295,10,0.04754452407360077,1,1
296,8,0.03867303331693014,3,1
297,9,0.06953570805490017,2,1
298,10,0.028308138251304626,1,1
299,9,0.020930413156747818,2,1
300,8,0.22899213184913,3,1
301,7,0.14606162253767252,4,1
302,6,0.020742692798376084,5,1
303,8,0.01605749347557624,3,1
304,7,0.021288286428898573,4,1
305,10,0.03143318369984627,1,1
306,-3,0.05570314744753497,14,1
307,10,0.06705079227685928,1,1
308,7,0.038318646140396595,4,1
309,10,0.012230020016431808,1,1
310,8,0.12344430262843768,3,1
311,8,0.029918455208341282,3,1
312,7,0.2699667550623417,4,1
313,5,0.03215831068033973,6,1
314,8,0.043113723397254944,3,1
315,10,0.425067275762558,1,1
316,6,0.028825267031788827,5,1
317,6,0.031986758671700956,5,1
318,9,0.08413123339414597,2,1
319,10,0.023176591843366623,1,1
320,9,0.02844475395977497,2,1
321,8,0.04227848599354426,3,1
322,8,0.16953428462147713,3,1
323,5,0.18541614742328724,6,1
324,9,0.02426360920071602,2,1
325,7,0.17331512970849872,4,1
326,9,0.03981511853635311,2,1
327,8,0.06341330955425899,3,1
328,10,0.02215764671564102,1,1
329,8,0.2363992277532816,3,1
330,9,0.03440423309803009,2,1
331,10,0.014074746519327164,1,1
332,9,0.04936785064637661,2,1
333,5,0.03701194593062004,6,1
334,10,0.020085467025637627,1,1
335,-7,0.0470600448962715,18,1
336,7,0.03044666163623333,4,1
337,8,0.17324924282729626,3,1
338,9,0.12392289005219936,2,1
339,7,0.03557128785178065,4,1
340,8,0.04645323815445105,3,1
341,8,0.04686725977808237,3,1
342,8,0.034149097899595894,3,1
343,-45,0.08375645716053744,36,0
344,10,0.04958339035511017,1,1
345,10,0.024086540564894676,1,1
346,9,0.03937713149935007,2,1
347,5,0.10862565382073323,6,1
348,8,0.029261205966273945,3,1
349,9,0.030694758519530296,2,1
350,9,0.030386820435523987,2,1
351,9,0.03470763936638832,2,1
352,10,0.049711622297763824,1,1
353,8,0.03919838058451811,3,1
354,7,0.034794473089277744,4,1
355,10,0.02226143330335617,1,1
356,6,0.05191695094108582,5,1
357,8,0.1935568774739901,3,1
358,8,0.03093642306824525,3,1
359,7,0.027870256919413805,4,1
360,10,0.047276657074689865,1,1
361,10,0.036352913826704025,1,1
362,7,0.033272272208705544,4,1
363,6,0.040739938244223596,5,1
364,7,0.12406763015314937,4,1
365,8,0.03892562941958507,3,1
366,-11,0.041586591989140616,22,1
367,8,0.019818511481086414,3,1
368,10,0.024721750989556313,1,1
369,7,0.037215310614556074,4,1
370,10,0.022143743932247162,1,1
371,8,0.042052142322063446,3,1
372,8,0.016002636402845383,3,1
373,-5,0.07628358894726261,16,1
374,9,0.0236464012414217,2,1
375,9,0.035914286971092224,2,1
376,6,0.18387986421585084,5,1
377,10,0.05132487416267395,1,1
378,7,0.037576936185359955,4,1
379,10,0.019555917009711266,1,1
380,7,0.02187757520005107,4,1
381,7,0.019214569125324488,4,1
382,6,0.018673085235059263,5,1
383,9,0.04561294615268707,2,1
384,10,0.032445136457681656,1,1
385,9,0.02180902473628521,2,1
386,6,0.12420645803213119,5,1
387,8,0.02517899249990781,3,1
388,7,0.1284374911338091,4,1
389,10,0.08561479300260544,1,1
390,7,0.03742137365043163,4,1
391,10,0.02802669256925583,1,1
392,6,0.036911744810640815,5,1
393,8,0.11470246935884158,3,1
394,-28,0.07028109080305225,19,0
395,10,0.024679500609636307,1,1
396,8,0.027941974500815075,3,1
397,9,0.02971083577722311,2,1
398,10,0.04419568553566933,1,1
399,7,0.0408482002094388,4,1
400,9,0.0225400198251009,2,1
401,-50,0.06007586909458041,50,0
402,10,0.02968437224626541,1,1
403,7,0.0539102777838707,4,1
404,7,0.046980214305222034,4,1
405,10,0.0261322483420372,1,1
406,9,0.04966982454061508,2,1
407,10,0.041847068816423416,1,1
408,10,0.08153979480266571,1,1
409,7,0.08384059648960829,4,1
410,10,0.04339867830276489,1,1
411,8,0.036419675995906196,3,1
412,7,0.06745619606226683,4,1
413,10,0.015546232461929321,1,1
414,9,0.034855736419558525,2,1
415,7,0.0343100163154304,4,1
416,7,0.04936893517151475,4,1
417,9,0.01705190073698759,2,1
418,9,0.014133690856397152,2,1
419,7,0.022133590187877417,4,1
420,-11,0.10532489651814103,22,1
421,8,0.02792689949274063,3,1
422,9,0.027020160108804703,2,1
423,8,0.046715348648528256,3,1
424,7,0.023113522678613663,4,1
425,0,0.04945253064347939,11,1
426,9,0.050069937482476234,2,1
427,8,0.028885646102329094,3,1
428,10,0.02791867032647133,1,1
429,9,0.03161276504397392,2,1
430,-10,0.0821407288312912,1,0
431,10,0.03755287826061249,1,1
432,8,0.027514952545364697,3,1
433,10,0.29569709300994873,1,1
434,10,0.03761206194758415,1,1
435,9,0.029098447412252426,2,1
436,9,0.03587372601032257,2,1
437,9,0.019874519668519497,2,1
438,6,0.03509005159139633,5,1
439,8,0.08916456749041875,3,1
440,-16,0.0732152228485103,27,1
441,8,0.02015235150853793,3,1
442,9,0.06845486164093018,2,1
443,10,0.024469824507832527,1,1
444,6,0.10162600614130497,5,1
445,6,0.031920429691672324,5,1
446,8,0.023143334314227104,3,1
447,7,0.08346882369369268,4,1
448,6,0.022804513201117517,5,1
449,10,0.03736696019768715,1,1
450,6,0.11690532676875591,5,1
451,7,0.024016585666686296,4,1
452,7,0.07020082231611013,4,1
453,7,0.11104331351816654,4,1
454,8,0.28557759306083125,3,1
455,10,0.06065235286951065,1,1
456,8,0.0434760091205438,3,1
457,9,0.027647554874420166,2,1
458,6,0.042485420033335684,5,1
459,7,0.048922750167548656,4,1
460,9,0.04975017160177231,2,1
461,10,0.03526615723967552,1,1
462,8,0.023405819510420162,3,1
463,3,0.03852193499915302,8,1
464,9,0.02451955433934927,2,1
465,9,0.03582264482975006,2,1
466,8,0.0367732010781765,3,1
467,7,0.162887760438025,4,1
468,10,0.07728442549705505,1,1
469,8,0.018187126765648525,3,1
470,10,0.020226525142788887,1,1
471,-50,0.05217573029920459,50,0
472,7,0.029995305463671684,4,1
473,8,0.028313808143138885,3,1
474,9,0.06807607226073742,2,1
475,8,0.05688532876471678,3,1
476,9,0.014501136727631092,2,1
477,8,0.026157102237145107,3,1
478,9,0.01855520438402891,2,1
479,8,0.025668511788050335,3,1
480,7,0.04717701766639948,4,1
481,-16,0.042796945544304674,27,1
482,9,0.03778948076069355,2,1
483,-1,0.10075864118213455,12,1
484,8,0.03610751715799173,3,1
485,6,0.05815781950950623,5,1
486,10,0.04765395075082779,1,1
487,8,0.03866195802887281,3,1
488,8,0.031631629914045334,3,1
489,6,0.029213135316967963,5,1
490,10,0.017166197299957275,1,1
491,-27,0.07630361981787964,38,1
492,8,0.029862648497025173,3,1
493,10,0.4265041649341583,1,1
494,9,0.031154131516814232,2,1
495,-19,0.04984388031686346,30,1
496,10,0.014770722016692162,1,1
497,9,0.22507954388856888,2,1
498,7,0.03478508209809661,4,1
499,10,0.030643917620182037,1,1
500,7,0.08172699180431664,4,1
501,8,0.041569702016810574,3,1
502,8,0.02954178676009178,3,1
503,9,0.03012029267847538,2,1
504,5,0.036096399649977684,6,1
505,10,0.08272498846054077,1,1
506,10,0.4778992831707001,1,1
507,10,0.02028053067624569,1,1
508,9,0.024038332514464855,2,1
509,8,0.03007516699532668,3,1
510,9,0.02459549531340599,2,1
511,9,0.016606770921498537,2,1
512,9,0.01741946628317237,2,1
513,-50,0.044210669267922637,50,0
514,9,0.27410030737519264,2,1
515,9,0.04794231057167053,2,1
516,8,0.029582566271225613,3,1
517,8,0.028141398603717487,3,1
518,9,0.07348738331347704,2,1
519,8,0.01564626768231392,3,1
520,5,0.020488396442184847,6,1
521,6,0.020391784608364105,5,1
522,7,0.13019215455278754,4,1
523,9,0.014293056912720203,2,1
524,7,0.015973587054759264,4,1
525,-3,0.045917319266923835,14,1
526,9,0.02219371823593974,2,1
527,10,0.4572119116783142,1,1
528,8,0.021560586368044216,3,1
529,10,0.023942219093441963,1,1
530,7,0.025392513489350677,4,1
531,9,0.06735460180789232,2,1
532,9,0.014090321492403746,2,1
533,8,0.1382928630337119,3,1
534,10,0.01790088228881359,1,1
535,6,0.0398746183142066,5,1
536,9,0.02096393145620823,2,1
537,-22,0.0359085046432235,33,1
538,6,0.1714121164754033,5,1
539,8,0.03927262996633848,3,1
540,7,0.018168801441788673,4,1
541,10,0.042703621089458466,1,1
542,7,0.10529422690160573,4,1
543,8,0.029161840677261353,3,1
544,9,0.009528609924018383,2,1
545,9,0.024118302389979362,2,1
546,9,0.020352615043520927,2,1
547,8,0.13119167306770882,3,1
548,10,0.06321076303720474,1,1
549,8,0.0282193124294281,3,1
550,8,0.12042591844995816,3,1
551,9,0.06886466592550278,2,1
552,9,0.014457546174526215,2,1
553,8,0.010004568845033646,3,1
554,8,0.13922112186749777,3,1
555,6,0.03759790584445,5,1
556,8,0.03285938377181689,3,1
557,10,0.38678476214408875,1,1
558,8,0.019349658240874607,3,1
559,9,0.010822038631886244,2,1
560,10,0.007445489522069693,1,1
561,3,0.02102678531082347,8,1
562,7,0.0288237709319219,4,1
563,8,0.011718750620881716,3,1
564,8,0.012272327517469725,3,1
565,6,0.016639829613268375,5,1
566,6,0.04366875868290663,5,1
567,8,0.017840946093201637,3,1
568,9,0.028099408373236656,2,1
569,6,0.037548163533210756,5,1
570,8,0.03232668867955605,3,1
571,-50,0.036017260961234566,50,0
572,9,0.07352802157402039,2,1
573,8,0.04845619946718216,3,1
574,10,0.021917548030614853,1,1
575,10,0.01321916002780199,1,1
576,4,0.06784875883853861,7,1
577,9,0.016735419165343046,2,1
578,9,0.22832608595490456,2,1
579,8,0.016845231875777245,3,1
580,10,0.04564911499619484,1,1
581,6,0.1030009912326932,5,1
582,7,0.04008609033189714,4,1
583,9,0.013555679935961962,2,1
584,6,0.01799388090148568,5,1
585,7,0.05980866961181164,4,1
586,9,0.25148337334394455,2,1
587,9,0.2277912124991417,2,1
588,6,0.058365226909518245,5,1
589,10,0.01415849570184946,1,1
590,10,0.011187581345438957,1,1
591,8,0.02561924047768116,3,1
592,9,0.02711499948054552,2,1
593,10,0.44236132502555847,1,1
594,-7,0.08718102244246337,18,1
595,5,0.03637563375135263,6,1
596,6,0.035331057570874694,5,1
597,8,0.01979598744461934,3,1
598,9,0.035571794025599957,2,1
599,9,0.04029209888540208,2,1
600,8,0.012432243674993515,3,1
601,8,0.021795185282826424,3,1
602,7,0.015590147813782096,4,1
603,10,0.00990236084908247,1,1
604,9,0.014255213551223278,2,1
605,8,0.018460985894004505,3,1
606,6,0.03849343340843916,5,1
607,9,0.050771694630384445,2,1
608,8,0.014964990317821503,3,1
609,10,0.008838696405291557,1,1
610,0,0.04994864630597559,11,1
611,7,0.039220158476382494,4,1
612,7,0.03411370562389493,4,1
613,10,0.010937534272670746,1,1
614,8,0.011456718357900778,3,1
615,7,0.03657851042225957,4,1
616,9,0.006902296328917146,2,1
617,9,0.015344343148171902,2,1
618,9,0.018377737142145634,2,1
619,-16,0.021578250314902375,27,1
620,6,0.09253807179629803,5,1
621,9,0.009608722291886806,2,1
622,10,0.014968466944992542,1,1
623,9,0.2100028209388256,2,1
624,8,0.1803043857216835,3,1
625,7,0.07247569784522057,4,1
626,2,0.07925344672467974,9,1
627,8,0.0258307879169782,3,1
628,10,0.0072625079192221165,1,1
629,-50,0.0370548509247601,50,0
630,8,0.0519028902053833,3,1
631,7,0.03315522102639079,4,1
632,10,0.026324018836021423,1,1
633,8,0.046048728749156,3,1
634,10,0.027640609070658684,1,1
635,7,0.04274882469326258,4,1
636,6,0.04320022836327553,5,1
637,8,0.025475348035494488,3,1
638,8,0.019274435006082058,3,1
639,7,0.04346445435658097,4,1
640,9,0.03684906288981438,2,1
641,10,0.024130534380674362,1,1
642,8,0.04296744056046009,3,1
643,10,0.012074440717697144,1,1
644,7,0.052408883813768625,4,1
645,7,0.029371388256549835,4,1
646,-11,0.086429912596941,2,0
647,7,0.02214457280933857,4,1
648,6,0.029618100635707377,5,1
649,8,0.024798582928876083,3,1
650,7,0.12689674738794565,4,1
651,9,0.024851448368281126,2,1
652,-12,0.05671072254578272,3,0
653,8,0.03887224259475867,3,1
654,8,0.03485305979847908,3,1
655,9,0.015878080390393734,2,1
656,7,0.04694611392915249,4,1
657,9,0.2825286202132702,2,1
658,9,0.3284232188016176,2,1
659,7,0.031925102695822716,4,1
660,9,0.03769582882523537,2,1
661,9,0.05003030598163605,2,1
662,7,0.018367602955549955,4,1
663,8,0.033891474828124046,3,1
664,6,0.0314626045525074,5,1
665,7,0.016306866891682148,4,1
666,9,0.01536813611164689,2,1
667,10,0.009112328290939331,1,1
668,10,0.04486539959907532,1,1
669,-10,0.062303232783008186,21,1
670,5,0.03158069355413318,6,1
671,8,0.013401166846354803,3,1
672,9,0.0450612660497427,2,1
673,8,0.048783921947081886,3,1
674,9,0.02706046774983406,2,1
675,6,0.02654339000582695,5,1
676,8,0.028474209209283192,3,1
677,7,0.03119955025613308,4,1
678,-10,0.049354590475559235,1,0
679,9,0.03716826066374779,2,1
680,9,0.034742916002869606,2,1
681,8,0.018552025469640892,3,1
682,10,0.041359223425388336,1,1
683,-50,0.055786333875730634,50,0
684,9,0.037304241210222244,2,1
685,10,0.03567470610141754,1,1
686,7,0.032172975363209844,4,1
687,10,0.010887933894991875,1,1
688,7,0.03812857577577233,4,1
689,6,0.12352897077798844,5,1
690,10,0.031352363526821136,1,1
691,10,0.011016848497092724,1,1
692,8,0.03996565192937851,3,1
693,8,0.031690005833903946,3,1
694,7,0.1423797868192196,4,1
695,7,0.14333214331418276,4,1
696,9,0.041479877196252346,2,1
697,8,0.027092762912313145,3,1
698,7,0.028729033190757036,4,1
699,8,0.055722943196694054,3,1
700,10,0.3809563219547272,1,1
701,7,0.026801086962223053,4,1
702,6,0.09583089537918568,5,1
703,9,0.3045467520132661,2,1
704,6,0.058808780089020726,5,1
705,7,0.07255363464355469,4,1
706,7,0.049680777825415134,4,1
707,8,0.14955418184399605,3,1
708,8,0.04894749509791533,3,1
709,10,0.044295474886894226,1,1
710,6,0.031000971049070358,5,1
711,10,0.036611735820770264,1,1
712,9,0.01872569601982832,2,1
713,8,0.02676925715059042,3,1
714,-12,0.02827069101234277,3,0
715,9,0.024446427822113037,2,1
716,10,0.08731555938720703,1,1
717,-25,0.11561716336291283,16,0
718,10,0.045742347836494446,1,1
719,8,0.058098492523034416,3,1
720,9,0.050148338079452515,2,1
721,10,0.042046964168548584,1,1
722,7,0.04439444886520505,4,1
723,8,0.03206669104595979,3,1
724,5,0.11589132932325204,6,1
725,9,0.09493831638246775,2,1
726,10,0.06503872573375702,1,1
727,9,0.025700654834508896,2,1
728,9,0.05066642351448536,2,1
729,-24,0.052549537767966586,15,0
730,9,0.5123018622398376,2,1
731,8,0.16851250951488814,3,1
732,9,0.02391567174345255,2,1
733,9,0.05814102478325367,2,1
734,8,0.17643353591362634,3,1
735,10,0.038726527243852615,1,1
736,9,0.04633122682571411,2,1
737,7,0.03924224991351366,4,1
738,7,0.16915182955563068,4,1
739,-50,0.12320429550483823,50,0
740,10,0.018779892474412918,1,1
741,10,0.20958474278450012,1,1
742,10,0.01843901351094246,1,1
743,7,0.1760766189545393,4,1
744,8,0.04350952307383219,3,1
745,8,0.05450586726268133,3,1
746,9,0.05028962716460228,2,1
747,5,0.1011834495390455,6,1
748,8,0.028437524413069088,3,1
749,7,0.06358927953988314,4,1
750,10,0.024354012683033943,1,1
751,7,0.13407624466344714,4,1
752,6,0.11585063468664884,5,1
753,9,0.022044673562049866,2,1
754,7,0.03653861954808235,4,1
755,9,0.08083365112543106,2,1
756,10,0.03533991798758507,1,1
757,9,0.29288221802562475,2,1
758,9,0.03133698180317879,2,1
759,-50,0.07490473052077903,41,0
760,10,0.034944839775562286,1,1
761,8,0.05725113799174627,3,1
762,3,0.11249199975281954,8,1
763,10,0.038950853049755096,1,1
764,10,0.3595103919506073,1,1
765,10,0.021466530859470367,1,1
766,10,0.4414094090461731,1,1
767,9,0.02597127202898264,2,1
768,7,0.07683365698903799,4,1
769,9,0.08400288224220276,2,1
770,9,0.26069009210914373,2,1
771,7,0.021981291472911835,4,1
772,6,0.05606595948338509,5,1
773,6,0.15197018831968306,5,1
774,9,0.04634586349129677,2,1
775,9,0.1057218685746193,2,1
776,8,0.08773142596085866,3,1
777,9,0.02852805331349373,2,1
778,10,0.048234354704618454,1,1
779,8,0.05537061269084612,3,1
780,7,0.036402042023837566,4,1
781,8,0.15404769529898962,3,1
782,9,0.04432367719709873,2,1
783,10,0.47560012340545654,1,1
784,7,0.04534155083820224,4,1
785,9,0.40925365686416626,2,1
786,8,0.023349769413471222,3,1
787,10,0.032386794686317444,1,1
788,8,0.02731247991323471,3,1
789,6,0.025584935769438745,5,1
790,-50,0.09918327696621418,50,0
791,7,0.1269570249132812,4,1
792,8,0.02920276050766309,3,1
793,8,0.03886255311469237,3,1
794,7,0.032654013484716415,4,1
795,8,0.029872504373391468,3,1
796,9,0.07190150953829288,2,1
797,8,0.106965405245622,3,1
798,9,0.26222721859812737,2,1
799,9,0.1383852157741785,2,1
800,9,0.02648269385099411,2,1
801,8,0.35105497017502785,3,1
802,8,0.03433338925242424,3,1
803,-6,0.20628736781723359,17,1
804,8,0.021332381914059322,3,1
805,9,0.18154079839587212,2,1
806,9,0.027163801714777946,2,1
807,6,0.056228065863251686,5,1
808,8,0.07318264370163281,3,1
809,10,0.4198684096336365,1,1
810,10,0.06467315554618835,1,1
811,10,0.03569512814283371,1,1
812,9,0.05416829511523247,2,1
813,9,0.038262395188212395,2,1
814,7,0.21190486382693052,4,1
815,10,0.07890381664037704,1,1
816,-50,0.13049413032829763,50,0
817,7,0.08471051976084709,4,1
818,8,0.10814022769530614,3,1
819,8,0.05703310916821162,3,1
820,10,0.04314735531806946,1,1
821,9,0.06561328750103712,2,1
822,9,0.10267920140177011,2,1
823,6,0.07459650188684464,5,1
824,10,0.021569712087512016,1,1
825,9,0.10011885641142726,2,1
826,10,0.011859196238219738,1,1
827,8,0.15256553453703722,3,1
828,6,0.05409898534417153,5,1
829,7,0.050704676657915115,4,1
830,10,0.025226429104804993,1,1
831,10,0.017874378710985184,1,1
832,9,0.08161791227757931,2,1
833,10,0.019531330093741417,1,1
834,9,0.03675210475921631,2,1
835,8,0.054442490761478744,3,1
836,10,0.06034672632813454,1,1
837,9,0.04403095319867134,2,1
838,8,0.029759271691242855,3,1
839,-50,0.07939587971195579,50,0
840,7,0.049166517332196236,4,1
841,1,0.04998193103820085,10,1
842,9,0.04705323278903961,2,1
843,6,0.05591868869960308,5,1
844,8,0.09729391460617383,3,1
845,10,0.02258467674255371,1,1
846,8,0.07099078285197417,3,1
847,8,0.0877285748720169,3,1
848,7,0.17432245705276728,4,1
849,10,0.047411441802978516,1,1
850,6,0.05216698795557022,5,1
851,8,0.05225791037082672,3,1
852,9,0.042322902008891106,2,1
853,8,0.050472235307097435,3,1
854,6,0.10084605365991592,5,1
855,9,0.021265732124447823,2,1
856,9,0.07116300240159035,2,1
857,10,0.017656570300459862,1,1
858,7,0.200673034414649,4,1
859,9,0.12214559502899647,2,1
860,-50,0.09789576020091773,50,0
861,7,0.07872607791796327,4,1
862,9,0.12381723802536726,2,1
863,8,0.045024161537488304,3,1
864,10,0.010143565945327282,1,1
865,7,0.046962338499724865,4,1
866,6,0.07116219960153103,5,1
867,8,0.0572904571890831,3,1
868,7,0.10012598149478436,4,1
869,10,0.46419912576675415,1,1
870,10,0.031583722680807114,1,1
871,4,0.03541097603738308,7,1
872,6,0.03005821518599987,5,1
873,4,0.07932232267090253,7,1
874,7,0.03171073459088802,4,1
875,10,0.011712122708559036,1,1
876,6,0.03484895750880242,5,1
877,10,0.026758095249533653,1,1
878,10,0.0552215650677681,1,1
879,8,0.03168027848005295,3,1
880,10,0.017246972769498825,1,1
881,8,0.05143344526489576,3,1
882,8,0.06101132929325104,3,1
883,6,0.040909191220998765,5,1
884,7,0.26107483077794313,4,1
885,10,0.5505847334861755,1,1
886,9,0.040160564705729485,2,1
887,10,0.04547175019979477,1,1
888,8,0.03584233671426773,3,1
889,7,0.030840034130960703,4,1
890,8,0.05578603968024254,3,1
891,6,0.07162212282419204,5,1
892,6,0.04174932464957237,5,1
893,9,0.017318330705165863,2,1
894,9,0.05900074727833271,2,1
895,2,0.046196776959631175,9,1
896,9,0.2871116939932108,2,1
897,10,0.4644128978252411,1,1
898,10,0.019801165908575058,1,1
899,7,0.1643892079591751,4,1
900,9,0.033965373411774635,2,1
901,6,0.035743869841098785,5,1
902,8,0.03055808941523234,3,1
903,9,0.06039011664688587,2,1
904,9,0.01095312088727951,2,1
905,8,0.04245229189594587,3,1
906,10,0.023283522576093674,1,1
907,10,0.03142482042312622,1,1
908,-12,0.077977256687439,23,1
909,9,0.06761971488595009,2,1
910,9,0.02984192781150341,2,1
911,8,0.03041852389772733,3,1
912,10,0.021183805540204048,1,1
913,8,0.035912646601597466,3,1
914,9,0.010727989953011274,2,1
915,9,0.013440345879644156,2,1
916,10,0.03897883743047714,1,1
917,8,0.03475078071157137,3,1
918,8,0.018244779979189236,3,1
919,8,0.02393174699197213,3,1
920,8,0.043628753473361336,3,1
921,8,0.021335089579224586,3,1
922,8,0.023900798211495083,3,1
923,7,0.03964400943368673,4,1
924,8,0.13810781637827554,3,1
925,9,0.0388443935662508,2,1
926,8,0.04181474819779396,3,1
927,10,0.01522888708859682,1,1
928,9,0.030413223430514336,2,1
929,7,0.04691397026181221,4,1
930,8,0.23987942934036255,3,1
931,7,0.053763991221785545,4,1
932,9,0.10733085498213768,2,1
933,-10,0.04090377688407898,1,0
934,7,0.059417023323476315,4,1
935,8,0.21456153442462286,3,1
936,9,0.06438865698873997,2,1
937,8,0.0499413770933946,3,1
938,9,0.042609479278326035,2,1
939,-50,0.07864649562165141,50,0
940,9,0.06610144209116697,2,1
941,7,0.04275154136121273,4,1
942,9,0.03548081964254379,2,1
943,8,0.17945585461954275,3,1
944,7,0.06285287067294121,4,1
945,9,0.03321365639567375,2,1
946,6,0.02049069982022047,5,1
947,6,0.15162848271429538,5,1
948,10,0.07076685130596161,1,1
949,8,0.04930436549087366,3,1
950,9,0.03865779750049114,2,1
951,9,0.022662213072180748,2,1
952,9,0.017120879143476486,2,1
953,6,0.029925353452563287,5,1
954,9,0.031874874606728554,2,1
955,7,0.16625343752093613,4,1
956,10,0.027383573353290558,1,1
957,7,0.04044958809390664,4,1
958,9,0.033729709684848785,2,1
959,9,0.023533131927251816,2,1
960,8,0.12548717794318995,3,1
961,8,0.03067248562971751,3,1
962,8,0.035278513406713806,3,1
963,6,0.1340102881193161,5,1
964,5,0.06929059730221827,6,1
965,7,0.17141904309391975,4,1
966,10,0.288186252117157,1,1
967,9,0.15891364123672247,2,1
968,8,0.045618485659360886,3,1
969,7,0.1010660114698112,4,1
970,7,0.0395235032774508,4,1
971,8,0.038492693255345024,3,1
972,9,0.018091403413563967,2,1
973,10,0.01544099673628807,1,1
974,10,0.12399189174175262,1,1
975,9,0.016690528951585293,2,1
976,8,0.052867549781998,3,1
977,10,0.07501839846372604,1,1
978,9,0.2440562453120947,2,1
979,8,0.15758545075853667,3,1
980,8,0.022029018340011437,3,1
981,-10,0.01952412724494934,1,0
982,8,0.05124044666687647,3,1
983,9,0.02222850825637579,2,1
984,9,0.1452215714380145,2,1
985,10,0.03579419106245041,1,1
986,5,0.13508702162653208,6,1
987,7,0.13591088820248842,4,1
988,9,0.02387162856757641,2,1
989,8,0.03850446455180645,3,1
990,8,0.23063263980050883,3,1
991,9,0.020764474757015705,2,1
992,10,0.04815801605582237,1,1
993,-44,0.054228640028408596,35,0
994,10,0.026724940165877342,1,1
995,10,0.048842012882232666,1,1
996,7,0.05967943090945482,4,1
997,9,0.14282103814184666,2,1
998,8,0.023968789105614025,3,1
999,8,0.03580906490484873,3,1
1000,7,0.030395605135709047,4,1
1,10,0.057915084064006805,1,1
2,10,0.019442278891801834,1,1
3,8,0.02719978926082452,3,1
4,6,0.031471094489097594,5,1
5,9,0.027487849816679955,2,1
6,7,0.028494375990703702,4,1
7,8,0.02373089889685313,3,1
8,9,0.04471081681549549,2,1
9,8,0.03731769074996313,3,1
10,7,0.022953699342906475,4,1
11,8,0.021089876691500347,3,1
12,9,0.026932726614177227,2,1
13,9,0.032500723376870155,2,1
14,9,0.042947687208652496,2,1
15,7,0.020253080176189542,4,1
16,10,0.022374488413333893,1,1
17,10,0.01759396307170391,1,1
18,10,0.014818437397480011,1,1
19,10,0.030313760042190552,1,1
20,-19,0.07165793860331178,30,1
21,8,0.054881577690442405,3,1
22,9,0.07114746794104576,2,1
23,10,0.029984042048454285,1,1
24,10,0.053768351674079895,1,1
25,8,0.07101279621322949,3,1
26,8,0.08784683297077815,3,1
27,9,0.061031071469187737,2,1
28,7,0.0676510976627469,4,1
29,8,0.14785408663252989,3,1
30,9,0.053087848238646984,2,1
31,10,0.0218319371342659,1,1
32,4,0.03051981862102236,7,1
33,6,0.03431737814098597,5,1
34,8,0.037107241650422416,3,1
35,5,0.02779731759801507,6,1
36,6,0.03104458935558796,5,1
37,-50,0.0731315878406167,50,0
38,10,0.4338861107826233,1,1
39,10,0.031893473118543625,1,1
40,6,0.08523051142692566,5,1
41,8,0.04085374685625235,3,1
42,9,0.02290556998923421,2,1
43,9,0.13955371361225843,2,1
44,6,0.03954396992921829,5,1
45,6,0.0422743733972311,5,1
46,9,0.020640206523239613,2,1
47,9,0.03409036621451378,2,1
48,4,0.022488220328731195,7,1
49,7,0.02922985190525651,4,1
50,9,0.017126424238085747,2,1
51,7,0.18007984943687916,4,1
52,5,0.05224108602851629,6,1
53,9,0.057592978700995445,2,1
54,6,0.12751672305166722,5,1
55,8,0.053127853820721306,3,1
56,-10,0.017707690596580505,1,0
57,9,0.19700891338288784,2,1
58,9,0.03622318059206009,2,1
59,8,0.019628741157551605,3,1
60,7,0.04158073756843805,4,1
61,6,0.04132167901843786,5,1
62,10,0.5310970544815063,1,1
63,8,0.1927711727718512,3,1
64,-32,0.14740072697574316,43,1
65,7,0.024697691667824984,4,1
66,10,0.014386340975761414,1,1
67,8,0.2558227541546027,3,1
68,5,0.09425264581417044,6,1
69,10,0.043025948107242584,1,1
70,7,0.014742226572707295,4,1
71,10,0.011885900981724262,1,1
72,9,0.022674089297652245,2,1
73,9,0.034210835583508015,2,1
74,10,0.05030862241983414,1,1
75,8,0.1906685195863247,3,1
76,9,0.024608805775642395,2,1
77,7,0.28046748880296946,4,1
78,7,0.035816357005387545,4,1
79,6,0.023734479770064355,5,1
80,8,0.02351913011322419,3,1
81,8,0.1896019664903482,3,1
82,-6,0.1360292351421188,17,1
83,8,0.1715630181133747,3,1
84,10,0.022098202258348465,1,1
85,5,0.06709282876302798,6,1
86,6,0.02483057212084532,5,1
87,9,0.023298846557736397,2,1
88,10,0.017388127744197845,1,1
89,8,0.1683237887918949,3,1
90,7,0.1354123023338616,4,1
91,7,0.026167990174144506,4,1
92,10,0.02126779779791832,1,1
93,9,0.46795148868113756,2,1
94,7,0.32110882410779595,4,1
95,10,0.017980150878429413,1,1
96,10,0.018016183748841286,1,1
97,-10,0.006980476435273886,1,0
98,8,0.1413455413033565,3,1
99,7,0.13262090599164367,4,1
100,8,0.026331487111747265,3,1
101,-28,0.07181540754838632,39,1
102,9,0.016900242306292057,2,1
103,9,0.016214014030992985,2,1
104,9,0.021071311086416245,2,1
105,8,0.03455232704679171,3,1
106,7,0.03736980049870908,4,1
107,9,0.011928520631045103,2,1
108,7,0.1127543990733102,4,1
109,10,0.023111263290047646,1,1
110,4,0.07066143031365105,7,1
111,9,0.014443618711084127,2,1
112,8,0.012743372780581316,3,1
113,10,0.035969607532024384,1,1
114,7,0.014727725880220532,4,1
115,7,0.012130312854424119,4,1
116,9,0.16674851905554533,2,1
117,6,0.10125494319945574,5,1
118,9,0.008474789559841156,2,1
119,5,0.09912479886164267,6,1
120,6,0.02979879193007946,5,1
121,10,0.014397391118109226,1,1
122,8,0.12311938839654128,3,1
123,9,0.18261877493932843,2,1
124,9,0.2714544995687902,2,1
125,5,0.02186030164981882,6,1
126,10,0.012770818546414375,1,1
127,6,0.023519047535955906,5,1
128,7,0.011791117722168565,4,1
129,9,0.0271128723397851,2,1
130,-8,0.08535073807855185,19,1
131,10,0.4237624406814575,1,1
132,7,0.019709449727088213,4,1
133,8,0.020328300694624584,3,1
134,7,0.011589290457777679,4,1
135,9,0.017593917902559042,2,1
136,6,0.10865832082927226,5,1
137,-10,0.032472103900675266,21,1
138,9,0.08497289847582579,2,1
139,9,0.23339853761717677,2,1
140,9,0.02503312472254038,2,1
141,-50,0.04143462215550244,50,0
142,10,0.010586068034172058,1,1
143,9,0.009440002031624317,2,1
144,8,0.014252633787691593,3,1
145,9,0.08795289695262909,2,1
146,9,0.010736771859228611,2,1
147,-11,0.029190663248300552,2,0
148,8,0.17741113062947989,3,1
149,6,0.05634072907269001,5,1
150,9,0.041139427572488785,2,1
151,7,0.13473480474203825,4,1
152,9,0.17901133000850677,2,1
153,6,0.10738386511802674,5,1
154,8,0.06582372387250264,3,1
155,10,0.026078468188643456,1,1
156,9,0.016910704784095287,2,1
157,7,0.018963666167110205,4,1
158,10,0.09006275981664658,1,1
159,8,0.011196891777217388,3,1
160,10,0.10680729150772095,1,1
161,8,0.024246422573924065,3,1
162,-10,0.4390254318714142,1,0
163,9,0.20096220076084137,2,1
164,8,0.028355935588479042,3,1
165,8,0.14903343313684067,3,1
166,7,0.04848378384485841,4,1
167,9,0.03609335049986839,2,1
168,8,0.20103609065214792,3,1
169,8,0.03597886860370636,3,1
170,7,0.048510520718991756,4,1
171,9,0.0256236232817173,2,1
172,10,0.008838362991809845,1,1
173,10,0.015930378809571266,1,1
174,9,0.03683830238878727,2,1
175,9,0.017358483746647835,2,1
176,8,0.18098994406561056,3,1
177,8,0.04365211104353269,3,1
178,7,0.028908340726047754,4,1
179,6,0.026442085951566698,5,1
180,9,0.017566808499395847,2,1
181,9,0.47966325283050537,2,1
182,9,0.015031358227133751,2,1
183,9,0.24142470676451921,2,1
184,9,0.07173602655529976,2,1
185,9,0.0315991435199976,2,1
186,9,0.06015253346413374,2,1
187,7,0.1827326542697847,4,1
188,8,0.026661217212677002,3,1
189,10,0.030725261196494102,1,1
190,9,0.007187975104898214,2,1
191,8,0.22093515594800314,3,1
192,6,0.12028585933148861,5,1
193,2,0.16007374806536567,9,1
194,8,0.22339651981989542,3,1
195,9,0.07784332148730755,2,1
196,7,0.14453986519947648,4,1
197,7,0.024914104491472244,4,1
198,9,0.015227916184812784,2,1
199,9,0.020399967208504677,2,1
200,10,0.015153941698372364,1,1
201,9,0.22700493410229683,2,1
202,-9,0.0737028046976775,20,1
203,10,0.07927727699279785,1,1
204,10,0.02408759854733944,1,1
205,8,0.06431034207344055,3,1
206,8,0.03807253825167815,3,1
207,7,0.4155943188816309,4,1
208,10,0.012321372516453266,1,1
209,6,0.15238615013659002,5,1
210,-10,0.09539459645748138,1,0
211,7,0.1292631202377379,4,1
212,9,0.0660640262067318,2,1
213,10,0.023029664531350136,1,1
214,9,0.03296741470694542,2,1
215,10,0.4449087679386139,1,1
216,10,0.054373785853385925,1,1
217,8,0.057561228051781654,3,1
218,5,0.05931116547435522,6,1
219,8,0.06670307243863742,3,1
220,7,0.05480505060404539,4,1
221,10,0.45085814595222473,1,1
222,8,0.03297963800529639,3,1
223,10,0.013262294232845306,1,1
224,9,0.24671536404639482,2,1
225,8,0.16322842054069042,3,1
226,10,0.027688641101121902,1,1
227,7,0.2366274632513523,4,1
228,2,0.08789768939216931,9,1
229,10,0.012486106716096401,1,1
230,10,0.2774290442466736,1,1
231,6,0.04982039425522089,5,1
232,8,0.09900872906049092,3,1
233,9,0.0441255196928978,2,1
234,9,0.014685377478599548,2,1
235,10,0.030768565833568573,1,1
236,7,0.024614433757960796,4,1
237,9,0.09197740815579891,2,1
238,10,0.07418515533208847,1,1
239,8,0.018456682562828064,3,1
240,9,0.023143570870161057,2,1
241,4,0.0854685508779117,7,1
242,8,0.04364779591560364,3,1
243,5,0.042393742594867945,6,1
244,-50,0.08262774039059878,50,0
245,8,0.027992399409413338,3,1
246,7,0.07007166370749474,4,1
247,10,0.03608173877000809,1,1
248,5,0.14126741078992686,6,1
249,10,0.017018470913171768,1,1
250,10,0.036950528621673584,1,1
251,6,0.13364857267588376,5,1
252,9,0.038954082410782576,2,1
253,4,0.12530696684760706,7,1
254,8,0.16088631997505823,3,1
255,10,0.3201020658016205,1,1
256,9,0.05130964796990156,2,1
257,-50,0.1323834622465074,50,0
258,8,0.025593534111976624,3,1
259,10,0.04070189222693443,1,1
260,7,0.11234219279140234,4,1
261,9,0.030074640177190304,2,1
262,4,0.13473479556185858,7,1
263,8,0.18480800030132136,3,1
264,9,0.06774530652910471,2,1
265,7,0.1615680088289082,4,1
266,-30,0.1017922679671929,21,0
267,6,0.21265146583318711,5,1
268,9,0.02731412462890148,2,1
269,8,0.0786276248594125,3,1
270,9,0.026904093101620674,2,1
271,10,0.09522557258605957,1,1
272,10,0.06691644340753555,1,1
273,10,0.20655620098114014,1,1
274,6,0.1072774950414896,5,1
275,9,0.034277611412107944,2,1
276,7,0.017462668009102345,4,1
277,7,0.05980526050552726,4,1
278,8,0.06729883700609207,3,1
279,8,0.08033246546983719,3,1
280,9,0.07265260070562363,2,1
281,8,0.023230768740177155,3,1
282,8,0.12718146573752165,3,1
283,9,0.041316539980471134,2,1
284,10,0.2890372574329376,1,1
285,8,0.18795984673003355,3,1
286,9,0.12527108378708363,2,1
287,7,0.06179756065830588,4,1
288,6,0.041989085450768474,5,1
289,9,0.28724493086338043,2,1
290,7,0.061146657913923264,4,1
291,9,0.06835006736218929,2,1
292,6,0.12694817110896112,5,1
293,10,0.034093767404556274,1,1
294,10,0.14137011766433716,1,1
295,10,0.013962341472506523,1,1
296,5,0.07834487470487754,6,1
297,9,0.44018933922052383,2,1
298,8,0.17703585823376974,3,1
299,0,0.1527103895152157,11,1
300,6,0.12082533668726683,5,1
301,7,0.05204168055206537,4,1
302,9,0.017776116728782654,2,1
303,9,0.03564285021275282,2,1
304,6,0.04477152489125728,5,1
305,9,0.04544847831130028,2,1
306,8,0.036680945505698524,3,1
307,-10,0.07086583226919174,1,0
308,10,0.025048308074474335,1,1
309,8,0.028791497461497784,3,1
310,6,0.0407813124358654,5,1
311,6,0.051725424639880654,5,1
312,7,0.026607111329212785,4,1
313,9,0.020533313043415546,2,1
314,7,0.023058082442730665,4,1
315,9,0.165078928694129,2,1
316,10,0.196767196059227,1,1
317,9,0.1941750068217516,2,1
318,8,0.021512360622485478,3,1
319,4,0.09075754601508379,7,1
320,9,0.1797883529216051,2,1
321,7,0.058392143808305264,4,1
322,9,0.11442175693809986,2,1
323,9,0.01731940172612667,2,1
324,10,0.01147505734115839,1,1
325,7,0.128327373880893,4,1
326,6,0.1234009362757206,5,1
327,8,0.10758822162946065,3,1
328,7,0.03557607624679804,4,1
329,-50,0.09020219784229994,50,0
330,10,0.03043052740395069,1,1
331,8,0.18382511908809343,3,1
332,7,0.0694364383816719,4,1
333,7,0.060203976929187775,4,1
334,9,0.019860529340803623,2,1
335,8,0.09538442393143971,3,1
336,9,0.09808634780347347,2,1
337,9,0.0419757142663002,2,1
338,9,0.05323970504105091,2,1
339,9,0.2381888162344694,2,1
340,6,0.19517533257603645,5,1
341,7,0.24824713822454214,4,1
342,8,0.030866151054700215,3,1
343,10,0.1721651703119278,1,1
344,9,0.23408091813325882,2,1
345,10,0.06069669872522354,1,1
346,6,0.04900074750185013,5,1
347,9,0.08400041982531548,2,1
348,8,0.07251303022106488,3,1
349,7,0.11057721357792616,4,1
350,8,0.08405669778585434,3,1
351,-5,0.08250571263488382,16,1
352,6,0.08588565401732921,5,1
353,9,0.04370929300785065,2,1
354,9,0.053842827677726746,2,1
355,9,0.058692483231425285,2,1
356,10,0.01663881167769432,1,1
357,10,0.03782794997096062,1,1
358,8,0.030239278450608253,3,1
359,8,0.07972886661688487,3,1
360,9,0.05056199058890343,2,1
361,9,0.0759355016052723,2,1
362,9,0.03668391890823841,2,1
363,8,0.11797288805246353,3,1
364,7,0.09388376772403717,4,1
365,6,0.05110862739384174,5,1
366,-10,0.027219459414482117,1,0
367,6,0.06056381985545158,5,1
368,9,0.08537069894373417,2,1
369,8,0.033080268651247025,3,1
370,9,0.02571200206875801,2,1
371,9,0.028302925638854504,2,1
372,7,0.04580523865297437,4,1
373,9,0.01932137832045555,2,1
374,9,0.03032928705215454,2,1
375,10,0.06615744531154633,1,1
376,10,0.0139295794069767,1,1
377,7,0.02917555160820484,4,1
378,9,0.10640473291277885,2,1
379,10,0.014425347559154034,1,1
380,7,0.19940247060731053,4,1
381,6,0.0231988612562418,5,1
382,10,0.031184643507003784,1,1
383,9,0.025770063512027264,2,1
384,7,0.043172304052859545,4,1
385,7,0.018227615859359503,4,1
386,9,0.05315444432199001,2,1
387,9,0.17088227905333042,2,1
388,7,0.12461497960612178,4,1
389,4,0.03821825448955808,7,1
390,7,0.020004061982035637,4,1
391,9,0.02223196253180504,2,1
392,9,0.2592021794989705,2,1
393,7,0.06180480169132352,4,1
394,8,0.030653380478421848,3,1
395,9,0.07567548379302025,2,1
396,9,0.05499139428138733,2,1
397,10,0.029514221474528313,1,1
398,10,0.08244992792606354,1,1
399,9,0.030319104436784983,2,1
400,9,0.04423033818602562,2,1
401,9,0.04668952524662018,2,1
402,10,0.1608058363199234,1,1
403,9,0.062212539836764336,2,1
404,9,0.29069091752171516,2,1
405,8,0.03753744003673395,3,1
406,7,0.033766450360417366,4,1
407,7,0.04640036914497614,4,1
408,10,0.04565482214093208,1,1
409,7,0.04004567349329591,4,1
410,9,0.08967267349362373,2,1
411,10,0.05604374408721924,1,1
412,10,0.04977110028266907,1,1
413,8,0.16894475991527239,3,1
414,8,0.021734457463026047,3,1
415,7,0.16474145837128162,4,1
416,10,0.4646010100841522,1,1
417,6,0.04298180937767029,5,1
418,6,0.036738897860050204,5,1
419,8,0.036639474953214325,3,1
420,10,0.03125995770096779,1,1
421,4,0.05173781620604651,7,1
422,9,0.044493112713098526,2,1
423,10,0.029144717380404472,1,1
424,7,0.05411926377564669,4,1
425,8,0.07625192155440648,3,1
426,6,0.05059582367539406,5,1
427,9,0.11667131632566452,2,1
428,9,0.04491143673658371,2,1
429,-6,0.040484117672723884,17,1
430,9,0.050968848168849945,2,1
431,9,0.026447340846061707,2,1
432,7,0.1312537919729948,4,1
433,10,0.054903555661439896,1,1
434,10,0.05378687381744385,1,1
435,7,0.03624642267823219,4,1
436,10,0.6527882814407349,1,1
437,7,0.058028899133205414,4,1
438,4,0.031386770707155974,7,1
439,9,0.023119469173252583,2,1
440,9,0.21407767292112112,2,1
441,8,0.035963951920469604,3,1
442,9,0.010844807606190443,2,1
443,8,0.02765373947719733,3,1
444,-19,0.06620095965142052,30,1
445,9,0.1990414634346962,2,1
446,9,0.04396942909806967,2,1
447,10,0.03146415948867798,1,1
448,10,0.0238820631057024,1,1
449,9,0.09673850610852242,2,1
450,7,0.03458743076771498,4,1
451,10,0.02807145193219185,1,1
452,9,0.03715800866484642,2,1
453,8,0.040555971985061966,3,1
454,8,0.1540615682800611,3,1
455,10,0.27667033672332764,1,1
456,-9,0.05109205264598131,20,1
457,9,0.04998345486819744,2,1
458,6,0.042371030896902084,5,1
459,9,0.2180168218910694,2,1
460,8,0.13815881311893463,3,1
461,7,0.0381701085716486,4,1
462,9,0.03754132054746151,2,1
463,7,0.04477607225999236,4,1
464,10,0.0675344318151474,1,1
465,5,0.042943062571187816,6,1
466,8,0.08912097165981929,3,1
467,4,0.03374958809997354,7,1
468,8,0.09688006776074569,3,1
469,10,0.01705191284418106,1,1
470,7,0.091298199724406,4,1
471,9,0.046253716573119164,2,1
472,9,0.13042054697871208,2,1
473,8,0.03148349126180013,3,1
474,-4,0.06914008135596911,15,1
475,9,0.022265365347266197,2,1
476,9,0.026525331661105156,2,1
477,8,0.04415440311034521,3,1
478,9,0.06460665352642536,2,1
479,-4,0.0518138624727726,15,1
480,8,0.036540064960718155,3,1
481,-50,0.05787386246025562,50,0
482,7,0.03402603417634964,4,1
483,8,0.04132218348483244,3,1
484,6,0.036970704421401025,5,1
485,6,0.030221449583768843,5,1
486,8,0.0196563017865022,3,1
487,9,0.02307705022394657,2,1
488,6,0.02827332094311714,5,1
489,10,0.03144955262541771,1,1
490,-11,0.032422831282019615,2,0
491,7,0.03134987223893404,4,1
492,10,0.026111679151654243,1,1
493,8,0.06954265820483367,3,1
494,9,0.022229010239243507,2,1
495,8,0.04078573485215505,3,1
496,8,0.019902513672908146,3,1
497,10,0.020245280116796494,1,1
498,8,0.03234909971555074,3,1
499,8,0.023307591676712036,3,1
500,7,0.039984747767448425,4,1
501,8,0.0170855304847161,3,1
502,9,0.017677724361419678,2,1
503,9,0.01615579891949892,2,1
504,9,0.02418338507413864,2,1
505,8,0.053427170030772686,3,1
506,7,0.04742613201960921,4,1
507,7,0.046271891333162785,4,1
508,7,0.01908037788234651,4,1
509,7,0.02816870342940092,4,1
510,-50,0.05764428697526455,50,0
511,9,0.024154975078999996,2,1
512,10,0.02573349140584469,1,1
513,9,0.017537655774503946,2,1
514,4,0.02273287464465414,7,1
515,9,0.06569894962012768,2,1
516,-50,0.05420389041304588,50,0
517,7,0.053351386450231075,4,1
518,-50,0.05087243158370256,50,0
519,5,0.027418002175788086,6,1
520,-17,0.027589282586372325,28,1
521,7,0.010783374425955117,4,1
522,-50,0.022788226939737796,50,0
523,8,0.018614680195848148,3,1
524,9,0.021023524459451437,2,1
525,-11,0.03877986827865243,22,1
526,8,0.01406327448785305,3,1
527,8,0.06203823474546274,3,1
528,7,0.027619676664471626,4,1
529,6,0.021359920874238013,5,1
530,8,0.01055823639035225,3,1
531,8,0.04225338436663151,3,1
532,10,0.010641935281455517,1,1
533,9,0.015565963461995125,2,1
534,7,0.026081737596541643,4,1
535,6,0.041044614464044574,5,1
536,8,0.042966049164533615,3,1
537,9,0.031114473938941956,2,1
538,7,0.025638376362621784,4,1
539,-6,0.036357377984506244,17,1
540,9,0.014306419063359499,2,1
541,9,0.10769130568951368,2,1
542,7,0.02219118014909327,4,1
543,9,0.012353557627648115,2,1
544,7,0.03541965875774622,4,1
545,10,0.01916491985321045,1,1
546,6,0.0222958704456687,5,1
547,7,0.0428471015766263,4,1
548,10,0.03775345906615257,1,1
549,7,0.032863340806216,4,1
550,9,0.025807577185332775,2,1
551,9,0.04621531255543232,2,1
552,8,0.02072288158039252,3,1
553,6,0.0250944122672081,5,1
554,-9,0.030318466620519756,20,1
555,5,0.05638179066590965,6,1
556,10,0.011442559771239758,1,1
557,7,0.028645916027016938,4,1
558,10,0.15084150433540344,1,1
559,7,0.05669210385531187,4,1
560,8,0.03574025289465984,3,1
561,8,0.039849174519379936,3,1
562,-28,0.0418060100159775,39,1
563,7,0.07250439189374447,4,1
564,9,0.0404015202075243,2,1
565,8,0.03378270814816157,3,1
566,9,0.015704954974353313,2,1
567,5,0.0332294551966091,6,1
568,10,0.00916336104273796,1,1
569,9,0.03889743238687515,2,1
570,6,0.015804539807140826,5,1
571,9,0.05403680354356766,2,1
572,7,0.04902336932718754,4,1
573,10,0.011036298237740993,1,1
574,8,0.0487249493598938,3,1
575,10,0.023224832490086555,1,1
576,8,0.02403320682545503,3,1
577,7,0.014996282989159226,4,1
578,9,0.027134399861097336,2,1
579,9,0.02222790289670229,2,1
580,10,0.023205438628792763,1,1
581,10,0.012119068764150143,1,1
582,8,0.014677780990799269,3,1
583,10,0.0202582236379385,1,1
584,9,0.021092516370117664,2,1
585,8,0.015638896264135838,3,1
586,9,0.06123501341789961,2,1
587,10,0.02125827968120575,1,1
588,9,0.026895706076174974,2,1
589,8,0.03217044441650311,3,1
590,10,0.06622877717018127,1,1
591,9,0.01889669941738248,2,1
592,5,0.01931192772462964,6,1
593,8,0.021814092993736267,3,1
594,8,0.013049918537338575,3,1
595,6,0.016362880542874336,5,1
596,9,0.009968944359570742,2,1
597,5,0.016376870218664408,6,1
598,10,0.017711661756038666,1,1
599,9,0.014540319330990314,2,1
600,-50,0.038350671678781506,50,0
601,8,0.01660399294147889,3,1
602,6,0.05089539662003517,5,1
603,3,0.043817752972245216,8,1
604,8,0.07990105450153351,3,1
605,9,0.017856848426163197,2,1
606,10,0.16961787641048431,1,1
607,3,0.029275305103510618,8,1
608,10,0.012549569830298424,1,1
609,10,0.013025893829762936,1,1
610,8,0.01409653884669145,3,1
611,10,0.018789127469062805,1,1
612,7,0.028658485738560557,4,1
613,8,0.03694780760755142,3,1
614,7,0.07201581401750445,4,1
615,8,0.03076429230471452,3,1
616,10,0.039205871522426605,1,1
617,9,0.02366996929049492,2,1
618,9,0.037455758079886436,2,1
619,8,0.03194940028091272,3,1
620,10,0.024054452776908875,1,1
621,9,0.0388546958565712,2,1
622,8,0.055165948967138924,3,1
623,10,0.01581439934670925,1,1
624,9,0.02807107660919428,2,1
625,8,0.0414458711942037,3,1
626,10,0.11022226512432098,1,1
627,7,0.02791900373995304,4,1
628,8,0.016888901436080534,3,1
629,9,0.014763499610126019,2,1
630,10,0.11464910209178925,1,1
631,9,0.019442533142864704,2,1
632,6,0.028198274411261083,5,1
633,10,0.025979774072766304,1,1
634,6,0.02455828748643398,5,1
635,8,0.019196828206380207,3,1
636,9,0.010844106785953045,2,1
637,9,0.024648725986480713,2,1
638,9,0.02401301357895136,2,1
639,8,0.0323846402267615,3,1
640,7,0.0416593630798161,4,1
641,10,0.01092535350471735,1,1
642,10,0.01761813461780548,1,1
643,10,0.04759439080953598,1,1
644,9,0.06273622857406735,2,1
645,10,0.00540529191493988,1,1
646,10,0.030510231852531433,1,1
647,10,0.029263073578476906,1,1
648,10,0.029333971440792084,1,1
649,9,0.03407752234488726,2,1
650,10,0.07411862164735794,1,1
651,9,0.01817125454545021,2,1
652,9,0.04684415552765131,2,1
653,10,0.030806707218289375,1,1
654,7,0.01724902167916298,4,1
655,8,0.010631011643757423,3,1
656,10,0.00950715597718954,1,1
657,9,0.03135372884571552,2,1
658,8,0.007269992725923657,3,1
659,8,0.04725850777079662,3,1
660,10,0.020573589950799942,1,1
661,9,0.056563975289464,2,1
662,7,0.04929750179871917,4,1
663,9,0.059025298804044724,2,1
664,9,0.02377693122252822,2,1
